batter,embedding_index,n_pitches,swing_rate,stand,whiff_rate,contact_rate,chase_rate,zone_swing_rate,ev_mean,ev_p90,la_mean,bat_speed_mean,pull_rate,woba_level,prior_pa_L,prior_pa_R,n_pa_L,n_pa_R,log_prior_pa,stratum,obs_platoon_diff,name,stand_names,pc1,pc2,pc3,pc4,pc5,tsne1,tsne2
112526,1,448,0.4598214285714285,R,0.441747572815534,0.558252427184466,0.4193548387096774,0.4885496183206106,83.78703703703704,98.93,1.3148148148148149,,0.3673469387755102,0.1246859504132231,35.0,86.0,35.0,86.0,4.804021044733257,low,0.0084013289036544,Bartolo Colón,R,-0.5059230709981364,-0.9377738288294859,0.2794309648703135,1.3894179958113542,0.654984627191905,-23.63702,16.097645
116338,2,2080,0.5326923076923077,R,0.2148014440433213,0.7851985559566786,0.3390970220941403,0.726660250240616,88.475,103.3,10.803398058252426,,0.4203980099502487,0.3040441696113074,171.0,395.0,171.0,395.0,6.340359303727752,medium,0.0085593160115478,Torii Hunter,R,0.6093017693121568,0.27870683660927326,0.4400111293870083,-0.6823855920587478,0.9227848736815594,8.924913,4.041561
120074,3,4940,0.441497975708502,L,0.1994497936726272,0.8005502063273727,0.2665070133424563,0.6950917203767972,93.09636776390464,107.3,16.33144154370034,,0.507531865585168,0.3991414392059553,336.0,873.0,336.0,873.0,7.098375638590786,medium,0.0912228665521191,David Ortiz,L,-0.7135673385168287,0.5755313222780346,-1.05597040329497,-0.8067868172811099,0.37374449428642237,-3.2352054,-19.64565
121347,4,3412,0.4533997655334115,R,0.2895927601809954,0.7104072398190046,0.2678279804028307,0.6698412698412698,90.869926199262,106.3,11.723247232472325,,0.4476614699331848,0.3318333333333333,271.0,587.0,271.0,587.0,6.755768921984255,medium,0.033937520823249,Alex Rodriguez,R,-0.37623414225233875,0.7426074325313552,0.05256338301939846,-0.2006587347098052,0.11519136998243333,-0.29264197,-7.877092
133380,5,1809,0.5301271420674406,R,0.1657977059436913,0.8342022940563086,0.3469601677148847,0.7345029239766082,87.37037037037037,102.02,15.782716049382715,,0.4059405940594059,0.3087115009746589,121.0,392.0,121.0,392.0,6.2422232654551655,medium,-0.016429709900489,Aramis Ramírez,R,0.153908784114269,-0.17403241642373882,-0.24467421481781867,-0.8407102638912115,0.9439263626537139,10.289104,-0.34004182
134181,6,8202,0.4740307242136064,R,0.1687242798353909,0.831275720164609,0.3256838201205377,0.6386316872427984,89.02463768115942,103.2,13.38707729468599,,0.4115815691158156,0.3536983451536643,586.0,1529.0,586.0,1529.0,7.65728279297819,high,0.0457413587590988,Adrian Beltré,R,-0.12907976359020162,-1.1078720003623914,-1.2313349315295932,-0.9159741147998542,0.8335774397300647,6.361965,26.805563
136860,7,6170,0.4628849270664505,L,0.1740196078431373,0.8259803921568627,0.2993781462836837,0.6605800214822771,89.40817506193228,104.1,13.786127167630058,,0.5068744271310724,0.3310357142857142,441.0,1183.0,441.0,1183.0,7.393263094763838,medium,0.0112087107032162,Carlos Beltrán,L,-0.7208169806159934,-0.41795262101333636,-1.2448980256153497,-0.7503764732316932,0.7301441855415913,1.3713475,14.3281355
150029,8,5641,0.3816699166814394,R,0.2006502554575011,0.7993497445424989,0.2227470930232558,0.5330564209068882,90.20578817733993,105.49,14.963054187192116,,0.4166666666666667,0.3155825471698113,280.0,992.0,280.0,992.0,7.149131598557407,medium,0.0870464861751151,Jayson Werth,R,0.17108433558926006,0.10480991263978628,-0.5447284218830495,-0.9110878782786115,-0.4787074841355027,-17.48792,-20.569958
150212,9,1522,0.5137976346911958,R,0.2212276214833759,0.7787723785166241,0.3506666666666667,0.6722797927461139,87.45338078291816,103.1,7.740213523131673,,0.3905109489051095,0.306375,112.0,296.0,112.0,296.0,6.013715156042802,low,0.0141529922779922,Michael Cuddyer,R,-0.5039563252887514,-0.7874951666550444,-0.14219476410228585,0.001332724968101434,0.19774596165013034,-3.597864,10.517765
150229,10,2261,0.5612560813799203,L,0.1457840819542947,0.8542159180457053,0.4031496062992126,0.763874873864783,86.17530017152659,101.4,9.353344768439108,,0.457092819614711,0.2967052023121387,128.0,564.0,128.0,564.0,6.541029999189903,medium,0.0730444370567375,A. J. Pierzynski,L,-0.19171201040898328,-1.868841896571416,-0.053837871290855537,-0.26472179581203725,0.7201219143686488,-3.3295345,19.325947
150359,11,163,0.4110429447852761,R,0.3283582089552238,0.6716417910447762,0.2727272727272727,0.4814814814814814,84.49565217391304,102.2,-9.043478260869565,,0.3478260869565217,0.1299767441860465,8.0,35.0,8.0,35.0,3.784189633918261,low,-0.0243892857142857,A. J. Burnett,R,-0.4184714713622307,-0.4471540646547322,-0.26556295732226276,0.7730062678163864,-0.11688011956884194,-19.829033,20.204771
217100,12,240,0.525,R,0.1825396825396825,0.8174603174603174,0.3442622950819672,0.711864406779661,86.66603773584906,97.82,12.62264150943396,,0.4181818181818181,0.1688611111111111,41.0,31.0,41.0,31.0,4.290459441148391,low,0.0969079464988198,Willie Bloomquist,R,0.7032802922035682,-0.18177839498231083,0.22103261626030699,0.33825912600006186,-0.07651565022643388,-10.637634,10.185691
276519,13,2783,0.4444843693855551,L,0.1754244139046079,0.824575586095392,0.2572214580467675,0.6493604213694507,85.44578544061302,98.8,15.195402298850574,,0.5532319391634981,0.2814038461538461,144.0,584.0,144.0,584.0,6.591673732008658,medium,-0.1110477549467275,Jimmy Rollins,L,0.7167023722255971,0.429724236562074,-1.1510880324822959,0.4172611701507255,0.9656234296549044,-13.97872,-17.232388
285078,14,674,0.5281899109792285,L,0.348314606741573,0.651685393258427,0.3831325301204819,0.7606177606177607,88.20833333333333,103.93,9.041666666666666,,0.6050420168067226,0.3144230769230769,59.0,123.0,59.0,123.0,5.209486152841421,low,0.0090275595976298,Josh Hamilton,L,-1.2649430445955916,-0.6114563338209906,-0.5290488512122717,0.3378418832645708,0.5979203932742558,-1.999797,19.582981
285079,15,197,0.7106598984771574,R,0.1357142857142856,0.8642857142857143,0.6764705882352942,0.7473684210526316,73.126,87.07000000000001,1.4,,0.2444444444444444,0.1293934426229508,10.0,51.0,10.0,51.0,4.127134385045092,low,-0.0498686274509803,R. A. Dickey,R,1.3954760943688214,-1.9287772266281726,1.0384363159284464,0.7170432305969294,1.336252155006081,-17.32461,13.989659
346874,16,2458,0.5203417412530512,R,0.2134480062548865,0.7865519937451134,0.3040488922841864,0.7667536988685814,88.49893162393163,104.83,10.457264957264956,,0.3493449781659388,0.2944003067484663,183.0,469.0,183.0,469.0,6.481577129276431,medium,0.0103675183799969,Juan Uribe,R,-0.3715230839771031,-0.00711237763716394,0.29446385858262847,-0.47608081283664555,-0.7202768981514263,17.10145,9.860526
400085,17,4059,0.43729982754373,L,0.1284507042253521,0.8715492957746479,0.2536413862380713,0.6141199226305609,82.93454987834549,97.2,5.081508515815085,,0.3828220858895705,0.27909537299339,227.0,832.0,227.0,832.0,6.966024187106113,medium,-0.0927059577261945,Ichiro Suzuki,L,1.3561882021697118,-1.1972891663314922,-0.2836029076078015,0.0313282663310565,-0.1651476855490978,-15.608625,10.202344
400121,18,7761,0.4741657002963536,L,0.1404891304347826,0.8595108695652174,0.3014064015518913,0.6700577398955183,88.5901875,101.4,14.5375,,0.4766600920447074,0.3078272952853598,493.0,1522.0,493.0,1522.0,7.60887062919126,high,-0.0227352168199737,Víctor Martínez,L,0.6485463931882409,-0.15412011660983554,-0.9045260082078291,-0.7224469588096678,0.8276429389635683,10.590365,-2.7215495
400284,19,5906,0.3958686081950558,L,0.1479897348160821,0.8520102651839179,0.2112914131169709,0.5810719131614654,87.74225746268657,100.9,12.72108208955224,,0.5019493177387915,0.2975523370638578,257.0,1262.0,257.0,1262.0,7.326465613840322,medium,0.0729912374280833,Chase Utley,L,-0.03172232544886081,-0.48198160386675415,-1.554897002578103,-0.03950122472806064,0.24389908856637693,-17.798529,-16.887463
405395,20,14459,0.4663531364548032,R,0.1706955361115231,0.8293044638884769,0.3172975814931651,0.6318785578747628,90.0007402422611,105.1,13.513286242852338,,0.4898590580955655,0.3166066312997347,1109.0,2661.0,1109.0,2661.0,8.235095497258357,high,0.0304370334074425,Albert Pujols,R,-0.4460786123647188,-0.6773726045504771,-1.0433488831563593,-2.013776179110004,1.2851521178148329,7.9609723,24.850935
407781,21,2467,0.5962707742197001,R,0.292318150917743,0.707681849082257,0.4159090909090909,0.8038360941586749,86.45397196261683,102.66,13.032710280373832,,0.417607223476298,0.3189776119402985,181.0,489.0,181.0,489.0,6.508769136971682,medium,0.0565774666983018,Marlon Byrd,R,0.10484666631842415,0.4603955235207176,0.798566103817313,0.38005582637326074,0.8416933537295627,23.041214,-15.936795
407793,22,653,0.4609494640122512,R,0.3289036544850499,0.6710963455149501,0.3184931506849315,0.5761772853185596,85.65051546391753,100.46,1.958762886597938,,0.3157894736842105,0.1369839572192513,48.0,139.0,48.0,139.0,5.236441962829949,low,-0.0223444244604316,John Lackey,R,-0.9171470125356728,-1.008856762762524,0.09886491464688359,1.3454799863533977,-0.07298649311201207,-21.652107,19.285126
407812,23,4624,0.4684256055363321,R,0.229455216989843,0.7705447830101569,0.274079874706343,0.7082125603864734,91.31080050825922,108.04,9.7712833545108,,0.3588390501319261,0.3358587047939445,342.0,847.0,342.0,847.0,7.081708586105575,medium,0.0207296270980481,Matt Holliday,R,-0.7234959340703551,0.13811793279429982,1.5175412280111336,-0.7366506512405326,-0.37513269771588836,18.55984,1.0232854
407822,24,342,0.564327485380117,L,0.2953367875647669,0.7046632124352331,0.4944444444444444,0.6419753086419753,78.758,95.77,-9.04,,0.3404255319148936,0.0550624999999999,8.0,40.0,8.0,40.0,3.8918202981106265,low,-0.066075,Jorge De La Rosa,L,0.3229213028443861,-1.2691324362216976,0.6415552347831461,0.7797705530284597,0.267150386363944,-21.311424,15.271381
407862,25,84,0.5357142857142857,R,0.0888888888888889,0.9111111111111112,0.3421052631578947,0.6956521739130435,88.675,101.75,16.5,,0.1875,0.2290833333333333,6.0,18.0,6.0,18.0,3.218875824868201,low,-0.0263333333333333,Reed Johnson,R,0.31441257120781,0.0028839390066217234,-0.31649676701254725,-0.2731008906368753,-0.15521291523992514,8.705031,-5.620903
407893,26,3593,0.4269412747008071,L,0.2073011734028683,0.7926988265971316,0.2371663244353182,0.6516717325227963,89.00256410256411,103.6,14.294017094017097,,0.574757281553398,0.335097424412094,277.0,616.0,277.0,616.0,6.795705775173514,medium,0.0134028845703033,Mark Teixeira,L,-0.5822997934589876,0.1775446645048708,-1.4716110024206581,-0.18608387955347103,0.7487931987787638,-2.0817018,-12.116787
408042,27,4,0.5,R,0.0,1.0,0.5,0.5,64.75,77.42999999999999,42.5,,0.0,0.0,0.0,2.0,0.0,2.0,1.0986122886681098,low,,Gerald Laird,R,-0.01605683777485117,0.007091078339765348,-0.07926907957353872,-0.02893502269513732,0.024268001769966206,2.8480775,-0.35958225
408045,28,9926,0.3698367922627443,L,0.135930264233179,0.864069735766821,0.2144424496309595,0.5283940565845715,90.24958920187792,102.9,4.715962441314554,,0.3644578313253012,0.326108085106383,622.0,1728.0,622.0,1728.0,7.762596048540069,high,0.0166807044182445,Joe Mauer,L,0.16316547372387785,-0.4017084892436036,-0.15311401735492977,-0.11624769988946115,-1.1351567122779271,-17.421074,-1.8992594
408047,29,1473,0.539714867617108,L,0.2088050314465408,0.7911949685534592,0.3602409638554217,0.7713841368584758,89.51597222222222,103.75,9.54861111111111,,0.425531914893617,0.3299571788413098,77.0,320.0,77.0,320.0,5.986452005284438,low,-0.0226260551948051,Justin Morneau,L,-0.5125897238657453,-1.0972983833427254,1.037210355841045,-0.17678811564590288,0.492908582123976,15.273929,20.1618
408234,30,15093,0.4863181607367653,R,0.2286103542234332,0.7713896457765668,0.3015479876160991,0.6989170703904246,91.71941818181818,106.5,10.491272727272728,66.68419354838709,0.3649253731343284,0.3366611633223266,925.0,3012.0,925.0,3012.0,8.278428259199071,high,0.0395754965722695,Miguel Cabrera,R,-0.13783046991221537,0.14024824545303946,0.6753858510286718,-0.9892267097833797,-0.33828006449170805,-6.886871,21.23695
408236,31,6430,0.4959564541213064,L,0.2088428974600188,0.7911571025399812,0.3152831225948323,0.7313753581661891,88.34987834549878,102.3,12.211678832116789,,0.4447215295095594,0.3280023668639053,434.0,1256.0,434.0,1256.0,7.43307534889858,medium,0.0545720192843934,Adrián González,L,-0.44707769967909133,-0.40675611477310947,-0.19231251841550476,-0.48961662931917926,-0.06531430382900259,7.490578,23.328352
408242,32,58,0.4827586206896552,R,0.3214285714285714,0.6785714285714286,0.3823529411764705,0.625,75.7375,92.13,-1.125,,0.6666666666666666,0.1965714285714286,4.0,10.0,4.0,10.0,2.70805020110221,low,-0.2752,Wil Nieves,R,-0.040882294904924246,-0.2282646962707477,-0.026552645327437265,0.18315724838957614,0.3515674965380022,-5.848024,10.225753
408252,33,6434,0.5582841156356855,R,0.1831848552338529,0.816815144766147,0.3831497469484966,0.7495934959349594,85.70026755852842,100.56000000000002,9.6561872909699,,0.3454172366621067,0.3141810722100656,425.0,1403.0,425.0,1403.0,7.511524648390866,medium,-0.0242556790071695,Brandon Phillips,R,1.3471225395841295,-0.68088796417146,0.35932119380285527,-0.2943747376110906,0.2663533062574661,-0.48649913,28.661388
408299,34,2065,0.4736077481840193,R,0.2024539877300614,0.7975460122699386,0.3376237623762376,0.6037914691943128,84.54851063829788,98.8,14.108510638297872,,0.4340425531914894,0.2431766666666666,164.0,436.0,164.0,436.0,6.398594934535208,medium,0.0041034907138062,Omar Infante,R,0.535874950376773,-0.8745514753680004,-1.154306492291,0.7684566832492703,-0.13017809795054305,-9.645361,11.141559
408307,35,996,0.5190763052208835,L,0.2030947775628626,0.7969052224371374,0.3481481481481481,0.7214912280701754,88.64320388349515,103.1,6.766990291262136,,0.4154589371980676,0.2746642599277978,41.0,236.0,41.0,236.0,5.627621113690637,low,0.0454099834642413,Carl Crawford,L,-0.1499784233086224,-0.8618394615321086,0.2987749293224298,-0.33547437669002383,-0.31339342625853894,7.388209,19.173468
408314,36,5839,0.4648056174002398,L,0.1643330876934414,0.8356669123065585,0.3114806523824752,0.6415929203539823,84.70090759075907,100.39,14.802805280528052,,0.4695431472081218,0.3025075376884422,406.0,1186.0,406.0,1186.0,7.373374309910049,medium,-0.0526415072396348,José Reyes,L,0.6092559566488047,-0.978942591251758,-0.38396661982286373,-0.38207448396097327,0.34869439488897397,24.490414,9.6296
421685,37,169,0.5266272189349113,R,0.3258426966292135,0.6741573033707865,0.3372093023255814,0.7228915662650602,83.84615384615384,99.4,-10.846153846153848,,0.2962962962962963,0.1655102040816326,16.0,33.0,16.0,33.0,3.912023005428146,low,-0.0822386363636363,Aaron Harang,R,-0.2356349512794942,-0.683322035258193,0.7049038044659796,0.9414030364446092,-0.30370695524028063,-18.954391,17.279535
424325,38,1534,0.470013037809648,R,0.3162274618585298,0.6837725381414702,0.2493506493506493,0.6924083769633508,87.49086538461538,101.49,17.048076923076923,,0.4416243654822335,0.27625,112.0,256.0,112.0,256.0,5.910796644040527,low,0.0389408482142856,David Ross,R,-0.009190473041735604,0.9576751656302033,-0.32204592474853433,0.5292287892825911,0.5030659182489073,7.3398395,-18.343237
424825,39,2409,0.4209215442092154,L,0.1814595660749507,0.8185404339250493,0.2386081193040596,0.6039933444259568,85.13420479302832,99.22,13.586056644880175,,0.5043103448275862,0.2833185419968304,151.0,480.0,151.0,480.0,6.448889394146858,medium,0.0263186534216334,Coco Crisp,L,0.20614275779356422,-0.2192458105811126,-1.8843618819871248,0.8172228114745156,-0.14439642508000763,-12.328218,-7.521408
425496,40,104,0.4807692307692308,R,0.1999999999999999,0.8,0.15,0.6875,89.39375,99.8,7.5,,0.5,0.15292,16.0,9.0,16.0,9.0,3.258096538021482,low,-0.1188749999999999,Cody Ross,R,0.3581154117016663,0.3496059791642907,-0.40314727764063174,0.19110081762939293,-0.08894673224871344,-8.366796,-11.9101715
425509,41,3854,0.4883238194084068,R,0.20403825717322,0.79596174282678,0.2822384428223844,0.7237354085603113,87.87297668038408,102.42000000000002,13.37997256515775,,0.429355281207133,0.3117144278606965,284.0,721.0,284.0,721.0,6.913737350659685,medium,-0.0498755005762732,Jhonny Peralta,R,-0.22097106084701856,0.5643018585224079,-0.7859933720597264,0.18116680028244053,0.6361998111685259,0.779364,-22.634533
425543,42,134,0.6194029850746269,R,0.3373493975903614,0.6626506024096386,0.3666666666666666,0.8243243243243243,81.99130434782609,97.32,18.695652173913043,,0.4,0.328325,14.0,26.0,14.0,26.0,3.713572066704308,low,0.0201593406593407,Josh Wilson,R,0.3442733688209034,0.29603599136950476,0.45486470930674827,0.4758746096600331,0.6226558830635945,22.017525,-15.30637
425549,43,842,0.5427553444180523,R,0.2166301969365426,0.7833698030634574,0.3829787234042553,0.7040572792362768,83.7095890410959,98.0,20.636986301369863,,0.3931034482758621,0.2747534246575342,105.0,114.0,105.0,114.0,5.393627546352362,low,0.0269293233082706,Clint Barmes,R,0.09514592134340794,-0.6164395555039499,-0.4808198624559085,0.3383807907663839,1.2757517804027976,-15.243755,14.55991
425557,44,315,0.4507936507936508,R,0.2535211267605634,0.7464788732394366,0.2764705882352941,0.6551724137931034,85.6872340425532,102.8,2.7872340425531914,,0.4680851063829787,0.29235,59.0,21.0,59.0,21.0,4.394449154672439,low,0.0801517352703793,Jeff Baker,R,-0.18086274370985758,0.04117770493940407,0.3815272348329181,0.009883187967130544,-0.25743741755263055,16.384398,11.569739
425560,45,1901,0.4308258811152025,L,0.2503052503052503,0.7496947496947497,0.2618110236220472,0.6248587570621469,89.57508650519031,102.76,13.176470588235292,,0.5076335877862596,0.2831136363636364,94.0,390.0,94.0,390.0,6.184148890937483,low,0.1369707037643208,Adam Laroche,L,-0.16456457112917472,0.6071333764666443,-0.8343161978417467,0.1158645785847297,0.09242193786110187,-4.128464,-14.556282
425567,46,1530,0.4725490196078431,R,0.1687413554633471,0.8312586445366529,0.2860892388451443,0.6575520833333334,88.24203821656052,103.17,15.187898089171975,,0.4200626959247649,0.2789416058394161,116.0,295.0,116.0,295.0,6.021023349349527,medium,-0.0378118351841029,Alex Ríos,R,-0.563476450240999,-0.37150186465591445,-1.4855096406851522,-0.037564520722013064,0.7432338865797147,-4.0634737,25.67117
425664,47,766,0.3981723237597911,R,0.1868852459016393,0.8131147540983606,0.2811671087533156,0.5115681233933161,83.44265734265734,98.14,16.986013986013987,,0.4014598540145985,0.27063,123.0,77.0,123.0,77.0,5.303304908059076,low,0.0798756203146447,Shane Victorino,R,0.7917226410056941,-0.7747279335763674,-0.5538835826932692,-0.026609064949706863,1.0060763583877848,-21.223324,11.744878
425766,48,2545,0.4939096267190569,L,0.1137629276054097,0.8862370723945903,0.3016877637130801,0.7373107747105966,86.41500789889415,100.7,12.5086887835703,,0.4451612903225806,0.2980335570469798,144.0,601.0,144.0,601.0,6.61472560020376,medium,0.0764061633388796,James Loney,L,-0.47347603373867536,-1.3722892268646614,-1.1307367438967326,-0.08194480859762292,0.38439092210530673,-2.2647047,18.971945
425772,49,3654,0.4926108374384236,R,0.3161111111111111,0.6838888888888889,0.2874217416050085,0.6826568265682657,87.13786078098471,102.5,15.134125636672326,,0.4293193717277487,0.2312092783505154,276.0,694.0,276.0,694.0,6.878326468291325,medium,0.0325178653468654,Jeff Mathis,R,0.688214088063064,1.0123778258491902,0.7157700183550055,0.40763016016284204,0.6317840518290575,14.196841,-14.306937
425783,50,11875,0.4117894736842105,L,0.2470347648261759,0.7529652351738241,0.2125389791564089,0.6217571774472501,90.321412803532,104.7,8.020971302428256,,0.4691218130311614,0.3502431880108992,884.0,2052.0,884.0,2052.0,7.98514393119862,high,0.0497234747250227,Shin-Soo Choo,L,-0.0883894350139165,1.118444877614678,-0.2752837254381369,0.06162709679756408,-1.1645188751885076,-14.557396,-19.30005
425784,51,3525,0.5387234042553192,R,0.30173775671406,0.69826224328594,0.3635327635327635,0.7124293785310735,86.86677908937605,103.58,14.838111298482293,,0.4228769497400346,0.2675787234042553,273.0,667.0,273.0,667.0,6.846943139585379,medium,0.019157168668413,René Rivera,R,0.2353049339707738,0.4720682401791939,0.3254407269368737,0.31590939308328464,0.9227324681355139,21.32225,-10.840339
425794,52,860,0.5569767441860465,R,0.3465553235908142,0.6534446764091858,0.3905882352941176,0.7195402298850575,85.85683453237411,103.6,10.618705035971225,66.28,0.5367647058823529,0.2268227272727273,63.0,157.0,63.0,157.0,5.3981627015177525,low,-0.036473865129916,Adam Wainwright,R,-0.6509560084283489,-0.6164022779227403,-0.23250171333936628,0.9252872369860207,1.6727212388737842,-13.655958,15.020151
425796,53,2422,0.5631709331131296,R,0.2705278592375366,0.7294721407624634,0.4397003745318352,0.7148114075436982,87.94978540772532,103.2,11.51931330472103,,0.4150110375275938,0.2992399403874813,283.0,388.0,283.0,388.0,6.51025834052315,medium,-0.0108279024443553,Jeff Francoeur,R,0.007021268047687075,-0.9304158110099318,0.7178028548023261,-0.37888365398353485,0.8972301673877995,-8.892201,18.565205
425834,54,2890,0.4972318339100346,R,0.3180236604036186,0.6819763395963814,0.2672476397966594,0.7065432914738929,88.44535864978903,103.5,9.962025316455696,,0.4122807017543859,0.305703947368421,218.0,542.0,218.0,542.0,6.634633357861686,medium,0.0751634280104269,B. J. Upton,R,-0.03587889356048461,0.8687859208553458,0.3922117035230906,0.23126800969064223,-0.2515134061492674,14.718177,-2.9070823
425835,55,1,1.0,R,0.0,1.0,,1.0,101.4,101.4,22.0,,0.0,1.256,1.0,0.0,1.0,0.0,0.6931471805599453,low,,Chin-Hui Tsao,R,-0.03458302500089028,0.011031036492913955,0.04357354922511216,-0.020478974555898675,-0.005080369005705824,4.0852036,-0.20540628
425844,56,1096,0.5282846715328468,R,0.234887737478411,0.7651122625215889,0.360078277886497,0.6752136752136753,87.81524663677129,102.74,9.32286995515695,,0.3923444976076555,0.2567741935483871,95.0,215.0,95.0,215.0,5.739792912179234,low,0.1012558139534884,Zack Greinke,R,-0.37724847033127396,-0.6951160952197193,-0.12836187063399443,0.06506458363448869,0.582338382278032,-4.529501,10.834693
425877,57,12574,0.5449339907746142,R,0.1732340922358435,0.8267659077641565,0.3628778337531486,0.7307939569270331,87.23982078853047,100.6,13.253405017921146,,0.4239852398523985,0.3041510729613734,794.0,2701.0,794.0,2701.0,8.159374736775426,high,0.0276524731487638,Yadier Molina,R,0.896437871058784,-0.45988371135041195,-0.004151649818308313,-0.5445664978834167,1.0264214854953768,12.764803,23.295866
425900,58,2078,0.4403272377285852,L,0.2109289617486338,0.7890710382513662,0.2660984848484848,0.6203522504892368,85.80650406504064,99.92,16.319783197831978,,0.4634146341463415,0.2717476099426386,141.0,382.0,141.0,382.0,6.261491684321042,medium,-0.0534301177082173,Dioner Navarro,L,0.8553733771377835,-0.23285793178339922,-1.0563316264525813,0.266340392492755,0.3494377071569542,-15.321067,-7.4731936
425902,59,3849,0.4684333593141075,L,0.2046589018302829,0.7953410981697171,0.3154630039875941,0.6853015075376885,90.19923664122138,106.7,10.416030534351146,,0.422680412371134,0.3308177480916031,384.0,664.0,384.0,664.0,6.955592608396297,medium,0.0603582141064257,Prince Fielder,L,-0.9455013374738551,-1.2055884906623107,-0.12459511210134024,-0.4323142859202872,-0.04494985795560798,3.5884247,17.38492
429664,60,10994,0.514371475350191,L,0.1729442970822281,0.8270557029177719,0.3350847457627118,0.7220259128386337,90.74795789473684,106.4,7.877473684210527,,0.4386422976501306,0.3394013694163678,1013.0,2054.0,1013.0,2054.0,8.028781162487148,high,0.0455938322739152,Robinson Canó,L,-1.247731977166681,-1.1863036767592585,0.8596443513713767,-1.0797235330478865,-0.4847154723761387,11.370432,15.99316
429665,61,13406,0.4342831567954647,R,0.236173136379251,0.7638268636207489,0.2334751773049645,0.657016991818754,89.77219327333017,106.3,17.934154429180484,,0.4948352188883423,0.3645777708786091,793.0,2428.0,793.0,2428.0,8.07775756373692,high,-0.0008501192477007,Edwin Encarnación,R,-0.5143769029708533,0.7650845854793721,-0.7146039790944849,-0.9550847975091677,0.5198848402357122,-22.554272,-17.465189
429666,62,4601,0.3827428819821777,R,0.1561612720045428,0.8438387279954571,0.247906976744186,0.5010199918400653,88.31087962962964,103.07,10.54050925925926,,0.4476190476190476,0.2710843585237258,328.0,810.0,328.0,810.0,7.037905963447182,medium,-0.0128143631436314,J. J. Hardy,R,-0.13770454325599935,-1.044698519997716,-0.8290947434151762,-0.5820341195895483,-0.7011627562040174,-18.371206,2.0812423
429667,63,3266,0.5483772198407838,L,0.3137911781127861,0.6862088218872139,0.3755411255411255,0.7736248236953456,91.57974217311236,104.7,15.613259668508288,,0.525328330206379,0.3034686046511628,142.0,718.0,142.0,718.0,6.7580945044277305,medium,0.1502658597826513,Ryan Howard,L,-1.0366680426279018,0.38378516136823554,-0.06788943412743328,0.419290928893956,0.7478409386735362,-18.576036,5.2645025
429711,64,2351,0.4236495108464483,R,0.3022088353413654,0.6977911646586346,0.2615131578947368,0.5973568281938326,90.95804416403786,105.54,9.517350157728709,,0.4603174603174603,0.3565430711610487,376.0,158.0,376.0,158.0,6.282266746896006,medium,0.0647887153245354,Franklin Gutiérrez,R,0.0788809863583916,0.6847980948561498,-0.5708633738768555,-0.20356389405942638,0.18414160337913538,-0.38163906,-9.834908
429713,65,1061,0.4919886899151743,L,0.185823754789272,0.814176245210728,0.3017857142857142,0.7045908183632734,89.19004739336492,100.9,12.33175355450237,,0.4690721649484536,0.3021756756756756,21.0,275.0,21.0,275.0,5.6937321388027,low,-0.1328187012987012,Grady Sizemore,L,-0.0661683437603887,-0.028013588863939235,-0.7217347808573926,0.04073111214198872,0.18681894510829825,-2.4740202,16.651728
429717,66,195,0.4512820512820513,R,0.1931818181818182,0.8068181818181818,0.2470588235294117,0.6090909090909091,83.26451612903226,96.0,-2.6129032258064515,,0.3666666666666666,0.1653818181818181,13.0,42.0,13.0,42.0,4.02535169073515,low,-0.1473681318681318,Dan Haren,R,-0.18496528117919123,-0.6734211213184635,-0.022013718935990145,0.5171990940074919,-0.6138010903971481,-18.85332,21.303467
429780,67,50,0.48,L,0.5,0.5,0.1904761904761904,0.6896551724137931,83.73333333333333,88.5,4.333333333333333,,0.6666666666666666,0.0,0.0,3.0,0.0,3.0,1.3862943611198906,low,,Chris Narveson,L,0.14499539352473745,0.08406626164147572,0.18886993760524567,-0.01725867362329149,0.01159074562737423,10.768026,-4.916292
430001,68,1704,0.4242957746478873,R,0.3278008298755186,0.6721991701244814,0.2180974477958236,0.6353919239904988,89.3518018018018,106.06,11.324324324324325,,0.3991031390134529,0.3024077669902912,191.0,221.0,191.0,221.0,6.023447592961033,medium,0.0786901992371656,Rickie Weeks,R,-0.2888219634996068,0.748733055440703,-0.19648798879442997,0.43550864446357557,-0.02833681068871619,-4.6283474,-17.73802
430203,69,1188,0.4511784511784512,L,0.1231343283582089,0.8768656716417911,0.2625607779578606,0.6549912434325744,86.76837606837607,99.9,12.58119658119658,,0.4695652173913043,0.2778354430379747,12.0,304.0,12.0,304.0,5.75890177387728,low,0.2124879385964912,David Dejesus,L,0.6934410082211915,0.2070975170433776,-0.5266217401057084,-0.17491175244717241,0.09498773359519781,7.6954722,-8.834817
430321,70,605,0.6,R,0.2314049586776859,0.768595041322314,0.3815789473684211,0.8205980066445183,88.06408450704225,102.2,9.443661971830986,,0.3214285714285714,0.2749499999999999,60.0,120.0,60.0,120.0,5.198497031265826,low,0.01135,Delmon Young,R,-0.10102438390562704,-0.5343394961607625,0.45515529570648416,-0.3511391442240299,0.30067722426178345,1.4079453,7.2608747
430404,71,1063,0.3433678269049859,R,0.2821917808219177,0.7178082191780822,0.178030303030303,0.5065420560747663,88.0944827586207,103.2,18.420689655172417,,0.5177304964539007,0.2939272030651341,123.0,138.0,123.0,138.0,5.568344503761097,medium,0.093887946270767,Jonny Gomes,R,-0.2955406209781219,0.2154379817174222,-0.7893770242932505,0.5138970132239746,0.5831179884326451,-23.918308,-8.639614
430603,72,111,0.4504504504504504,L,0.0999999999999999,0.9,0.2758620689655172,0.6415094339622641,84.21428571428571,94.6,8.142857142857142,,0.45,0.2024516129032258,2.0,29.0,2.0,29.0,3.4657359027997265,low,0.2164137931034482,Don Kelly,L,0.7903533168411186,-0.35239685003096033,0.009220131190343202,-0.10530559894810411,0.07183136347817447,5.9050756,4.1633067
430605,73,2172,0.4493554327808471,R,0.2684426229508196,0.7315573770491803,0.2239488117001828,0.6781076066790352,89.48846153846155,104.49,11.32051282051282,,0.4144736842105263,0.3427686424474187,319.0,204.0,319.0,204.0,6.261491684321042,medium,0.0884831120535988,Ryan Raburn,R,-0.09206724096082854,0.999767516848461,0.200943329189761,0.15348317990390548,-0.40627106884044095,3.4370942,-15.091887
430611,74,198,0.5505050505050505,R,0.3944954128440366,0.6055045871559633,0.3465346534653465,0.7628865979381443,80.85142857142857,99.3,3.5142857142857142,,0.5555555555555556,0.2505892857142857,29.0,27.0,29.0,27.0,4.04305126783455,low,-0.1678633461047254,Corey Hart,R,-0.30724350641009696,-0.3670933056520131,-0.2043167675883521,1.018234490995756,0.7005325734963935,-20.293972,14.227912
430613,75,5,0.4,R,0.0,1.0,0.0,0.6666666666666666,94.7,94.7,16.0,,1.0,0.0,0.0,1.0,0.0,1.0,0.6931471805599453,low,,Ronald Belisario,R,0.01535299968370108,-0.018297962453017187,-0.05126176798310576,-0.006866508848531001,-0.030216667613310686,1.672571,-0.28291395
430637,76,2543,0.467558002359418,L,0.2127838519764507,0.7872161480235492,0.3048869438366156,0.6578498293515358,87.30695652173912,103.9,12.130434782608695,,0.4725274725274725,0.3122488687782805,90.0,573.0,90.0,573.0,6.498282149476434,low,0.013041419429901,Kelly Johnson,L,-0.16714642481484726,-0.17514465060226458,-0.4223804039881891,-0.28029826439240574,-0.028505233921345133,-3.2738535,12.642882
430652,77,834,0.4544364508393285,R,0.1424802110817942,0.8575197889182058,0.2881773399014778,0.6121495327102804,84.56050955414013,98.04,5.076433121019108,,0.3076923076923077,0.2777061611374408,58.0,153.0,58.0,153.0,5.356586274672012,low,-0.075087784539103,Jason Bourgeois,R,0.8523232875658943,-0.70479379312014,-0.02409420277997705,-0.06894372530291765,-0.8176832451345544,-16.625929,0.123228535
430681,78,104,0.4038461538461538,L,0.1428571428571429,0.8571428571428571,0.1489361702127659,0.6140350877192983,77.08,95.1,14.666666666666666,,0.6,0.1912857142857143,6.0,15.0,6.0,15.0,3.091042453358316,low,-0.1433333333333333,Dan Johnson,L,0.4748003803957938,-0.12534051335892382,-0.7632557890007331,0.2515055981485207,0.20662604690243627,-14.450962,-7.934205
430832,79,9594,0.3924327704815509,R,0.2329349269588313,0.7670650730411687,0.204964126430095,0.6103222898354744,90.59122933141624,106.6,16.77785765636233,,0.4800613496932515,0.34114203539823,525.0,1735.0,525.0,1735.0,7.72356247227797,high,-0.0290455276519829,José Bautista,R,-0.8548594145373424,0.7540304071473117,-1.067201951919119,-0.4236013810435421,0.5768650367703018,-3.5671852,-18.627787
430897,80,1049,0.4194470924690181,L,0.2431818181818181,0.7568181818181818,0.2196428571428571,0.6482617586912065,86.80361445783133,100.2,8.391566265060241,,0.5,0.2852277992277992,92.0,167.0,92.0,167.0,5.560681631015528,low,-0.0396329080968498,Nick Swisher,L,0.44561186697352917,0.958340538227769,-0.7843651863989475,0.6547226081096894,0.043572414406053174,-8.293802,-14.589823
430910,81,1372,0.4329446064139942,L,0.0993265993265993,0.9006734006734006,0.2371705963938973,0.6497695852534562,85.48585858585858,97.44000000000004,7.5993265993266,,0.3920265780730897,0.2910820105820105,105.0,273.0,105.0,273.0,5.937536205082426,low,0.0446190476190476,Brayan Peña,L,0.2560812462220222,-0.979432723431364,-0.5578757093091227,-0.3101053488250984,-0.585264792005258,2.7222567,10.036605
430945,82,10610,0.5765315739868049,R,0.2358999509563512,0.7641000490436488,0.4145758661887694,0.7762576299726374,87.73629597197899,103.5,12.924660534384582,,0.4387895460797799,0.3223503480278422,797.0,2220.0,797.0,2220.0,8.012349639327795,high,-0.0301765262753342,Adam Jones,R,-0.30127301073373314,-0.7923671101117743,0.5899888503393044,-0.8036904015971721,1.4096492217426624,10.035993,24.302185
430947,83,5028,0.4970167064439141,L,0.1420568227290916,0.8579431772709084,0.3517495395948434,0.6675313445741461,84.740838650866,97.9,6.699179580674567,,0.4878048780487805,0.2780214532871972,391.0,1054.0,391.0,1054.0,7.27655640271871,medium,0.0270735912878475,Erick Aybar,L,1.3426350334339836,-1.0619585897965313,-0.40762705894292667,0.36159818544737193,0.7951948953783845,-10.659235,12.8319235
430948,84,1053,0.376068376068376,L,0.0959595959595959,0.904040404040404,0.2358156028368794,0.5378323108384458,84.1860103626943,97.08,12.476683937823834,,0.4408602150537634,0.270007722007722,43.0,216.0,43.0,216.0,5.560681631015528,low,0.108427863910422,Alberto Callaspo,L,0.7597181313865194,-0.48377946070397376,-1.4252979759062212,0.9666620860359513,0.03210732985068864,-17.557337,-10.40263
431094,85,3276,0.4258241758241758,R,0.1541218637992831,0.8458781362007168,0.2328339575530587,0.6105137395459976,87.30883280757098,100.4,15.037854889589903,,0.4568690095846645,0.291487747957993,308.0,549.0,308.0,549.0,6.754604099487962,medium,0.0068105764909043,Aaron Hill,R,0.5542024030878167,-0.1296919829879277,-1.10140024359547,-0.15577191330564885,0.1867963084116734,-18.005217,-16.99657
431145,86,8378,0.3893530675578897,R,0.2400367872470876,0.7599632127529123,0.1726887615250436,0.5885452462772051,89.19966969446739,104.4,9.516928158546657,,0.4061674008810573,0.3206111944027986,473.0,1528.0,473.0,1528.0,7.601901959875166,high,0.012572018584727,Russell Martin,R,0.11247672122913208,1.6616375592687442,-0.48298143700613483,0.2465251023226594,-0.7771933717976681,-11.412718,-17.305094
431148,87,165,0.4303030303030303,L,0.3943661971830986,0.6056338028169014,0.3285714285714285,0.5052631578947369,79.77058823529413,93.62,-4.176470588235294,,0.1333333333333333,0.1154772727272727,7.0,37.0,7.0,37.0,3.80666248977032,low,0.1373243243243243,Scott Kazmir,L,0.28706815052654305,-0.37056022158383456,0.2818030971072998,0.6565309033914979,0.2283437339755235,-21.237598,16.430668
431151,88,1410,0.4106382978723404,R,0.2590673575129534,0.7409326424870466,0.1972027972027972,0.6302158273381295,90.35515463917528,105.97,17.164948453608247,,0.3473684210526316,0.3504941176470588,85.0,255.0,85.0,255.0,5.831882477283517,low,0.0346666666666667,David Wright,R,-0.0008875457810926104,0.9416458344808699,-0.18649849567303467,0.2892827672273012,-0.3225934576995527,5.8182125,-19.439877
431171,89,1331,0.4650638617580766,R,0.1954765751211631,0.8045234248788369,0.2627388535031847,0.6458036984352774,88.88812260536398,103.2,5.53639846743295,,0.30859375,0.2381299435028248,87.0,267.0,87.0,267.0,5.872117789475416,low,0.0927281415472039,Casey Mcgehee,R,-0.5156580415786005,-0.6049017680708334,-0.11642630980040702,0.06511150554263534,-1.0829086760302205,0.9409859,8.509649
433217,90,2333,0.5100728675525075,L,0.238655462184874,0.761344537815126,0.3171521035598705,0.7274384685505926,86.97523364485981,101.4,8.686915887850468,,0.4593301435406698,0.3213502454991817,178.0,433.0,178.0,433.0,6.416732282512326,medium,-0.0142746062225913,Andrés Blanco,L,0.5500648457257399,-0.34463364229472676,0.20887205105396894,-0.11367310978957461,-0.32752700970268267,-8.929658,9.700244
433584,91,24,0.5833333333333334,R,0.6428571428571428,0.3571428571428571,0.5,0.6666666666666666,77.0,77.0,-40.0,,1.0,0.0,0.0,4.0,0.0,4.0,1.6094379124341005,low,,Roberto Hernández,R,-0.13365890378747955,-0.23899341454804252,0.17000917618897032,0.08818806763005883,0.08818199773362645,-4.237989,9.144261
434158,92,11295,0.3788401947764497,L,0.2058892264547791,0.7941107735452209,0.2034010236090473,0.5817105765559374,88.4682745825603,101.9,18.70686456400742,,0.5083440308087291,0.3333401465483995,508.0,2085.0,508.0,2085.0,7.860956364876389,high,0.053865486508431,Curtis Granderson,L,1.533782349121483,1.3631525583396542,-1.125963413348127,0.05530366528960248,-0.21466734061568318,12.383055,-10.297084
434538,93,359,0.5431754874651811,L,0.2871794871794871,0.7128205128205128,0.4142011834319526,0.6578947368421053,88.24444444444444,105.4,7.031746031746032,,0.3770491803278688,0.1788461538461538,19.0,46.0,19.0,46.0,4.189654742026425,low,0.1216762013729977,Francisco Liriano,L,-0.6532394311413211,-0.6187038400802891,0.3515343039913009,0.2840526212323867,0.8720945026603688,-12.023406,18.632027
434540,94,582,0.4914089347079037,L,0.2307692307692307,0.7692307692307693,0.3365384615384615,0.6703703703703704,88.98846153846154,102.94,12.096153846153848,,0.5476190476190477,0.2693421052631579,25.0,127.0,25.0,127.0,5.030437921392435,low,0.0554166929133858,Garrett Jones,L,-0.32733757864071933,-0.48680188653112483,-0.10180662033124704,-0.37137612579802076,0.022676479997549615,2.2030802,12.27397
434563,95,2852,0.3846423562412342,R,0.1349134001823154,0.8650865998176845,0.1876379690949227,0.5639651707970529,86.40628803245437,100.88,11.02839756592292,,0.3572938689217759,0.2871201157742402,184.0,507.0,184.0,507.0,6.539585955617669,medium,0.0962628205128204,Carlos Ruiz,R,1.0751303374363006,0.24545950514257373,-0.8935295611880302,0.21918984187360455,-0.16228604316200018,-14.492585,-6.324898
434567,96,1348,0.3983679525222552,R,0.2737430167597765,0.7262569832402235,0.2091603053435114,0.5772005772005772,89.58155339805825,104.3,14.189320388349516,,0.4145077720207253,0.3158181818181818,107.0,234.0,107.0,234.0,5.834810737062605,low,0.0633359293873312,Geovany Soto,R,-0.4087943871826838,0.6214565510881375,-0.8189786487956211,0.46134735265103904,0.013456894854159551,-4.9643064,-19.259096
434604,97,1207,0.5020712510356256,R,0.2887788778877888,0.7112211221122112,0.3110047846889952,0.7086206896551724,90.564406779661,107.3,1.9661016949152543,,0.3526011560693641,0.2773026315789473,92.0,212.0,92.0,212.0,5.720311776607412,low,0.0150434782608696,Mike Morse,R,-0.009820094331059504,0.711920209864916,1.7389937557458315,0.07464303675424588,-0.3909845855514966,18.318222,0.76597947
434628,98,492,0.6199186991869918,R,0.3049180327868852,0.6950819672131148,0.4357798165137614,0.7664233576642335,84.0225806451613,101.5,0.6344086021505376,,0.3152173913043478,0.1998796992481203,21.0,112.0,21.0,112.0,4.897839799950911,low,0.0110565476190476,Jason Hammel,R,-0.8379852796725477,-0.7668040729408159,0.38788574344895327,1.0640188159703439,0.2118198109103127,-11.035694,22.266726
434636,99,4213,0.4103963921196297,L,0.1064198958935801,0.8935801041064199,0.235266604303087,0.5908433734939759,85.97399267399267,99.42000000000002,11.94017094017094,,0.4245742092457421,0.3016275229357798,338.0,752.0,338.0,752.0,6.994849985833071,medium,-0.0100300500440639,Ángel Pagán,L,1.1025643381183172,-0.6242137335709154,-0.23046408257997889,-0.4002540303363104,-0.5778945076627413,-11.786584,7.4228945
434658,100,5364,0.5091349739000746,R,0.2145734163310142,0.7854265836689858,0.3097112860892388,0.7063403781979978,86.08374628344896,101.4,12.417244796828545,,0.4117647058823529,0.2927030716723549,593.0,872.0,593.0,872.0,7.290292882446597,high,-0.0041843100700836,Rajai Davis,R,0.5306577217412823,-0.023141913259200023,0.5483149510260746,-0.3336772226745113,0.33404593618134154,10.578526,2.8535073
434670,101,7052,0.4811401020986954,R,0.219569702328323,0.7804302976716769,0.2919862470245967,0.6997859981656985,89.97628549501151,108.5,9.72831926323868,,0.4018987341772151,0.3298385869565217,442.0,1398.0,442.0,1398.0,7.518064181233078,medium,0.0205832410877854,Hanley Ramírez,R,-1.3957819639509024,-0.6390988975859461,0.5798276714375726,-0.7310409357671223,0.23384608285288022,-3.2339218,25.044537
434671,102,348,0.4971264367816091,R,0.4624277456647399,0.5375722543352601,0.5068493150684932,0.4900990099009901,76.8175,91.64,0.3,,0.2432432432432432,0.1003846153846153,11.0,41.0,11.0,41.0,3.970291913552122,low,-0.0270066518847006,Aníbal Sánchez,R,0.2399760510524369,-0.9784891672071132,0.5311259455826647,0.8138779864079863,-0.013504598619531008,-21.564291,17.609547
434778,103,9945,0.4679738562091503,L,0.2344220025784271,0.7655779974215728,0.3038406317300789,0.6771095357877887,91.97962962962964,106.6,10.186307519640852,,0.4306612053832651,0.3328193343898574,773.0,1751.0,773.0,1751.0,7.83399634170946,high,-0.0187309029842862,Kendrys Morales,L,-1.3971178036306973,-0.5848572109487371,-0.595323886783162,-0.7200432621751445,0.46041060400068634,-8.224855,7.4846344
435044,104,12,0.5,R,0.3333333333333333,0.6666666666666666,0.25,0.625,85.2,85.2,-29.0,,0.0,0.0,0.0,3.0,0.0,3.0,1.3862943611198906,low,,Scott Baker,R,-0.024476965891647388,0.0597072497491875,0.03981946107939978,0.03826059621596005,-0.07203729209436313,3.3856738,-3.3574579
435062,105,7552,0.4919226694915254,R,0.185464333781965,0.814535666218035,0.3130179096498262,0.6675413277355025,90.07515110812624,105.22,4.024848891873741,,0.315105946684894,0.3392462387161484,590.0,1404.0,590.0,1404.0,7.598399329323964,high,-0.00136072480564,Howie Kendrick,R,0.7621845150987168,0.3595311429904561,1.1924798632881817,-0.7379932061218255,-0.9766045706835418,19.611671,-0.7029176
435063,106,7092,0.4316130851663846,R,0.2806272459980399,0.7193727540019601,0.2362204724409448,0.6281108597285068,88.86142076502732,105.06,18.693989071038253,,0.4705882352941176,0.3241119496855346,486.0,1104.0,486.0,1104.0,7.372118028337787,high,0.051473228663446,Mike Napoli,R,-0.7204566858955201,1.0301089662117606,-0.5685448934717595,-0.4350959824264753,0.6793050840129782,2.2542486,-12.96869
435064,107,2299,0.5097868638538495,R,0.2525597269624573,0.7474402730375427,0.3280141843971631,0.6848847139197267,82.93256997455471,100.08,12.885496183206106,,0.5347593582887701,0.2381523972602739,144.0,440.0,144.0,440.0,6.371611847231857,medium,-0.0092719696969696,Bobby Wilson,R,-0.32528857875189,-0.5123743478596111,-0.8314276176228171,0.7628251625921203,0.939064724223771,-10.811866,14.876984
435078,108,212,0.5235849056603774,R,0.1801801801801802,0.8198198198198198,0.4285714285714285,0.616822429906542,79.48333333333333,96.61,10.214285714285714,,0.4222222222222222,0.2091551724137931,36.0,22.0,36.0,22.0,4.07753744390572,low,0.0567121212121212,Joaquín Arias,R,0.4276898520191304,-0.7619464978259863,0.0014609567779989292,0.11671441488413575,0.4420646447854791,-13.681624,10.185834
435079,109,10569,0.4563345633456334,R,0.1341488699979266,0.8658511300020734,0.2519364833462432,0.6516188714153561,86.08000947418284,100.2,18.131691141639035,,0.4335173105870546,0.3221478417266187,670.0,2110.0,670.0,2110.0,7.930565854233965,high,0.0045326094645257,Ian Kinsler,R,1.5556756884990153,0.31913338565280824,-1.1737254738468783,-0.6673526032588255,0.6005247830468579,-19.008245,-16.506912
435180,110,77,0.5714285714285714,R,0.2272727272727273,0.7727272727272727,0.3333333333333333,0.75,83.78,100.13,6.65,,0.25,0.2560833333333333,11.0,13.0,11.0,13.0,3.218875824868201,low,-0.0306993006993006,Robert Andino,R,0.3897645921867542,-0.27310064222039027,0.10696227152189335,0.16729247148719206,-0.07562958375095889,3.3617325,3.8064902
435263,111,7772,0.4255018013381369,L,0.1687329906259449,0.8312670093740551,0.286742512189459,0.597979797979798,88.47525773195876,101.73,16.79381443298969,,0.5147058823529411,0.3187716777834787,440.0,1509.0,440.0,1509.0,7.575584651557793,medium,0.0176463762877281,Brian Mccann,L,0.39578877281733527,-0.318181001790206,-1.666125678412267,-0.5312498746114015,0.7059101658722097,-13.866123,-8.320895
435401,112,1049,0.4823641563393708,L,0.1798418972332015,0.8201581027667985,0.3053571428571429,0.6850715746421268,85.63945945945946,99.52,5.264864864864865,,0.4166666666666667,0.2822932330827067,27.0,239.0,27.0,239.0,5.58724865840025,low,-0.0916792189679219,Skip Schumaker,L,0.4475529768411888,-0.6869082727563184,0.10614675937145492,0.04024895388230792,-0.22762135224142035,-16.246143,-1.7550335
435522,113,9108,0.4624505928853755,L,0.2037037037037037,0.7962962962962963,0.2813200244448971,0.6742081447963801,87.76257706535141,102.3,15.102959309494452,,0.4583068109484405,0.3259170267934313,452.0,1862.0,452.0,1862.0,7.747164966520335,high,0.0409956084902521,Neil Walker,L,-0.08333079046447488,-0.20425875528701684,-0.8262187468635143,-0.5698445543233024,-0.08413326613742582,25.152021,7.0449743
435559,114,8505,0.4947677836566725,R,0.1577946768060836,0.8422053231939164,0.3006613131790269,0.6871926949192226,86.68941048034935,101.0,16.893013100436683,,0.493542953396968,0.3105423157894736,683.0,1692.0,683.0,1692.0,7.773173680482536,high,0.0388003194777594,Kurt Suzuki,R,0.9971715312746692,0.1851621076452019,-0.8198974520587514,-0.6682929959686076,1.5230781723998101,-17.918655,-17.626677
435622,115,10410,0.4751200768491835,R,0.2626364739183178,0.7373635260816822,0.2858501331304678,0.6682841614906833,90.2145652173913,106.4,4.11195652173913,,0.3487982112912241,0.3161529877609791,769.0,2009.0,769.0,2009.0,7.929846429742503,high,0.0545241439529918,Ian Desmond,R,-0.989973972709925,-0.5325130546071144,1.5521673868236332,-0.24429689320872555,-1.1829839762883356,-10.818725,2.9050443
435623,116,35,0.4,R,0.2857142857142857,0.7142857142857143,0.2222222222222222,0.5882352941176471,91.75,99.04,12.25,,0.125,0.2040833333333333,6.0,6.0,6.0,6.0,2.5649493574615367,low,0.1791666666666667,Kevin Frandsen,R,0.27428275462439733,-0.142598258534595,-0.025735361449197445,-0.03607579694921686,-0.16930640327197077,5.579032,4.814269
443558,117,17810,0.4823133071308254,R,0.2922002328288707,0.7077997671711292,0.2961079398028022,0.7017737003058104,93.0717302452316,109.9,11.030983997276133,,0.4124649859943977,0.3695161938798302,1355.0,3122.0,1355.0,3122.0,8.4069317971587,high,0.0387507889492731,Nelson Cruz,R,-0.9886666256195873,0.6280042570232383,0.3688731272462497,-0.8367650305574272,0.25222480127003344,-17.100018,4.73611
444379,118,3857,0.4316826549131449,L,0.1957957957957957,0.8042042042042042,0.19211324570273,0.6838744012772752,87.15984126984127,102.11,11.123809523809523,,0.4823151125401929,0.3360063424947146,77.0,869.0,77.0,869.0,6.853299093186078,low,0.0666947229985204,John Jaso,L,0.461570739778702,0.8525935864183546,-1.237688974991322,0.3225081763189032,-0.45819827863854795,-10.279921,-13.349879
444432,119,8501,0.5004117162686743,R,0.2783262811471556,0.7216737188528444,0.3296223531979917,0.7,91.67764945652172,109.79,13.063902107409923,,0.4008438818565401,0.3264595821980018,625.0,1577.0,625.0,1577.0,7.697575346802343,high,-0.0134610790107799,Mark Trumbo,R,-1.7917554394674795,-1.201792014277732,0.20965103143542443,-0.6250234184158243,0.2943140392629945,1.1441967,18.683874
444482,120,14770,0.4912660798916723,L,0.2155457552370452,0.7844542447629548,0.3070485157578135,0.689035518742103,89.91125525946704,106.5,7.267882187938289,70.84378378378379,0.4271499644633973,0.335932104997476,846.0,3116.0,846.0,3116.0,8.284756593190435,high,0.0501650506650643,David Peralta,L,-0.7172662435022243,-0.36666092942109246,0.9167244238626915,-0.918596231534874,-0.15792498515851022,-8.969686,3.3116968
444489,121,4871,0.4613015807842332,R,0.2073876279483756,0.7926123720516244,0.2806946688206785,0.6480167014613779,86.61617819460727,101.6,16.71746776084408,,0.4585427135678392,0.3120024350649351,417.0,815.0,417.0,815.0,7.117205503164344,medium,0.0143769931294228,Manny Piña,R,1.6329258235716075,1.066871238205461,0.13027943990282378,-0.1526086193995423,0.6723116414288857,15.559675,-16.044867
444836,122,8,0.375,L,0.0,1.0,0.0,0.6,,,,,0.0,0.4405,0.0,2.0,0.0,2.0,1.0986122886681098,low,,Aaron Laffey,L,0.015382481038189542,0.06455014547486702,0.03533966884437656,-0.012628248516629869,-0.023959304417854127,2.7993147,-2.9342618
444843,123,1944,0.4789094650205761,L,0.1868958109559613,0.8131041890440387,0.296692607003891,0.6834061135371179,86.25070821529745,103.0,10.98300283286119,,0.4888888888888889,0.3575049504950495,52.0,453.0,52.0,453.0,6.226536669287466,low,0.1830240703005603,Andre Ethier,L,0.3132745784567696,0.11985181019580546,0.2268122668636799,-0.7197121191270196,-0.16196168681364517,7.0517917,-0.92064375
444876,124,10640,0.5229323308270677,R,0.1932063263838964,0.8067936736161035,0.3509946086633203,0.6987264778559209,83.8753027681661,98.4,11.025951557093425,,0.3807400802496656,0.2752080924855491,790.0,2151.0,790.0,2151.0,7.9868449011613825,high,0.012787630716358,Alcides Escobar,R,0.3308824379167988,-1.1918538600293398,-0.755779651030891,-0.25337910718132894,1.1898389284670938,-23.591682,4.8826756
445055,125,7165,0.5007676203768319,L,0.1794871794871795,0.8205128205128205,0.3243167875069715,0.6775635652416876,85.3258543833581,98.9,6.172490706319703,,0.3792307692307692,0.2997250803858521,505.0,1361.0,505.0,1361.0,7.532088143541722,high,0.0048384938273401,Jon Jay,L,0.8319082145724362,-1.353008140128788,0.15748062843101007,0.38419789394850085,-0.6508977405151513,-7.009605,20.093956
445095,126,35,0.4285714285714285,L,0.4666666666666667,0.5333333333333333,0.4210526315789473,0.4375,77.62,94.56,9.6,,0.6,0.0687,0.0,10.0,0.0,10.0,2.3978952727983707,low,,Jason Pridie,L,-0.09552576177086138,-0.04811145155813391,-0.05665784202904249,0.17149963229482504,0.2319459042494005,-5.289995,8.367596
445213,127,6,0.3333333333333333,R,0.5,0.5,0.3333333333333333,0.3333333333333333,82.2,82.2,9.0,,0.0,0.0,0.0,1.0,0.0,1.0,0.6931471805599453,low,,Brandon Kintzler,R,0.0909329628053311,-0.09506458359776768,-0.06102985363683035,0.04703796462801915,-0.0009969721347416174,-0.40586436,0.14742275
445988,128,7144,0.3985162374020157,R,0.1127502634351949,0.8872497365648051,0.2600988084859053,0.5271401566297597,87.96779778393352,100.6,8.591412742382271,,0.35,0.3034900881057269,447.0,1369.0,447.0,1369.0,7.504942068396171,medium,0.0653729808168407,Martín Prado,R,0.5573968187968493,-1.559460636684307,-1.3719936941862796,-0.4914769037698277,-1.1737064101743828,-0.98227584,11.301351
446192,129,109,0.5229357798165137,R,0.4736842105263158,0.5263157894736842,0.3620689655172414,0.7058823529411765,95.13846153846154,105.6,11.461538461538462,,0.2727272727272727,0.2360357142857143,4.0,24.0,4.0,24.0,3.367295829986474,low,0.51825,Adam Moore,R,-0.18919997922828474,0.3658343053503516,0.5768014601551932,0.2772053969265782,0.17625611413505127,9.104257,-16.377966
446225,130,22,0.6363636363636364,R,0.0714285714285714,0.9285714285714286,0.1666666666666666,0.8125,85.53333333333335,94.5,-14.666666666666666,,0.5,0.0,1.0,6.0,1.0,6.0,2.0794415416798357,low,0.0,Ed Easley,R,0.08844761369761238,-0.021339230897493754,-0.0032836833547232724,-0.06721548476871869,-0.042071587552895265,3.9177425,2.1966
446263,131,6987,0.4204952053814226,L,0.25357385976855,0.7464261402314499,0.2656410256410256,0.6161321671525753,90.6237728585178,106.32,19.256977863330125,,0.4491440080563947,0.3308581602373887,400.0,1285.0,400.0,1285.0,7.430114138561801,medium,0.0597593579766537,Lucas Duda,L,-1.6761599444084139,-0.4686463264838556,-1.3490022376210626,0.11169896752887827,-0.13795244911211985,-21.670757,-0.6301297
446308,132,6582,0.4788817988453357,L,0.2046319796954314,0.7953680203045685,0.2969817767653758,0.6869706840390879,87.08445378151261,101.3,14.529411764705882,,0.4489973844812554,0.2972442477876106,380.0,1315.0,380.0,1315.0,7.436027816351848,medium,-0.0012014108465078,Matt Wieters,L,-0.6492593369767103,-0.7066183962395,-0.9384083829599311,-0.4265261895594023,-0.08388078993761343,26.626474,7.906977
446334,133,15531,0.4694482003734466,R,0.2239747634069401,0.7760252365930599,0.2930924818725353,0.6501955671447197,89.79131039277024,104.1,14.91657977059437,70.54628099173554,0.4369596541786743,0.3236108374384236,1220.0,2840.0,1220.0,2840.0,8.309184527686298,high,0.0239908623874394,Evan Longoria,R,0.16405910353636133,0.5777172181257781,-0.5032658752702003,-0.7149084285057434,0.7855295157420665,-4.135773,-14.524263
446359,134,6113,0.4402093898249632,R,0.1579338535860275,0.8420661464139725,0.2437810945273631,0.631375080697224,85.8662640207075,100.4,16.094909404659187,,0.5035714285714286,0.3253569172457359,392.0,1191.0,392.0,1191.0,7.367708572374371,medium,0.0025738039548313,Zack Cozart,R,0.6915259014165177,0.050265017863421434,-1.5888341103797052,-0.06658891962833358,0.7517961766226089,-18.804407,-16.54952
446381,135,2546,0.488216810683425,R,0.1528559935639581,0.8471440064360418,0.2977624784853701,0.648121387283237,84.19500000000001,97.21,11.240384615384617,,0.4008264462809917,0.2838008720930232,255.0,433.0,255.0,433.0,6.535241271013659,medium,0.0397090159851469,Darwin Barney,R,1.374907459799086,-0.5491097241677401,-0.5342293785806287,0.18821978359393982,0.028739642304806138,-11.422744,8.988822
446386,136,4197,0.4870145341910888,R,0.2035225048923679,0.7964774951076321,0.2724665391969407,0.7002375296912114,86.46342105263157,101.31,14.375,,0.454421768707483,0.3281101321585903,625.0,510.0,625.0,510.0,7.035268599281097,high,0.0957536470588235,Brandon Guyer,R,1.502523432584918,0.9509945973132358,-0.06308871956131934,0.0686392986900388,0.7909666756333196,14.904823,-17.235899
446481,137,4125,0.4848484848484848,R,0.3409999999999999,0.659,0.2759942501197892,0.6987242394504416,88.36200345423143,104.8,12.92055267702936,,0.4283246977547496,0.3046641148325359,386.0,659.0,386.0,659.0,6.952728644624869,medium,0.0516253665862077,Sean Rodríguez,R,-0.23815024421198902,1.2501767877390455,0.2625858085126745,0.37385097525941074,0.4781275711660744,8.858209,-23.20574
446653,138,1985,0.4831234256926952,L,0.2617309697601668,0.7382690302398331,0.2622309197651663,0.7175493250259606,87.0125,103.0,9.037617554858937,,0.411214953271028,0.2504032586558045,97.0,394.0,97.0,394.0,6.198478716492308,low,0.0866568632581506,José Lobatón,L,0.2670559953105659,0.5177271795003965,0.29595814959711175,0.18143258844209317,0.10746797309961395,-11.918418,-19.46306
446868,139,17,0.7058823529411765,L,0.3333333333333333,0.6666666666666666,0.5714285714285714,0.8,88.425,95.28,39.0,,0.75,0.1738571428571428,1.0,6.0,1.0,6.0,2.0794415416798357,low,0.2028333333333333,Wilkin Castillo,L,0.16388744741020408,0.008319761285595499,0.07018188005201315,-0.16637027746374905,0.2575852120410604,8.387093,0.21393652
448170,140,281,0.4661921708185053,L,0.2748091603053435,0.7251908396946565,0.3116883116883117,0.6535433070866141,86.31904761904762,100.84,18.166666666666668,,0.3170731707317073,0.2770138888888889,6.0,66.0,6.0,66.0,4.290459441148391,low,0.0171060606060605,Travis Ishikawa,L,0.47343457173037606,0.5556614891096388,0.510473079913419,0.2664480537330142,-0.04679489578693884,14.670863,-10.172052
448306,141,364,0.4587912087912087,R,0.3832335329341317,0.6167664670658682,0.32,0.5560747663551402,88.65294117647059,98.9,5.568627450980392,,0.42,0.1357391304347826,15.0,54.0,15.0,54.0,4.248495242049359,low,-0.1149222222222222,James Shields,R,-0.09519245839374799,-0.025257719867028475,0.3182203677246273,0.3530699999010218,-0.2666054233614859,14.533673,8.097078
448602,142,7687,0.455184077013139,R,0.3078022292083452,0.6921977707916548,0.2457372116349047,0.6809948634766153,87.81334535617674,105.0,13.458070333633904,,0.4331450094161959,0.3349747175901021,591.0,1268.0,591.0,1268.0,7.528331766707247,high,-0.023147471003005,Mark Reynolds,R,-0.8529173648330559,0.8167947179040455,-0.21605313797763487,-0.08946040011320433,0.09836520536913383,-1.4576049,-13.935723
448605,143,880,0.4954545454545455,R,0.3371559633027523,0.6628440366972477,0.2657657657657657,0.7293577981651376,89.66834532374101,105.0,15.215827338129497,,0.524822695035461,0.3287130434782608,134.0,96.0,134.0,96.0,5.442417710521793,low,0.1330304726368159,Justin Ruggiano,R,-0.729521244623646,0.5911039837218531,-0.1314075850865732,0.4851068253135899,0.60238600114974,-1.3301833,-23.147203
448674,144,28,0.3214285714285714,R,0.2222222222222222,0.7777777777777778,0.0,0.5625,94.1,99.94,28.5,,0.0,0.3238333333333333,0.0,6.0,0.0,6.0,1.9459101490553132,low,,Doug Bernier,R,0.1580699811188151,0.2338677393293414,0.13636681716179036,0.056138730442409225,-0.04299256631712308,9.975416,-9.247717
448801,145,11536,0.4410540915395284,L,0.3374606918238994,0.6625393081761006,0.2763648145148226,0.6306171918702219,90.41560773480664,105.5,15.809260539046305,,0.500355871886121,0.3142460317460318,795.0,1977.0,795.0,1977.0,7.927685045615778,high,0.0387843406724501,Chris Davis,L,-0.9740345091011566,0.5409142052599274,0.9151858745588461,0.3582281769276846,0.7718452349794499,-19.461226,5.254495
448802,146,461,0.5314533622559653,L,0.310204081632653,0.689795918367347,0.4,0.6514522821576764,83.9625,100.52,-0.2916666666666667,,0.4558823529411764,0.171090909090909,7.0,37.0,7.0,37.0,3.80666248977032,low,0.0543011583011583,Jaime García,L,0.1794915859423457,-0.03622054121721536,0.535843213153462,0.27365391680821205,0.32745634359050074,-8.790292,16.86916
449107,147,2184,0.4542124542124542,R,0.1391129032258065,0.8608870967741935,0.2786259541984733,0.6161971830985915,85.79488888888888,100.2,9.753333333333334,,0.3662921348314606,0.2556099656357388,269.0,313.0,269.0,313.0,6.368187186350492,medium,0.018628252788104,Mike Aviles,R,0.628163012381216,-0.9790203768811828,-0.37149478583499973,-0.4163890225049905,-0.4705473348732986,6.0988607,7.656829
449168,148,17,0.4705882352941176,R,0.375,0.625,0.0,0.8,96.7,101.66,6.5,,0.5,0.0,1.0,2.0,1.0,2.0,1.3862943611198906,low,0.0,Matt Tuiasosopo,R,-0.03588907488822305,0.04218444039033852,-0.08792700983981977,0.12061249003432344,-0.09007908862808607,-2.8569295,-5.795804
449181,149,3162,0.5531309297912713,R,0.2372784448256146,0.7627215551743853,0.3733003708281829,0.741580310880829,88.82434915773354,104.86,9.561349693251534,,0.3779527559055118,0.2900274725274725,302.0,608.0,302.0,608.0,6.814542897259958,medium,0.0280692859010107,Paulo Orlando,R,0.3749808866785056,-0.3490986952527942,0.684401861294473,-0.345091432350987,0.07451750717659396,24.582634,14.072476
449786,150,465,0.5225806451612903,L,0.2839506172839506,0.7160493827160493,0.3655462184873949,0.6872246696035242,85.89076923076922,98.56,16.876923076923077,,0.4776119402985074,0.241890756302521,37.0,82.0,37.0,82.0,4.787491742782046,low,-0.0282023731048121,Carlos Corporán,L,0.45957642853383923,0.04397853342020995,0.24900878615510336,0.21936541077497698,0.5944010079154604,-8.172583,17.070942
450203,151,385,0.4545454545454545,R,0.4114285714285715,0.5885714285714285,0.3540372670807453,0.5267857142857143,82.6,93.86,4.4,,0.2888888888888888,0.1184727272727272,17.0,38.0,17.0,38.0,4.02535169073515,low,-0.0217987616099071,Charlie Morton,R,0.04162174256113595,-0.7295912907542089,0.09033250991942794,1.0456878962701572,0.3542845143725942,-22.680464,17.954382
450314,152,9422,0.3748673317766928,L,0.1259909399773499,0.8740090600226501,0.2053072625698324,0.5675736961451248,88.51658959537573,101.51000000000002,8.722543352601155,,0.5165165165165165,0.3398875587858059,613.0,1726.0,613.0,1726.0,7.757906208351747,high,-0.0048368395085998,Ben Zobrist,L,-0.21587055004353142,-1.3015292724872192,-2.028970778681785,-0.2604611570424964,-0.9164152436606741,-17.094032,-13.5139885
450317,153,260,0.6,R,0.3141025641025641,0.6858974358974359,0.4888888888888889,0.72,90.57083333333333,105.05,15.479166666666666,,0.5625,0.3876438356164384,29.0,44.0,29.0,44.0,4.30406509320417,low,-0.1155454545454545,J. P. Arencibia,R,-0.0023126169751423054,-0.07053373304401038,0.4722491616217908,0.032463187375321875,0.6777455723015657,-9.605726,17.989134
450641,154,17,0.4117647058823529,L,0.8571428571428572,0.1428571428571428,0.25,0.5555555555555556,,,,,,0.0,1.0,3.0,1.0,3.0,1.6094379124341005,low,0.0,Quintin Berry,L,-0.1547365250372105,0.19143442792683482,0.055562824593050744,0.24252893726492333,0.00635973385711669,-0.51402617,-6.697599
450665,155,4,0.5,L,1.0,0.0,0.0,1.0,,,,,,0.0,0.0,1.0,0.0,1.0,0.6931471805599453,low,,Kris Medlen,L,-0.016327821937638872,0.009551744908297272,0.03293859323156599,0.02290353103667152,0.023255968080181346,2.4880495,-1.480461
451089,156,1219,0.4848236259228876,L,0.2453468697123519,0.754653130287648,0.2643856920684292,0.7309027777777778,88.3480198019802,103.69,9.0,,0.3846153846153846,0.3000941558441558,50.0,258.0,50.0,258.0,5.733341276897746,low,0.0234631007751937,Shane Peterson,L,-0.20352233770907116,0.5373154837820561,0.48012417116808603,-0.018684689195668496,-0.44477191955103806,-7.927026,-1.1030761
451109,157,137,0.5693430656934306,R,0.2051282051282051,0.7948717948717948,0.3857142857142857,0.7611940298507462,84.425,100.6,23.083333333333332,,0.4583333333333333,0.2862285714285714,16.0,19.0,16.0,19.0,3.58351893845611,low,0.2078519736842105,Brett Hayes,R,0.2540724738411241,0.3256072099582273,0.18470662878087193,-0.004030566583496937,0.6415901404655844,19.812815,-9.253105
451192,158,1083,0.5586334256694367,L,0.2181818181818181,0.7818181818181819,0.3690909090909091,0.7542213883677298,86.9037037037037,104.66,9.677248677248675,,0.3815028901734104,0.293017793594306,31.0,250.0,31.0,250.0,5.641907070938114,low,0.145016,Jim Adduci,L,0.37717245846379116,-0.20086759912843324,1.5981095229830953,0.01323283323338028,-0.16067527653380562,19.540468,2.4494727
451594,159,11387,0.4170545358742425,L,0.224468309117709,0.775531690882291,0.2020468801584681,0.6614749483955714,86.9111761263897,102.1,12.595669982445877,,0.467032967032967,0.3322730909090909,638.0,2112.0,638.0,2112.0,7.919719760924575,high,0.000678046630094,Dexter Fowler,L,-0.6089368226956856,0.6156668724526884,-0.7391119206546534,0.22207042712786965,-0.8398675086367687,-14.458603,0.48261672
451705,160,167,0.4610778443113772,R,0.1688311688311687,0.8311688311688312,0.3372093023255814,0.5925925925925926,84.35428571428572,98.86,4.057142857142857,,0.2857142857142857,0.192,9.0,34.0,9.0,34.0,3.784189633918261,low,-0.0486209150326797,Alberto Rosario,R,0.967554445099184,-0.30711592997805853,0.5167944758844129,0.3282075624838244,-0.5662300072020431,15.040607,-5.000786
451713,161,370,0.4351351351351351,L,0.3664596273291925,0.6335403726708074,0.2857142857142857,0.6167664670658682,92.82432432432432,111.0,17.54054054054054,,0.2702702702702703,0.3135444444444444,10.0,80.0,10.0,80.0,4.51085950651685,low,-0.0808375,Carlos Peguero,L,-0.611710280095509,0.09391730680316573,0.89038469345261,-0.11287449600932611,0.009607521313756508,-4.5166345,-1.0295657
452035,162,278,0.5071942446043165,R,0.2624113475177305,0.7375886524822695,0.3103448275862069,0.7218045112781954,87.8913043478261,102.9,17.08695652173913,,0.6222222222222222,0.3757183098591549,27.0,44.0,27.0,44.0,4.276666119016055,low,0.1471161616161616,Kyle Blanks,R,0.3434757337540863,0.8546830404804839,-0.19580192961921783,0.2103882319784941,0.17782862941384883,6.4836345,-21.87852
452095,163,6907,0.4687997683509483,R,0.2714638665843113,0.7285361334156887,0.248763456502764,0.686743515850144,90.7380859375,107.07,12.0,,0.4202020202020202,0.3216426512968299,454.0,1281.0,454.0,1281.0,7.459338895220296,high,0.027751206209356,Tyler Flowers,R,-1.3610641688010705,0.3229479192951257,-0.061138401501247185,0.0011196833180321477,-0.00961778176551902,-1.7560107,-30.5813
452104,164,7220,0.435595567867036,L,0.2203497615262321,0.7796502384737679,0.2342582710779082,0.6529377880184332,87.00607826810992,102.2,11.759367194004996,,0.4520676691729323,0.3115317504141358,551.0,1260.0,551.0,1260.0,7.502186486602924,high,0.0060152622936652,Chase Headley,L,0.4793492000549985,0.5043646389058318,-0.49874038936053605,0.13934869543116302,-0.323723332952274,5.2117963,-9.446896
452220,165,2811,0.4126645321949484,L,0.1594827586206896,0.8405172413793104,0.2253424657534246,0.615099925980755,87.40845360824741,101.1,17.540206185567012,,0.535796766743649,0.3025374639769452,115.0,579.0,115.0,579.0,6.543911845564792,medium,0.015496658406548,Stephen Drew,L,0.5339977023008194,0.39473770807592173,-1.4733686116841442,-0.06709990671338692,0.3512514336633395,-5.5656424,-15.056272
452234,166,5312,0.4021084337349397,L,0.224250936329588,0.775749063670412,0.2345415778251599,0.5908726981585268,89.75849282296652,105.05,9.992822966507177,,0.4655172413793103,0.3312711323763955,109.0,1145.0,109.0,1145.0,7.134890851565884,low,0.0789702335643603,Seth Smith,L,-0.5160779635641679,-0.17688138059788294,-0.8338609717173843,-0.5693701964100538,-0.318330138002297,-1.2182553,4.101347
452239,167,1028,0.4980544747081712,R,0.30859375,0.69140625,0.2962962962962963,0.7462039045553145,88.22317073170731,103.68,10.21341463414634,,0.3869047619047619,0.2710772058823529,95.0,177.0,95.0,177.0,5.60947179518496,low,0.0031003865596194,Justin Maxwell,R,-0.8659985577200741,0.5120283681047123,-0.34853619918584855,0.3891305902298459,-0.20775899973696443,-4.873074,-24.293737
452252,168,5019,0.4562661884837617,L,0.1912663755458515,0.8087336244541484,0.3258385551050498,0.6097137901127494,90.32261521972131,104.9,10.7524115755627,,0.4325221238938053,0.3378971962616822,198.0,1086.0,198.0,1086.0,7.158513997329321,medium,0.0816436743121826,Adam Lind,L,-0.5674974777291024,-1.2893463095834319,0.7138566532078374,-0.6797453321893784,0.31803871719082755,14.637953,20.304232
452254,169,7162,0.4752862328958391,R,0.2799647473560517,0.7200352526439483,0.312103527023598,0.6749456690468798,89.83021411578112,106.6,5.469468675654243,,0.3452477660438667,0.3219780340472268,584.0,1237.0,584.0,1237.0,7.507690077819904,high,0.0049603755772361,Hunter Pence,R,-1.1300695758027108,-0.6815315096467375,1.108641253288977,-0.9383438504711977,-0.6364012400091245,12.454625,11.847236
452655,170,7341,0.432229941424874,L,0.1197604790419161,0.8802395209580839,0.2324823465507876,0.6332331238043181,86.33530612244897,102.0,9.544897959183674,,0.4546742209631728,0.3252688946015424,488.0,1457.0,488.0,1457.0,7.57353126274595,high,0.0637820372537327,Denard Span,L,1.4500989632497527,0.11964519565452712,-0.44615892022961756,-0.29626527173009,-0.22135070947958163,-27.1313,-11.699514
452657,171,1415,0.4106007067137809,L,0.3012048192771084,0.6987951807228916,0.2232854864433811,0.5596446700507615,88.215,102.82,0.3,,0.384180790960452,0.1671566951566951,85.0,266.0,85.0,266.0,5.863631175598097,low,0.0323416629809818,Jon Lester,L,-0.682625445153798,-0.3116444374391801,-0.3124321585035507,1.589565765527687,-0.3985273126547037,-21.533813,21.080622
452672,172,1718,0.4307334109429569,R,0.177027027027027,0.822972972972973,0.2201591511936339,0.5954356846473029,84.18197879858657,98.0,7.141342756183746,,0.358695652173913,0.2738574821852731,113.0,308.0,113.0,308.0,6.045005314036012,medium,0.1137186817607171,Ryan Hanigan,R,1.4316764766348735,0.07099305430216471,-0.3526466868341335,0.9907677731099482,-0.7540643579249848,-20.272264,-11.13729
452678,173,12659,0.4867683071332648,L,0.2022070756247971,0.7977929243752029,0.2944969260758734,0.7008347245409015,88.67999150382329,101.27000000000002,14.646134239592184,,0.5207877461706784,0.3283763570566948,901.0,2415.0,901.0,2415.0,8.106816038947052,high,-0.008340465505316,Asdrúbal Cabrera,L,0.3007813170319936,0.18513875865135523,-0.7059941705115341,-0.6205937293089665,0.12684913265526504,29.352385,4.881881
452718,174,174,0.4655172413793103,R,0.2716049382716049,0.7283950617283951,0.2816901408450704,0.5922330097087378,84.50384615384615,95.55,9.5,,0.32,0.0,0.0,1.0,0.0,1.0,0.6931471805599453,low,,Kyle Kendrick,R,0.05304978743384363,0.02786872235258989,-0.030248394454698957,0.014735102874506769,-0.03581265593225627,0.5633315,-3.6945748
453056,175,5751,0.4599200139106242,L,0.1580340264650284,0.8419659735349716,0.2481520591341077,0.6666666666666666,86.4613595706619,101.1,10.777280858676209,,0.4549058473736372,0.3082619680851063,476.0,1028.0,476.0,1028.0,7.316548177182976,high,0.0382900140600987,Jacoby Ellsbury,L,0.5869832867003877,-0.08861630740863938,-0.36848654412181064,-0.3081068795497635,-0.3444512381629799,-2.6557987,15.651638
453064,176,5229,0.4490342321667623,R,0.1929301533219761,0.8070698466780238,0.278620166793025,0.6225395600154381,89.30352331606217,104.36,12.518134715025909,,0.4501084598698481,0.3233601190476191,302.0,1042.0,302.0,1042.0,7.20414929203594,medium,0.0098626685818153,Troy Tulowitzki,R,-0.6547682483391675,-0.5432959705877379,-0.3036498321131889,-0.6600396561071353,0.14904713646886192,3.1121373,19.583559
453203,177,1453,0.4618031658637302,R,0.1594634873323398,0.8405365126676602,0.2891737891737891,0.6231691078561917,83.79202657807309,98.1,9.365448504983387,,0.3623693379790941,0.2453606138107417,185.0,206.0,185.0,206.0,5.971261839790462,medium,-0.011436709525059,Shane Robinson,R,1.0482043940754036,-0.2725409428380986,-0.24091559339828444,0.1986620435005021,-0.22065663485267847,-11.955761,11.6547165
453211,178,1085,0.3889400921658986,R,0.3459715639810427,0.6540284360189573,0.1646090534979424,0.5709515859766278,88.14285714285714,101.65,17.151785714285715,,0.4070796460176991,0.2784588235294117,134.0,121.0,134.0,121.0,5.545177444479562,medium,-0.0599280251634389,Drew Stubbs,R,-0.7089485450141519,0.4024037544405155,-0.42713318761966146,1.1749748957663353,-0.04827132701064595,-6.2538886,-20.268476
453269,179,327,0.6055045871559633,L,0.2727272727272727,0.7272727272727273,0.4588235294117647,0.7643312101910829,86.87321428571428,105.95,7.178571428571429,,0.4915254237288136,0.1792872340425532,8.0,86.0,8.0,86.0,4.553876891600541,low,-0.0182674418604651,Brennan Boesch,L,-0.24402113902932582,-0.5419830925476509,1.1608330802915623,0.10893728106967612,0.15392764489480737,15.897187,19.57259
453286,180,1400,0.4664285714285714,R,0.3108728943338438,0.6891271056661562,0.2949526813880126,0.608355091383812,84.0551724137931,99.79,-3.806034482758621,,0.3289473684210526,0.1685591939546599,94.0,303.0,94.0,303.0,5.986452005284438,low,-0.0025865107787374,Max Scherzer,R,0.017356178048551583,-0.9332118574802989,0.40903147261743855,1.0230739015143444,-0.33987172160905604,-20.242186,18.437777
453307,181,1,1.0,L,0.0,1.0,,1.0,82.9,82.9,-21.0,,0.0,0.0,0.0,1.0,0.0,1.0,0.6931471805599453,low,,David Huff,L,-0.011608315779932292,0.00932322823091812,0.03650703105182435,-0.022757345244397476,0.014183638966319618,3.4406931,-0.575858
453329,182,175,0.3085714285714285,L,0.3703703703703703,0.6296296296296297,0.1830985915492957,0.3942307692307692,83.85714285714286,95.14,-1.0,,0.1666666666666666,0.0,1.0,1.0,1.0,1.0,1.0986122886681098,low,0.0,Clay Buchholz,L,-0.08700736053013745,0.009909709775424165,0.015856894560479912,0.013376925759409122,0.003957301421218662,2.3453891,-2.304367
453385,183,498,0.4879518072289157,L,0.4032921810699589,0.5967078189300411,0.4110671936758893,0.5673469387755102,83.89999999999999,101.25,3.793103448275862,,0.4482758620689655,0.1607047619047619,23.0,82.0,23.0,82.0,4.663439094112067,low,0.0697147401908801,Clayton Richard,L,-0.9250695871378856,-0.5858368657474012,0.27408740386511704,1.3355295638523401,0.7218757377574208,-23.846724,15.697251
453400,184,2089,0.488750598372427,R,0.2918707149853085,0.7081292850146915,0.3260247855100095,0.6528846153846154,89.6123076923077,104.84,10.941538461538462,,0.3825301204819277,0.2702635658914728,204.0,312.0,204.0,312.0,6.248042874508429,medium,0.0449475867269984,Chris Johnson,R,-0.49599275606406995,-0.14735060965748298,-0.43627751338170273,0.5650466930103338,-0.10140302256087957,-9.385924,-7.2091455
453527,185,8,0.625,R,0.0,1.0,0.5,0.75,77.05000000000001,85.73,-12.0,,0.5,0.0,1.0,1.0,1.0,1.0,1.0986122886681098,low,0.0,Sean Kazmar,R,0.06381383504953099,-0.10868225142047926,-0.031836373942385816,0.01080827460065554,-0.026360504714130775,3.19201,2.7117488
453539,186,1309,0.3636363636363636,L,0.1491596638655462,0.8508403361344538,0.2122571001494768,0.521875,85.16816143497758,98.78,3.192825112107623,,0.5714285714285714,0.254916149068323,54.0,268.0,54.0,268.0,5.777652323222656,low,0.0652025981205085,Sam Fuld,L,0.7498155975060149,-0.5156296258507821,-1.218358701460521,0.4494042192593853,-0.14334692100447405,-14.945617,-9.349044
453562,187,1327,0.4069329314242653,R,0.4314814814814814,0.5685185185185185,0.2805071315372425,0.521551724137931,86.52957746478874,102.18,13.711267605633802,,0.4198473282442748,0.2006983606557377,80.0,225.0,80.0,225.0,5.723585101952381,low,0.1132588888888889,Jake Arrieta,R,-0.31723417583211727,0.09228483471834105,0.03728363003991566,1.221632608862169,0.17956347124397662,-27.246334,18.59541
453568,188,19839,0.472251625585967,L,0.175365567296403,0.8246344327035969,0.2911139922210033,0.657358336730534,87.31956289978677,103.1,13.685051958433254,65.65448028673835,0.4709254709254709,0.3645409390764454,1619.0,3535.0,1619.0,3535.0,8.54772239645106,high,0.0022403722415831,Charlie Blackmon,L,0.4444130841194524,-0.07740011849507356,0.11665641050546467,-1.7998266302733799,0.9933961146200008,-25.378609,4.4680104
453895,189,426,0.488262910798122,R,0.2788461538461538,0.7211538461538461,0.3421052631578947,0.6059322033898306,84.38333333333334,98.08,12.86111111111111,,0.4102564102564102,0.2442521739130435,60.0,55.0,60.0,55.0,4.7535901911063645,low,0.1377515151515151,Brendan Ryan,R,-0.15069998025663459,-0.30055895136791916,-0.679379797416308,0.6641529363970201,0.7779479220044575,-23.259214,12.490833
453923,190,4323,0.4221605366643534,L,0.1846575342465753,0.8153424657534246,0.2099866250557289,0.6509615384615385,85.88607594936708,100.9,12.472573839662449,,0.4442877291960507,0.2989559633027523,241.0,849.0,241.0,849.0,6.994849985833071,medium,0.0235750724552682,Grégor Blanco,L,1.116519823769424,0.6026802517288806,-0.023922307594249355,0.22332055095662054,-0.4028021774948823,13.341204,-7.898342
453943,191,12621,0.4490135488471595,R,0.2415740250573496,0.7584259749426504,0.2795988624457416,0.6395622895622896,88.75115934879132,104.6,19.093734583127777,,0.4818414322250639,0.3241176850953766,774.0,2319.0,774.0,2319.0,8.037220031133012,high,0.0279830553800589,Todd Frazier,R,0.32914040938065053,1.1566095853292733,0.1100920931303042,-0.8094156306306023,1.3866522544426605,17.007977,-18.47471
454560,192,3105,0.3774557165861513,R,0.1484641638225255,0.8515358361774744,0.1515994436717663,0.5722855428914218,87.6762,102.0,12.068,,0.3604887983706721,0.3063387096774193,291.0,453.0,291.0,453.0,6.61338421837956,medium,0.0229281081450126,A. J. Ellis,R,0.868063291142722,0.490844803260658,-0.828386258232155,0.11685620796349717,-0.8511990680991877,-14.180432,-13.337953
454975,193,194,0.4381443298969072,L,0.2235294117647058,0.7764705882352941,0.2777777777777778,0.6395348837209303,87.58235294117648,101.7,-5.088235294117647,,0.5588235294117647,0.3192222222222222,5.0,40.0,5.0,40.0,3.828641396489095,low,-0.035975,Hernán Iribarren,L,0.3931518824188888,-0.56140533266383,0.28767350678198067,0.05538483517410341,-0.019069879729321202,-13.330058,9.46246
455104,194,6219,0.4396205177681299,R,0.2710314557425018,0.7289685442574981,0.183366077275704,0.6868878357030016,89.99285714285713,106.78,14.510204081632653,,0.423121387283237,0.3112378706199461,531.0,953.0,531.0,953.0,7.3031700512368,high,0.0398320162515833,Chris Iannetta,R,-0.5805592661527184,1.5153853640046577,-0.4497779791570802,0.642575494419434,-0.5974186147770331,-1.9454362,-26.447346
455117,195,12165,0.459515002055076,R,0.2710196779964222,0.7289803220035778,0.2794384805945499,0.6379705400981996,87.13721174004192,102.8,14.420031463030938,70.14985074626865,0.4567567567567567,0.2748765392093324,880.0,2206.0,880.0,2206.0,8.034955024502159,high,0.0470966722986895,Martín Maldonado,R,-0.08667128163641276,0.33830803270238463,-0.5396458668885883,0.05924866040825459,0.7056676721474018,-1.2427248,-17.76214
455139,196,8137,0.4538527712916308,R,0.2965069049553208,0.7034930950446792,0.2746220797068254,0.6613630336780695,86.91429816913687,103.04,18.091543156059284,,0.5031111111111111,0.3261536936043629,607.0,1410.0,607.0,1410.0,7.609862200913554,high,0.0468521948426747,Robinson Chirinos,R,0.6537877330973072,1.258132130739101,-0.06770238986961702,0.1519536560278268,1.0269059139244603,7.195699,-26.079445
455369,197,322,0.531055900621118,L,0.1929824561403509,0.8070175438596491,0.4024390243902439,0.6645569620253164,86.82753623188407,97.66,17.463768115942027,,0.4590163934426229,0.3219222222222222,22.0,68.0,22.0,68.0,4.51085950651685,low,0.1091483957219251,Ramiro Peña,L,0.5779343818219593,-0.8890046702641963,-0.06303939757782813,-0.007945709754476976,0.5737366837571178,-6.9221134,14.875687
455755,198,1667,0.3929214157168566,R,0.1480916030534351,0.8519083969465648,0.2131147540983606,0.5560640732265446,84.35061349693251,97.65,8.650306748466258,,0.425,0.2552356979405034,91.0,346.0,91.0,346.0,6.082218910376446,low,-0.0159811662326112,Chris Stewart,R,0.7774467442458521,-0.7857516590514976,-1.373694456567309,0.893650396321831,-0.34038423386458927,-17.827742,-10.410918
455759,199,3909,0.4261959580455359,R,0.2118847539015605,0.7881152460984394,0.2247191011235955,0.628395694515633,85.84779299847793,103.2,19.660578386605785,,0.5381882770870338,0.3251070336391437,422.0,559.0,422.0,559.0,6.889591308354466,medium,0.0609307709264173,Chris Young,R,-0.2522849375669752,0.12467255076522109,-1.716239262144778,0.21942036774210258,1.1062684947402501,-25.313272,-5.4962773
455976,200,13220,0.4102874432677761,L,0.114122418879056,0.885877581120944,0.2296447887735711,0.6040131682081831,89.72007936507937,102.6,8.85952380952381,,0.3801890669954788,0.3279927623642943,943.0,2373.0,943.0,2373.0,8.106816038947052,high,0.039119693583568,Nick Markakis,L,0.92434281246323,-0.30844961582714714,0.4186990107430276,-1.5266265597033277,-1.1884086560868148,-15.526139,-2.999089
456030,201,6317,0.4264682602501187,R,0.1102449888641425,0.8897550111358574,0.239572561185798,0.5851873536299765,87.44689709347996,98.88,9.253930817610064,,0.3815359477124183,0.3428435754189944,319.0,1292.0,319.0,1292.0,7.385230923066573,medium,0.0223422508419305,Dustin Pedroia,R,2.033172874735743,-0.285736873782062,-0.8132139686318007,-0.004035051986986398,-1.228189375693526,26.027992,-2.3829134
456071,202,47,0.425531914893617,L,0.6,0.4,0.3181818181818182,0.52,69.60000000000001,77.34,-18.666666666666668,,0.0,,0.0,0.0,0.0,0.0,0.0,low,,Yohan Flande,L,-0.005369709991372732,-0.0032877958600055794,-0.0012863956094126597,-0.02456379365978914,0.011264242051122449,2.4391344,-0.6340876
456078,203,6447,0.4341554211261051,R,0.2465166130760986,0.7534833869239014,0.2611181702668361,0.5992725068202486,89.30845864661654,104.3,13.446428571428571,,0.437015503875969,0.3188255528255528,469.0,1159.0,469.0,1159.0,7.395721608602045,high,0.0375089399544861,Welington Castillo,R,-0.37671165324929967,0.53593213406708,-0.7362554698196542,-0.1695146999944883,0.2859961577491086,-2.6153529,-15.095008
456121,204,911,0.4698133918770582,R,0.2616822429906542,0.7383177570093458,0.3071593533487298,0.6171548117154811,87.92012987012987,103.01,5.525974025974026,,0.4133333333333333,0.3023815789473684,84.0,144.0,84.0,144.0,5.43372200355424,low,-0.0606954365079365,Chris Denorfia,R,-0.2927551145816269,-0.2670289711673714,-0.4069329665641014,0.05514467445377764,-0.11101242029446841,-2.6454208,5.2020907
456124,205,1539,0.4996751137102014,R,0.2561768530559167,0.7438231469440832,0.3275862068965517,0.664968152866242,88.7421768707483,103.9,13.758503401360544,,0.4472727272727272,0.2327242206235012,128.0,289.0,128.0,289.0,6.035481432524756,medium,0.0664221723615916,Erik Kratz,R,-0.11821100208260303,-0.21821764872072302,-0.1803361991544731,0.03887021543566896,1.1483835628525216,-6.0323133,10.962605
456422,206,3462,0.4093009820912767,L,0.2378263937896965,0.7621736062103035,0.2111486486486486,0.6180308422301305,85.45499124343257,98.3,8.746059544658493,,0.4260249554367201,0.28267007963595,183.0,696.0,183.0,696.0,6.779921907472252,medium,-0.0353577586206896,Michael Bourn,L,0.9548303630877677,0.6136607784858911,-0.3868967724239355,1.1753604601590641,-0.12157615218390766,-12.198806,-13.028095
456488,207,6793,0.5277491535404093,R,0.1520223152022315,0.8479776847977685,0.3632990867579909,0.7029492246883551,88.14711842938569,104.5,7.2965779467680605,,0.3802153432032301,0.3127742594484167,564.0,1394.0,564.0,1394.0,7.580189417944541,high,-0.0244301286160546,Eduardo Núñez,R,0.5315193940059665,-1.0481195611320984,0.5700188804773394,-1.562537569777087,0.30314593519485183,10.030539,5.5880575
456501,208,625,0.4912,R,0.2280130293159609,0.7719869706840391,0.3529411764705882,0.5864864864864865,79.70330578512397,92.5,-5.8429752066115705,,0.2035398230088495,0.104190082644628,45.0,76.0,45.0,76.0,4.804021044733257,low,0.0204301169590643,Johnny Cueto,R,0.163235628219391,-1.3415225765147896,0.7000985137659984,1.010622763021178,-0.45136845994422287,-19.136923,18.218672
456665,209,5243,0.4602326912073241,R,0.2237878159966846,0.7762121840033154,0.2391720965887313,0.6791951404707669,88.26757940854327,102.6,15.092004381161008,,0.4841735052754982,0.3339075757575757,477.0,843.0,477.0,843.0,7.186144304522325,high,0.0107182195960817,Steve Pearce,R,-0.4677285563960746,0.6128723337340558,-1.9064687195904497,0.23967787589370465,-0.011959969750489536,-8.944047,-24.64632
456714,210,3298,0.4496664645239539,R,0.1800404585300067,0.8199595414699933,0.2965393794749403,0.6078914919852034,89.65842519685039,104.86,8.522834645669292,,0.3712,0.3152931034482759,303.0,567.0,303.0,567.0,6.769641976852503,medium,-0.0102587004732219,Billy Butler,R,0.40996647045984863,-0.14953621383146953,-0.35691615079094047,-0.6633620023138666,-0.22365861675518292,7.9082837,4.508637
456715,211,13305,0.4665163472378805,R,0.1833413887546319,0.8166586112453681,0.2666469806584969,0.6737599510104103,89.19076240419524,104.9,7.749899152884227,,0.3411469233989117,0.3314629958555358,909.0,2469.0,909.0,2469.0,8.12533508671429,high,0.0374494022913834,Lorenzo Cain,R,-0.19824563176668764,-0.6322344971794263,-0.17506465102021704,-1.0357034494634805,-0.6659096987344519,24.631048,14.235305
456781,212,6347,0.4942492516149362,R,0.1979598342365317,0.8020401657634683,0.3219435736677116,0.6683560342096927,88.72652885443583,102.8,11.955211024978468,66.38078078078078,0.3712316968130921,0.3269390243902438,583.0,1057.0,583.0,1057.0,7.403061091090091,high,0.0129169418610878,Donovan Solano,R,1.3706933463370057,0.2573501629763108,0.23356540539313916,-0.9696232377278395,-0.4558035749403467,9.180527,-5.483345
457449,213,68,0.4852941176470588,R,0.3939393939393939,0.6060606060606061,0.2727272727272727,0.6857142857142857,87.37777777777778,108.04,23.666666666666668,,0.4444444444444444,0.365125,4.0,12.0,4.0,12.0,2.833213344056216,low,0.1608333333333333,Jamie Romak,R,-0.09051864767135825,0.6770028103534721,0.09334819261727512,0.08990251878358493,0.20488185530296507,8.680416,-18.021805
457454,214,2229,0.4472857783759533,L,0.3350050150451353,0.6649949849548646,0.2576271186440678,0.6606291706387035,89.73543859649122,103.46,20.712280701754388,,0.4945848375451263,0.2832921960072595,130.0,421.0,130.0,421.0,6.313548046277095,medium,0.0082854924173213,Jarrod Saltalamacchia,L,-0.2969020369017962,0.7525105378041481,-0.030199891942646103,0.45515216963751987,0.4847721289855642,9.060063,-21.46266
457477,215,2760,0.4525362318840579,L,0.2313851080864691,0.7686148919135308,0.2749326145552561,0.6590909090909091,87.01853546910755,100.28000000000002,14.988558352402746,,0.4275700934579439,0.296862518089725,111.0,580.0,111.0,580.0,6.539585955617669,low,0.0840270114942529,Alejandro De Aza,L,1.1989919201231483,0.4973884508682036,-0.26360139749019107,0.6397144682243399,0.030739115967590845,13.489628,-9.478325
457574,216,483,0.432712215320911,R,0.1961722488038277,0.8038277511961722,0.2995780590717299,0.5609756097560976,81.77586206896552,97.74,11.758620689655173,,0.4470588235294118,0.246860465116279,32.0,97.0,32.0,97.0,4.867534450455582,low,-0.0080847293814433,Jordan Pacheco,R,0.4958509091646438,-0.39892795836268385,-0.5908785036201227,0.35236184025660455,-0.05669569500494216,-11.053981,8.538734
457705,217,19777,0.4262021540172928,R,0.2258868193142721,0.7741131806857279,0.1991311376035562,0.6537098896649458,89.54227694275664,103.9,14.228260869565217,70.34296028880867,0.4564437194127243,0.344365533069059,1282.0,3511.0,1282.0,3511.0,8.475120414994329,high,0.0453960465681515,Andrew Mccutchen,R,-0.4517464468270237,1.377140208516173,-1.182078073098943,-0.6882677606486013,0.10503921077622116,-5.4836354,-16.928104
457706,218,5975,0.4379916317991632,R,0.2243026366068017,0.7756973633931983,0.2339529989477376,0.6241997439180538,88.63034934497816,102.1,9.822757111597374,,0.3695408734602463,0.3099364406779661,514.0,902.0,514.0,902.0,7.256297239690681,high,0.0260388673678035,Austin Jackson,R,1.2526070849102533,0.6250369977823095,0.3365536111267868,-0.07238228228960354,-0.7183081985827241,12.640156,-9.3270855
457708,219,13866,0.4394922832828501,R,0.2904496225795865,0.7095503774204135,0.230736301369863,0.652814231554389,90.01417835671342,107.1,15.521303258145364,,0.4389865563598759,0.3367982535380909,862.0,2459.0,862.0,2459.0,8.10832229017324,high,-0.0201988462289671,Justin Upton,R,-0.515777379127832,1.613741006940165,0.18608297614301694,-0.5216008249119479,-0.03930761216314904,2.6949873,-24.36414
457727,220,8604,0.4137610413761041,R,0.2140449438202247,0.7859550561797752,0.2238051470588235,0.6081843838193791,87.78301759133964,103.4,5.420162381596753,,0.3807854137447405,0.3154862132352941,654.0,1522.0,654.0,1522.0,7.685703061234547,high,-0.0145483409484543,Cameron Maybin,R,-0.167657682056811,-0.011561595785780934,-0.35944605105794974,-0.06281269386294794,-1.2024590550491137,0.36139712,-15.7681055
457759,221,17977,0.4500194693219113,R,0.157478368355995,0.842521631644005,0.2369536128456735,0.6621156621156621,89.91171612113797,102.8,17.495870296726828,64.90892857142858,0.3841121495327103,0.3658578713968958,1360.0,3150.0,1360.0,3150.0,8.414274137408396,high,0.0037607492997199,Justin Turner,R,0.6131473120356095,0.5396540905635379,-0.2615406522387923,-1.4733435391804506,0.12564103157513487,26.52112,-11.253116
457760,222,125,0.568,L,0.295774647887324,0.704225352112676,0.3924050632911392,0.8695652173913043,86.16842105263159,101.04,8.631578947368421,,0.55,0.1923125,2.0,30.0,2.0,30.0,3.49650756146648,low,0.2051333333333333,Danny Dorn,L,0.11603544770230427,0.1317985701781035,0.3031706000368229,0.0029622988430477197,0.6019406948305019,19.203241,-9.615918
457762,223,30,0.3,L,0.2222222222222222,0.7777777777777778,0.1,0.7,92.7,95.76,15.8,,0.4,0.3498571428571428,5.0,2.0,5.0,2.0,2.0794415416798357,low,0.6078,Bryan Anderson,L,0.09116561453867114,-0.023852860930773833,-0.17798186798955457,-0.016645076821919225,-0.11259305765509894,0.89088994,3.1311648
457763,224,11729,0.4574132492113564,R,0.1509785647716682,0.8490214352283317,0.2549344833305689,0.671578947368421,89.13010933557611,102.5,10.172834314550045,,0.3874143835616438,0.3469662596401028,876.0,2236.0,876.0,2236.0,8.043342170441608,high,0.0282239668847664,Buster Posey,R,0.13850278777610753,-0.21106722903451147,-1.0777814224479607,-1.2093075065559746,-0.12458083244535409,20.646336,13.723983
457775,225,1299,0.4311008468052348,R,0.2446428571428571,0.7553571428571428,0.2263843648208469,0.6145985401459854,86.93409090909091,101.5,7.954545454545454,,0.4476190476190476,0.2832469879518072,100.0,232.0,100.0,232.0,5.808142489980444,low,-0.0291172413793103,Desmond Jennings,R,0.2468137180816083,0.0507790180619053,-0.4085265780751089,-0.31832185975128735,-0.20895815033321458,-7.417208,-2.882989
457787,226,4790,0.5052192066805845,L,0.3214876033057851,0.6785123966942149,0.3291476407914764,0.7192414431082331,87.95142857142856,104.51,13.428571428571429,,0.5137085137085137,0.2846372165754495,333.0,946.0,333.0,946.0,7.154615356913663,medium,0.0020592474080846,Danny Espinosa,L,-0.4823508501652641,0.3915839433505384,0.019155784279256658,0.2446316346656977,1.675255584267921,-9.742206,14.178473
457788,227,283,0.4876325088339223,L,0.2318840579710145,0.7681159420289855,0.3,0.6713286713286714,79.9325,95.94,9.4,,0.3157894736842105,0.2277916666666666,16.0,56.0,16.0,56.0,4.290459441148391,low,-0.0912321428571428,Jordan Schafer,L,0.8346402951798584,0.45891162627453563,0.7199446288124273,0.3658265950263848,-0.05389943060701863,15.259032,-10.312089
457789,228,258,0.437984496124031,L,0.1415929203539823,0.8584070796460177,0.226890756302521,0.6187050359712231,85.78372093023255,99.26,8.604651162790697,,0.3953488372093023,0.2006031746031746,18.0,45.0,18.0,45.0,4.1588830833596715,low,-0.0771666666666666,Jemile Weeks,L,1.2323634283321558,0.11458796736821457,0.21412984458705625,0.2539080854053623,-0.25354973327224967,14.679425,-7.380046
457803,229,10399,0.5054332147321858,L,0.2557077625570776,0.7442922374429224,0.3074131674442716,0.7539028620988725,89.02994475138122,104.0,17.490055248618784,,0.4949152542372881,0.3227124672407338,758.0,1913.0,758.0,1913.0,7.890582534656536,high,0.0427197649190995,Jay Bruce,L,-1.6340610113426686,-0.03627978535344072,-1.0182464327835123,-0.05096676591210383,0.3502696061940556,-2.3012743,17.016388
457915,230,16,0.3125,R,0.4,0.6,0.0,0.4166666666666667,70.8,70.8,39.0,,0.0,0.0,1.0,0.0,1.0,0.0,0.6931471805599453,low,,Javy Guerra,R,-0.08736743391888561,0.013352433471602376,0.015346750450295153,0.13481209371384548,0.015800336870583055,-1.8392794,-5.041028
457926,231,359,0.4874651810584958,R,0.1542857142857142,0.8457142857142858,0.2484472049689441,0.6818181818181818,83.71666666666667,98.71,15.26923076923077,,0.3013698630136986,0.2123265306122449,39.0,59.0,39.0,59.0,4.59511985013459,low,0.0305058670143416,Paul Janish,R,0.4908726427104084,-0.3329456939266459,-1.0570995261286726,0.22243676906152413,0.13236359703599168,-14.63188,-8.937939
458015,232,19054,0.4124593261257478,L,0.1991347499681893,0.8008652500318106,0.1799415970194341,0.6655705360078922,89.2893062605753,103.4,13.927894380501016,66.533,0.4358620689655172,0.382299198960814,1378.0,3241.0,1378.0,3241.0,8.438149984075784,high,0.0323574184892494,Joey Votto,L,-0.07049627731634522,1.4265444249655523,-0.3209575724373653,-0.19037387679316697,-1.4111236510328602,23.388327,-3.1078691
458085,233,3546,0.4390862944162436,L,0.201669877970456,0.798330122029544,0.2361702127659574,0.6680672268907563,87.79964664310954,101.2,9.765017667844525,,0.4701627486437613,0.3067102272727272,85.0,795.0,85.0,795.0,6.78105762593618,low,0.1206198298187199,Chris Coghlan,L,0.18870475361254577,0.10437800951809598,-0.6320239677037519,-0.41315367456165186,-0.6882718217694328,25.44675,5.5634937
458582,234,176,0.4829545454545454,L,0.2588235294117647,0.7411764705882353,0.3020833333333333,0.7,90.80384615384617,101.0,14.192307692307692,,0.3703703703703703,0.1986222222222222,3.0,42.0,3.0,42.0,3.828641396489095,low,-0.1007619047619047,Reid Brignac,L,0.5948817079658415,0.5019147660538382,0.5177649582601603,-0.06409204910499591,-0.016549960470044547,16.295,-11.573407
458668,235,13,0.4615384615384615,L,0.6666666666666667,0.3333333333333333,0.3333333333333333,0.75,80.7,82.46000000000001,6.5,,1.0,0.0,2.0,2.0,2.0,2.0,1.6094379124341005,low,0.0,Jordan Danks,L,-0.151115394516958,0.1385291357020786,-0.05474979025647108,0.17368743832898997,0.01723587631756834,-3.3392885,-8.140187
458675,236,4324,0.473172987974098,L,0.3235581622678397,0.6764418377321603,0.2804097311139564,0.7011610297829379,88.93273905996759,104.04,19.20259319286872,,0.5612582781456954,0.3133949814126394,245.0,831.0,245.0,831.0,6.981934677156389,medium,0.01923619440556,Colby Rasmus,L,-0.15842464615913987,1.3147112476524163,0.04520435118876917,0.2817496398004164,0.9628756692928689,10.005964,-21.173803
458681,237,434,0.5092165898617511,L,0.3936651583710407,0.6063348416289592,0.3489583333333333,0.6363636363636364,83.838,98.93,9.08,,0.4222222222222222,0.1267169811320754,26.0,80.0,26.0,80.0,4.672828834461906,low,0.0508413461538461,Lance Lynn,L,-0.1618094145309374,-0.46167925614886185,0.2714684980613219,0.8712481262526944,0.6326688773453147,-24.686712,17.318987
458689,238,82,0.6097560975609756,R,0.4599999999999999,0.54,0.5434782608695652,0.6944444444444444,82.35,97.25,1.6,,0.5454545454545454,0.3286086956521739,9.0,14.0,9.0,14.0,3.1780538303479458,low,-0.1629126984126984,Chris Dominguez,R,0.023146565395867687,-0.27763136449975945,0.5375688714185423,0.40165305715259914,0.4352492105133699,-12.130572,16.865644
458731,239,15758,0.367432415281127,L,0.1613126079447323,0.8386873920552677,0.2076857177824011,0.5394754184789772,87.40495207667732,101.4,10.71194566520176,,0.4303365999147848,0.3235288900833109,986.0,2735.0,986.0,2735.0,8.222016437202196,high,0.0446243559745022,Brett Gardner,L,1.382199343562804,0.2734424386859539,-0.6876533265993002,-0.2859341216732361,-0.7921734951084628,11.628266,-11.548496
458913,240,1186,0.4881956155143339,L,0.2538860103626943,0.7461139896373057,0.2355072463768115,0.7082018927444795,85.4706976744186,101.12,3.186046511627907,,0.419047619047619,0.2625770392749245,88.0,243.0,88.0,243.0,5.805134968916488,low,0.0153980546202768,Eric Young,L,0.4483293325593798,0.1002384256239413,0.34678736172969804,0.7467013671200211,-0.5577968145715287,-9.819304,-3.2461932
459431,241,3506,0.452937820878494,L,0.2537783375314861,0.7462216624685138,0.2390243902439024,0.6905478627332932,88.73293885601578,104.5,10.741617357001973,,0.4888438133874239,0.3172260024301336,187.0,636.0,187.0,636.0,6.714170529909472,medium,-0.047538038543033,Michael Saunders,L,-0.8582870991386934,0.24570663277936794,-0.6022783997147693,0.09861765199323899,-0.3997813833208735,-6.7781634,-4.997305
459964,242,7467,0.4282844515869827,L,0.2592245153220762,0.7407754846779238,0.2056737588652482,0.6780335322534811,87.55523978685612,102.1,14.951154529307283,,0.4968210717529518,0.324911651021535,221.0,1590.0,221.0,1590.0,7.502186486602924,medium,0.0690429892711801,Matt Joyce,L,-0.6604653589503304,0.7553495924884364,-1.608819114651328,0.6339044582490033,-0.14825037168383384,-9.576933,-24.639353
460003,243,62,0.6129032258064516,R,0.2894736842105263,0.7105263157894737,0.4074074074074074,0.7714285714285715,86.2909090909091,94.4,8.181818181818182,,0.0909090909090909,0.1762,10.0,5.0,10.0,5.0,2.772588722239781,low,0.2643,Taylor Teagarden,R,0.3297538469532699,0.1008330783000653,0.33053140600451797,0.22122208369623722,0.08954551815195956,11.115941,-5.0593653
460026,244,5155,0.5173617846750728,R,0.2335958005249343,0.7664041994750657,0.2705786471067645,0.7415771936319882,88.92881177707676,104.1,12.65720294426919,,0.4268817204301075,0.3144640522875817,439.0,938.0,439.0,938.0,7.228388451573604,medium,0.0528462098877561,Nick Hundley,R,-0.5623662894619026,0.4577395473556627,0.11080227488267583,-0.0034977085731000834,-0.3376972875527364,5.4632916,-25.290201
460055,245,471,0.4692144373673036,R,0.2760180995475113,0.7239819004524887,0.2745901639344262,0.6784140969162996,85.95526315789475,100.7,10.88157894736842,,0.4861111111111111,0.2399663865546218,62.0,57.0,62.0,57.0,4.787491742782046,low,0.065597623089983,John Mayberry,R,-0.5561485885698415,-0.5194245824501118,-1.1455751000813121,0.41104284735339064,0.6715785286777304,-24.680143,-4.749069
460060,246,2780,0.4496402877697841,L,0.2224,0.7776,0.2525879917184265,0.6641622839969947,86.0270783847981,99.2,14.040380047505938,,0.452322738386308,0.2614696296296296,142.0,533.0,142.0,533.0,6.516193076042964,medium,0.0752954839732579,Cliff Pennington,L,1.0689098453619663,0.40301332200268447,-0.2982213269476141,0.31263818552023354,-0.22054404378759151,25.16417,4.28407
460075,247,9696,0.5115511551155115,R,0.2125,0.7875,0.3478179434351002,0.7121872848290108,91.12585287846484,106.75,7.092217484008529,,0.3840659340659341,0.3548480916030534,750.0,1870.0,750.0,1870.0,7.8713112033234065,high,0.0357607700534759,Ryan Braun,R,-1.2797150452283368,-1.278084375924622,0.892832756392325,-0.8297672212830558,-0.173646330828029,8.293322,13.9733715
460077,248,2878,0.4656011118832522,R,0.2223880597014925,0.7776119402985074,0.2741589119541875,0.6461850101282917,85.36198347107437,98.5,18.723140495867767,,0.4261241970021413,0.2538101788170564,236.0,491.0,236.0,491.0,6.590301048196686,medium,-0.0002271307259484,Drew Butera,R,0.5683842517526239,0.24325742866711617,-0.8785325214380756,0.47046609743619533,0.6683343193109604,0.47851074,-14.026652
460086,249,11196,0.4565916398713826,L,0.227112676056338,0.772887323943662,0.2521109770808202,0.6766178379380678,87.61806451612904,103.2,12.42258064516129,,0.4824175824175824,0.3056035335689046,814.0,2016.0,814.0,2016.0,7.9483852851118995,high,0.0133207692270192,Alex Gordon,L,-0.6288075288944303,0.16685794269260942,-0.7422843388035901,-0.13998552636021652,-0.19472035253138606,-12.400946,-19.335043
460099,250,1753,0.4107244723331432,R,0.2513888888888889,0.7486111111111111,0.2203196347031963,0.6009122006841505,86.35632183908046,103.2,12.260536398467432,,0.4247104247104247,0.3066166666666666,205.0,215.0,205.0,215.0,6.042632833682381,medium,-0.0279817356778218,Nolan Reimold,R,-0.12220068372172682,0.4040966654330418,-0.3025780547448907,0.25099354865407897,-0.05338096956248496,0.35673717,-16.128597
460131,251,246,0.4878048780487805,L,0.2916666666666666,0.7083333333333334,0.3285714285714285,0.6981132075471698,89.45675675675676,104.9,2.5135135135135136,,0.3243243243243243,0.3076885245901639,11.0,50.0,11.0,50.0,4.127134385045092,low,0.2776690909090908,Brian Bogusevic,L,-0.5546142839553995,-0.1574357893008836,0.6276547995338942,0.038637383400232754,-0.37308513261145204,-9.293982,2.9142652
460269,252,2205,0.4353741496598639,R,0.2385416666666666,0.7614583333333333,0.2685185185185185,0.5955555555555555,87.0870588235294,102.41,13.08235294117647,,0.4892307692307692,0.3081857923497267,174.0,375.0,174.0,375.0,6.309918278226516,medium,0.0424532413793103,Chris Gimenez,R,-0.3598291900584023,-0.4475846686600688,-1.4217452494283764,0.6348239863420646,0.7227555827685845,-25.185425,-5.2769904
460576,253,6748,0.552756372258447,R,0.2780160857908847,0.7219839142091152,0.3626828595086944,0.77312,87.8938392857143,105.2,15.186607142857143,,0.416030534351145,0.3079247428262046,486.0,1361.0,486.0,1361.0,7.521859252201629,high,-0.0396807222358287,Carlos Gómez,R,-0.2825138696559709,0.1477816463429914,1.3438213596836504,-0.3401289829845202,0.9166938257192795,22.56395,-14.52828
461235,254,5507,0.4944615943344834,L,0.3125229526257803,0.6874770473742197,0.3035594358629953,0.719256623171214,89.01980440097799,106.03,20.1479217603912,,0.5325,0.3129884393063584,367.0,1017.0,367.0,1017.0,7.233455418621439,medium,-0.0004903667623158,Brandon Moss,L,-0.5018545348966365,1.0738072546999888,0.11750415131614371,0.1267274289486935,0.4514397768428126,1.6360123,-27.07117
461314,255,9166,0.5240017455814968,R,0.2731626067041433,0.7268373932958567,0.3475005059704513,0.7304142011834319,88.72599067599067,104.15,12.783673469387756,,0.4288310115081769,0.3294077669902913,649.0,1823.0,649.0,1823.0,7.813187267521416,high,0.0279357397811055,Matt Kemp,R,-0.5975243657520183,0.018479681951129687,-0.20174639682883846,-0.293385110248508,0.6147020657468754,-0.4596667,-12.48378
461416,256,1590,0.4484276729559748,L,0.2300140252454418,0.7699859747545582,0.2835294117647058,0.6378378378378379,86.81111111111112,104.3,3.6743295019157087,,0.42578125,0.2865346534653465,48.0,356.0,48.0,356.0,6.003887067106539,low,0.1380159176029962,Will Venable,L,-0.5717090793172339,-0.35048144040230605,0.38545761971941145,-0.3668636614678547,-0.4158150461766717,-3.5216534,3.892485
461815,257,1475,0.4623728813559322,L,0.1378299120234604,0.8621700879765396,0.3281853281853282,0.6117478510028653,88.32000000000001,102.8,7.72258064516129,,0.4487179487179487,0.3184870466321243,24.0,362.0,24.0,362.0,5.958424693029782,low,-0.0060117403314917,David Murphy,L,-0.11246316579154221,-1.3494161113273744,-0.7232208537520132,-0.5046036674468108,0.07898311404124521,9.286307,26.061504
461829,258,859,0.5203725261932479,R,0.4675615212527964,0.5324384787472036,0.4015957446808511,0.6128364389233955,78.25188679245284,92.35,10.471698113207546,,0.3846153846153846,0.1181441441441441,43.0,179.0,43.0,179.0,5.407171771460119,low,-0.0704677146940366,Gio Gonzalez,R,0.2821323136223114,-0.5512262684333868,0.2736876163836753,1.7868255757471094,1.1198735572454999,-25.672087,15.891572
461858,259,4979,0.4476802570797349,R,0.2014356213548677,0.7985643786451323,0.2488870902468636,0.6435406698564593,89.48833333333333,104.71,12.85,,0.4476409666283084,0.3031264456437934,387.0,910.0,387.0,910.0,7.168579897264035,medium,0.025960865491098,Trevor Plouffe,R,-0.3004304005305365,0.7215851865147103,-0.285268583170198,-0.8159687034257584,-0.30701057034092655,13.901703,0.17344746
461865,260,3548,0.5307215332581736,L,0.2310143388210302,0.7689856611789697,0.3333333333333333,0.7285553047404063,83.73657770800628,99.4,7.240188383045526,,0.404399323181049,0.2659774193548387,213.0,717.0,213.0,717.0,6.836259277277067,medium,0.0146099554088828,Andrew Romine,L,1.1707864562947212,-0.2370706730056194,0.7549701393791338,0.8608273268527756,0.2555879263078456,-28.959967,2.8285282
462101,261,17408,0.4574333639705882,R,0.1758131357528569,0.824186864247143,0.2947198895663177,0.6197360872059667,87.49876473891072,102.3,8.58726150392817,66.50535117056856,0.4233975280252946,0.3062249728555917,1315.0,3290.0,1315.0,3290.0,8.43511508038063,high,0.0134862158632566,Elvis Andrus,R,0.05969004798027494,-1.015909173881207,-0.7150495211969872,-0.8365562550080586,-0.5782466785634092,-8.577713,5.7155395
462564,262,557,0.4236983842010772,R,0.2754237288135593,0.7245762711864406,0.2062937062937063,0.6531365313653137,89.74683544303798,105.02,17.0,,0.5,0.2726737588652482,43.0,98.0,43.0,98.0,4.955827057601261,low,0.0368737541528239,Dan Uggla,R,-1.0831689074190125,0.620875956911668,-1.2021032569229253,0.2677851943264945,0.5432849995766055,-23.837917,-5.197182
463610,263,1219,0.5118949958982772,R,0.25,0.75,0.3717532467532468,0.6550580431177446,86.54666666666667,100.86,10.004444444444443,,0.3532110091743119,0.2672650602409638,110.0,222.0,110.0,222.0,5.808142489980444,low,-0.0378109746109746,Gregorio Petit,R,1.197221182905443,-0.10158368436298115,0.5685349543604039,0.1881932240647399,0.013050725560338075,16.42148,-6.6374397
465041,264,7303,0.4016157743393126,R,0.2107057620184111,0.7892942379815888,0.1832187070151306,0.6180479825517994,87.79672268907564,102.0,9.343697478991595,,0.4094488188976378,0.3303329676357652,400.0,1423.0,400.0,1423.0,7.508787170634276,medium,0.0145686683063949,Francisco Cervelli,R,0.766048260430916,1.3604686002102229,-0.458219132103416,0.5194594901464914,-0.6654589658344698,9.631125,-7.4821534
465674,265,507,0.5976331360946746,R,0.2475247524752475,0.7524752475247525,0.5137254901960784,0.6825396825396826,82.34242424242424,97.28,11.474747474747474,,0.4,0.270496644295302,46.0,103.0,46.0,103.0,5.0106352940962555,low,-0.0525759814267623,Pedro Ciriaco,R,0.796195158634374,-0.9766610693558524,0.6360577268706276,0.37164038859621457,1.2230345987281708,-17.474897,13.917759
465753,266,745,0.4590604026845638,L,0.3040935672514619,0.695906432748538,0.2349726775956284,0.6754617414248021,87.52790697674418,103.8,10.94186046511628,,0.4819277108433735,0.2909885714285714,39.0,136.0,39.0,136.0,5.170483995038151,low,-0.095697209653092,Pedro Florimón,L,0.11846416603991175,0.7458295081816075,0.22360015746426215,0.7111005215518452,-0.03619110705990947,-11.2836485,-19.632143
465784,267,397,0.4710327455919395,L,0.2352941176470588,0.7647058823529411,0.2835051546391752,0.6502463054187192,88.39857142857143,101.9,-2.3142857142857145,,0.4305555555555556,0.2165673076923077,31.0,73.0,31.0,73.0,4.653960350157523,low,0.0834383561643835,Everth Cabrera,L,0.3639794310322483,-0.38803170476183796,0.3186435168497533,0.4387320208102345,-1.0205360785958582,-17.18329,23.5393
466320,268,9666,0.47848127457066,L,0.1249729729729729,0.8750270270270271,0.3269082498072475,0.6540866458240285,89.16105165193113,103.6,9.631921824104234,,0.4339990258158792,0.3196616428033157,670.0,1984.0,670.0,1984.0,7.884199933676039,high,0.0102629679224843,Melky Cabrera,L,0.37229836223697965,-1.6266790967611677,0.3006554030203289,-1.076928574148807,-0.21493665132661668,5.6715665,24.585304
466948,269,13,0.4615384615384615,R,0.5,0.5,0.5,0.4444444444444444,92.5,92.5,3.0,,0.0,0.0,0.0,1.0,0.0,1.0,0.6931471805599453,low,,Jean Machi,R,-0.028213552706214434,0.03800382369370848,0.06628295728984482,-0.015953687835469625,0.021679066880778516,3.5627275,-2.9078948
466988,270,600,0.4583333333333333,L,0.2436363636363636,0.7563636363636363,0.2852233676975945,0.6213592233009708,85.46185567010309,100.0,9.536082474226804,,0.4375,0.1787878787878788,46.0,119.0,46.0,119.0,5.111987788356544,low,0.0186655096821337,Emilio Bonifácio,L,0.8568521888300277,-0.016911644500590566,0.5348874917797265,0.33657355891718416,-0.11364406583842206,15.017107,-5.2332683
467055,271,5888,0.5487432065217391,L,0.2175796966883317,0.7824203033116682,0.4052033492822967,0.7374213836477987,89.26284153005464,105.1,10.375,,0.3614800759013282,0.2951866313699536,349.0,1162.0,349.0,1162.0,7.321188556739478,medium,0.077566593019643,Pablo Sandoval,L,0.7090425475144879,-0.63980885751439,1.7825486913235684,-0.7845469964203609,0.8957240971307036,15.679234,16.26106
467070,272,1096,0.5200729927007299,L,0.2228070175438596,0.7771929824561403,0.3117546848381601,0.7603143418467584,84.81602209944752,100.2,15.558011049723756,,0.4444444444444444,0.2957781818181818,85.0,190.0,85.0,190.0,5.62040086571715,low,0.0391835913312693,Elián Herrera,L,0.6584816970525127,0.268452283915187,0.33589363785366766,0.6229851462420526,0.19082291651691416,21.196768,-17.410904
467092,273,8636,0.5333487725798981,R,0.2082066869300911,0.7917933130699089,0.3297945995845834,0.7383221008598652,90.00335463258786,106.2,3.8881789137380194,,0.4006568144499179,0.3203853873946206,621.0,1870.0,621.0,1870.0,7.820840879907344,high,0.0388871907480602,Wilson Ramos,R,-1.2369082087103083,-0.32932240212040315,0.9228121907138377,-0.5034164522857387,-0.6044448727980759,-9.5615225,3.7986567
467100,274,489,0.5398773006134969,R,0.4393939393939394,0.5606060606060606,0.456221198156682,0.6066176470588235,82.23333333333333,98.06,-3.4375,,0.1304347826086956,0.0168942307692307,32.0,72.0,32.0,72.0,4.653960350157523,low,0.0151840277777777,Iván Nova,R,-0.82246911230977,-1.835559950202579,0.7028212173264555,1.857613609197092,-0.10351845542086499,-22.113379,19.533329
467143,275,475,0.5642105263157895,R,0.2835820895522388,0.7164179104477612,0.465863453815261,0.672566371681416,86.08414634146341,106.26,13.865853658536585,,0.5,0.2310227272727272,44.0,88.0,44.0,88.0,4.890349128221754,low,0.0455454545454545,Héctor Gómez,R,-0.22235234421485817,-0.693035513534214,0.5041617351139122,-0.15916233045896577,1.584104472401104,-13.39849,16.239899
467793,276,22151,0.4056250282154304,L,0.188536449638286,0.8114635503617139,0.202734072736652,0.6299429657794677,89.74704308268664,105.6,13.381857104629384,70.14166666666667,0.5288753799392097,0.3364403192871728,1624.0,3763.0,1624.0,3763.0,8.591929537530255,high,-0.0132304988028365,Carlos Santana,L,-0.3221182619716529,0.8016439336719204,-1.469387502332334,-0.949208301151861,-0.28713776791336565,-1.8771428,-12.664512
467798,277,137,0.4963503649635036,R,0.1470588235294118,0.8529411764705882,0.3472222222222222,0.6615384615384615,93.53225806451611,102.9,-0.7741935483870968,,0.3225806451612903,0.287390243902439,16.0,25.0,16.0,25.0,3.737669618283368,low,0.05061,José Tábata,R,0.3770770733903632,-0.1712391808453793,0.11890247434600738,-0.21172928962892254,-0.08832769306844693,8.49546,4.4350843
467827,278,7868,0.5222419928825622,L,0.1895838403504502,0.8104161596495497,0.3446695610226724,0.7200429876410532,87.0536231884058,100.8,8.664855072463768,,0.4354335620711166,0.3133197126178716,509.0,1718.0,509.0,1718.0,7.708859601047175,high,0.042379101664795,Gerardo Parra,L,0.45024062205058946,-0.43248711823652164,0.0492044248806632,-0.05686687049408097,0.41269729471540945,7.8072605,2.653405
468406,279,490,0.4816326530612245,L,0.1694915254237288,0.8305084745762712,0.3293172690763052,0.6390041493775933,83.6680412371134,99.04,14.814432989690722,,0.4193548387096774,0.2456062992125984,35.0,92.0,35.0,92.0,4.852030263919617,low,-0.0957145962732919,Jonathan Herrera,L,0.6996170539379533,-0.5953066492392101,-0.5743685977418611,-0.14187595856902618,0.25807952463321454,-16.379707,-7.0682635
468504,280,612,0.4967320261437908,R,0.2993421052631578,0.7006578947368421,0.3333333333333333,0.6363636363636364,83.95446428571428,101.45,8.651785714285714,,0.5142857142857142,0.191070796460177,33.0,80.0,33.0,80.0,4.736198448394496,low,0.053703409090909,Jhoulys Chacín,R,-0.48163802643495224,-0.7962070592864493,-0.2058427249174313,0.5060473661716488,0.4056530644484505,-4.7254267,22.155945
471083,281,3638,0.4843320505772402,L,0.246311010215664,0.753688989784336,0.2628783855549654,0.721937321937322,86.88424778761062,100.66,11.730973451327433,,0.4342342342342342,0.3063318534961154,131.0,770.0,131.0,770.0,6.804614520062624,medium,0.0321158025180926,Miguel Montero,L,1.0975510128765178,0.6741768870715892,0.8004279370791122,0.22009986969961717,0.27990896772154705,16.07906,-12.19489
471865,282,8961,0.5133355652270952,L,0.2902173913043478,0.7097826086956521,0.3394914580850218,0.7361853832442068,89.38703815869171,108.5,7.932162325863113,,0.4386292834890966,0.3422645480808914,671.0,1752.0,671.0,1752.0,7.793174347189205,high,0.0954768907920434,Carlos González,L,-0.5805911179237984,-0.07013227625003837,1.8947493107824922,-0.11813724260706593,0.07329135186040117,17.043238,19.20001
472528,283,6426,0.4536258948023653,L,0.2562607204116638,0.7437392795883362,0.2487503675389591,0.6839669421487603,88.57179487179486,102.65,17.192102454642477,,0.4894795127353267,0.3126611624834874,304.0,1210.0,304.0,1210.0,7.323170717943469,medium,0.0495021422357546,Luis Valbuena,L,0.3893971345460133,1.2375249846920306,-0.4115071490731362,-0.04561529928993148,0.034533806757702214,11.064353,-20.407623
473724,284,290,0.496551724137931,R,0.1666666666666666,0.8333333333333334,0.344,0.6121212121212121,84.69285714285714,101.82,21.557142857142857,,0.4142857142857143,0.1904597701149425,36.0,51.0,36.0,51.0,4.477336814478207,low,0.1015686274509803,Matt Mcbride,R,-0.04674961323601761,-0.7215743757803064,-0.7719934730976994,-0.1445235424889723,0.2250348441528654,0.14474165,14.721647
474233,285,1493,0.4621567314132619,L,0.2942028985507247,0.7057971014492753,0.2855361596009975,0.6671490593342981,88.58693693693694,102.88,17.806306306306308,,0.555045871559633,0.3008434065934066,121.0,243.0,121.0,243.0,5.8998973535824915,medium,0.0372635105261367,Hank Conger,L,-0.34648659915121655,0.39440396164138325,-0.8762132839053394,0.4070855711737635,0.933792487065432,-10.963889,-22.579576
474249,286,43,0.4186046511627907,R,0.2777777777777778,0.7222222222222222,0.25,0.631578947368421,91.03333333333336,93.68,-16.0,,0.3333333333333333,0.0687,5.0,5.0,5.0,5.0,2.3978952727983707,low,0.1374,Ryan Jackson,R,0.13837261573996376,-0.05356157227551862,0.14730569752683018,0.014489668491545484,-0.2557110598745728,12.679494,-3.8963392
474319,287,224,0.5133928571428571,R,0.3043478260869565,0.6956521739130435,0.3611111111111111,0.6551724137931034,90.65882352941176,104.75,12.029411764705882,,0.4242424242424242,0.3519811320754717,18.0,35.0,18.0,35.0,3.9889840465642745,low,0.4608761904761904,Brandon Snyder,R,-0.09606489911410232,-0.029026976553836188,0.3403481352354729,-0.04287436106321855,-0.10327130726380904,14.612597,8.600508
474443,288,1943,0.4379825012866701,R,0.199764982373678,0.800235017626322,0.2400813835198372,0.640625,85.33333333333333,98.7,5.653846153846154,,0.3116883116883117,0.288517316017316,112.0,350.0,112.0,350.0,6.137727054086234,low,-0.0031696428571428,Iván De Jesús,R,0.927032624108487,0.018284306828441014,-0.06308745568549301,0.5794750842194498,-0.9807874657243122,5.3539524,9.20878
474463,289,382,0.3769633507853403,L,0.4722222222222222,0.5277777777777778,0.2045454545454545,0.5242718446601942,78.16486486486487,95.64,-0.6486486486486487,,0.3611111111111111,0.1410384615384615,9.0,43.0,9.0,43.0,3.970291913552122,low,0.0521808785529716,Brett Anderson,L,-0.49078831931128003,-0.3550723724414013,0.41642189827751036,1.3848560941319754,0.0016655548201762317,-23.445843,20.495699
474494,290,190,0.3684210526315789,R,0.2714285714285714,0.7285714285714285,0.2234042553191489,0.5104166666666666,89.92083333333333,100.37,4.375,,0.3636363636363636,0.2700681818181818,8.0,36.0,8.0,36.0,3.80666248977032,low,0.0144305555555555,Thomas Field,R,0.4595785346879938,0.16754408676405383,-0.2964011884374985,0.38582981290729756,-0.3659220107369864,-14.634582,-12.477571
474568,291,9410,0.4278427205100956,R,0.1716343765524093,0.8283656234475907,0.2672628951747088,0.5956106040851804,86.73826037521319,101.4,10.827743035815804,,0.4204345273047563,0.2966631623212784,571.0,1807.0,571.0,1807.0,7.774435510302958,high,0.0460951088247009,Jordy Mercer,R,0.41700433045216495,-0.5203850695391389,-1.498378185980458,-0.13423655994360442,-0.10167493838058399,-17.325787,-8.669896
474668,292,1,0.0,L,,,,0.0,,,,,,,0.0,0.0,0.0,0.0,0.0,low,,Eric Surkamp,L,0.009554869990080917,-0.005459026246433375,-0.013706413777994666,-0.01817686153360789,0.007344912342554953,2.0887277,-0.63611466
474832,293,16377,0.4642486413873115,L,0.2456924898066552,0.7543075101933447,0.2170222271864179,0.7623922413793104,88.3499362515937,103.7,21.157246068848277,70.95186440677966,0.439810834049871,0.3552001510574018,1048.0,2924.0,1048.0,2924.0,8.287276755814599,high,0.0444319803991186,Brandon Belt,L,0.5376299201113844,1.901753103073705,0.35603341795309984,0.4584461864981981,-0.132688257191476,6.881341,-22.598326
474865,294,36,0.6388888888888888,L,0.2608695652173913,0.7391304347826086,0.5,0.7777777777777778,83.54444444444444,92.94,12.333333333333334,,0.1111111111111111,0.2701538461538461,4.0,9.0,4.0,9.0,2.6390573296152584,low,-0.2438888888888888,Julio Borbon,L,0.00599305326523199,-0.3304271651444196,0.20494261514795903,0.011299452233877466,-0.1405886691677603,2.1598413,5.725947
474892,295,5578,0.4514162782359268,R,0.3621922160444797,0.6378077839555203,0.2505785123966942,0.6893850372111242,91.2131994261119,108.2,19.99139167862267,,0.4077380952380952,0.3268785332314744,407.0,902.0,407.0,902.0,7.177782416195197,medium,0.0067121112243063,Chris Carter,R,-1.3812667766565176,1.4368098215659875,-0.015605701388097883,0.5784173106429904,-0.021953960062757533,-3.4766228,-22.873333
475100,296,1544,0.4572538860103627,R,0.2577903682719547,0.7422096317280453,0.2445582586427656,0.6749672346002621,87.36590909090908,103.17,16.803030303030305,,0.4609375,0.286880195599022,186.0,223.0,186.0,223.0,6.016157159698354,medium,0.0593441824581705,Scott Van Slyke,R,-0.27389085783571376,0.304526673847188,-0.25042825102973354,-0.20228265037153212,0.537398463867727,2.5425646,-12.0886755
475115,297,425,0.4023529411764706,R,0.2631578947368421,0.7368421052631579,0.2146596858638743,0.5555555555555556,90.61206896551724,102.78,3.896551724137931,,0.2586206896551724,0.2737377049180328,20.0,41.0,20.0,41.0,4.127134385045092,low,0.0898073170731707,Tyson Ross,R,-0.4466956664695955,-0.29373133747746,-0.0578097463644111,0.18809452495696904,-0.39049697948098616,-16.266392,20.605127
475174,298,8948,0.4742959320518551,L,0.207822808671065,0.7921771913289349,0.2710553814002089,0.707902954600048,88.3251968503937,104.0,13.60266505148395,,0.4777227722772277,0.320088085106383,449.0,1901.0,449.0,1901.0,7.762596048540069,medium,0.0316359025668121,Yonder Alonso,L,-1.167466079854178,-0.09015647368582774,-1.018710623124941,0.15140346744264196,0.13363280187373044,-1.1950445,16.55024
475247,299,2773,0.4496934727731698,L,0.2293504410585405,0.7706495589414595,0.2548611111111111,0.660165041260315,88.74677060133631,103.5,6.8240534521158125,,0.4611872146118721,0.2660814606741573,114.0,598.0,114.0,598.0,6.569481420414296,medium,0.0256016546382679,Ryan Flaherty,L,-0.8515899521861113,0.07264195400223251,-0.41032921737999556,0.43067712751154025,-0.3118224165372079,-13.467273,1.5128067
475253,300,10230,0.4188660801564027,L,0.239906651108518,0.760093348891482,0.236441739752998,0.6383803575274607,90.16660256410256,104.8,15.88076923076923,,0.4883561643835616,0.3372889417360285,650.0,1873.0,650.0,1873.0,7.833600223661104,high,0.0200248675510287,Justin Smoak,L,-0.859882686276681,0.6309388147769817,-1.3088666556863087,-0.21409537614955224,0.5010858342743894,-2.9076478,-15.101961
475582,301,8723,0.4288662157514616,R,0.226944667201283,0.773055332798717,0.2902879243661366,0.5873679036618333,91.93322475570032,107.4,8.241042345276872,,0.3693754197447951,0.3338289711191335,595.0,1621.0,595.0,1621.0,7.703910209616312,high,0.0915922975235745,Ryan Zimmerman,R,-0.354720866797901,-0.40745003162606996,0.7870881525014853,-1.358478889454686,-0.567186079850834,12.202432,11.32153
476192,302,199,0.4974874371859296,L,0.303030303030303,0.696969696969697,0.3047619047619048,0.7127659574468085,86.4470588235294,104.42,6.647058823529412,,0.5142857142857142,0.2028076923076923,3.0,49.0,3.0,49.0,3.970291913552122,low,-0.0277959183673469,Johnny Monell,L,-0.6654917243551624,0.2276475582949688,0.0927010899674398,-0.011853416765136496,-0.2299498144702617,20.458803,5.4491267
476270,303,140,0.4214285714285714,R,0.1694915254237288,0.8305084745762712,0.2166666666666666,0.575,81.96896551724137,98.02,-1.4137931034482758,,0.3793103448275862,0.3339333333333333,25.0,20.0,25.0,20.0,3.828641396489095,low,0.15459,Steven Tolleson,R,0.4972945083118649,0.2627486634002378,-0.13871517530969774,0.632811522038481,-0.2704859305857068,-11.016664,-9.789613
476451,304,755,0.4079470198675496,R,0.211038961038961,0.788961038961039,0.2652439024390244,0.5175644028103045,80.865,94.7,-3.03,,0.3917525773195876,0.1901724137931034,16.0,42.0,16.0,42.0,4.07753744390572,low,0.024360119047619,Jeremy Hellickson,R,0.42773256332286336,-0.6362380218183802,0.49219671228981354,0.7260890960019241,-0.2706416819874938,-20.17177,24.788603
476570,305,6,0.3333333333333333,R,0.0,1.0,0.0,0.5,,,,,,0.0,0.0,1.0,0.0,1.0,0.6931471805599453,low,,Vin Mazzaro,R,-0.031224250348863527,-0.018495600020044422,-0.046836106898352076,-0.013596356552788092,-0.050908168223007526,-2.4635372,-2.1073644
476594,306,16,0.5,L,0.5,0.5,0.1428571428571428,0.7777777777777778,89.05,97.41,9.5,,0.0,0.0,2.0,2.0,2.0,2.0,1.6094379124341005,low,0.0,Robert Stock,L,-0.07123519421367727,0.16606814324924443,-0.04972293691113717,0.21775784061783826,-0.1484052969424104,-3.349031,-6.7726793
476633,307,441,0.492063492063492,L,0.1705069124423963,0.8294930875576036,0.3416666666666667,0.6716417910447762,89.31917808219178,102.16,25.82191780821918,,0.4202898550724637,0.3290090909090909,18.0,92.0,18.0,92.0,4.709530201312334,low,0.0698900966183574,Chris Parmelee,L,0.9782274869686582,0.8199259182139035,0.5265742442234403,-0.5212076659853097,0.31652804526316214,14.134603,-12.907285
476704,308,10589,0.4650108603267542,L,0.1825751421608448,0.8174248578391552,0.2217659137577002,0.7140672782874617,88.74952025586354,101.5,16.538912579957355,,0.4273079049198452,0.318315233785822,757.0,1895.0,757.0,1895.0,7.88344635413774,high,0.0116018138534626,Jed Lowrie,L,1.1808641790296,1.2172347960303536,0.46926584300464746,-0.33622916310214773,-1.4956937954116751,25.326872,-5.28226
476883,309,4119,0.4556931294003399,L,0.3042088438998401,0.6957911561001598,0.2879377431906614,0.6705426356589147,92.14397496087636,109.8,9.838810641627544,,0.5152487961476726,0.3354135559921414,118.0,900.0,118.0,900.0,6.926577033222725,medium,0.0114721468926554,Pedro Álvarez,L,-1.4011405893374893,0.2824761829038583,-0.10191100896181339,0.008725851888372585,-0.0948156533604233,-6.239363,-4.3586
477003,310,363,0.3911845730027548,L,0.1830985915492957,0.8169014084507042,0.2138364779874214,0.5294117647058824,82.09148936170213,98.04,-6.723404255319149,,0.2978723404255319,0.2059473684210526,14.0,43.0,14.0,43.0,4.060443010546419,low,-0.0606677740863787,Jonathon Niese,L,0.393432807380454,-0.46251534033563635,0.4078109810435549,0.7476280259236276,-0.42360899496844223,-19.765415,24.815948
477132,311,1219,0.4520098441345365,L,0.2504537205081669,0.7495462794918331,0.3153456998313659,0.5814696485623003,82.41658031088083,97.38,-3.38860103626943,,0.3279569892473118,0.1823140794223826,91.0,186.0,91.0,186.0,5.627621113690637,low,0.0333948363464492,Clayton Kershaw,L,0.3278359190452546,-1.414052655143554,0.6459350861640049,0.7699280332593519,-0.1868453427236656,-20.561724,19.666885
477165,312,1520,0.4342105263157895,L,0.3318181818181818,0.6681818181818182,0.287221570926143,0.6221889055472264,88.16868686868688,106.83,10.41919191919192,,0.5368421052631579,0.3106824512534819,71.0,288.0,71.0,288.0,5.886104031450156,low,-0.0141954225352113,Brett Wallace,L,-0.26570406519055745,0.13549516223091582,-0.12499895633970083,0.8452703413232499,0.13274776311422398,-12.983209,-22.055006
477195,313,984,0.4430894308943089,L,0.1743119266055045,0.8256880733944955,0.2734375,0.6271186440677966,87.70391061452514,103.62,5.648044692737431,,0.4080459770114942,0.2843385826771653,20.0,234.0,20.0,234.0,5.541263545158426,low,0.0563235042735043,Ike Davis,L,-0.2469925826347933,-0.35370447813119055,0.6139102632669781,-0.18214196648326222,-0.7745751240532964,-0.73364276,5.7144957
485567,314,3195,0.4081377151799687,L,0.2300613496932515,0.7699386503067485,0.2428741092636579,0.5923229649238915,85.78514851485149,101.56,4.407920792079208,,0.5,0.3150037037037037,149.0,661.0,149.0,661.0,6.698268054115413,medium,0.0148493435815166,Ezequiel Carrera,L,0.4528251547487205,0.040530784350574854,-0.6054728056448881,0.7197817254870654,-0.004182746073171068,-11.252307,-9.7737
488671,315,6098,0.3673335519842571,L,0.34375,0.65625,0.1346911957950065,0.5992141453831041,90.48645833333332,104.7,10.589285714285714,,0.4719626168224299,0.3196513958482462,209.0,1188.0,209.0,1188.0,7.242797922793756,medium,0.0515727449937976,Alex Avila,L,-0.044889629479077944,1.4896174619210112,-0.05637083538938671,1.7816506716654867,-0.772881956052524,-7.664445,-20.666616
488681,316,1504,0.5285904255319149,R,0.289308176100629,0.710691823899371,0.348,0.7082228116710876,86.81589147286822,101.73,11.887596899224809,,0.3524904214559387,0.2790547263681592,107.0,295.0,107.0,295.0,5.998936561946683,low,-0.052035925867258,Brandon Barnes,R,0.21736682082093206,-0.2485543779810741,0.7935944182792061,0.09486669481764208,-0.054736685459175684,17.293497,12.146014
488689,317,244,0.4795081967213114,L,0.1623931623931623,0.8376068376068376,0.2384615384615384,0.7543859649122807,83.55116279069767,98.58,18.697674418604652,,0.3571428571428571,0.2810307692307692,5.0,60.0,5.0,60.0,4.189654742026425,low,-0.5726166666666667,Mike Baxter,L,0.026431758184232924,0.31596276840723997,-0.3127775462021011,0.020524390674235986,-0.14731435188736985,-6.6337705,-9.127767
488703,318,9,0.4444444444444444,R,0.25,0.75,0.5,0.4,85.30000000000001,87.22,-8.5,,0.0,0.0,1.0,1.0,1.0,1.0,1.0986122886681098,low,0.0,Jeff Bianchi,R,0.11547396349327047,-0.03459420974094013,-0.016804043187316445,0.014086901431944816,-0.0198664134553568,0.7328519,0.6773913
488721,319,3245,0.5035439137134052,R,0.2772337821297429,0.7227662178702571,0.3191237418590882,0.7037275064267352,86.86434782608696,102.8,9.539130434782608,,0.4245115452930728,0.2720632054176072,317.0,569.0,317.0,569.0,6.787844982309579,medium,0.0110371840574809,Peter Bourjos,R,-0.7547132529263773,-0.24289451029495776,-0.3175583314392995,0.3406690806482938,0.2507092744686876,-5.519442,9.740169
488726,320,12002,0.4336777203799367,L,0.0977905859750239,0.902209414024976,0.2324495581123895,0.6346378018318068,89.27896143566247,103.1,9.993508972890416,67.37764705882353,0.4487728866380989,0.3548206686930091,1054.0,2236.0,1054.0,2236.0,8.098946748943339,high,0.0721868179148859,Michael Brantley,L,0.7618269469877453,-0.3176070579680784,-0.8857158701350714,-1.0838532302541142,-0.9839661854916653,24.083616,14.736679
488768,321,357,0.4117647058823529,R,0.3061224489795918,0.6938775510204082,0.3224043715846995,0.5057471264367817,84.20961538461538,101.78,-6.038461538461538,,0.4313725490196078,0.0834754098360655,12.0,49.0,12.0,49.0,4.127134385045092,low,-0.0125221088435374,Andrew Cashner,R,-0.5881137731496467,-0.5785600551532699,0.22944821159679915,0.5675026711249355,0.03990745436927524,-17.439209,19.410275
488771,322,7553,0.4439295644114921,L,0.3095735162541008,0.6904264837458992,0.2253333333333333,0.6594793584012622,89.19707602339182,104.5,13.530214424951268,,0.4596211365902293,0.3001797631862217,453.0,1405.0,453.0,1405.0,7.527793987721444,high,0.074482989638079,Jason Castro,L,0.15464329485608755,1.3360984396378421,0.7103732211637208,0.5056083124963856,-0.2896125208762872,13.190643,-14.527704
488810,323,697,0.5251076040172167,R,0.2158469945355191,0.7841530054644809,0.3387622149837133,0.6717948717948717,85.204,102.08,9.72,,0.36,0.2245277777777777,44.0,136.0,44.0,136.0,5.198497031265826,low,0.0491443850267379,Tony Cruz,R,0.11123778505244603,-0.022010060501307237,0.5733646459327626,-0.2827300312367697,-0.13828483457792765,14.638157,9.043268
488818,324,1639,0.4673581452104942,R,0.2571801566579634,0.7428198433420365,0.3429895712630359,0.6056701030927835,85.09078014184396,99.68,14.25177304964539,,0.3835125448028674,0.2710159453302961,202.0,237.0,202.0,237.0,6.0867747269123065,medium,0.0143305343192547,Chase D'Arnaud,R,0.664581059534866,-0.5415613922449127,-0.3973991804917756,0.24138193391651366,0.45583027397130416,-8.136612,14.587164
488852,325,149,0.3825503355704698,L,0.4035087719298246,0.5964912280701754,0.189873417721519,0.6,85.10000000000001,101.6,12.789473684210526,,0.631578947368421,0.2512631578947368,3.0,35.0,3.0,35.0,3.6635616461296463,low,0.0241714285714285,Allan Dykstra,L,-0.15933504759151393,0.4013767317055678,-0.5189533257622173,0.820991097711695,0.27078490062854793,-11.144387,-21.528555
488862,326,5283,0.4857088775317055,R,0.1597817614964926,0.8402182385035074,0.2591337099811676,0.7146118721461188,89.38769874476988,103.5,2.8418410041841,,0.3700173310225303,0.3328071661237785,378.0,1157.0,378.0,1157.0,7.336936913707618,medium,0.0288993680061095,Yunel Escobar,R,0.6554301589236741,0.2637188253598706,0.33327632276785923,0.04729348301999816,-1.3327941859365922,6.823842,-7.5215874
488912,327,1007,0.4716981132075472,R,0.1978947368421052,0.8021052631578948,0.3046218487394957,0.6214689265536724,86.8342541436464,101.6,10.828729281767956,,0.4055555555555555,0.2196150943396226,60.0,205.0,60.0,205.0,5.583496308781699,low,0.0960699186991869,Tuffy Gosewisch,R,0.3749484388857805,-0.42885894470445257,-0.25188570492951157,-0.4030347386579778,0.02990894923390558,4.1354513,3.2759206
488984,328,4,1.0,R,0.5,0.5,1.0,1.0,99.7,99.7,9.0,,1.0,0.879,1.0,0.0,1.0,0.0,0.6931471805599453,low,,Tommy Hunter,R,0.014473494786753697,0.04700834183182076,-0.06933677751695497,-0.01857689581211652,0.09086779402371574,4.533846,-1.3913922
489067,329,50,0.48,L,0.0416666666666666,0.9583333333333334,0.3,0.75,81.7,94.56,0.3,,0.5,0.1883846153846153,2.0,11.0,2.0,11.0,2.6390573296152584,low,-0.2979545454545454,Ryan Lollis,L,0.28858381220088003,-0.14342978726969063,-0.008520044720723905,-0.13257320511863516,-0.021739520810326204,6.312243,2.6529136
489119,330,337,0.5459940652818991,L,0.217391304347826,0.782608695652174,0.3924050632911392,0.6815642458100558,84.53428571428572,98.45,-4.828571428571428,,0.2727272727272727,0.2097368421052631,10.0,47.0,10.0,47.0,4.060443010546419,low,0.2543617021276596,Wade Miley,L,-0.15467460035083128,-1.337250051107454,0.6936116298449917,0.5647518949671846,0.2908713901545546,-18.572742,17.213215
489138,331,1537,0.5048796356538712,R,0.2577319587628865,0.7422680412371134,0.3236409608091024,0.6970509383378016,88.33686131386861,102.57,16.54014598540146,,0.4740740740740741,0.2723375,138.0,262.0,138.0,262.0,5.993961427306569,medium,-0.0204621639561898,Tyler Moore,R,-0.14271884590944667,0.23973761861133985,-0.5488062853230816,-0.05542821770082116,0.9249119469715699,-5.5225964,-6.462345
489149,332,7495,0.4701801200800534,L,0.2272985244040862,0.7727014755959137,0.2701552328492739,0.6983718937446444,89.33225039619651,106.19,15.29635499207607,,0.5083612040133779,0.3177921875,467.0,1453.0,467.0,1453.0,7.560601162768557,high,0.0503037605132112,Logan Morrison,L,-1.4492727097913163,0.011112630098681664,-0.5209964068185107,-0.4464743583523761,-0.13978670884098882,0.33223447,19.835373
489232,333,827,0.3748488512696493,R,0.3290322580645161,0.6709677419354839,0.1933962264150943,0.56575682382134,91.65043478260868,105.86,17.182608695652174,,0.4464285714285714,0.2842634146341463,56.0,149.0,56.0,149.0,5.327876168789581,low,0.0759475071907957,Anthony Recker,R,-0.2774497894689088,1.0045974806022018,0.06662246496627268,0.3937610321254376,-0.036774237694254384,6.120984,-19.293228
489267,334,2807,0.4463840399002494,R,0.3248204309656823,0.6751795690343176,0.2374397797660013,0.670605612998523,88.05397590361446,103.2,15.301204819277109,,0.4797979797979798,0.2938739255014326,316.0,382.0,316.0,382.0,6.54965074223381,medium,0.028696914971171,Adam Rosales,R,-0.3489204660508628,0.5845233988443432,-0.6066918331065534,0.12385088464779734,0.3479951620296547,-1.4153471,-14.1327505
489305,335,428,0.4462616822429907,R,0.2513089005235602,0.7486910994764397,0.235576923076923,0.6454545454545455,90.24857142857144,102.54,7.814285714285714,,0.4246575342465753,0.2651696428571428,16.0,96.0,16.0,96.0,4.727387818712341,low,-0.0897395833333332,Xavier Scruggs,R,0.48275744093417755,1.0869825036043879,0.6439816418930617,0.006393325820921352,-0.12713555211047253,13.277779,-14.08021
489365,336,731,0.4336525307797537,L,0.1798107255520504,0.8201892744479495,0.2419354838709677,0.6323119777158774,85.44384615384615,98.3,11.83846153846154,,0.4728682170542636,0.2210430107526881,51.0,135.0,51.0,135.0,5.231108616854587,low,-0.0481359477124183,Josh Thole,L,0.33621063168660104,-0.18066420366909275,-1.0414931002933892,0.32072022669283784,0.09550997530331022,-14.528746,-8.821414
491676,337,3577,0.4861615879228403,R,0.2679700977573318,0.7320299022426682,0.276013143483023,0.7053112507138778,86.30691927512356,103.2,11.322899505766063,,0.3903281519861831,0.2852511013215859,371.0,537.0,371.0,537.0,6.812345094177479,medium,-0.0265306007719837,Gorkys Hernández,R,1.0049802218991521,0.8421751655032432,0.48713319474213085,0.5144064685864453,-0.5228093181671948,13.973601,-9.0055
491696,338,2276,0.4806678383128295,R,0.1901279707495429,0.8098720292504571,0.3253012048192771,0.6427289048473968,86.42702127659574,100.7,11.646808510638298,,0.350561797752809,0.2523666121112929,181.0,430.0,181.0,430.0,6.416732282512326,medium,0.0531368495438777,Jesús Sucre,R,0.29108320353399125,-0.9500946559064595,-0.5559759620199675,0.0502668993748995,-0.4845085824651765,-0.85956943,11.226814
492802,339,407,0.5823095823095823,R,0.1814345991561181,0.8185654008438819,0.4669811320754717,0.7076923076923077,81.56095238095237,96.92,6.219047619047619,,0.3883495145631068,0.2124375,33.0,95.0,33.0,95.0,4.859812404361672,low,-0.0570564593301435,Juan Graterol,R,0.9285227745602586,-1.0117493275157148,0.44651139824796243,0.45204395035515926,0.5045199947742458,-15.792246,12.206516
492841,340,614,0.5293159609120521,L,0.2461538461538461,0.7538461538461538,0.3725490196078431,0.685064935064935,86.34684684684684,100.6,11.81981981981982,,0.3465346534653465,0.2471685393258427,56.0,122.0,56.0,122.0,5.187385805840755,low,0.0127778103044496,Michael Martínez,L,0.17001163956809806,-0.7759066027726009,0.303779142260732,0.6121596591257475,0.34481976896594385,-17.142578,16.529509
493114,341,4538,0.4616571176729837,L,0.1083532219570405,0.8916467780429594,0.2571950662402923,0.6521924223073648,86.2583247156153,98.7,3.0641158221303,,0.3876050420168067,0.3219550653594771,284.0,940.0,284.0,940.0,7.110696122978827,medium,0.0369099940065926,Nori Aoki,L,0.9728444977466527,-0.6056387601751704,-1.0607363031137638,0.002177134606773371,-1.0132656626776906,-15.277834,6.6553655
493128,342,224,0.4107142857142857,L,0.2391304347826086,0.7608695652173914,0.209090909090909,0.6052631578947368,85.36451612903227,96.6,3.838709677419355,,0.303030303030303,0.330051724137931,13.0,45.0,13.0,45.0,4.07753744390572,low,-0.0981863247863247,Munenori Kawasaki,L,0.9419079238442399,-0.07040283913446013,0.2124223863268151,0.02485696510689311,-0.35111410084562206,13.697307,-6.7619724
493193,343,1266,0.4739336492890995,R,0.2266666666666666,0.7733333333333333,0.3063209076175041,0.6332819722650231,87.51596244131456,103.18,6.845070422535211,,0.3686635944700461,0.3181238095238095,172.0,143.0,172.0,143.0,5.755742213586912,medium,0.033960278093999,Dae-Ho Lee,R,-0.3488642263423737,-0.36714499304304893,-0.5753689568183902,-0.18900967748292882,0.468526285354019,-12.610057,4.408349
493316,344,6945,0.4833693304535637,R,0.2207327971403038,0.7792672028596962,0.3441295546558704,0.6425925925925926,91.45083333333334,107.5,15.4025,,0.4273356401384083,0.3641420222092343,387.0,1324.0,387.0,1324.0,7.445417556701687,medium,-0.0196347611575603,Yoenis Céspedes,R,0.8674697287516908,0.3463208537360373,0.6995797732232973,-1.458869030403581,1.2413828825349442,18.868599,-14.614479
493329,345,12684,0.4805266477451907,R,0.1404429860541427,0.8595570139458573,0.3218647602025618,0.6589614740368509,89.22795662487293,103.6,13.111148763131142,69.33787878787878,0.4110797459421312,0.3267862658576944,1103.0,2523.0,1103.0,2523.0,8.196161139282902,high,0.0133368926097491,Yuli Gurriel,R,-0.22733949875027182,-1.4929827466211416,-0.1350723349941114,-1.2813624746245564,0.009266915123055698,5.217714,18.25988
493343,346,359,0.5125348189415042,R,0.1902173913043477,0.8097826086956522,0.3796791443850267,0.6569767441860465,85.69876543209877,101.7,9.876543209876544,,0.4189189189189189,0.2929537037037037,21.0,87.0,21.0,87.0,4.6913478822291435,low,-0.1784646962233169,Héctor Olivera,R,-0.10248404579524642,-0.6679254357074011,0.4911019531097916,-0.4533475639251173,0.500952009067618,16.855577,14.72816
493351,347,4006,0.4847728407388916,R,0.1529351184346035,0.8470648815653965,0.3193359375,0.6578140960163432,84.61786492374728,99.1,8.75599128540305,,0.4324009324009324,0.2721721677074041,274.0,847.0,274.0,847.0,7.022868086082641,medium,0.0605949292910142,Alexei Ramírez,R,-0.08660298537584896,-1.7440989304574053,-1.1467602950824913,-0.2838048631777022,0.08967192771590986,-1.7047511,18.547562
493472,348,1246,0.4125200642054574,R,0.2101167315175097,0.7898832684824902,0.1912751677852349,0.6153846153846154,87.5295918367347,101.9,8.857142857142858,,0.4444444444444444,0.2655379537953795,85.0,218.0,85.0,218.0,5.717027701406222,low,-0.0175574203993523,Eric Campbell,R,0.13227109237209825,0.462134155382576,-0.8458655191168682,0.7668467575484645,-0.13061802871167003,-10.600477,-9.62551
493596,349,3267,0.4716865625956535,R,0.208955223880597,0.7910447761194029,0.2763975155279503,0.6614363307181653,86.24893238434164,101.6,12.724199288256228,,0.4349442379182156,0.2686581196581196,264.0,555.0,264.0,555.0,6.709304340258298,medium,-0.0077738124488124,Gordon Beckham,R,0.7870069061406728,0.5543673865563866,0.03035615159543759,-0.4576554178741856,0.09447344600130297,8.523617,-7.6552505
499624,350,1496,0.5006684491978609,R,0.2870493991989319,0.7129506008010681,0.3073878627968338,0.6991869918699187,89.67470817120623,104.8,9.089494163424124,,0.3346303501945525,0.3596734693877551,109.0,283.0,109.0,283.0,5.973809611869261,low,0.004734852659902,Chris Colabello,R,-0.5669319426449687,0.42034921823164495,0.3666190344791959,0.18134429720099063,-0.5616825650166873,-3.4558384,6.0813026
499864,351,55,0.509090909090909,R,0.3571428571428571,0.6428571428571429,0.3333333333333333,0.6785714285714286,83.26,97.7,22.0,,0.3333333333333333,0.092235294117647,8.0,9.0,8.0,9.0,2.8903717578961645,low,-0.0120138888888888,Luis Jiménez,R,0.06092331776768256,0.026910744644256922,-0.23463169810594026,-0.04892296247748594,0.5139802882938069,2.1477764,-11.635248
500135,352,1802,0.5344062153163152,R,0.3250259605399792,0.6749740394600208,0.4191321499013806,0.682741116751269,87.601775147929,102.9,14.872781065088756,,0.513677811550152,0.2723239436619718,127.0,370.0,127.0,370.0,6.210600077024653,medium,0.0418294317939987,Ronny Rodríguez,R,0.08724240891087263,-1.078764278662563,0.14501958222366368,-0.35602252872501283,1.0556670694549954,-8.87204,18.578571
500207,353,69,0.4782608695652174,R,0.1515151515151515,0.8484848484848485,0.34375,0.5945945945945946,83.93684210526315,98.78,6.0,,0.4375,0.0925238095238095,2.0,19.0,2.0,19.0,3.091042453358316,low,-0.1022631578947368,Jhonatan Solano,R,0.31466133364268184,-0.3969835434213522,-0.11284057089072665,-0.27176865781777915,-0.1613253272330342,4.789724,7.3237686
500208,354,7425,0.5092255892255892,L,0.1459931235122983,0.8540068764877017,0.3405151064883606,0.7103631532329495,87.1115732368897,102.5,13.104882459312838,,0.4893890675241157,0.3127208194378275,584.0,1515.0,584.0,1515.0,7.649692623711514,high,0.0403187508476874,Yangervis Solarte,L,0.3289729047698255,-0.8923135527698003,0.025149266505663216,-1.095067506516468,0.722132456752296,-5.243268,17.500877
500743,355,12039,0.4743749480853891,R,0.1551392050428996,0.8448607949571003,0.3026681944671796,0.651264755480607,86.02151802656547,101.1,9.653889943074004,67.1436305732484,0.3432547352145342,0.2941065821256038,921.0,2391.0,921.0,2391.0,8.105609402299896,high,0.0352582948815931,Miguel Rojas,R,0.6379355796494353,-0.8012137891158148,-0.9982514357986687,-0.30239827526645613,-0.42652653050166645,-2.6606314,14.296394
500779,356,495,0.4646464646464646,R,0.4217391304347826,0.5782608695652174,0.319634703196347,0.5797101449275363,81.80163934426228,97.1,-12.0,,0.2372881355932203,0.0775188679245283,19.0,87.0,19.0,87.0,4.672828834461906,low,-0.0944482758620689,Jose Quintana,R,-0.1817609409299207,-0.7846257063903002,0.5885516349083425,1.6326710853546402,0.3813763967242653,-24.418236,19.310827
500871,357,16743,0.5131099563996894,L,0.2204632755208939,0.779536724479106,0.341755019174374,0.7059794337945918,86.99485844451677,102.0,17.934244791666668,66.83936170212766,0.4624335106382978,0.3169809035863996,1355.0,2939.0,1355.0,2939.0,8.365206834418355,high,-0.0161802229590856,Eduardo Escobar,L,1.5379787098115125,0.4292971217345069,0.6799490155613799,-0.6934233916472179,1.5829935168515938,18.265985,-11.37956
500874,358,5609,0.4307363166339811,R,0.2052980132450331,0.7947019867549668,0.2648539778449144,0.6186311787072243,90.18508230452674,105.69,8.339506172839506,,0.3094462540716612,0.3455050724637681,344.0,1036.0,344.0,1036.0,7.2305631534092925,medium,0.0548665821136751,José Martínez,R,-0.9638315325684328,-0.8574400941296554,-0.12742688996741178,-1.0307164682775571,-0.935397989137657,2.9934323,27.04865
500887,359,30,0.4666666666666667,R,0.3571428571428571,0.6428571428571429,0.2352941176470588,0.7692307692307693,91.2,91.2,23.0,,0.0,0.1151666666666666,0.0,6.0,0.0,6.0,1.9459101490553132,low,,Josmil Pinto,R,-0.014285726795546428,0.22546160768114457,0.15259867377405334,-0.03608685054363244,0.05333014759273355,4.817065,-4.816869
501213,360,225,0.4577777777777778,R,0.2718446601941747,0.7281553398058253,0.2545454545454545,0.6521739130434783,88.55555555555556,106.0,4.916666666666667,,0.4857142857142857,0.1912333333333333,29.0,31.0,29.0,31.0,4.110873864173311,low,-0.1585606229143492,Moisés Sierra,R,-0.2599997069212785,0.02841162241314099,0.42273438734849894,0.07804783745828153,-0.1391841194790192,-7.798996,2.2605028
501245,361,31,0.4838709677419355,R,0.3333333333333333,0.6666666666666666,0.3125,0.6666666666666666,85.74,97.32,-3.6,,0.4,0.395875,6.0,2.0,6.0,2.0,2.1972245773362196,low,-0.0595,Alfredo Marte,R,-0.04347354018034079,0.014334014935303655,-0.1078267384830183,0.09525546176435816,-0.09110183224444357,-3.7623227,-6.259318
501255,362,545,0.5321100917431193,L,0.1655172413793103,0.8344827586206897,0.3785714285714285,0.6943396226415094,83.01100000000001,99.81,9.21,,0.3137254901960784,0.2581259259259259,53.0,82.0,53.0,82.0,4.912654885736052,low,-0.010385181776346,Rafael Ynoa,L,1.4298666484430664,-0.10127422765782675,0.7265201125292596,0.17504812600905917,-7.871532917862389e-05,16.168655,-6.849506
501303,363,5372,0.4646314221891288,L,0.1686698717948718,0.8313301282051282,0.2572583608967291,0.6774801961523953,85.3954356846473,100.4,14.4392523364486,,0.4713983050847458,0.2910220797720798,440.0,964.0,440.0,964.0,7.247792581767846,medium,-0.0144196152395322,Ehire Adrianza,L,0.43456931556856404,0.07957324299630246,-0.9611004379301596,0.3522091962033061,0.2823355523456115,-4.5959096,-12.630931
501571,364,6152,0.4855331599479844,R,0.2152661533311014,0.7847338466688986,0.3317535545023696,0.6484767325075327,89.0033883579496,104.6,9.560382276281494,,0.3324372759856631,0.276590458488228,550.0,1064.0,550.0,1064.0,7.387090235656757,high,0.0245526794258373,Juan Lagares,R,0.26293279775466655,-0.4910961287122825,0.5179741418833536,-0.8839876156168884,-0.39983677924163147,11.495009,8.667528
501647,365,857,0.5379229871645275,R,0.2516268980477223,0.7483731019522777,0.3518518518518518,0.7270588235294118,88.32690058479533,106.0,5.7894736842105265,,0.4342857142857143,0.3034686192468619,91.0,148.0,91.0,148.0,5.480638923341991,low,0.02806237006237,Wilin Rosario,R,-0.773659952630329,-0.4485579407084842,0.6194315490502094,-0.029034992242500498,-0.29338978343746797,6.9793696,13.095979
501659,366,4214,0.4629805410536307,L,0.2409021014864172,0.7590978985135828,0.2665137614678899,0.6735496558505408,88.75458452722063,104.7,7.756446991404012,67.40270270270271,0.4451038575667655,0.2968412698412698,280.0,791.0,280.0,791.0,6.977281341630747,medium,0.0654725663716814,Abraham Almonte,L,-0.11888566328774403,0.08495028723519994,0.3392207579421922,0.1330926041421441,-0.16180242280814863,2.4831161,6.8862185
501800,367,365,0.4438356164383562,R,0.2530864197530864,0.7469135802469136,0.2950819672131147,0.5934065934065934,85.01176470588236,101.0,6.098039215686274,,0.5217391304347826,0.2088181818181818,30.0,58.0,30.0,58.0,4.48863636973214,low,0.1335908045977011,Allen Craig,R,0.5281920496314572,0.14684117499569976,-0.08112320517128811,0.24409791827461974,0.1702696613641947,-10.6623955,-11.401523
501888,368,41,0.4878048780487805,L,0.0999999999999999,0.9,0.4,0.625,89.15714285714286,102.06,4.142857142857143,,0.7142857142857143,0.352,2.0,7.0,2.0,7.0,2.302585092994046,low,-0.5753571428571429,Ryan Kalish,L,0.23813652818346467,-0.04866188035894404,0.15314226035307743,-0.16177738516354173,0.20079558806040887,8.598877,-0.35970607
501896,369,7958,0.4414425735109324,R,0.233418730429832,0.7665812695701679,0.2630536995793121,0.625478682665305,89.88215733982157,105.1,5.138686131386861,,0.3433583959899749,0.3411979539641944,626.0,1329.0,626.0,1329.0,7.578656850594762,high,0.0387075703704772,David Freese,R,-0.6846765373796457,0.17236886077914676,0.25667440227252086,-0.402247784706774,-1.3512263906547652,-9.074173,0.9699588
501936,370,4,0.25,R,0.0,1.0,0.0,0.5,80.0,80.0,-44.0,,1.0,0.0,0.0,1.0,0.0,1.0,0.6931471805599453,low,,Matt Buschmann,R,0.03468628281626891,-0.0637543570685967,-0.024389300141860082,0.017349276102866525,-0.03477836994793182,1.6962006,2.6977715
501981,371,12051,0.4983818770226537,R,0.3181818181818182,0.6818181818181818,0.2529708611427641,0.7535545023696683,91.30965699208444,106.6,14.554089709762533,,0.3887982599238717,0.340485446313066,836.0,2256.0,836.0,2256.0,8.03689677268507,high,0.0056202556075876,Khris Davis,R,-0.7657785948740886,1.4354324074395193,0.8000091292262866,-0.7143911256719685,-0.7075879815739619,20.617313,8.684906
501983,372,1067,0.4723523898781631,L,0.246031746031746,0.753968253968254,0.2889667250437828,0.6834677419354839,88.26506024096386,106.0,10.102409638554215,,0.4276729559748428,0.2929315589353612,43.0,220.0,43.0,220.0,5.575949103146316,low,0.0437329809725158,Travis Snider,L,-0.4446306689706574,0.17952811676809743,0.7075789597778225,-0.38877496313662835,-0.35237261395374053,-3.154363,3.7703774
501986,373,125,0.544,L,0.1323529411764705,0.8676470588235294,0.4264705882352941,0.6842105263157895,85.01923076923077,97.8,20.96153846153846,,0.4074074074074074,0.1431388888888889,1.0,35.0,1.0,35.0,3.610917912644224,low,0.1472285714285714,Cedric Hunter,L,0.15389688072989882,-0.3927445517810716,-0.449940238944558,0.07909890326166473,0.5704796120227206,-5.2544527,15.09359
502023,374,6,0.3333333333333333,R,0.0,1.0,0.0,0.5,84.80000000000001,86.32000000000001,-8.5,,0.5,0.4405,0.0,2.0,0.0,2.0,1.0986122886681098,low,,Travis Tartamella,R,0.04107871823756754,-0.0686709882629239,-0.01263730876156151,0.02541519993879178,-0.08214047614793589,1.9256185,3.2702465
502029,375,153,0.477124183006536,R,0.2328767123287671,0.7671232876712328,0.3253012048192771,0.6571428571428571,84.78,99.31,24.233333333333334,,0.3793103448275862,0.1676585365853658,20.0,21.0,20.0,21.0,3.737669618283368,low,0.1048261904761904,Chris Marrero,R,0.28079999810219314,-0.25953753931281187,-0.25183312659599905,-0.12828050092437607,-0.0580363975719374,4.304245,4.473283
502034,376,189,0.5238095238095238,L,0.2626262626262626,0.7373737373737373,0.3076923076923077,0.788235294117647,87.71714285714286,99.54,9.485714285714286,,0.2571428571428571,0.2112037037037037,9.0,45.0,9.0,45.0,4.007333185232471,low,0.1618444444444444,Emmanuel Burriss,L,0.02771436065764553,-0.3596370994777914,0.2765760942369216,0.14512939261577734,-0.20866922009322403,4.687862,12.307275
502046,377,376,0.300531914893617,L,0.2743362831858407,0.7256637168141593,0.175438596491228,0.4048780487804878,77.91219512195123,93.8,-10.097560975609756,,0.3414634146341463,0.0934468085106383,8.0,39.0,8.0,39.0,3.871201010907891,low,0.1126153846153846,Jeff Locke,L,0.5607859421435588,-0.4298357065148166,0.06199606517989333,1.0615689369082224,-0.32012370253917255,-21.03253,20.631153
502054,378,15656,0.3953755748594788,R,0.2247172859450726,0.7752827140549273,0.1869242579324462,0.6031887755102041,91.57449310624492,106.7,6.475283630470016,72.12617801047121,0.3726708074534161,0.3405607621009269,1084.0,2800.0,1084.0,2800.0,8.264878262801748,high,0.0270980838165524,Tommy Pham,R,-0.06736652918630032,1.2890983314425306,0.49220105745361664,0.1179412153612809,-1.1695704640477782,4.3136277,-17.635723
502082,379,4306,0.5327450069670228,L,0.1761115954664341,0.8238884045335658,0.369449378330373,0.7117818889970788,85.89794437726724,102.1,17.397094430992738,,0.4239802224969097,0.327572695035461,180.0,948.0,180.0,948.0,7.029087564149662,medium,0.0010119549929676,Lonnie Chisenhall,L,0.7336001990987945,-0.6311120977038218,0.47319936700339904,-0.443698875149924,0.779859896140519,-6.4561234,16.941254
502100,380,1664,0.4675480769230769,L,0.1735218508997429,0.8264781491002571,0.2509505703422053,0.6628571428571428,85.50236486486487,98.95,9.33108108108108,,0.4195804195804196,0.3029064039408867,64.0,342.0,64.0,342.0,6.008813185442595,low,0.0316632858187134,Alex Presley,L,0.8917824363550267,-0.2999715056853585,-0.5014516007483784,0.28419948551427754,-0.1883180801366659,25.191782,4.196303
502110,381,19023,0.5194764232770857,R,0.2780813600485732,0.7219186399514268,0.3121941476081095,0.7498335183129856,91.46237405541562,106.7,14.357997481108312,70.80990415335464,0.3926380368098159,0.3794479638009049,1231.0,3631.0,1231.0,3631.0,8.489410810403786,high,0.0399266126309661,J. D. Martinez,R,-1.3088435839268902,0.554039666480819,0.43532067424284315,-0.5430080393920317,-0.8069092201235116,19.792871,9.502821
502117,382,949,0.4794520547945205,R,0.2857142857142857,0.7142857142857143,0.2574468085106383,0.697286012526096,84.09738562091503,97.8,8.032679738562091,,0.2649006622516556,0.2316305220883534,106.0,143.0,106.0,143.0,5.521460917862246,low,-0.0304857500989576,Kristopher Negrón,R,0.4889654696998281,0.38273465095126347,0.09311386388800985,0.4907555602472852,-0.3372137212997792,-7.8856497,-11.646826
502126,383,772,0.5025906735751295,L,0.2010309278350515,0.7989690721649485,0.3276699029126214,0.7027777777777777,87.02266666666667,102.54,12.413333333333334,,0.4557823129251701,0.2799117647058823,45.0,159.0,45.0,159.0,5.3230099791384085,low,0.007470859538784,Domonic Brown,L,-0.7854129945430562,-0.578522072489617,-0.3293494529793656,-0.2582995102405523,-0.20065848298483738,-2.956326,10.688175
502143,384,6451,0.4391567198883894,R,0.2640310624779386,0.7359689375220614,0.2846062052505966,0.606324620845434,90.05147826086956,106.1,8.513043478260869,,0.4224058769513314,0.3328023952095808,562.0,1108.0,562.0,1108.0,7.421177528595393,high,0.0485449721854645,Danny Valencia,R,-0.7983189073263426,-0.7471059656196464,-0.3246970254012267,-0.019244322555982307,-0.634426080453779,-2.3900652,12.623356
502151,385,67,0.373134328358209,R,0.28,0.72,0.2,0.5625,83.875,97.24,3.5,,0.5,0.3250666666666666,6.0,9.0,6.0,9.0,2.772588722239781,low,0.1329444444444444,Chad Huffman,R,-0.08457832530393655,-0.08807549930005787,-0.3524935046884123,0.12842728155909539,-0.12784733778129334,-8.493256,-6.1468396
502182,386,657,0.4672754946727549,L,0.1368078175895765,0.8631921824104235,0.2682926829268293,0.6656534954407295,89.35555555555555,100.66,8.162962962962963,,0.4202898550724637,0.2990611111111111,11.0,169.0,11.0,169.0,5.198497031265826,low,0.0626148466917698,Steve Clevenger,L,0.3415836042640352,-0.3961592868228771,0.28787580837591464,-0.16001851234410452,-0.5175065098437627,-15.412388,-2.0792515
502188,387,647,0.5625965996908809,R,0.4368131868131868,0.5631868131868132,0.4080267558528428,0.6954022988505747,85.23298969072165,104.32,2.247422680412371,,0.4893617021276595,0.1341436464088397,56.0,125.0,56.0,125.0,5.204006687076795,low,-0.0307194285714285,Jeff Samardzija,R,-0.3471190915337581,-0.5817841636898605,0.9300936065481402,0.9313531719315947,0.8361531688985505,-24.715328,16.087084
502190,388,701,0.5534950071326676,R,0.3943298969072165,0.6056701030927835,0.3837535014005602,0.7296511627906976,83.229,98.9,11.95,,0.3870967741935484,0.1670994152046783,49.0,122.0,49.0,122.0,5.147494476813453,low,0.0209996654399464,Mike Leake,R,0.6659419138013439,0.4192240049302835,0.6394590572459082,0.9097513475772444,1.2290099008175033,21.052713,-15.601245
502205,389,352,0.5255681818181818,R,0.1999999999999999,0.8,0.3777777777777777,0.6802325581395349,86.1671875,100.17,7.375,,0.3090909090909091,0.2436770833333333,45.0,51.0,45.0,51.0,4.574710978503383,low,0.1021712418300653,Grant Green,R,0.0621648466334708,-0.5872756025939189,-0.21551531609153077,0.34457488576755285,-0.26485755013405987,4.415285,12.865396
502210,390,11274,0.4582224587546567,L,0.1525358110723964,0.8474641889276036,0.2760726072607261,0.6699271192942079,87.00191536748329,102.0,16.376559714795007,,0.4398320895522388,0.3241009205591544,735.0,2198.0,735.0,2198.0,7.984121958702927,high,0.0347145586897179,Josh Reddick,L,0.2611982449469735,-0.3087549677284947,-0.3975322586823549,-0.8297600127955976,-0.21940766369202597,6.8972,6.155685
502213,391,85,0.4470588235294118,R,0.3157894736842105,0.6842105263157895,0.3181818181818182,0.5853658536585366,80.95833333333333,99.17,-16.083333333333332,,0.6666666666666666,0.1359523809523809,5.0,16.0,5.0,16.0,3.091042453358316,low,-0.1784375,Nevin Ashley,R,0.10245328681516068,0.14672859995647744,0.11662074755638872,0.11181282685274735,0.07435874066435816,4.8423686,-12.733706
502226,392,1422,0.4430379746835443,R,0.1968253968253968,0.8031746031746032,0.2094017094017094,0.6708333333333333,84.501171875,97.7,9.01171875,,0.4715447154471545,0.2744202127659574,209.0,167.0,209.0,167.0,5.932245187448011,medium,0.0134139185743346,Craig Gentry,R,0.5874076890457368,-0.05817896602932245,-0.5777461734385584,0.9202225984131561,-0.1957249222411857,-8.352567,-10.745419
502261,393,830,0.4313253012048192,R,0.1983240223463687,0.8016759776536313,0.2131979695431472,0.6284403669724771,87.6032679738562,101.52,8.751633986928105,,0.2549019607843137,0.3151611374407583,60.0,151.0,60.0,151.0,5.356586274672012,low,0.0145867549668874,Cole Gillespie,R,0.35530089896349026,0.024693940666286024,-0.15621661993438526,0.13153933510683247,-1.1502150113929572,-3.0315294,0.18741499
502273,394,1577,0.4692454026632847,L,0.25,0.75,0.2757697456492637,0.6433734939759036,84.32179487179486,99.5,10.837606837606838,,0.3739130434782609,0.2714987593052109,92.0,311.0,92.0,311.0,6.0014148779611505,low,-0.0587360548021809,Mike Freeman,L,1.1390638433858513,0.36203949305677874,0.6881065498105455,0.12137038973589358,-0.12958404704992693,16.126732,-10.812192
502285,395,241,0.4356846473029045,R,0.1999999999999999,0.8,0.2777777777777778,0.5639097744360902,86.69148936170212,96.04,12.808510638297872,,0.3829787234042553,0.1342205882352941,37.0,31.0,37.0,31.0,4.23410650459726,low,-0.1067227550130776,Tyler Ladendorf,R,0.433673930858063,-0.4832479128915821,-0.17816773834257152,0.29754462914839047,-0.5973913980471255,-16.276537,-0.10782166
502317,396,1251,0.4292565947242206,R,0.2625698324022346,0.7374301675977654,0.2242225859247135,0.625,86.44685714285714,103.26,19.925714285714285,,0.4823529411764706,0.2844473684210526,124.0,180.0,124.0,180.0,5.720311776607412,medium,0.0022136200716845,Chris Heisey,R,-0.6737109397629478,-0.054748249753247456,-0.8224528776040709,0.1027706445380772,0.2974274262202876,-24.575653,-4.7965794
502374,397,630,0.3968253968253968,R,0.272,0.728,0.2369230769230769,0.5672131147540984,90.16144578313252,103.72,15.650602409638552,,0.3837209302325581,0.3199738562091503,28.0,125.0,28.0,125.0,5.0369526024136295,low,0.1557422857142857,Michael Mckenry,R,0.054483931197627844,0.4709579103592507,-0.03146596822408246,0.33219305436613505,0.07607216448171353,4.8423386,-17.392256
502409,398,65,0.5076923076923077,R,0.0909090909090909,0.9090909090909092,0.3076923076923077,0.6410256410256411,89.55,94.73,-1.7,,0.4,0.2111333333333333,6.0,9.0,6.0,9.0,2.772588722239781,low,0.2831111111111111,Jonathan Diaz,R,0.5783513518308602,-0.18537821749235672,0.08888789072457813,0.3868374006858721,-0.33203021246512693,-9.69428,-3.7045562
502457,399,3,0.3333333333333333,R,0.0,1.0,0.0,0.5,86.7,86.7,-29.0,,1.0,0.0,0.0,1.0,0.0,1.0,0.6931471805599453,low,,Drew Hayes,R,0.01360647588527723,-0.11027671884924414,-0.07236601949236986,-0.03239824931951254,-0.02074441423005327,1.2899722,3.2631304
502481,400,6611,0.4318559975797912,L,0.1660245183887916,0.8339754816112084,0.2231199502796768,0.6298261125847333,83.63968503937008,99.41000000000004,7.755905511811024,,0.4515347334410339,0.2820718201754386,275.0,1549.0,275.0,1549.0,7.509335266016592,medium,-0.0011614742649216,Jarrod Dyson,L,0.36327847568535987,-0.5571083775404098,-0.2399827086669513,0.3608596352860185,-1.145115666488476,-5.622825,19.953506
502517,401,9702,0.4816532673675531,L,0.1123475283543762,0.8876524716456238,0.3070038910505837,0.6784305129329241,88.84317548746519,102.7,15.355617455896008,,0.4468494468494468,0.3551979483282674,696.0,1936.0,696.0,1936.0,7.87587915949631,high,0.0383860133466325,Daniel Murphy,L,-0.10033097503949633,-0.8064366442716846,-0.5614099786259749,-1.5501593345962834,0.20154089567895742,-25.355236,5.6364484
502523,402,1071,0.415499533146592,L,0.197752808988764,0.802247191011236,0.2126436781609195,0.6083788706739527,83.54088050314465,96.58,8.79245283018868,,0.4358974358974359,0.2908076923076922,129.0,157.0,129.0,157.0,5.659482215759621,medium,0.0133050412284599,Shawn O'Malley,L,0.7543655457242072,-0.15255275509891125,-0.2296235175699521,0.7596143714638389,-0.015438340544558227,-11.072959,8.250107
502544,403,335,0.5253731343283582,L,0.1931818181818182,0.8068181818181818,0.3892215568862275,0.6607142857142857,85.2280701754386,98.76,15.350877192982455,,0.4736842105263157,0.2535955056179775,15.0,74.0,15.0,74.0,4.499809670330265,low,0.305,Nick Buss,L,0.5824140947748726,-0.4470355721647774,0.21994542303648942,0.23836724566903045,0.4538297675139784,-6.5034003,18.718475
502570,404,136,0.5661764705882353,R,0.2987012987012987,0.7012987012987013,0.4117647058823529,0.7205882352941176,79.476,93.08,15.28,,0.4583333333333333,0.1243513513513513,10.0,27.0,10.0,27.0,3.6375861597263857,low,0.2201481481481482,Rocky Gale,R,0.6220333781724522,-0.17542269183694986,0.26439909149507707,0.4597946093474861,0.4473343541862207,-9.98019,16.530914
502582,405,787,0.4587039390088945,L,0.2132963988919667,0.7867036011080333,0.2743589743589744,0.6397984886649875,88.00814814814815,100.28,11.8,,0.5220588235294118,0.2835095238095238,50.0,160.0,50.0,160.0,5.351858133476067,low,-0.0250037499999999,Logan Schafer,L,0.22730885401742976,-0.15927806650288043,-0.33944682032559886,-0.14125314377322024,0.04916525975673812,23.984425,9.097814
502624,406,847,0.4651711924439197,R,0.4010152284263959,0.5989847715736041,0.3720316622691293,0.5405982905982906,84.24239130434783,96.84,-2.967391304347826,,0.2528735632183908,0.111554054054054,27.0,121.0,27.0,121.0,5.003946305945459,low,0.1250339761248852,Chase Anderson,R,-0.2467433459727332,-1.0575911480549134,0.588827279339632,1.5273685819837421,-0.3404136046410016,-21.99462,19.134214
502671,407,23678,0.4195455697271729,R,0.2336420374471511,0.7663579625528488,0.2431163456947318,0.619060475161987,91.17819044959508,106.4,13.999720748394305,71.00895238095238,0.3792222537609991,0.3845861637468716,1250.0,4344.0,1250.0,4344.0,8.629628620746026,high,0.0576236552486187,Paul Goldschmidt,R,-0.34664022253342885,0.6076002674505333,-0.7075116344528766,-0.9957244586603167,-0.6229798985718054,29.383257,-4.1730623
502676,408,108,0.5,L,0.074074074074074,0.925925925925926,0.3214285714285714,0.6923076923076923,81.93,95.44,23.6,,0.4333333333333333,0.1918571428571428,10.0,25.0,10.0,25.0,3.58351893845611,low,0.1456799999999999,Cole Figueroa,L,0.6331760990995121,-0.16624126834800398,-0.33025879774842704,-0.2439512782773165,0.23649264407643558,6.307057,3.5252795
502706,409,253,0.4545454545454545,L,0.5304347826086957,0.4695652173913043,0.3252032520325203,0.5769230769230769,87.94583333333333,98.26,-3.0,,0.3181818181818182,0.0684629629629629,19.0,35.0,19.0,35.0,4.007333185232471,low,0.03416992481203,Derek Holland,L,-0.28892119399817656,-0.7530574360690407,0.6920643621653071,1.2648397193047625,-0.13975952275791043,-22.436163,19.869888
503351,410,40,0.625,L,0.12,0.88,0.2941176470588235,0.8695652173913043,91.09,103.45,0.8,,0.3333333333333333,0.1630769230769231,2.0,11.0,2.0,11.0,2.6390573296152584,low,-0.3260909090909091,Blake Lalli,L,-0.004575092458253467,-0.23052300353343425,0.37143147132255155,-0.07998417104996593,0.05818172505652983,10.107401,3.3135095
503437,411,82,0.5609756097560976,L,0.108695652173913,0.8913043478260869,0.2702702702702703,0.8,81.2625,93.4,-0.5,,0.3125,0.2367391304347826,1.0,22.0,1.0,22.0,3.1780538303479458,low,-0.4749090909090908,James Beresford,L,0.5199387415158154,-0.315740268758681,0.6665917151938742,0.079376477076899,-0.24714956713018757,12.209872,4.4211316
503556,412,11955,0.4634044332915098,L,0.2245487364620938,0.7754512635379062,0.3162660006244146,0.6332672553613263,89.07964559386973,103.7,11.314025849688846,,0.4904618473895582,0.3128013565891472,984.0,2112.0,984.0,2112.0,8.038189179973203,high,-0.0096721175166296,Marwin González,L,-1.2532224695275846,-1.1674138626745871,-1.5303532490203595,-0.13812270630914147,0.8167853858294456,-3.7515104,13.796645
506433,413,558,0.3960573476702509,R,0.3438914027149321,0.6561085972850679,0.2896825396825397,0.4836601307189542,86.65322580645162,103.83,-6.935483870967742,,0.3333333333333333,0.1024159292035398,22.0,91.0,22.0,91.0,4.736198448394496,low,-0.0289640359640359,Yu Darvish,R,-0.09667816964410307,-0.7485639247653019,0.6463984383895512,0.4705938921362138,-0.7234664693840358,-21.09824,22.49322
506560,414,2630,0.4771863117870722,L,0.1513944223107569,0.848605577689243,0.329004329004329,0.6422829581993569,85.50970297029703,97.76,10.798019801980198,,0.4230769230769231,0.2470684523809523,81.0,591.0,81.0,591.0,6.511745329644728,low,0.0292061164379269,Alexi Amarista,L,2.4353879032545485,-0.42064207521210145,0.6592150523854453,0.21272176070635598,0.24844574181681517,16.719019,-6.5661306
506702,415,6646,0.4420704182967198,L,0.2083049693669162,0.7916950306330838,0.2914967967384974,0.6030510585305106,85.11720747295968,100.8,16.51032448377581,,0.4654994850669413,0.2606737633061991,477.0,1120.0,477.0,1120.0,7.37650812632622,high,-0.0192409291704103,Sandy León,L,0.4701533039363616,-0.4711016398211389,-0.6047821412104061,0.23938738686376276,0.8768539196757555,-3.2102456,-13.372201
506703,416,720,0.5333333333333333,R,0.2161458333333333,0.7838541666666666,0.3108504398826979,0.7335092348284961,86.53333333333333,104.47,7.625,,0.3358778625954198,0.2665024875621891,71.0,130.0,71.0,130.0,5.308267697401205,low,0.0551894907908992,Adrián Sánchez,R,0.3579077090876603,-0.22606270302398013,0.4545915691280636,-0.47762096000772847,-0.08724079786041412,12.386707,7.459274
506747,417,719,0.5841446453407511,R,0.2642857142857142,0.7357142857142858,0.4604519774011299,0.7041095890410959,85.75645161290322,104.08,7.661290322580645,,0.5221238938053098,0.2372121212121212,61.0,137.0,61.0,137.0,5.293304824724492,low,-0.0243072873040564,Francisco Peña,R,0.11227965315958116,-0.5726739598132013,0.2724237563966003,-0.024203783555036492,1.192199023898277,-13.157794,16.13001
506924,418,373,0.5549597855227882,R,0.2367149758454106,0.7632850241545893,0.4020618556701031,0.7206703910614525,84.91904761904762,99.54,17.03174603174603,,0.3442622950819672,0.2524835164835164,54.0,37.0,54.0,37.0,4.5217885770490405,low,-0.0054704704704705,Stephen Cardullo,R,0.6791945110779442,0.022634579422311236,0.040148799471266323,-0.01747796217205595,0.5252764930615015,10.554092,-1.4119811
506997,419,45,0.4444444444444444,R,0.25,0.75,0.1923076923076923,0.7894736842105263,95.06,108.74,15.6,,0.2,0.333,1.0,9.0,1.0,9.0,2.3978952727983707,low,-0.37,Tony Sanchez,R,-0.08430790637998384,0.40096335067579925,0.2277048250773594,-0.07699872647262321,0.1068108174132746,7.343061,-13.43414
514888,420,17989,0.4731780532547668,R,0.1546052631578947,0.8453947368421053,0.3093495934959349,0.6710025770033133,86.84986979166666,102.2,11.7765625,68.88109339407745,0.4809613826627059,0.3735559716200236,1374.0,3700.0,1374.0,3700.0,8.532081803909987,high,0.0142815114677997,José Altuve,R,1.5886802418999153,0.783336279371712,0.35416211134396475,-0.28332194807035926,1.0121033988935777,19.819452,-19.315922
514913,421,2279,0.4997806055287406,R,0.1870061457418788,0.8129938542581212,0.2600700525394046,0.7405452946350044,85.27256235827663,98.5,13.077097505668934,,0.3466981132075472,0.2794909688013136,169.0,440.0,169.0,440.0,6.413458957167357,medium,0.0255690424959655,Rubén Tejada,R,1.5014168047894108,0.5298745447221652,-0.22628648698576512,0.9311305803321429,-0.586031826089953,-27.068798,8.824964
514917,422,17596,0.4341895885428506,L,0.1895287958115182,0.8104712041884817,0.230959057767807,0.6428982836078793,86.2290406504065,101.56,8.082980800520664,,0.4148617127624125,0.3165252771618625,1274.0,3236.0,1274.0,3236.0,8.414274137408396,high,-0.0049958604436354,César Hernández,L,0.29669104670977825,0.08966310483325636,-0.5678306415015506,0.4342225831063288,-1.5382953328116915,-21.680805,-8.1062975
516416,423,16902,0.4871021180925334,R,0.1535284829345318,0.8464715170654682,0.3289167828916783,0.651120751988431,87.80129104687062,103.4,6.359304932735426,69.02282608695653,0.3320841741135774,0.3208916429041456,1199.0,3360.0,1199.0,3360.0,8.425077902508432,high,0.0259621644028754,Jean Segura,R,1.2576445896156077,-0.3325571323856512,0.9194632484080576,-1.6695405937521,0.05771309116413812,21.308817,0.35624605
516472,424,376,0.550531914893617,L,0.2270531400966183,0.7729468599033816,0.3910614525139664,0.6954314720812182,82.63648648648649,98.78,11.108108108108109,,0.4520547945205479,0.2768962264150943,11.0,95.0,11.0,95.0,4.672828834461906,low,-0.1486172248803828,Francisco Arcia,L,0.2234446682337034,-0.9435742200522935,0.3456324012624685,0.5049750072293051,0.1699627825908958,-6.1626773,19.231071
516770,425,12636,0.4868629313073757,R,0.19944733420026,0.8005526657997399,0.3123827392120075,0.6657051282051282,87.90549279314375,104.0,8.80709275136399,,0.4155948553054662,0.3111845379146919,845.0,2531.0,845.0,2531.0,8.124743020385568,high,0.0365715490053514,Starlin Castro,R,-0.10048896405232402,0.043368391312428936,0.511674159363111,-1.2596918413266438,0.3199545464718276,18.25592,15.432028
516782,426,15827,0.5258735072976559,R,0.2345308182145861,0.7654691817854139,0.3426420592520641,0.724673956000527,87.45255284552844,104.9,7.360442420299284,68.92962962962963,0.4105542648523066,0.339476923076923,1076.0,3214.0,1076.0,3214.0,8.364275084991524,high,-0.0337147036779147,Starling Marte,R,0.2529648973192903,0.17606393521020522,0.6594579404338352,-0.48353231690661863,0.427192679987363,24.766928,13.681101
516809,427,508,0.4724409448818897,R,0.3333333333333333,0.6666666666666666,0.2840909090909091,0.6762295081967213,88.13142857142857,107.12,4.614285714285714,,0.4328358208955223,0.2584715447154471,52.0,71.0,52.0,71.0,4.820281565605037,low,0.1456370530877573,Junior Lake,R,-0.8010886549984392,0.22328849263087647,0.004377498657127989,0.44948822396662874,-0.5607296697196361,-12.208471,-0.8988571
516811,428,478,0.4748953974895397,R,0.211453744493392,0.788546255506608,0.3203463203463203,0.6194331983805668,82.72386363636363,99.55,4.920454545454546,,0.3058823529411765,0.2843875968992248,22.0,107.0,22.0,107.0,4.867534450455582,low,0.0508258283772302,Eury Pérez,R,0.9183419195507206,-0.2817060197285733,0.8453220629859217,-0.0002558352972929057,-0.32386298894357957,-23.272018,-11.196429
516910,429,60,0.3833333333333333,R,0.6956521739130435,0.3043478260869565,0.2727272727272727,0.4473684210526316,72.45,80.81,-18.5,,0.0,0.0,1.0,0.0,1.0,0.0,0.6931471805599453,low,,Carlos Frías,R,0.06277114579296614,0.0012044160611009358,-0.010728831724231409,-0.02790457688700335,-0.0049026960504527815,1.3919209,-0.4069622
516949,430,951,0.5299684542586751,L,0.2698412698412699,0.7301587301587301,0.3240556660039761,0.7611607142857143,86.90348837209302,101.48,18.843023255813954,,0.5301204819277109,0.279007874015748,59.0,195.0,59.0,195.0,5.541263545158426,low,0.0548724902216428,Héctor Sánchez,L,0.16389683015861486,0.3050056260464943,-0.31111313857743755,0.4955530099277931,1.0423258847278083,0.07987061,-11.629828
517369,431,3564,0.4635241301907968,R,0.221549636803874,0.7784503631961259,0.3070077864293659,0.622876557191393,88.67401459854014,105.9,5.237956204379562,,0.406885758998435,0.3002071129707113,319.0,637.0,319.0,637.0,6.863803391452954,medium,0.0612636919730515,José Pirela,R,-0.3083995621591931,-0.7759146912356147,0.6991160292875936,-0.8126482789000165,-0.36938761573527423,11.270082,10.627075
517370,432,2019,0.5745418524021793,L,0.3422413793103448,0.6577586206896552,0.4313551815766164,0.7561797752808989,89.94565826330532,105.44,7.518207282913165,,0.5302593659942363,0.2999236363636363,104.0,446.0,104.0,446.0,6.311734809152915,low,0.0690352707830286,Jimmy Paredes,L,-0.611595477654307,-0.2776142407105124,1.0084647103921043,0.42524000283688207,0.5502892452614838,-10.12943,18.448816
518170,433,14,0.6428571428571429,L,0.3333333333333333,0.6666666666666666,0.5,0.8333333333333334,94.46666666666664,102.92,-25.333333333333332,,0.6666666666666666,0.0,0.0,4.0,0.0,4.0,1.6094379124341005,low,,Jordany Valdespin,L,-0.19719278293312265,0.05958904698228951,0.2204322682976123,-0.03969046967347724,0.05341599885612857,4.2905107,1.0337042
518418,434,6,0.0,L,,,0.0,0.0,,,,,,0.687,1.0,0.0,1.0,0.0,0.6931471805599453,low,,Phillippe Aumont,L,0.0027280030340314293,0.07404637820299838,-0.041212701385835555,0.03928008776279567,-0.06050659991893134,0.46452972,-4.279398
518452,435,568,0.3257042253521127,R,0.2918918918918919,0.7081081081081081,0.1724137931034483,0.4560260586319218,81.15737704918034,95.2,-12.131147540983608,,0.1451612903225806,0.0852830188679245,17.0,36.0,17.0,36.0,3.9889840465642745,low,-0.0657140522875816,Chad Bettis,R,0.14443365071040073,-0.569534343045465,0.4676312518920244,1.1329683258556666,-0.8214815823123328,-22.360205,22.02104
518466,436,1364,0.4464809384164223,R,0.4170771756978654,0.5829228243021346,0.197962154294032,0.6986706056129985,86.86666666666666,106.14,14.453333333333331,,0.3970588235294117,0.278533950617284,120.0,204.0,120.0,204.0,5.783825182329737,medium,0.0540651960784313,Jabari Blash,R,-0.9035480959843522,1.0195803543217934,-0.10208803390917308,1.3058222065972338,-0.19434683994404522,-1.1900038,-25.507286
518468,437,22,0.5909090909090909,R,0.4615384615384615,0.5384615384615384,0.5333333333333333,0.7142857142857143,94.46666666666664,101.4,-5.666666666666667,,0.6666666666666666,0.0,1.0,1.0,1.0,1.0,1.0986122886681098,low,0.0,Michael Blazek,R,-0.07409255258962562,-0.017606415731093738,0.16063085977303632,0.0029149784482026936,-0.04949870906208343,6.583361,11.831439
518490,438,246,0.4471544715447154,R,0.2363636363636363,0.7636363636363637,0.3023255813953488,0.6068376068376068,87.14761904761905,107.81,-1.5238095238095235,,0.3863636363636363,0.3004375,45.0,19.0,45.0,19.0,4.174387269895637,low,0.071433918128655,Bryce Brentz,R,-0.024964258124595497,-0.4352475046112854,0.6501290870794496,-0.4422518324531415,-0.7780110823903531,10.685672,10.428412
518516,439,1562,0.469910371318822,R,0.4455040871934604,0.5544959128065395,0.2926239419588875,0.6693877551020408,89.59537572254335,105.06,15.213872832369942,,0.6589595375722543,0.2614113712374581,81.0,218.0,81.0,218.0,5.703782474656201,low,0.0155389058783553,Madison Bumgarner,R,-1.9666393116785297,0.19397170339242267,-0.9642854124489387,1.6814414874261148,1.6514076718543795,-24.93783,13.2673435
518542,440,1220,0.4442622950819672,L,0.2029520295202952,0.7970479704797048,0.2987220447284345,0.5976430976430976,85.4193832599119,98.62,7.889867841409692,,0.3909090909090909,0.2682260061919505,67.0,256.0,67.0,256.0,5.780743515792329,low,-0.006946187033582,Juan Centeno,L,0.7064969207969359,-0.574572327467873,-0.7167707793674326,0.5411577020565433,-0.3125788327800538,4.844381,6.4551044
518568,441,1352,0.4445266272189349,R,0.151414309484193,0.848585690515807,0.2942898975109809,0.5979073243647235,84.39277566539924,98.38,7.0,,0.3712121212121212,0.2660796703296703,131.0,233.0,131.0,233.0,5.8998973535824915,medium,0.0382992825082724,Christian Colón,R,0.5105208606541454,-0.9767948244624999,-0.9431968834197914,0.31335407323431236,-0.3443622000117902,-15.1080065,-9.087929
518577,442,305,0.4819672131147541,R,0.2857142857142857,0.7142857142857143,0.3154362416107382,0.6410256410256411,83.7,102.16,8.622641509433961,,0.3518518518518518,0.2196321839080459,51.0,36.0,51.0,36.0,4.477336814478207,low,0.0001307189542483,Collin Cowgill,R,0.007186117341328887,-0.19305528367668015,-0.1313170603914428,0.3969275061021141,0.19482621072434578,-5.4843802,-2.7722147
518586,443,3452,0.541135573580533,R,0.2922912205567451,0.7077087794432548,0.3748615725359911,0.7235722964763062,85.84162679425837,101.22,9.481658692185007,59.166666666666664,0.4288025889967637,0.3067022411953041,450.0,487.0,450.0,487.0,6.843749949006225,medium,0.0553990463153091,Charlie Culberson,R,-0.5980760115841106,-1.0943330105624207,-0.3615498009424654,0.4585998505899495,0.19441693697072943,-3.5831182,20.654583
518595,444,9239,0.5052494858750947,R,0.2339331619537275,0.7660668380462725,0.3009064780013265,0.7012298558100085,89.4885878962536,104.4,11.798387096774194,71.42363636363636,0.4063604240282685,0.3202744698205546,612.0,1840.0,612.0,1840.0,7.8050670442584895,high,0.0445553459789713,Travis D'Arnaud,R,-0.6368474129456534,0.4159246727221088,-0.19629431384015814,-0.6847452333637367,-0.30331729004138375,7.6330194,16.936228
518614,445,6012,0.4194943446440452,L,0.232751784298176,0.767248215701824,0.1981193255512321,0.6526639344262295,87.95872340425531,101.9,13.9073482428115,,0.4725877192982456,0.3087806020066889,263.0,1232.0,263.0,1232.0,7.310550158534422,medium,0.0148629728161572,Daniel Descalso,L,0.6996226334014343,0.7482930404688681,-0.18254985182454955,0.3192571543508326,-0.2831942354243237,3.4965398,-22.416792
518618,446,8153,0.478842143996075,L,0.2182377049180327,0.7817622950819673,0.2964426877470356,0.6825025960539979,86.57887218045113,103.7,15.937547027840482,,0.4668227946916471,0.3349011041766683,352.0,1731.0,352.0,1731.0,7.642044402873258,medium,0.045160481001523,Derek Dietrich,L,0.05858427597020907,-0.20861962036831697,0.32619075929867725,-0.6217117062571283,0.11355445410033359,7.3695803,-0.9224792
518625,447,51,0.3725490196078431,R,0.0526315789473684,0.9473684210526316,0.2916666666666667,0.4444444444444444,93.15,100.94,13.375,,0.25,0.0575833333333333,10.0,2.0,10.0,2.0,2.5649493574615367,low,0.0691,Matt Dominguez,R,-0.005227622174519516,-0.22485602673848745,-0.08951374510410824,-0.10882712334277846,-0.14408300718159345,-0.99687505,4.078643
518626,448,16896,0.4396306818181818,R,0.2662897145934303,0.7337102854065697,0.2354453011509666,0.6695608405687681,92.15983231707315,107.2,12.824314024390244,70.81217391304348,0.4636256390090444,0.367870477568741,979.0,3167.0,979.0,3167.0,8.330140460246382,high,0.0214097522555283,Josh Donaldson,R,-1.2110159684868913,1.2779802106928058,-0.045134427163993206,-1.2226725993823355,-0.5715461187547787,22.964651,1.6262283
518649,449,962,0.4781704781704782,R,0.2956521739130434,0.7043478260869566,0.2418300653594771,0.6938369781312127,85.89605263157895,103.96,16.348684210526315,,0.410958904109589,0.2676694214876033,108.0,134.0,108.0,134.0,5.493061443340548,low,0.0793239358761746,Brett Eibner,R,-0.31923375731047593,0.8152965859576318,0.2124740189338882,0.025384950498807762,-0.16675308233723699,2.2716587,-24.454958
518653,450,1218,0.3981937602627258,R,0.1278350515463917,0.8721649484536083,0.2034782608695652,0.5723172628304821,83.85518867924527,96.09,8.476415094339623,,0.3605769230769231,0.2530933333333333,131.0,169.0,131.0,169.0,5.707110264748875,medium,0.1015191291386241,Jake Elmore,R,1.170205730948445,-0.5120942859506622,-0.7933260976811294,0.6734365263742443,-0.9111656254035279,-20.20911,-11.24325
518692,451,21116,0.5145860958514871,L,0.2148904840787778,0.7851095159212221,0.2834196436408321,0.7854571634269258,90.49924892703864,104.7,14.668275677125235,69.11282051282052,0.4264264264264264,0.3936317649246791,1584.0,3793.0,1584.0,3793.0,8.59007183682881,high,0.0436986905370606,Freddie Freeman,L,-0.8690703798677412,0.6566846807418951,-0.3186286511083651,-0.4964879249538538,-0.24450159705287997,21.464893,11.867465
518700,452,1016,0.437007874015748,R,0.2184684684684684,0.7815315315315315,0.1858974358974359,0.6514598540145985,83.55165562913906,97.1,8.04635761589404,,0.3529411764705882,0.2738423236514523,45.0,196.0,45.0,196.0,5.488937726156687,low,-0.0365572562358276,Eric Fryer,R,0.2798545069475025,0.3405618185351369,-0.6725646185277747,0.7879955268053916,-0.30781114762316436,-7.9630876,-15.888851
518735,453,16159,0.3936505971904202,L,0.2378556830686998,0.7621443169313001,0.2213498945394891,0.5864918032786886,89.96849489795918,105.3,12.908974904296045,69.67663934426228,0.4639580602883355,0.3367608300907911,896.0,2959.0,896.0,2959.0,8.257385655730436,high,-0.0224200181498334,Yasmani Grandal,L,0.3197708828121527,0.5359366297608027,0.338956070011064,-0.3571699379862322,-0.5504504241489465,10.884278,-12.548676
518755,454,61,0.4098360655737705,R,0.0799999999999999,0.92,0.1818181818181818,0.6785714285714286,99.11666666666667,107.35,22.166666666666668,,0.625,0.3159285714285714,6.0,8.0,6.0,8.0,2.70805020110221,low,0.2707916666666666,Matt Hague,R,0.2210902775165831,0.3112940704044732,-0.08644359518363762,-0.21270266826734918,-0.2000967640407937,8.937206,-6.5759506
518764,455,3,0.3333333333333333,R,0.0,1.0,0.0,1.0,74.4,74.4,10.0,,0.0,0.0,0.0,1.0,0.0,1.0,0.6931471805599453,low,,Donovan Hand,R,0.04449148453473447,-0.050097464315767185,-0.026235813647208808,0.028657091370159912,-0.03717336199563587,1.638501,0.59561527
518774,456,613,0.5122349102773246,R,0.3407643312101911,0.6592356687898089,0.3563218390804598,0.6278409090909091,84.77111111111111,99.73,-0.6,,0.3488372093023256,0.1083416666666666,39.0,81.0,39.0,81.0,4.795790545596741,low,0.0517255460588794,Matt Harvey,R,0.12734604044556422,-0.2077813141839864,0.4245329260382472,1.1259494671367283,0.26229977801267673,-21.084545,16.659071
518790,457,153,0.7058823529411765,R,0.3611111111111111,0.6388888888888888,0.5,0.8461538461538461,82.44516129032259,98.3,-0.4516129032258064,,0.375,0.1874509803921568,7.0,44.0,7.0,44.0,3.951243718581427,low,-0.0713928571428571,Chris Heston,R,-0.22499970538548153,-0.24866065527616643,0.2940587221996626,0.983087240908724,0.6730369558272837,-11.890679,21.677341
518792,458,14455,0.4391560013836043,L,0.1789540012602394,0.8210459987397606,0.2629973474801061,0.631236442516269,87.92052117263843,104.7,10.058269996380746,72.59931034482759,0.4957736126424109,0.316209112457203,847.0,2950.0,847.0,2950.0,8.242229891372231,high,0.0444354055189802,Jason Heyward,L,-0.26024263794884933,-0.41657324442811833,-0.48732176592028675,-1.398620974556499,0.12410090635833222,9.702209,5.57118
518876,459,362,0.3922651933701657,R,0.3943661971830986,0.6056338028169014,0.304635761589404,0.4549763033175355,80.4421052631579,96.48,-6.131578947368421,,0.3076923076923077,0.0763619047619047,31.0,74.0,31.0,74.0,4.663439094112067,low,-0.0767689625108979,Merrill Kelly,R,0.07543112516879774,-0.8315339679386452,0.044329143364877845,1.39130003564748,-0.11804372036966493,-23.10608,19.210367
518902,460,927,0.4509169363538295,R,0.1842105263157895,0.8157894736842105,0.2416851441241685,0.6491596638655462,83.00314465408805,96.12,17.132075471698112,,0.3141025641025641,0.1979752066115702,75.0,167.0,75.0,167.0,5.493061443340548,low,-0.0111897804391217,Pete Kozma,R,0.0485310956973304,-0.4853367009249533,-0.7098746674869169,0.9162586402377108,-0.2621305930417934,-22.89854,7.6444087
518911,461,118,0.4322033898305085,L,0.3137254901960784,0.6862745098039216,0.3466666666666667,0.5813953488372093,88.62777777777778,102.37,4.555555555555555,,0.6111111111111112,0.0939285714285714,2.0,26.0,2.0,26.0,3.367295829986474,low,0.1011538461538461,Andrew Lambo,L,-0.35756020690483825,0.08614153173137915,-0.4409383863309493,0.09624467428639512,0.2132062699704186,2.1805246,-7.8255534
518934,462,20112,0.4180588703261734,R,0.1305899143672693,0.8694100856327307,0.2337188070602556,0.595279890774332,90.54311424100156,104.2,4.486824941299243,66.61011235955057,0.2771436156092381,0.3440276157137301,1375.0,3767.0,1375.0,3767.0,8.545391845774915,high,0.0384506774139054,Dj Lemahieu,R,0.101449576623464,-0.5421315385107488,0.8471572894176399,-1.2048092178109642,-2.0577333290360533,10.307468,18.053263
518953,463,776,0.4780927835051546,L,0.2102425876010781,0.7897574123989218,0.3526570048309179,0.6215469613259669,84.66013071895425,101.28,13.437908496732026,,0.4210526315789473,0.2615662100456621,21.0,198.0,21.0,198.0,5.393627546352362,low,-0.0254978354978355,David Lough,L,0.3815439517372649,-0.5860600877063873,0.1005214995632617,0.2506485481315746,0.34618796460752654,-0.41008222,2.345728
518960,464,8882,0.4223147939653231,R,0.1370301252999199,0.86296987470008,0.2656844106463878,0.563329054343175,87.00155595451825,102.1,11.652902453620586,,0.3581626319056487,0.312231045311799,604.0,1625.0,604.0,1625.0,7.709756864454165,high,-0.0325539633214467,Jonathan Lucroy,R,0.8201562495607555,-0.7982113803914628,-0.15572032910055314,-0.7064990685529493,-0.6374199383168145,9.683884,9.0838375
518991,465,47,0.3829787234042553,R,0.2222222222222222,0.7777777777777778,0.2,0.5909090909090909,66.32000000000001,87.89999999999999,3.6,,0.2,0.1256363636363636,9.0,2.0,9.0,2.0,2.4849066497880004,low,0.1535555555555555,Darin Mastroianni,R,0.2074370375090012,0.01134454477516909,-0.07945490026223181,0.28284843805794796,-0.12330745314127906,-8.407585,-8.054523
519023,466,2130,0.4751173708920188,R,0.2144268774703557,0.7855731225296443,0.2882882882882883,0.6784313725490196,85.00351351351351,100.42000000000002,18.324324324324323,,0.5272206303724928,0.2871439114391144,164.0,378.0,164.0,378.0,6.297109319933935,medium,0.0098132017034455,Devin Mesoraco,R,0.7971507090805207,0.25809404813129033,-0.9536500443152702,0.041243735467763665,0.9669603237020955,1.22771,-12.50706
519025,467,1293,0.4601701469450889,R,0.2773109243697479,0.7226890756302521,0.2868217054263566,0.6327160493827161,88.635807860262,104.9,14.685589519650655,,0.3706896551724138,0.2500147058823529,100.0,240.0,100.0,240.0,5.831882477283517,low,0.0986075,Will Middlebrooks,R,-0.2359937403627935,0.06949466969838886,-0.08266277064977391,-0.17911290423966883,0.007421030385873679,-1.7228197,3.0769887
519037,468,172,0.4941860465116279,L,0.3411764705882353,0.6588235294117647,0.2840909090909091,0.7142857142857143,87.964,102.88,16.96,,0.32,0.2197674418604651,4.0,39.0,4.0,39.0,3.784189633918261,low,0.0512884615384615,Carlos Moncrief,L,-0.10572100708037982,0.30384902195374375,0.00837178969190437,0.3258117924947735,0.12693556240907805,-3.1749904,-8.83373
519043,469,354,0.4887005649717514,L,0.3410404624277456,0.6589595375722543,0.33125,0.6185567010309279,80.85111111111111,95.46,2.022222222222222,,0.217391304347826,0.1356734693877551,7.0,42.0,7.0,42.0,3.912023005428146,low,0.0121190476190476,Matt Moore,L,-0.09723892183518465,-0.6320349153414486,0.07626430542163694,0.8438521426157491,0.3243762473107989,-20.45435,15.023889
519048,470,10894,0.4733798421149256,L,0.258871436881908,0.7411285631180919,0.2785883949779437,0.703,90.45287902799788,106.5,12.053882725832011,,0.467065868263473,0.3292003603603603,588.0,2187.0,588.0,2187.0,7.928766321626696,high,0.0386502360889485,Mitch Moreland,L,-1.2012397612865338,-0.37313087596980427,-0.5132972773078437,-0.3430705117460861,-0.7646292707278743,-0.775269,9.137177
519058,471,13774,0.5110352838681574,L,0.2096888762608325,0.7903111237391675,0.3362916439104315,0.7094573643410853,88.84588644264194,105.32000000000002,17.640015449980687,69.55942028985507,0.4678714859437751,0.3297915730337079,1016.0,2544.0,1016.0,2544.0,8.177796683277778,high,0.0183340173575001,Mike Moustakas,L,-0.2458698174413103,-0.08484507654670405,-0.224123539405877,-1.0330268855116869,0.7429689687830207,9.052546,-3.8726218
519068,472,664,0.4548192771084337,L,0.1721854304635761,0.8278145695364238,0.2857142857142857,0.6208955223880597,89.08532110091743,102.44,7.486238532110092,,0.4074074074074074,0.2732546583850931,21.0,140.0,21.0,140.0,5.087596335232384,low,-0.1096690476190476,Efren Navarro,L,-0.2920676201571449,-0.6758895378964546,-0.2899635277498733,-0.1314855399239371,-0.4877848788836452,-2.3203807,6.578124
519071,473,90,0.5111111111111111,L,0.1304347826086956,0.8695652173913043,0.4615384615384615,0.5490196078431373,83.14615384615385,93.8,24.76923076923077,,0.4615384615384615,0.3097241379310345,8.0,21.0,8.0,21.0,3.4011973816621555,low,-0.2328988095238095,Rey Navarro,L,0.6293775538979076,-0.5337785779350216,-0.16229053946268046,0.09580084825932104,0.42602219255676005,-6.681631,14.968729
519076,474,634,0.443217665615142,R,0.4341637010676157,0.5658362989323843,0.2649253731343283,0.5737704918032787,79.03859649122806,93.76,-6.456140350877193,,0.25,0.1035963855421686,44.0,122.0,44.0,122.0,5.117993812416755,low,-0.0052026825633383,Jimmy Nelson,R,-0.46393856044200865,-0.5659965936425668,0.6885114718259414,1.8223620406986774,0.26072359117253346,-24.737373,20.600845
519082,475,160,0.48125,L,0.3246753246753247,0.6753246753246753,0.2921348314606741,0.7183098591549296,83.19642857142857,95.61,13.107142857142858,,0.5384615384615384,0.1822727272727272,5.0,39.0,5.0,39.0,3.80666248977032,low,0.2056410256410256,Nick Noonan,L,0.3591285947175838,0.2838377618570224,0.6199838089246852,0.35224386483965053,0.3313651610051529,17.210342,-10.059859
519083,476,4872,0.4548440065681445,R,0.230595667870036,0.769404332129964,0.2416340721425467,0.645663166083236,87.30506329113923,103.71,16.759493670886076,,0.4381578947368421,0.2812493786246893,316.0,891.0,316.0,891.0,7.0967213784947605,medium,0.0391015783716205,Derek Norris,R,-0.01171830702277278,1.0166596595927506,-0.6386432579180056,0.009042624392616896,0.21678536328145945,5.419703,-25.21308
519107,477,34,0.3823529411764705,L,0.3846153846153846,0.6153846153846154,0.2631578947368421,0.5333333333333333,89.5,89.5,31.0,,0.0,0.17175,3.0,5.0,3.0,5.0,2.1972245773362196,low,-0.0915999999999999,Andy Parrino,L,-0.15362370046082113,0.01631073634188171,-0.10420385008869325,0.16253936329726842,-0.12340494858641222,-3.1531663,-4.731408
519184,478,4656,0.4128006872852233,L,0.0941727367325702,0.9058272632674298,0.2642378559463986,0.5692239858906526,83.15412418906395,96.4,5.061167747914736,,0.4230396902226525,0.2884190839694656,284.0,1026.0,284.0,1026.0,7.1785454837637,medium,0.0468776459929166,Ben Revere,L,2.698940363600186,-0.9079239768324712,-0.3534074773180684,0.4412163707054783,-0.04237919021894715,-16.509573,10.11066
519203,479,19900,0.4609045226130653,L,0.1813126907980811,0.8186873092019189,0.3027726432532348,0.6493392070484582,89.20960292875246,105.2,15.929315685722331,67.59685039370078,0.4976811594202898,0.3647085714285714,1352.0,3723.0,1352.0,3723.0,8.532278828834277,high,0.0056229739727616,Anthony Rizzo,L,-0.5970617834295019,-0.9191050730023327,-0.1378576638079378,-1.7247459470301363,0.20157919700209076,8.45937,12.617126
519208,480,2238,0.4383378016085791,L,0.1610601427115188,0.8389398572884812,0.252365930599369,0.6814432989690722,89.06165413533834,105.8,12.611528822055138,,0.4754901960784313,0.3173975481611208,72.0,499.0,72.0,499.0,6.349138991379798,low,-0.0583488087285682,Clint Robinson,L,-0.28348977704461215,-0.0339702519748312,-0.24688981164771986,-0.6805810790727466,-0.5681705039177298,7.925337,-11.038958
519222,481,4668,0.5269922879177378,R,0.2422764227642276,0.7577235772357723,0.3527672158850866,0.7062146892655368,87.56083429895713,104.9,9.03707995365006,,0.3289473684210526,0.2708238095238095,376.0,884.0,376.0,884.0,7.13966033596492,medium,0.0347625397131029,Austin Romine,R,0.16541195865114028,-0.49504401793133107,1.3176624511569,-0.3540610564435415,-0.0515164570686958,13.28544,8.960574
519237,482,4077,0.4728967377974,R,0.287863070539419,0.7121369294605809,0.2746781115879828,0.6828282828282828,89.78782742681048,106.3,10.343605546995375,,0.3519108280254777,0.3072478386167147,251.0,790.0,251.0,790.0,6.948897222313312,medium,0.1010749760451863,Cameron Rupp,R,-0.8434728199701831,0.24924569998887988,0.7370589744201587,-0.3764589990622,-0.8439037923526324,19.309027,9.890825
519295,483,2149,0.4634713820381573,R,0.1736947791164659,0.8263052208835341,0.2866666666666667,0.632393084622384,87.51193317422434,102.56,13.081145584725537,,0.4812967581047381,0.2752103448275862,254.0,326.0,254.0,326.0,6.364750756851911,medium,0.1078521810540553,Jake Smolinski,R,0.3805005926589391,-0.2825828766813579,-0.5412187089287436,-0.4692036721875416,-0.25847545372638037,5.0848646,7.7700114
519299,484,6005,0.386511240632806,L,0.0986643688065489,0.9013356311934512,0.2177631578947368,0.5595278246205734,85.11492146596858,97.6,14.798429319371728,,0.393177737881508,0.2952829457364341,307.0,1241.0,307.0,1241.0,7.3453648404168685,medium,-0.0034826542637937,Eric Sogard,L,1.7009377691881404,-0.4706549764999555,-0.8949040339329912,0.3195184994094018,-0.3421897730463074,-18.894228,-6.923654
519303,485,24,0.5,R,0.5,0.5,0.3333333333333333,0.6666666666666666,87.26,93.62,-3.6,,0.2,0.4028571428571428,1.0,6.0,1.0,6.0,2.0794415416798357,low,0.9743333333333332,Elliot Soto,R,-0.015812090728064734,-0.1905376096836523,-0.019917884344825606,0.1774588596007699,-0.07063109221631074,-2.8166385,1.658915
519306,486,7485,0.458249832999332,R,0.3008746355685131,0.6991253644314869,0.2403467297084318,0.6837955410549211,88.96470588235293,106.8,13.60559305689489,,0.471356783919598,0.3182017167381974,544.0,1320.0,544.0,1320.0,7.5310163320779155,high,0.0024978609625668,Steven Souza,R,-0.7299336998678176,1.1602898535672588,0.594131062178654,0.3598504371195818,0.2632167330672146,2.2786522,-24.869581
519317,487,15447,0.4366543665436654,R,0.3191994069681245,0.6808005930318755,0.2761496582879648,0.6400058702670971,93.82338530066816,114.2,11.844474153297682,79.08802816901408,0.4097605893186004,0.3613661522086215,884.0,2874.0,884.0,2874.0,8.231908243564177,high,0.0538614501365022,Giancarlo Stanton,R,-1.9351543781058727,-0.06980131015189125,0.8868103424069177,-0.9249686441482805,-0.8333850519514102,-3.7728436,3.8500502
519333,488,2229,0.4813817855540601,R,0.2320596458527493,0.7679403541472507,0.2587601078167116,0.703405017921147,84.68868894601543,100.5,16.303341902313626,,0.4065040650406504,0.2958650927487352,223.0,370.0,223.0,370.0,6.386879319362645,medium,0.0013014543691673,Matt Szczur,R,0.6899963443054915,0.43594795846688555,0.003384195417625578,0.16941738223106442,0.26378237167292773,-22.94677,-14.665041
519344,489,13,0.6153846153846154,R,0.625,0.375,0.25,0.7777777777777778,,,,,,0.0,0.0,1.0,0.0,1.0,0.6931471805599453,low,,Nick Tepesch,R,-0.0554695952429773,-0.05691386637715125,-0.028765086091828304,0.026794170806756522,-0.0006965105822922611,-0.34407896,-1.8441782
519345,490,206,0.5631067961165048,L,0.2758620689655172,0.7241379310344828,0.3364485981308411,0.8080808080808081,89.88809523809525,103.6,16.11904761904762,,0.35,0.2645344827586207,9.0,49.0,9.0,49.0,4.07753744390572,low,0.1034807256235827,Joey Terdoslavich,L,-0.3092878787833685,0.003908972983668905,0.23185845284626722,-0.30727511728752577,-0.05796779297241108,10.279443,0.07987436
519346,491,5878,0.458149030282409,L,0.304864463423691,0.695135536576309,0.2678125,0.6855862584017924,89.63613231552164,104.7,16.189567430025445,,0.4859437751004016,0.3473507779349363,227.0,1187.0,227.0,1187.0,7.254884810077338,medium,0.0702863547461671,Eric Thames,L,-0.40795996881632096,0.8769335292716002,0.22398990525952137,-0.03291629428146209,0.08927570235193043,14.350126,-1.5450399
519390,492,8570,0.4511085180863477,L,0.1945162959130885,0.8054837040869115,0.3095914354380599,0.6133233158026546,86.98537074148297,101.64,18.920507682030728,,0.4572210814510609,0.3032131070249882,370.0,1751.0,370.0,1751.0,7.660114319173928,medium,0.0495812832821399,Stephen Vogt,L,0.6448439297955878,-0.3404276798994085,-0.6386047750650355,-0.8044321843837048,0.8066863475210555,19.68831,22.223326
519421,493,125,0.44,L,0.3272727272727272,0.6727272727272727,0.2285714285714285,0.7090909090909091,91.55,103.12,11.928571428571429,,0.5714285714285714,0.2299259259259259,4.0,23.0,4.0,23.0,3.332204510175204,low,0.2699130434782609,Andy Wilkins,L,-0.28460754256956594,0.400492631156525,0.12687785963170464,-0.06844286965817448,0.354233331026902,3.6350145,-6.5221786
519425,494,58,0.293103448275862,R,0.1764705882352941,0.8235294117647058,0.1388888888888889,0.5454545454545454,82.725,90.77,10.875,,0.375,0.3489285714285714,3.0,11.0,3.0,11.0,2.70805020110221,low,-0.4440909090909091,Jackson Williams,R,0.06467726798288075,-0.21101341999004516,-0.2830825395290068,0.16052268980239112,-0.3203437638259252,-9.175449,-5.7582493
519445,495,140,0.4428571428571428,R,0.1290322580645161,0.8709677419354839,0.1714285714285714,0.7142857142857143,87.478125,100.95,11.53125,,0.4642857142857143,0.189125,26.0,14.0,26.0,14.0,3.713572066704308,low,0.0979945054945055,Danny Worth,R,0.6765926206387841,0.4216480554395974,-0.30384084231047326,0.0011096978483069572,-0.08329384709173941,6.385639,-8.1954155
519455,496,303,0.4092409240924092,R,0.2741935483870967,0.7258064516129032,0.1739130434782608,0.5531914893617021,81.83061224489795,98.7,1.326530612244898,,0.4081632653061224,0.143515625,12.0,52.0,12.0,52.0,4.174387269895637,low,0.0944423076923076,Jordan Zimmermann,R,0.23849162856684888,-0.3892093212375591,0.056544317828854176,0.4009205184079261,-0.03758538705371659,-13.308248,9.047178
520471,497,14108,0.5034023249220301,L,0.2078287806251759,0.792171219374824,0.3547912205567451,0.6707353827606992,87.26348595613698,100.2,14.040784917275875,,0.4383670233848593,0.2955034218450588,1048.0,2605.0,1048.0,2605.0,8.203577736937952,high,0.0085818632694026,Freddy Galvis,L,1.2029019467801711,-0.7781320848066587,0.05539175846115159,-0.8273394080791225,0.3543030225603892,23.470747,3.947988
521692,498,14078,0.5739451626651513,R,0.2464108910891089,0.753589108910891,0.4427471278878929,0.7427318499269124,90.12950819672132,106.0,16.646395626921763,71.16192384769539,0.464397360194512,0.3224893510398396,1103.0,2888.0,1103.0,2888.0,8.292047637431354,high,-0.0038247307142695,Salvador Pérez,R,-0.2869110292666704,-0.4599941255883373,0.3340088540408984,-0.650410279553183,2.456428479609524,-3.2234514,26.014534
523253,499,10262,0.3662054180471643,R,0.1881319850984566,0.8118680149015434,0.1661885245901639,0.5475659606094389,88.7612539184953,101.5,13.124137931034484,,0.398578811369509,0.3158153467377924,772.0,1665.0,772.0,1665.0,7.798933310041217,high,0.0214175558978668,Logan Forsythe,R,1.6319998333010264,0.9132313807421839,-0.2900263743825555,0.38419605144668617,-0.4810137247869308,9.951036,-7.668276
523989,500,263,0.4714828897338403,R,0.282258064516129,0.717741935483871,0.4019607843137255,0.515527950310559,77.44468085106384,90.3,-10.106382978723405,,0.217391304347826,0.08259375,13.0,51.0,13.0,51.0,4.174387269895637,low,0.2365279034690799,Rubby De La Rosa,R,0.14205544421646865,-1.0245342201073369,0.2568066779204626,1.1150553211675729,0.18021348499307868,-22.16594,18.338741
524968,501,383,0.6005221932114883,R,0.2826086956521739,0.717391304347826,0.4729064039408867,0.7444444444444445,91.19615384615383,109.88,13.256410256410255,,0.3670886075949367,0.2839913793103448,77.0,39.0,77.0,39.0,4.762173934797756,low,-0.0931451881451881,Jesús Montero,R,0.2478131636785576,0.08483273448898256,1.6002597118024562,-0.21973349186642208,0.3988538338509532,17.245075,3.4782233
527038,502,14363,0.4728120866114321,R,0.1460756884111324,0.8539243115888676,0.2831506849315068,0.6688376044173864,87.1571021715913,101.3,18.131410256410255,65.88190045248868,0.447011367803447,0.3313928670168647,1178.0,2439.0,1178.0,2439.0,8.193676665955241,high,0.0386082167188395,Wilmer Flores,R,0.7071472363536984,0.0019404856300357987,-1.7057295820338791,-1.0818140226939406,0.7545188898934769,-6.033792,-13.633499
527043,503,2820,0.45,R,0.2308904649330181,0.7691095350669819,0.2505147563486616,0.6632428466617755,87.93551587301587,105.27,9.475149105367793,,0.5238095238095238,0.3003429752066116,330.0,396.0,330.0,396.0,6.588926477533519,medium,0.0138767676767677,Jefry Marte,R,-1.5469865196787427,-0.39686651319272964,-1.900702231699314,0.7200977792714834,0.9067540870993824,-23.469585,-5.1406446
527049,504,760,0.4447368421052631,R,0.2869822485207101,0.7130177514792899,0.3037037037037037,0.6056338028169014,85.63913043478261,104.14,-3.391304347826087,,0.4561403508771929,0.3133247422680412,86.0,108.0,86.0,108.0,5.272999558563747,low,-0.0160816106804479,César Puello,R,-0.3121242679352664,-0.6492622759049097,0.07621054672323505,0.7917746273447475,0.4017204562722864,-23.120165,10.76207
527054,505,947,0.4604012671594509,R,0.2385321100917431,0.7614678899082569,0.3261904761904762,0.5673624288425048,83.81085714285715,96.8,4.8,,0.3413173652694611,0.1435648854961832,77.0,185.0,77.0,185.0,5.572154032177765,low,0.0157715689715689,Julio Teherán,R,0.591435605237059,-1.1153586816871701,-0.07827478037163087,1.0690664890431345,0.22604825562510694,-21.087843,17.96421
534606,506,1074,0.4860335195530726,R,0.2586206896551724,0.7413793103448276,0.275,0.6841155234657039,86.3709090909091,102.7,10.309090909090909,,0.3625,0.2778550185873605,112.0,157.0,112.0,157.0,5.598421958998375,low,0.0706803912647861,Ryan Lamarre,R,-0.5899396469581669,-0.46116593822445107,-0.2552362710200914,0.37789105963365094,-0.33045969465094266,-0.6686953,8.165866
534627,507,953,0.434417628541448,R,0.2342995169082126,0.7657004830917874,0.2806652806652807,0.5911016949152542,84.12587412587412,97.8,6.671328671328672,,0.2638888888888889,0.2627949790794979,70.0,169.0,70.0,169.0,5.480638923341991,low,0.0135026204564666,Tyler Holt,R,0.7327176420602862,-0.48850175117146916,0.426874503182685,0.10872978759812127,-0.4342473494531399,-23.444805,-11.290761
537953,508,2103,0.4194008559201141,L,0.1587301587301587,0.8412698412698413,0.2132280355380059,0.6110091743119266,87.65042735042735,100.3,12.17948717948718,,0.4590643274853801,0.3025578747628084,97.0,430.0,97.0,430.0,6.269096283706261,low,0.0251321745384799,Daniel Nava,L,1.1352555658464545,0.07431204160787969,-0.3781027698714005,0.17304383520040573,-0.22880566484749132,12.190838,-6.730563
541600,509,382,0.5157068062827225,R,0.1421319796954314,0.8578680203045685,0.3705583756345177,0.6702702702702703,85.05199999999999,98.64,4.8533333333333335,,0.3287671232876712,0.21555,48.0,52.0,48.0,52.0,4.61512051684126,low,0.0863221153846153,Wilfredo Tovar,R,0.9671397115092248,-0.5300774806989732,0.4908251994302757,-0.09594957006185875,-0.6632494311511042,6.43246,7.561632
541608,510,741,0.49527665317139,L,0.2125340599455041,0.7874659400544959,0.3427835051546392,0.6628895184135978,87.50239520958084,100.34,11.479041916167663,,0.4,0.2864858490566038,48.0,164.0,48.0,164.0,5.3612921657094255,low,0.0481341463414634,Ramón Cabrera,L,0.5496436061038804,-0.8603815817463636,0.2544266164447981,-0.2942032568998911,0.23832358934382364,-7.7184186,13.423851
541645,511,13421,0.5747708814544371,R,0.3121597096188747,0.6878402903811253,0.3850034083162917,0.8034834045349983,89.57517871326449,107.4,7.611750694720127,70.65810810810811,0.4160853508411982,0.3159957081545064,951.0,2777.0,951.0,2777.0,8.22389538017882,high,0.0361772544261919,Avisaíl García,R,-1.5339925937341594,-0.06605146387590329,1.6924585198993367,0.030667849542872834,0.49077007619000473,-9.075996,25.118053
541650,512,6223,0.530130162301141,R,0.2303728402546225,0.7696271597453774,0.3892445582586428,0.6721523071958696,87.07776049766719,102.55,11.038880248833593,,0.4004914004914005,0.2865279361459521,635.0,1119.0,635.0,1119.0,7.470224135899966,high,0.0378630892318084,Hernán Pérez,R,0.2621444048963096,-1.0520398599819694,0.2514955523989743,-0.4987736667974728,0.27825151373220985,-6.1310816,12.4305935
542194,513,3567,0.60022427810485,R,0.3157403082671649,0.6842596917328351,0.4437994722955145,0.777511961722488,88.77663421418637,105.62,10.414464534075105,70.99317269076305,0.4574314574314574,0.2726979670861568,301.0,732.0,301.0,732.0,6.9411900550683745,medium,0.0014061007933482,Christian Bethancourt,R,-0.464893011028621,-0.306238816140253,0.845473319315904,-0.28782953728103705,0.5516242644261826,-9.490439,21.631407
542208,514,3171,0.4619993692841375,R,0.1911262798634811,0.8088737201365188,0.2997542997542997,0.6331821127673364,86.29902597402597,101.55,15.02922077922078,69.04024390243903,0.4416666666666666,0.2596099290780141,247.0,599.0,247.0,599.0,6.741700694652055,medium,-0.0186731056484153,Carlos Pérez,R,-0.1789397974578785,-0.6072899071519204,-1.2444681150719696,-0.22065701821363995,0.2393942389694437,-0.16655181,13.472371
542255,515,10544,0.4899468892261001,L,0.1306620209059233,0.8693379790940766,0.3165197824864054,0.6674342736518902,84.15548645046646,97.3,9.144824522434474,,0.4097538742023701,0.3136766202918222,730.0,2217.0,730.0,2217.0,7.988882253309227,high,0.0277944464010973,Ender Inciarte,L,1.0661665552207003,-1.045737655131781,-0.07436059143171918,0.2968462113820874,-0.6698113411162501,-10.981929,9.90672
542289,516,7,0.8571428571428571,R,0.1666666666666666,0.8333333333333334,0.6666666666666666,1.0,,,,,,0.0,0.0,1.0,0.0,1.0,0.6931471805599453,low,,Daniel Corcino,R,-0.006033177164472439,-0.05044633682771458,-0.04239480906255637,-0.013030625848904232,0.08804407895529176,5.3968377,0.35237506
542303,517,17339,0.4786319856969837,R,0.2550909748162429,0.7449090251837571,0.2989855846235985,0.6896162528216704,91.1646889952153,107.7,12.324720893141944,73.22923976608188,0.4177339901477832,0.3434010186005314,987.0,3529.0,987.0,3529.0,8.415603335654604,high,0.0113397703727373,Marcell Ozuna,R,-0.7374662078234104,0.1489068894256171,0.05826287023822072,-1.399949027801745,-0.23458150202158057,8.92851,16.776196
542340,518,13579,0.4773547389351204,L,0.2726010490589324,0.7273989509410675,0.267420751291719,0.7115923963851667,88.86429249762584,105.1,4.6219165085389,,0.415929203539823,0.3173142011834319,1024.0,2356.0,1024.0,2356.0,8.125926802707886,high,0.0005278195962436,Jonathan Villar,L,-0.5905825073406797,0.34525825467167154,0.5721164782260042,-0.12725247776322765,0.06674314074016954,-9.963832,-2.1638098
542364,519,5051,0.4486240348445852,L,0.177846425419241,0.822153574580759,0.261100569259962,0.6531456953642384,86.85493119266054,101.39,14.126146788990823,67.74652173913044,0.4813084112149532,0.2984976303317535,170.0,1096.0,170.0,1096.0,7.144407180321139,medium,0.0650299270072992,Rafael Ortega,L,0.877293674720785,0.19715352590395335,-0.6850841393665009,-0.49694782620116784,0.29859310982132814,6.7381344,3.4714754
542436,520,1300,0.483076923076923,L,0.2070063694267515,0.7929936305732485,0.2840059790732436,0.694136291600634,84.6021551724138,100.77,3.724137931034482,,0.4541484716157205,0.2666512968299712,117.0,230.0,117.0,230.0,5.8522024797744745,medium,0.0048510590858417,Cristhian Adames,L,-0.0618787066914138,-0.8240562314068784,0.07957887296626985,0.6533751700201407,-0.45793165957135284,-13.599099,22.519426
542454,521,5216,0.5460122699386503,L,0.2780898876404494,0.7219101123595506,0.3657630894912737,0.7384066587395958,89.00989130434783,104.2,9.983695652173912,,0.4385964912280701,0.2862165963431786,390.0,1032.0,390.0,1032.0,7.260522598089852,medium,0.0090287268932617,Danny Santana,L,0.35252962881643296,-0.13137194919995376,0.6661518832965103,0.08864124424531662,0.7075403581356455,-9.019286,20.234941
542455,522,1140,0.5131578947368421,L,0.347008547008547,0.652991452991453,0.3713826366559485,0.6833976833976834,86.52363636363636,105.76,13.145454545454545,,0.538961038961039,0.2805371024734982,66.0,217.0,66.0,217.0,5.648974238161206,low,0.0321778382907415,Oswaldo Arcia,L,0.2864000756610433,0.38270691452982,0.5506562668842291,0.08364713429170374,0.7887971605543038,-19.097752,11.876454
542513,523,744,0.4435483870967742,L,0.1242424242424242,0.8757575757575757,0.3241895261845386,0.5830903790087464,84.21298701298701,98.54,4.733766233766234,,0.3178807947019867,0.2480564102564102,41.0,154.0,41.0,154.0,5.278114659230517,low,0.0916726322458029,Tomás Telis,L,0.9232995678295899,-1.5655141955138163,-0.2058423320280017,-0.07407264457025263,-0.2956583521769891,-15.564738,10.218952
542583,524,10830,0.4634349030470914,R,0.2556286112771468,0.7443713887228531,0.3164096343787905,0.6311524016604072,88.99644087256027,104.5,16.388059701492537,,0.4185493460166468,0.3299811102544333,785.0,1809.0,785.0,1809.0,7.861341795599989,high,0.0120502744592676,Jesús Aguilar,R,-0.9332385394832969,-0.7799428173794715,-1.2461033273284317,-0.9875511372211307,0.6602858152129243,-24.69754,-3.9804835
542642,525,207,0.4927536231884058,R,0.3529411764705882,0.6470588235294118,0.1981132075471698,0.801980198019802,88.08888888888889,104.34,1.5185185185185186,,0.6086956521739131,0.2863260869565217,7.0,39.0,7.0,39.0,3.8501476017100584,low,-0.0731758241758241,Rymer Liriano,R,-0.7267548175298196,0.47642846483180956,0.44463179946801407,0.5862793888903609,-0.39359933295990146,-1.8411779,-25.190193
542881,526,607,0.4662273476112026,L,0.5017667844522968,0.4982332155477031,0.3394160583941605,0.5705705705705706,80.26545454545455,91.7,6.3090909090909095,,0.4181818181818181,0.1331481481481481,21.0,33.0,21.0,33.0,4.007333185232471,low,-0.1639393939393939,Tyler Anderson,L,0.27267772068786694,-0.04176952198028824,0.5413986932699335,0.9163836111721368,0.4884330794493987,-25.370834,17.646854
542883,527,3,0.6666666666666666,L,0.0,1.0,0.5,1.0,82.0,82.0,-28.0,,1.0,0.0,0.0,1.0,0.0,1.0,0.6931471805599453,low,,Dean Anna,L,-0.020763632053862453,-0.06759583754650976,0.02069388890494344,-0.02951241682787994,-0.0009534563272105949,2.5581958,1.8268396
542908,528,1866,0.5439442658092176,R,0.21871921182266,0.7812807881773399,0.3779366700715015,0.7271702367531003,85.96948640483384,100.6,21.048338368580065,,0.4888888888888889,0.2823496932515337,113.0,376.0,113.0,376.0,6.194405391104672,medium,0.0728814018075691,Jett Bandy,R,0.7654580121317796,0.0418530040473982,-0.4228286809070207,0.13055041753664437,1.8576125104272299,-14.342077,15.399981
542921,529,6950,0.4893525179856115,R,0.2993237283152014,0.7006762716847986,0.2974683544303797,0.6813471502590673,87.92472727272727,104.7,9.528181818181816,,0.4554170661553212,0.3096071428571428,585.0,1179.0,585.0,1179.0,7.475905969367397,high,0.0111198929992822,Tim Beckham,R,-0.8916512173278449,0.09087269264885454,-0.12281165428941693,0.12848715350786427,-0.3331200117723253,-8.499546,5.4918523
542923,530,6,0.6666666666666666,R,0.0,1.0,0.0,0.8,90.0,98.24,27.5,,0.5,0.4186666666666667,3.0,0.0,3.0,0.0,1.3862943611198906,low,,Dallas Beeler,R,-0.09954899115152281,0.042719158898897436,-0.11008452840262192,0.16974256412973018,0.05658013092511442,-4.1032844,-8.208202
542932,531,6083,0.4284070360019727,R,0.2010744435917114,0.7989255564082886,0.2136752136752136,0.6272957568081063,86.80881782945737,103.6,3.755813953488372,70.83862068965517,0.3167641325536062,0.3118146467919637,437.0,1106.0,437.0,1106.0,7.342131730584722,medium,0.0042300453941678,Jon Berti,R,0.6966569532212631,0.729686331181517,0.6702394689608621,0.04014486730635932,-0.7372871508989625,6.7539816,-12.175046
542942,532,155,0.4258064516129032,R,0.3787878787878788,0.6212121212121212,0.2666666666666666,0.575,89.6,103.08,10.846153846153848,,0.5,0.2130285714285714,13.0,22.0,13.0,22.0,3.58351893845611,low,0.0819475524475524,Carson Blair,R,-0.2241581460536823,0.3667144362203284,-0.1500627709557117,0.5180957957015452,-0.3970403956252004,-5.9344645,-19.703157
542963,533,395,0.5544303797468354,L,0.2374429223744292,0.7625570776255708,0.416267942583732,0.7096774193548387,82.18571428571428,96.86,15.19047619047619,,0.5,0.25419,20.0,80.0,20.0,80.0,4.61512051684126,low,0.2196125,Rob Brantly,L,0.07491357590253259,-0.8386122405887027,-0.6179236956513534,0.5533460408431033,0.8918452993636552,-4.5607085,15.819933
542979,534,4269,0.4462403373155306,R,0.3889763779527558,0.6110236220472441,0.2285067873303167,0.6799417192812045,88.5016096579477,105.5,9.311871227364184,,0.386411889596603,0.2973297455968688,350.0,672.0,350.0,672.0,6.930494765951626,medium,0.0352554761904761,Keon Broxton,R,-0.5376631378463473,1.22243556962898,0.5974260777445337,1.129751606668575,-0.6813826378690038,-0.8591855,-25.664312
542992,535,93,0.3655913978494624,R,0.1176470588235294,0.8823529411764706,0.1063829787234042,0.6304347826086957,85.75,95.65,11.5,,0.3076923076923077,0.2963181818181818,14.0,8.0,14.0,8.0,3.1354942159291497,low,0.0152321428571428,Andy Burns,R,0.041342596115178716,0.37039866402448846,-0.4120024322449937,0.008556447438791897,0.1540108887024941,0.172316,-16.687832
542993,536,3008,0.5548537234042553,L,0.1330137807070102,0.8669862192929898,0.3430114787305874,0.7603143418467584,82.92907488986783,96.6,7.715124816446402,,0.3895522388059702,0.2900180586907449,264.0,622.0,264.0,622.0,6.787844982309579,medium,-0.0452163475591932,Billy Burns,L,0.9883947273902404,-0.8471574442376493,0.7746150038797665,0.20179381338394833,-0.030928448361883274,-18.32445,8.975454
542994,537,1056,0.521780303030303,R,0.3157894736842105,0.6842105263157895,0.3442906574394463,0.7364016736401674,90.10574712643678,106.1,2.3850574712643677,,0.3216374269005848,0.3248876811594203,113.0,163.0,113.0,163.0,5.6240175061873385,medium,-0.0355628970085238,Joey Butler,R,-0.7113752936734068,0.020392900082887983,0.7811349732842612,0.2697257924868992,-1.3283326246205909,-10.677021,0.84873796
543022,538,520,0.4423076923076923,R,0.1999999999999999,0.8,0.2522522522522522,0.5838926174496645,83.11770833333334,96.9,1.4583333333333333,,0.3411764705882353,0.1973272727272727,23.0,32.0,23.0,32.0,4.02535169073515,low,-0.1423220108695652,Tyler Chatwood,R,0.44688350308058916,-0.5333789213407276,0.13204076415297655,0.7854165416111158,-0.8356022681500215,-18.78853,22.715946
543037,539,643,0.4712286158631415,R,0.3894389438943895,0.6105610561056105,0.3321917808219178,0.5868945868945868,84.63875,102.1,0.7125,,0.3076923076923077,0.1639576271186441,23.0,95.0,23.0,95.0,4.77912349311153,low,0.1184846681922196,Gerrit Cole,R,0.004259883640046164,-0.5555529250185707,0.4836110789285253,0.6552922259829516,0.32669410436367785,-23.272408,17.4849
543038,540,282,0.5212765957446809,R,0.3537414965986394,0.6462585034013606,0.2589285714285714,0.6941176470588235,88.07142857142857,104.48,16.428571428571427,,0.4,0.2824210526315789,15.0,61.0,15.0,61.0,4.343805421853684,low,-0.2790251366120218,Dusty Coleman,R,0.33246591118994445,0.9708358375123501,0.6034704305766819,0.7599215237260825,0.7020934879277269,7.8266544,-16.119686
543063,541,16830,0.515805109922757,L,0.2695541988250202,0.7304458011749798,0.2931151241534989,0.7633626097867001,88.4649087893864,102.6,11.536294332118,69.72707423580786,0.4467226890756302,0.3133385142857143,1232.0,3143.0,1232.0,3143.0,8.383890344101816,high,0.0200109297717872,Brandon Crawford,L,-0.1835546552378875,0.7236528475874987,0.10713778547016978,-0.2707758115003744,0.026361074861023216,8.158561,-28.29819
543068,542,14618,0.4964427418251471,R,0.2396307013917596,0.7603692986082403,0.33961770096884,0.6680515759312321,88.850991831972,107.5,14.18436406067678,71.26627218934911,0.403814935064935,0.3377720276008492,1056.0,2712.0,1056.0,2712.0,8.234564993267135,high,0.0087753838160364,C. J. Cron,R,-0.6175818681966742,-0.4996442297355758,0.4453536700391168,-1.4951406338221573,0.0544450842670033,14.438087,9.866098
543089,543,156,0.5384615384615384,R,0.25,0.75,0.282051282051282,0.7948717948717948,83.97272727272727,100.84,10.12121212121212,,0.375,0.2723555555555556,12.0,33.0,12.0,33.0,3.828641396489095,low,-0.0929848484848484,Taylor Davis,R,0.42174785022601524,-0.263458180501446,0.017997334601261017,0.02070082670064188,0.24470538337556977,5.014177,3.3198364
543094,544,639,0.4084507042253521,L,0.2337164750957854,0.7662835249042146,0.2321428571428571,0.6039603960396039,84.36777777777777,99.22,12.977777777777778,,0.4146341463414634,0.2476953642384106,27.0,124.0,27.0,124.0,5.0238805208462765,low,0.0882084826762246,Jaff Decker,L,0.45344098601011223,0.08781252605066797,-0.4931313243175044,0.4160214734520641,-0.09691083923275229,-5.783952,-11.330718
543101,545,884,0.4502262443438914,R,0.4296482412060302,0.5703517587939698,0.3126550868486352,0.5654885654885655,85.62783505154638,99.24,3.546391752577319,,0.2978723404255319,0.1190348837209302,43.0,129.0,43.0,129.0,5.153291594497779,low,-0.0341860465116278,Anthony Desclafani,R,-0.36824764165618395,-0.3641423246743995,0.19145377589887533,1.6301708820311978,0.1059309239745129,-24.284386,19.36157
543105,546,3835,0.4915254237288136,L,0.2153846153846154,0.7846153846153846,0.2923387096774194,0.7050243111831442,88.9971346704871,105.9,16.58595988538682,,0.4656716417910447,0.3331226130653266,129.0,866.0,129.0,866.0,6.903747257584598,medium,0.0171882485632955,Alex Dickerson,L,-0.2623042219585023,0.02761841777734671,0.6208164014943479,-0.3749260984764032,-0.35511170861463015,15.582229,9.487592
543148,547,750,0.4466666666666666,R,0.3343283582089552,0.6656716417910448,0.2784090909090909,0.5954773869346733,91.02268041237114,103.6,20.77319587628866,,0.5212765957446809,0.2544378698224852,60.0,109.0,60.0,109.0,5.135798437050262,low,0.0237666666666666,Tim Federowicz,R,0.041463481590812,0.6739201043353384,-0.16401599132225442,0.27083604426430896,-0.002730622850978201,9.006726,-21.411512
543194,548,471,0.4968152866242038,R,0.3119658119658119,0.688034188034188,0.2918454935622318,0.6974789915966386,85.00126582278482,102.08,16.265822784810126,,0.44,0.2392204724409448,47.0,80.0,47.0,80.0,4.852030263919617,low,0.1265486702127659,Isaac Galloway,R,-0.5257873938721852,-0.06348841686761512,0.18988154364414514,0.05065126563043224,0.4189087553923648,-4.8009443,-3.679433
543213,549,2973,0.4611503531786075,R,0.1473377097009481,0.8526622902990518,0.2673338098641887,0.633418043202033,85.77774566473988,98.89,9.992774566473988,,0.3766423357664233,0.2931327944572748,233.0,633.0,233.0,633.0,6.7650389767805414,medium,-0.0338554400667168,Johnny Giavotella,R,0.7265022117683912,-0.4951084208569571,-0.9537059258159789,0.21435269741164453,-0.807590002323822,2.892513,8.254312
543216,550,1858,0.5139935414424112,L,0.1958115183246073,0.8041884816753927,0.3417721518987341,0.7268351383874849,87.37506112469438,100.94,11.21515892420538,,0.4950738916256157,0.2781277777777777,50.0,490.0,50.0,490.0,6.293419278846481,low,0.0381391836734693,Conor Gillaspie,L,-0.2885847868424301,-0.9317654009312333,-0.5716830859307941,0.2892588817142312,0.23666742801751528,-1.5065966,14.09143
543219,551,27,0.4444444444444444,L,0.25,0.75,0.1666666666666666,0.6666666666666666,92.325,107.58,13.75,,0.0,1.232,0.0,1.0,0.0,1.0,0.6931471805599453,low,,Sean Gilmartin,L,0.01902773183730191,-0.0006999720215324664,0.02566561979628482,-0.0010883042195254662,-0.011785545595620594,3.161678,-0.11929628
543228,552,11264,0.5245916193181818,R,0.2267727195803012,0.7732272804196988,0.3539884796648629,0.7011743450767841,87.64129709108249,102.6,15.823725583611244,67.67251308900524,0.4160975609756097,0.2967274834437086,890.0,2130.0,890.0,2130.0,8.013343181386672,high,0.0542149337975418,Yan Gomes,R,0.971462012483727,0.3302257002677342,-0.05985480260241791,-0.878204121697819,1.1391164240309937,18.429817,-5.4446745
543238,553,2495,0.4741482965931863,L,0.2637362637362637,0.7362637362637363,0.2859327217125382,0.6815501263689975,88.2533692722372,104.0,5.735849056603773,,0.407202216066482,0.2997823343848581,110.0,524.0,110.0,524.0,6.453624998892692,low,0.0825394170714781,Anthony Gose,L,-0.05342222628323764,0.08070336812792167,0.30431365330627913,0.5655941900409532,-0.6369619194922186,-16.91165,23.798782
543243,554,337,0.4451038575667655,R,0.28,0.72,0.2974683544303797,0.5754189944134078,81.53571428571429,95.35,-10.428571428571429,,0.1785714285714285,0.1693541666666666,6.0,42.0,6.0,42.0,3.8918202981106265,low,-0.193547619047619,Sonny Gray,R,-0.13179009827476035,-0.7554964402536596,0.5802886871207626,0.9615712525192691,-0.9272231824647555,-18.843163,18.754147
543257,555,14555,0.3875644108553762,L,0.1827690125864208,0.8172309874135791,0.1688014021841715,0.6148781171196414,87.26870061457419,101.6,16.45566286215979,65.76470588235294,0.4364368845120859,0.3234252713609797,1040.0,2553.0,1040.0,2553.0,8.187021067343505,high,-0.0581264530416704,Robbie Grossman,L,1.2774545503181165,1.3271134345442224,-0.2922813685356859,0.6239577555208513,-0.6490918865565012,16.611916,-24.29164
543281,556,11417,0.5426994832267671,R,0.1954486765655261,0.8045513234344739,0.3539759468677078,0.7225453301402669,86.34440298507464,99.59,14.560530679933663,67.94545454545454,0.4251599147121535,0.3054488139825218,823.0,2381.0,823.0,2381.0,8.07246736935477,high,0.0171625969667727,Josh Harrison,R,1.2555996362608457,-0.21640606187298267,0.25548383116361995,-0.6978080281189836,0.5383838592445555,14.679995,3.150619
543294,557,1187,0.4330244313395113,R,0.3326848249027238,0.6673151750972762,0.2815734989648033,0.5369318181818182,83.16107382550335,97.7,1.9731543624161072,,0.3422818791946309,0.1121366279069767,86.0,258.0,86.0,258.0,5.84354441703136,low,-0.0541356589147286,Kyle Hendricks,R,-0.2859896539702621,-0.7117872532374784,0.8077302911794295,1.388504852497924,0.15226785158565967,-23.463995,21.068792
543302,558,2896,0.468232044198895,L,0.2853982300884956,0.7146017699115044,0.2625586068318821,0.6870990734141126,88.95105386416861,103.34,10.885245901639344,,0.45260663507109,0.2860238764044944,119.0,593.0,119.0,593.0,6.569481420414296,medium,0.025575793217793,Chris Herrmann,L,-0.5142506443855559,0.44822299823284817,-0.3700162439122692,0.6937233421014104,-0.15219967759984973,-8.500521,-9.39369
543305,559,12637,0.4106196090844346,L,0.2389670456735402,0.7610329543264598,0.2030198833906413,0.6440820443846671,88.31699745547074,103.3,12.820956256358087,64.98911917098445,0.4929797191887675,0.3234963768115942,898.0,2138.0,898.0,2138.0,8.01862546504575,high,-0.0060931984807731,Aaron Hicks,L,-1.2252547981580577,0.04064405754580957,-1.3898689804416144,0.020911562015011043,-0.9481304249943248,0.81349164,9.671141
543308,560,3390,0.592330383480826,R,0.326195219123506,0.673804780876494,0.4083285135916715,0.7838651414810355,87.71258741258741,104.89,14.265734265734263,,0.4693877551020408,0.29043,269.0,631.0,269.0,631.0,6.803505257608338,medium,0.0285809212968145,John Hicks,R,-0.3091717615007574,0.07193845975054625,1.0271988783938737,0.16490559848895847,0.7022837044741586,-13.898492,13.107114
543309,561,3460,0.4973988439306358,R,0.2643811737361998,0.7356188262638002,0.2903790087463557,0.7008595988538682,90.07540716612378,104.8,18.73941368078176,70.11756097560976,0.4867109634551495,0.2767445652173912,272.0,648.0,272.0,648.0,6.825460036255307,medium,0.0335285039941902,Kyle Higashioka,R,-1.1251237029645085,0.1500308077657876,-1.0922905907268254,0.11189103532867148,0.23788166159453042,2.8874748,14.048029
543321,562,55,0.5272727272727272,R,0.2758620689655172,0.7241379310344828,0.28,0.7333333333333333,85.85833333333333,98.8,-4.666666666666667,,0.5833333333333334,0.2631875,10.0,6.0,10.0,6.0,2.833213344056216,low,0.1861666666666666,L. J. Hoes,R,0.07247888088502999,-0.06898229801621192,0.15939286210137857,-0.09687595259749511,-0.22518399462436253,7.6878257,9.347369
543329,563,100,0.53,R,0.2641509433962264,0.7358490566037735,0.3898305084745763,0.7317073170731707,83.99166666666666,97.93,-3.3333333333333335,,0.5,0.27076,4.0,21.0,4.0,21.0,3.258096538021482,low,-0.3223333333333333,Destin Hood,R,0.16879472328065703,-0.04642054234522134,0.07647204419107653,0.2190934120526954,0.17210955661666977,-0.15378997,1.775045
543333,564,17497,0.4820254900840144,L,0.2227887123547546,0.7772112876452454,0.3109992660165671,0.6869346733668342,89.98232230392156,106.8,3.1577335375191424,,0.4040752351097179,0.3305486492422578,1444.0,3109.0,1444.0,3109.0,8.423761246623686,high,0.0613644924617921,Eric Hosmer,L,-1.3767884046454784,-0.6989116475017322,0.9037543603521958,-1.3057613150838039,-0.21105560522401953,-9.793652,3.1082551
543362,565,42,0.5714285714285714,R,0.4166666666666666,0.5833333333333334,0.6,0.5454545454545454,88.575,102.22,23.75,,0.5,0.0730833333333333,7.0,5.0,7.0,5.0,2.5649493574615367,low,-0.1754,A. J. Jiménez,R,-0.32266121563526984,-0.2321331120349598,-0.033451645031264146,0.08337505076679867,0.1730737003762969,-3.2296631,8.534702
543376,566,4204,0.4897716460513796,R,0.2258377853326857,0.7741622146673143,0.3072891853263458,0.6717339667458432,86.07852437417655,100.6,13.62401055408971,,0.3867403314917127,0.270322849213691,317.0,764.0,317.0,764.0,6.9865664594064265,medium,-0.0057237063768642,Caleb Joseph,R,0.2125754475361272,-0.2770000933726828,-0.8454695711612064,0.31618709573682363,0.09253978873806183,-0.36829293,10.650764
543377,567,328,0.4725609756097561,L,0.1806451612903226,0.8193548387096774,0.3253012048192771,0.6234567901234568,86.78153846153846,100.48,10.06153846153846,,0.4375,0.2006666666666666,2.0,85.0,2.0,85.0,4.477336814478207,low,-0.2398470588235293,Corban Joseph,L,0.6771933064544974,-0.37194997494509735,-0.19547325398193857,-0.004401297644702806,-0.4234449181005592,4.9752,4.963652
543401,568,11599,0.4354685748771446,L,0.1859037814294198,0.8140962185705801,0.2582938388625592,0.6193990511333685,88.21350148367954,102.0,14.478733926805145,,0.464447806354009,0.3260697913102976,948.0,1975.0,948.0,1975.0,7.980707820869669,high,0.0447858649789029,Jason Kipnis,L,0.9043894916184643,0.19403219799338042,-0.7313131220578261,-0.578349043558445,-0.18591573396971317,4.111412,-8.390238
543408,569,471,0.4585987261146497,R,0.4074074074074074,0.5925925925925926,0.3636363636363636,0.5274725274725275,81.91063829787234,96.94,-7.531914893617022,,0.2222222222222222,0.1164999999999999,23.0,81.0,23.0,81.0,4.653960350157523,low,0.0362018250134192,Tom Koehler,R,-0.11527933878466771,-0.7718549499363296,0.5567789968516854,1.2366575765252847,-0.30802740813569246,-22.907211,20.32728
543432,570,703,0.4665718349928876,R,0.2591463414634146,0.7408536585365854,0.2920110192837465,0.6529411764705882,89.25714285714287,103.96,16.03361344537815,,0.3130434782608696,0.3041639344262295,64.0,119.0,64.0,119.0,5.214935757608986,low,-0.001453518907563,Ryan Lavarnway,R,-0.42517768598759054,-0.036056412704197904,-0.5426157953972683,0.07931097416838279,-0.2619597390022706,-4.3285475,-5.2728243
543434,571,3740,0.4802139037433155,R,0.2583518930957683,0.7416481069042317,0.3327859879584017,0.6210141139571353,89.62384615384616,105.0,10.74153846153846,,0.4066455696202531,0.3077051020408163,240.0,740.0,240.0,740.0,6.8885724595653635,medium,0.0544229729729729,Brett Lawrie,R,0.0535174551076168,0.13451512471811458,0.9429361084667457,-0.8649060429611765,0.14938220545190725,7.381132,10.956973
543459,572,68,0.5441176470588235,L,0.2432432432432432,0.7567567567567568,0.3928571428571428,0.65,83.81666666666666,94.77,8.083333333333334,,0.5,0.0361578947368421,2.0,17.0,2.0,17.0,2.995732273553991,low,0.0404117647058823,Steve Lombardozzi,L,0.24670885725190284,-0.36606873887293007,0.16045124907600494,0.1322469353302418,0.057896039187813095,-8.261537,12.933763
543482,573,22,0.5909090909090909,R,0.0769230769230768,0.9230769230769232,0.25,0.7857142857142857,83.725,99.54,24.75,,0.5,0.3545,3.0,3.0,3.0,3.0,1.9459101490553132,low,-0.709,Drew Maggi,R,0.30825120054995964,0.05133749829904818,-0.20862040486835243,-0.11192367532880335,0.12317103690839672,6.6203146,-1.8457971
543484,574,3964,0.4419778002018164,R,0.2271689497716894,0.7728310502283106,0.2685827552031714,0.6217882836587872,88.89300476947535,104.4,13.18282988871224,,0.4326599326599326,0.300049896049896,341.0,621.0,341.0,621.0,6.870053411798126,medium,0.0378691921553072,Mikie Mahtook,R,-0.18809641468239674,0.08480087280571581,-0.39652892849670124,-0.5397399706149144,-0.09837395592782637,6.5968,10.980138
543510,575,11775,0.4965605095541401,R,0.2560287326834274,0.7439712673165726,0.3294710327455919,0.6675257731958762,88.55007444168734,103.6,13.266501240694788,68.5,0.3806085611139763,0.2921911475409836,947.0,2103.0,947.0,2103.0,8.02322468471667,high,0.0471327223491758,James Mccann,R,0.2550589139530225,-0.14142545457335126,0.6115613539637984,-0.6784208120792071,0.038312043730322994,12.806132,7.4206614
543543,576,10772,0.4699220200519866,L,0.2759778743579613,0.7240221256420387,0.2725983693725629,0.6869395711500975,90.58981373690337,106.23,11.58498253783469,68.67777777777778,0.414560770156438,0.3190266858997476,525.0,2248.0,525.0,2248.0,7.928045600874777,high,0.0688879977969835,Brad Miller,L,-0.1220528888352517,0.7760406426789267,1.3662004726719734,-0.5653765758658927,0.10941151842184636,17.613762,-13.836406
543569,577,35,0.4285714285714285,R,0.4666666666666667,0.5333333333333333,0.2222222222222222,0.6470588235294118,101.6,103.86,5.5,,0.5,0.3052857142857142,1.0,6.0,1.0,6.0,2.0794415416798357,low,1.1091666666666666,Brent Morel,R,0.11920396834747483,0.287818260375454,0.10390318383408302,0.034574000713806084,-0.22867983574263478,10.384462,-8.543053
543590,578,2366,0.4222316145393068,L,0.3413413413413413,0.6586586586586587,0.2193050193050193,0.6676003734827264,90.61578947368422,104.76,9.614035087719298,,0.5265151515151515,0.3014280639431616,55.0,508.0,55.0,508.0,6.335054251498059,low,0.0822041159627774,Kirk Nieuwenhuis,L,-0.7754183799402418,0.5975668023250745,0.059280261959676256,0.6722827491642163,-0.2963649997286144,-5.451101,-20.563606
543592,579,4594,0.4196778406617327,R,0.1550829875518672,0.8449170124481328,0.1970310391363023,0.6284268241248419,88.6189858490566,102.3,13.79245283018868,65.12,0.4229390681003584,0.3052030328559393,414.0,773.0,414.0,773.0,7.080026499922591,medium,0.0194689646336814,Austin Nola,R,0.26208337906620205,0.7210048412336014,-0.7534622449844066,-0.5719218310275654,-0.48589141334326025,2.1408958,-17.181274
543611,580,38,0.4736842105263157,L,0.1111111111111111,0.8888888888888888,0.4117647058823529,0.5238095238095238,89.54545454545455,97.7,21.454545454545453,,0.2727272727272727,0.1207692307692307,1.0,12.0,1.0,12.0,2.6390573296152584,low,-0.81925,Danny Ortiz,L,0.22860773631422915,-0.19396221193635477,-0.06653602944915692,-0.16506137389955788,0.23614370648390318,7.6873527,1.2690976
543633,581,140,0.5285714285714286,R,0.1756756756756756,0.8243243243243243,0.3098591549295774,0.7536231884057971,84.46060606060605,102.76,5.454545454545454,,0.3636363636363636,0.287575,25.0,15.0,25.0,15.0,3.713572066704308,low,0.0442266666666666,Juan Pérez,R,0.3498720523719566,-0.030473885895941452,0.07464475103155743,0.0018426709889917047,0.2813999848781681,10.334791,-4.2142935
543685,582,15070,0.4248175182481752,R,0.1368322399250234,0.8631677600749765,0.2000531702778147,0.648867099509739,90.2847153228888,103.3,17.736721436759648,,0.413307240704501,0.3650040738728951,896.0,2786.0,896.0,2786.0,8.211482916445066,high,0.0227864545944005,Anthony Rendon,R,1.8540014920208296,1.7077980690561452,-0.5891732726394531,-1.2819297344591964,-0.2461187372471788,12.700307,-12.66949
543698,583,5,0.2,R,0.0,1.0,0.0,0.3333333333333333,82.2,82.2,10.0,,0.0,0.881,0.0,1.0,0.0,1.0,0.6931471805599453,low,,Donn Roach,R,0.08044162352471415,-0.09856886551790661,-0.0437948765317408,0.06479062173115495,0.002235305739235307,-1.0198709,-0.16783054
543699,584,838,0.4904534606205251,R,0.3236009732360098,0.6763990267639902,0.3414634146341463,0.6076759061833689,82.93493150684931,96.45,3.2260273972602738,,0.3732394366197183,0.1556648648648648,42.0,143.0,42.0,143.0,5.225746673713202,low,-0.0221138861138861,Tanner Roark,R,0.33418220219786754,-0.5927793537132645,0.2110336044924499,1.1509555760373658,0.3479500628930541,-22.54574,17.333288
543706,585,652,0.4033742331288343,R,0.0760456273764258,0.9239543726235742,0.1815068493150685,0.5833333333333334,85.29685534591195,99.08,3.308176100628931,,0.4012738853503185,0.2666208791208791,106.0,76.0,106.0,76.0,5.209486152841421,low,0.0471308341608738,Dan Robertson,R,1.1029422145900984,-0.4558246931375506,-0.8622402140322688,0.46841758734596645,-1.065253523995195,-18.698845,-4.2036433
543734,586,255,0.5098039215686274,L,0.1692307692307691,0.8307692307692308,0.3467741935483871,0.6641221374045801,83.64918032786886,99.8,0.7540983606557377,,0.4915254237288136,0.2172608695652174,9.0,37.0,9.0,37.0,3.8501476017100584,low,0.0267087087087087,Chris Rusin,L,-0.5372362537733504,-0.9236531381825422,-0.41675985406192534,0.18998014011702066,0.37401085681053675,-2.2423,18.882097
543742,587,756,0.4629629629629629,R,0.3199999999999999,0.68,0.2935064935064935,0.6388140161725068,89.67241379310344,105.6,8.293103448275861,,0.3669724770642202,0.2810471204188481,88.0,103.0,88.0,103.0,5.2574953720277815,low,0.0970351941747572,Jerry Sands,R,-0.7474543327200054,-0.2519245486454964,0.41725506116162125,-0.06306903875212853,-0.7689431391628961,5.161764,13.800259
543760,588,21737,0.4490040023922344,R,0.1956967213114754,0.8043032786885246,0.2259773474607234,0.6753174529613495,87.9238485158649,101.9,17.23976458546571,67.00451866404715,0.4660041841004184,0.3332841510122196,1517.0,3966.0,1517.0,3966.0,8.609590040682205,high,0.0154079564232695,Marcus Semien,R,0.5969426718382744,1.5616048105469864,-1.3365785404920627,-0.7067428461299222,0.20806222684952777,-7.3837247,-14.899792
543768,589,10864,0.4589469808541973,L,0.2202166064981949,0.779783393501805,0.275939331265081,0.668708020545239,88.69460243760882,105.4,17.202553685432385,,0.4611620795107033,0.323347711927982,628.0,2038.0,628.0,2038.0,7.888709524182015,high,0.0410615190363976,Travis Shaw,L,-0.19865462923377689,0.30631540600051715,0.11195766854345561,-1.0855128735034065,0.8661574113234041,8.396434,-1.7805722
543776,590,2167,0.435163820950623,L,0.1304347826086956,0.8695652173913043,0.2714420358152686,0.5922242314647378,84.71866952789699,100.25,5.536480686695279,,0.4784580498866213,0.2568657718120805,100.0,496.0,100.0,496.0,6.391917113392602,low,-0.0533206451612903,Jb Shuck,L,0.3259442912401713,-1.2486919874819506,-0.7775886139472351,-0.12130570550147433,-0.47312378476905403,-0.17909181,14.456463
543807,591,18792,0.4662090251170711,R,0.2419815089601643,0.7580184910398357,0.2314456191772218,0.7089511851932028,89.07270479134468,106.7,11.445749613601237,70.68800705467372,0.4327784891165173,0.358866000832293,1275.0,3531.0,1275.0,3531.0,8.47782846789396,high,0.0233155346760624,George Springer,R,-0.7825433898879649,1.4702080302028877,0.0669653107503944,-0.9661166965508653,0.20255545305182784,-5.8727474,-28.439377
543829,592,9498,0.52179406190777,L,0.1420500403551251,0.8579499596448749,0.3588963719313491,0.6749744637385087,83.14002782931354,96.5,3.964235949837436,,0.3918017159199237,0.2991447835344216,741.0,2077.0,741.0,2077.0,7.944137491114112,high,0.0123194306643613,Dee Strange-Gordon,L,1.672714872284766,-1.7089239297976029,0.530397315234842,0.3823925018679188,-0.22894537255881273,-17.19509,11.395469
543877,593,10748,0.4797171566803126,R,0.1730023273855702,0.8269976726144298,0.3112301440709272,0.6507311586051744,87.29970745977573,101.4,11.200779727095515,64.9776119402985,0.350668647845468,0.2979693693693693,742.0,2033.0,742.0,2033.0,7.928766321626696,high,0.0259690312008199,Christian Vázquez,R,1.5656725919858898,0.22345801745572252,0.7560764605360781,-1.1263427384330569,-0.01257320452816663,13.606564,-5.0803995
543901,594,57,0.4561403508771929,R,0.3461538461538461,0.6538461538461539,0.3809523809523809,0.5,71.45,90.67,-29.75,,0.5,0.0,0.0,1.0,0.0,1.0,0.6931471805599453,low,,Ryan Weber,R,-0.025637787903671383,0.0004420812060159753,0.04318144060141826,-0.02285259748583778,0.04916708610209369,3.9535651,-0.6412183
543921,595,8,0.25,R,0.5,0.5,0.0,0.4,,,,,,0.0,0.0,1.0,0.0,1.0,0.6931471805599453,low,,Joe Wieland,R,-0.07364510108961891,0.09761410530828002,-0.0035824055756655997,0.11194977619702731,-0.08149437340141408,-2.5027397,-5.4926705
543939,596,14119,0.4590976698066435,L,0.1794199321197161,0.8205800678802838,0.2703141928494041,0.6660727542687453,86.98189362504715,101.7,11.703885326291966,69.15952380952382,0.4560862865947612,0.3173908629441624,857.0,2886.0,857.0,2886.0,8.227909837597483,high,0.0473046073629504,Kolten Wong,L,0.6941585020422351,0.37728836354711487,-0.20996942736501942,-0.7404216079133781,0.04085346152515192,13.601253,1.5238224
543942,597,6,0.5,R,0.0,1.0,0.5,0.5,61.5,61.5,1.0,,0.0,0.0,0.0,1.0,0.0,1.0,0.6931471805599453,low,,Rob Wooten,R,0.10508670628169775,0.010478215126423208,0.04648827426123181,0.04725514423343304,-0.07089057496851812,0.96530735,1.0830847
544369,598,12900,0.546124031007752,L,0.1963094393186657,0.8036905606813343,0.3565508215791769,0.7625767889755936,85.80406681190995,100.9,15.69281045751634,,0.4645085803432137,0.3140945061201252,962.0,2551.0,962.0,2551.0,8.164510268747042,high,0.0245344282255297,Didi Gregorius,L,-0.06244947639710798,-0.7982680968733143,-1.0222863474406865,-0.6659465652244136,0.6709359769580644,-2.9664261,17.001272
544725,599,7415,0.5402562373567094,L,0.2321517723414877,0.7678482276585122,0.3465078505684894,0.7325987637731792,87.03048452220727,101.85,5.520861372812921,,0.4043865661411926,0.2908267679164689,598.0,1509.0,598.0,1509.0,7.653494909661253,high,-0.0204997462272075,Leury García,L,0.04298218459720475,-0.9069355899536943,0.33303341946732246,0.2393029907230926,0.1737550672141984,-9.82816,6.384772
544925,600,670,0.4522388059701492,L,0.264026402640264,0.735973597359736,0.2594752186588921,0.654434250764526,88.64144144144144,104.2,15.108108108108109,,0.5675675675675675,0.2857670454545454,20.0,156.0,20.0,156.0,5.176149732573829,low,0.0924756410256409,Matt Den Dekker,L,0.046912029749901295,0.6777209308750065,-0.5331551527586845,0.358669597276845,0.527010378402498,-12.1381445,-21.717566
544931,601,1038,0.4277456647398844,R,0.2027027027027027,0.7972972972972973,0.2556701030927835,0.5786618444846293,86.97168674698794,101.95,-2.8982035928143715,,0.2891566265060241,0.1784107142857142,61.0,163.0,61.0,163.0,5.41610040220442,low,-0.0157260384189882,Stephen Strasburg,R,-0.06749352659426523,-0.7801414423718964,-0.05035066547868979,0.787202169703284,-0.6732903662085222,-25.539965,23.543436
545121,602,3186,0.4566854990583804,L,0.1298969072164948,0.8701030927835052,0.2984595635430038,0.6081081081081081,86.73231622746187,101.4,4.593619972260749,68.44548611111111,0.4685314685314685,0.2830260180995475,321.0,563.0,321.0,563.0,6.785587645007929,medium,-0.0380049523303618,Ildemaro Vargas,L,0.0630105750355057,-1.2056873767227971,-0.8895818457507146,-0.514898604796307,0.548483346884817,-16.222315,8.535464
545337,603,135,0.3259259259259259,L,0.3409090909090909,0.6590909090909091,0.1818181818181818,0.463768115942029,85.10000000000001,100.42,12.882352941176473,,0.5294117647058824,0.1937142857142857,7.0,28.0,7.0,28.0,3.58351893845611,low,0.1183928571428571,Nolan Fontana,L,0.19104309621405458,-0.13137586234701598,-0.7493832592203217,0.5780582672964676,-0.1861486658363084,-15.668531,-10.559221
545338,604,1603,0.4753587024329382,L,0.2506561679790026,0.7493438320209974,0.2506142506142506,0.7072243346007605,86.18664259927797,101.12,13.776173285198556,,0.4752851711026616,0.2795227817745803,87.0,330.0,87.0,330.0,6.035481432524756,low,0.092208881922675,Nick Franklin,L,0.14937431197260828,0.7358374435275543,-0.3402840579107344,0.44594041892022884,-0.1187238572753329,-7.1525655,-16.811422
545341,605,15657,0.5129973813629687,R,0.257843625498008,0.742156374501992,0.3326375245579567,0.7085052575535739,90.03704366499642,106.7,14.94452397995705,72.74923076923078,0.4591125779244591,0.3234493594392071,1238.0,2899.0,1238.0,2899.0,8.327967858305488,high,0.0372468727726846,Randal Grichuk,R,-0.22969092490439502,0.809375721816404,0.6930663276381641,-0.6980629087420853,0.17633534881939936,17.258642,-0.78103334
545346,606,11,0.5454545454545454,R,0.0,1.0,0.0,0.8571428571428571,73.82000000000001,91.86,-25.4,,0.0,0.0,2.0,3.0,2.0,3.0,1.791759469228055,low,0.0,Zach Lee,R,-0.0665282902532142,-0.1641589577827961,-0.10868637655287858,0.011801827033840575,-0.07115568703936527,0.81030613,5.4189954
545350,607,7097,0.5192334789347611,R,0.2892808683853459,0.710719131614654,0.3168205989364679,0.7244608399545971,87.01132246376811,104.3,14.75,68.91818181818182,0.4370922646784715,0.2942510706638115,771.0,1097.0,771.0,1097.0,7.533158807455563,high,0.020487854507104,Jake Marisnick,R,-0.3435363809739503,0.09998504081874167,0.29154012678518487,-0.25505385469351616,0.4860061906504684,3.0551238,-12.175093
545358,608,4767,0.4417872876022656,R,0.301994301994302,0.698005698005698,0.2175043327556325,0.6522976819845465,89.5237837837838,104.3,10.133783783783784,,0.4532967032967033,0.2886422310756972,421.0,834.0,421.0,834.0,7.135687347028144,medium,-0.0373925021502987,Max Stassi,R,-0.6658633027893185,1.10564325914347,-0.02232772135003652,0.6114965049739227,-0.19802485331477243,-3.381087,-21.487709
545361,609,18396,0.3880734942378778,R,0.2008684689732455,0.7991315310267545,0.1990992878089652,0.591998191681736,91.3481220657277,109.1,18.327464788732396,72.25,0.4096722621902478,0.4224439185991481,1080.0,3146.0,1080.0,3146.0,8.34924780056679,high,-0.0272743619175437,Mike Trout,R,1.0772293252354197,1.7245341772343146,0.5945556720221931,-0.6560180130255725,-0.02442395376495273,11.29028,-14.859959
545404,610,8,0.5,R,0.5,0.5,0.0,0.5714285714285714,90.4,90.4,17.0,,1.0,0.0,0.0,2.0,0.0,2.0,1.0986122886681098,low,,Brandon Beachy,R,-0.08015881990054366,0.049873514951576284,-0.025880479508766867,0.13080050630787377,0.07711375697229571,-1.9390227,-4.6131163
546318,611,12348,0.5057499190152251,L,0.232185748598879,0.7678142514011209,0.3555983412322275,0.6869192280200143,87.742598460842,105.2,9.365986394557822,,0.404862085086489,0.3211514095660437,816.0,2341.0,816.0,2341.0,8.057694194815587,high,0.0171902059200442,Odúbel Herrera,L,-0.2876890001527335,-1.2517119572973656,0.8240622844858503,-0.5061441385160206,-0.3859049360051199,8.572255,12.532839
546990,612,931,0.4758324382384533,R,0.3679458239277652,0.6320541760722348,0.2971887550200803,0.6812933025404158,87.20697674418605,104.86,11.255813953488373,,0.3720930232558139,0.2781715481171548,92.0,147.0,92.0,147.0,5.480638923341991,low,-0.1567139899438036,Anthony Alford,R,0.20714952025901945,0.5781519693717628,1.0880909930178175,-0.0382009248537301,0.14227034623444304,17.336948,-13.92001
546991,613,5545,0.5233543733092877,R,0.2315644383184011,0.7684355616815989,0.3807531380753138,0.6761299962644751,86.43353090601185,103.2,8.226079593564776,,0.3956521739130434,0.2934930730478589,531.0,1057.0,531.0,1057.0,7.370860166536716,high,0.0216985053459405,Albert Almora,R,-0.3905881293931037,-1.3352356671503824,-0.6745142112362811,-0.15457370058137718,0.2914561247826561,-3.7224905,14.484461
547004,614,3662,0.4937192790824686,L,0.2439159292035397,0.7560840707964602,0.2706131078224101,0.7322033898305085,88.11888888888889,102.2,9.503174603174603,,0.4699186991869918,0.2793354430379747,143.0,805.0,143.0,805.0,6.855408798609928,medium,-0.0525081700907787,Rio Ruiz,L,-0.3391524062909339,0.45785762553435627,-0.08036574794780932,-0.1877108217441416,0.028370318468627417,-8.165403,-1.4971548
547170,615,2306,0.4895923677363399,L,0.2612931798051373,0.7387068201948627,0.2553191489361702,0.7329796640141468,85.40135869565218,103.19,14.095108695652174,,0.4438202247191011,0.3044607329842931,102.0,471.0,102.0,471.0,6.352629396319567,low,-0.0095297864368677,Nick Delmonico,L,-0.5269047178438352,-0.07691143941603647,-0.33867257080975305,0.22329745641976914,-0.14305550521182947,-21.541945,-7.3566885
547172,616,4750,0.4376842105263158,L,0.1972101972101971,0.8027898027898028,0.2539815590947192,0.6230964467005076,84.85765550239235,98.25,7.844497607655502,,0.4269521410579345,0.2793645917542441,294.0,943.0,294.0,943.0,7.121252453244542,medium,0.0034319763960727,Tony Wolters,L,0.5114122347209429,-0.5101334218493017,-0.8691289610711234,1.0261632772444154,0.11365590974546746,-8.499591,-13.359077
547173,617,47,0.4893617021276595,R,0.217391304347826,0.782608695652174,0.3571428571428571,0.6842105263157895,91.075,97.84,27.5,,0.25,0.0688999999999999,7.0,3.0,7.0,3.0,2.3978952727983707,low,0.0984285714285714,Christian Lopes,R,0.09337549435390104,0.11054444319818015,-0.423893127489711,0.15990871762645362,0.05630201715488347,-6.7710643,-11.353867
547176,618,15,0.4,L,0.5,0.5,0.375,0.4285714285714285,107.2,107.2,22.0,,1.0,0.669,0.0,3.0,0.0,3.0,1.3862943611198906,low,,Dan Camarena,L,-0.1773393776705562,0.004284139398316364,0.1452978937838522,0.00485776524918926,0.14357441128465148,-1.3344971,-2.4944277
547179,619,547,0.5411334552102377,R,0.3209459459459459,0.6790540540540541,0.3696369636963696,0.7540983606557377,92.20987654320987,106.1,1.1728395061728396,,0.35,0.2625283018867924,18.0,35.0,18.0,35.0,3.9889840465642745,low,-0.032684126984127,Michael Lorenzen,R,-0.05177207269233525,0.0407189456363859,0.9293727382053311,-0.08425160672715443,0.026014709703378255,16.433878,3.1598113
547180,620,19690,0.4721178263077704,L,0.2789371772805508,0.7210628227194492,0.2808988764044944,0.7395541478864661,91.34482874412356,107.9,13.50839489590329,74.02933070866142,0.4467213114754098,0.3937018556701031,1479.0,3371.0,1479.0,3371.0,8.486940148245216,high,0.0343012530414431,Bryce Harper,L,-0.9809083674185783,0.5863790899203002,0.7079839002906166,-0.8373730574531322,-0.01753351916606961,-0.8897961,-29.99802
547379,621,7050,0.3887943262411347,R,0.2860269974461875,0.7139730025538125,0.1950464396284829,0.5856448384329426,89.3241081081081,106.4,5.525405405405405,,0.3748609566184649,0.2871638246041412,499.0,1143.0,499.0,1143.0,7.404279118037268,high,0.0622713020090925,Roberto Pérez,R,-0.5933903932778988,0.9803688051155316,-0.3969773900776151,0.6712790691326962,-1.1367234823787495,-12.938186,-15.624605
547912,622,351,0.376068376068376,R,0.4166666666666666,0.5833333333333334,0.2095808383233532,0.5271739130434783,84.66470588235293,104.45,-3.1176470588235294,,0.4375,0.2348518518518518,19.0,62.0,19.0,62.0,4.406719247264253,low,-0.0561213921901528,Gift Ngoepe,R,0.2867542744951571,0.4460016837437159,0.4173747942671406,0.9813427081699576,-0.49833450720715583,-25.832773,-9.385212
547943,623,523,0.361376673040153,R,0.2962962962962963,0.7037037037037037,0.180672268907563,0.512280701754386,88.83035714285714,103.55,6.535714285714286,,0.3392857142857143,0.198875,13.0,43.0,13.0,43.0,4.04305126783455,low,-0.033597495527728,Hyun Jin Ryu,R,-0.35575458878666805,-0.3806192152217278,-0.2419795775125549,0.5310376484404324,-0.5977099496719989,-16.215942,20.854298
547957,624,2365,0.4050739957716702,L,0.1534446764091858,0.8465553235908142,0.1981833195706028,0.6221837088388215,89.77620192307693,103.2,7.7548076923076925,,0.4354430379746835,0.3181183533447684,39.0,544.0,39.0,544.0,6.369900982828227,low,0.1779176564856712,Hyun Soo Kim,L,-0.19110403508347382,-0.5946694408253205,-0.4815137411628073,-0.1401127483317181,-1.0710596627476672,2.9850347,27.025843
547982,625,6068,0.4990112063282795,L,0.2764200792602378,0.7235799207397622,0.3024967989756722,0.7075407608695652,87.88451113262343,105.18,13.862536302032916,,0.5081632653061224,0.2841498771498771,480.0,1148.0,480.0,1148.0,7.395721608602045,high,0.025186200638792,Leonys Martín,L,-0.8953265772384232,0.04333056991736006,-0.24506012977544056,0.025033493264653848,0.3017012034148355,5.517318,-27.648878
547989,626,21326,0.4905279939979368,R,0.2310486569161648,0.7689513430838352,0.3378995433789954,0.6654256389615617,91.0730659767141,107.5,10.385669943093635,72.13218884120171,0.3908872901678657,0.3513627667402502,1279.0,4157.0,1279.0,4157.0,8.600982717145921,high,0.0246454299698521,José Abreu,R,-0.6769676325859616,-0.48661044580709606,1.2399618181499412,-1.3741290144823575,0.49348455534380953,11.408918,8.661745
552662,627,188,0.4414893617021276,R,0.2168674698795181,0.7831325301204819,0.2549019607843137,0.6627906976744186,90.38888888888889,104.66,18.296296296296298,,0.2692307692307692,0.2723488372093023,30.0,13.0,30.0,13.0,3.784189633918261,low,0.1206794871794871,Stefen Romero,R,-0.4712915718973528,0.02142036109028051,-0.30459186341897276,-0.051557808755276276,-0.45677458420005074,-0.4233363,8.939715
553869,628,8226,0.5108193532701192,R,0.2234650166587339,0.776534983341266,0.3039284874147259,0.7320754716981132,87.98140417457306,105.1,11.263257575757576,71.90319634703197,0.380281690140845,0.299708275543227,664.0,1499.0,664.0,1499.0,7.679713639966372,high,0.0136857664145574,Elías Díaz,R,0.6315123124752247,0.6247391080161109,0.7402287431223805,-0.5089957489603155,-0.45950632498551747,21.222734,-12.999779
553882,629,8794,0.4741869456447578,L,0.190167865707434,0.809832134292566,0.2570539880026661,0.7018402049848591,84.76942800788954,99.0,16.42603550295858,66.04184782608696,0.4076561450638012,0.3151955736224028,382.0,1832.0,382.0,1832.0,7.703007682479236,medium,0.0378490191819658,Omar Narváez,L,1.3901152574621252,0.431895996783362,0.004749275809283177,-0.061051001005667314,-0.0007801277569564832,25.515432,1.6279507
553883,630,7,0.5714285714285714,R,0.25,0.75,0.25,1.0,88.35,92.71,-7.0,,0.5,0.0,0.0,2.0,0.0,2.0,1.0986122886681098,low,,Jose Campos,R,0.03225987849548326,-0.038666009267641376,-0.04874090998778609,0.04356466221838256,-0.12587249248512025,-2.1445699,1.0850563
553902,631,1667,0.6064787042591482,R,0.0919881305637981,0.9080118694362018,0.4204035874439462,0.8206451612903226,85.87094339622641,102.0,15.590566037735847,,0.4176245210727969,0.2938163265306122,186.0,402.0,186.0,402.0,6.3784261836515865,medium,-0.0154591558337345,Willians Astudillo,R,1.3654811828631774,-0.9166530195870827,-0.0740753538679923,-0.9834730042466822,1.7827832377742803,-4.7133446,17.899145
553988,632,1991,0.4319437468608739,R,0.191860465116279,0.8081395348837209,0.2359081419624217,0.6137463697967086,84.9024,99.8,8.797333333333333,,0.4595375722543353,0.2571436893203883,133.0,382.0,133.0,382.0,6.246106765481563,medium,0.0026343935755619,Dixon Machado,R,0.8401224842055732,0.011765136631362735,-0.9866811418733268,0.7144751274069278,-0.06207682590805658,-13.53899,-9.711113
553993,633,20806,0.435114870710372,R,0.2622335137523472,0.7377664862476527,0.2323989875316396,0.6483874149324391,88.86965336821453,104.5,16.93067364290386,70.16929674099485,0.4612558450233801,0.3404833200953137,1236.0,3800.0,1236.0,3800.0,8.52456594574565,high,0.0338248935445409,Eugenio Suárez,R,-0.2482252179790939,1.6596013042901967,0.1748372367600442,-0.4350218711990066,0.7558254295645798,3.0178564,-20.24104
554054,634,28,0.6428571428571429,R,0.3888888888888888,0.6111111111111112,0.3636363636363636,0.8235294117647058,79.66,89.98,-1.4,,0.4,0.0977777777777777,4.0,5.0,4.0,5.0,2.302585092994046,low,0.22,Alfredo González,R,-0.08571098246311368,-0.043764562854975604,0.1477721433272189,0.34660152512535986,0.010580132288418443,-4.7801847,1.8263087
554429,635,1348,0.3998516320474777,L,0.1391465677179962,0.8608534322820037,0.2253313696612665,0.5769805680119582,89.77479674796747,103.4,12.739837398373984,,0.4622222222222222,0.2811873111782477,40.0,291.0,40.0,291.0,5.805134968916488,low,0.0861763745704466,Dustin Ackley,L,-0.08078104892783708,-0.2672879608463974,-0.6992930719713842,-0.7566929156109637,-0.25952289005036516,-18.292736,1.9998262
554430,636,731,0.506155950752394,L,0.3243243243243243,0.6756756756756757,0.4375,0.5699208443271768,81.47685185185185,98.77,4.685185185185185,,0.3271028037383177,0.1926397849462365,56.0,130.0,56.0,130.0,5.231108616854587,low,0.0013241758241757,Zack Wheeler,L,-0.14155332554849084,-1.2781519444694074,0.5292114464201156,1.267730596419988,0.6819452308357519,-21.967373,14.70271
570256,637,11553,0.4682766381026573,L,0.2255083179297596,0.7744916820702403,0.288916370381821,0.696498819826908,89.31317395727366,106.0,14.9059003051882,,0.4944649446494465,0.3095587621696801,667.0,2209.0,667.0,2209.0,7.964503363551548,high,0.048749202356721,Gregory Polanco,L,-1.259338841987419,-0.7712013523107698,0.014321929152224815,-1.092410050248348,-0.04166826547291161,6.28155,15.097286
570267,638,7729,0.4551688446112045,R,0.3064241046048891,0.6935758953951109,0.2472745292368681,0.6823720552396426,89.36641438032167,105.4,10.121097445600755,,0.3974231912784935,0.3410696569920844,529.0,1366.0,529.0,1366.0,7.547501682814967,high,0.0106920181452337,Domingo Santana,R,-0.9043895601804893,0.850251306889038,-0.13090416738354616,0.6573543868117033,-0.8988547271700069,-12.633972,-1.0214169
570481,639,3154,0.5431198478123018,R,0.2860478692352598,0.7139521307647402,0.3566265060240964,0.750334672021419,87.84561688311689,105.7,2.8894308943089433,,0.3682487725040916,0.2654492099322799,286.0,600.0,286.0,600.0,6.787844982309579,medium,0.0501680769230769,Erik González,R,-0.4987570568121625,-0.4642998447305702,1.0879834711661445,0.4070911167259709,-0.5893132911871322,-7.1639137,1.210327
570482,640,8854,0.542692568330698,R,0.1975026014568158,0.8024973985431841,0.3684557853057633,0.7265552460538532,88.87863636363636,103.5,11.417376490630325,,0.3623853211009174,0.3204346723044397,679.0,1686.0,679.0,1686.0,7.768956044538332,high,0.0129114172506145,Gio Urshela,R,0.8733184705623425,-0.38896227332723565,0.7562289919368319,-1.086322355992206,-0.24032650717759282,9.8386545,20.266283
570489,641,603,0.5124378109452736,L,0.3398058252427184,0.6601941747572816,0.3539518900343643,0.6602564102564102,83.45824175824175,99.9,6.395604395604396,,0.4831460674157303,0.1852738853503184,49.0,108.0,49.0,108.0,5.062595033026967,low,0.1343168934240363,Arismendy Alcántara,L,-0.0027377480567102627,-0.5485665919281361,0.22733884428369544,0.6088530997456496,-0.0004299095391834616,-20.542736,16.994036
570560,642,9257,0.4825537431133196,L,0.2090888739646295,0.7909111260353705,0.3168067226890756,0.6579942183678008,86.22968369829684,100.5,10.6514598540146,,0.4033078880407125,0.2870164556962025,549.0,1821.0,549.0,1821.0,7.771067086065406,high,0.0306240401148711,Yolmer Sánchez,L,1.2569807544728364,-0.41626318667111795,0.5995962810407558,-0.16606528775199308,-0.2929318038717326,15.182392,-6.488976
570615,643,527,0.5692599620493358,L,0.3266666666666666,0.6733333333333333,0.4058441558441558,0.7990867579908676,92.02898550724638,108.8,15.391304347826088,,0.4923076923076923,0.314784,9.0,116.0,9.0,116.0,4.836281906951478,low,-0.1024837164750958,Steven Moya,L,-1.1093411978228398,-0.7273180764536771,1.3017693846680811,0.2113533406990648,0.3152778155729074,-12.109331,20.983183
570632,644,483,0.4265010351966873,R,0.5679611650485437,0.4320388349514563,0.3771929824561403,0.4705882352941176,83.85806451612903,100.7,-0.3870967741935484,,0.15625,0.0779072164948453,30.0,67.0,30.0,67.0,4.584967478670572,low,-0.1127910447761194,José Ureña,R,-0.11471324800532849,-0.3574731999899469,0.8704655910133358,1.2482501307765514,0.6687634328681452,-25.189505,16.661821
570639,645,9,0.5555555555555556,L,0.6,0.4,0.5,0.5714285714285714,92.2,92.2,1.0,,0.5,0.7066666666666667,0.0,3.0,0.0,3.0,1.3862943611198906,low,,Yefri Pérez,L,0.012668273437617044,-0.020608042630702334,0.009681349318386377,0.07442011039732091,0.02712411775124161,0.18993406,-0.826017
570717,646,1344,0.4270833333333333,L,0.1480836236933798,0.8519163763066202,0.235127478753541,0.6394984326018809,84.34311111111111,100.12,9.666666666666666,,0.4460093896713615,0.2412746913580247,71.0,253.0,71.0,253.0,5.783825182329737,low,0.0209861938428992,Ramón Flores,L,0.1976498162808933,-0.6321754093690745,-0.6817453547615202,0.0428700522228687,-0.33128259791817366,-1.5100275,1.8362455
570731,647,14869,0.5592171632255027,R,0.2649428743235117,0.7350571256764883,0.3772386637876286,0.7640080045740423,87.6353459972863,106.53000000000002,11.446252967107494,,0.4387006636395389,0.3136284950158035,1134.0,2979.0,1134.0,2979.0,8.322151070212902,high,0.0102189719571391,Jonathan Schoop,R,-1.1090172599783326,-0.9940254194609465,0.23655157700451,-0.27732716212170144,0.6831888853004072,-1.862211,20.980183
570799,648,1631,0.5432250153280196,R,0.2776523702031602,0.7223476297968398,0.3341404358353511,0.7577639751552795,86.60038167938932,102.49,19.389312977099237,,0.5390946502057613,0.3325216346153846,138.0,278.0,138.0,278.0,6.0330862217988015,medium,0.2018085184026691,Christian Villanueva,R,0.8197653640032412,0.7337503063640123,0.5120603219505123,-0.2464247534690554,1.4107949347659356,19.09428,-12.566373
571431,649,6345,0.5163120567375886,L,0.2612942612942612,0.7387057387057387,0.3649289099526066,0.7131979695431472,88.81706864564008,105.13,17.56122448979592,,0.4875717017208413,0.3184235727440147,254.0,1375.0,254.0,1375.0,7.396335293800808,medium,0.043072707229778,Matt Adams,L,-0.49886405374626935,0.16524706376165985,0.30861880133145964,-0.4226980852155281,1.1062328552552787,-13.05472,18.581709
571437,650,4551,0.4421006372225884,R,0.286779324055666,0.713220675944334,0.2486093281985451,0.6463414634146342,89.35205278592375,106.69,10.266862170087975,,0.3963133640552995,0.3079659685863874,343.0,803.0,343.0,803.0,7.044905117129371,medium,0.0066184425024234,Aaron Altherr,R,-1.4583550146752426,-0.06340930829940426,-0.7569728557141671,0.2501055955898895,-0.45002422477494786,-7.067248,-4.8366017
571448,651,20366,0.4922419719139743,R,0.1931172069825436,0.8068827930174564,0.3206383750453391,0.6949025487256372,89.2812180267966,103.7,18.112761811982462,69.19032258064516,0.45625,0.37058288472248,1320.0,4067.0,1320.0,4067.0,8.591929537530255,high,0.0356855406784838,Nolan Arenado,R,0.3890787162305703,0.45930991555646533,-0.9796051923779017,-1.175321219778853,1.3239030850511357,19.358936,-7.3052425
571466,652,10878,0.469847398418827,L,0.1999608687145372,0.8000391312854628,0.2591078727563533,0.6956770139021139,86.23799795709908,99.6,11.609805924412663,66.84333333333333,0.4587251828631139,0.2951106102635229,551.0,2333.0,551.0,2333.0,7.9672801789422,high,0.0398604049995215,Tucker Barnhart,L,0.8641582136039782,0.20872911196113825,-0.09891838116214757,0.6555488813306529,-0.005191581969454215,-9.55389,-10.641567
571467,653,99,0.4848484848484848,R,0.3125,0.6875,0.3725490196078431,0.6041666666666666,89.37142857142858,101.66,5.0,,0.4285714285714285,0.1141153846153846,7.0,19.0,7.0,19.0,3.295836866004329,low,0.0139172932330827,Steven Baron,R,-0.11887531532741419,-0.001345001865239651,-0.05798243310824009,0.06722438528323041,0.2949020473984735,2.910997,-9.6164875
571473,654,1,1.0,L,0.0,1.0,,1.0,63.6,63.6,29.0,,0.0,0.0,1.0,0.0,1.0,0.0,0.6931471805599453,low,,Buddy Baumann,L,0.018639515101421138,0.01369414966919887,0.04116351173736677,-0.02533587305778798,0.055130507205169,4.2637086,-0.7787054
571506,655,7474,0.4357773615199358,L,0.2517654283082591,0.7482345716917409,0.2962875384251596,0.6175654853620955,90.0211570247934,107.3,9.751861042183624,,0.4858125537403267,0.3381438653637351,379.0,1463.0,379.0,1463.0,7.519149957669823,medium,0.0725087947741745,Justin Bour,L,-1.3690606028728438,-1.3757093064128258,0.02389696292165498,-0.6817672228012382,-0.05631771188999943,3.2802467,21.611965
571539,656,2,0.0,R,,,0.0,,,,,,,0.0,0.0,1.0,0.0,1.0,0.6931471805599453,low,,Matt Carasiti,R,-0.0023202068044890656,0.00032348188658798676,-0.002616069624872454,-0.024381096083066912,0.005590649022996389,2.4081035,-0.64007044
571553,657,443,0.4717832957110609,L,0.2822966507177034,0.7177033492822966,0.2920353982300885,0.6589861751152074,88.87166666666667,106.92,6.533333333333333,,0.4262295081967213,0.2447962962962963,16.0,92.0,16.0,92.0,4.6913478822291435,low,0.0544945652173912,Darrell Ceciliani,L,-0.5468707154214258,0.014742508385158393,0.3207606669224884,0.2349314337345746,-0.09068440730008985,-7.4407988,4.2798896
571578,658,1228,0.4535830618892508,L,0.3249551166965888,0.6750448833034112,0.3263525305410122,0.5648854961832062,82.80662650602409,97.8,-2.5481927710843375,,0.3190184049079754,0.1832408026755853,86.0,213.0,86.0,213.0,5.703782474656201,low,0.0415039851512173,Patrick Corbin,L,0.7726306371739695,-0.8820835785538182,0.9096564689146086,1.2052921227497566,0.0606464098548323,-21.49466,15.811226
571595,659,502,0.5816733067729084,R,0.1883561643835616,0.8116438356164384,0.3553719008264462,0.7923076923076923,86.22583333333334,102.32,10.233333333333333,,0.4545454545454545,0.2503766233766233,97.0,57.0,97.0,57.0,5.043425116919247,low,-0.0096798697775365,Noel Cuevas,R,-0.36322949609785965,-0.649877294940781,-0.241946577244598,0.0798110162602462,0.20822428735055315,-1.0198519,13.454363
571602,660,4311,0.4678728833217351,R,0.3202776400594943,0.6797223599405057,0.2756232686980609,0.662004662004662,89.5953206239168,106.84,15.726169844020797,,0.4007285974499089,0.3058380487804877,302.0,723.0,302.0,723.0,6.933423025730715,medium,0.0631249576360455,Matt Davidson,R,-0.8415412759761502,0.44262335205373055,0.5142022596728638,-0.3934809475145077,-0.26305053470694245,29.284784,-5.1303005
571657,661,6867,0.491044124071647,R,0.2028469750889679,0.797153024911032,0.3499147242751563,0.6392953120334428,86.38654292343388,101.4,14.197215777262182,65.22852112676057,0.4404669260700389,0.3079238716693855,551.0,1288.0,551.0,1288.0,7.517520850603031,high,0.0661370898197518,Kyle Farmer,R,0.8793099992958213,-0.5124648478721842,0.012732318374064501,-0.8120565865952172,0.9664307136056478,5.3283386,22.459846
571665,662,15,0.3333333333333333,L,0.1999999999999999,0.8,0.1428571428571428,0.5,103.0,103.0,2.0,,1.0,0.4186666666666667,0.0,3.0,0.0,3.0,1.3862943611198906,low,,Daniel Fields,L,-0.041567567226129885,0.08475534710265259,-0.030244555275051963,0.07837141359218643,-0.03937609111830391,0.09138352,-4.938515
571670,663,28,0.6428571428571429,L,0.5,0.5,0.4444444444444444,0.7368421052631579,84.73333333333333,86.72,-5.0,,0.0,0.0,1.0,3.0,1.0,3.0,1.6094379124341005,low,0.0,Dylan Floro,L,-0.01974574078852641,-0.1457764812740015,0.13179279889752887,0.06826799553723456,-0.154281789967747,0.07635461,4.387046
571679,664,567,0.4832451499118165,R,0.208029197080292,0.791970802919708,0.2264808362369338,0.7464285714285714,89.44347826086955,101.96,8.456521739130435,,0.4534883720930232,0.2487028985507246,48.0,90.0,48.0,90.0,4.9344739331306915,low,-0.0495055555555555,David Freitas,R,0.10417069523657381,0.35863217210712584,-0.3840292823195667,0.08333285027945422,-0.46133682435779,-6.3116984,-9.699936
571681,665,735,0.4884353741496599,L,0.245125348189415,0.754874651810585,0.3105263157894737,0.6788732394366197,82.81461538461538,102.7,9.176923076923076,,0.4609375,0.2791117021276595,22.0,166.0,22.0,166.0,5.241747015059643,low,0.0998406352683461,Rey Fuentes,L,0.2148831494940194,0.059988404284432854,-0.2738870832108206,0.544140451118243,0.017853604943373236,-21.557125,-7.7112765
571697,666,8216,0.5244644595910418,L,0.1916918078440473,0.8083081921559526,0.3554054054054054,0.7232521186440678,86.5206106870229,100.4,12.791852323360915,,0.4396835860250494,0.3308270985401459,488.0,1704.0,488.0,1704.0,7.693025748417888,high,0.0454916974524743,Scooter Gennett,L,0.7767419145391744,-0.5325666506621439,0.8912357717741737,-0.6520441909422485,1.2512741209638552,14.741097,22.963669
571718,667,5870,0.4127768313458262,L,0.2558811390837804,0.7441188609162196,0.2343854936198791,0.5964730290456431,88.34232558139534,103.6,16.218604651162792,,0.4887573964497041,0.3217995674116799,290.0,1097.0,290.0,1097.0,7.23561914106675,medium,0.0331604941376166,Brian Goodwin,L,0.03146202473142186,0.4999274884075168,-0.7663004487678927,-0.29030166041381944,-0.24439634709022381,-16.036032,-11.958146
571740,668,9948,0.4625050261359067,L,0.2043034123016736,0.7956965876983264,0.2657328461226147,0.655515730784548,81.75621716287215,95.68,12.680093403385872,,0.4059880239520958,0.2685464272067252,761.0,1856.0,761.0,1856.0,7.870165946469845,high,0.0195269106268974,Billy Hamilton,L,1.1300457230623997,-0.4166541096543103,-0.3310382693412684,1.0646586915977807,0.6387295037650185,-18.898617,9.588681
571745,669,10637,0.4389395506251762,R,0.2486613835939173,0.7513386164060827,0.2492949802594472,0.6286197818728846,89.71589861751151,105.3,14.29320276497696,69.43606557377049,0.4633853541416566,0.3390331450094162,754.0,1901.0,754.0,1901.0,7.884576510596324,high,0.0217682324115326,Mitch Haniger,R,-0.17284351749066174,0.8781943319410934,-0.6292728204504482,-0.18753994322215173,-0.3125678519041008,-3.3890977,-10.510413
571757,670,1064,0.5028195488721805,L,0.2579439252336448,0.7420560747663552,0.306390977443609,0.6992481203007519,87.83212121212121,104.26,11.006060606060606,,0.4375,0.3447292418772563,53.0,224.0,53.0,224.0,5.627621113690637,low,0.0603289252021563,Jeremy Hazelbaker,L,-0.23116945975149386,0.44490349856393296,0.40049100131105886,-0.041009022656253606,0.15882423546601365,6.817113,-26.412313
571761,671,111,0.4594594594594595,L,0.2352941176470588,0.7647058823529411,0.1818181818181818,0.7321428571428571,94.87619047619047,106.3,15.333333333333334,,0.4666666666666667,0.4750714285714285,3.0,25.0,3.0,25.0,3.367295829986474,low,0.53208,Slade Heathcott,L,-0.4382759208366698,0.17032704513836874,0.18645428323379473,-0.02506434827929025,-0.08148438544935918,-6.9712687,3.6893816
571771,672,13045,0.4614028363357608,R,0.2320983552085064,0.7679016447914936,0.2646886016451233,0.6761263427930094,88.88840704164878,103.9,16.524892703862662,70.83140495867768,0.4455227172474636,0.3095138764547896,1342.0,2009.0,1342.0,2009.0,8.117312461601975,high,0.0569446918820597,Enrique Hernández,R,-0.09502634821992073,0.7777910428787043,-1.0126527357433646,-1.0139531972447602,0.09726061423100872,0.9275994,-8.514211
571788,673,8338,0.3982969537059246,L,0.1451370069256248,0.8548629930743752,0.230714115118223,0.5673331727294628,86.40758768790265,99.4,7.97494631352899,,0.4317343173431734,0.3072107089737234,398.0,1619.0,398.0,1619.0,7.609862200913554,medium,0.0187558949782886,Brock Holt,L,1.0463506874976711,-0.47568436421468613,-0.5932351971171195,0.20147458442002694,-0.6928045268334684,-18.9664,-13.460053
571812,674,149,0.4093959731543624,R,0.3278688524590164,0.6721311475409836,0.2771084337349397,0.5757575757575758,90.97777777777776,107.18,23.11111111111111,,0.4117647058823529,0.304,15.0,19.0,15.0,19.0,3.5553480614894135,low,0.3334385964912281,Kyle Jensen,R,-0.05164788172975285,0.39441579045901587,-0.09041548585576686,0.2017669974148063,-0.24426146245818806,-0.61543727,-9.667072
571825,675,145,0.4,L,0.3448275862068966,0.6551724137931034,0.2567567567567567,0.5492957746478874,92.03333333333336,109.43,0.75,,0.25,0.1416774193548387,4.0,27.0,4.0,27.0,3.4657359027997265,low,0.1626666666666666,James Jones,L,-0.13205022362683044,0.17944577817468058,0.38476755841557947,-0.058147270978688124,-0.341416199040184,-4.9847817,-1.5017796
571830,676,3338,0.5005991611743559,R,0.2387791741472172,0.7612208258527827,0.3416114790286976,0.6893840104849279,89.51412151067323,106.62,15.246305418719212,,0.446551724137931,0.319740614334471,246.0,633.0,246.0,633.0,6.779921907472252,medium,0.013219088352021,Tommy Joseph,R,-0.8651918310132455,-0.37441890480282447,-0.3993636366023585,-0.7025724322523049,0.763753828527537,-3.459409,25.441427
571841,677,770,0.3818181818181818,L,0.1802721088435374,0.8197278911564626,0.2015503875968992,0.5639686684073107,85.11507936507937,96.95,13.984126984126984,,0.4700854700854701,0.269141304347826,60.0,124.0,60.0,124.0,5.220355825078324,low,-0.0721537634408601,Ty Kelly,L,0.9266011514050911,-0.44794219317254785,-0.7732096613461298,0.36409111188815885,-0.5771808259221562,-16.6272,-13.534425
571851,678,531,0.4312617702448211,R,0.2139737991266376,0.7860262008733624,0.1764705882352941,0.6666666666666666,84.41666666666667,100.2,12.010416666666666,,0.4457831325301205,0.2924166666666666,36.0,108.0,36.0,108.0,4.976733742420574,low,0.0433703703703703,Spencer Kieboom,R,0.40251605692979736,0.3334880602076357,-0.4952638977914215,0.4734762949958777,0.09463055655162296,-9.117637,-13.205176
571868,679,333,0.4234234234234234,L,0.3120567375886525,0.6879432624113475,0.1987951807228915,0.6467065868263473,87.65744680851063,102.52,23.72340425531915,,0.4042553191489361,0.1882098765432099,5.0,76.0,5.0,76.0,4.406719247264253,low,0.2005921052631579,Marc Krauss,L,0.23190146163070652,0.8051191505256866,0.12120265916210145,0.34360629114284624,0.0686818311398979,10.740904,-17.151993
571875,680,10193,0.4240164818993427,L,0.2505784359093013,0.7494215640906987,0.2376368440921102,0.6257405515832483,89.78261437908496,104.7,11.807843137254904,,0.4751161247511613,0.3251446893787575,469.0,2026.0,469.0,2026.0,7.822444729489319,high,0.0686952759120768,Jake Lamb,L,-0.1367859285831387,0.9206110308801508,0.38323741442529957,-0.2677886403188045,-0.729863887874935,9.854631,-10.98104
571912,681,4231,0.4547388324273221,R,0.2494802494802495,0.7505197505197505,0.2688919796012981,0.648023143683703,86.38312056737588,102.9,13.14468085106383,66.8474358974359,0.4308823529411765,0.2658448117539027,306.0,783.0,306.0,783.0,6.993932975223189,medium,0.0251094207798062,Luke Maile,R,0.6139045295662995,0.40889402635954436,-0.23201159424845785,-0.12337734684776416,0.07259931269274826,6.883018,-2.1843114
571918,682,1496,0.464572192513369,R,0.279136690647482,0.720863309352518,0.2975098296199213,0.6384720327421555,86.70188679245283,101.29,5.759433962264151,,0.325,0.2325891891891891,160.0,210.0,160.0,210.0,5.916202062607435,medium,0.0461258928571428,Deven Marrero,R,-0.2927641798506103,-0.5458981425988276,0.23351597804364657,0.029667019180883714,-0.9261989280012574,6.0619197,13.924037
571927,683,673,0.4784546805349183,R,0.2360248447204969,0.7639751552795031,0.3434650455927052,0.6075581395348837,83.016,99.22,4.144,,0.3277310924369748,0.2030094339622641,34.0,72.0,34.0,72.0,4.672828834461906,low,0.0033635620915032,Steven Matz,R,0.2702013846401714,-0.9091339479720736,-0.10177610238186581,0.3315726513441468,0.08381729647656769,-22.200878,7.8772817
571945,684,430,0.5651162790697675,R,0.4938271604938271,0.5061728395061729,0.4666666666666667,0.6468085106382979,83.55901639344263,100.5,6.836065573770492,,0.4333333333333333,0.154208,34.0,91.0,34.0,91.0,4.836281906951478,low,0.01510698125404,Miles Mikolas,R,-0.6131949897673118,-0.7420598709096874,0.26672438207192756,1.1714851309239744,1.154530945468593,-24.221592,15.4235935
571946,685,449,0.3719376391982182,R,0.3712574850299401,0.6287425149700598,0.2233502538071066,0.4880952380952381,88.1575,100.8,12.1,,0.3421052631578947,0.10235,17.0,43.0,17.0,43.0,4.110873864173311,low,0.0166662106703146,Shelby Miller,R,0.15800427412824872,0.7232562320292432,0.2982946292904759,0.7932409914204007,-0.06754907997912113,9.972637,-15.413617
571963,686,5,0.4,R,1.0,0.0,0.3333333333333333,0.5,,,,,,0.0,0.0,1.0,0.0,1.0,0.6931471805599453,low,,A. J. Morris,R,-0.08329061108435974,0.05620809982303994,-0.04395005576493063,0.09739009409117519,-0.05003746990454896,-1.9739892,-6.165351
571970,687,14030,0.3830363506771204,L,0.2554893933755117,0.7445106066244883,0.1872427983539094,0.5948071216617211,90.05502866076081,105.22,17.466909848879624,69.634009009009,0.5119110640550556,0.3526672766087221,861.0,2418.0,861.0,2418.0,8.09559870137819,high,0.0081971537510482,Max Muncy,L,-0.4960937386157935,1.6835387960014696,-0.8473758985468743,-0.3323228520911167,-0.6004562982280216,-8.923231,-22.04557
571974,688,2436,0.4741379310344827,R,0.2683982683982684,0.7316017316017316,0.287891617273497,0.649402390438247,87.91105263157894,102.6,15.812664907651715,,0.4396284829721362,0.2618249594813614,249.0,368.0,249.0,368.0,6.42648845745769,medium,0.0609821132355508,J. R. Murphy,R,-0.2204681685967416,0.2642072278196239,-0.34885309927162733,0.245740367042536,0.6207426564676221,0.26384804,-17.74954
571976,689,14520,0.4361570247933884,R,0.2599084162324333,0.7400915837675667,0.264991357532243,0.6200885840834405,89.20515320334262,105.4,11.767409470752089,,0.4399808703969393,0.3306421319796954,979.0,2567.0,979.0,2567.0,8.173857454773621,high,0.0272626269700325,Wil Myers,R,-1.0158747243009187,0.576529938181826,-0.08832262281951266,-0.9151661878901235,-0.43696461930261565,25.049253,7.148527
571980,690,6968,0.5449196326061998,L,0.2496707927311034,0.7503292072688965,0.3625985322098396,0.7488598358163575,90.19745762711864,106.11,10.878504672897195,71.48333333333333,0.4371772805507745,0.3242738359201774,286.0,1518.0,286.0,1518.0,7.498315870766981,medium,0.0716671734063038,Tyler Naquin,L,0.6435777720914662,-0.2290931013923675,2.2533816602492633,0.08192739258287692,0.5860477802520326,19.67413,2.4759107
572000,691,50,0.42,R,0.3333333333333333,0.6666666666666666,0.2222222222222222,0.6521739130434783,86.71000000000001,102.73,11.9,,0.6666666666666666,0.2023846153846154,4.0,9.0,4.0,9.0,2.6390573296152584,low,-0.2923333333333333,Mike Ohlman,R,-0.10037662258645372,0.23224730152641182,-0.30768684584789247,0.05527198240113876,-0.033429053840894764,-0.985287,-9.421206
572008,692,7458,0.5139447573075892,R,0.2457605009131228,0.7542394990868772,0.3437582128777924,0.6912127018888585,87.23545321637427,101.8,11.990497076023392,,0.3764087152516904,0.2746872586872587,640.0,1432.0,640.0,1432.0,7.636752112435779,high,0.0181728526536312,Chris Owings,R,0.5017309697564557,-0.04772483186316907,0.3847248364390714,0.24667571304017652,-0.22375673125762185,16.272612,-1.2653195
572019,693,1645,0.5659574468085107,L,0.276047261009667,0.723952738990333,0.3670886075949367,0.788659793814433,87.87681660899655,104.38,10.103806228373704,,0.4657534246575342,0.3180601336302895,46.0,403.0,46.0,403.0,6.1092475827643655,low,0.0520442334663933,Ben Paulsen,L,0.16857695979809167,0.10813379708607611,1.9361467768635718,0.3412646538005825,0.4720220465453143,19.558382,2.5059547
572033,694,3421,0.4919614147909968,R,0.2186571598336304,0.7813428401663696,0.3379231210556512,0.6519666269368296,84.95581395348837,101.13,16.626453488372093,,0.4530551415797317,0.2887568421052632,381.0,569.0,381.0,569.0,6.85751406254539,medium,0.0281756039282436,Josh Phegley,R,0.8499913587871482,0.17950826802072,-0.39554088623709627,0.03881138381859865,0.8391317609434213,19.963884,-9.154662
572039,695,10448,0.519812404287902,R,0.2553857484809427,0.7446142515190572,0.3263629574309186,0.7232914375490966,88.23855165069223,104.2,12.895101171458998,,0.4037506894649751,0.3247894736842106,791.0,2002.0,791.0,2002.0,7.935229539816907,high,0.0307091094745962,Stephen Piscotty,R,0.652678345852685,1.0085833941987696,0.4604030727159199,0.3068668560703828,-0.0938189997068973,20.458683,-5.5918202
572041,696,11746,0.481355355014473,R,0.2051644853201273,0.7948355146798727,0.2987579724739845,0.6693158258465791,89.18338204592902,104.3,11.283625730994151,71.52413793103447,0.4563644103873989,0.3391621951219512,976.0,2304.0,976.0,2304.0,8.0959035329611,high,0.0168991063296903,Aj Pollock,R,-0.351293711274647,-0.08186385938356142,-0.20673621275891413,-0.7732535043255654,0.3613073044779493,2.77812,15.779517
572070,697,28,0.5357142857142857,R,0.5333333333333333,0.4666666666666667,0.3846153846153846,0.6666666666666666,88.025,100.2,-4.75,,0.0,0.0,1.0,1.0,1.0,1.0,1.0986122886681098,low,0.0,Garrett Richards,R,-0.15010652917306502,-0.18187977776397365,0.04916893079452854,0.04931977992880109,0.1655839327093105,-3.9379559,9.25487
572073,698,3954,0.4484066767830045,R,0.1906373378454596,0.8093626621545403,0.2852760736196319,0.6081081081081081,84.74523449319213,98.7,15.686838124054464,,0.4851330203442879,0.2918394683026584,404.0,574.0,404.0,574.0,6.88653164253051,medium,0.0598022303101389,Joey Rickard,R,1.7655155675084429,0.354209007772708,-0.49002932192314125,0.3604826418930004,0.6144441861391371,25.935997,-2.4069233
572114,699,2325,0.410752688172043,L,0.2596858638743455,0.7403141361256544,0.2152834839769926,0.6254512635379061,88.64684014869889,104.44,29.46468401486989,,0.5,0.342271186440678,112.0,419.0,112.0,419.0,6.2766434893416445,low,0.034764532901466,Ryan Schimpf,L,0.3896307867754681,1.457623372016553,-0.09140811545126458,-0.30801810911714944,0.9882653697129311,13.081909,-17.153715
572122,700,15400,0.4501298701298701,L,0.2067224466243508,0.7932775533756492,0.2599646821392533,0.6519004282655246,89.35354107648725,103.2,18.3764164305949,,0.4730320699708454,0.3259501636043292,1330.0,2643.0,1330.0,2643.0,8.287528423111763,high,0.0006269626961843,Kyle Seager,L,-0.26527374162464845,0.4244150655241201,-1.7379350063393257,-0.9282964617664671,0.37632702450543326,-5.018032,-15.566741
572128,701,554,0.4422382671480144,R,0.4122448979591836,0.5877551020408164,0.2807017543859649,0.6133828996282528,87.26164383561644,104.04,18.013698630136986,,0.4189189189189189,0.3135985915492957,80.0,62.0,80.0,62.0,4.962844630259907,low,-0.106353629032258,Richie Shaffer,R,-0.3755317703812921,0.4353497590463882,-0.31290159116502037,0.5175463660845792,-0.3505894361225629,-8.986277,-17.572626
572138,702,670,0.426865671641791,L,0.2727272727272727,0.7272727272727273,0.2393162393162393,0.6332288401253918,89.73737373737374,103.4,19.86868686868687,69.76228070175438,0.4285714285714285,0.2598220858895705,36.0,127.0,36.0,127.0,5.099866427824199,low,-0.1666865704286964,Jon Singleton,L,-0.5906963341782225,0.19221456405013138,-0.4717474153262472,-0.0686448855895661,0.09168193739498616,-2.0290444,-9.589812
572180,703,833,0.4453781512605042,R,0.3099730458221024,0.6900269541778976,0.198992443324937,0.6697247706422018,88.84132231404958,103.6,14.181818181818182,,0.4444444444444444,0.2639473684210526,78.0,131.0,78.0,131.0,5.3471075307174685,low,0.0731051086318261,Andrew Susac,R,-0.4038078648440141,1.082937021715906,-0.08284062774063831,0.5265061670524981,-0.1448072678317136,-3.1139882,-21.80115
572182,704,400,0.43,L,0.2674418604651163,0.7325581395348837,0.2748815165876777,0.6031746031746031,88.964406779661,102.06,12.59322033898305,,0.4137931034482758,0.2871666666666667,33.0,69.0,33.0,69.0,4.634728988229636,low,-0.0361277997364953,Darnell Sweeney,L,0.6772898889341107,0.5001678313593405,0.45338394271641025,0.049483522119840126,0.07856966943164745,14.270842,-12.366417
572191,705,11858,0.5013493000505987,R,0.304793944491169,0.695206055508831,0.2973240832507433,0.7141626464507237,88.1946589106293,104.8,11.00846113167636,72.6596837944664,0.4379084967320261,0.294730199613651,888.0,2218.0,888.0,2218.0,8.041412909393047,high,0.0332421384414171,Michael Taylor,R,-0.3279090995928708,0.94260103966751,0.9895156444832032,-0.044418742312903596,-0.03435356597671091,25.968016,-13.154621
572204,706,4591,0.4253975168808538,R,0.300563236047107,0.699436763952893,0.2316666666666666,0.6376083979917846,89.02508532423208,106.65,13.805460750853245,70.55426829268292,0.505338078291815,0.3090824644549763,399.0,656.0,399.0,656.0,6.962243464266207,medium,-0.0339941622348554,Trayce Thompson,R,-0.5969678855594803,0.8215244163045691,-0.5634485270790107,0.12836367167104995,0.16513244246924563,-3.0792265,-19.366276
572227,707,66,0.4696969696969697,R,0.2258064516129032,0.7741935483870968,0.2857142857142857,0.6774193548387096,82.71428571428571,92.54,13.285714285714286,,0.4285714285714285,0.2985,5.0,11.0,5.0,11.0,2.833213344056216,low,0.0778181818181817,Zach Vincej,R,0.2522097036518851,-0.15930786316271173,0.06946996389583741,-0.031820038800706746,0.04132726783211755,5.222822,2.9684017
572228,708,7521,0.503257545539157,R,0.336327608982827,0.663672391017173,0.2712660731948565,0.7730802415875755,90.01929203539824,106.4,15.250442477876106,,0.4780269058295964,0.3463886851754845,560.0,1349.0,560.0,1349.0,7.554858521040676,high,-0.0420586069045853,Luke Voit,R,-1.5861294282614418,1.2390553805969462,-0.06220640030773637,0.4293614600142791,0.5127754672624689,-3.160653,-25.44895
572233,709,10682,0.4902639955064594,R,0.2514798548787473,0.7485201451212526,0.2591513385539974,0.7347331920631863,89.47740678909292,106.2,15.453837597330368,72.763738317757,0.420281690140845,0.3383183172002978,751.0,1935.0,751.0,1935.0,7.8961806086154915,high,0.008091988975939,Christian Walker,R,-0.4224349043749609,1.283339369637645,0.10049575353426429,-0.9227790310916005,0.06034547606127251,11.729508,-23.360975
572241,710,24,0.7083333333333334,L,0.4117647058823529,0.5882352941176471,0.5833333333333334,0.8333333333333334,90.0,90.0,21.0,,0.0,0.0,0.0,6.0,0.0,6.0,1.9459101490553132,low,,David Washington,L,0.02046159142786339,-0.08440453664013989,0.39888621321072804,-0.12348316491915641,0.2885306077347411,10.977671,1.591052
572287,711,10034,0.4883396452062986,R,0.3591836734693877,0.6408163265306123,0.3057787983161117,0.6867720465890182,89.52044410413475,107.85,20.612260536398463,,0.5264847512038523,0.2942647666253614,729.0,1692.0,729.0,1692.0,7.792348924113037,high,0.0314512155969996,Mike Zunino,R,-0.38672370621930635,1.4434167666122284,0.6688474091202389,0.2553339656974595,1.198197097486536,12.867291,-19.353296
572309,712,9,0.2222222222222222,R,1.0,0.0,0.0,0.4,,,,,,0.0,0.0,1.0,0.0,1.0,0.6931471805599453,low,,Kendry Flores,R,0.0008747644333645947,-0.01980080488086514,0.024612731152749697,0.06024683754583883,-0.020483946892247796,-1.1520697,-3.0592217
572365,713,5083,0.4336022034231753,L,0.2091651542649727,0.7908348457350273,0.2745098039215686,0.6003223207091055,87.1420430107527,101.31,7.390322580645162,,0.4153498871331828,0.2755920471281296,267.0,1091.0,267.0,1091.0,7.214504414151143,medium,0.0057438284637329,Ryan Goins,L,0.466992241125741,-0.6758355556785727,0.5366007944363712,-0.28250950106315625,0.4158684091814388,-20.45511,2.89594
572669,714,571,0.4798598949211909,R,0.3759124087591241,0.6240875912408759,0.2668918918918919,0.7090909090909091,85.32093023255814,104.45,12.27906976744186,,0.6375,0.3485466666666666,43.0,107.0,43.0,107.0,5.017279836814924,low,-0.1865303194957617,Lane Adams,R,-0.03652202760483274,0.5980275975267336,0.05922020037738958,0.6696444818906802,0.8762078363312473,7.321241,-16.047918
572761,715,16379,0.3797545637706819,L,0.2178456591639871,0.7821543408360129,0.1892744479495268,0.5882352941176471,89.44659546061415,103.1,20.016021361815753,67.93,0.516143701682583,0.352679957750198,918.0,2869.0,918.0,2869.0,8.239593454305968,high,0.0238949479485841,Matt Carpenter,L,0.014370824815855486,0.39214081617213414,-1.5091879917771618,-0.21012251743907323,-0.21813812902214788,-1.5914953,-15.83936
572804,716,45,0.5111111111111111,R,0.4782608695652174,0.5217391304347826,0.32,0.75,78.45,87.55000000000001,11.166666666666666,,0.2,0.0,8.0,4.0,8.0,4.0,2.5649493574615367,low,0.0,Cody Decker,R,-0.1126286243691594,0.18775000196961006,0.1359145422999428,0.15770248784817054,0.43468203154415025,4.8131857,-5.2234974
572816,717,12594,0.5732888677147848,L,0.2350415512465373,0.7649584487534626,0.4080153800650695,0.7649176954732511,87.80775389801939,103.7,13.803119730185497,68.19041095890411,0.3978118161925602,0.3301695125737349,678.0,2543.0,678.0,2543.0,8.07775756373692,high,0.0404007524849868,Corey Dickerson,L,0.389600660836251,-0.7839593477200736,1.5305206104580675,-0.896774949773419,0.5699859814946642,13.34516,22.365015
572821,718,13034,0.4182139021021943,R,0.2157402311502476,0.7842597688497523,0.2526117237376669,0.6040377727124715,87.63463324048283,101.5,18.255338904363978,,0.5457198443579766,0.3377349735284958,867.0,2344.0,867.0,2344.0,8.074649075066652,high,0.0255754927548212,Brian Dozier,R,1.0472221060275295,1.1301442894188345,-1.25359838820162,-0.2253918138064329,1.0420045229159174,0.008929746,-14.565828
572863,719,1980,0.4944444444444444,R,0.2431052093973442,0.7568947906026557,0.2552521008403361,0.7159533073929961,84.70754716981132,100.84,21.053459119496857,,0.504885993485342,0.284598,197.0,303.0,197.0,303.0,6.2166061010848646,medium,0.0380978204419426,Dustin Garneau,R,0.6767276719833865,0.8665714321242731,-0.5887175010983571,0.724764510428579,1.3518956534536783,7.423236,-20.457447
573088,720,346,0.453757225433526,R,0.2420382165605095,0.7579617834394905,0.2912087912087912,0.6341463414634146,88.15384615384616,103.66,7.138461538461539,,0.515625,0.2249587628865979,48.0,49.0,48.0,49.0,4.584967478670572,low,0.1066909013605442,Cameron Perkins,R,-0.3345142619897525,-0.5367534840341033,-0.2722998149715765,-0.04016774298600999,-0.09254973856903116,-1.0371157,6.654792
573113,721,239,0.4476987447698745,R,0.1962616822429906,0.8037383177570093,0.2136752136752136,0.6721311475409836,86.22291666666666,98.83,4.541666666666667,,0.4166666666666667,0.2129384615384615,14.0,51.0,14.0,51.0,4.189654742026425,low,-0.0783949579831932,Tony Renda,R,0.2715345173140827,-0.30415743896885394,-0.444631718354371,0.21463479025575322,-0.5169657836683555,2.9212337,8.510063
573131,722,5151,0.4179770918268297,R,0.2443102647468648,0.7556897352531352,0.2399068322981366,0.596116504854369,90.46574440052702,105.7,12.621870882740447,,0.4586666666666666,0.3227292506043513,570.0,671.0,570.0,671.0,7.124478262493424,high,0.1070079875545794,Darin Ruf,R,0.207209630964733,0.4209473258872229,-0.14231057234926708,-0.48502848949510613,0.032930195226735466,-6.200563,-1.762407
573135,723,4118,0.442690626517727,R,0.2007679648930335,0.7992320351069665,0.2438524590163934,0.6218836565096952,86.74450625869264,102.4,9.910987482614743,,0.4238310708898944,0.2674132701421801,313.0,742.0,313.0,742.0,6.962243464266207,medium,0.0178280874589874,Tyler Saladino,R,0.46417852718049674,0.3303465013104104,-0.4245386946570567,-0.25922283106977767,-0.34929778234302966,9.171184,-6.914725
573185,724,555,0.3405405405405405,R,0.417989417989418,0.582010582010582,0.1567796610169491,0.4764890282131661,82.1263157894737,94.63,-6.421052631578948,,0.1052631578947368,0.0619636363636363,27.0,83.0,27.0,83.0,4.709530201312334,low,0.0122704149933065,Dan Straily,R,0.23014696202003476,-0.35348720700485314,0.7540070457479182,1.7878440765170456,-0.3218364684678498,-24.217022,20.689625
573186,725,274,0.5948905109489051,R,0.4294478527607361,0.5705521472392638,0.4488188976377952,0.7210884353741497,81.43846153846154,97.3,-2.128205128205128,,0.525,0.1434363636363636,17.0,38.0,17.0,38.0,4.02535169073515,low,-0.0579303405572755,Marcus Stroman,R,-0.418631584882712,-0.47586397692325466,-0.027409698391819868,1.185451192107306,0.8602204326813236,-23.867325,15.584973
573262,726,8521,0.4346907639948363,L,0.2246220302375809,0.775377969762419,0.2256326148078725,0.6444862450035269,89.59271472392638,103.77,19.41992337164751,69.44576923076923,0.4888030888030888,0.3359316443594646,512.0,1580.0,512.0,1580.0,7.646353722445999,high,0.0498872329905063,Mike Yastrzemski,L,0.32743506851864296,1.3353033901509996,-0.16859734428421883,-0.9469214507371526,0.3911438836408659,23.471922,-11.632191
573627,727,2593,0.4450443501735441,L,0.2885615251299827,0.7114384748700173,0.2773775216138328,0.6381742738589211,87.9137203166227,108.12,11.021108179419524,,0.4453781512605042,0.3169502407704655,184.0,439.0,184.0,439.0,6.436150368369428,medium,-0.0739041670793305,Kennys Vargas,L,-0.5106522285389414,-0.030987660219632986,0.6716363292738761,0.01673747778601628,-0.5216156302193075,-7.1575193,4.6471505
574831,728,7,0.7142857142857143,R,0.1999999999999999,0.8,1.0,0.6,,,,,,0.0,0.0,1.0,0.0,1.0,0.6931471805599453,low,,Michael Choice,R,-0.034909066562275354,-0.05676842668940072,0.0120637923366461,-0.04374947498657669,0.03607405732993203,1.9521884,-1.3576391
574847,729,412,0.5121359223300971,R,0.2938388625592417,0.7061611374407583,0.3045454545454545,0.75,88.6909090909091,104.7,5.53030303030303,,0.5,0.2759708737864078,58.0,45.0,58.0,45.0,4.6443908991413725,low,-0.0258609195402299,Rob Segedin,R,-0.3071223357586769,0.0143379994588341,0.40421816567983293,-0.3083787490488313,0.2355152640311564,3.9938588,10.602053
575929,730,12948,0.4830861909175162,R,0.291286970423661,0.708713029576339,0.3104636141811396,0.6841665273365658,89.59699714013347,107.9,8.333650642551166,73.8411003236246,0.4188991719434973,0.3494973070017953,850.0,2492.0,850.0,2492.0,8.114623886420098,high,0.0269863723916533,Willson Contreras,R,-0.23347341923020906,0.6103513098667047,1.2052805588178535,-0.47828187940685774,0.4573456889030583,21.811716,-20.294798
576397,731,7951,0.475034586844422,R,0.2443738416732856,0.7556261583267143,0.2811658094538329,0.6796794208893485,87.52686346863469,102.4,15.032472324723248,,0.4380804953560371,0.3254306315266037,597.0,1414.0,597.0,1414.0,7.60688453121963,high,0.042554021877421,Jedd Gyorko,R,0.0068866604818751285,0.7840353200490675,-0.6933395150782781,-0.16479840648804603,0.5975504911216024,8.6907,-29.002031
576788,732,21,0.3809523809523809,R,0.25,0.75,0.3333333333333333,0.4166666666666667,83.22,99.22,14.6,,0.5,0.1257142857142857,1.0,6.0,1.0,6.0,2.0794415416798357,low,-0.1466666666666666,Dan Butler,R,0.19723644204443277,-0.19337626752271755,-0.16436703465990496,0.11987435468501022,0.011368213863952991,-0.75992244,0.17389186
578428,733,13090,0.4966386554621849,R,0.1295185356099061,0.8704814643900939,0.3883727899310758,0.6092581047381546,84.13964497041421,100.3,8.299826086956521,,0.4051042415528397,0.3052971299943725,930.0,2624.0,930.0,2624.0,8.176110342237342,high,0.0331435041306058,Jose Iglesias,R,1.4760112913920822,-2.0127833026286632,-0.18082665759836614,-0.7595353935972142,0.5183136770467741,11.664989,21.716328
578570,734,122,0.4672131147540984,L,0.2982456140350877,0.7017543859649122,0.3333333333333333,0.6101694915254238,84.05882352941177,99.32,12.411764705882351,66.85483870967742,0.4117647058823529,0.1372499999999999,11.0,21.0,11.0,21.0,3.49650756146648,low,-0.0095930735930735,Juniel Querecuto,L,0.010115569030066442,-0.26130380273564835,-0.0655505454172015,0.33689913741706146,0.25214586962541263,-5.454443,5.1473756
581527,735,4791,0.4800667919014819,R,0.1713043478260869,0.828695652173913,0.3216547066272689,0.6350123864574732,87.67518796992482,103.3,9.560687432867883,,0.3574660633484163,0.3222485921158488,299.0,944.0,299.0,944.0,7.126087273299125,medium,0.0114132099937645,Devon Travis,R,0.49077010205238564,-0.1989418472868807,-0.21192408130071694,-0.13084549007709945,-1.1923559112636348,-16.870361,0.2773381
582473,736,37,0.3783783783783784,L,0.3571428571428571,0.6428571428571429,0.1764705882352941,0.55,77.81666666666666,89.9,1.1666666666666667,,1.0,0.0654545454545454,5.0,6.0,5.0,6.0,2.4849066497880004,low,0.12,Sherman Johnson,L,0.169999001902267,0.10382075339662612,-0.06944676074915139,0.23094762824937537,0.109035712547675,-10.576697,-11.642691
588751,737,6865,0.5321194464675892,R,0.1845058855735012,0.8154941144264988,0.3582308142940832,0.7041437264560997,87.5404,101.7,9.567333333333334,,0.3482758620689655,0.2817710965133906,453.0,1526.0,453.0,1526.0,7.590852123688581,high,0.0501212609109504,Adeiny Hechavarría,R,0.3397550207376087,-0.7893033564790073,0.7290244276240073,-0.4517618850078312,0.008127232604110796,8.364185,20.350107
591712,738,201,0.5522388059701493,R,0.3063063063063063,0.6936936936936937,0.4018691588785046,0.723404255319149,82.61,99.59,9.433333333333334,,0.5666666666666667,0.24436,7.0,43.0,7.0,43.0,3.9318256327243257,low,0.050578073089701,Óscar Hernández,R,-0.2125329649013876,0.04594991074909546,-0.24677868858429805,0.5962578525124145,1.0357966693287337,-13.90703,15.004864
591720,739,3219,0.5458216837527182,R,0.1451337507114399,0.85486624928856,0.3523316062176165,0.7241791044776119,82.41989860583017,96.7,9.770595690747784,,0.4485981308411215,0.2854499484004128,291.0,678.0,291.0,678.0,6.877296071497429,medium,0.0163993248791168,Ronald Torreyes,R,1.6189493665491976,-0.4500188526992015,-0.2774720214012765,0.5999352841815541,0.9894764047396396,-12.220692,11.616728
591741,740,2596,0.5119414483821263,R,0.2121896162528216,0.7878103837471784,0.3181478715459298,0.7183770883054893,88.48803738317757,104.16,9.48411214953271,,0.3757225433526011,0.2988877840909091,288.0,416.0,288.0,416.0,6.558197802812269,medium,0.0141984508547008,José Osuna,R,-0.7791995391536175,-0.7803763222944126,-0.5612332235931323,-0.4079798542588372,0.007621689161932821,1.707168,18.147455
591971,741,908,0.395374449339207,L,0.0779944289693593,0.9220055710306406,0.2,0.5916114790286976,85.21666666666667,97.47,15.580459770114942,,0.4277108433734939,0.2756465517241379,58.0,174.0,58.0,174.0,5.4510384535657,low,-0.0515977011494253,Breyvic Valera,L,1.4165512722283806,-0.7551955826576497,-0.8755898987358459,-0.09304085550356664,-0.3686789690604046,-18.766949,-6.802517
591994,742,470,0.4340425531914894,R,0.2990196078431373,0.7009803921568627,0.2619047619047619,0.6330275229357798,87.61891891891892,104.65,9.202702702702704,,0.410958904109589,0.3013050847457627,41.0,77.0,41.0,77.0,4.77912349311153,low,0.0585137789040228,Willy García,R,-0.7071625568322734,-0.5470630561700991,-0.16166542301519077,0.16930142542889834,-0.08152958896576584,-3.5920622,24.053549
592120,743,4,0.25,R,1.0,0.0,0.5,0.0,,,,,,0.0,0.0,1.0,0.0,1.0,0.6931471805599453,low,,Barrett Astin,R,0.008690874564225057,0.026796927589613863,0.01851137215116379,0.037960598757033046,-0.04605192460992822,1.0139538,-3.0946968
592122,744,2457,0.4753764753764753,R,0.3681506849315068,0.6318493150684932,0.2806476484194294,0.6931034482758621,89.50098039215686,107.35,14.5718954248366,,0.3958333333333333,0.314340206185567,254.0,328.0,254.0,328.0,6.368187186350492,medium,0.0935927117342039,Tyler Austin,R,-0.8610314827096764,0.6219539643629273,-0.3356535281602047,0.7069099209665566,-0.3136086797434813,-4.997007,-22.067085
592144,745,167,0.5508982035928144,R,0.2282608695652174,0.7717391304347826,0.3243243243243243,0.7311827956989247,84.63529411764705,103.85,-6.4411764705882355,,0.3333333333333333,0.261547619047619,14.0,28.0,14.0,28.0,3.7612001156935624,low,-0.0677857142857142,Wynton Bernard,R,0.04962236625919425,-0.5813302843118965,0.38073991827776654,-0.2944970986190445,0.33922620915723395,11.14502,5.6181345
592166,746,20,0.35,R,0.2857142857142857,0.7142857142857143,0.0,0.7777777777777778,94.0,100.06,15.0,,0.3333333333333333,0.706,2.0,2.0,2.0,2.0,1.6094379124341005,low,0.725,Ryan Brett,R,0.16156497478442924,0.12629855742258383,-0.13550745335876238,0.11346102482202632,-0.04020847690782608,-9.200155,-11.869374
592178,747,16981,0.4784759437017843,R,0.2638769230769231,0.7361230769230769,0.2710889154272066,0.7243243243243244,87.58396501457726,104.17000000000004,17.800218738607363,67.84969325153374,0.4521771492370673,0.3690350796215093,1031.0,3302.0,1031.0,3302.0,8.374246182096304,high,0.041092725744207,Kris Bryant,R,-1.0263597462233154,0.9090968918678223,-0.7440248427335442,0.31611178689224223,0.2562832128769903,-7.4125876,-24.323902
592192,748,14644,0.4276154056268779,R,0.2026509102523155,0.7973490897476845,0.2506745817593092,0.6089601769911505,88.21331603977518,103.3,14.041054451166811,66.19875930521091,0.4572192513368984,0.3372550240588735,1197.0,2336.0,1197.0,2336.0,8.170185652879642,high,-0.0123510856908252,Mark Canha,R,0.6141555118482356,0.22690249460509013,-0.4318485735960984,-0.7413605707732407,0.3327121657727425,-7.696718,-2.9648397
592200,749,5492,0.4459213401310998,R,0.263781135157207,0.736218864842793,0.2139737991266375,0.6782069970845481,87.04086956521738,100.56,20.130434782608695,66.72,0.4980842911877394,0.3082075332348596,461.0,893.0,461.0,893.0,7.2115567333138015,high,0.0347331085594634,Curt Casali,R,-0.08330223426364754,1.148886709375325,-1.2014522547554098,0.8163055220597245,0.7052675558758251,1.6249156,-21.124073
592206,750,19092,0.5393358474753823,R,0.28736525201515,0.7126347479848499,0.362870424171993,0.7472051106548027,89.03703178206584,103.9,14.957150964812714,70.98221070811744,0.4094626168224299,0.3435820074641524,1196.0,3895.0,1196.0,3895.0,8.535425959677298,high,0.0489556596442571,Nick Castellanos,R,-1.2526927356875615,-0.0060698180932699,0.22287142882550065,-0.22943757594398784,0.26476803127748066,-24.936472,4.0196557
592230,751,1497,0.5023380093520374,L,0.2978723404255319,0.7021276595744681,0.3171690694626474,0.6948228882833788,86.67137096774194,102.0,13.576612903225806,,0.4256198347107438,0.2330497512437811,89.0,313.0,89.0,313.0,5.998936561946683,low,0.032591018415479,Kaleb Cowart,L,-0.7497017025294086,-0.5602056918502578,0.08731322401803415,0.6774180038883991,-0.042836720160705485,-12.784293,21.86348
592239,752,431,0.4733178654292343,L,0.1323529411764705,0.8676470588235294,0.2829268292682926,0.6460176991150443,83.42588235294117,97.0,15.058823529411764,,0.3975903614457831,0.2309833333333333,13.0,107.0,13.0,107.0,4.795790545596741,low,-0.0943968368080517,Todd Cunningham,L,1.01946971957923,-0.34174695074155054,0.1184902858498959,0.420265971400228,0.10282816113484422,-18.24509,9.200528
592261,753,8228,0.3941419543023821,R,0.2263336416897934,0.7736663583102066,0.1965963931927863,0.5753903518993242,85.36232114467408,99.6,10.116057233704293,,0.3606158833063209,0.2973531976744186,693.0,1371.0,693.0,1371.0,7.632885505395133,high,0.0209033031155569,Delino Deshields,R,0.6510177874020483,0.24774306800701693,-0.6982301421074553,0.6945060853250925,-0.6843771022365103,-12.943403,-13.212477
592273,754,10804,0.4718622732321362,R,0.2314633189486072,0.7685366810513927,0.3170775924583031,0.6333207261724659,88.46200514138818,104.8,11.266187050359711,69.74350961538461,0.4467750393287886,0.3193322603719599,829.0,1967.0,829.0,1967.0,7.936302693201959,high,0.0136393674151852,Brandon Drury,R,-0.7674459804603037,-0.044842803613162514,0.2147676967695458,-1.01713827626099,0.22947748592570913,-2.822576,7.6409464
592274,755,60,0.5166666666666667,R,0.1290322580645161,0.8709677419354839,0.4333333333333333,0.6,86.74285714285715,98.06,5.571428571428571,,0.2857142857142857,0.30875,8.0,4.0,8.0,4.0,2.5649493574615367,low,0.1327499999999999,Matt Duffy,R,0.5748976966641888,0.12460463794225028,-0.05403746254199069,-0.12828080719213192,-0.14741450243151086,11.622277,-6.0387635
592314,756,710,0.5225352112676056,R,0.4932614555256065,0.5067385444743935,0.4461538461538462,0.587012987012987,81.37014925373134,95.82,-0.044776119402985,,0.2686567164179104,0.0518448275862069,12.0,46.0,12.0,46.0,4.07753744390572,low,-0.0653695652173913,Mike Foltynewicz,R,-0.05313596956716936,-0.2635091279825598,1.0826979912092227,0.9561734865230397,0.6177211879439154,-25.254091,16.641842
592325,757,8897,0.4281218388220748,L,0.2165922814386978,0.7834077185613022,0.2391784452296819,0.6239414053559167,88.07059659090909,103.1,11.165365507452094,68.27692307692308,0.408327246165084,0.3126180335296782,513.0,1694.0,513.0,1694.0,7.699842407396986,high,0.0147554181597244,Ben Gamel,L,0.6969158817687264,0.25006410940739454,0.19584625845021264,0.13189293120814924,-0.5686331682724874,-14.667875,-5.2767096
592332,758,445,0.4157303370786517,L,0.3513513513513513,0.6486486486486487,0.2282608695652173,0.5478927203065134,78.55853658536586,92.2,-15.268292682926829,,0.282051282051282,0.1784912280701754,20.0,37.0,20.0,37.0,4.060443010546419,low,0.01855,Kevin Gausman,L,-0.1302039811584274,-0.9746995482071339,0.002380442510867813,1.2421894453131035,-0.26371515231012993,-21.4497,20.31072
592348,759,6310,0.4839936608557845,L,0.3107400130975769,0.6892599869024231,0.2893939393939393,0.6973421926910299,88.29755826859046,103.8,12.563817980022195,,0.4384180790960452,0.2974453891432309,397.0,1132.0,397.0,1132.0,7.333023014386481,medium,-0.0718330344189193,Niko Goodrum,L,-0.7096369684026188,-0.08588022108836503,-0.2076142677786222,0.2003059059990932,-0.4052599962765455,-11.5696,5.6363955
592351,760,980,0.3979591836734694,R,0.4948717948717949,0.5051282051282051,0.2951945080091533,0.4806629834254143,83.53820224719101,102.08,0.5730337078651685,,0.3536585365853658,0.1176865671641791,55.0,146.0,55.0,146.0,5.308267697401205,low,-0.1135352428393524,Jon Gray,R,-0.0921520552577354,-0.3824273084419823,0.48934401002056305,1.4927948778081,-0.16575740977675146,-23.439594,19.279417
592387,761,5950,0.4677310924369748,R,0.2396694214876032,0.7603305785123967,0.3314899154196487,0.6133518776077886,88.93092334494773,105.03,13.207317073170731,,0.4314814814814814,0.3176963840399002,436.0,1168.0,436.0,1168.0,7.380879035564116,medium,-0.0015516369234636,Ryon Healy,R,-0.4795324124892031,-0.9965251732910215,-0.45827993748539997,-0.5110253620629438,0.19365058113812736,1.940822,15.744692
592407,762,2210,0.490497737556561,R,0.2223247232472325,0.7776752767527675,0.2987861811391223,0.6707638279192274,85.49619047619048,98.8,17.31904761904762,,0.4887218045112781,0.2695432525951557,164.0,414.0,164.0,414.0,6.361302477572996,medium,-0.0418678272652291,Bryan Holaday,R,0.664965656814078,-0.07608347892034549,-0.7268187832814762,0.22653632114142164,0.7997937756196043,0.5617572,-13.698129
592419,763,487,0.4969199178644763,L,0.2644628099173554,0.7355371900826446,0.332046332046332,0.6842105263157895,84.35842696629213,101.22,17.01123595505618,,0.4404761904761904,0.23684496124031,21.0,108.0,21.0,108.0,4.867534450455582,low,-0.0261785714285714,Jared Hoying,L,-0.38559167510035297,-0.48278517865914095,-0.45679416834800757,0.018441071577582745,0.3092412818775341,-4.1530013,15.641645
592444,764,4594,0.4878101872006966,R,0.2962962962962963,0.7037037037037037,0.3260962111536824,0.6570155902004454,89.55563480741797,105.4,12.31857142857143,,0.4494720965309201,0.2789319899244333,308.0,883.0,308.0,883.0,7.083387847625295,medium,-0.0387916819873218,Jacoby Jones,R,-0.7421154454167432,0.03161929905489848,0.5025324322950281,0.12385303993688761,0.40794566016215,-7.7801013,4.454242
592450,765,15341,0.4182256697738087,R,0.315149625935162,0.684850374064838,0.2253603656392827,0.6599588719153937,95.62301867743564,111.8,14.445229681978798,74.79427083333333,0.4254770500257865,0.4091643758765778,874.0,2691.0,874.0,2691.0,8.179199798423086,high,0.0027243540847659,Aaron Judge,R,-2.6988442317079824,-0.03877626419458834,-0.9005304224716851,0.36858016184770925,-1.2483969843077183,-21.96187,-0.78350735
592518,766,20592,0.4794094794094794,R,0.2079619124797407,0.7920380875202593,0.2861821158919312,0.7006979893738932,91.36226738491676,108.0,14.203966699314398,74.88132530120482,0.4092858945243502,0.3570667147493689,1423.0,4123.0,1423.0,4123.0,8.621012520055235,high,0.0195362153485179,Manny Machado,R,-1.462446644124554,-0.2077848675787287,0.030871656435784066,-1.460693411008807,-0.2422973496718497,6.1209717,17.08999
592530,767,982,0.4409368635437882,L,0.3071593533487298,0.6928406466512702,0.2786259541984733,0.6266375545851528,89.9950704225352,105.48,16.408450704225352,,0.460431654676259,0.2714345991561181,38.0,199.0,38.0,199.0,5.472270673671475,low,0.0406653001851362,José Marmolejos,L,-0.4842462909093406,0.13909584307184802,-0.242379772798185,-0.03297318926371471,-0.13763000764086197,0.7512265,-8.484165
592567,768,6343,0.50764622418414,L,0.2245341614906832,0.7754658385093167,0.3191240875912409,0.7289239204934886,88.94064685314686,103.5,10.14759825327511,,0.4565801253357207,0.3187963182897862,326.0,1358.0,326.0,1358.0,7.429520842786462,medium,0.0564135502407908,Colin Moran,L,-0.8617397293901307,-0.8391485419987335,0.7022070732976035,-0.2182183687247525,-0.2257011752096254,-21.44112,8.876376
592592,769,410,0.526829268292683,L,0.25,0.75,0.3872549019607843,0.6650485436893204,86.05925925925926,100.9,14.37037037037037,,0.3974358974358974,0.3218545454545455,20.0,90.0,20.0,90.0,4.709530201312334,low,0.0166277777777777,Brett Nicholas,L,0.050488854690985595,-0.86224646748322,0.2565569448275196,-0.35416636006069296,0.7379702835255472,8.8791485,23.750694
592596,770,6,0.5,R,0.0,1.0,0.3333333333333333,0.6666666666666666,90.3,90.3,-17.0,,0.5,0.4405,1.0,1.0,1.0,1.0,1.0986122886681098,low,-0.881,Rico Noel,R,0.08379015442555111,0.02127024817294207,-0.006095083259888973,-0.07699675609263283,0.05778366568929231,5.0054975,-1.112235
592609,771,442,0.4276018099547511,R,0.3544973544973545,0.6455026455026455,0.219626168224299,0.6228070175438597,86.035593220339,107.58,11.33898305084746,,0.4489795918367347,0.2560882352941176,27.0,75.0,27.0,75.0,4.634728988229636,low,-0.0071214814814815,Mike Olt,R,0.06304983384127927,0.9391592447099887,0.31599756367894044,0.27101645023765025,0.11432611593478025,10.077864,-18.856188
592620,772,1612,0.4609181141439206,L,0.2772543741588156,0.7227456258411844,0.2385204081632653,0.6714975845410628,87.34508928571428,106.9,9.558035714285714,,0.4339622641509434,0.3310482233502538,84.0,310.0,84.0,310.0,5.978885764901122,low,0.05106643625192,Jarrett Parker,L,-0.12177757308773403,0.5884040827627051,0.558333747645527,0.536606324584565,-0.3045642904648172,-13.211265,-21.998798
592621,773,400,0.5475,R,0.3881278538812786,0.6118721461187214,0.3834196891191709,0.7004830917874396,87.3923076923077,106.12,10.646153846153846,,0.3768115942028985,0.2343839285714286,39.0,73.0,39.0,73.0,4.727387818712341,low,0.0682160168598524,Kyle Parker,R,0.027430548665348282,0.8499583039566131,1.5701313911108323,0.2626362691139878,-0.15569258382708423,24.508167,-6.555014
592622,774,299,0.5117056856187291,L,0.2287581699346405,0.7712418300653595,0.3333333333333333,0.7062937062937062,84.64888888888889,98.3,18.333333333333332,,0.5681818181818182,0.2131884057971014,7.0,62.0,7.0,62.0,4.248495242049359,low,-0.1517811059907834,Mark Payton,L,0.5140247556206862,0.3231799686688231,-0.2112553327478367,-0.026763837863447066,0.43302674083920756,8.037639,-7.7699656
592626,775,15401,0.4470488929290306,L,0.2508351488743645,0.7491648511256355,0.2727163893212019,0.6536606129398411,91.61505513146734,107.1,14.377862595419847,71.15522788203754,0.4841097083151937,0.3427663674762407,596.0,3192.0,596.0,3192.0,8.239857411018601,high,0.0767776992817615,Joc Pederson,L,-1.1685130415186435,0.10875767595596346,-0.023891012556995033,-1.3273949938310967,0.5591603319876987,6.846244,15.738885
592647,776,422,0.504739336492891,L,0.3098591549295775,0.6901408450704225,0.3227272727272727,0.7029702970297029,87.18550724637682,102.22,12.507246376811594,,0.5588235294117647,0.2807241379310344,26.0,90.0,26.0,90.0,4.762173934797756,low,-0.0928085470085469,Dalton Pompey,L,-0.3993189183483117,-0.061402453639390356,-0.2310602672712672,0.04284419601490384,0.4915400978749379,2.4285839,-7.664731
592656,777,515,0.4970873786407767,L,0.23828125,0.76171875,0.2964285714285714,0.7361702127659574,84.49444444444444,101.56,13.688888888888888,68.29230769230769,0.4204545454545454,0.2798368794326241,53.0,88.0,53.0,88.0,4.955827057601261,low,-0.0230257289879931,Henry Ramos,L,-0.4701547660419822,-0.2343789082020392,-0.42568234968352514,0.179784128343815,0.03811749359236339,-0.99367076,16.314465
592660,778,328,0.4969512195121951,R,0.2392638036809815,0.7607361963190185,0.3333333333333333,0.6818181818181818,89.05932203389831,103.9,9.677966101694915,,0.4137931034482758,0.2548690476190476,27.0,57.0,27.0,57.0,4.442651256490317,low,0.0859395711500974,Rangel Ravelo,R,-0.010435354322214409,-0.11339762429555171,0.14116629748523873,-0.3056908641571545,-0.0627928275361696,8.9935255,7.1496086
592662,779,867,0.4890426758938869,L,0.4198113207547169,0.5801886792452831,0.3414634146341463,0.6214442013129103,82.34587155963304,97.26,-3.807339449541285,,0.3981481481481481,0.1757939393939394,46.0,119.0,46.0,119.0,5.111987788356544,low,0.0114999999999999,Robbie Ray,L,0.51745719027738,-0.7432732643056699,1.1651586687876907,1.1963700657851908,0.5608704478764489,-21.968452,15.883749
592663,780,17496,0.4898262459990855,R,0.2101516919486581,0.7898483080513419,0.3006929455867318,0.6813528126078454,89.2932277104691,105.0,12.324425108763206,71.94849884526559,0.4289781714647263,0.3356141436464088,1110.0,3415.0,1110.0,3415.0,8.417593826193484,high,-0.0012781224855895,J. T. Realmuto,R,-0.5257420141450885,-0.06320176304512708,-0.36597314063782044,-1.1875760965226676,0.568615742124149,8.849038,8.201609
592669,781,12557,0.4777414987656287,R,0.2667111185197532,0.7332888814802467,0.3120715350223547,0.667863861809475,89.4551577955723,107.1,16.792746113989637,73.32072538860103,0.4997557401074743,0.3283478125969594,978.0,2245.0,978.0,2245.0,8.07837810362652,high,0.0484781254412213,Hunter Renfroe,R,-1.4007415457403323,0.03856605478063624,0.37364666765414845,-0.9493338288544496,0.834909813265431,15.244053,11.936774
592680,782,1258,0.4888712241653418,R,0.3121951219512195,0.6878048780487804,0.2952086553323029,0.6939443535188216,89.5784946236559,103.5,2.360215053763441,,0.4,0.2077788461538461,122.0,190.0,122.0,190.0,5.746203190540153,medium,0.060999913718723,Yadiel Rivera,R,-0.10291410402363,-0.029402611158371412,0.794771502659929,0.4313613427789837,-0.39167212008285573,-15.784088,2.7334738
592685,783,1136,0.4163732394366197,L,0.3382663847780126,0.6617336152219874,0.1778584392014519,0.6410256410256411,87.23389830508475,105.32,14.669491525423728,,0.5350877192982456,0.2893557312252964,38.0,215.0,38.0,215.0,5.537334267018537,low,-0.1306335373317013,Drew Robinson,L,-0.3607908952400819,0.6968331341086317,-0.22825473978804345,0.3901362040950826,0.06673833776829059,-0.67118955,-19.658165
592696,784,14411,0.5642911664700576,L,0.23413674372848,0.76586325627152,0.4062775746880121,0.7577956159308429,88.06050675675675,101.7,15.259121621621622,69.32083333333333,0.4786384161167072,0.3230862715678919,1001.0,2998.0,1001.0,2998.0,8.294049640102028,high,0.0321230887191527,Eddie Rosario,L,-0.01107550625463553,-0.5568048857192953,0.38263099972222003,-0.8568719438067123,1.8191557524918922,13.403219,23.818632
592710,785,1016,0.4409448818897638,R,0.2366071428571429,0.7633928571428571,0.2828947368421052,0.5696428571428571,88.04117647058823,101.86,4.627450980392157,,0.3642384105960264,0.28165625,72.0,184.0,72.0,184.0,5.54907608489522,low,0.042487922705314,Josh Rutledge,R,0.607665030079605,-0.4648737010603747,0.3486724658781679,0.17002276716588643,-0.2820367581997933,-9.492002,-3.8746758
592731,786,250,0.452,R,0.3716814159292035,0.6283185840707964,0.3216783216783216,0.6261682242990654,89.92424242424242,102.98,7.151515151515151,,0.3636363636363636,0.3171612903225806,18.0,44.0,18.0,44.0,4.143134726391533,low,0.1647929292929293,Steve Selsky,R,0.17222999281037163,0.29555286953124876,0.17303410537408093,0.13671109305946463,-0.025314395620148703,14.315172,-2.742648
592741,787,20,0.25,L,0.8,0.2,0.1666666666666666,0.375,94.5,94.5,-13.0,,0.0,0.69,0.0,1.0,0.0,1.0,0.6931471805599453,low,,Chasen Shreve,L,0.15391397077012198,0.08378047039590923,0.02342187465278754,0.04692789979420317,-0.006268669341630875,2.9486818,-4.5548186
592743,788,11400,0.4612280701754386,R,0.1285659946747812,0.8714340053252188,0.2670147954743255,0.6585322723253758,86.53083875632682,101.3,6.069027827972533,,0.4402397901835894,0.2979769367238321,906.0,2476.0,906.0,2476.0,8.12651816878071,high,0.0050684941888041,Andrelton Simmons,R,0.30267879439703443,-1.2317787831804445,-0.9173463145759864,-0.7932086749814825,0.004356022415644613,2.3286173,10.30159
592769,789,4,0.75,L,0.3333333333333333,0.6666666666666666,0.6666666666666666,1.0,,,,,,0.0,0.0,1.0,0.0,1.0,0.6931471805599453,low,,D. J. Snelten,L,0.06317205437686872,-0.04392410967879739,0.1046575971093702,-0.015602778701593123,0.15466741195567268,7.0624466,0.51945996
592774,790,49,0.5714285714285714,L,0.2142857142857143,0.7857142857142857,0.25,0.88,94.9,100.04,4.0,,0.2857142857142857,0.3899,1.0,9.0,1.0,9.0,2.3978952727983707,low,0.4332222222222222,Cody Stanley,L,0.3260534844181188,0.07901082669076058,0.26912471266066434,-0.10451004026846544,0.1771073102952165,10.879149,-4.6414075
592789,791,910,0.4901098901098901,L,0.5448430493273543,0.4551569506726457,0.35030549898167,0.6539379474940334,89.91842105263159,106.5,17.44736842105263,,0.4305555555555556,0.2020088495575221,49.0,177.0,49.0,177.0,5.424950017481403,low,0.1077345785771935,Noah Syndergaard,L,-0.556717783917917,0.38503701049191696,0.20707371930797763,2.001507740267323,0.6537320905023581,-26.79915,14.9394045
592791,792,465,0.4709677419354838,R,0.3013698630136986,0.6986301369863014,0.3367875647668393,0.5661764705882353,83.225,99.33,-6.458333333333333,,0.2835820895522388,0.0789137931034482,15.0,43.0,15.0,43.0,4.07753744390572,low,-0.0443953488372093,Jameson Taillon,R,-0.3551819155214779,-1.1800857527482653,0.21222854126064897,0.7407975590439018,-1.0535325213975402,-19.634832,22.00835
592808,793,866,0.5496535796766744,L,0.2184873949579832,0.7815126050420168,0.3534303534303534,0.7948051948051948,87.7731843575419,102.94,6.910614525139665,,0.4219653179190751,0.3348495934959349,24.0,222.0,24.0,222.0,5.5093883366279774,low,0.0419876126126125,Andrew Toles,L,0.5051695050291244,0.1201653108328093,1.161142294689944,-0.08274554387261336,0.27059879436027057,15.443193,0.99099356
592835,794,98,0.6020408163265306,L,0.3220338983050848,0.6779661016949152,0.4107142857142857,0.8571428571428571,84.0529411764706,100.04,10.529411764705882,,0.7647058823529411,0.226875,4.0,20.0,4.0,20.0,3.218875824868201,low,0.27225,Kyle Waldrop,L,0.11468038582011544,-0.03399179942464711,0.23276985953942952,0.21313527685025913,0.48327467724276746,-6.2999115,16.240942
592836,795,423,0.4633569739952718,R,0.3520408163265306,0.6479591836734694,0.3241758241758242,0.5684647302904564,84.4509090909091,99.14,-4.6,,0.3214285714285714,0.1812156862745098,22.0,80.0,22.0,80.0,4.634728988229636,low,-0.1293977272727272,Taijuan Walker,R,-0.6013494785570964,-0.848017653226068,0.16460479467585745,0.719912371697099,-0.13390403875206697,-17.49949,19.45022
592859,796,1935,0.4713178294573643,L,0.2675438596491228,0.7324561403508771,0.3266932270916334,0.6272824919441461,85.87508532423209,99.58,10.358361774744028,,0.4791666666666667,0.2628927835051546,154.0,331.0,154.0,331.0,6.186208623900494,medium,0.0827535998744458,Stevie Wilkerson,L,0.7682893284099649,-0.40883262369103796,0.42162766922821426,0.13432226112901732,-0.24240214276739414,-9.400122,9.138707
592863,797,1041,0.499519692603266,L,0.2269230769230769,0.7730769230769231,0.3044315992292871,0.6934865900383141,87.59692307692309,100.76,9.564102564102564,,0.4619565217391304,0.2913908450704225,54.0,230.0,54.0,230.0,5.652489180268651,low,0.035376650563607,Mason Williams,L,0.6011422035570021,-0.2359068995979451,0.5460302103950203,-0.21970932230340934,0.35064389462741796,10.656322,3.0785553
592866,798,599,0.3772954924874791,R,0.2035398230088495,0.7964601769911505,0.2015810276679842,0.5057803468208093,81.95764705882353,95.1,-3.623529411764706,,0.1818181818181818,0.1284444444444444,7.0,38.0,7.0,38.0,3.828641396489095,low,-0.035375939849624,Trevor Williams,R,0.31681314974542596,-0.8953099881320359,0.1658596261848507,0.6197001052213843,-0.9178274439123095,-19.122877,22.36974
592885,799,20868,0.425531914893617,L,0.2305180180180179,0.769481981981982,0.2314921535597127,0.6537699447283345,91.9765009096422,107.63,4.337174044875682,72.08940397350993,0.4068111455108359,0.3654201730239874,1425.0,3661.0,1425.0,3661.0,8.534443544822764,high,0.0411494673586451,Christian Yelich,L,-0.9031879346157529,0.22867491595571274,-0.041542734750374635,-0.4564351983011151,-1.8075519527683481,-9.357205,2.128935
593160,800,16815,0.4951531370799881,R,0.1728320922411722,0.8271679077588278,0.3036581034686871,0.6884560229445507,86.86108531630876,100.2,15.211611030478956,63.64140127388535,0.3597633136094674,0.3219517271922055,1171.0,3345.0,1171.0,3345.0,8.415603335654604,high,0.0197317601886139,Whit Merrifield,R,1.0636534605382046,0.0769338443741158,-0.8575849385836439,-0.5806510106787248,-0.16071602837822205,1.4229057,-14.154578
593372,801,799,0.5619524405506884,R,0.3006681514476614,0.6993318485523385,0.4758269720101781,0.645320197044335,83.92260273972603,100.85,-6.116438356164384,,0.3453237410071942,0.1896612021857923,45.0,138.0,45.0,138.0,5.214935757608986,low,0.038935265700483,Carlos Martínez,R,0.47937679750083295,-1.0123567815598962,0.9054653746759247,0.8815466515299987,0.7632405806552042,-19.546047,15.949239
593428,802,21692,0.4426516688179974,R,0.199437617163091,0.800562382836909,0.2922687861271676,0.5994350282485875,88.85198565206251,104.8,10.147247119078106,68.72008639308855,0.4290212542639727,0.3558891982182628,1349.0,4039.0,1349.0,4039.0,8.592115117933497,high,0.024120137958096,Xander Bogaerts,R,-0.6537195091319652,-1.1833308722149154,-1.0326964340943097,-1.1650358612958156,-0.28210745554425704,9.317407,26.249868
593495,803,1089,0.5298438934802571,R,0.1542461005199307,0.8457538994800693,0.427255985267035,0.6318681318681318,82.53946188340807,96.1,5.614349775784754,,0.3379629629629629,0.2208220640569395,105.0,176.0,105.0,176.0,5.641907070938114,low,0.1104640692640692,Daniel Castro,R,1.22265085517407,-1.5697268145490106,0.10855902731340018,-0.0495469292426462,0.041583379471301314,-14.827196,10.410904
593523,804,969,0.5758513931888545,L,0.3082437275985663,0.6917562724014337,0.4057692307692307,0.7728285077951003,86.01189189189189,99.72,4.681081081081081,,0.3681318681318681,0.2800925925925926,78.0,192.0,78.0,192.0,5.602118820879701,low,-0.0691185897435897,Marco Hernández,L,0.23703547398219685,-0.7668895255070414,1.0827877076508134,-0.12678925272664032,0.1930832779932009,9.070193,21.969818
593525,805,197,0.4974619289340101,R,0.3061224489795918,0.6938775510204082,0.217391304347826,0.7428571428571429,86.15405405405404,105.34,14.972972972972974,,0.3823529411764705,0.1504035087719298,16.0,41.0,16.0,41.0,4.060443010546419,low,-0.0258460365853658,Orlando Calixte,R,-0.19107151670069072,-0.18861313354042417,0.16873699799130104,0.06876052178494377,-0.32925978229453967,2.6053002,6.7480845
593527,806,419,0.477326968973747,L,0.145,0.855,0.2886597938144329,0.64,80.83372093023256,97.4,9.709302325581396,,0.4285714285714285,0.2389166666666666,35.0,73.0,35.0,73.0,4.6913478822291435,low,-0.0032935420743639,Ramón Torres,L,1.2364156342990607,-0.9865230290026604,0.2696865948464628,0.1534575840726765,0.09297972631117055,-15.637123,10.4700365
593528,807,3282,0.5060938452163315,R,0.291992775436484,0.708007224563516,0.2535460992907801,0.7748427672955975,86.43110236220473,103.5,16.59251968503937,,0.4244306418219462,0.3060550795593635,241.0,576.0,241.0,576.0,6.706862336602747,medium,0.0260004754495158,Jorge Bonifacio,R,-0.09767846877096865,0.991389760619893,-0.031204023745554317,0.1904432843207684,0.02759132000124893,6.867231,-23.147312
593590,808,279,0.4659498207885305,R,0.2076923076923077,0.7923076923076923,0.3154362416107382,0.6384615384615384,86.62549019607843,102.7,10.215686274509803,,0.3725490196078431,0.2855657894736842,26.0,50.0,26.0,50.0,4.343805421853684,low,0.0573092307692307,Webster Rivas,R,0.25936482185656656,-0.28593443178850586,-0.051225256342606544,-0.3534713756494823,-0.26433913250840896,3.8050282,4.9005837
593643,809,4639,0.6055184306962708,R,0.1648273406906372,0.8351726593093628,0.4700328407224959,0.7553336359509759,83.86468590831919,98.83,12.916808149405773,,0.4469178082191781,0.2884427690198766,591.0,868.0,591.0,868.0,7.286191714702382,high,0.0867807434092025,Hanser Alberto,R,0.8614138622663315,-1.5357617144172306,-0.025619417664648696,-0.11747738943923179,1.940777122964887,-16.28434,14.368947
593647,810,803,0.5367372353673724,L,0.2621809744779582,0.7378190255220418,0.4018912529550827,0.6868421052631579,87.26824324324325,105.12,11.033783783783784,,0.410958904109589,0.2265321100917431,32.0,186.0,32.0,186.0,5.389071729816501,low,0.1114915994623655,Sócrates Brito,L,0.549553134074751,-0.6286675149984008,0.6765170466142245,-0.026680462232345947,0.4582599303777788,10.990389,21.315948
593700,811,2220,0.5306306306306307,L,0.2580645161290322,0.7419354838709677,0.3248868778280543,0.7345291479820628,83.92122641509434,99.84,12.35377358490566,,0.5109489051094891,0.2700226171243942,142.0,477.0,142.0,477.0,6.429719478039138,medium,0.0630863082056279,Alen Hanson,L,0.2853483041758699,-0.2978251363925538,-0.2989799765880275,0.739857895646344,0.22959370683997252,-5.2612925,16.025288
593871,812,13896,0.4443724812895797,L,0.1778137651821862,0.8221862348178137,0.2621520565018695,0.641498127340824,87.51537535126455,102.5,18.48293857888398,69.16675392670157,0.4660392798690671,0.3338249071693802,1080.0,2421.0,1080.0,2421.0,8.161089512845797,high,0.0329909541511771,Jorge Polanco,L,0.08583616283222327,0.279961071589172,-1.5052659248678009,-0.7956587875995876,0.26788340778936404,19.812931,22.226082
593934,813,12005,0.4399833402748854,R,0.3627413858386974,0.6372586141613026,0.2551020408163265,0.6559508759255914,93.1312629399586,109.6,16.296756383712907,,0.4678571428571428,0.3424699894699894,767.0,2082.0,767.0,2082.0,7.955074273262696,high,-0.0016333006448768,Miguel Sanó,R,-1.040765246910677,1.340510110138527,0.04326620958054634,0.16994880780244312,0.12128483726171647,-3.0975134,-23.608461
593993,814,496,0.5604838709677419,R,0.3165467625899281,0.6834532374100719,0.4259259259259259,0.7212389380530974,86.77764705882353,103.28,10.56470588235294,,0.5,0.2982781954887218,58.0,75.0,58.0,75.0,4.897839799950911,low,0.1560797701149426,José Briceño,R,0.016043712987956406,-0.060818537302192575,0.7782656697863628,0.46852079589950163,1.0994163834912567,-13.861844,13.296525
594011,815,1600,0.446875,L,0.2391608391608392,0.7608391608391608,0.2332155477031802,0.6884154460719041,87.49096989966554,101.92,4.762541806020067,,0.4745762711864407,0.2654617224880383,133.0,285.0,133.0,285.0,6.037870919922137,medium,0.0774511278195488,Rosell Herrera,L,0.029822846385175954,-0.15637838496341558,0.014555055478279136,0.5132642262356573,-0.5425489139261751,-5.77965,1.145306
594555,816,11,0.3636363636363636,L,0.5,0.5,0.2,0.5,85.4,85.4,33.0,,0.0,0.0,0.0,4.0,0.0,4.0,1.6094379124341005,low,,Garin Cecchini,L,-0.08098040085430389,0.02478686213270507,-0.1374579181424947,0.08259492763176038,-0.03908281682243568,-2.6866314,-5.8462644
594576,817,175,0.4685714285714286,L,0.3048780487804878,0.6951219512195121,0.2705882352941176,0.6555555555555556,76.59473684210526,94.68,-2.8947368421052633,,0.631578947368421,0.1139,11.0,29.0,11.0,29.0,3.713572066704308,low,-0.0397617554858934,Jacob May,L,0.8215024041000278,0.2893107085620629,0.3123370298195608,0.5726364655061511,-0.19501010793884424,13.791656,-9.057633
594694,818,4907,0.5066231913592827,L,0.2373290426387772,0.7626709573612228,0.3039215686274509,0.7259227831989817,84.0129213483146,99.71,10.229213483146069,,0.43557582668187,0.2870702028081123,314.0,968.0,314.0,968.0,7.1569563646156364,medium,0.0247036703163657,Wilmer Difo,L,0.4581456645141167,-0.40766873080375515,-0.21987778691321078,0.49861868235081563,0.1755858494759174,-13.053793,6.6109786
594760,819,73,0.3424657534246575,R,0.4,0.6,0.2962962962962963,0.3695652173913043,86.95833333333333,106.48,-2.8333333333333335,,0.1666666666666666,0.7849999999999999,2.0,0.0,2.0,0.0,1.0986122886681098,low,,Aaron Blair,R,-0.06128853016943143,0.01082353269102983,0.06593613148650736,-0.07246593318620166,-0.07763013833330407,3.661862,0.45149928
594772,820,20,0.3,R,0.1666666666666666,0.8333333333333334,0.2,0.4,74.3,74.3,15.0,,1.0,0.0,0.0,1.0,0.0,1.0,0.6931471805599453,low,,Jake Buchanan,R,-0.034073160700933025,-0.03076579410885557,-0.05400484740736458,0.08018382489428535,-0.044993638727630986,-1.6667625,-3.614875
594777,821,16075,0.4919440124416796,L,0.2738998482549317,0.7261001517450683,0.2814018043025676,0.7369767128819491,88.85101375814627,103.6,14.076811594202898,67.77246835443037,0.5014803849000741,0.3122646918299092,1178.0,3008.0,1178.0,3008.0,8.339739766019143,high,0.0156124042733807,Kole Calhoun,L,-0.12740671061222814,1.2839457148926667,-0.3043306334889789,-0.1534764895358555,0.014743768450616035,8.639697,-28.93387
594798,822,1170,0.5316239316239316,L,0.292604501607717,0.707395498392283,0.3643926788685524,0.7082601054481547,84.52201834862385,98.76,4.1422018348623855,,0.431924882629108,0.20481875,72.0,248.0,72.0,248.0,5.771441123130016,low,0.082418458781362,Jacob Degrom,L,-0.3292777056673131,-0.4717112117553698,0.2549910277387253,1.1031977508294015,0.21044664217639283,-18.484625,16.206537
594807,823,12638,0.4930368729229308,R,0.2623976889744824,0.7376023110255175,0.3294403154861216,0.6714640198511166,88.62557692307693,104.8,22.64134615384615,70.57455470737914,0.4977556109725686,0.3231935288781372,839.0,2468.0,839.0,2468.0,8.104099056143582,high,0.0066576406851561,Adam Duvall,R,-0.43699014584183893,0.17829320742376786,-0.01098007291278276,-0.31825026428164455,1.4766215725589418,22.11909,-7.4530325
594809,824,11591,0.4467259080320939,L,0.1695635380455774,0.8304364619544226,0.2767797737857618,0.6298619824341279,88.23476738369185,102.8,8.644144144144144,,0.3672079622839183,0.3362158322056833,666.0,2290.0,666.0,2290.0,7.991930519852477,high,0.056290145167001,Adam Eaton,L,1.8595799411514018,-0.10058577958873587,1.3108308159134707,-0.5376577690617002,-1.1843000064005162,15.878908,-6.212075
594824,825,5140,0.3733463035019455,L,0.1578947368421053,0.8421052631578947,0.1645817044566067,0.5801704105344694,84.91215189873418,100.4,7.6645569620253164,,0.3735558408215661,0.3110615627466456,171.0,1096.0,171.0,1096.0,7.145196134997171,medium,0.0791133201007384,Greg Garcia,L,0.5114211542458478,-0.296436092322249,-0.5246329185956458,0.8666809840791809,-1.0890309638181548,-14.7646055,-15.11876
594828,826,6806,0.4786952688803996,R,0.2295887047268262,0.7704112952731738,0.3217690677966102,0.6742574257425743,88.51796226415095,105.0,14.073962264150945,,0.4625302175664786,0.3242928265524625,620.0,1248.0,620.0,1248.0,7.533158807455563,high,0.0022173025227461,Evan Gattis,R,-0.8082684872412852,-0.5289695691699938,-0.2663853462851981,-0.4949631407100565,1.035620306785237,3.0535276,19.632793
594838,827,4014,0.4392127553562531,R,0.2030629608621668,0.7969370391378332,0.3015099853872381,0.5833758286588475,86.86256830601093,102.2,10.385245901639344,,0.3112033195020747,0.2883745247148289,405.0,647.0,405.0,647.0,6.959398512133975,medium,0.0273375770412349,Philip Gosselin,R,0.7514158863799483,-0.2184840610502411,-0.09406112094356768,-0.44206314930245977,-0.7265209108836603,12.743343,-5.213712
594940,828,141,0.3971631205673759,L,0.3571428571428571,0.6428571428571429,0.2073170731707317,0.6610169491525424,91.425,100.95,3.4375,,0.5333333333333333,0.2144193548387097,4.0,27.0,4.0,27.0,3.4657359027997265,low,0.2461851851851852,Daniel Muno,L,0.43442555040863046,0.2718284848128563,-0.1363022505548103,0.3546773101058127,-0.04836650879914647,-10.895699,-11.868759
594953,829,2218,0.4941388638412984,L,0.3448905109489051,0.6551094890510949,0.3162321278385198,0.6997084548104956,91.53173076923078,110.09,12.112540192926046,,0.495049504950495,0.3023283858998145,94.0,445.0,94.0,445.0,6.29156913955832,low,0.078986349509921,Daniel Palka,L,-1.569594104891946,-0.03142380329960691,0.7646026459289639,0.3542765368424342,0.19914195875380294,1.5324749,20.802534
594987,830,13,0.6153846153846154,R,0.0,1.0,0.3333333333333333,0.8571428571428571,87.775,90.02,-4.75,,0.25,0.0,2.0,1.0,2.0,1.0,1.3862943611198906,low,0.0,Casey Sadler,R,-0.04538110853952109,-0.16362831485115795,0.08241686892151667,0.006407076932119599,-0.057245575398409465,2.4024496,4.6959295
594988,831,5082,0.5318772136953955,L,0.2837587865334813,0.7162412134665187,0.3270690278279725,0.7766738660907128,89.40754923413567,106.4,9.421686746987952,,0.5023094688221709,0.3205698005698005,343.0,1061.0,343.0,1061.0,7.247792581767846,medium,0.0165793533247417,Scott Schebler,L,-1.3429050313705457,-0.018062114126380372,0.5903749533716987,0.16549571943205488,-0.12306973810254052,-9.495414,15.418543
594992,832,13,0.5384615384615384,R,0.2857142857142857,0.7142857142857143,0.2,0.75,78.1,84.66,-13.5,,0.5,0.0,1.0,0.0,1.0,0.0,0.6931471805599453,low,,Kevin Shackelford,R,0.03798764524057928,0.08404270767268787,0.14768566150640253,-0.007166018079073636,0.10071302736102182,5.3905973,-2.8041594
595005,833,188,0.4734042553191489,R,0.2471910112359551,0.7528089887640449,0.3125,0.6413043478260869,86.64571428571428,101.68,9.628571428571428,,0.4,0.2234799999999999,28.0,22.0,28.0,22.0,3.9318256327243257,low,-0.0142402597402597,Ryan Strausborger,R,0.10562215386068437,-0.08455240809596007,0.20093382177200564,-0.18767113203593933,0.16487486126523757,13.526817,3.1849654
595023,834,295,0.3322033898305084,L,0.2959183673469387,0.7040816326530612,0.1513157894736842,0.5244755244755245,85.53200000000001,99.88,9.36,,0.5217391304347826,0.2374920634920634,18.0,45.0,18.0,45.0,4.1588830833596715,low,-0.0998,Colin Walsh,L,-0.19850258586796077,0.4402072910263863,-0.028772814398549174,1.2126585204027205,-0.5291013201783544,-7.6026654,-20.015833
595025,835,132,0.5606060606060606,L,0.3783783783783784,0.6216216216216216,0.4,0.7719298245614035,82.61764705882354,100.24,17.529411764705884,,0.3529411764705882,0.1006857142857142,15.0,20.0,15.0,20.0,3.58351893845611,low,-0.0293666666666666,Zach Walters,L,0.26636928693291034,0.19173583232051183,0.6985967785906548,0.5143330394031318,0.4633529531783904,-9.812328,17.167221
595144,836,649,0.4283513097072419,L,0.2194244604316546,0.7805755395683454,0.2470588235294117,0.627831715210356,87.10970873786407,101.04,7.165048543689321,,0.4183673469387755,0.3051304347826087,19.0,142.0,19.0,142.0,5.087596335232384,low,0.1476019273535952,Jaycob Brugman,L,0.8343133005973503,-0.06526330151966235,0.1326424795431235,0.24287443080074833,-0.3486902332350387,-14.405575,-5.4045696
595191,837,395,0.549367088607595,R,0.2580645161290322,0.7419354838709677,0.4358974358974359,0.66,84.3375,100.32,-0.825,,0.5,0.1397936507936508,13.0,50.0,13.0,50.0,4.1588830833596715,low,-0.0910415384615384,Jerad Eickhoff,R,-0.1836272884232628,-0.6161596451135747,-0.29268163010885095,0.3406335495177542,1.1150518910763347,-13.066393,14.736436
595222,838,306,0.4869281045751634,L,0.4496644295302013,0.5503355704697986,0.2810457516339869,0.6928104575163399,87.33548387096775,102.4,16.806451612903224,,0.4137931034482758,0.1266301369863013,12.0,61.0,12.0,61.0,4.30406509320417,low,0.0827295081967213,Mike Gerber,L,0.08227308721806613,0.7005899419333894,1.00535146420972,0.5556307905211634,0.18545093097109067,15.135523,-14.15569
595238,839,69,0.5507246376811594,L,0.2894736842105263,0.7105263157894737,0.3125,0.7567567567567568,85.65,100.9,5.125,,0.625,0.1867,2.0,18.0,2.0,18.0,3.044522437723423,low,0.2074444444444444,Jacob Hannemann,L,0.549192748232133,0.22654901469516145,0.7059231076218465,0.11896179531576823,0.16266052362683753,15.005673,-10.191122
595281,840,12722,0.4969344442697689,L,0.2522935779816514,0.7477064220183486,0.2949510173323285,0.7171020206998522,87.37787878787879,103.81,7.089494163424124,68.16809210526316,0.4589285714285714,0.3072968888888889,921.0,2454.0,921.0,2454.0,8.124446855715847,high,0.0138866067233181,Kevin Kiermaier,L,-0.27176326085974,-0.21809636741640775,0.2802236240291357,-0.1717966587652764,-0.2523609752893705,-5.8831177,3.5188425
595284,841,3456,0.4826388888888889,L,0.3039568345323741,0.6960431654676259,0.2579726651480638,0.7147058823529412,87.89957081545064,102.3,11.452789699570816,,0.4776785714285714,0.2776469221835075,189.0,672.0,189.0,672.0,6.759255270663693,medium,0.0289011243386242,Andrew Knapp,L,-0.22350827544467505,0.20102410399618162,-0.03308714520657978,0.542117949444638,0.18927457739390555,-5.8658843,2.1540868
595373,842,171,0.4327485380116959,R,0.3243243243243243,0.6756756756756757,0.2125,0.6263736263736264,84.54782608695652,97.98,8.043478260869565,,0.3333333333333333,0.1962499999999999,6.0,34.0,6.0,34.0,3.713572066704308,low,0.0769607843137255,Jack Reinheimer,R,-0.036475004453273556,0.06962493391574867,-0.4318767353803531,0.4759599113566893,-0.14980141762798171,-7.916428,-13.5241785
595375,843,2873,0.5186216498433693,L,0.2295302013422818,0.7704697986577181,0.3308270676691729,0.7134751773049646,87.29249563699825,101.68,7.543706293706293,,0.4928571428571429,0.2627601522842639,172.0,616.0,172.0,616.0,6.670766320845874,medium,0.0145604047115675,Jt Riddle,L,0.4071360210386792,-0.4737853249951332,0.3071409479645349,-0.44274497383871175,0.25367216923889097,8.780405,2.7959604
595386,844,828,0.3985507246376811,R,0.2121212121212121,0.7878787878787878,0.2562358276643991,0.5607235142118863,90.3423076923077,103.73,5.707692307692308,,0.4436090225563909,0.3356584158415841,97.0,105.0,97.0,105.0,5.313205979041787,low,-0.0179066273932252,Jason Rogers,R,-0.03690445573410947,0.30498799108514607,-0.7012993362816461,-0.09489728405128582,-0.6827367431545006,-5.792787,-8.323399
595426,845,406,0.4211822660098522,L,0.1403508771929824,0.8596491228070176,0.2184466019417475,0.63,87.5125,101.4,14.25,,0.3962264150943396,0.2589777777777777,15.0,75.0,15.0,75.0,4.51085950651685,low,0.1851733333333333,Brock Stassi,L,0.2699760775266028,0.041876783499535566,-0.4237644523308827,-0.15985423283067104,-0.30795030431259474,-7.400511,-2.7338352
595453,846,1781,0.4879281302638967,R,0.332566168009206,0.667433831990794,0.2998897464167585,0.683066361556064,87.4,103.5,14.048979591836735,72.27413793103447,0.3692946058091286,0.2595319634703196,142.0,296.0,142.0,296.0,6.0844994130751715,medium,0.0990529120669965,Chad Wallach,R,-0.6079237228140997,0.373078483516452,-0.2348418433945317,0.7576125905583893,0.3516087478835554,-13.403428,3.6640813
595751,847,6125,0.6088163265306122,R,0.3596138374899437,0.6403861625100563,0.4523308270676692,0.7946428571428571,90.2751737835154,109.2,5.0139026812313805,73.844,0.3269424823410696,0.2987735294117647,455.0,1245.0,455.0,1245.0,7.438971592395862,high,0.0180302308133633,Jorge Alfaro,R,-0.8856665798796819,-0.4138858386884879,2.263095612136497,0.2107270862692177,-0.0639807281529633,17.746458,18.027008
595777,848,13356,0.4520814615154238,L,0.1765485260019874,0.8234514739980126,0.2584745762711864,0.6555589680589681,86.76497872340425,102.0,12.778486394557824,69.37316176470588,0.4637429439861051,0.3120918273645546,892.0,2375.0,892.0,2375.0,8.091933455979893,high,-0.0043427736606088,Jurickson Profar,L,0.7244494661875098,0.17055840077343812,-0.6707182609531044,-0.8044609471518012,-0.244842167835612,5.842646,-7.5031047
595798,849,9,0.3333333333333333,R,0.3333333333333333,0.6666666666666666,0.0,0.5,83.7,83.7,14.0,,0.0,0.0,0.0,1.0,0.0,1.0,0.6931471805599453,low,,R. J. Alaniz,R,-0.0621506315573052,0.012252401922242884,0.06244893207807246,0.0989958725071482,-0.02115798184975306,-1.5541854,-3.237302
595879,850,14962,0.5542039834246758,R,0.3318861553304389,0.668113844669561,0.4325667398590084,0.7210334442859407,89.19907918968693,106.0,10.03609576427256,72.66176470588235,0.4276563677467973,0.3184885922330097,1017.0,3103.0,1017.0,3103.0,8.323851131338817,high,0.0548633840249119,Javier Báez,R,-0.9039454530134771,-0.6530849832194318,1.8429868154771085,-0.43855869386490437,0.7103737802544626,12.379231,18.396267
595881,851,162,0.3950617283950617,R,0.453125,0.546875,0.189873417721519,0.5903614457831325,81.69333333333334,94.04,6.066666666666666,,0.4666666666666667,0.0,2.0,0.0,2.0,0.0,1.0986122886681098,low,,Tyler Beede,R,-0.03657257671370114,0.07638748538064749,0.045542945190788636,0.12067876583206413,-0.013501617072862723,-0.8024084,-4.964017
595885,852,2956,0.4465493910690122,L,0.2545454545454545,0.7454545454545455,0.2408854166666666,0.6690140845070423,89.5888625592417,102.79,19.734597156398102,,0.5052631578947369,0.3128226037195994,159.0,540.0,159.0,540.0,6.551080335043404,medium,-0.0475134870719776,Greg Bird,L,-0.3322683537027447,0.5738420038846836,-0.6448530433401786,-0.07043078317929798,0.14857075209572335,5.2417126,-27.198011
595909,853,4876,0.4813371616078753,L,0.2974009373668512,0.7025990626331488,0.2925574030087094,0.6842553191489362,89.22313019390582,103.88,10.82409972299169,67.11333333333334,0.3804195804195804,0.2989801980198019,261.0,951.0,261.0,951.0,7.10085190894405,medium,0.0683945514098891,Jake Cave,L,-0.266248150033878,0.22121666237026633,0.3140102348976855,0.22177002403091967,-0.3964158177531767,-4.345687,2.7456248
595918,854,99,0.4444444444444444,R,0.25,0.75,0.2765957446808511,0.5961538461538461,79.54666666666667,99.2,11.266666666666667,,0.1666666666666666,0.0,1.0,1.0,1.0,1.0,1.0986122886681098,low,0.0,A. J. Cole,R,-0.1712474459926913,-0.10159644630076113,-0.11219853539359313,0.07897131252052218,0.07329917964738002,-3.951151,-2.500119
595943,855,1312,0.4504573170731707,R,0.2436548223350253,0.7563451776649747,0.25,0.676948051948052,87.0961038961039,105.5,7.259740259740259,,0.4229074889867841,0.2949176136363636,103.0,249.0,103.0,249.0,5.8664680569332965,low,0.0280601629820251,Phillip Evans,R,0.3442642053610093,0.4935744740530412,0.4569429240121489,0.18569802187374643,0.12610234662395903,5.463948,-11.5580225
595956,856,2350,0.4625531914893617,R,0.1803127874885004,0.8196872125114996,0.2706896551724138,0.6495798319327731,84.69080188679246,99.97,15.1438679245283,67.17070707070707,0.4278728606356968,0.2524737704918032,180.0,430.0,180.0,430.0,6.415096959171596,medium,-0.0422529715762273,Cam Gallagher,R,0.32213939426677723,-0.3868317263956551,-0.5521668963348499,-0.06915458056867728,0.5020653811072764,-6.948822,-7.343004
595963,857,897,0.4526198439241917,R,0.2339901477832512,0.7660098522167488,0.2671394799054373,0.6181434599156118,87.30754716981131,102.36,6.188679245283019,,0.3461538461538461,0.244206008583691,104.0,129.0,104.0,129.0,5.455321115357702,low,-0.0750342128801431,Tyler Goeddel,R,-0.19145231624328007,-0.01990897428605257,-0.14006873700761793,0.5305149157502224,-1.0990637193945747,-8.606197,0.16742578
595978,858,8244,0.5038816108685105,R,0.2845450168512277,0.7154549831487723,0.3268372857478281,0.693099121706399,86.47399135446686,102.6,17.434125269978402,66.64857142857143,0.4614809274495138,0.245883495145631,618.0,1545.0,618.0,1545.0,7.679713639966372,high,-0.0114537216828479,Austin Hedges,R,0.6328567891978166,0.5384207435120844,-0.14823836573103935,-0.112113109344146,0.9224587105400988,20.14902,-11.124644
595981,859,686,0.478134110787172,R,0.2926829268292683,0.7073170731707317,0.3333333333333333,0.6380368098159509,86.64594594594595,102.2,11.702702702702704,,0.3727272727272727,0.2507803468208092,88.0,85.0,88.0,85.0,5.159055299214529,low,-0.0413921122994652,Scott Heineman,R,-0.02269875223357643,-0.22611223976398107,-0.21803221855444926,0.3279694638165007,-0.4331730196305479,7.354863,9.254738
596012,860,378,0.5185185185185185,L,0.3316326530612244,0.6683673469387755,0.3581395348837209,0.7300613496932515,88.97333333333334,101.22,23.57777777777778,,0.4090909090909091,0.1817444444444444,11.0,79.0,11.0,79.0,4.51085950651685,low,0.1169470655926352,Kevin Kramer,L,-0.06920446327945781,0.3245640315752932,0.5668427801570987,0.6149136140840331,0.4067304992883994,22.017262,-15.782268
596019,861,20774,0.4803600654664484,L,0.1787754283996392,0.8212245716003608,0.2896857737933532,0.696742369746172,90.03295454545454,104.4,13.1350669022974,69.76132596685083,0.4558367768595041,0.3461221559119731,1669.0,3693.0,1669.0,3693.0,8.587278798982926,high,-0.0151292974563474,Francisco Lindor,L,0.478215078167806,0.04812443025730661,-0.25996315787041363,-1.7621361427962627,0.5088894280826618,9.46749,4.7374744
596056,862,581,0.4199655765920826,R,0.1229508196721311,0.8770491803278688,0.1284046692607003,0.6512345679012346,88.2309090909091,99.15,15.9,,0.4403669724770642,0.2717551020408163,49.0,98.0,49.0,98.0,4.997212273764115,low,0.0334591836734693,John Nogowski,R,0.011217699432112892,0.6233883064378211,-1.1376813415372657,0.47061012035321237,-0.5003121894827457,-8.056652,-15.980512
596059,863,14723,0.5002377232900903,L,0.2380176510522742,0.7619823489477258,0.336261777438248,0.6877274712476343,89.31065134099616,104.9,16.33448275862069,72.825,0.5174880763116058,0.3032738901429646,1164.0,2823.0,1164.0,2823.0,8.291045131081729,high,0.0089784803400637,Rougned Odor,L,0.4830466363631857,0.5457381515060682,0.09643532884189515,-0.6193594611302149,1.0268170334678035,22.558897,-11.166318
596082,864,1,1.0,R,0.0,1.0,,1.0,86.0,86.0,-20.0,,0.0,0.0,0.0,1.0,0.0,1.0,0.6931471805599453,low,,Jake Reed,R,0.01647123291346798,-0.0560601473167061,0.04395485371693001,-0.04467230474739626,-0.050508444336552015,2.4227264,2.1125193
596103,865,5909,0.4433914367913352,R,0.2755725190839695,0.7244274809160305,0.243261231281198,0.6504820936639119,88.46549773755656,104.37,5.85972850678733,72.17853107344634,0.3467741935483871,0.3274283783783783,784.0,696.0,784.0,696.0,7.300472814267799,high,0.0731916050903119,Austin Slater,R,-0.12600947926160835,0.41705686457890573,0.5922988754369152,0.15522882366814766,-1.3115142021875659,-13.365008,-2.3044176
596105,866,2200,0.4413636363636363,L,0.2605561277033985,0.7394438722966015,0.2537444933920705,0.6413145539906103,89.0576923076923,104.9,7.412820512820513,,0.4300791556728232,0.3091519434628975,143.0,423.0,143.0,423.0,6.340359303727752,medium,0.0473723156276347,Dwight Smith,L,-0.4458478000445577,-0.20166589342850175,-0.4819198079708093,0.08281530716200768,-0.720472381370756,-9.2823305,-9.24447
596115,867,14903,0.4874186405421727,R,0.2601872246696035,0.7398127753303965,0.2910148674854557,0.6993582589285714,90.31051024858264,106.0,17.654164849542084,69.54466019417475,0.4028841820639928,0.3523870179250407,1010.0,2672.0,1010.0,2672.0,8.211482916445066,high,0.0712069699709491,Trevor Story,R,-0.03495633409812462,0.7366415251936065,0.8242502479291643,-0.7870193770169276,0.35382438026914054,20.683214,-13.018966
596117,868,1216,0.4350328947368421,L,0.2268431001890358,0.7731568998109641,0.2935635792778649,0.5906735751295337,84.49141414141414,99.46,15.964646464646464,66.07589285714286,0.5279187817258884,0.2804786585365854,76.0,252.0,76.0,252.0,5.796057750765372,low,-0.1019283625730994,Garrett Stubbs,L,1.142854900343993,0.22446873268524942,-0.346686934488194,0.4135021542310357,0.545486863684561,4.7575717,-31.00799
596119,869,2721,0.4729878721058434,L,0.2362082362082361,0.7637917637917638,0.3029861616897305,0.6461424332344213,86.5,102.3,11.361363636363636,,0.4658823529411764,0.2887680115273775,180.0,514.0,180.0,514.0,6.543911845564792,medium,0.0758077388672719,Blake Swihart,L,0.17214947514973147,-0.2211731124650039,0.13962420394997918,0.4035294076343428,-0.08015037134022451,-8.28131,-8.033387
596129,870,8424,0.3387939221272554,L,0.2112824106517169,0.7887175893482831,0.196400449943757,0.4978637848705705,90.02608695652174,105.47,14.421195652173912,68.96532663316583,0.4523809523809524,0.3294371993586317,323.0,1548.0,323.0,1548.0,7.534762657037537,medium,0.1337612679098567,Dan Vogelbach,L,-1.107130307561568,-0.5675436833108245,-1.2728860816180956,-0.39347688819823984,-0.2817893501980715,-15.192932,21.222769
596142,871,11962,0.4450760742350777,R,0.2796769346356123,0.7203230653643877,0.2981862895788503,0.6202346041055719,90.6539393939394,108.66,15.609366391184572,71.2775,0.5240793201133145,0.3305696202531645,766.0,2157.0,766.0,2157.0,7.980707820869669,high,0.0094675868597111,Gary Sánchez,R,-0.20200233446140547,0.45349721677560073,-0.035113012298762396,-0.8699226097042766,0.8550379187788971,12.014452,-15.643028
596143,872,1379,0.4945612762871646,L,0.2126099706744868,0.7873900293255132,0.3480741797432239,0.6460176991150443,85.00362903225808,97.83,5.5,,0.4836065573770491,0.2403306010928961,115.0,251.0,115.0,251.0,5.905361848054571,medium,-0.0689393729430105,Luis Sardiñas,L,1.0422568999634512,-0.7479072648669517,0.34842422201027773,0.271566818337512,0.28788018121533665,-14.621679,7.963291
596144,873,4512,0.4924645390070922,R,0.225022502250225,0.774977497749775,0.297723292469352,0.6921005385996409,88.60558194774346,104.5,13.190023752969122,,0.4371108343711083,0.2934736842105263,336.0,823.0,336.0,823.0,7.05617528410041,medium,0.0611623560724411,Cheslor Cuthbert,R,0.14531169060931307,0.37761180521394083,-0.04737316504591792,-0.44733797620291366,-0.2881741947815105,9.203504,-4.346475
596146,874,14535,0.4516683866529067,L,0.191012947448591,0.808987052551409,0.2475418549030029,0.6708517620202596,89.67451636904762,106.0,14.70610119047619,70.7807453416149,0.5069444444444444,0.3231523834331857,997.0,2842.0,997.0,2842.0,8.253227645581772,high,0.0528291436589854,Max Kepler,L,-0.5012778037430542,0.28631125395623946,-0.46394763412006623,-0.4350630392941992,0.12155257154526125,5.618647,-11.05978
596451,875,2251,0.4482452243447357,L,0.3012884043607532,0.6987115956392468,0.2254025044722719,0.6681376875551632,87.54018987341773,103.45,10.939873417721518,,0.4870967741935484,0.2875488215488215,219.0,375.0,219.0,375.0,6.38856140554563,medium,0.0204848949771689,Roman Quinn,L,0.22363460483028522,0.8481737576857012,-0.33984543632990255,1.164767540034833,-0.24962373149717496,-11.272601,-21.276398
596748,876,12741,0.5091437092849855,R,0.2218282719284723,0.7781717280715277,0.3257938885560216,0.7109645507007419,88.45029629629629,106.0,11.033678756476684,,0.4595728451563692,0.3011257192174913,898.0,2578.0,898.0,2578.0,8.153925132007862,high,-0.0036844837506328,Maikel Franco,R,-1.614300999888913,-0.9325652710376945,-0.8431086780476459,-1.1021477660470014,0.42960482838274705,3.4507692,17.572666
596816,877,8,0.5,R,0.5,0.5,1.0,0.4285714285714285,,,,,,0.0,0.0,2.0,0.0,2.0,1.0986122886681098,low,,Roberto Gómez,R,-0.048407926498553626,-0.08652100752174494,-0.032002071410233666,0.04266727585581822,-0.05113549642806199,-1.8906486,-1.8725792
596825,878,776,0.4677835051546392,L,0.4214876033057851,0.5785123966942148,0.2857142857142857,0.6675675675675675,88.148,104.44,18.29,,0.5360824742268041,0.2437806122448979,42.0,154.0,42.0,154.0,5.2832037287379885,low,-0.0537337662337662,Robel García,L,-0.3077361655014198,0.5442811457779908,-0.31169030719873836,0.9186035104620435,0.7913575725569097,-11.021868,-22.020983
596847,879,7748,0.4238513164687661,L,0.273142509135201,0.726857490864799,0.2028668610301263,0.674284140969163,91.23841240875912,105.4,12.66058394160584,69.6562962962963,0.4663594470046083,0.3294825327510917,301.0,1531.0,301.0,1531.0,7.513709247839705,medium,0.0822525481141677,Ji Man Choi,L,0.3542752446174547,1.4651692066649962,0.4156058480095358,-0.3199890684399317,-0.6765455021011317,12.847602,-13.834801
598265,880,14208,0.4696649774774775,L,0.2820320695339428,0.7179679304660572,0.2653635213050204,0.6743694518810766,89.6066381156317,103.9,9.32933618843683,,0.4973591549295774,0.3043380049464139,975.0,2664.0,975.0,2664.0,8.199738960630786,high,0.0137181288981289,Jackie Bradley,L,-0.0291216867673172,0.8113924730711494,0.4154444213941983,-1.035669975236536,-0.23117843726252166,22.512472,1.1004101
598284,881,810,0.4975308641975308,R,0.3598014888337468,0.6401985111662531,0.3028846153846153,0.7030456852791879,89.81834862385321,106.66,14.963302752293576,,0.5384615384615384,0.298959595959596,55.0,143.0,55.0,143.0,5.293304824724492,low,0.0447916083916083,Peter O'Brien,R,-0.7616006654351687,0.6031508800888334,0.040710280312144874,0.404120063226279,0.4165181413014687,-3.1838923,-23.494345
599096,882,861,0.4401858304297328,R,0.2744063324538258,0.7255936675461742,0.2217090069284064,0.6612149532710281,85.53214285714286,101.89,20.241071428571427,,0.4537037037037037,0.2916731707317073,65.0,140.0,65.0,140.0,5.327876168789581,low,0.0180274725274725,Dilson Herrera,R,0.020469925469402128,0.5117859738779009,-0.24622018110176805,0.503977360157078,0.32707735256226306,4.414315,-16.00176
600301,883,2122,0.4528746465598492,R,0.210197710718002,0.7898022892819979,0.249757045675413,0.6440988106129918,86.47976878612717,103.85,13.046242774566474,70.23783783783783,0.5222551928783383,0.2454640151515151,179.0,349.0,179.0,349.0,6.270988431858299,medium,0.0025773398857069,Taylor Motter,R,0.17930347664715762,0.37933265881151157,-0.6079599634959933,0.07539841437477747,-0.06413877437617395,-5.4855504,-12.012157
600303,884,6435,0.4186480186480186,L,0.1299183370452857,0.8700816629547142,0.2338292367399741,0.5895901884534849,87.93376413570275,100.9,13.79886914378029,,0.4848236259228876,0.3264695431472081,259.0,1317.0,259.0,1317.0,7.3632795869630385,medium,0.0519997420134094,Tommy La Stella,L,1.2135643617800258,-0.0996112405792733,-1.22944663852664,-1.0994525546712395,-0.2663896627230443,-16.500862,-6.890643
600466,885,83,0.5662650602409639,R,0.4893617021276596,0.5106382978723404,0.4285714285714285,0.7073170731707317,82.26428571428572,98.03,8.285714285714286,,0.5,0.1591363636363636,6.0,16.0,6.0,16.0,3.1354942159291497,low,0.1831458333333333,Raudy Read,R,-0.38845660454784775,-0.3666319598031818,0.01007903947804088,0.2709024268066274,0.12558753844395185,-3.3103886,11.938273
600474,886,4982,0.4664793255720594,R,0.2478485370051635,0.7521514629948365,0.2765793528505393,0.6730930427493713,87.06654456654456,105.22,13.218559218559218,,0.49875,0.2937112733171127,447.0,786.0,447.0,786.0,7.1180162044653335,medium,0.0477421059822054,Pedro Severino,R,-0.7852714227814241,0.34832115251118206,-0.8285221000031399,0.09043593594463496,0.4491122447002525,0.44696254,-9.418037
600524,887,4729,0.5039120321421019,R,0.2694083088543852,0.7305916911456147,0.3559984368894099,0.6783410138248848,88.57555847568989,106.4,18.407358738501973,,0.4599728629579376,0.3222403100775193,389.0,772.0,389.0,772.0,7.057897937411856,medium,-0.0115844865937637,Renato Núñez,R,0.04837154766994758,-0.17416813933235165,0.2046378916962429,-0.8996568343032596,1.3978213890826372,-22.258955,2.2512133
600858,888,538,0.5353159851301115,R,0.2152777777777778,0.7847222222222222,0.3784722222222222,0.716,84.03092783505154,98.24,8.814432989690722,,0.3263157894736842,0.2148970588235294,41.0,95.0,41.0,95.0,4.919980925828125,low,0.0511604621309371,Humberto Arteaga,R,1.1630798355406282,-0.4038053594552175,0.7199764461163993,0.18212293846066274,-0.1998020548222779,15.55368,-4.5978775
600869,889,12310,0.4631194151096669,L,0.2324153657253113,0.7675846342746887,0.2858455882352941,0.6632653061224489,88.02475949367089,104.36,13.989367088607596,67.26778711484593,0.4769787894464563,0.3208012545394519,783.0,2246.0,783.0,2246.0,8.016317898503415,high,-0.016611650170759,Jeimer Candelario,L,0.10610877763338769,0.13770830944768087,-0.18814518000546834,-0.462864237321802,0.7121795398917671,8.927158,-0.94587535
602074,890,3381,0.5066548358473825,R,0.1873905429071803,0.8126094570928196,0.3500856653340948,0.6748466257668712,84.88666666666667,99.8,6.081159420289855,,0.3550724637681159,0.3014039301310043,314.0,602.0,314.0,602.0,6.821107472256465,medium,0.0194520176905008,Yonathan Daza,R,0.9027739318639403,-1.1140235504037301,0.010406815247230333,-0.04514775171262118,-0.3594184304937402,5.604628,9.118547
602080,891,34,0.5588235294117647,R,0.2105263157894736,0.7894736842105263,0.3888888888888889,0.75,76.31428571428572,97.14,-12.285714285714286,,0.4285714285714285,0.2722222222222222,2.0,7.0,2.0,7.0,2.302585092994046,low,0.2150714285714285,Erick Castillo,R,-0.07901245252098606,-0.1293997900214324,0.20166359755670668,-0.05599355058540653,-0.06173938565487192,2.827031,5.5366836
602104,892,4447,0.4771756240161907,R,0.2455230914231856,0.7544769085768144,0.2617753623188406,0.6895935685573917,89.28096479791395,104.14,8.31942633637549,69.31025641025641,0.4031620553359684,0.3216275862068966,391.0,769.0,391.0,769.0,7.057036981697891,medium,-0.0315015282078229,Ramón Urías,R,0.04079217153473875,0.6791237017597369,0.21588766898783546,-0.7721627631921965,-0.9063857410771995,-7.9479036,-0.78396374
602115,893,72,0.6388888888888888,R,0.4782608695652174,0.5217391304347826,0.4473684210526316,0.8529411764705882,90.02000000000001,100.73,7.0,,0.3,0.2106111111111111,5.0,13.0,5.0,13.0,2.9444389791664403,low,-0.0479230769230769,Gabriel Guerrero,R,-0.2883496493171972,-0.23408091193882635,0.5964365747432631,0.23888943754565828,0.10132951264239753,-10.001724,21.610893
602922,894,1582,0.4671302149178255,R,0.2368064952638701,0.7631935047361299,0.2921914357682619,0.6434010152284264,86.10894941634241,102.3,11.84046692607004,,0.4717741935483871,0.273377308707124,167.0,212.0,167.0,212.0,5.940171252720432,medium,0.087127923398486,José Rondón,R,0.3335832908465768,-0.16847908686075894,0.38546152528329036,-0.6542378072695945,-0.0779867603587773,-23.905321,-11.4657545
605113,895,11294,0.4953957853727643,R,0.2303842716711349,0.769615728328865,0.3021048999309869,0.6991633321207712,86.84650205761316,101.2,10.19021490626429,68.22363636363637,0.4238625812441968,0.2869105452171074,968.0,2095.0,968.0,2095.0,8.027476530860483,high,0.0468877704688455,Nick Ahmed,R,-0.24875820087361677,-0.5348273175562979,-0.6319428918749542,-0.04302292344505103,0.6083545429603893,-4.737274,11.200017
605119,896,9825,0.4826463104325699,R,0.2646562631800928,0.7353437368199072,0.2785871083616045,0.695056086414624,89.10284829721363,104.6,9.480495356037151,70.63000000000001,0.3749200255918106,0.3225708035003977,612.0,1902.0,612.0,1902.0,7.83002808253384,high,-0.0290277468505804,Brian Anderson,R,-0.3328014129431352,0.4693893001646825,0.34857821107287595,-0.5454260734011296,-0.3547890376739809,10.598916,0.11218331
605125,897,2833,0.4691140134133427,L,0.2272385252069224,0.7727614747930776,0.2809139784946236,0.6773234200743494,86.78849372384937,103.03,15.690376569037657,,0.5216450216450217,0.2803415300546448,115.0,617.0,115.0,617.0,6.597145701886651,medium,0.0172312310619406,Cody Asche,L,-0.05224028227308821,0.10806462774266301,-0.3887438312795255,0.2381359215994893,0.3249304800474748,-3.9267411,-11.805226
605131,898,6154,0.4041273968150796,R,0.1865701648572577,0.8134298351427423,0.180890853451207,0.6084656084656085,86.92714285714287,102.5,11.486734693877551,66.86428571428571,0.4052631578947368,0.2965525974025974,586.0,954.0,586.0,954.0,7.340186835320115,high,0.0080194295976703,Austin Barnes,R,1.4060986403901086,1.2041161732532852,0.3551290121172515,0.025901800079405936,-0.5947487857614874,11.692328,-9.244859
605137,899,15868,0.4568313587093521,L,0.2236170506276728,0.7763829493723272,0.2523630565994761,0.7101735572174404,90.23967848008768,106.64,8.669345999269273,70.77788279773156,0.4328247115742463,0.341551793328317,1122.0,2865.0,1122.0,2865.0,8.291045131081729,high,0.0095455320062342,Josh Bell,L,-2.0423212227059238,-0.618606658882533,-0.21976514740841396,-0.997942866392348,-0.5962321577849554,1.5036725,23.024902
605141,900,21889,0.3917035954132212,R,0.1404245393048752,0.8595754606951248,0.1978531792959156,0.5872797356828194,90.5624266144814,104.1,17.04207436399217,68.85094786729857,0.4485957873620863,0.3817313974591652,1350.0,4160.0,1350.0,4160.0,8.614501373883236,high,0.009832459045584,Mookie Betts,R,1.4673435552060914,1.027518288409031,-0.9134338086839969,-1.0377328633683485,-0.177154937300651,9.481967,-14.240516
605170,901,6025,0.4429875518672199,L,0.2101910828025477,0.7898089171974523,0.2439423706614276,0.6475934028946483,89.4675572519084,105.6,7.405534351145038,70.76898734177215,0.3998063891577928,0.2961045542014112,401.0,1158.0,401.0,1158.0,7.352441100243583,medium,0.0094606898126015,Víctor Caratini,L,-0.5794676114258256,-0.41791054949209855,-0.6675010493879915,0.09509689074535303,-0.42962082338716795,-7.488206,2.8305233
605183,902,172,0.5058139534883721,R,0.264367816091954,0.735632183908046,0.3333333333333333,0.6704545454545454,90.42777777777778,103.25,4.444444444444445,,0.4444444444444444,0.285438596491228,27.0,30.0,27.0,30.0,4.060443010546419,low,0.2934555555555556,Jason Coats,R,-0.3052234785461648,-0.7839178783715381,0.29035353814353887,-0.1496222841264719,-0.555784763462363,7.816844,13.489001
605196,903,393,0.55470737913486,R,0.3853211009174312,0.6146788990825688,0.4203539823008849,0.7365269461077845,89.35370370370372,105.85,18.53703703703704,,0.4528301886792453,0.2776632653061224,31.0,67.0,31.0,67.0,4.59511985013459,low,-0.1081709195955705,Kevin Cron,R,-0.6481650294239156,-0.4524637752240277,0.12736695990366131,0.32647360477946974,1.15457459733464,-13.538203,15.6378355
605200,904,862,0.377030162412993,R,0.2153846153846154,0.7846153846153846,0.1959654178674351,0.4990291262135922,80.88548387096773,94.71,10.935483870967742,,0.3495934959349593,0.149679012345679,53.0,109.0,53.0,109.0,5.093750200806762,low,-0.0321080145404189,Zach Davies,R,0.22792847913334635,-0.6171529677564065,-0.33983619962661776,1.2814947652350446,-0.10566694772058978,-18.745745,21.440786
605204,905,7853,0.50248312746721,R,0.3137354282818043,0.6862645717181957,0.2571283095723014,0.7480254777070063,90.90814630091438,106.7,8.99168744804655,70.69736263736263,0.4089754445385267,0.3353013144590495,706.0,1272.0,706.0,1272.0,7.590346945602565,high,-0.000862817806047,J. D. Davis,R,-0.11884475578350438,1.8522160841761837,1.1740489839142412,0.034896578614275656,-0.46067879373224396,13.00332,-21.341135
605218,906,12,0.4166666666666667,R,0.8,0.2,0.25,0.5,,,,,,0.0,1.0,0.0,1.0,0.0,0.6931471805599453,low,,Carl Edwards,R,-0.02486106480810406,0.03298196228828748,-0.025381500290781723,0.11622095735894948,-0.07387897171506069,-2.0559943,-3.3431766
605227,907,941,0.4718384697130712,R,0.2702702702702703,0.7297297297297297,0.3091286307053942,0.6427015250544662,87.01849315068493,101.65,12.404109589041097,,0.4125874125874126,0.2133833333333333,86.0,154.0,86.0,154.0,5.484796933490655,low,0.0457209302325581,Taylor Featherston,R,0.053197803611313134,0.07068983794540447,-0.38900946922529506,-0.0866453181923939,0.18997394911578264,-1.6114501,-7.6540275
605228,908,224,0.5267857142857143,R,0.3559322033898305,0.6440677966101694,0.4166666666666667,0.6293103448275862,86.1,102.41,-3.5,,0.56,0.2421320754716981,1.0,52.0,1.0,52.0,3.9889840465642745,low,0.6480961538461538,José Fernández,R,-0.13386673328401083,-0.7131377214413006,0.4508617059182256,0.20975441936999523,0.7110642629376537,-11.856844,18.613668
605232,909,262,0.4809160305343511,L,0.2777777777777778,0.7222222222222222,0.3181818181818182,0.6461538461538462,87.87727272727273,101.39,-3.136363636363636,,0.3414634146341463,0.1440892857142857,12.0,44.0,12.0,44.0,4.04305126783455,low,-0.1880378787878787,Brandon Finnegan,L,-0.2906142669171418,-0.28047056143057714,0.22266118070621865,0.5198006380069865,0.3370899201080046,-9.4680195,14.336717
605233,910,1863,0.3848631239935587,L,0.3375174337517433,0.6624825662482566,0.174757281553398,0.592948717948718,91.09626556016596,107.8,6.941908713692946,,0.4824561403508772,0.2864451612903226,113.0,352.0,113.0,352.0,6.144185634125646,medium,-0.0570576226870475,Derek Fisher,L,-0.7668745445575765,0.5052653628928097,0.26596750236336164,0.6946912809873336,-0.43857975959482914,-12.006075,0.38663498
605244,911,1243,0.5164923572003218,R,0.3006230529595015,0.6993769470404985,0.3410493827160494,0.7075630252100841,87.71505376344086,102.6,16.4247311827957,,0.4216216216216216,0.2545269841269841,100.0,215.0,100.0,215.0,5.755742213586912,low,0.0173513953488372,Aramis Garcia,R,0.4382178014276815,0.5631329714699762,0.2140217419097522,0.2630189001776503,0.4860342317273297,20.116695,-11.149625
605253,912,310,0.4161290322580645,R,0.2945736434108527,0.7054263565891473,0.2147651006711409,0.6024844720496895,84.22195121951219,96.5,9.21951219512195,,0.4,0.2630121951219512,31.0,51.0,31.0,51.0,4.418840607796598,low,0.1818222643896268,Terrance Gore,R,0.6251722183310253,0.22223181813860324,-0.2378966277063553,0.9413824130757561,0.035274384896804734,-12.793991,-13.007021
605323,913,165,0.4363636363636363,L,0.4166666666666666,0.5833333333333334,0.2222222222222222,0.6933333333333334,87.96000000000001,101.19,14.4,,0.6,0.2109743589743589,4.0,35.0,4.0,35.0,3.688879454113936,low,-0.0103357142857142,Kyle Kubitza,L,-0.053097960049739094,0.4958102208620965,-0.08750490533028935,0.8112964994587718,-0.018298300825430106,-10.69339,-19.582312
605346,914,45,0.6222222222222222,R,0.5,0.5,0.56,0.7,84.98571428571428,91.32,18.857142857142858,,0.2857142857142857,0.2268571428571428,2.0,12.0,2.0,12.0,2.70805020110221,low,-0.2646666666666666,Jack López,R,-0.0032300333103280725,-0.10881433076436847,0.3137533770919816,0.2066816322720472,0.3419462710464455,-11.69928,17.18739
605347,915,24,0.5416666666666666,R,0.6923076923076923,0.3076923076923077,0.5833333333333334,0.5,79.16666666666667,95.6,3.3333333333333335,,0.0,0.0,0.0,2.0,0.0,2.0,1.0986122886681098,low,,Jorge López,R,-0.17252548498265394,-0.3244519609025621,0.08231721139975993,0.06563729863310382,0.10493172627446061,-3.371665,9.723309
605353,916,1386,0.4574314574314574,L,0.1813880126182965,0.8186119873817035,0.2645429362880886,0.6671686746987951,89.46547619047618,102.6,9.07936507936508,,0.3214285714285714,0.2536657381615599,39.0,320.0,39.0,320.0,5.886104031450156,low,-0.0324491185897435,Vimael Machín,L,0.8566054457648016,0.17066073573385507,0.4933260846933796,-0.3441905803977359,-1.0590784286925365,19.306887,-2.11297
605357,917,124,0.5161290322580645,R,0.265625,0.734375,0.196078431372549,0.7397260273972602,88.22068965517242,104.88,10.10344827586207,,0.3571428571428571,0.2423684210526316,9.0,29.0,9.0,29.0,3.6635616461296463,low,0.3531647509578545,Mike Marjama,R,-0.2849364473002188,0.10871354442365402,0.09038821187146855,0.08916578591415918,0.3203415454516315,-5.6058106,4.053983
605361,918,1714,0.411318553092182,L,0.1617021276595744,0.8382978723404255,0.2204176334106728,0.6044600938967136,88.65018587360595,102.1,9.617100371747211,69.31736111111111,0.3893129770992366,0.3369048780487805,51.0,359.0,51.0,359.0,6.018593214496234,low,0.1682894205035775,Nick Martini,L,0.7896168746352255,0.08583517119607632,0.3428233955649402,-0.26657673713060875,-0.6878476339394809,-15.53354,-3.5129337
605397,919,473,0.5391120507399577,R,0.3647058823529412,0.6352941176470588,0.3526785714285714,0.7068273092369478,83.26103896103896,101.68,3.636363636363636,,0.36,0.1628679245283018,34.0,72.0,34.0,72.0,4.672828834461906,low,0.0401176470588235,Joe Musgrove,R,-0.7708266887997564,-0.42442312440060026,0.18938272755540467,0.6613815922539721,0.29177414499297066,-12.317885,21.640526
605400,920,1193,0.2740989103101425,R,0.2752293577981651,0.7247706422018348,0.106029106029106,0.3876404494382022,83.71698113207547,98.35,-6.245283018867925,,0.2242990654205607,0.1353050847457627,61.0,175.0,61.0,175.0,5.4680601411351315,low,-0.0938607962529274,Aaron Nola,R,0.2421780800561444,-0.4343167541791815,0.0794729889219264,2.1546886731277644,-1.3892563909600417,-23.120146,22.33247
605412,921,10580,0.422117202268431,L,0.1052395879982086,0.8947604120017913,0.214246272777471,0.6415387604429765,86.29179206566347,100.0,11.461468308253536,,0.4162833486660534,0.3044558189655172,744.0,2040.0,744.0,2040.0,7.932003152361385,high,0.0246383143580012,Joe Panik,L,0.642734534297775,-0.23915555867494892,-1.251578714776804,-0.7437556078612622,-1.1904408865137899,3.1681826,8.89435
605421,922,2332,0.4566895368782161,L,0.2647887323943662,0.7352112676056338,0.2805695142378559,0.6414762741652021,87.65425531914893,101.8,14.351063829787234,71.9,0.4851752021563342,0.2448590604026845,100.0,496.0,100.0,496.0,6.391917113392602,low,-0.0646238709677419,Michael Pérez,L,-0.16226176251531424,0.10589504002678063,-0.862028913692316,-0.017094013831884275,0.2097285350367499,2.4582653,14.39051
605439,923,173,0.4508670520231214,R,0.3589743589743589,0.6410256410256411,0.2567567567567567,0.5959595959595959,83.15416666666667,100.81,0.4166666666666667,,0.375,0.1953555555555555,17.0,28.0,17.0,28.0,3.828641396489095,low,-0.0468949579831932,Michael Reed,R,-0.04802364065349039,0.19196045730356157,0.01784828911102798,0.7778640726194035,-0.5252200766449742,-11.328651,-1.4620726
605474,924,381,0.4251968503937008,L,0.2962962962962963,0.7037037037037037,0.2265193370165746,0.605,82.734,99.98000000000002,19.82,,0.2708333333333333,0.2553225806451613,10.0,83.0,10.0,83.0,4.543294782270004,low,0.0911204819277108,Matt Skole,L,-0.4044151790526171,0.17597087597715194,-0.3633335328559405,0.9252732640182755,-0.3330915136194402,-8.071323,-18.952305
605480,925,6139,0.479068252158332,L,0.2621557293437606,0.7378442706562394,0.26084121291164,0.6969401041666666,84.76970837253057,99.08,5.025399811853245,,0.3879565646594274,0.3013371951219512,379.0,1261.0,379.0,1261.0,7.403061091090091,medium,0.0168893620048586,Mallex Smith,L,0.7805445253244915,-0.10681236402740009,0.6238237947830816,0.8611562068727217,-0.5773560820672669,-16.129826,2.6487627
605486,926,4800,0.4789583333333333,L,0.2675076120052196,0.7324923879947803,0.3073852295409182,0.6662309368191721,87.23087855297157,102.2,7.062015503875969,,0.4413333333333333,0.3044706790123457,297.0,999.0,297.0,999.0,7.167809184316444,medium,0.0706559286559286,Cory Spangenberg,L,0.1336852850414361,0.10656859258116569,0.8505550409845969,0.46798868271520727,-0.018263464887226608,16.302029,2.076748
605490,927,932,0.4935622317596566,R,0.3065217391304348,0.6934782608695652,0.3180873180873181,0.6807095343680709,82.270625,99.41,11.26875,,0.4810126582278481,0.2365961538461538,86.0,174.0,86.0,174.0,5.564520407322694,low,-0.0561434108527131,Bubba Starling,R,-0.24923793341736875,-0.3548615111563129,-0.7197268073886947,1.233022712306173,0.8719408493335473,-22.243803,-4.781431
605498,928,168,0.4047619047619047,L,0.4411764705882353,0.5588235294117647,0.32,0.4731182795698925,78.98333333333333,95.62,-14.166666666666666,,0.1875,0.0820408163265306,20.0,29.0,20.0,29.0,3.912023005428146,low,0.0642758620689655,Andrew Suárez,L,-0.2713867570900427,-0.7778397145539163,0.2302182575363427,0.9671167523619676,-0.2714320517669734,-21.31928,20.013102
605504,929,92,0.4565217391304347,L,0.5,0.5,0.3181818181818182,0.5833333333333334,85.48571428571428,100.84,4.285714285714286,,0.5714285714285714,0.1678695652173913,6.0,17.0,6.0,17.0,3.1780538303479458,low,0.0289117647058823,Dillon Thomas,L,-0.10624259204122383,0.2103408948578042,0.02267992053702045,0.2444112513209225,-0.09180814038854121,2.9208724,-13.965025
605508,930,1024,0.4931640625,L,0.19009900990099,0.80990099009901,0.3047808764940239,0.6743295019157088,83.67875647668394,100.8,2.383419689119171,,0.4108108108108108,0.2684239130434782,43.0,233.0,43.0,233.0,5.6240175061873385,low,0.1215465615330871,Charlie Tilson,L,-0.06777005172887116,-1.2101568721959952,0.27023964837313075,0.46022871909318586,-0.6885615638140069,-16.116285,17.931993
605509,931,2530,0.4660079051383399,R,0.196776929601357,0.8032230703986429,0.253839935327405,0.6689868522815159,84.89558498896247,98.66,4.730684326710817,,0.2834467120181406,0.2940779411764706,306.0,374.0,306.0,374.0,6.523562306149512,medium,0.0293770053475935,Kelby Tomlinson,R,1.0466566067801197,-0.27194566384135177,0.37800301491411653,0.7540386608020199,-1.3929172357003146,-27.287111,8.782183
605512,932,2565,0.4974658869395711,L,0.2515673981191222,0.7484326018808778,0.2784522003034901,0.7289494787489976,89.87573696145124,106.2,11.528344671201816,,0.4883720930232558,0.2970721966205837,106.0,545.0,106.0,545.0,6.480044561926653,low,0.1211922970399861,Preston Tucker,L,-0.02390410551881038,0.8646863547873113,0.9180029822522202,-0.839766297103066,0.005157427905352994,10.79498,-18.739828
605520,933,93,0.4408602150537634,L,0.5365853658536586,0.4634146341463415,0.2708333333333333,0.6222222222222222,83.175,88.26,12.75,,0.75,0.1624285714285714,2.0,19.0,2.0,19.0,3.091042453358316,low,0.1795263157894736,Mitch Walding,L,-0.24630117958036074,0.24683669435960306,0.2695038075899487,0.6724394804816894,0.1569468739242652,-10.484062,-19.704199
605538,934,316,0.4367088607594936,R,0.2753623188405797,0.7246376811594203,0.316546762589928,0.5310734463276836,83.86470588235295,96.1,-6.078431372549019,,0.2884615384615384,0.1424375,20.0,28.0,20.0,28.0,3.8918202981106265,low,0.05685,Matt Wisler,R,0.173349526401293,-0.8088277250374764,0.27791366944110873,0.602780872536574,-0.25313749955720605,-21.195343,17.953058
605540,935,476,0.4201680672268907,L,0.3399999999999999,0.66,0.2863849765258216,0.5285171102661597,85.63666666666667,101.77,3.4166666666666665,,0.3508771929824561,0.1336363636363636,12.0,43.0,12.0,43.0,4.02535169073515,low,-0.0702810077519379,Brandon Woodruff,L,-0.08470072761605162,-0.49938504303979114,-0.09135814635671737,0.935457266417425,-0.18462917679369828,-19.384035,20.570127
605548,936,3685,0.4567164179104477,L,0.3285799168152109,0.6714200831847891,0.2329941081949652,0.6864686468646864,89.10987903225806,107.75,7.88508064516129,,0.406570841889117,0.2807235354573484,246.0,727.0,246.0,727.0,6.881411303642535,medium,0.0360762740295903,Bradley Zimmer,L,-1.3488069325463197,0.2603205829495223,0.908912071924966,0.7336336374806076,-0.7863845377964066,-12.113105,0.48094743
605612,937,5339,0.548417306611725,L,0.2250683060109289,0.774931693989071,0.4096728307254623,0.7028096557182429,87.35735294117647,100.6,10.070772058823527,65.33414634146341,0.3804247460757156,0.2896438263229308,212.0,1262.0,212.0,1262.0,7.29641326877392,medium,0.071657626409114,Harold Castro,L,0.6672519161818672,-1.1679305977647296,0.4459339111770448,0.06454168352848205,0.18276654617968288,9.289258,19.993643
606019,938,180,0.4166666666666667,L,0.2266666666666666,0.7733333333333333,0.2087912087912088,0.6292134831460674,81.58,98.41,11.3,,0.4482758620689655,0.3026086956521739,7.0,39.0,7.0,39.0,3.8501476017100584,low,-0.206029304029304,Esteban Quiroz,L,1.0803218329111046,0.07944975283757451,0.38370214196943525,-0.20187145002830334,0.06585628522894574,14.702108,-7.527439
606115,939,10195,0.4942618930848455,R,0.2411192696963683,0.7588807303036317,0.3090979782270606,0.6828350821619481,87.5506694129763,102.6,6.698559670781893,68.97429906542057,0.4071504802561366,0.2927660125879304,661.0,2040.0,661.0,2040.0,7.901747518520144,high,0.0259709464269822,Orlando Arcia,R,-0.02861312536779826,0.09179492938434025,-0.1589111045614165,-0.8342237699387027,0.05142896033401815,29.302223,4.8092227
606131,940,306,0.5392156862745098,R,0.3272727272727272,0.6727272727272727,0.3846153846153846,0.6534090909090909,81.08214285714287,100.7,5.107142857142857,,0.3333333333333333,0.1730425531914893,12.0,35.0,12.0,35.0,3.871201010907891,low,-0.0586952380952381,Luis Perdomo,R,-0.06621108685884,-0.6832329566539065,0.6815962550416603,0.6906931038960671,0.10136130758445638,-18.904978,17.162704
606132,941,7423,0.5407517176343797,L,0.1983059292476332,0.8016940707523668,0.3833504624871531,0.7142452563013311,85.99509738079247,101.9,3.0879194630872484,70.52978723404256,0.3692411924119241,0.3054885685884692,458.0,1554.0,458.0,1554.0,7.607381425639791,high,0.0215234020670702,Raimel Tapia,L,0.5925097598618321,-1.1565240512202708,1.2866582161562898,-0.4252797872919895,-0.048385836585132555,16.706276,14.776534
606149,942,8,0.5,R,0.25,0.75,0.3333333333333333,0.6,82.0,82.0,-37.0,,0.0,0.0,0.0,1.0,0.0,1.0,0.6931471805599453,low,,Giovanny Gallegos,R,0.001865304347793592,-0.21315845018923188,0.07002517383082506,-0.03906412029263809,-0.17309983530470782,0.20766082,4.6165004
606157,943,3006,0.5256154357950765,R,0.3531645569620253,0.6468354430379747,0.3573127229488704,0.7394259818731118,86.93882352941176,106.36,18.65962441314554,,0.5120772946859904,0.3048245382585752,284.0,474.0,284.0,474.0,6.63200177739563,medium,-0.0209082278481012,Aristides Aquino,R,-1.4296365073285262,-0.03775571216593551,0.09178861664512102,-0.03262864273220242,1.453559491314884,-26.299692,0.31585085
606160,944,97,0.5463917525773195,R,0.3207547169811321,0.6792452830188679,0.3658536585365853,0.6785714285714286,74.84117647058824,96.46,-9.470588235294118,,0.1764705882352941,0.0,0.0,2.0,0.0,2.0,1.0986122886681098,low,,Rafael Montero,R,-0.019806202553396407,0.01575778492917238,0.10925281244533241,0.006955862794392685,0.03442916497298152,3.7854195,-2.963095
606162,945,9,0.6666666666666666,R,0.1666666666666666,0.8333333333333334,0.5,0.8,91.325,99.12,14.0,,0.25,0.0,0.0,1.0,0.0,1.0,0.6931471805599453,low,,Yefry Ramírez,R,-0.008782706298398387,-0.003700152169090335,0.006943673868637756,-0.014450787053590751,-0.0037418819892424023,2.6213672,0.77586305
606192,946,12766,0.499138336205546,R,0.3265850596359071,0.6734149403640929,0.2995495495495495,0.716835899115624,91.649069884364,107.5,13.87430869783811,72.20837520938024,0.4136690647482014,0.3402347798938495,838.0,2365.0,838.0,2365.0,8.07215530818825,high,0.0400566989762193,Teoscar Hernández,R,-1.0045039243075522,0.8290503744315441,0.35530685314542837,-0.8602432096282779,-0.0082785267217081,20.4286,8.523846
606213,947,1442,0.5270457697642164,R,0.2078947368421052,0.7921052631578948,0.3859649122807017,0.7018633540372671,87.2566265060241,103.6,17.903614457831324,,0.3548387096774194,0.3126927536231884,125.0,220.0,125.0,220.0,5.846438775057725,medium,0.0599849090909091,Yermín Mercedes,R,1.0846881600563723,-0.3925151209944562,0.7115346812374859,-1.0997199445548964,0.8775901077817315,11.529291,21.637938
606299,948,7243,0.5113903078834737,R,0.1436285097192224,0.8563714902807775,0.3392370572207084,0.6882171844388469,84.73024911032029,100.2,14.676156583629894,,0.3467741935483871,0.2940532461466604,641.0,1500.0,641.0,1500.0,7.669495251007694,high,0.017873663026521,José Peraza,R,0.6854275676180808,-1.2760479292928875,-0.41855146380613484,-0.290776821457123,0.16716788872111962,-1.0863287,27.951376
606336,949,28,0.4642857142857143,R,0.1538461538461538,0.8461538461538461,0.2666666666666666,0.6923076923076923,82.875,87.21,39.5,,0.25,0.2244285714285714,3.0,4.0,3.0,4.0,2.0794415416798357,low,0.0109166666666666,Luis Marté,R,0.027693469322672568,-0.05025798778658784,0.012152119061998019,-0.15645290047131555,0.28666974106585447,7.9375634,0.29936856
606466,950,14864,0.4609795479009688,L,0.1685639229422066,0.8314360770577933,0.2672154710571018,0.6666204409929275,89.2404335856848,105.8,9.534755677907777,71.52245322245322,0.456415620641562,0.341458661918087,1229.0,2702.0,1229.0,2702.0,8.276903481267057,high,-0.0384336871280593,Ketel Marte,L,-0.43355007275148394,-0.6555611279401579,-0.3359172173690045,-1.0061254790521414,0.2103183733785799,-0.009311982,12.523318
606956,951,110,0.4272727272727272,R,0.3191489361702128,0.6808510638297872,0.2678571428571428,0.5925925925925926,81.03846153846153,105.6,16.307692307692307,,0.3076923076923077,0.25828,15.0,10.0,15.0,10.0,3.258096538021482,low,-0.0078666666666666,Ryan Court,R,0.07422250907455816,0.3088219310851975,0.3159242889181082,0.14255304799056218,-0.127908418248148,9.388128,-11.869544
606988,952,1908,0.4523060796645702,R,0.3163383545770567,0.6836616454229433,0.2811244979919678,0.6392543859649122,87.09713261648746,103.74,13.724014336917564,,0.4111111111111111,0.2578033126293996,100.0,383.0,100.0,383.0,6.182084906716632,low,0.0291649869451697,Grayson Greiner,R,-0.4953118285416762,0.46114597737496044,-0.3237004801093736,0.5737914880726092,-0.12752436717944934,-6.402147,-18.14949
606992,953,4250,0.5087058823529412,R,0.3191489361702128,0.6808510638297872,0.3328840970350404,0.7020750988142292,88.40584795321637,105.6,15.601459854014598,71.2208,0.4631268436578171,0.2879311627906977,344.0,731.0,344.0,731.0,6.98100574072173,medium,0.0254988030095759,Eric Haase,R,0.07254764029284536,0.530097154003278,0.6035627384785818,-0.4599915875768471,0.41379419998253014,17.117508,-3.783681
606993,954,384,0.4479166666666667,R,0.3197674418604651,0.6802325581395349,0.2903225806451613,0.6526946107784432,82.3275,98.94,11.2,,0.375,0.2531704545454545,40.0,48.0,40.0,48.0,4.48863636973214,low,0.0353458333333333,Jake Hager,R,0.13316498343424876,0.21648609126018148,-0.2487949616713609,0.5740098962554979,-0.16939539957694205,-7.2553496,-16.706266
606995,955,10,0.2,R,1.0,0.0,0.1428571428571428,0.3333333333333333,,,,,,0.0,0.0,2.0,0.0,2.0,1.0986122886681098,low,,Justin Hancock,R,-0.029334667775871962,-0.01793124194493725,0.029127686806162695,0.016077324321317542,-0.04520501708644745,1.8697469,-3.022251
607043,956,12736,0.4149654522613065,L,0.2064333017975401,0.7935666982024598,0.1824747231584015,0.637663335895465,89.79393294305481,104.8,9.424693986162852,71.13612244897959,0.4184281842818428,0.361577872900889,904.0,2133.0,904.0,2133.0,8.018954683155718,high,0.0293967603483397,Brandon Nimmo,L,-0.274303187735592,0.6946010249822494,0.24539792270727442,-0.09400614161479559,-1.585852096809967,5.3253984,-8.37311
607054,957,10997,0.41047558425025,L,0.2272928666371289,0.7727071333628711,0.2251690993236027,0.6040156162855549,87.43288629737609,102.1,9.451895043731778,65.7066371681416,0.4434470377019748,0.2949212598425196,406.0,2261.0,406.0,2261.0,7.889084407035514,medium,0.0524675608900547,Jace Peterson,L,0.17955473438367242,0.01832490019058953,-0.5680245495853969,0.3379151584409342,-1.0439176835845732,-15.659929,-15.991694
607067,958,170,0.4352941176470588,R,0.3918918918918919,0.6081081081081081,0.2962962962962963,0.5617977528089888,84.54285714285714,97.8,13.095238095238097,,0.3809523809523809,0.0,1.0,1.0,1.0,1.0,1.0986122886681098,low,0.0,Colin Rea,R,-0.08143210112421026,0.032158027185992685,-0.09060770031268277,0.12964179464069553,-0.12226986044379255,-3.0406973,-4.690794
607111,959,85,0.3647058823529411,R,0.1612903225806451,0.8387096774193549,0.0697674418604651,0.6666666666666666,81.7,102.62,11.117647058823527,,0.3125,0.2086190476190476,11.0,10.0,11.0,10.0,3.091042453358316,low,-0.270290909090909,Jacob Wilson,R,0.1980419528956831,0.28728864396701176,-0.47695439738533785,0.1546238773779409,-0.2516031265897749,-9.987422,-13.685284
607208,960,17092,0.4792300491457992,R,0.2278110120864362,0.7721889879135637,0.2866004962779156,0.6868465840019451,89.52705148205929,105.0,10.279164067373674,70.98855098389981,0.4156339370829361,0.3552754870865428,1107.0,3307.0,1107.0,3307.0,8.392763113038061,high,0.0114689587032953,Trea Turner,R,-0.5595455586496011,0.1357865050511444,-0.6955872290862712,-0.8356832315696409,-0.5094119984718297,-4.335192,5.0537195
607223,961,787,0.4472681067344345,L,0.3210227272727273,0.6789772727272727,0.2524271844660194,0.6613333333333333,88.2451923076923,103.61,13.615384615384617,,0.4411764705882353,0.2188492462311558,23.0,176.0,23.0,176.0,5.298317366548036,low,0.0935778162055336,A. J. Reed,L,-0.9553605487165507,-0.022329518525209896,-0.09385468071421849,0.9399322777833733,0.39698240680876046,-18.954702,5.913745
607249,962,41,0.3170731707317073,L,0.1538461538461538,0.8461538461538461,0.238095238095238,0.4,94.52,102.92,9.0,,0.4,0.2262,1.0,9.0,1.0,9.0,2.3978952727983707,low,-0.5142222222222221,Jason Krizan,L,0.138850408111191,0.16405157656015174,0.09650121387481489,0.06182188305164912,-0.17770049851067532,-6.558728,-1.6822424
607257,963,723,0.4619640387275242,L,0.3203592814371258,0.6796407185628742,0.2436974789915966,0.674863387978142,86.28617021276595,99.57,18.29787234042553,,0.4516129032258064,0.257207650273224,28.0,155.0,28.0,155.0,5.214935757608986,low,0.0308576036866359,Rafael Lopez,L,0.5187328141355377,0.7657384938460502,0.5016806360355609,0.7222832911349385,0.2307942869784645,20.890387,-17.143757
607297,964,30,0.4666666666666667,R,0.3571428571428571,0.6428571428571429,0.375,0.5714285714285714,88.36,94.88,41.8,,0.0,0.1962499999999999,5.0,3.0,5.0,3.0,2.1972245773362196,low,-0.0555999999999999,O'Koyea Dickson,R,0.06608477970180951,-0.17189904178516172,0.008366811269905015,-0.14862994439055385,0.22371662307224938,6.4530196,1.3039789
607333,965,257,0.4357976653696498,L,0.3125,0.6875,0.2137404580152671,0.6666666666666666,86.965625,99.74,7.53125,,0.5,0.2257118644067796,11.0,48.0,11.0,48.0,4.0943445622221,low,0.1189867424242424,Beau Taylor,L,0.32140809027537215,0.33045453640096073,0.16350870123967345,0.5519551095771059,-0.2627509804597588,-12.3375435,-11.593672
607345,966,3115,0.5046548956661316,R,0.188295165394402,0.811704834605598,0.3209635416666667,0.6833438885370487,87.46772655007949,102.7,4.087440381558029,,0.3652597402597403,0.2927559241706161,309.0,535.0,309.0,535.0,6.739336627357174,medium,0.0380323019689683,Kevan Smith,R,-0.043218848773522896,-0.6866796838964297,-0.16678707531076828,-0.07463065931568512,-0.3149310387862098,-25.748957,23.866915
607369,967,246,0.3943089430894309,R,0.2783505154639175,0.7216494845360825,0.1578947368421052,0.5984848484848485,84.11071428571428,102.96,10.285714285714286,,0.5357142857142857,0.2477457627118643,26.0,33.0,26.0,33.0,4.0943445622221,low,0.0912237762237762,Travis Taijeron,R,0.003795742253401322,0.29174045818598915,-0.2069259944509042,0.5179999099588836,0.023381020688553977,5.161226,-16.89831
607374,968,10,0.9,R,0.5555555555555556,0.4444444444444444,1.0,0.8333333333333334,88.4,88.4,35.0,,0.0,0.0,1.0,0.0,1.0,0.0,0.6931471805599453,low,,Nick Tropeano,R,-0.1394594371901994,-0.14958279120240253,0.057854428755827754,0.0040576109998362465,0.10570215384023222,-3.268079,9.26819
607385,969,2031,0.483998030526834,L,0.2360122075279755,0.7639877924720244,0.2813397129186603,0.6987829614604463,89.05486725663717,104.1,14.882005899705014,,0.4645161290322581,0.2970456273764258,55.0,471.0,55.0,471.0,6.267200548541362,low,0.1179009457633661,Tyler Collins,L,-0.12604764912399835,0.48096466746197186,0.3633665354114175,-0.020021546127368325,0.20684287551229574,19.028994,-3.828506
607387,970,2503,0.4606472233320016,R,0.3026886383347789,0.6973113616652211,0.2894098625707356,0.6279620853080569,88.80053191489361,106.9,11.11436170212766,,0.4468664850136239,0.2854446177847113,303.0,338.0,303.0,338.0,6.464588303689961,medium,0.0416109906848673,Ryan Rua,R,-0.13553737584953754,0.5160811145492009,0.5920055621769312,-0.16580676228096966,-0.059904468405062354,6.1340876,-4.0983753
607430,971,305,0.4327868852459016,R,0.2272727272727273,0.7727272727272727,0.2432432432432432,0.6114649681528662,83.42,96.68,17.555555555555557,,0.3333333333333333,0.2491621621621621,35.0,39.0,35.0,39.0,4.31748811353631,low,-0.0441113553113553,John Andreoli,R,0.7028116558044526,0.2045820919565063,0.20799508447341525,0.32135779965584393,-0.39454320808454035,11.905224,-8.190885
607461,972,2484,0.4629629629629629,L,0.1817391304347826,0.8182608695652174,0.2846094354215004,0.6565910999160369,87.49714285714285,103.31,10.46122448979592,66.41192660550459,0.4762886597938144,0.3115988112927191,72.0,601.0,72.0,601.0,6.513230110912307,low,0.0517614392678868,Matt Beaty,L,-0.9998026873124686,-1.287815459861286,-0.8271764364269052,-0.2556947048522217,-0.4070402811625678,0.396756,14.938014
607468,973,1153,0.3408499566348655,R,0.2061068702290076,0.7938931297709924,0.1340579710144927,0.5307820299500832,87.16092715231788,102.5,11.066225165562914,,0.3260869565217391,0.2896594202898551,97.0,179.0,97.0,179.0,5.6240175061873385,low,0.0078531359788055,Alex Blandino,R,0.4359338110371506,0.5287905962810543,-0.6646377995808103,0.5309681681651498,-0.7498980988400856,-13.160764,-14.824543
607471,974,232,0.4439655172413793,R,0.2718446601941747,0.7281553398058253,0.2477064220183486,0.6178861788617886,84.41851851851852,101.58,10.444444444444445,,0.391304347826087,0.31216,17.0,33.0,17.0,33.0,3.9318256327243257,low,-0.0819714795008912,Christopher Bostick,R,-0.11972851329658865,-0.23975655019670775,-0.44236951081998377,0.25177497366795965,-0.1113900948792532,-0.5523494,10.6900835
607536,975,633,0.4565560821484992,L,0.4844290657439446,0.5155709342560554,0.2730496453900709,0.603988603988604,83.84464285714286,102.75,0.4285714285714285,,0.4464285714285714,0.1380083333333333,46.0,74.0,46.0,74.0,4.795790545596741,low,0.1308360752056404,Kyle Freeland,L,-0.2444243636792528,-0.23254828311157905,1.0229572282682389,1.2610430538091069,0.38832278182793406,-25.415144,17.597733
607680,976,13514,0.529006955749593,R,0.1912155546230242,0.8087844453769758,0.3959054209919261,0.6693523867436911,86.53160781624958,103.2,14.553993829276656,69.08020833333333,0.4372542009295674,0.301568349106204,1105.0,2699.0,1105.0,2699.0,8.244071270295786,high,0.0322161665372963,Kevin Pillar,R,-0.0737725243748853,-1.344887362583638,-0.4829177643991936,-0.7914397762032814,0.9322327339211379,0.83572954,16.604963
607732,977,5850,0.4300854700854701,R,0.2182034976152623,0.7817965023847376,0.2481943532501641,0.6276747503566333,88.1305389221557,101.6,11.18824701195219,65.00046728971962,0.3906093906093906,0.2866490993995997,381.0,1118.0,381.0,1118.0,7.313220387090301,medium,0.0138537203198437,Jacob Stallings,R,-0.1964385023755806,0.05647884242112976,-0.9821025757602934,-0.05676701696979747,-0.33182921765031675,-0.2614572,-21.31143
607752,978,1146,0.4703315881326352,R,0.222634508348794,0.7773654916512059,0.28,0.6619964973730298,88.75187165775401,105.18,7.160427807486631,,0.3461538461538461,0.2811195652173913,167.0,109.0,167.0,109.0,5.6240175061873385,low,0.0626057792671537,Sam Travis,R,-0.15458275949046657,-0.06235790747071612,0.5477551746556362,-0.4539015451463405,-1.1342529185476542,-9.611252,-0.25283813
607776,979,2011,0.4917951268025858,R,0.320525783619818,0.679474216380182,0.3089509143407122,0.6872427983539094,87.56701030927834,106.6,7.347079037800687,,0.475,0.2761348547717842,171.0,311.0,171.0,311.0,6.180016653652572,medium,0.0120265696395329,Mac Williamson,R,-0.1864823807390321,0.3399826736404215,0.45832688974569785,0.07366220612289817,0.06021605838260462,-22.056417,-18.257156
608061,980,1176,0.5331632653061225,R,0.1977671451355661,0.8022328548644339,0.3604651162790697,0.7142857142857143,84.80654545454546,100.54,14.007272727272728,,0.4242424242424242,0.3326909620991253,89.0,254.0,89.0,254.0,5.840641657373398,low,-0.0992993895425993,T. J. Rivera,R,0.9107701525757039,-0.3879329877290019,-0.29025488690498935,0.04217212497605732,0.863556698055088,-0.9626735,28.08006
608070,981,20607,0.4304847867229582,L,0.1299740728215533,0.8700259271784466,0.2445917334069778,0.6377257799671593,88.73021047227927,103.45,17.486784706184245,68.86893203883496,0.5209817893903405,0.3627138040460134,1543.0,3499.0,1543.0,3499.0,8.525756422076725,high,0.0188087986253641,José Ramírez,L,0.9626301716475487,0.17154092531667864,-1.2594234622491909,-2.0075434801928846,0.25968603520806727,10.161098,-2.5416448
608324,982,16398,0.3940724478594951,R,0.1375735066542865,0.8624264933457134,0.1876606683804627,0.6193877551020408,88.7359059291156,102.1,17.721762172904935,68.7970401691332,0.4741557546519642,0.3681536806883365,1255.0,2929.0,1255.0,2929.0,8.339261982923576,high,0.0087553847430354,Alex Bregman,R,1.1515784842074708,1.106460381217113,-0.9713870902158579,-0.7727245516010531,-0.5131908619075592,2.0065594,-15.801247
608325,983,319,0.5266457680250783,R,0.1964285714285714,0.8035714285714286,0.3975155279503105,0.6582278481012658,81.0209677419355,98.19,15.82258064516129,,0.5084745762711864,0.2483181818181818,31.0,57.0,31.0,57.0,4.48863636973214,low,0.1977702320316921,Gavin Cecchini,R,0.5661781813430387,-0.5477321581992557,-0.3706880763872036,0.14257810808401633,0.33296232084523053,-9.382203,10.871897
608331,984,535,0.4205607476635514,L,0.2533333333333333,0.7466666666666667,0.2133891213389121,0.5878378378378378,86.86547619047619,100.71,-3.1666666666666665,,0.2839506172839506,0.2620833333333333,28.0,92.0,28.0,92.0,4.795790545596741,low,-0.0828571428571428,Max Fried,L,-0.11183430263418812,-0.5929846664374677,0.763388795056325,0.5276710775130035,-0.6478774908692039,-18.676868,25.928186
608336,985,13147,0.4506731573743059,L,0.3983122362869198,0.6016877637130802,0.2481558803061934,0.6947333109694733,92.46488764044943,109.77,23.047752808988765,72.34939759036145,0.5390796201607012,0.3367664958360025,870.0,2252.0,870.0,2252.0,8.046549357283078,high,0.0107031348890386,Joey Gallo,L,-1.6825352923917085,1.3223421511353475,0.09108609323478552,0.6742118303339294,0.8236048264315393,10.803873,-25.306385
608339,986,66,0.4242424242424242,R,0.5,0.5,0.2926829268292683,0.64,90.425,103.14,6.875,,0.5,0.2166875,12.0,4.0,12.0,4.0,2.833213344056216,low,0.2889166666666666,Zach Green,R,0.0009045010717040673,0.0685300475242724,0.010375232252213516,0.16161389769794715,0.16764539723573635,2.5315638,-3.6623905
608348,987,5996,0.4302868579052701,R,0.215891472868217,0.7841085271317829,0.230535894843276,0.6259491581379993,87.54815184815185,102.8,15.112887112887114,69.11084337349398,0.4114636642784032,0.2947484745762712,483.0,992.0,483.0,992.0,7.297091005160418,high,0.0733334439491084,Carson Kelly,R,0.041144261925109823,0.10816591057804338,-0.8174918822077535,-0.5225669381021656,-0.3871339995477163,2.3468747,-5.3826895
608360,988,54,0.4629629629629629,R,0.28,0.72,0.4615384615384615,0.4642857142857143,86.21428571428571,95.24,16.0,,0.2857142857142857,0.1658666666666666,6.0,9.0,6.0,9.0,2.772588722239781,low,-0.2764444444444444,Chris Okey,R,0.04819274939707132,-0.122060788380912,0.12908588342566465,0.31019972161674,0.12414078289384772,-3.5051162,1.8874866
608365,989,8699,0.4872973905046557,R,0.2689313517338995,0.7310686482661005,0.2843644544431946,0.6993417959567466,87.18471645919779,101.7,13.73997233748271,,0.4092219020172911,0.3038284671532846,562.0,1630.0,562.0,1630.0,7.693025748417888,high,0.0082204222430845,Addison Russell,R,0.17090105780019124,0.6787791517674894,-0.031919176281928446,-0.1366750632793572,0.2473930466983869,6.137467,-16.631754
608369,990,13819,0.5270280049207613,L,0.2365783331044899,0.76342166689551,0.2780244173140954,0.79851762214491,90.98782142857142,105.9,12.016785714285714,70.3853982300885,0.4373188405797101,0.36896955624355,1260.0,2616.0,1260.0,2616.0,8.262816937670928,high,0.0361154179408766,Corey Seager,L,-1.574289869731462,0.45417008694458433,0.2683801131741547,0.06089371469392382,-0.1972576050965864,-3.5770483,-26.1555
608379,991,859,0.4167636786961583,R,0.3128491620111732,0.6871508379888268,0.2122905027932961,0.562874251497006,82.74574468085106,96.13,-0.9574468085106383,,0.2043010752688172,0.121326923076923,26.0,78.0,26.0,78.0,4.653960350157523,low,0.044025641025641,Michael Wacha,R,0.10224249594525546,-0.08878922640550992,0.4129016601127451,1.0535287739248476,-0.4275635591481412,-22.200659,24.32009
608384,992,3408,0.5311032863849765,L,0.2834254143646408,0.7165745856353591,0.341449603624009,0.7350791717417783,88.2704467353952,105.3,9.52061855670103,,0.4094202898550724,0.3135459518599562,201.0,713.0,201.0,713.0,6.818924065275521,medium,0.0350817650876054,Nick Williams,L,-0.5308527838563872,-0.5209543994993663,1.1075151687653728,0.40343591024349285,0.23396318013446454,-9.197989,26.14409
608385,993,8942,0.4297696264817714,L,0.1829300026021337,0.8170699973978662,0.2030601092896174,0.6672773070757957,89.34631093544138,104.43,12.039525691699604,67.7695652173913,0.4552238805970149,0.3536034559149313,458.0,1799.0,458.0,1799.0,7.722234744709607,high,0.0690498396731809,Jesse Winker,L,0.2899798923606912,0.9423490550302719,0.08547522065616944,-0.9322807677556476,-0.46624871030907905,2.8489802,-17.20157
608422,994,252,0.4642857142857143,L,0.2991452991452992,0.7008547008547008,0.3111111111111111,0.6410256410256411,83.75454545454545,102.46,2.939393939393939,,0.5454545454545454,0.1608870967741935,7.0,55.0,7.0,55.0,4.143134726391533,low,0.0704077922077922,José Godoy,L,0.3696343857160496,-0.03981755593957643,0.5465987811610107,0.20283784550074624,0.05480387607731971,13.104093,-3.6847262
608475,995,1414,0.5325318246110325,R,0.1899070385126162,0.8100929614873837,0.4248366013071895,0.6594761171032357,86.84950166112957,102.8,6.245847176079734,,0.3344594594594595,0.2665714285714285,99.0,300.0,99.0,300.0,5.991464547107982,low,-0.001230202020202,Dawel Lugo,R,0.5727283545512075,-1.2039430386309582,1.331303151806658,-0.24958059604823715,-0.344408582210979,12.904707,5.121101
608566,996,624,0.6105769230769231,R,0.3123359580052494,0.6876640419947506,0.5610561056105611,0.6573208722741433,83.28214285714286,102.02,1.35,,0.4029850746268656,0.2504029126213592,45.0,161.0,45.0,161.0,5.332718793265369,low,0.0439258799171842,Germán Márquez,R,-0.3516948118605335,-1.6765738848179081,0.5988402529846958,0.837898384763839,1.7008886854991863,-23.758022,14.441262
608577,997,10855,0.4671579917088899,L,0.2344705186353776,0.7655294813646224,0.3219397204916652,0.6425956061838893,89.07842190016103,105.98,9.498658078368225,,0.4121883656509695,0.3127973124300112,647.0,2032.0,647.0,2032.0,7.893572073504902,high,0.052169451070355,Nomar Mazara,L,-1.2302863665837807,-1.5527816086537705,0.21201364770584283,-0.3468567550826387,0.20257919458521978,-16.80331,19.281494
608596,998,4119,0.4753580966253945,R,0.3110316649642493,0.6889683350357507,0.2835123773937412,0.6830131445904954,89.34890016920474,105.2,17.087986463620982,71.22717391304347,0.4991273996509598,0.3264747274529237,468.0,541.0,468.0,541.0,6.917705609835305,high,0.0559392980709986,Tom Murphy,R,-0.5225987872466769,0.5736860960900892,-0.1868543822565001,-0.034919527461092593,0.4266262889257676,-8.29483,-4.533864
608597,999,3349,0.5016422812779935,L,0.288095238095238,0.7119047619047619,0.3261240751280592,0.6953517587939698,86.21823647294589,104.9,13.25250501002004,,0.4488517745302714,0.3056043425814234,209.0,620.0,209.0,620.0,6.721425700790643,medium,0.087540222256521,Ronald Guzmán,L,-0.8393760140341475,-0.6475588333718963,0.3746984644165952,-0.04227965940386294,-0.3398318802198653,-1.6772088,8.179347
608650,1000,3,0.3333333333333333,L,0.0,1.0,0.0,0.5,75.1,75.1,-22.0,,0.0,0.4385,0.0,2.0,0.0,2.0,1.0986122886681098,low,,Dietrich Enns,L,0.057728904671596894,-0.050149172672642524,0.01985169894465614,0.014569816301098652,-0.04760206905325164,1.2720689,1.8130215
608654,1001,906,0.4834437086092715,R,0.3036529680365296,0.6963470319634704,0.2608695652173913,0.6707317073170732,86.72721088435374,101.3,14.129251700680271,,0.4306569343065693,0.2812068965517241,93.0,139.0,93.0,139.0,5.4510384535657,low,0.0617690105979732,Johnny Field,R,0.3190275583764732,0.38296353394867827,-0.4287101977933296,0.13760870253475535,0.2859347996123833,-0.3350608,-11.642228
608671,1002,5774,0.3896778662971943,L,0.1773333333333333,0.8226666666666667,0.1835664335664335,0.5919698009608785,85.41385606874329,99.4,3.774436090225564,64.65222222222222,0.3560267857142857,0.2890316711590296,277.0,1207.0,277.0,1207.0,7.3031700512368,medium,0.0765161677219828,Travis Jankowski,L,-0.20816174842593652,-1.1329542297641937,-0.7528744584454735,0.9072309916409281,-1.1872479627790455,-17.8615,21.211643
608672,1003,525,0.4685714285714286,L,0.2154471544715447,0.7845528455284553,0.2818532818532818,0.650375939849624,87.68550724637682,100.86,2.63768115942029,,0.3043478260869565,0.2520787401574803,25.0,102.0,25.0,102.0,4.852030263919617,low,0.0699231372549019,Micah Johnson,L,0.815417846486767,-0.03457782902326854,1.1133686237813187,0.008831712446013742,-0.5681178754907001,15.629325,-8.815167
608686,1004,1764,0.5198412698412699,R,0.2311886586695747,0.7688113413304253,0.3456924754634678,0.7083825265643447,85.43105590062112,101.8,17.26086956521739,,0.3930817610062893,0.2563728813559321,167.0,305.0,167.0,305.0,6.159095388491933,medium,0.0231550014724649,Jack Mayfield,R,0.5707421002444321,0.18135474749359337,-0.09326990552791062,-0.4047140018706782,0.5138622800787616,19.251738,-7.3482127
608700,1005,5326,0.4596319939917386,R,0.1936274509803921,0.8063725490196079,0.2620874904067536,0.6488970588235294,87.36348884381339,103.2,11.1248730964467,,0.423442449841605,0.2885042492917847,381.0,1031.0,381.0,1031.0,7.253470382684528,medium,-0.012664217651746,Kevin Plawecki,R,-0.2964136406660262,-0.017539747246834998,-0.8975893191588394,0.09172599492131366,-0.16357984704452133,-7.024069,-7.0361876
608701,1006,4162,0.410860163382989,R,0.2093567251461988,0.7906432748538011,0.2065750736015701,0.6068738229755178,88.48978978978978,103.8,9.172672672672672,71.61627906976744,0.4131455399061033,0.303224609375,501.0,523.0,501.0,523.0,6.932447891572509,high,0.0641330035912878,Rob Refsnyder,R,0.12163387007479395,0.49902502569646146,-0.6741169267308669,-0.2649415742857481,-1.0009791855826935,-10.623971,-2.8372405
608703,1007,2086,0.4170661553211889,R,0.2655172413793103,0.7344827586206897,0.2548120989917506,0.5949748743718593,88.14545454545454,103.1,6.237012987012987,,0.3234323432343234,0.2795629770992366,155.0,369.0,155.0,369.0,6.263398262591624,medium,0.0268870180959873,Matt Reynolds,R,0.6213773866362851,0.2634024216909745,0.24981960308944218,0.15560692761057096,-1.063726362059157,10.033597,-10.617346
608715,1008,191,0.4816753926701571,R,0.3913043478260869,0.6086956521739131,0.3814432989690721,0.5851063829787234,86.3111111111111,98.63,24.61111111111111,,0.625,0.1178085106382978,13.0,34.0,13.0,34.0,3.871201010907891,low,0.1132986425339366,Eric Stamets,R,0.5813746569631228,0.5817799815812911,0.5575545648083078,0.041508289006022464,0.47539808214728907,16.835802,-14.182419
608717,1009,233,0.3948497854077253,R,0.3913043478260869,0.6086956521739131,0.27,0.4887218045112781,82.66129032258064,96.9,-6.645161290322581,,0.2258064516129032,0.1254888888888889,25.0,20.0,25.0,20.0,3.828641396489095,low,-0.01172,Chris Stratton,R,-0.03325537845686902,-0.5018811246269711,0.16458116812001541,0.9518417320976714,0.3257516487872433,-22.885912,17.821814
608841,1010,3481,0.4780235564492961,R,0.2139423076923077,0.7860576923076923,0.3116591928251121,0.6529169121979964,89.88778625954198,104.7,9.410060975609756,68.28601941747573,0.4156441717791411,0.336004469273743,263.0,632.0,263.0,632.0,6.79794041297493,medium,0.0494293148674014,Joey Meneses,R,-0.6046572317028129,-0.5425317357403858,-0.5034635139401303,-1.1702872897848984,-0.4214490894103836,-1.3644952,9.86434
609274,1011,137,0.5547445255474452,R,0.381578947368421,0.618421052631579,0.4142857142857143,0.7014925373134329,83.94736842105263,95.7,30.68421052631579,,0.4210526315789473,0.1927714285714285,18.0,17.0,18.0,17.0,3.58351893845611,low,-0.0504281045751633,Elier Hernandez,R,-0.23908975945730399,0.04000127491104524,-0.014621686703962073,0.24207816622287404,0.45196747279378363,-6.5531383,8.297294
609275,1012,4886,0.5544412607449857,L,0.3636028054632706,0.6363971945367294,0.3608009241432422,0.7741371778069026,89.57069597069597,104.0,11.97069597069597,,0.4962406015037593,0.2921851301115241,397.0,948.0,397.0,948.0,7.204892510204673,medium,-0.0158013210896066,Adalberto Mondesí,L,-0.6820626993394066,0.1619938940079629,0.3902817459361919,0.5244672265413506,0.02426770865927189,-5.765674,22.791315
609280,1013,4039,0.5276058430304531,R,0.1909901454716095,0.8090098545283905,0.3694741740344346,0.7074074074074074,87.87175398633256,104.13,10.44874715261959,70.71415094339622,0.4510739856801909,0.3199499105545617,366.0,752.0,366.0,752.0,7.020190708311925,medium,-0.0147316227764213,Miguel Andújar,R,0.38648540411278676,-0.5745062142955175,0.19085442899125182,-1.2473595175685308,0.3046371915721241,9.724205,5.3627634
611177,1014,3384,0.5271867612293144,R,0.194506726457399,0.8054932735426009,0.3624928530588908,0.7033639143730887,88.70122950819673,103.39,7.6502732240437155,,0.3982683982683982,0.306269435569755,240.0,699.0,240.0,699.0,6.84587987526405,medium,0.0613089055793991,Adonis García,R,0.052531628216365804,-1.1136636179183013,0.5494659857500068,-0.850525392912688,0.1840999625418435,11.196152,18.508894
613534,1015,11,0.3636363636363636,R,0.25,0.75,0.3333333333333333,0.375,,,,,,0.0,1.0,0.0,1.0,0.0,0.6931471805599453,low,,Austin Adams,R,-0.10722410910960056,0.013294059777034548,-0.018923055768899816,0.019019560564810495,-0.04095174754856553,-2.4660873,-3.603499
613564,1016,1019,0.4877330716388616,L,0.2877263581488933,0.7122736418511066,0.287378640776699,0.6924603174603174,86.07371794871794,103.6,18.67948717948718,,0.5490196078431373,0.2936796875,29.0,227.0,29.0,227.0,5.54907608489522,low,0.0111496278292571,Jason Vosler,L,-0.28896064623020495,0.39836529161291956,-0.08315963921644426,0.05043698366615494,0.3685296685107587,5.4834414,-27.324411
614173,1017,3085,0.5011345218800648,L,0.3492884864165588,0.6507115135834411,0.2947167409293443,0.7153236459709379,90.8258581235698,109.24,9.080091533180775,75.15882352941176,0.449074074074074,0.293173198482933,137.0,654.0,137.0,654.0,6.674561391814426,medium,0.0379682135761959,Franchy Cordero,L,-0.801220360871865,0.213277396949092,0.895443240501235,0.43554768377090036,-0.36180795427855156,-16.559172,4.5385966
614177,1018,8365,0.4780633592349073,R,0.3343335833958489,0.665666416604151,0.2797950545778569,0.707688338493292,92.44573024740625,108.76,9.096568236233042,,0.4116693679092382,0.3282092574734812,561.0,1513.0,561.0,1513.0,7.637716432664798,high,0.0299339862604899,Franmil Reyes,R,-2.5545155736062353,-0.03406379329223307,0.22472949224404584,-0.16391548809445233,-0.5329314728638602,0.57826406,23.401384
615699,1019,22,0.5909090909090909,L,0.5384615384615384,0.4615384615384615,0.2857142857142857,0.7333333333333333,85.46666666666665,99.44,-18.333333333333332,,1.0,0.0,0.0,7.0,0.0,7.0,2.0794415416798357,low,,Jacob Robson,L,-0.12954912118013587,0.1907398893449169,0.129910345858722,0.28136434197471083,0.0263991920549751,-0.43477455,-6.6697335
620439,1020,915,0.4808743169398907,R,0.3795454545454545,0.6204545454545455,0.3605150214592275,0.6057906458797327,88.99098360655738,105.58,18.5,,0.4385964912280701,0.2335654008438818,92.0,145.0,92.0,145.0,5.472270673671475,low,-0.0473470014992503,Franklin Barreto,R,0.8031147875668966,0.3705738245633721,0.9728688111813307,0.13398754835206192,1.1411192470048919,16.465784,-14.782995
620443,1021,3241,0.4588090095649491,R,0.2434431741761936,0.7565568258238063,0.2557397959183674,0.6491332934847579,89.99005736137669,103.1,7.810707456978967,69.28888888888889,0.3501945525291828,0.2798886107634543,323.0,476.0,323.0,476.0,6.684611727667927,medium,0.0477690181335692,Luis Torrens,R,-0.6358031261698959,-0.03274410668360592,-0.2796756769790554,-0.36230622560001297,-0.5870899977755116,-10.725509,-15.664981
620446,1022,963,0.553478712357217,L,0.3114446529080675,0.6885553470919324,0.3739669421487603,0.7348643006263048,86.8435064935065,99.57,11.785714285714286,,0.4149659863945578,0.2792568093385214,69.0,188.0,69.0,188.0,5.552959584921617,low,-0.0251666666666667,Richard Ureña,L,0.19890226372440137,-0.6909591210326709,0.6572953821325019,0.2549621216767953,0.04509324157343939,-7.0276394,20.785105
620453,1023,49,0.6122448979591837,R,0.3666666666666667,0.6333333333333333,0.4,0.8333333333333334,88.35555555555555,97.88,28.88888888888889,,0.2222222222222222,0.2153076923076923,3.0,10.0,3.0,10.0,2.6390573296152584,low,0.2474666666666667,Deivy Grullón,R,-0.4061563042476636,-0.13767522174624924,0.3165570878864027,0.01451985740909247,0.01543023912589982,6.3992376,12.49096
621002,1024,3881,0.4140685390363308,R,0.2314872433105165,0.7685127566894835,0.2111737570476678,0.6191709844559585,86.24642857142857,102.5,7.103571428571429,,0.3795761078998073,0.3066316348195329,305.0,637.0,305.0,637.0,6.849066282633458,medium,0.0188577038886172,Daniel Robertson,R,0.0879660947600231,0.19856886122826634,-0.15604455095307068,0.21760169659487144,-0.5550651638454898,5.106417,-9.449291
621005,1025,1130,0.5017699115044247,R,0.2680776014109347,0.7319223985890653,0.3128390596745027,0.682842287694974,86.50761421319797,101.58,8.274111675126903,,0.3743589743589743,0.2909068965517241,115.0,175.0,115.0,175.0,5.673323267171493,medium,0.0414963975155279,Tim Lopes,R,0.46755815762028474,0.1892744752406395,0.2676421501672427,0.10102750249191485,-0.9069926842361925,25.675873,-6.7305903
621006,1026,1717,0.5224228305183459,R,0.2608695652173913,0.7391304347826086,0.329452852153667,0.7156177156177156,84.04172661870503,100.6,8.66546762589928,,0.3406593406593406,0.2493401360544217,214.0,227.0,214.0,227.0,6.091309882077698,medium,0.0622873317139445,Richie Martin,R,0.8936140918941456,0.18633835237475255,0.548457854826071,0.45947101676653507,-0.25260264631008467,16.255259,-7.7255454
621008,1027,25,0.52,R,0.2307692307692307,0.7692307692307693,0.3076923076923077,0.75,83.3,93.94,19.75,,0.0,0.35,5.0,2.0,5.0,2.0,2.0794415416798357,low,0.0056,Alex De Goti,R,-0.011025862169212988,-0.0430232541162118,0.03133105695676464,0.1522533576692454,-0.2313426890197378,-4.728666,1.1169438
621011,1028,677,0.5583456425406204,L,0.1507936507936508,0.8492063492063492,0.3938547486033519,0.7429467084639498,84.41052631578948,100.28,19.127819548872186,,0.4060150375939849,0.2924350282485876,16.0,161.0,16.0,161.0,5.181783550292085,low,-0.1161246118012422,Max Schrock,L,0.1842240344642295,-0.7651030621103418,0.2842273244765556,-0.08358288045310948,0.6173092201217988,9.617081,23.09551
621020,1029,15992,0.4740495247623812,R,0.2610473552301807,0.7389526447698193,0.2558053814964983,0.7002419457532153,88.95563995442461,103.9,13.311052031902772,70.16461538461539,0.4381063251843228,0.3166592964824121,868.0,3112.0,868.0,3112.0,8.289288323000317,high,0.0076569174771658,Dansby Swanson,R,-0.5204188761059426,0.5534028754195637,-0.8431557545743453,-0.4905848565655048,-0.04988484413716263,-1.4031949,-14.676203
621028,1030,6719,0.4686709331745795,R,0.1305176246427437,0.8694823753572563,0.2954612005856515,0.6476997578692494,85.4155206286837,100.4,9.950884086444008,65.38571428571429,0.376984126984127,0.287322614654718,574.0,1323.0,574.0,1323.0,7.5485559791698735,high,0.042860544217687,Kevin Newman,R,0.9076725317916812,-0.7977562622371606,-0.6737938833054846,-0.4462247324027062,-0.2087513852330479,4.664899,5.69519
621035,1031,13744,0.471987776484284,R,0.3052258362879605,0.6947741637120395,0.2243561113592377,0.7086950334424363,87.48626956082786,103.7,15.736496718828874,69.28670212765957,0.4115838031778575,0.32957757342035,1102.0,2269.0,1102.0,2269.0,8.123261319121745,high,0.0050509146797481,Chris Taylor,R,0.13916916826467396,1.7740093736200766,-0.2914218114896035,0.46886386810594033,0.05188748033988751,0.8501516,-21.555593
621043,1032,17622,0.4365565770060152,R,0.2116209541141297,0.7883790458858703,0.2714693144607584,0.6282035561005518,89.96084745762712,106.9,10.319674906874363,73.48266666666666,0.3872651356993737,0.3505262073701076,1190.0,3179.0,1190.0,3179.0,8.382518288089635,high,0.0244929133150586,Carlos Correa,R,-0.9901628685110322,-0.30315485854442403,0.28428436004671326,-1.6611479659050825,-0.5394061411787572,10.909835,13.642805
621044,1033,371,0.4097035040431266,L,0.2302631578947368,0.7697368421052632,0.1988950276243093,0.6105263157894737,84.90714285714286,96.0,20.357142857142858,,0.5,0.2499325842696629,22.0,67.0,22.0,67.0,4.499809670330265,low,-0.1610020352781546,Jesmuel Valentín,L,0.8315374560159018,0.426493952319361,-0.17041648554064118,0.5709761177297246,0.1678005305565576,-12.41112,-12.501457
621052,1034,58,0.5172413793103449,R,0.4,0.6,0.375,0.6176470588235294,83.75,93.28,-1.4,,0.375,0.0,0.0,1.0,0.0,1.0,0.6931471805599453,low,,Alex Reyes,R,-0.008619672311951843,0.024609819275859854,0.0136608557484138,-0.01757429523093474,0.027426018339737877,3.571925,-0.72555614
621107,1035,578,0.5501730103806228,R,0.4591194968553459,0.5408805031446541,0.4066390041493776,0.6528189910979229,85.98059701492537,104.34,5.641791044776119,,0.3880597014925373,0.1274255319148936,30.0,64.0,30.0,64.0,4.553876891600541,low,0.0688958333333333,Zach Eflin,R,-0.712612893221751,-0.6344483286096114,0.34254267813086375,1.211064340550446,0.731876150307178,-25.060724,16.206562
621111,1036,774,0.3656330749354005,R,0.392226148409894,0.607773851590106,0.1436950146627566,0.5404157043879908,84.89701492537314,101.68,-5.358208955223881,,0.1846153846153846,0.1351751824817518,42.0,95.0,42.0,95.0,4.927253685157205,low,-0.0492842105263157,Walker Buehler,R,-0.010999822938963578,-0.13871100610772827,0.5348742220955227,1.46356809198881,-0.8379133593540571,-22.518373,22.17256
621249,1037,25,0.52,R,0.6153846153846154,0.3846153846153846,0.5,0.5294117647058824,66.9,66.9,11.0,,1.0,0.0,0.0,1.0,0.0,1.0,0.6931471805599453,low,,Duane Underwood,R,0.06018208547767417,-0.06892265719065045,-0.04536081436071633,0.04550865144049283,0.047518785409415835,0.5792716,0.36477745
621261,1038,66,0.5303030303030303,R,0.4,0.6,0.2916666666666667,0.6666666666666666,89.3,98.02,-9.75,,0.2857142857142857,0.0,1.0,1.0,1.0,1.0,1.0986122886681098,low,0.0,Corey Oswalt,R,-0.06751141163215292,-0.14651897931000532,-0.027220459007125188,-0.07887456123289542,0.0273352340990998,1.372249,6.0999856
621281,1039,10,0.4,R,0.0,1.0,0.5,0.375,88.55000000000001,92.27,-3.5,,0.0,0.0,0.0,2.0,0.0,2.0,1.0986122886681098,low,,Tyler Wagner,R,0.023388622737816105,-0.0394032108910906,0.12393481027207542,0.08186154959674982,-0.05062973945968655,-3.087965,1.9058052
621311,1040,4739,0.5336568896391644,L,0.276789244760775,0.723210755239225,0.3522590963614554,0.7363717605004468,88.18574850299402,102.8,12.307322929171669,,0.4354243542435424,0.3288913043478261,340.0,902.0,340.0,902.0,7.1252830915107115,medium,0.0618976848832659,David Dahl,L,0.20153975735206514,-0.01718266533526448,1.0015057100874813,0.016012648792008064,0.5869561467015297,17.27476,-2.5447898
621389,1041,344,0.3924418604651162,R,0.3333333333333333,0.6666666666666666,0.2287581699346405,0.5235602094240838,87.3891891891892,99.4,8.783783783783784,,0.1142857142857142,0.2725510204081632,21.0,28.0,21.0,28.0,3.912023005428146,low,-0.0523809523809523,Ty Blach,R,0.1273625602078178,-0.47710720243268673,0.33212196857250875,0.725341314477346,-0.7958710308010064,-19.222668,22.73332
621433,1042,4023,0.4332587621178225,L,0.3384968445209408,0.6615031554790591,0.198024948024948,0.6488804192472606,87.54198312236288,102.2,16.462025316455698,65.77499999999999,0.4935622317596566,0.2713572916666666,206.0,754.0,206.0,754.0,6.8679744089702925,medium,0.1287214982874507,Brett Phillips,L,0.3916951803655928,1.2069557361313017,0.5436815114027513,0.8752623431287437,0.2559370822051548,11.54844,-17.039362
621438,1043,3648,0.5019188596491229,R,0.2348443473511742,0.7651556526488258,0.3277717976318622,0.6826815642458101,87.94887556221889,103.94,16.493253373313344,68.79565217391306,0.4759759759759759,0.3191668383110195,321.0,650.0,321.0,650.0,6.879355804460439,medium,0.0061356817637191,Tyrone Taylor,R,-0.4046920076060551,0.15721928826560302,-0.6568019373887778,-0.6820204925506201,0.7148132227367364,1.837031,-10.415441
621439,1044,9313,0.4993020508965962,R,0.2935483870967742,0.7064516129032258,0.3134042553191489,0.6887058313461956,90.27216633132126,106.6,17.813547954393023,74.40288461538461,0.5244658855961406,0.3250883306320907,703.0,1765.0,703.0,1765.0,7.81156848934518,high,0.0040654209599491,Byron Buxton,R,-0.5803640769684857,0.6960348278117653,-0.05601892754166631,-0.39563218653173166,1.297551080081001,3.404496,-12.339413
621446,1045,4423,0.5290526791770291,R,0.3132478632478632,0.6867521367521368,0.3687340696686491,0.7114548090865153,88.52405405405406,105.61,9.87972972972973,,0.4591549295774648,0.248587204206836,372.0,769.0,372.0,769.0,7.040536390215956,medium,0.0758327775214284,Lewis Brinson,R,-0.9460568849856775,-0.6548849811849549,-0.15280086489576547,-0.08954875746084175,0.7467150467915988,-3.7019203,23.432903
621450,1046,728,0.4642857142857143,L,0.2514792899408283,0.7485207100591716,0.2833787465940054,0.6481994459833795,88.01693548387097,102.1,10.508064516129032,,0.48,0.209827027027027,56.0,129.0,56.0,129.0,5.225746673713202,low,0.0928409468438538,Skye Bolt,L,-0.32635259746066314,-0.413389938196694,-0.4356122131611343,0.027727991918455232,-0.14040090662900928,2.6418552,14.067029
621453,1047,3392,0.4410377358490566,L,0.267379679144385,0.732620320855615,0.246670526925304,0.6426426426426426,86.87878192534382,101.9,12.25343811394892,,0.3782696177062374,0.284562945368171,202.0,640.0,202.0,640.0,6.736966958001855,medium,0.0338331528465346,Steven Duggar,L,-0.19067455419926432,0.3225344752176768,-0.00963954241556173,0.3240360541240874,0.0032127391216936804,-13.286622,-5.030661
621458,1048,1284,0.4789719626168224,L,0.3317073170731707,0.6682926829268293,0.2937595129375951,0.6730462519936204,91.06666666666666,106.28,12.045197740112997,,0.4662921348314606,0.3216018518518518,53.0,271.0,53.0,271.0,5.783825182329737,low,-0.0048748172387383,Edwin Ríos,L,-1.0973966439827463,-0.029244146883412547,-0.030751824771881837,0.24876292691906976,0.22682874379221363,-17.655052,4.890315
621466,1049,3312,0.4827898550724637,L,0.2995622263914946,0.7004377736085053,0.2358104154476302,0.7461010605115409,88.48156182212581,105.2,16.91540130151844,69.25845272206304,0.532150776053215,0.3273757802746567,160.0,641.0,160.0,641.0,6.687108607866515,medium,0.059029426677067,Dj Stewart,L,0.5810499771901428,1.845619279304028,0.9006277584278095,-0.008372998513574285,0.24119857140420609,12.705045,-21.363577
621471,1050,668,0.3937125748502994,L,0.1673003802281368,0.8326996197718631,0.1760797342192691,0.5722070844686649,87.06893203883496,98.6,10.300970873786408,,0.3541666666666667,0.3125471698113207,14.0,145.0,14.0,145.0,5.075173815233827,low,-0.0395807881773399,Boog Powell,L,1.376802695168184,-0.11889386555276847,0.2635233857448848,0.18318771133094763,-0.6145041968100791,14.612175,-7.4407496
621493,1051,5956,0.4296507723304231,R,0.2118014849550605,0.7881985150449394,0.2227472156598042,0.634480454393585,89.90183861082737,104.1,14.967313585291114,68.03263157894737,0.3965163934426229,0.3321255813953488,458.0,1047.0,458.0,1047.0,7.317212408359839,high,0.0131330689055442,Taylor Ward,R,-0.2377761429506275,0.9146601787766996,-0.5344700924506648,-0.36458060236275874,-0.8267829774072996,0.15297532,-18.485949
621500,1052,352,0.4289772727272727,R,0.3576158940397351,0.6423841059602649,0.2645502645502645,0.6196319018404908,86.9,104.62,23.08108108108108,,0.3888888888888889,0.2721666666666666,37.0,47.0,37.0,47.0,4.442651256490317,low,-0.0332409430707303,Wyatt Mathisen,R,0.4374622125105836,0.8107064088689386,0.062031927751433805,0.3639965690980185,0.3402282744679274,7.922098,-17.610832
621512,1053,2614,0.6128538638102525,R,0.3414481897627964,0.6585518102372035,0.4329971181556196,0.8164763458401305,87.01283018867925,102.4,7.90377358490566,,0.3358633776091081,0.2420673443456162,251.0,536.0,251.0,536.0,6.669498089857879,medium,0.0456518998632336,Tomás Nido,R,0.06364482836189081,-0.002476209196260776,1.1069235987768224,0.3038398518963104,0.10032095437574914,15.034391,-2.9010837
621514,1054,2330,0.4841201716738197,L,0.2615248226950354,0.7384751773049646,0.3074459567654123,0.6882516188714154,86.71942257217847,103.0,19.706036745406823,,0.4734042553191489,0.2896963979416809,105.0,478.0,105.0,478.0,6.369900982828227,low,-0.0021242877067144,Christin Stewart,L,-0.4175690790979787,0.016480833742422332,-0.1508832975597647,-0.04310638693854169,0.5339840846321037,-7.1236286,9.046657
621529,1055,122,0.3688524590163934,R,0.1333333333333333,0.8666666666666667,0.1551724137931034,0.5625,88.03750000000001,100.82,25.125,,0.2916666666666667,0.1929375,4.0,28.0,4.0,28.0,3.49650756146648,low,0.3872142857142858,Joe Hudson,R,0.31649397860885653,0.24979490956831576,-0.42643472883119626,0.18691613286248868,0.04633173700703501,-5.779222,-11.386968
621532,1056,811,0.4438964241676942,L,0.25,0.75,0.2707317073170732,0.6209476309226932,85.96209677419354,101.11,12.483870967741936,,0.4344262295081967,0.2241650943396226,47.0,165.0,47.0,165.0,5.3612921657094255,low,-0.0870482269503546,Anthony Bemboom,L,0.19230201988149656,0.018941930258469235,0.005910703787478102,0.27937921545414257,0.1846675678978927,4.0563536,-10.84549
621545,1057,555,0.4540540540540541,R,0.3253968253968253,0.6746031746031746,0.2558139534883721,0.6262626262626263,85.71397849462365,99.58,11.924731182795698,67.70666666666666,0.4086021505376344,0.2704322580645161,41.0,114.0,41.0,114.0,5.049856007249537,low,0.0950519897304236,Zach Remillard,R,0.41164680135043075,0.2703162652057832,-0.29843536243048746,0.6611597422813315,0.5829133701466207,6.2738376,-15.427005
621550,1058,5489,0.4829659318637274,R,0.3410033949453036,0.6589966050546964,0.2700704225352112,0.711211778029445,91.30842105263156,107.46,20.553383458646618,75.01258741258741,0.5151515151515151,0.3281353441608662,418.0,875.0,418.0,875.0,7.165493475060845,medium,0.0261195762132604,Patrick Wisdom,R,-0.07711965503639379,2.1634439067742823,0.30780683164161515,0.1547104621832068,0.916051302723103,11.325825,-21.941372
621559,1059,1097,0.4539653600729261,L,0.3172690763052208,0.6827309236947792,0.2457142857142857,0.6451048951048951,85.56136363636364,100.6,16.818181818181817,,0.512,0.2509805447470817,83.0,174.0,83.0,174.0,5.552959584921617,low,-0.0231804459216175,Max Moroff,L,0.5281672599586889,0.5733137130573351,-0.19042237807497706,0.9254205798078342,0.5423962971938638,7.027996,-17.24682
621563,1060,8334,0.4842812574994,L,0.1937561942517344,0.8062438057482656,0.3477460901563937,0.6332162568991471,88.20480142264374,101.8,6.8826318909306465,67.0596,0.4139393939393939,0.3015350262697023,451.0,1833.0,451.0,1833.0,7.734121303328305,medium,0.0275740495449888,Joey Wendle,L,0.4463054654451357,-1.095004085300274,0.4053460775068184,-0.3345646607164615,-0.3545015934671396,4.9336715,20.122343
621566,1061,15785,0.4618308520747545,L,0.2561042524005487,0.7438957475994513,0.2460412667946257,0.7033158813263525,92.77703045685278,108.1,17.256768189509305,73.45867620751342,0.4856020942408377,0.367175246732462,1147.0,2602.0,1147.0,2602.0,8.229511118964457,high,0.0417522340470445,Matt Olson,L,-0.647244729452008,1.3759455243951102,0.46683874990118557,-1.2900870958258228,-0.006690414932750343,19.353298,-21.831682
621573,1062,1436,0.4610027855153203,R,0.1963746223564955,0.8036253776435045,0.3267457180500658,0.6115214180206795,88.07795275590551,104.32,10.65748031496063,,0.3596837944664031,0.2886363636363636,121.0,242.0,121.0,242.0,5.8971538676367405,medium,-0.0296033057851239,Austin Dean,R,0.7146329380008489,-0.5354023945902466,0.4919119761455322,-0.7195777132883381,-0.2753606052104776,9.873081,9.273843
622046,1063,309,0.5372168284789643,L,0.4457831325301205,0.5542168674698795,0.3859649122807017,0.7246376811594203,89.1452380952381,104.24,11.69047619047619,,0.6097560975609756,0.2166463414634146,11.0,71.0,11.0,71.0,4.418840607796598,low,-0.1169513444302176,Chris Shaw,L,-0.59463313065109,-0.05620904233241754,0.5932213618830161,0.3806490197799139,0.3325946861742169,-10.402578,21.079485
622072,1064,829,0.2955367913148372,R,0.3510204081632653,0.6489795918367347,0.1612021857923497,0.4017278617710583,83.56285714285714,96.74,-4.814285714285714,,0.3055555555555556,0.1095796178343949,46.0,111.0,46.0,111.0,5.062595033026967,low,-0.0411921269095182,Alex Wood,R,-0.4493614934226596,-0.9292926928745484,0.4868561679707562,1.8082988346994802,-0.7635350375590216,-23.088102,21.7099
622100,1065,523,0.5162523900573613,R,0.2888888888888888,0.7111111111111111,0.3137254901960784,0.7089552238805971,90.75113636363636,105.53,12.625,,0.3707865168539326,0.2769007633587786,36.0,95.0,36.0,95.0,4.882801922586371,low,0.0845590643274853,Taylor Jones,R,-0.5075211742268074,0.22552081686135828,0.0525363695476,-0.29824687983768344,-0.4947629549203526,17.47938,7.3612375
622110,1066,9400,0.451595744680851,R,0.1658421672555948,0.8341578327444051,0.2583423035522066,0.6403785488958991,87.23527793065493,100.4,7.022014309301046,64.9751724137931,0.3242937853107344,0.3116228317870109,784.0,1695.0,784.0,1695.0,7.8160138391590275,high,-0.0146315250436457,Matt Duffy,R,0.39235657190555506,-0.5556435165790334,-0.4261002163628122,0.00805181355774081,-1.411930588888383,4.8672175,9.3396635
622168,1067,2254,0.5674356699201419,R,0.2650508209538702,0.7349491790461298,0.4015215553677092,0.7507002801120448,86.37117117117118,102.17,5.558558558558558,,0.408352668213457,0.3067770597738288,189.0,430.0,189.0,430.0,6.429719478039138,medium,0.0148990771502399,Yairo Muñoz,R,0.4294880039239704,-0.4410997664559654,0.5723042078745538,0.20026129649578397,0.5804069396190387,-9.824705,6.422431
622194,1068,1764,0.4336734693877551,L,0.1986928104575163,0.8013071895424837,0.2247446083995459,0.6421291053227633,89.2531598513011,104.0,5.947955390334572,,0.3938223938223938,0.2915401459854014,72.0,339.0,72.0,339.0,6.021023349349527,low,0.1202436086529006,Bruce Maxwell,L,-0.17905852254506835,-0.2401574742959658,0.970303102378646,-0.22433206493256247,-0.8587447808626952,-18.335552,26.31529
622210,1069,12,0.5,L,0.3333333333333333,0.6666666666666666,0.2,0.7142857142857143,86.1,90.5,-14.0,,0.5,0.0,0.0,3.0,0.0,3.0,1.3862943611198906,low,,Ian Parmley,L,-0.058585065436910416,0.003956956749634129,0.10971596438395,-0.014612044825154206,-0.003522832466379639,4.161551,0.93851197
622226,1070,201,0.4527363184079602,L,0.4835164835164834,0.5164835164835165,0.2649572649572649,0.7142857142857143,94.02666666666669,109.86,17.8,,0.6,0.2512222222222222,6.0,39.0,6.0,39.0,3.828641396489095,low,0.1206410256410256,Dylan Cozens,L,-1.0083254713709755,0.2124880029989722,0.3198314259316727,0.767600256423868,0.5350376381108972,-18.892235,5.4816437
622268,1071,671,0.526080476900149,L,0.2294617563739377,0.7705382436260623,0.347953216374269,0.7112462006079028,86.6184,101.66,8.192,,0.448,0.2336348314606741,37.0,141.0,37.0,141.0,5.187385805840755,low,-0.0914228483802952,Donovan Walton,L,-0.34442630767918103,-0.2816498258071235,-0.19576476581162372,0.07770193901789647,-0.03053610126832813,-6.105965,5.8830857
622270,1072,193,0.4818652849740932,R,0.2473118279569892,0.7526881720430108,0.2840909090909091,0.6476190476190476,83.5060606060606,99.44,5.606060606060606,,0.34375,0.1432083333333333,15.0,33.0,15.0,33.0,3.8918202981106265,low,0.1537818181818182,Alex Mejia,R,0.4108539584644718,-0.5156076674377744,-0.013057094336404278,0.5266281885221681,-0.4976400671109365,-17.737368,22.92715
622441,1073,109,0.5229357798165137,R,0.2105263157894736,0.7894736842105263,0.2857142857142857,0.6716417910447762,74.52608695652174,97.98,23.130434782608695,,0.1111111111111111,0.1483030303030303,9.0,24.0,9.0,24.0,3.5263605246161616,low,0.0640555555555555,Rafael Bautista,R,0.6034854191807044,-0.4432169503084949,-0.05260199326367597,0.2850371614600148,0.14440332695129027,-11.153344,12.23163
622491,1074,600,0.58,R,0.3850574712643678,0.6149425287356322,0.4341085271317829,0.6900584795321637,80.190625,95.35,2.9479166666666665,,0.3404255319148936,0.1216416184971098,57.0,116.0,57.0,116.0,5.159055299214529,low,-0.0440760738052026,Luis Castillo,R,-0.36406498047779867,-1.2571590422657313,0.4608669647504627,1.7808736647941905,1.0154463615351237,-23.52714,15.253472
622492,1075,9,0.7777777777777778,R,0.7142857142857143,0.2857142857142857,0.8,0.75,,,,,,0.0,0.0,3.0,0.0,3.0,1.3862943611198906,low,,Keury Mella,R,-0.05545780013470031,-0.09922082421009358,0.11222375651977183,0.05143257205035081,0.11767763507878048,-4.4831862,8.181768
622497,1076,167,0.5988023952095808,L,0.29,0.71,0.4352941176470588,0.7682926829268293,87.29736842105264,102.33,5.7105263157894735,,0.4864864864864865,0.2295102040816326,21.0,28.0,21.0,28.0,3.912023005428146,low,0.0061428571428571,Miguel Gómez,L,0.22461683714060157,-0.592539281260222,0.11171112940502301,-0.026816520892494183,0.39890934642298465,-5.4964857,15.577925
622534,1077,10543,0.4754813620411647,R,0.2024735687213246,0.7975264312786754,0.2761923003256081,0.6709883502442691,87.9746138996139,104.5,10.864030858244938,70.3758064516129,0.3966286564204264,0.2998126323218066,871.0,1963.0,871.0,1963.0,7.949797216161852,high,0.0405335649820181,Manuel Margot,R,0.7634668315808759,0.1730672019347685,0.5520290512221879,-1.2053573832883637,-0.5057923651319418,6.3832917,-6.9647875
622569,1078,1955,0.4281329923273657,R,0.1696535244922341,0.8303464755077659,0.2314629258517034,0.6332288401253918,88.18455284552846,102.3,12.802168021680217,67.35301204819277,0.4376731301939058,0.2996158415841584,190.0,315.0,190.0,315.0,6.226536669287466,medium,0.0680673350041771,Pablo Reyes,R,0.9346460827925754,0.7287157972951034,0.09931731686043008,-0.9364792091060711,0.14424071527685334,17.032127,-18.607634
622608,1079,472,0.5444915254237288,R,0.4513618677042801,0.5486381322957199,0.4776785714285714,0.6048387096774194,82.99803921568626,97.6,-4.098039215686274,,0.4117647058823529,0.045076923076923,9.0,30.0,9.0,30.0,3.688879454113936,low,-0.0586,Antonio Senzatela,R,-0.09004443706262363,-0.9558169380452244,0.34173564650720206,0.7345740577030271,0.6384408537175833,-22.361435,16.976955
622666,1080,5301,0.5019807583474816,L,0.2435174746335964,0.7564825253664036,0.3246202755210173,0.7052631578947368,87.57453027139874,102.63,11.031347962382446,67.9625,0.4469453376205787,0.3094372680029695,409.0,938.0,409.0,938.0,7.206377291472252,medium,-0.030504866516179,Johan Camargo,L,0.08931524643370232,-0.5287682562321983,0.18857468646885783,-0.6992797629089048,0.6332838201138892,11.712358,2.012561
622668,1081,22,0.2727272727272727,L,0.1666666666666666,0.8333333333333334,0.0769230769230769,0.5555555555555556,90.93333333333334,96.56,-21.666666666666668,,0.3333333333333333,0.39275,2.0,2.0,2.0,2.0,1.6094379124341005,low,-0.0935,Ivan Castillo,L,0.07589398951492617,-0.07034940757983889,-0.008523527593230619,-0.03980320082763753,-0.1873875000567722,2.1459005,3.1104758
622682,1082,4944,0.5459142394822006,L,0.2234160800296406,0.7765839199703594,0.4102564102564102,0.6932489451476793,87.98247535596933,102.1,8.951807228915662,,0.3855555555555555,0.2901832419733751,315.0,962.0,315.0,962.0,7.15305163493748,medium,-0.015905204105204,Víctor Reyes,L,0.7057195633737634,-1.4341053703282152,1.3439379567264587,-0.3628061871208758,-0.44816229353706183,8.828484,22.085732
622713,1083,37,0.5135135135135135,L,0.2631578947368421,0.7368421052631579,0.3333333333333333,0.8461538461538461,85.8,91.78,-0.6666666666666666,,0.3333333333333333,0.1962499999999999,4.0,4.0,4.0,4.0,2.1972245773362196,low,-0.0475,Engelb Vielma,L,0.23253678461889704,-0.0976003071550562,0.058968984883966256,0.010035401631958242,-0.04143835940290702,5.056166,1.8809897
622761,1084,4180,0.5153110047846889,R,0.2818012999071495,0.7181987000928505,0.3459434822242479,0.702416918429003,87.10136239782017,104.9,13.44550408719346,71.6375,0.4008264462809917,0.2759557362240289,387.0,720.0,387.0,720.0,7.010311867307229,medium,0.0222088501291989,Jorge Mateo,R,-0.9506906385854803,-0.7944432390628822,-0.2627111079841279,-0.22399734379347383,-0.4779463003423235,16.491882,8.144094
622766,1085,21,0.6666666666666666,R,0.4285714285714286,0.5714285714285714,0.375,0.8461538461538461,74.56,79.82000000000001,-19.6,,0.4,0.0,0.0,1.0,0.0,1.0,0.6931471805599453,low,,Miguel Díaz,R,0.049223906836397754,-0.053612886546346356,0.032218354693587456,-0.018420845143271428,0.08420066342342875,1.043939,-0.5389836
623143,1086,856,0.4859813084112149,R,0.2403846153846154,0.7596153846153846,0.2783251231527093,0.6733333333333333,83.38658536585366,97.8,13.01219512195122,,0.4125,0.277431718061674,80.0,147.0,80.0,147.0,5.429345628954441,low,-0.0289451530612245,Trevor Brown,R,-0.04838668670987052,-0.3311920421116852,-1.1021171823884937,0.9474417139329585,-0.10520008905961686,-12.120178,-7.4748173
623166,1087,2,0.5,R,0.0,1.0,,0.5,93.8,93.8,2.0,,1.0,0.0,1.0,0.0,1.0,0.0,0.6931471805599453,low,,Mike Miller,R,0.10544691043547094,-0.03593910303841703,-0.06798458790916352,-0.03575620167851953,0.02501161876186145,0.94366807,0.06600587
623168,1088,977,0.5046059365404298,L,0.1683569979716024,0.8316430020283976,0.3265306122448979,0.6837782340862423,82.36,97.61,22.71,64.3103448275862,0.4517766497461929,0.2651086956521739,83.0,193.0,83.0,193.0,5.6240175061873385,low,-0.0156268181534427,Tyler Heineman,L,0.8935625815548371,-0.4181816012787281,-0.8013881580397285,0.16212311761050366,0.8750777776463233,-21.689264,5.971288
623180,1089,132,0.4393939393939394,R,0.3275862068965517,0.6724137931034483,0.2777777777777778,0.6333333333333333,89.45714285714286,104.4,8.238095238095237,,0.3333333333333333,0.3331515151515151,10.0,23.0,10.0,23.0,3.5263605246161616,low,-0.0795608695652174,Seth Mejias-Brean,R,-0.2636187017390961,-0.12222638172901808,0.11248751905740002,-0.09049544447256336,-0.5998397979050117,-2.422847,3.7107296
623182,1090,999,0.4694694694694695,R,0.3347547974413646,0.6652452025586354,0.2912087912087912,0.6843267108167771,86.92116788321168,105.62,11.255474452554743,,0.3759398496240601,0.3053855421686747,105.0,144.0,105.0,144.0,5.521460917862246,low,0.0602658730158729,Patrick Kivlehan,R,-0.07720563213126776,0.5080375202723929,0.732100314659988,0.06044315997122081,0.4619374350755414,8.390275,-12.763604
623205,1091,2322,0.5137812230835487,L,0.3344509639564124,0.6655490360435876,0.2797262617621899,0.751084128360798,87.78151515151515,102.91,8.460606060606061,68.19638554216867,0.4151515151515151,0.2390818330605564,189.0,422.0,189.0,422.0,6.416732282512326,medium,-0.0208870834273678,Andrew Velazquez,L,0.27474311207996727,0.5073198677607423,1.2435549540318978,0.5072896115875319,-0.41955658558545295,15.629018,-12.864026
623214,1092,66,0.4696969696969697,R,0.3548387096774194,0.6451612903225806,0.4186046511627907,0.5652173913043478,86.10000000000001,105.44,-8.0,,0.5,0.2668421052631579,16.0,3.0,16.0,3.0,2.995732273553991,low,-0.0314583333333333,Abiatal Avelino,R,-0.3721006109874818,-0.36317820321956173,0.018798029393241735,0.15594756605916274,-0.27245588626315637,-1.1355002,7.237885
623323,1093,369,0.4823848238482385,R,0.3089887640449438,0.6910112359550562,0.2887700534759358,0.6813186813186813,84.89636363636365,101.2,11.727272727272728,,0.3703703703703703,0.160625,45.0,51.0,45.0,51.0,4.574710978503383,low,0.0427450980392156,Braden Bishop,R,-0.14419022024137995,0.14414437217214884,-0.19861701663975287,0.540937510631454,-0.13926114962111774,-8.692839,-9.131343
623437,1094,5,0.0,R,,,0.0,0.0,,,,,,0.0,0.0,1.0,0.0,1.0,0.6931471805599453,low,,Justin Topa,R,-0.0786414202921681,-0.08378752816618083,-0.030921204781366174,0.016390797415161647,-0.03267898043438556,-2.1478405,-2.1398623
623454,1095,12,0.5833333333333334,R,0.7142857142857143,0.2857142857142857,0.5,0.6666666666666666,82.9,82.9,-21.0,,0.0,0.0,1.0,0.0,1.0,0.0,0.6931471805599453,low,,Drew Anderson,R,-0.01806682823285198,-0.020543149812266657,-0.004911845061399823,0.035341789793195535,0.02115035982823841,0.33008814,-1.7441978
623507,1096,113,0.5132743362831859,L,0.2931034482758621,0.7068965517241379,0.3962264150943396,0.6166666666666667,87.41764705882352,103.94,-2.588235294117647,,0.6470588235294118,0.151,3.0,25.0,3.0,25.0,3.367295829986474,low,0.16912,Josh Lester,L,-0.36920374180994237,-0.4336784958241731,-0.17193546728534692,-0.11229321949468599,0.07145382892138892,-3.154854,10.504188
623508,1097,51,0.5098039215686274,R,0.3076923076923077,0.6923076923076923,0.2307692307692307,0.8,86.03333333333333,99.68,1.7777777777777777,,0.6666666666666666,0.1352307692307692,5.0,8.0,5.0,8.0,2.6390573296152584,low,0.3516,Trent Giambrone,R,-0.0568681230308861,0.06288441703006367,0.055016433485646846,-0.055990385160821034,0.14609341872204873,5.577406,-0.06420493
623515,1098,26,0.4615384615384615,R,0.5,0.5,0.2,0.8181818181818182,79.575,84.01,-24.5,,0.5,0.0985714285714285,7.0,0.0,7.0,0.0,2.0794415416798357,low,,Drew Jackson,R,-0.02448026969800994,0.1656553425646379,0.30121547105671387,0.1363423363478336,-0.04177831031649389,5.8442593,-3.8128018
623520,1099,4564,0.453111305872042,R,0.2843326885880077,0.7156673114119922,0.2769360269360269,0.6444241316270567,91.03384831460674,107.09,7.780898876404494,,0.4056737588652482,0.3082165660051769,338.0,821.0,338.0,821.0,7.05617528410041,medium,-0.0124554735529626,David Bote,R,0.15146888186774157,1.1330589915651232,1.333224920581912,-0.11422608637101599,-0.05063455300262675,13.928496,-15.65263
623912,1100,6155,0.5562956945572705,R,0.2412383177570093,0.7587616822429907,0.4212266987372219,0.7150936726758572,89.30494117647059,106.2,5.186520376175548,70.81347708894879,0.3750985027580772,0.3220130718954248,497.0,1186.0,497.0,1186.0,7.428927194802272,high,0.0425274225453904,Harold Ramírez,R,-0.30335773543577854,-1.3720424577041,0.6410150027870877,-0.8894310823825109,0.1765119421161105,9.350095,11.974442
623993,1101,9966,0.5008027292795505,L,0.2099779603285915,0.7900220396714085,0.3469162995594713,0.686365648517043,90.02224147891393,106.3,19.465626805314848,71.61569664902999,0.4718100890207715,0.326123618501842,718.0,1725.0,718.0,1725.0,7.801391320291485,high,-0.0133087174518589,Anthony Santander,L,-0.13841416667411935,-0.2908386045164835,0.3922476592030348,-1.41589542334532,0.2851692059669749,14.98827,17.129423
624407,1102,868,0.4493087557603686,L,0.2461538461538461,0.7538461538461538,0.2579908675799087,0.6441860465116279,85.60518518518519,99.48,11.377777777777778,,0.4104477611940298,0.2733209302325581,38.0,177.0,38.0,177.0,5.375278407684165,low,0.0930578352661314,Tzu-Wei Lin,L,0.6097388872042765,-0.44419665988896984,-0.1343778186988044,-0.0351966559542047,-0.34039230230585765,5.112415,6.557953
624413,1103,11032,0.4718999274836838,R,0.2437572032270457,0.7562427967729543,0.3101534443356187,0.6738687321646963,90.21530720338984,109.5,16.420550847457626,74.13158914728683,0.4529220779220779,0.3630125260960334,794.0,2080.0,794.0,2080.0,7.963807953231451,high,-0.0053232234547568,Pete Alonso,R,-0.4410892349166387,1.0969722395329498,0.7149757017888251,-1.2199135073836183,0.6955747389598044,14.304654,13.670743
624414,1104,3628,0.5531973539140022,R,0.218236173393124,0.7817638266068759,0.3626551538046411,0.752112676056338,87.72510760401723,104.1,8.085959885386819,70.57704918032786,0.3791606367583213,0.2995340793489318,360.0,623.0,360.0,623.0,6.891625897052253,medium,-0.0005271268057784,Christian Arroyo,R,-0.00845841865392838,-0.15679296718546964,0.45551765272629396,-0.35098236547611505,0.00377508933143149,21.049799,-4.4057426
624415,1105,6742,0.3832690596262236,L,0.2329721362229102,0.7670278637770898,0.1529097387173396,0.6132187314759929,88.375780409042,101.0,17.666307857911733,66.10774907749078,0.4804772234273319,0.3239063462723352,401.0,1222.0,401.0,1222.0,7.392647520721623,medium,0.003565288905396,Cavan Biggio,L,-0.35940778246205185,0.49275223701748005,-1.3567090091320613,1.0370156034407962,-0.8825945689532393,-11.003372,-7.977143
624418,1106,3,0.3333333333333333,R,0.0,1.0,0.5,0.0,89.4,89.4,-10.0,,1.0,0.0,1.0,0.0,1.0,0.0,0.6931471805599453,low,,Ryan Castellani,R,0.11232212217082281,-0.07924191066479716,0.047667361287445656,-0.09113264572608472,0.006205401540432503,5.8291345,2.221496
624419,1107,222,0.4639639639639639,L,0.2912621359223301,0.7087378640776699,0.3255813953488372,0.6559139784946236,84.94666666666667,98.22,14.7,,0.4827586206896552,0.2457777777777778,8.0,46.0,8.0,46.0,4.007333185232471,low,0.0302608695652174,Nick Ciuffo,L,-0.2739804222387831,-0.5904482874212802,0.044618694598958945,0.2753753162727457,0.2440929766208898,-12.182542,14.269916
624424,1108,13961,0.4417305350619583,L,0.2391762607426625,0.7608237392573375,0.2447684622654246,0.6643271284711626,89.0921889616464,105.2,13.487839101964452,71.87195945945946,0.4342802118440058,0.3469272567922874,895.0,2528.0,895.0,2528.0,8.138564737261632,high,0.0623973958701647,Michael Conforto,L,-0.11534943031111382,1.0329238596650157,0.2996035998743619,-0.7376518473735982,-0.12793138372028068,7.748016,-3.2125447
624428,1109,13101,0.4733226471261735,L,0.1398161586840832,0.8601838413159167,0.2663775747251045,0.6744431065623119,86.02489719626169,99.5,12.428411214953272,65.52014388489208,0.4164768413059985,0.3148400576368875,757.0,2713.0,757.0,2713.0,8.152198015861787,high,0.0332207785694496,Adam Frazier,L,1.4241713689367472,-0.19902800379848837,-0.8135794247671826,-0.6460701553105932,-0.37942017926205157,25.749897,5.576008
624431,1110,3736,0.4769807280513918,R,0.196408529741863,0.8035914702581369,0.3690786048932847,0.5911845730027548,87.28117942283563,102.74,10.573934837092732,66.65555555555555,0.3860759493670886,0.2749961315280464,293.0,741.0,293.0,741.0,6.942156705699469,medium,0.048897191784923,Jose Trevino,R,0.4416699477099413,-0.9558979365546044,-0.10720151279470312,-0.7265364078255327,-0.8602791781341429,-7.463822,12.856856
624503,1111,2613,0.5866819747416763,L,0.2550554468362688,0.7449445531637312,0.3880712625871417,0.7806354009077155,90.44961832061068,103.1,11.062977099236642,,0.4531548757170172,0.2967135207496653,147.0,600.0,147.0,600.0,6.617402977974478,medium,0.0631468027210884,Nick Gordon,L,0.2744490238758002,-0.026620917679139607,0.6415162106739252,-0.026237691799589315,0.15907376892387926,-7.35677,22.96987
624507,1112,611,0.5220949263502455,L,0.3040752351097179,0.6959247648902821,0.3472222222222222,0.6780185758513931,86.65408163265306,102.93,17.46938775510204,,0.59375,0.2415266272189349,34.0,135.0,34.0,135.0,5.135798437050262,low,0.0887675381263616,Ryder Jones,L,-9.736522917999971e-05,-0.26148724963208586,0.026029858512825785,0.5784018196383602,0.9859024941315057,-6.6238785,16.166862
624512,1113,3132,0.5118135376756067,L,0.2027448533998752,0.7972551466001248,0.3566477630749842,0.6711974110032363,86.05933333333333,100.9,10.755,65.77022471910112,0.4321608040201005,0.2956097560975609,159.0,702.0,159.0,702.0,6.759255270663693,medium,0.0613938343277965,Reese Mcguire,L,-0.21917812980161927,-1.069442068658618,-0.08777957063880933,0.025729664723285046,-0.006709801716784162,-21.794754,8.149207
624513,1114,1499,0.3975983989326217,L,0.2869127516778523,0.7130872483221476,0.220795892169448,0.5888888888888889,86.04836956521739,101.5,21.505434782608695,,0.489010989010989,0.2788571428571428,48.0,295.0,48.0,295.0,5.840641657373398,low,0.0748530367231638,Dom Nuñez,L,0.09536442434491754,0.4478871096006463,-0.8819526708315276,0.6264558160913425,0.5845366074192536,-3.3164968,-13.035369
624577,1115,8521,0.4999413214411454,R,0.2478873239436619,0.752112676056338,0.2870144284128746,0.7387948207171314,89.4738288569644,107.7,12.04684572142411,,0.4147764095917045,0.3364611692844677,655.0,1637.0,655.0,1637.0,7.737616282857904,high,-0.0351314506614687,Yasiel Puig,R,-0.5699882487502903,0.27599463159329585,1.2040421817481832,-0.5613140961418092,0.14436973371276834,15.579682,0.7202771
624585,1116,13644,0.4446643213133978,R,0.2975111257623207,0.7024888742376793,0.2515469464622007,0.6758454106280193,91.33330082886395,109.3,15.1969770843491,74.29803921568627,0.491044776119403,0.3382514934289127,831.0,2517.0,831.0,2517.0,8.116417072794205,high,0.0374588423270497,Jorge Soler,R,-1.6143112246493785,0.7677332073017018,-0.40144741828012137,-0.21030920717793733,0.30101687549538686,-2.8707826,-17.007442
624636,1117,504,0.4484126984126984,R,0.2123893805309734,0.7876106194690266,0.3347107438016529,0.5534351145038168,81.01688311688312,97.64,12.090909090909092,,0.4,0.2465658914728682,52.0,77.0,52.0,77.0,4.867534450455582,low,0.0458321678321678,Carlos Tocci,R,0.0222851907460649,-1.1445148540408157,-0.681860062550532,0.5465422743180589,0.6090931350313551,-21.462553,12.132715
624641,1118,2964,0.562753036437247,R,0.2697841726618705,0.7302158273381295,0.395364238410596,0.7365887207702888,86.67701974865349,104.0,10.195691202872531,71.94342105263158,0.4288288288288288,0.3077076735688185,291.0,530.0,291.0,530.0,6.71174039505618,medium,0.0120787395448355,Edmundo Sosa,R,0.8177837711907127,-0.19652975956797367,0.9696060153756765,-0.6306360642743711,0.775285753928417,17.136324,14.329354
625329,1119,121,0.5371900826446281,L,0.1538461538461538,0.8461538461538461,0.2923076923076923,0.8214285714285714,91.18,105.86,4.966666666666667,,0.4137931034482758,0.3017222222222222,3.0,33.0,3.0,33.0,3.610917912644224,low,0.3291515151515151,Henry Urrutia,L,-0.06855599320745946,-0.3385363840640992,1.0036045791881907,-0.6955312853498427,-0.24831545729730045,13.698773,15.408032
625510,1120,182,0.478021978021978,L,0.2758620689655172,0.7241379310344828,0.3052631578947368,0.6666666666666666,78.65217391304348,90.86,16.956521739130434,,0.6086956521739131,0.2120731707317073,17.0,24.0,17.0,24.0,3.737669618283368,low,-0.0041960784313725,Erick Mejia,L,0.26271661312260775,-0.17886212338471325,-0.15774281145927982,0.2793727762364816,0.44204258135560537,-1.1712513,1.1315281
627500,1121,2,1.0,L,0.0,1.0,1.0,1.0,95.0,95.0,-17.0,,0.0,0.0,0.0,1.0,0.0,1.0,0.6931471805599453,low,,Jen-Ho Tseng,L,-0.09748036896213157,-0.18806465052490964,0.012584122698467183,-0.04938432824842191,-0.008522695980522755,1.0194638,6.1191998
628317,1122,615,0.5560975609756098,R,0.2222222222222222,0.7777777777777778,0.4661921708185053,0.6317365269461078,80.07142857142857,93.15,8.095238095238095,,0.4297520661157025,0.1836981132075471,22.0,84.0,22.0,84.0,4.672828834461906,low,0.018621212121212,Kenta Maeda,R,0.5385617971386358,-1.2820627213555278,0.2840847107959598,0.6063560024476742,0.8425679304780394,-17.640896,13.926662
628329,1123,1060,0.5169811320754717,R,0.2317518248175182,0.7682481751824818,0.3403846153846154,0.687037037037037,88.46008968609866,102.6,0.937219730941704,,0.413953488372093,0.2826148648648648,95.0,201.0,95.0,201.0,5.6937321388027,low,0.0967536004189578,Rusney Castillo,R,0.4334795587807781,-0.46084268439241716,0.9356849170299864,-0.4686655191338814,-0.08299347627330995,8.756992,4.6924386
628336,1124,445,0.5078651685393258,L,0.1548672566371681,0.8451327433628318,0.3259911894273127,0.6972477064220184,85.35049504950494,101.5,11.603960396039604,,0.4516129032258064,0.3038861788617886,19.0,104.0,19.0,104.0,4.820281565605037,low,0.0626725708502024,José Fernández,L,0.32462873717435015,-0.6450250478479589,-0.6556450685106915,-0.27626904273152597,0.08999215891761102,-2.9529808,14.848697
628338,1125,5940,0.4542087542087542,R,0.2023721275018531,0.7976278724981468,0.223291307232913,0.692071086807929,85.65769961977186,100.9,11.803231939163496,,0.4117063492063492,0.2896593548387096,639.0,911.0,639.0,911.0,7.346655163176539,high,0.0475884932721097,Guillermo Heredia,R,0.0934997221429938,0.13913009238841803,-0.8008107247779352,0.20876178451886473,-0.48007861482682185,-6.96173,-9.080908
628356,1126,4137,0.4266376601401982,R,0.2521246458923513,0.7478753541076487,0.2419038272816486,0.6060028585040496,90.68166666666669,107.2,9.51060606060606,,0.4887556221889055,0.3422648490749757,255.0,772.0,255.0,772.0,6.93537044601511,medium,-0.0659862186325307,Jung Ho Kang,R,-0.5199282344719419,0.3939076128234051,-0.3856451200943617,-0.7626025550758211,0.4890135107994263,29.123337,-0.26114544
628450,1127,2573,0.5064127477652546,L,0.273983115886416,0.726016884113584,0.2968980797636632,0.7391304347826086,89.20997782705099,102.3,4.382743362831858,,0.390728476821192,0.3150622083981337,148.0,495.0,148.0,495.0,6.467698726104354,medium,-0.0151911001911002,Yadiel Hernández,L,1.1837550365275928,0.7397928344023631,1.2799045793998802,-0.15840917321369585,-0.37626052040511376,16.204247,-9.15157
628451,1128,2762,0.5079652425778421,R,0.2017106200997861,0.7982893799002139,0.3157894736842105,0.712789827973074,88.79400998336106,102.8,14.173044925124792,67.65792682926829,0.3634840871021775,0.3103610755441741,259.0,522.0,259.0,522.0,6.661854740545311,medium,0.0425309398068018,Andy Ibáñez,R,0.5250814734619637,0.28127304945949844,0.004285897208212226,-0.6768099380557484,0.007503455683527687,8.474079,4.0810676
628711,1129,348,0.514367816091954,L,0.3072625698324022,0.6927374301675978,0.4723926380368098,0.5513513513513514,86.27999999999999,99.48,5.890909090909091,,0.4074074074074074,0.196655737704918,10.0,51.0,10.0,51.0,4.127134385045092,low,-0.1853254901960784,Julio Urías,L,0.020985130164860134,-1.0579290067038645,0.10747331922650022,0.29629737559543534,0.4690682196433431,-8.403495,14.517
630105,1130,7867,0.4338375492563874,L,0.1435687078816291,0.8564312921183709,0.2317811102341489,0.6227250368912937,88.04712885154062,102.8,14.707282913165264,66.34895104895105,0.3815513626834381,0.3244799206742687,624.0,1393.0,624.0,1393.0,7.609862200913554,high,0.0210962044655512,Jake Cronenworth,L,0.45572066430891145,0.013862559041866318,-0.21148711332939898,-0.6321739486494603,-0.24390275946605727,-13.500588,-4.893309
630111,1131,4116,0.5663265306122449,R,0.280995280995281,0.719004719004719,0.3910590277777778,0.7891832229580574,90.2715,105.7,7.94125,,0.3854033290653009,0.3253518360375747,321.0,850.0,321.0,850.0,7.066466970136958,medium,0.0608270258383727,Yasmany Tomás,R,-1.2177989913358167,-1.2590576930270894,0.879928673369963,0.5840678966605117,-0.2558468459673009,-10.492341,23.703346
640447,1132,2663,0.4573788959819752,R,0.2446633825944171,0.7553366174055829,0.2464840858623242,0.6745426829268293,85.3346062052506,101.62,15.69689737470167,,0.3925925925925926,0.3136656534954407,247.0,411.0,247.0,411.0,6.490723534502507,medium,0.0537822236669719,Phil Ervin,R,0.5770055354067062,0.8699376968321632,-0.14836369891094203,0.13900363693591158,-0.10909362833873151,26.11048,-12.488638
640449,1133,3828,0.414576802507837,R,0.2835538752362949,0.7164461247637051,0.1785350966429298,0.6638023630504833,87.73455882352941,104.9,13.479779411764708,,0.4280373831775701,0.3197562028047465,307.0,620.0,307.0,620.0,6.833031732786201,medium,-0.0124441945991383,Clint Frazier,R,-0.6436000063419643,1.387285113198501,-0.33984091299157004,0.5976235932215428,-0.27495984274810575,1.6543638,-24.243513
640457,1134,6958,0.4440931302098304,L,0.2116504854368932,0.7883495145631068,0.2481327800829875,0.6559976069398744,89.47173913043478,105.1,18.641739130434782,,0.4635004397537379,0.3398525564803805,523.0,1159.0,523.0,1159.0,7.428333194190806,high,0.0592262697617944,Austin Meadows,L,-0.06917045001549867,0.605194120244419,-0.61480147139284,-1.0633794191187749,0.27089129756369523,9.314978,-2.7513244
640458,1135,3511,0.5064084306465394,R,0.2412823397075365,0.7587176602924635,0.2719151312116136,0.7505813953488372,87.3117816091954,101.7,16.485632183908045,,0.4434782608695652,0.2907427385892116,366.0,598.0,366.0,598.0,6.872128101338986,medium,0.0256259663358737,Óscar Mercado,R,-0.0393134935491216,0.49066151455204515,-0.9429069287853528,-0.015743993125612803,0.46352414021895155,-6.8402343,-14.192147
640459,1136,15,0.6,R,0.2222222222222222,0.7777777777777778,0.5,0.7142857142857143,92.75,96.0,33.0,,0.25,0.3532,1.0,4.0,1.0,4.0,1.791759469228055,low,-0.4415,Brian Navarreto,R,0.03996275200747577,-0.0317509637697082,0.08453237061939359,-0.1478295889542409,0.24107922321750413,7.7914286,0.3789282
640460,1137,200,0.555,R,0.2522522522522522,0.7477477477477478,0.3548387096774194,0.7289719626168224,84.62903225806451,102.6,12.225806451612904,,0.4666666666666667,0.2487142857142857,11.0,38.0,11.0,38.0,3.912023005428146,low,0.2719784688995215,Dustin Peterson,R,0.26409894373758297,0.16521791137815658,0.4309697688123262,-0.3257335225521465,-0.07212137684622436,16.21742,-2.3071346
640461,1138,6400,0.519375,R,0.2671480144404332,0.7328519855595668,0.2914321450906816,0.7470331043098064,90.21433691756272,105.6,10.453405017921147,,0.3916211293260473,0.3047663012117714,754.0,979.0,754.0,979.0,7.458186157340487,high,0.048675570264683,Chad Pinder,R,-0.5184480417842148,0.571277059594427,0.9582850781174242,-0.3942591872077651,-0.1197130561937795,16.842436,2.078003
640463,1139,131,0.4274809160305343,R,0.2142857142857143,0.7857142857142857,0.2413793103448276,0.5753424657534246,82.08181818181818,97.83,12.136363636363637,,0.5714285714285714,0.0,0.0,2.0,0.0,2.0,1.0986122886681098,low,,Braden Shipley,R,-0.045195794968503955,-0.02659754999731732,-0.059788820454502165,-0.021462759161045526,0.06609497206146749,1.3052266,-1.4685796
640492,1140,1082,0.5526802218114603,R,0.2257525083612039,0.774247491638796,0.4013605442176871,0.7327935222672065,87.86179245283019,102.39,10.253521126760564,68.36463414634146,0.3037383177570093,0.2787403846153846,163.0,149.0,163.0,149.0,5.746203190540153,medium,-0.0617741590151109,José Azócar,R,0.26537712111112977,-0.5122898106581708,0.6571505401444574,-0.31657550971475307,-0.2357813302029739,9.342583,20.064941
641149,1141,16,0.375,R,1.0,0.0,0.4545454545454545,0.2,,,,,,0.0,1.0,0.0,1.0,0.0,0.6931471805599453,low,,Wes Parsons,R,-0.030177190286233186,-0.03036276856248475,0.023387867753174515,0.07885055070638854,0.024571189135768022,-0.008343992,-1.0135409
641313,1142,13480,0.5517062314540059,R,0.254403657388732,0.745596342611268,0.3809730668983492,0.7310617584423487,87.49933847850056,103.0,6.476295479603087,66.85191489361702,0.3902803738317757,0.3151051660516605,960.0,2834.0,960.0,2834.0,8.24143968982973,high,0.0604694417490002,Tim Anderson,R,1.0704381890935366,-0.09784045487786858,1.3522569949986942,-0.19225186843785236,0.2887844171145628,11.157944,3.4924216
641319,1143,2206,0.4605621033544878,L,0.1850393700787401,0.8149606299212598,0.233271375464684,0.6769911504424779,85.47300771208226,97.7,14.91516709511568,,0.4607046070460704,0.2842711571675302,149.0,430.0,149.0,430.0,6.363028103540465,medium,0.0896867332604963,Carlos Asuaje,L,1.337117327542535,0.5872543731304447,-0.4261931298906062,0.6064050432561743,0.23131060556358968,-6.614528,-12.77782
641343,1144,5706,0.4341044514546092,L,0.2547436415018167,0.7452563584981833,0.2306122448979591,0.6503976861894433,88.12590361445783,104.11,15.19277108433735,73.23846153846154,0.4689054726368159,0.2908472022955523,330.0,1064.0,330.0,1064.0,7.240649694255466,medium,0.0333317213488266,Jake Bauers,L,-0.8460207930365504,0.3777547377188983,-0.25931796880888025,0.18956005129781525,-0.09533614050171799,-8.4907875,-18.985256
641355,1145,14258,0.4708935334549025,L,0.2464998510574918,0.7535001489425082,0.2707453331516555,0.6831912126029773,89.68341902313625,104.2,18.071550985432733,68.47568027210883,0.4991228070175438,0.3462143266475644,1127.0,2363.0,1127.0,2363.0,8.157943507105037,high,0.0213985973494809,Cody Bellinger,L,-1.0854082863426415,0.5406118622483018,-0.8743077734579213,-1.1936151555057395,0.19811328127616945,2.8953362,-7.445018
641432,1146,4019,0.4558347847723314,L,0.1490174672489083,0.8509825327510917,0.2580645161290322,0.6673532440782698,89.6696019300362,104.32,14.49397590361446,,0.4711656441717791,0.302220479704797,254.0,830.0,254.0,830.0,6.98933526597456,medium,0.0125049331182999,Willie Calhoun,L,-0.42533118142356147,-0.43913425118665367,-1.0941945537169224,-1.1978412788593187,0.17898853712968366,-1.3267891,-8.35171
641438,1147,22,0.4545454545454545,R,0.8,0.2,0.4444444444444444,0.4615384615384615,,,,,,0.0,1.0,0.0,1.0,0.0,0.6931471805599453,low,,Shane Carle,R,-0.032188808597305954,-0.08395013243740622,0.0010323726105755722,-0.03706811789377298,0.05562481239333907,0.8770681,-1.5605725
641470,1148,1953,0.4224270353302611,L,0.3066666666666666,0.6933333333333334,0.1773347324239244,0.656,91.10753138075314,104.34,19.476987447698743,70.19999999999999,0.4641350210970464,0.2810889370932755,104.0,357.0,104.0,357.0,6.135564891081739,low,0.0534809847015729,Zack Collins,L,-0.9701224433320291,0.8211653487191113,-0.452673444245152,0.8876518174715894,-0.3900244091885813,-6.4798403,-22.738722
641477,1149,1141,0.4837861524978089,R,0.302536231884058,0.697463768115942,0.2822719449225473,0.6928571428571428,88.90115606936416,103.9,19.497109826589597,,0.4702380952380952,0.2558269896193771,122.0,167.0,122.0,167.0,5.66988092298052,medium,-0.0156868067144399,Ryan Cordell,R,-0.051284143278689416,0.4212356184455174,0.023803165330320817,-0.12617508064594188,0.2848872974379632,5.224468,-5.267271
641487,1150,11467,0.41327286997471,L,0.1591052964760497,0.8408947035239502,0.1982094897045658,0.6174770486229174,86.21232876712328,102.8,11.711882229232389,70.28173302107729,0.4167110164981373,0.3187101554029635,889.0,1878.0,889.0,1878.0,7.92588031673756,high,0.0373835219479354,J. P. Crawford,L,0.5515396834663864,0.2406738694351579,-0.28474954035525485,-1.2971439119948411,-1.0131370064334797,8.454586,7.017588
641505,1151,1823,0.4196379594075699,R,0.2431372549019608,0.7568627450980392,0.2333333333333333,0.6013001083423619,85.06415094339623,100.26,6.950943396226415,,0.4,0.2613883928571429,136.0,312.0,136.0,312.0,6.1070228877422545,medium,0.0516308446455505,Jonathan Davis,R,0.6118445402298216,0.38432055012766037,-0.4811098314730035,0.6871630923971005,0.02968495967534822,-12.699266,-10.174069
641511,1152,1323,0.526832955404384,R,0.2596843615494978,0.7403156384505022,0.3130990415335463,0.7187948350071736,84.5111111111111,99.26,13.714285714285714,64.9201550387597,0.4618834080717489,0.2707948717948717,141.0,210.0,141.0,210.0,5.863631175598097,medium,0.0326571428571428,Jason Delay,R,0.2529368336410071,0.19876713030743734,-0.3771115366229845,0.3399892943210031,-0.3065259184742344,6.726932,-9.343513
641512,1153,88,0.4886363636363636,R,0.3255813953488372,0.6744186046511628,0.2765957446808511,0.7317073170731707,73.62142857142858,94.34,8.571428571428571,,0.2142857142857142,0.2423333333333333,6.0,18.0,6.0,18.0,3.218875824868201,low,-0.01,Ben Deluzio,R,0.23123945820337422,0.24441697608962215,0.0042319280890849255,0.37350627068133246,0.41567729660020586,6.46266,-15.795428
641513,1154,1302,0.4400921658986175,R,0.3333333333333333,0.6666666666666666,0.2626728110599078,0.6175115207373272,90.504469273743,105.52,13.798882681564246,,0.3785310734463277,0.2650923566878981,90.0,224.0,90.0,224.0,5.752572638825633,low,0.0106642857142857,Travis Demeritte,R,0.3072300517636427,0.7573099114029745,0.6920587068476015,-0.3915442639541314,0.046335706668064025,16.979212,-13.554589
641525,1155,2563,0.5126804525946157,R,0.3272450532724505,0.6727549467275494,0.3305279265493496,0.7022292993630573,89.2609022556391,105.72,15.957393483709271,75.55714285714285,0.3875968992248062,0.2801504559270517,202.0,456.0,202.0,456.0,6.490723534502507,medium,-0.0285981413930866,Brandon Dixon,R,-0.5927881460960749,0.31419533350791157,0.24432851406766834,0.021316341543077336,-0.2653842141816,14.992463,7.6327987
641531,1156,8940,0.4776286353467561,R,0.2779859484777517,0.7220140515222483,0.295650346711494,0.6847644104281272,89.27013513513512,106.2,14.872297297297298,,0.4342465753424657,0.3110151318633809,630.0,1683.0,630.0,1683.0,7.746732907753622,high,0.0107557083439436,Hunter Dozier,R,-0.9047060206493647,0.8586399007393802,-0.3866606358431713,-0.08323254652216769,-0.21887556282646858,1.1893817,-10.018982
641553,1157,5761,0.4976566568304114,R,0.3034530868503662,0.6965469131496338,0.3187907935417382,0.6803508771929825,86.34070512820512,103.55,14.072727272727272,,0.4312431243124312,0.2744571615434925,471.0,1058.0,471.0,1058.0,7.333023014386481,high,0.0015638528008219,Adam Engel,R,0.5236863125056178,0.5636333362783799,0.17812150083118916,0.2337984368895893,0.6394162350244732,6.7265115,-15.165188
641561,1158,182,0.5604395604395604,R,0.2647058823529411,0.7352941176470589,0.3854166666666667,0.7558139534883721,83.09428571428572,96.76,6.8,,0.4857142857142857,0.2752075471698113,23.0,30.0,23.0,30.0,3.9889840465642745,low,-0.0678072463768115,Johneshwy Fargas,R,0.30618218722337426,0.163342899945424,0.40946683112387566,0.03369154298392958,0.47222772757593534,18.143627,-8.896763
641583,1159,930,0.5,L,0.2258064516129032,0.7741935483870968,0.2893518518518518,0.6827309236947792,88.47951807228915,104.35,15.99397590361446,,0.4437086092715231,0.2521967871485944,21.0,228.0,21.0,228.0,5.521460917862246,low,0.1381842105263157,Dustin Fowler,L,-0.11107688101667751,-0.2919879592799177,0.4295958688098322,-0.521391386102164,0.15389474153139795,14.32409,20.069597
641584,1160,3833,0.4649099921732325,L,0.2418630751964084,0.7581369248035915,0.2482517482517482,0.701802293828509,84.815823817292,102.6,15.657980456026058,70.43206751054853,0.4885245901639344,0.3267063740856844,173.0,784.0,173.0,784.0,6.86484777797086,medium,0.1171921596673351,Jake Fraley,L,-0.05505716155727452,0.554606732404707,-0.2012876546396283,0.1581302263855024,-0.16299675936102984,-13.532058,-22.082516
641598,1161,6867,0.3841561089267511,R,0.2342683851402577,0.7657316148597423,0.1868228404099561,0.5793742757821553,90.14573412698412,105.63,16.731150793650794,69.12888283378746,0.5020325203252033,0.3514772167487685,536.0,1088.0,536.0,1088.0,7.393263094763838,high,0.0357712082967515,Mitch Garver,R,-0.46829902316617905,0.7535032712481938,-1.1685158731346397,-0.31068805484900347,-0.20658318158796551,3.30251,-18.721783
641645,1162,3398,0.3996468510888758,L,0.1273932253313696,0.8726067746686303,0.2019405700424499,0.5860491709548313,86.6020725388601,99.4,7.067357512953368,63.82222222222222,0.3211169284467713,0.3035221674876847,193.0,619.0,193.0,619.0,6.70073110954781,medium,0.0491533561569303,Luis Guillorme,L,0.7207837197811385,-0.39783614702564757,-0.6539941148796226,-0.022485240084205164,-1.4997852533025562,-20.527586,-11.736534
641658,1163,5907,0.4232266802099204,R,0.2411999999999999,0.7588,0.2325025606008876,0.6108126259234385,86.44655737704919,101.3,12.587978142076503,65.80581395348837,0.3687089715536105,0.2938685601056803,521.0,993.0,521.0,993.0,7.323170717943469,high,0.0447144077641378,Garrett Hampson,R,0.768312035394617,0.4224924430244094,-0.4455390384078553,0.5044780574804352,-0.5061307634705257,6.5543456,-10.633804
641680,1164,5027,0.5080564949273921,L,0.1953797963978073,0.8046202036021927,0.2919736331911594,0.735702614379085,88.62064864864865,103.72,16.670981661272922,66.84183976261127,0.507103825136612,0.299204081632653,312.0,962.0,312.0,962.0,7.150701457592526,medium,-0.0618286555786556,Jonah Heim,L,-0.22057049940632575,-0.1301785721972837,-0.2858763225049541,-1.194797288883487,0.18403156559526235,3.207667,11.642844
641684,1165,929,0.4779332615715823,R,0.3626126126126126,0.6373873873873874,0.2770833333333333,0.6926503340757239,86.51833333333335,104.02,19.958333333333332,,0.504424778761062,0.2506929824561403,94.0,134.0,94.0,134.0,5.43372200355424,low,0.0737770720863766,Michael Hermosillo,R,0.07061208545015267,0.9186758340193981,-0.23009841134312053,0.45970828337677777,0.8046859092824672,7.6539717,-20.63353
641712,1166,189,0.4391534391534391,R,0.3132530120481928,0.6867469879518072,0.2976190476190476,0.5523809523809524,82.67692307692307,95.75,-14.692307692307692,,0.2592592592592592,0.1030357142857142,8.0,48.0,8.0,48.0,4.04305126783455,low,0.3393124999999999,Dakota Hudson,R,-0.27046404329892093,-1.0864480962739385,0.2064150242905894,1.1042232753437426,-0.2677323618985634,-21.783396,19.257301
641741,1167,37,0.4054054054054054,L,0.0666666666666666,0.9333333333333332,0.0555555555555555,0.7368421052631579,83.26666666666667,96.7,25.5,,0.5,0.3328,1.0,9.0,1.0,9.0,2.3978952727983707,low,0.3697777777777777,Gosuke Katoh,L,0.03039933038193212,-0.017136311215693204,-0.4131966079312791,0.05962754316671744,0.10800559324280898,-4.8415384,-10.788641
641771,1168,433,0.4572748267898383,R,0.303030303030303,0.696969696969697,0.3055555555555556,0.5652173913043478,82.74444444444444,97.74,-5.682539682539683,,0.4098360655737705,0.1181224489795918,11.0,38.0,11.0,38.0,3.912023005428146,low,0.0532966507177033,Chad Kuhl,R,-0.16062092099444805,-0.7652195032719186,-0.060681919969490926,0.5676071164206491,-0.40984839484240193,-18.8644,20.962662
641779,1169,693,0.4386724386724386,R,0.2401315789473684,0.7598684210526315,0.2714681440443213,0.6204819277108434,87.30196078431372,103.29,16.892156862745097,,0.4509803921568627,0.3180710059171597,50.0,119.0,50.0,119.0,5.135798437050262,low,-0.0304924369747899,Charles Leblanc,R,-0.2832834499216037,0.5854496665331022,-0.3587172899544681,0.1411988056748191,-0.5066295102887914,-5.567639,-8.7156725
641786,1170,2385,0.4561844863731656,R,0.3428308823529411,0.6571691176470589,0.2571428571428571,0.6791111111111111,89.21449704142012,105.03,14.319526627218934,70.21578947368421,0.3768545994065282,0.3174724137931034,169.0,411.0,169.0,411.0,6.364750756851911,medium,-0.0387605061979008,Kyle Lewis,R,0.3744129308205946,1.1405868175562937,0.6704519674888726,-0.24562660235158734,-0.4145705224537246,26.009748,-7.155516
641796,1171,2261,0.4608580274214949,R,0.2120921305182341,0.7879078694817658,0.3398058252427184,0.5824468085106383,83.78690176322418,100.02,14.3727959697733,66.4,0.4458762886597938,0.2990424836601307,281.0,331.0,281.0,331.0,6.418364935936212,medium,0.0107782305318725,Tim Locastro,R,1.7150431897817915,-0.026176638267469386,0.5819206158698825,-0.10530161518642739,1.462885814825303,16.45851,-15.468042
641816,1172,492,0.483739837398374,R,0.273109243697479,0.726890756302521,0.2610619469026549,0.6729323308270677,85.74027777777778,99.37,-12.27777777777778,,0.3088235294117647,0.0916101694915254,16.0,43.0,16.0,43.0,4.0943445622221,low,-0.0663546511627907,Tyler Mahle,R,-0.31779618960576594,-0.7735971519593666,0.5237830356269774,0.7263732794805002,-0.4500493328349646,-18.633085,18.51764
641820,1173,13408,0.4876939140811456,R,0.2633430188102156,0.7366569811897844,0.3131098854476029,0.6824996054915575,89.44969081272085,106.3,8.718639575971732,71.28550724637681,0.3991769547325103,0.3312894893111638,1094.0,2274.0,1094.0,2274.0,8.122371243406553,high,0.0004363378080486,Trey Mancini,R,-0.8622250244413746,-0.3931748374035197,-0.07045542897481329,-0.2565532103381976,-0.6373910320010939,4.511257,13.293676
641829,1174,825,0.48,L,0.2803030303030303,0.7196969696969697,0.2475728155339805,0.711864406779661,87.74580152671756,102.9,10.725190839694656,,0.5038167938931297,0.2570833333333333,44.0,160.0,44.0,160.0,5.3230099791384085,low,0.1552215909090909,Jason Martin,L,-0.15891413495114387,0.6803045615605625,0.14690293780107921,-0.05145643573954355,-0.004300620576303832,11.768385,-19.225597
641851,1175,14,0.5,R,0.0,1.0,0.1666666666666666,0.75,92.575,99.75,3.0,,0.3333333333333333,0.0,2.0,0.0,2.0,0.0,1.0986122886681098,low,,Kyle Mcgowin,R,0.022131971587367856,-0.025469012136553133,0.08558610233812529,-0.025971029310910117,0.030719318362503908,5.312996,0.17075881
641856,1176,3695,0.447361299052774,L,0.2304900181488203,0.7695099818511797,0.2385120350109409,0.6518478843063739,87.62667814113597,103.4,16.120481927710845,70.11120689655172,0.5034843205574913,0.2886413641364136,163.0,746.0,163.0,746.0,6.813444599510896,medium,0.0079579351634073,Billy Mckinney,L,0.3041806423142402,0.6418818464372069,-0.17692639409801367,0.06706740299757878,0.13544827017749897,7.9449744,-10.887137
641857,1177,11624,0.4781486579490709,L,0.2848146815401223,0.7151853184598777,0.2575652173913043,0.6940755873340143,90.87016274864376,106.1,10.480409885473176,70.89813432835821,0.4024390243902439,0.3241909747292419,784.0,1986.0,784.0,1986.0,7.926963544862979,high,0.0374197289187577,Ryan Mcmahon,L,-0.6298582601590643,1.1510540546286578,1.4596572264312926,0.2526505139403992,-0.2629760437261898,15.275215,-26.07857
641878,1178,74,0.5540540540540541,L,0.2682926829268293,0.7317073170731707,0.3333333333333333,0.8,87.44285714285715,97.45,11.5,,0.5,0.1739411764705882,3.0,14.0,3.0,14.0,2.8903717578961645,low,0.2112142857142857,Ian Miller,L,0.13628716048373155,0.12752386001844654,-0.03968459529706727,0.3413123388336968,0.1859635375916066,-3.9531434,-9.1476555
641914,1179,1677,0.5044722719141324,R,0.2801418439716312,0.7198581560283688,0.3188745603751465,0.6966019417475728,89.22851711026615,103.92,4.326996197718631,,0.3056603773584905,0.2482738095238095,187.0,233.0,187.0,233.0,6.042632833682381,medium,-0.1232229005531201,Sheldon Neuse,R,0.2749661203924649,-0.08963098844107595,1.1778530194401657,-0.01396964857712809,-1.1114982291981692,13.895651,6.4258013
641924,1180,555,0.4864864864864865,R,0.3703703703703703,0.6296296296296297,0.2943262411347517,0.684981684981685,87.44923076923077,104.68,23.06153846153846,,0.40625,0.2994923076923076,42.0,88.0,42.0,88.0,4.875197323201151,low,0.1774247835497835,Jacob Nottingham,R,0.3767587960070665,0.8141574667768209,0.658392402652168,0.2750547518881867,0.7201454001116909,13.217965,-18.643358
641929,1181,202,0.4059405940594059,R,0.3902439024390244,0.6097560975609756,0.2211538461538461,0.6020408163265306,86.14,97.24,10.45,,0.45,0.1602444444444444,12.0,33.0,12.0,33.0,3.828641396489095,low,-0.0596515151515151,Joseph Odom,R,0.3172390406085605,0.22177001259420623,0.2631762561897046,0.36287390162171,0.06773662917825195,11.133805,-10.513241
641933,1182,6475,0.4807722007722008,R,0.3193061355605525,0.6806938644394475,0.2779911373707533,0.7029126213592233,90.68682328907047,107.1,16.57814096016343,70.9776515151515,0.4329896907216495,0.3327726161369193,360.0,1276.0,360.0,1276.0,7.400620577371135,medium,0.0263366161616161,Tyler O'Neill,R,-0.3638919609415862,1.7261017719200142,0.46810408084453914,-0.35562095195407817,-0.018479312263643285,10.48155,-22.685072
641943,1183,1317,0.5163249810174639,L,0.25,0.75,0.313572542901716,0.7085798816568047,90.16296296296296,104.32,7.351020408163265,69.73262411347517,0.4691358024691358,0.2795681818181818,65.0,287.0,65.0,287.0,5.8664680569332965,low,-0.0229081747520771,Joshua Palacios,L,-0.10037044893807358,0.2138141173167723,0.20398580265699803,-0.7945814640682096,-0.4179577983646913,22.542715,1.032557
641958,1184,61,0.5901639344262295,L,0.1111111111111111,0.8888888888888888,0.4074074074074074,0.7352941176470589,82.28235294117647,97.8,11.0,,0.6470588235294118,0.4252105263157895,3.0,16.0,3.0,16.0,2.995732273553991,low,-0.116125,Jordan Patterson,L,0.243487339140075,-0.4398877710392931,0.29127114929520775,-0.24003896696521926,0.41183521201063394,9.826722,22.143625
641999,1185,16,0.4375,L,0.5714285714285714,0.4285714285714285,0.3333333333333333,0.5714285714285714,86.5,86.5,5.0,,1.0,0.2306666666666666,0.0,3.0,0.0,3.0,1.3862943611198906,low,,Corey Ray,L,-0.05451696569247619,0.019710811955431392,0.060044928396567776,0.07854010347670805,-0.030651176213425464,-0.36946386,-3.4033859
642003,1186,108,0.2962962962962963,L,0.5,0.5,0.1956521739130435,0.3709677419354839,68.13333333333334,80.44,-7.0,,0.0,0.0,1.0,0.0,1.0,0.0,0.6931471805599453,low,,Cody Reed,L,0.04102781666654815,-0.01977552526822325,-0.00852510123191096,-0.020670999666753908,0.00035431741604871207,1.4064436,-0.4095038
642020,1187,204,0.5931372549019608,R,0.2396694214876032,0.7603305785123967,0.44,0.7403846153846154,86.21904761904761,103.49,0.5476190476190477,,0.238095238095238,0.1729152542372881,11.0,48.0,11.0,48.0,4.0943445622221,low,0.0271458333333333,Chuckie Robinson,R,-0.12063985845030127,0.1778614646766279,1.041335229511929,-0.015480681015139247,0.04091517918546234,16.490673,2.1991253
642082,1188,2513,0.4492638280939116,L,0.3188662533215235,0.6811337466784765,0.2124898621248986,0.67734375,88.01948881789137,100.88,15.792332268370608,,0.4983606557377049,0.2950032894736842,76.0,532.0,76.0,532.0,6.411818267709897,low,0.0573421052631579,Chance Sisco,L,0.1480493678488024,0.9542912348760711,-0.4076156228773333,0.8621235018778997,0.039103458944530496,2.1573079,-22.12347
642086,1189,7460,0.4997319034852547,L,0.2339055793991415,0.7660944206008584,0.3155601127915919,0.7016015734756954,88.15563743551952,102.9,13.274871039056745,67.11160949868074,0.4407796101949025,0.3115945807770961,490.0,1466.0,490.0,1466.0,7.579167967396076,high,0.0081044213046747,Dominic Smith,L,-0.34722007768785107,-0.38812104786419044,-0.2985709870465557,-1.0021830401765188,0.095328787060573,-25.0893,4.477384
642094,1190,71,0.5070422535211268,R,0.3055555555555556,0.6944444444444444,0.1875,0.7692307692307693,83.77777777777777,94.06,2.6666666666666665,,0.375,0.2316842105263158,9.0,10.0,9.0,10.0,2.995732273553991,low,0.0763888888888889,Tyler Smith,R,0.058824555934345164,-0.04784464980308404,-0.14956040023587994,0.4584847455116975,0.08897900149459807,-8.518263,-8.352771
642133,1191,7448,0.4507250268528464,L,0.2368185880250223,0.7631814119749777,0.3048533872598584,0.615979381443299,90.83876092136616,107.72,14.097619047619048,73.85588235294118,0.4406374501992032,0.3174375335120643,428.0,1437.0,428.0,1437.0,7.531552381407289,medium,0.0205206654569813,Rowdy Tellez,L,-1.4161942834630739,-1.0788173540328152,0.27399658188406617,-0.8598159596205461,-0.12779378901377778,3.6460855,22.17097
642136,1192,2401,0.4581424406497292,L,0.2981818181818182,0.7018181818181818,0.1901993355481727,0.7276524644945698,88.59201183431952,104.16,11.0,71.25594059405941,0.5044776119402985,0.2935214408233276,87.0,496.0,87.0,496.0,6.369900982828227,low,0.0103538885799036,Matt Thaiss,L,-0.22534540145699525,1.1988402268169451,0.34098728256196015,0.34101312941999945,-0.2766098074637694,1.7076973,-19.324709
642137,1193,323,0.5541795665634675,L,0.4022346368715084,0.5977653631284916,0.34375,0.7607361963190185,87.76511627906977,101.8,11.046511627906977,72.71071428571429,0.5348837209302325,0.2854871794871795,9.0,69.0,9.0,69.0,4.3694478524670215,low,-0.2775362318840579,Cody Thomas,L,-0.4793718498937569,-0.2545215979657113,0.35040178880357886,-0.12030606157956675,0.04309699231495899,12.880504,12.145517
642156,1194,317,0.4700315457413249,R,0.2416107382550335,0.7583892617449665,0.2214765100671141,0.6904761904761905,87.03999999999999,98.44,15.916666666666666,,0.4,0.1861704545454545,32.0,56.0,32.0,56.0,4.48863636973214,low,-0.0661205357142857,Stuart Turner,R,-0.24977211486388465,-0.3387229267550439,-0.7361128384547838,0.7778644335473677,-0.3258936649997612,-10.036679,-8.029557
642162,1195,3200,0.53,R,0.2806603773584906,0.7193396226415094,0.330694275274056,0.7400513478818999,86.77652329749104,102.23,18.130824372759857,,0.3727272727272727,0.2755567251461988,367.0,488.0,367.0,488.0,6.752270376141742,medium,0.0524358332961093,Pat Valaika,R,0.6456654698112615,0.4141212580515155,0.6559243987222816,-0.06917087227139268,0.15997510353149844,21.022818,-13.106192
642165,1196,3468,0.3898500576701268,L,0.2329881656804734,0.7670118343195266,0.1913762551683402,0.5791549295774648,89.24423440453685,102.3,16.688090737240074,,0.4647619047619047,0.2816052318668252,122.0,719.0,122.0,719.0,6.7357800142423265,medium,0.0143605873366925,Josh Vanmeter,L,0.16819252429645584,0.2736040909402197,-1.2558130379704742,0.13299758144193047,-0.13992924596829603,-15.6714525,-11.210701
642180,1197,2664,0.4403153153153153,L,0.2208013640238704,0.7791986359761296,0.2373009855951478,0.6394052044609665,84.7267469879518,99.06,9.171084337349397,,0.4226044226044226,0.2660071530758225,141.0,558.0,141.0,558.0,6.551080335043404,medium,0.0526485167391138,Tyler Wade,L,0.4153522266686372,0.0919517919285575,-0.09499022795595134,0.1144338872023109,-0.35329381312543895,-4.563559,0.3992232
642201,1198,1607,0.4735532047293093,R,0.3114323258869907,0.6885676741130092,0.2519480519480519,0.6774193548387096,85.53259911894274,101.62,16.11894273127753,,0.4107142857142857,0.2462068965517241,175.0,231.0,175.0,231.0,6.008813185442595,medium,-0.045990303030303,Eli White,R,0.07971231364412544,0.6838514908809652,-0.15608915013268082,0.5282580135043636,-0.16473486897278744,5.0534663,-22.764189
642211,1199,521,0.4452975047984644,L,0.3318965517241379,0.6681034482758621,0.2832167832167832,0.6425531914893617,91.78831168831168,107.62,3.805194805194805,,0.3815789473684211,0.2289280575539568,19.0,120.0,19.0,120.0,4.941642422609304,low,0.0314355263157895,Justin Williams,L,-0.6921903584522587,-0.195468668518755,0.6435887119020668,0.4896344208777037,-0.3179626859677403,-11.413322,2.5972168
642215,1200,87,0.3908045977011494,R,0.3235294117647058,0.6764705882352942,0.1489361702127659,0.675,83.1,102.52,3.3333333333333335,73.74117647058823,0.7777777777777778,0.4414545454545454,9.0,13.0,9.0,13.0,3.1354942159291497,low,0.284102564102564,Weston Wilson,R,-0.22317566806737096,0.5101320493573407,-0.34069560871936944,0.25119080986208553,0.16264568219251155,-1.5109612,-19.317444
642221,1201,297,0.4915824915824915,L,0.2808219178082192,0.7191780821917808,0.3416149068322981,0.6691176470588235,82.63600000000001,98.67,6.0,,0.4489795918367347,0.1774875,9.0,71.0,9.0,71.0,4.394449154672439,low,-0.018981220657277,Kean Wong,L,0.5183510334775181,-0.7230052650293014,0.3559554656951826,0.3566292332477129,0.018725980539796672,-15.718413,11.90458
642336,1202,3993,0.5830202854996244,L,0.220360824742268,0.779639175257732,0.4720439963336388,0.7167310877967974,86.8201282051282,101.5,16.606410256410257,67.18461538461538,0.5104166666666666,0.2911471663619744,345.0,749.0,345.0,749.0,6.9985096422506015,medium,-0.0105427874847622,Francisco Mejía,L,0.8233363781951227,-1.1684132853706084,0.3084245345032098,-0.4957985019713433,1.9699772332168852,-6.82777,17.994528
642350,1203,2779,0.5271680460597337,R,0.3665529010238908,0.6334470989761092,0.3771929824561403,0.6985350809560524,87.91556603773584,105.87,14.821176470588236,70.97633333333334,0.4646226415094339,0.3018955223880596,194.0,543.0,194.0,543.0,6.6039438246004725,medium,-0.0557653072848436,José Siri,R,0.35627472722575076,0.7947729650087647,1.1172540605111156,-0.07673539901776441,0.840063539623149,18.177315,-16.310902
642423,1204,2247,0.4979973297730307,L,0.2144772117962466,0.7855227882037533,0.3421516754850088,0.6567834681042228,83.10631067961165,98.39,5.463592233009709,,0.3955223880597014,0.2405176282051282,127.0,497.0,127.0,497.0,6.437751649736401,medium,-0.0180743516215403,Magneuris Sierra,L,0.4283853281798446,-1.1522292204484856,0.49426194667519363,0.5345109112039452,0.27382146601075064,-18.609444,9.586219
642451,1205,13,0.5384615384615384,L,0.2857142857142857,0.7142857142857143,0.3333333333333333,0.7142857142857143,87.1,87.1,45.0,,0.0,0.0,0.0,5.0,0.0,5.0,1.791759469228055,low,,Luis Liberato,L,-0.06510240417500868,-0.09140120498434627,-0.12709713163402406,-0.01732414134720772,0.04616780572407316,1.2032118,4.260359
642456,1206,338,0.4792899408284023,L,0.1790123456790123,0.8209876543209876,0.2658227848101265,0.6666666666666666,87.25999999999999,100.32,5.6,,0.4923076923076923,0.2752365591397849,9.0,84.0,9.0,84.0,4.543294782270004,low,0.0648452380952381,Luis Barrera,L,0.5523885494653434,-0.29384994615232174,0.5215739800128024,-0.20970314177850546,-0.5081581396965308,11.84193,4.10301
642701,1207,20,0.7,R,0.5,0.5,0.5555555555555556,0.8181818181818182,91.3,94.08,12.666666666666666,,1.0,0.52925,1.0,3.0,1.0,3.0,1.6094379124341005,low,0.957,Dennis Santana,R,-0.15175469451923573,-0.15747025355999755,-0.1359744447431512,0.06786520350426359,0.3122471777303092,-6.028841,9.017798
642707,1208,847,0.4391971664698937,R,0.2661290322580645,0.7338709677419355,0.2844243792325056,0.6089108910891089,82.14794520547946,100.25,9.205479452054794,,0.3941605839416058,0.2565442477876106,45.0,181.0,45.0,181.0,5.424950017481403,low,-0.1539267034990792,Allen Córdoba,R,0.26940609027788875,-0.6029585431915817,-0.38080620308769636,0.4908641666723996,0.4904987048900447,-12.406702,14.2234335
642708,1209,12143,0.5238408959894589,R,0.2257506681339411,0.7742493318660588,0.3770044900577293,0.6788555950567123,88.25561305732484,103.6,6.776849642004773,69.92932098765432,0.3408071748878923,0.3044570917759237,946.0,2410.0,946.0,2410.0,8.118802996980035,high,0.0556859228198222,Amed Rosario,R,0.3014504954015865,-1.28876150662642,0.9352835821837923,-1.2330244002305741,-0.11964989496771872,8.143397,19.025686
642715,1210,11733,0.4843603511463394,R,0.2794298785852542,0.7205701214147457,0.2789137902830034,0.7078291814946619,88.38737596471886,104.5,15.113561190738698,70.61418803418803,0.4364145658263305,0.3260182318541452,829.0,2078.0,829.0,2078.0,7.97522083865341,high,-0.0281578940035828,Willy Adames,R,-0.7536353153605334,1.1316476024965052,-0.2787007637622478,-0.6292644965771278,0.21316438857541534,3.427016,-15.162678
642721,1211,1652,0.4430992736077482,R,0.3019125683060109,0.6980874316939891,0.2785714285714286,0.6133004926108374,90.05584905660378,106.66,1.3735849056603773,,0.3698113207547169,0.267511961722488,128.0,290.0,128.0,290.0,6.037870919922137,medium,0.0480550107758621,Kelvin Gutiérrez,R,-1.5940408501997183,-0.7919190144306671,-0.31420639170309156,0.19297026855363666,-0.8934695341858839,0.9314414,23.516462
642727,1212,2066,0.4220716360116166,L,0.2454128440366972,0.7545871559633027,0.2198233562315996,0.6189111747851003,86.90384615384616,99.6,12.762820512820513,,0.4387096774193548,0.2730523138832998,143.0,354.0,143.0,354.0,6.210600077024653,medium,0.0439200347674924,Sergio Alcántara,L,0.5822639472255025,-0.004967435301252505,-0.7004938796955074,0.6454172892266511,-0.48953467923781285,-16.545233,-4.729678
642731,1213,4755,0.4984227129337539,R,0.1995780590717299,0.80042194092827,0.3393646964213912,0.6728395061728395,86.1139634801289,102.1,8.762057877813504,68.08776041666667,0.4670981661272923,0.3152719696969697,414.0,906.0,414.0,906.0,7.186144304522325,medium,-0.0018954314233611,Thairo Estrada,R,-0.4237250409710808,-0.3635086122595585,-0.41928316409877137,-0.65630015290164,0.30167304047402776,-0.38672444,15.666124
642736,1214,479,0.5073068893528184,L,0.2633744855967078,0.7366255144032922,0.3837209302325581,0.6515837104072398,81.81375,99.34,14.65,,0.4125,0.2122380952380952,24.0,102.0,24.0,102.0,4.844187086458591,low,0.0816691176470588,Domingo Leyba,L,1.0708527863077053,-0.29033271434712954,0.04981870012755012,0.2841166581171073,0.8161854101602612,-7.4567266,15.977898
642770,1215,75,0.5066666666666667,L,0.368421052631579,0.631578947368421,0.375,0.6571428571428571,72.64285714285714,87.02000000000001,-11.142857142857142,,0.5714285714285714,0.201578947368421,5.0,14.0,5.0,14.0,2.995732273553991,low,0.2735714285714286,Javy Guerra,L,-0.08665444064801693,-0.12175392235221945,0.15355896413402773,0.28456933709875787,-0.006439488931823908,-5.0156026,6.9387765
642772,1216,78,0.4358974358974359,L,0.3529411764705882,0.6470588235294118,0.1621621621621621,0.6829268292682927,82.61111111111111,99.48,16.555555555555557,,0.4444444444444444,0.2534444444444444,8.0,10.0,8.0,10.0,2.9444389791664403,low,-0.0984249999999999,Luis Alexander Basabe,L,-0.21164308073263066,0.28607465886271416,-0.26047049593404764,0.5901495290115674,-0.12479124629962744,-7.357131,-18.56139
642851,1217,2550,0.452156862745098,R,0.2237640936686903,0.7762359063313097,0.313915857605178,0.5821917808219178,85.13237250554323,101.5,10.208425720620845,67.43116883116883,0.4211711711711711,0.2636428571428571,222.0,422.0,222.0,422.0,6.4692503167957724,medium,-0.0164135604799112,Austin Wynns,R,0.5544286068521891,-0.5787471748476052,-1.0674569563872207,-0.0006419647372057672,0.20262963730290237,-16.09268,-9.529753
643217,1218,14473,0.4797208595315415,L,0.1899755149071006,0.8100244850928994,0.2620198764437281,0.7104027323182012,88.26139310855872,101.9,14.502408299370137,65.62351738241308,0.4042472506636329,0.3311133280127693,964.0,2795.0,964.0,2795.0,8.23217423638394,high,0.0260613027857986,Andrew Benintendi,L,0.7812757522667826,0.3224945466337861,0.09179501322475261,-1.114765441313114,-0.08867776289435288,22.903156,-3.0758371
643230,1219,313,0.5431309904153354,L,0.1941176470588235,0.8058823529411765,0.3356643356643357,0.7176470588235294,87.75694444444444,100.56,1.3472222222222223,,0.2857142857142857,0.3322558139534883,9.0,34.0,9.0,34.0,3.784189633918261,low,-0.1657745098039215,Steven Brault,L,0.05229251155548892,-0.7102301048625149,0.38715542495579003,0.03971082150150208,0.2070265442857259,-6.228803,18.787924
643265,1220,7274,0.4763541380258455,R,0.2389610389610389,0.7610389610389611,0.3329848405645583,0.6354408352668214,89.4808362369338,106.73,8.87979094076655,72.00241935483871,0.3779527559055118,0.333773303916161,471.0,1342.0,471.0,1342.0,7.503289630675082,high,0.0188498106258365,Garrett Cooper,R,0.22192793424616641,-0.08559779542729344,0.6883131774931216,-0.38941532687723585,-0.5826989083414706,9.855376,11.160795
643269,1221,269,0.516728624535316,R,0.2589928057553957,0.7410071942446043,0.2926829268292683,0.7054794520547946,80.78780487804879,99.6,3.1707317073170733,,0.3902439024390244,0.2360147058823529,20.0,48.0,20.0,48.0,4.23410650459726,low,-0.0362875,Will Craig,R,0.05464265768104145,0.0009568077516721498,-0.0091530660833641,0.14365501122634383,0.37235294372610694,5.598124,-13.39942
643271,1222,31,0.4838709677419355,R,0.3333333333333333,0.6666666666666666,0.25,0.631578947368421,97.51666666666668,103.5,10.333333333333334,,0.5,0.2383333333333332,5.0,4.0,5.0,4.0,2.302585092994046,low,0.0311999999999999,Narciso Crook,R,-0.1672547499923812,-0.02771488027014398,-0.11906402676564005,-0.002090989717000534,0.020224762169375007,-4.465848,-5.373123
643275,1223,13,0.8461538461538461,L,0.2727272727272727,0.7272727272727273,0.6666666666666666,1.0,90.75,92.31,27.5,,0.5,0.38225,0.0,4.0,0.0,4.0,1.6094379124341005,low,,Johnny Davis,L,0.0919497215608085,-0.1352618932777819,0.23411894676298464,-0.10674652759210952,0.17703259151899692,9.559228,1.3689206
643289,1224,4316,0.5581556997219648,R,0.1772519717725197,0.8227480282274803,0.3812356979405034,0.7395588925387142,85.99619450317124,101.7,12.65437302423604,68.2286472148541,0.3844515441959531,0.2935273469387754,361.0,864.0,361.0,864.0,7.111512116496157,medium,0.0743537883451318,Mauricio Dubón,R,0.8093036884195158,-0.715475638855192,0.33189895666835556,-0.8855305416912836,0.3740653292812497,6.7351356,21.14909
643290,1225,16,0.25,R,0.5,0.5,0.0,0.4444444444444444,95.1,95.1,27.0,,0.0,0.0,0.0,1.0,0.0,1.0,0.6931471805599453,low,,Justin Dunn,R,-0.09065032235194152,0.04661854811739758,0.007325738472448056,0.07587055761836985,0.02455878746462844,-1.588215,-4.8309646
643327,1226,569,0.4130052724077329,R,0.4468085106382978,0.5531914893617021,0.2967479674796748,0.5015479876160991,81.02407407407408,98.04,3.8333333333333335,,0.3018867924528302,0.0845544554455445,35.0,66.0,35.0,66.0,4.624972813284271,low,0.0765411255411255,Zack Godley,R,-0.1641739849591543,-0.8330995114199767,0.4501747452398341,0.9809959405557341,0.004195277234120187,-23.180332,19.044178
643335,1227,422,0.3744075829383886,L,0.0569620253164556,0.9430379746835444,0.1800947867298578,0.5687203791469194,84.06309523809524,97.24,7.654761904761905,,0.382716049382716,0.2775754716981132,20.0,86.0,20.0,86.0,4.672828834461906,low,-0.1782581395348837,Zach Granite,L,0.9427363106044928,-0.8561901878271806,-0.7488858928009408,0.36598084196546843,-0.8621304135613815,-18.431774,-5.895049
643348,1228,134,0.4552238805970149,R,0.4590163934426229,0.5409836065573771,0.2727272727272727,0.6323529411764706,95.7,103.32,2.0,,0.75,0.1972857142857143,10.0,18.0,10.0,18.0,3.367295829986474,low,0.1236888888888889,Caleb Hamilton,R,-0.35672246467883983,0.5119316070926022,0.03354923246756282,0.719146525974044,0.001241459246983648,-5.7805724,-20.038834
643354,1229,12,0.25,L,0.0,1.0,0.0,0.375,81.1,81.1,-39.0,,0.0,0.0,0.0,2.0,0.0,2.0,1.0986122886681098,low,,Donnie Hart,L,-0.011217577737024273,-0.05082402768316991,0.14039459086777487,0.03709953095840104,-0.2921250029363366,-6.5655355,-0.5302348
643376,1230,5301,0.4627428787021316,R,0.2050550346514472,0.7949449653485527,0.232532347504621,0.7026194144838213,88.56284796573875,103.87,19.02457264957265,68.90108695652174,0.517353579175705,0.3194526239067055,415.0,957.0,415.0,957.0,7.224753405767971,medium,-0.0273561883899233,Danny Jansen,R,0.3983374917631173,1.3938660005206376,-0.5103754485297146,-0.7325399473925304,0.649982405941843,23.826788,-9.706619
643393,1231,7994,0.4497122842131599,L,0.1379694019471488,0.8620305980528512,0.245154794865341,0.6518279035065904,85.47566037735848,96.7,14.169811320754716,63.85582329317269,0.474293059125964,0.3007762206148282,405.0,1807.0,405.0,1807.0,7.70210434005105,medium,-0.0110734673799422,Tony Kemp,L,1.900734474507332,0.1984358067105275,-0.8142146634675632,0.8746419707170602,0.6606393389362641,4.630017,-31.206024
643396,1232,8885,0.4460326392796848,R,0.1405500883169316,0.8594499116830684,0.2857472324723247,0.5988129259177841,86.269842133914,101.0,5.307943416757345,66.18416988416989,0.3663366336633663,0.2910066694456023,692.0,1707.0,692.0,1707.0,7.783224016336037,high,0.0083823460690594,Isiah Kiner-Falefa,R,0.5816904859759525,-1.0328921507436786,-0.24120556182504027,-0.5501138473789783,-1.048707615774931,7.465594,7.8482876
643414,1233,1,1.0,R,0.0,1.0,,1.0,89.7,89.7,-28.0,,0.0,0.0,0.0,1.0,0.0,1.0,0.6931471805599453,low,,Kyle Lloyd,R,-0.04232863812537789,-0.06759175321561338,0.037194464800905505,-0.018783936830573774,0.0198422460140859,2.88434,1.6203413
643418,1234,1630,0.452760736196319,L,0.2777777777777778,0.7222222222222222,0.2640586797066014,0.6428571428571429,87.42586872586872,103.26,5.945945945945946,,0.4247104247104247,0.2852019230769231,128.0,288.0,128.0,288.0,6.0330862217988015,medium,0.0449678819444444,Shed Long,L,0.23035548947272663,0.3158027404607817,0.37095927286376995,0.2027641519848059,-0.5478700269320973,1.5944862,-6.12929
643436,1235,743,0.4414535666218035,R,0.3048780487804878,0.6951219512195121,0.289002557544757,0.6107954545454546,86.89126213592232,104.28,13.572815533980584,,0.3106796116504854,0.3218700564971751,64.0,113.0,64.0,113.0,5.181783550292085,low,0.065624032079646,Ryan Mcbroom,R,0.09414876739083057,0.18546667722209229,0.4009909256272954,-0.1566511297759556,-0.3618297228348986,9.287943,-11.877007
643446,1236,9408,0.5563350340136054,L,0.1524646541841803,0.8475353458158197,0.3170475990773747,0.8023280879499892,87.24980970504282,100.7,13.468125594671742,66.38644400785854,0.4368092263334935,0.3464996260284218,775.0,1899.0,775.0,1899.0,7.891704659330107,high,0.0177807171856155,Jeff Mcneil,L,0.5592220813341323,0.258010013509114,-0.30631007126065113,-0.3059362745035455,-0.11081045042924346,5.8534465,-7.0263677
643524,1237,2101,0.5354593050928129,R,0.2231111111111111,0.7768888888888889,0.357207615593835,0.7324649298597194,87.57352245862884,104.46,11.941176470588236,,0.4539007092198581,0.3291705150976909,171.0,392.0,171.0,392.0,6.335054251498059,medium,0.0011157357679913,Frank Schwindel,R,-0.48165145087441347,-0.7184005032794236,-0.606254303605399,-0.8697312441407873,0.5504514143160826,4.8137565,15.571629
643565,1238,4601,0.4325146707237557,L,0.24321608040201,0.75678391959799,0.1906005221932115,0.6739036039947894,87.71388888888889,102.7,9.15277777777778,66.25363408521304,0.3578125,0.3154561734213006,219.0,842.0,219.0,842.0,6.967909201801884,medium,-0.005271098385015,Mike Tauchman,L,0.24381217855649412,0.7176425403520934,0.5334882170316769,0.039447179087192454,-1.2247879015586087,19.481552,-23.128601
643603,1239,3707,0.4216347450768816,R,0.2085732565579015,0.7914267434420985,0.2607594936708861,0.605080831408776,87.84456721915285,103.16,15.139963167587476,,0.4042553191489361,0.3130268065268065,281.0,577.0,281.0,577.0,6.755768921984255,medium,0.0120995762842534,Tyler White,R,1.0388266116097542,0.41864231741697683,-0.29813064752860136,-0.38326984627845445,0.2007950857895703,11.51498,-11.3966255
644337,1240,132,0.4393939393939394,R,0.2413793103448276,0.7586206896551724,0.2121212121212121,0.6666666666666666,83.19473684210527,96.58,15.157894736842104,,0.6111111111111112,0.17815625,10.0,22.0,10.0,22.0,3.49650756146648,low,-0.1311363636363636,Nate Orf,R,0.30461105611111344,0.4440760000700751,-0.11470936314018178,0.31635447012876355,0.30413170772238346,6.4237394,-16.590841
644374,1241,2491,0.4925732637494981,R,0.2616136919315404,0.7383863080684596,0.2908805031446541,0.7030352748154225,87.8551724137931,104.6,14.6871921182266,70.39687500000001,0.4292803970223325,0.2718626543209876,286.0,362.0,286.0,362.0,6.47543271670409,medium,-0.0234379515512112,Yu Chang,R,-0.5312691268379317,0.445469387958663,-0.26149864966047376,-0.40215379068917934,0.4237961322446173,4.603936,-14.11339
644428,1242,3,0.3333333333333333,L,1.0,0.0,1.0,0.0,,,,,,0.0,0.0,1.0,0.0,1.0,0.6931471805599453,low,,Troy Scribner,L,-0.04235652333105013,-0.07417296389182447,-0.04513718806812806,0.03693703264217068,0.028607167327756786,-0.6958838,-1.9716548
644433,1243,404,0.5123762376237624,R,0.2801932367149758,0.7198067632850241,0.3263157894736842,0.677570093457944,89.32571428571428,103.51,12.6,,0.4264705882352941,0.2656274509803921,39.0,63.0,39.0,63.0,4.634728988229636,low,0.1834725274725274,Chadwick Tromp,R,0.15363474753983847,-0.2447583710293966,0.11410420591701789,-0.11053484878644092,0.44731708690705757,7.2448916,11.031669
645261,1244,509,0.3379174852652259,R,0.6337209302325582,0.3662790697674418,0.2608695652173913,0.390728476821192,82.17142857142856,99.5,-19.047619047619047,,0.3636363636363636,0.0903688524590164,24.0,98.0,24.0,98.0,4.812184355372417,low,-0.0121819727891156,Sandy Alcántara,R,-0.22968110575186382,-0.4794717876508014,0.5874162373889991,1.8010837779577846,0.5289716471198419,-25.099525,20.002539
645277,1245,12342,0.5587425052665694,L,0.2114269141531323,0.7885730858468677,0.3452075471698113,0.8061920587720832,88.22992439315558,102.0,17.109474522292995,68.50129151291512,0.4963503649635036,0.3396253353204173,837.0,2518.0,837.0,2518.0,8.118505067587098,high,-0.0708381796821546,Ozzie Albies,L,1.3617535891140413,0.5705113369812177,0.7733481683514073,-0.3310584810856628,1.1115380093419742,18.293869,-11.244263
645302,1246,6488,0.4915228113440197,R,0.2430228911884603,0.7569771088115397,0.2850678733031674,0.7072171446580523,83.9505366726297,102.33,16.75939177101968,,0.4876486733760293,0.2941945701357465,525.0,1243.0,525.0,1243.0,7.478169694159785,high,0.0452064268474888,Víctor Robles,R,0.22814410365071114,0.6968845851401279,-0.03995441558675768,-0.11426976183360099,1.1873425582487553,23.799845,-17.04485
645305,1247,50,0.58,R,0.3103448275862068,0.6896551724137931,0.3478260869565217,0.7777777777777778,88.72,101.62,6.7,,0.5555555555555556,0.2904285714285714,3.0,11.0,3.0,11.0,2.70805020110221,low,0.1572727272727273,Ali Sánchez,R,-0.3903590028576545,-0.30060586175339415,0.12323628094333886,-0.1091799215635474,-0.10742774724759603,5.9620485,13.77752
645444,1248,967,0.3960703205791106,L,0.2114882506527414,0.7885117493472585,0.1935483870967742,0.5836653386454184,85.22397260273974,97.15,7.164383561643835,65.52705882352942,0.5416666666666666,0.2336808510638297,46.0,189.0,46.0,189.0,5.4638318050256105,low,-0.0428611686220382,José Herrera,L,0.6166706717949185,-0.3154632481204007,-0.3492878601641633,0.8625079301620042,-0.5626229724246289,-15.831128,-13.726145
645801,1249,2948,0.3904341926729986,L,0.2441355343179844,0.7558644656820156,0.2106261859582542,0.598390636430139,89.91917808219178,105.23,16.618721461187214,68.43674242424242,0.5162037037037037,0.3136913407821229,108.0,608.0,108.0,608.0,6.57507584059962,low,-0.0826886574074073,Mike Ford,L,-1.3090427800949376,0.27150189471954644,-1.244581318398249,0.12079379621707664,-0.12669733761956678,-2.8937361,-17.964504
645848,1250,117,0.5555555555555556,R,0.2307692307692307,0.7692307692307693,0.4333333333333333,0.6842105263157895,88.33749999999999,103.2,12.291666666666666,,0.3333333333333333,0.3152285714285714,27.0,8.0,27.0,8.0,3.58351893845611,low,0.042587962962963,Dariel Álvarez,R,-0.0255750161596336,-0.22931764100352653,0.28346533643470956,-0.14040801674224493,0.0252955222387937,6.8013577,11.460262
646240,1251,13573,0.5355485154350549,L,0.2501031778786627,0.7498968221213372,0.3447563996696944,0.7553511970826067,92.43172085646312,108.4,11.348394768133176,72.15145454545456,0.4375,0.3583477164471841,1091.0,2478.0,1091.0,2478.0,8.180320874773685,high,0.0493803675830349,Rafael Devers,L,-0.43270867625973336,-0.08519098199666675,2.044247725382957,-1.5264156130011954,0.17035022486416126,15.000115,16.52281
647304,1252,5815,0.5141874462596733,L,0.1836120401337793,0.8163879598662207,0.3443517329910141,0.710263060392738,89.18160261651677,105.8,9.64,71.48306709265177,0.4663934426229508,0.3256003729024238,421.0,1188.0,421.0,1188.0,7.383989457978509,medium,0.0502205507169877,Josh Naylor,L,-1.318664115767748,-0.8815388853622805,-0.02590322642125924,-0.6240155258204031,0.21256796202245026,-0.16366677,18.341595
647336,1253,214,0.4672897196261682,R,0.29,0.71,0.4077669902912621,0.5225225225225225,80.875,96.95,-7.055555555555555,,0.2162162162162162,0.1124642857142857,6.0,50.0,6.0,50.0,4.04305126783455,low,-0.12596,Michael Soroka,R,-0.1369877572059667,-0.8555495236269145,-0.1126963736289312,0.949108059705126,0.24619941087212022,-22.542524,17.636036
647351,1254,3605,0.4779472954230235,L,0.1851421938479396,0.8148578061520604,0.2998903508771929,0.6603032004491859,86.81693667157585,102.1,13.73343151693667,71.13125,0.4449404761904761,0.2790450160771704,292.0,641.0,292.0,641.0,6.839476438228843,medium,0.0303327420768063,Abraham Toro,L,1.064466381308382,-0.03260311677724907,0.14067918862729503,-1.1463206538648787,-0.2113736181339952,12.165838,6.8138657
648717,1255,802,0.5922693266832918,R,0.2463157894736842,0.7536842105263157,0.3984962406015037,0.7841191066997518,86.920987654321,102.59,14.697530864197532,,0.5,0.2969043478260869,84.0,146.0,84.0,146.0,5.442417710521793,low,-0.0268551859099804,Alex Guerrero,R,0.15643018520893737,0.5874024148666445,0.612917469673203,0.3687194885568888,1.0202651391730757,22.95925,-15.89464
649557,1256,8826,0.5129163834126444,R,0.2018997128341064,0.7981002871658935,0.3187597590898952,0.7133317982961087,88.06584599266633,104.0,12.561026715557883,69.26045454545454,0.4810751508502468,0.3171718875502008,742.0,1748.0,742.0,1748.0,7.820439515262181,high,-0.0188226714242538,Aledmys Díaz,R,-0.2359218811504968,-0.08203969132914515,-0.6470175371336607,-0.7970924698481654,0.9003281626160907,10.341243,7.2657833
649966,1257,6686,0.435237810349985,R,0.2079037800687285,0.7920962199312714,0.244661921708185,0.6291490645745322,87.26369668246446,101.9,13.333649289099526,65.33352272727274,0.4675572519083969,0.3175814950980392,422.0,1210.0,422.0,1210.0,7.398174092970465,medium,0.0379078649484939,Luis Urías,R,0.8372271609441445,0.8312395791567866,0.12642472290861737,-0.44877501315270896,0.7736131121062262,16.192722,-16.654072
650331,1258,1423,0.5031623330990864,L,0.2430167597765363,0.7569832402234636,0.3702239789196311,0.6551204819277109,88.09598214285714,103.14,18.5625,,0.4681818181818182,0.2445058479532163,66.0,276.0,66.0,276.0,5.8377304471659395,low,0.1161475625823452,Lewin Díaz,L,-0.4237032449196904,-0.4872677935633204,-0.4683082302501779,-0.5361213533777854,1.0107516505126477,8.205025,24.529295
650333,1259,8506,0.449329884787209,L,0.0724751439037153,0.9275248560962848,0.2576601671309192,0.6460219151977132,88.26085292509569,98.7,11.508196721311476,62.63120879120879,0.3481359649122807,0.3497728110599078,507.0,1663.0,507.0,1663.0,7.682943169878292,high,0.0519730140035889,Luis Arráez,L,2.058721490263826,-0.4813251719500524,-0.6718477553543653,-0.7168947869336268,-0.9761598898993127,7.7231317,-4.9737883
650339,1260,298,0.5805369127516778,R,0.3236994219653178,0.6763005780346821,0.4038461538461538,0.7746478873239436,87.16136363636363,103.66,4.340909090909091,,0.4545454545454545,0.1838421052631579,32.0,44.0,32.0,44.0,4.343805421853684,low,-0.0894914772727272,Jermaine Palacios,R,0.04693677492240696,0.06538057587945857,0.5586870652838098,0.20651358882089707,-0.2483493739611057,3.1236334,6.1133265
650391,1261,6342,0.5132450331125827,R,0.2924731182795699,0.7075268817204301,0.3496640537513997,0.7241877256317689,91.44629780309197,107.6,7.281072298943948,73.84974874371859,0.4130794701986754,0.343592676056338,432.0,1343.0,432.0,1343.0,7.4821189235521155,medium,-0.0235209040015443,Eloy Jiménez,R,-1.3850365270736433,-0.517528174548968,0.3825750561734082,-0.25440567021586186,-0.16652727679091023,5.9031806,15.845799
650402,1262,11935,0.4825303728529534,R,0.2472651501996874,0.7527348498003126,0.2713664896185417,0.711814051031108,89.11603053435115,103.9,16.43702290076336,69.49103053435115,0.3992266795553407,0.3377705410821643,755.0,2239.0,755.0,2239.0,8.00469951054955,high,0.0364432247130193,Gleyber Torres,R,0.3315163535896785,1.1111519968862174,-0.013607384303637378,-0.5433867546239033,-0.1197188444683147,16.857622,-11.74192
650489,1263,5554,0.549333813467771,L,0.2697476237299246,0.7302523762700753,0.3816291161178509,0.7306107156238292,85.56373737373738,104.3,13.223232323232324,70.541689373297,0.3930753564154786,0.3013849765258216,433.0,1058.0,433.0,1058.0,7.307872780763706,medium,0.0006466818302868,Willi Castro,L,0.01984852136447247,-0.6576670686218802,1.046699910413976,0.32658267051346773,0.5233030847572331,-9.085239,26.664968
650490,1264,9598,0.4202958949781204,R,0.1658403569657908,0.8341596430342092,0.1953858717844018,0.6546808510638298,91.6656162070906,108.2,5.213723284589427,71.90976744186047,0.3253968253968254,0.3570561843168957,775.0,1699.0,775.0,1699.0,7.813995675002791,high,0.0340747847880156,Yandy Díaz,R,-0.08096439315533888,0.1608660656738819,0.8224731756907828,-0.9240533800797154,-1.71743511542098,-12.176886,-3.0685825
650559,1265,4713,0.497347761510715,R,0.2593856655290102,0.7406143344709898,0.3286163522012578,0.6952512678653757,89.90460606060607,104.66,11.007272727272728,70.77821782178218,0.3963414634146341,0.3156031746031746,304.0,893.0,304.0,893.0,7.088408778675395,medium,-0.0169729843225084,Bryan De La Cruz,R,-0.5271279572725973,-0.10315013139583373,-0.33986422657542303,-1.149188554842701,0.005125359271327324,21.301365,11.908444
650619,1266,1148,0.4189895470383275,L,0.3035343035343035,0.6964656964656964,0.2116402116402116,0.621342512908778,87.66153846153847,102.2,4.282051282051282,,0.4645161290322581,0.245410071942446,53.0,225.0,53.0,225.0,5.631211781821365,low,0.0029078406708595,Meibrys Viloria,L,-0.03809680789678535,0.3921812060412922,0.1484653826957109,0.36739743490698573,-0.6947900581079486,-10.116599,-2.0363336
650813,1267,7,0.4285714285714285,R,0.6666666666666667,0.3333333333333333,0.5,0.3333333333333333,97.5,97.5,-16.0,,1.0,0.0,0.0,2.0,0.0,2.0,1.0986122886681098,low,,Luis Escobar,R,-0.06527042972292661,-0.0010683805966789665,-0.08098800908766014,0.05924679228111134,0.02931885355258939,-2.0415308,-6.803352
650859,1268,6270,0.4950558213716108,L,0.2261597938144329,0.773840206185567,0.2936064556176288,0.708005249343832,87.3643220338983,102.7,10.022033898305084,69.84801136363636,0.4575835475578406,0.3033500908540278,523.0,1128.0,523.0,1128.0,7.409741954080923,high,-0.0320685488792156,Luis Rengifo,L,0.4977941594520389,0.15609328555744023,0.5378998398704088,-0.9750036739011516,0.2703817445350576,23.919783,8.840697
650907,1269,723,0.5573997233748271,R,0.3424317617866005,0.6575682382133995,0.3333333333333333,0.7552083333333334,89.96578947368421,105.17,15.201754385964913,71.34413145539905,0.3771929824561403,0.2808085106382978,37.0,151.0,37.0,151.0,5.241747015059643,low,-0.0112024342223017,René Pinto,R,0.3414473544794555,0.7578317797703243,0.9864591362481747,-0.16602270518282097,0.4251631800399705,18.671755,-13.987877
650968,1270,232,0.6336206896551724,R,0.1700680272108843,0.8299319727891157,0.4473684210526316,0.8135593220338984,87.7390625,103.05,14.59375,,0.4126984126984127,0.3001948051948052,27.0,50.0,27.0,50.0,4.356708826689592,low,0.0678592592592592,Yohel Pozo,R,0.09311422554328622,-1.0605652754773554,-0.021228552090485287,-0.4035351048450034,0.7575863105960061,-4.969213,17.786348
655316,1271,1335,0.4202247191011236,R,0.2067736185383244,0.7932263814616756,0.2249240121580547,0.6100443131462334,88.77361111111111,100.9,17.88425925925926,65.54222737819026,0.3953488372093023,0.3023111111111111,93.0,222.0,93.0,222.0,5.755742213586912,low,0.0640507120023249,Andruw Monasterio,R,0.7497976236612499,0.3304754977501773,-0.6994603562513131,-0.20397225652686524,-0.7360241979792794,7.6220293,-5.348801
656024,1272,273,0.5054945054945055,R,0.1956521739130434,0.8043478260869565,0.3428571428571428,0.6766917293233082,84.30555555555556,99.31,14.055555555555555,65.90493827160493,0.5094339622641509,0.2601267605633803,18.0,53.0,18.0,53.0,4.276666119016055,low,0.1532169811320754,Carlos Pérez,R,-0.08679748629639904,-0.5698990848661682,-0.7387972874441966,-0.21026279433179831,0.580614935647313,-0.22028154,13.462349
656180,1273,1710,0.4590643274853801,R,0.2751592356687898,0.7248407643312101,0.3025583982202447,0.6325524044389642,89.6265873015873,106.56,14.66798418972332,73.31937984496125,0.3902439024390244,0.3067800925925926,196.0,236.0,196.0,236.0,6.07073772800249,medium,-0.0096092182635766,Riley Adams,R,-0.09973130344636463,0.13285122121642365,0.18575682688086823,-0.05358017157941504,0.21497201934543328,3.3389833,-9.708989
656185,1274,3109,0.4609199099388871,L,0.2316817864619679,0.7683182135380321,0.2560260586319218,0.6607369758576874,86.92230623818526,100.32,10.007561436672969,65.63,0.4885057471264368,0.2817604422604423,221.0,593.0,221.0,593.0,6.703188113240863,medium,0.0563920932752398,Greg Allen,L,0.37155319577384693,-0.13039965663760905,-0.5188867107028268,0.3975569499142324,-0.08321834558061193,-8.068845,-12.244678
656248,1275,577,0.3951473136915078,R,0.2719298245614034,0.7280701754385965,0.2295081967213114,0.5808823529411765,90.5164383561644,105.52,13.219178082191782,69.896875,0.4583333333333333,0.4217785714285714,47.0,93.0,47.0,93.0,4.948759890378168,low,0.0069313658201784,Sean Bouchard,R,-0.19232714368375892,0.3843457663422672,-0.4578558437347433,0.03830283639483407,0.04538957729780397,0.48954895,-17.94788
656252,1276,1344,0.484375,L,0.3824884792626728,0.6175115207373272,0.2995839112343966,0.6982343499197432,89.3576923076923,107.19,11.324175824175825,,0.4285714285714285,0.2957558139534884,95.0,249.0,95.0,249.0,5.84354441703136,low,0.0099004861551469,Bobby Bradley,L,-0.8884976460674915,0.5357758964526691,0.5320011049587042,0.40694118969762716,0.28132723447754077,-0.11492426,-28.43548
656305,1277,15019,0.427192223183967,R,0.2593516209476308,0.7406483790523691,0.2127263045793397,0.6418009857466365,92.10624133148404,107.6,17.888632162661736,74.11918918918919,0.4362159579550884,0.3383806469604015,911.0,2675.0,911.0,2675.0,8.185071477532283,high,0.010710110077249,Matt Chapman,R,-0.37899520963197525,1.4367699275127774,0.33140582429873644,-0.8168455087892494,-0.06142251728533962,10.306981,-18.701527
656308,1278,4437,0.5474419652918638,R,0.323589954713874,0.676410045286126,0.3612704014115571,0.7419354838709677,87.17115384615384,105.23,10.486968449931412,70.76966292134831,0.426183844011142,0.2928782755705832,469.0,714.0,469.0,714.0,7.076653815443951,high,0.0165689410092395,Michael Chavis,R,0.07301958469361228,0.5996890750255652,1.4473100973969635,-0.05025861899623795,0.10612974654742288,18.855387,3.6615515
656364,1279,136,0.5220588235294118,L,0.3943661971830986,0.6056338028169014,0.328125,0.6944444444444444,82.3625,96.3,28.6875,,0.5,0.1357419354838709,4.0,27.0,4.0,27.0,3.4657359027997265,low,-0.3487592592592592,Greg Deichmann,L,0.2792722815216243,0.02494569398039248,0.43994190147921036,0.19748473703747152,0.1399887333675821,13.297345,-11.137812
656371,1280,2065,0.4072639225181598,L,0.2948870392390011,0.7051129607609988,0.2474793767186067,0.5862422997946611,88.5617088607595,102.5,13.253164556962023,73.04347826086956,0.4519230769230769,0.2385365384615384,133.0,387.0,133.0,387.0,6.255750041753367,medium,0.0571348332070485,Isan Díaz,L,-0.3064222291984513,0.5778043637927855,-0.836304003001319,0.3968167871118838,-0.3081394815409908,-9.50606,-21.489925
656388,1281,47,0.4893617021276595,R,0.217391304347826,0.782608695652174,0.1904761904761904,0.7307692307692307,85.92857142857143,98.34,40.142857142857146,,0.7142857142857143,0.4488181818181818,4.0,7.0,4.0,7.0,2.4849066497880004,low,0.604107142857143,Joe Dunand,R,0.024203327276854914,0.11931299734522267,-0.3084406380090962,0.09460484115997927,0.16386982059826216,-4.7064686,-10.725312
656403,1282,562,0.4430604982206406,R,0.2811244979919679,0.7188755020080321,0.2076923076923077,0.6456953642384106,84.8044776119403,101.22,20.567164179104477,69.14,0.5970149253731343,0.2611875,55.0,73.0,55.0,73.0,4.859812404361672,low,0.0349947696139476,Drew Ellis,R,0.4949413658393661,1.2106765218107673,-0.4517756605121896,0.2582005745852307,0.5058222710944111,7.681092,-19.050543
656413,1283,1425,0.4982456140350877,R,0.3154929577464789,0.6845070422535211,0.2218978102189781,0.754054054054054,86.50409090909092,103.4,13.677272727272728,68.53170731707317,0.5203619909502263,0.3184353562005277,169.0,210.0,169.0,210.0,5.940171252720432,medium,0.0162367145674838,Stuart Fairchild,R,-0.5352364486287516,0.9442134470366664,-0.7616884825635047,1.091807929063254,0.36769389653660556,-0.82248163,-24.420288
656427,1284,537,0.37243947858473,R,0.255,0.745,0.2480314960629921,0.4840989399293286,85.61666666666666,102.78,2.013888888888889,,0.3098591549295774,0.1777238095238095,21.0,84.0,21.0,84.0,4.663439094112067,low,0.0159404761904761,Jack Flaherty,R,-0.28225424916170183,-0.934027657077031,-0.10914228936521103,0.6370459670612223,-0.9533048765615764,-20.232515,22.203657
656448,1285,1350,0.5370370370370371,R,0.3131034482758621,0.6868965517241379,0.3422159887798036,0.7551020408163265,91.56262135922331,105.4,18.6504854368932,73.20372670807453,0.3737864077669903,0.3474154727793696,187.0,162.0,187.0,162.0,5.857933154483459,medium,0.0218001914570542,Stone Garrett,R,-1.1838490808277609,-0.05093570042519471,-0.003628883507327459,-0.15564616456460093,0.2438569035825793,-24.946613,-0.7367605
656467,1286,183,0.3934426229508196,R,0.3472222222222222,0.6527777777777778,0.2268041237113402,0.5813953488372093,86.25833333333333,108.71,-5.458333333333333,,0.4545454545454545,0.2156363636363636,19.0,25.0,19.0,25.0,3.80666248977032,low,0.161541052631579,Chris Gittens,R,-0.5806202454551024,0.3146284775174344,0.30307449543972476,0.10384194335122933,-0.5301585764215887,-11.114671,-0.72064
656484,1287,21,0.7142857142857143,L,0.1999999999999999,0.8,0.5,0.9090909090909092,89.625,104.08,7.4,72.53333333333333,0.6,0.5774,0.0,5.0,0.0,5.0,1.791759469228055,low,,Tristan Gray,L,-0.24397833513698064,0.18600544444752562,-0.2415294903594478,-0.051050565440206204,0.22235455424729703,-1.9018447,-10.354194
656494,1288,14,0.5,L,0.8571428571428572,0.1428571428571428,0.5555555555555556,0.4,87.1,87.1,37.0,,0.0,0.0,1.0,3.0,1.0,3.0,1.6094379124341005,low,0.0,Taylor Gushue,L,-0.06726328237908231,-0.057362849123325246,0.06116783593849672,0.08945753892382044,0.10883076767391542,-4.7986383,7.872397
656495,1289,228,0.4473684210526316,R,0.3137254901960784,0.6862745098039216,0.2890625,0.65,80.60689655172413,97.64,17.689655172413794,,0.1379310344827586,0.3381607142857143,28.0,28.0,28.0,28.0,4.04305126783455,low,-0.0611071428571428,Dalton Guthrie,R,0.3816363517262083,-0.30747737121382146,0.010015115593750705,0.03506177084275828,-0.12219916339118125,-9.241201,9.490922
656509,1290,308,0.4155844155844156,R,0.4296875,0.5703125,0.2514285714285714,0.631578947368421,84.53666666666666,103.79,1.0333333333333334,,0.3,0.24648,35.0,40.0,35.0,40.0,4.330733340286331,low,-0.0175607142857142,Monte Harrison,R,-0.5809049203275629,-0.005593144297365971,0.487014931568192,0.4396022261941374,-0.5464641114898152,-10.399045,0.019463932
656514,1291,1630,0.4852760736196319,L,0.2389380530973451,0.7610619469026548,0.297423887587822,0.6920103092783505,86.77234042553191,101.39,3.3368794326241136,,0.4014336917562724,0.2941601941747573,81.0,331.0,81.0,331.0,6.023447592961033,low,0.0271989108947819,Adam Haseley,L,0.3020911028802707,-0.15846936486894203,0.317499943994812,0.32327332447229545,-0.5361236564020146,-10.797169,4.7689743
656537,1292,1061,0.4844486333647502,R,0.2743190661478599,0.72568093385214,0.3114754098360656,0.669921875,85.87709497206704,102.02,7.715083798882682,,0.3910614525139664,0.2628039867109634,106.0,195.0,106.0,195.0,5.71042701737487,low,0.0983350749879052,Derek Hill,R,-0.3189451710857596,-0.11038077453588652,0.11210377421604369,0.38146055238440174,-0.6128100553239232,5.1796618,11.858236
656541,1293,3036,0.4496047430830039,L,0.3619047619047619,0.638095238095238,0.2504804612427931,0.6603389830508475,90.65,107.27,12.6497461928934,71.97999999999999,0.4564102564102564,0.306750700280112,147.0,567.0,147.0,567.0,6.5722825426940075,medium,0.0164247921390778,Sam Hilliard,L,-1.143404704446677,0.6540596100655496,0.17649350739105027,0.26823296742216207,0.21522111375305766,8.748001,-24.94596
656555,1294,12650,0.4064822134387352,R,0.2240373395565927,0.7759626604434072,0.2202683942619157,0.6022377168801687,89.9071469411092,105.1,21.51000571755289,,0.4854771784232365,0.3605062849162011,771.0,2093.0,771.0,2093.0,7.96032362914884,high,0.0414125684837916,Rhys Hoskins,R,-0.08870997252953639,1.2040381820470685,-1.359545165677558,-0.5919463157266295,0.6976999749966452,4.6430025,-19.668703
656568,1295,22,0.5909090909090909,L,0.2307692307692307,0.7692307692307693,0.3846153846153846,0.8888888888888888,82.425,87.3,31.0,,0.0,0.0,1.0,4.0,1.0,4.0,1.791759469228055,low,0.0,Scott Hurst,L,0.014944382721615787,-0.27251662988315634,0.009173721468971536,-0.1860984976869158,0.10587305638369367,4.019693,7.555052
656577,1296,716,0.5335195530726257,R,0.4869109947643979,0.5130890052356021,0.3684210526315789,0.7202380952380952,87.28378378378379,106.85,20.85135135135135,,0.4520547945205479,0.2158907103825136,55.0,128.0,55.0,128.0,5.214935757608986,low,-0.0812319602272727,Alex Jackson,R,-0.24458098881175197,0.7148177228932494,0.7432500693756041,0.480197857800216,1.166789121426577,13.435382,-18.551926
656582,1297,4744,0.4017706576728499,R,0.2061909758656873,0.7938090241343126,0.2015209125475285,0.601177955405974,87.19298013245033,103.9,13.562913907284768,71.56967930029155,0.3901464713715046,0.3278739279588336,435.0,731.0,435.0,731.0,7.062191632286556,medium,0.0255719577967513,Connor Joe,R,-0.1456408807232062,0.4093021883672772,-1.0031402129999727,0.13607926617127408,-0.6675247806305228,-9.280077,-17.552664
656627,1298,77,0.3896103896103896,R,0.1999999999999999,0.8,0.2647058823529412,0.4883720930232558,88.2909090909091,102.1,-2.0,,0.2727272727272727,0.2936666666666666,12.0,9.0,12.0,9.0,3.091042453358316,low,-0.2681388888888889,Mark Kolozsvary,R,0.12655805468576187,-0.06577948532911629,-0.017423713385492926,0.37013706031968574,-0.38066618510285904,-10.720734,-5.4287305
656669,1299,4481,0.4563713456817674,R,0.2591687041564792,0.7408312958435208,0.2104580812445981,0.7189663128749423,87.10650154798762,102.95,18.379256965944272,68.95310344827587,0.4831460674157303,0.3182334593572778,563.0,495.0,563.0,495.0,6.9650803456014065,high,0.0733599906704702,Jordan Luplow,R,0.5190843789428459,1.5139797505705708,-0.4255611744177704,-0.43809806513023714,0.514169205473937,7.632392,-19.155003
656695,1300,264,0.5075757575757576,L,0.3432835820895522,0.6567164179104478,0.3591549295774648,0.680327868852459,88.52307692307693,103.82,7.666666666666667,,0.358974358974359,0.2580845070422535,11.0,60.0,11.0,60.0,4.276666119016055,low,0.0587287878787878,J. J. Matijevic,L,-0.4173646560385866,-0.20007033744864852,0.20882027634615904,0.2106565196832193,-0.023303172777144755,-3.466406,8.135714
656716,1301,3604,0.4675360710321865,L,0.1976261127596439,0.8023738872403561,0.2809110629067245,0.6630681818181818,87.18232235701906,102.0,15.826689774696709,66.62013422818792,0.4322916666666667,0.2860022831050228,115.0,761.0,115.0,761.0,6.776506992372183,medium,0.0100123407415871,Zach Mckinstry,L,0.8181060751764452,0.21054764219502434,-0.03533858667763959,-0.4306326239395392,0.15458439725681178,13.592038,1.8542138
656725,1302,25,0.44,R,0.1818181818181817,0.8181818181818182,0.1111111111111111,0.625,90.5,96.96,-8.5,,0.5,0.0,1.0,1.0,1.0,1.0,1.0986122886681098,low,0.0,Alex Mcrae,R,0.04566325117786569,-0.11334115754370289,0.025728099684970467,0.009524712541329373,-0.09384065689690531,2.0661411,3.573274
656775,1303,8329,0.4754472325609317,L,0.2010101010101009,0.798989898989899,0.2767083734359961,0.6733764677689912,88.90039708802118,102.9,16.68915343915344,68.98599348534202,0.4939106901217862,0.3247302092811647,665.0,1533.0,665.0,1533.0,7.695757990554761,high,0.0511821814810999,Cedric Mullins,L,0.6659123337452794,0.5035334198830783,-0.17659134404217447,-0.9961622553970286,0.09649294288080427,7.992253,-7.329813
656794,1304,349,0.4212034383954154,L,0.3809523809523809,0.6190476190476191,0.2838709677419355,0.5309278350515464,80.31904761904762,96.3,-14.0,,0.1428571428571428,0.0612391304347826,7.0,39.0,7.0,39.0,3.8501476017100584,low,-0.044032967032967,Sean Newcomb,L,-0.45002062221011935,-0.7117393590874376,0.4705903896575724,1.2632832162073808,-0.2682570269175058,-21.859737,20.664833
656803,1305,12,0.5833333333333334,R,0.1428571428571429,0.8571428571428571,0.3333333333333333,0.6666666666666666,91.2,98.1,-11.0,,0.3333333333333333,0.0,0.0,1.0,0.0,1.0,0.6931471805599453,low,,James Norwood,R,-0.02086325602845439,-0.024402032275691907,-0.03383063261567804,0.026182043689696944,-0.009836076343038529,2.36146,1.059169
656811,1306,5722,0.4727368053128277,L,0.2443622920517559,0.755637707948244,0.2810327706057597,0.6871529063309886,91.24316012725345,105.1,13.411452810180275,70.39007092198581,0.4585106382978723,0.3059016050244242,192.0,1241.0,192.0,1241.0,7.268223021159565,medium,0.0752795796400752,Ryan O'Hearn,L,-1.1957705169338357,0.00691992483296996,-0.03644335555175198,-0.5203238878191323,-0.395434070357776,2.3152428,12.43704
656821,1307,221,0.497737556561086,R,0.3363636363636363,0.6636363636363637,0.2869565217391304,0.7264150943396226,90.71142857142856,109.52,19.771428571428572,,0.4411764705882353,0.1486315789473684,36.0,21.0,36.0,21.0,4.060443010546419,low,-0.0452182539682539,Kevin Padlo,R,-0.32789803665888767,0.4584231381632243,0.09622516030584788,-0.2715897530160782,-0.24561329732320278,18.098587,6.9918666
656847,1308,900,0.5677777777777778,R,0.3346379647749511,0.6653620352250489,0.3507625272331154,0.7936507936507936,87.50845070422535,107.62,16.43661971830986,,0.3846153846153846,0.2723559322033898,88.0,148.0,88.0,148.0,5.4680601411351315,low,-0.1054484029484029,Dj Peters,R,-0.64283559041106,0.24035658057453937,0.5669866793097802,0.5942102699540625,0.41157273431774266,-8.884615,23.709648
656883,1309,5,0.6,R,0.0,1.0,1.0,0.5,96.55,103.15,22.0,,0.0,0.621,0.0,2.0,0.0,2.0,1.0986122886681098,low,,Jakson Reetz,R,0.12215835606469364,-0.09034610764336895,0.18957768742914105,-0.29309251777372247,0.2068940389445541,11.128859,4.909006
656896,1310,2826,0.4833687190375088,R,0.2357247437774524,0.7642752562225475,0.2733469665985003,0.7100809418690214,90.6072796934866,104.08,10.009578544061302,67.42043010752688,0.394990366088632,0.2999148648648648,248.0,492.0,248.0,492.0,6.608000625296087,medium,0.0322410503540519,Emmanuel Rivera,R,-0.06938885851388972,0.48680053009166535,-0.1405037319843344,-0.780513116551161,-0.6715712961202247,17.114218,6.7785735
656941,1311,16750,0.4146865671641791,L,0.2807371148862655,0.7192628851137345,0.233072625698324,0.6230769230769231,92.17476340694006,108.62,16.237494366831907,74.91504237288136,0.503700277520814,0.3520921119592875,1065.0,2865.0,1065.0,2865.0,8.27664912542186,high,0.0573357716982523,Kyle Schwarber,L,-1.472676949529333,1.0022459293847579,-0.2474726307097588,-0.6973472007118475,0.4221748618291492,-2.9290087,-16.862507
656976,1312,4260,0.4089201877934272,L,0.1796785304247991,0.8203214695752009,0.2342215988779803,0.5851013672795851,87.87152406417111,103.73,11.366310160427808,70.79473684210525,0.4161073825503356,0.3069642529789184,264.0,827.0,264.0,827.0,6.9957661563048505,medium,0.058173688212231,Pavin Smith,L,-0.6936324032206614,-0.5546695375808839,-1.1015589752448225,-0.2608548022818334,-0.4860356074101862,-19.5482,0.15140054
657011,1313,76,0.4736842105263157,R,0.25,0.75,0.2926829268292683,0.6857142857142857,84.01538461538462,99.98,15.615384615384617,,0.5384615384615384,0.17675,6.0,14.0,6.0,14.0,3.044522437723423,low,0.0841666666666666,Troy Stokes,R,-0.168458795761557,0.15199643230906304,-0.15543269992323192,-0.10556598680525688,-0.21309055066820054,1.8602879,-4.4265723
657041,1314,6289,0.4288440133566544,R,0.1994809047089358,0.8005190952910641,0.2509493670886076,0.6085011185682326,88.28040345821326,104.7,11.619596541786745,69.91505617977528,0.4816247582205029,0.3236512365250475,490.0,1087.0,490.0,1087.0,7.363913501405819,high,0.0743626250868332,Lane Thomas,R,0.0754088487580524,0.8767883293994269,-0.4840467940773497,-0.7354373497899953,-0.21806814635674907,2.1836596,-17.131462
657061,1315,1855,0.4652291105121294,L,0.2560834298957126,0.7439165701042874,0.2574974146845915,0.6914414414414415,85.6514563106796,101.86,8.394822006472491,60.392857142857146,0.4721311475409836,0.2542899159663865,140.0,336.0,140.0,336.0,6.1675164908883415,medium,-2.4404761904794903e-05,Cole Tucker,L,-0.2392704201772925,-0.15102643825452824,0.12292253872245702,0.3916756393733085,-0.4105613132717339,-5.3113537,13.29907
657077,1316,9924,0.4374244256348246,L,0.1497350840820087,0.8502649159179912,0.2544891640866873,0.61193148257531,89.15457837558199,103.9,8.022233712512927,66.1934554973822,0.4226159458051068,0.3292481350608559,746.0,1801.0,746.0,1801.0,7.843064016692054,high,0.0510408315011171,Alex Verdugo,L,-0.6759720310786718,-0.940847697117128,-0.43847981117081103,-1.2310122662593894,-1.4239982347411078,1.3028584,12.474153
657088,1317,67,0.417910447761194,L,0.1071428571428571,0.8928571428571429,0.3235294117647059,0.5151515151515151,84.12857142857142,98.34,12.857142857142858,63.6037037037037,0.5714285714285714,0.5688666666666666,4.0,11.0,4.0,11.0,2.772588722239781,low,-0.5095000000000001,Forrest Wall,L,0.23515952895636483,0.02181152253235271,-0.15308495312456505,-0.1659817456552812,-0.24235822660732725,-6.9276075,-2.5894032
657108,1318,1236,0.4522653721682848,R,0.3184257602862254,0.6815742397137746,0.2446982055464926,0.6565008025682183,89.0780487804878,105.57,16.024390243902438,,0.4451219512195122,0.2396862745098039,98.0,208.0,98.0,208.0,5.726847747587197,low,-0.0606814167974882,Evan White,R,-0.5340958640552619,0.6946942853715856,-0.029375161511032095,0.19211214834771068,-0.11546946611752854,-2.6634235,-8.727324
657129,1319,30,0.4333333333333333,R,0.3076923076923077,0.6923076923076923,0.2307692307692307,0.5882352941176471,95.1,95.1,14.0,,1.0,0.2621666666666666,2.0,4.0,2.0,4.0,1.9459101490553132,low,0.26975,Marcus Wilson,R,-0.19278892160864555,-0.0803949112946337,-0.01712660805424132,0.22113361541475984,-0.0877924083458365,-3.7319238,-3.9434454
657136,1320,1791,0.5159128978224455,R,0.3106060606060605,0.6893939393939394,0.3396436525612472,0.6931690929451287,89.08215613382899,105.92,13.973977695167289,69.4569014084507,0.4452830188679245,0.2914179104477612,132.0,337.0,132.0,337.0,6.152732694704104,medium,-0.1110312921499865,Connor Wong,R,0.42381951035583054,0.6329117880930776,0.7054362731651151,-0.2820295744916745,0.5486895340506669,14.86932,-11.367872
657140,1321,29,0.2413793103448276,R,0.2857142857142857,0.7142857142857143,0.125,0.2857142857142857,96.36666666666667,103.1,-13.0,,0.6666666666666666,0.414,0.0,3.0,0.0,3.0,1.3862943611198906,low,,Kyle Wright,R,-0.11053632769256133,0.015632495144395197,-0.1119678917657827,0.04335323392149819,-0.06614188154437001,-2.866744,-4.0184655
657141,1322,94,0.3829787234042553,R,0.2777777777777778,0.7222222222222222,0.2564102564102564,0.4727272727272727,84.60833333333333,100.27,-17.25,,0.5,0.4395,0.0,2.0,0.0,2.0,1.0986122886681098,low,,Jordan Yamamoto,R,0.06784047490763782,-0.03604436073017016,-0.02995107386041405,-0.005086524132057848,0.013023430103465333,0.49066886,-0.037895236
657145,1323,300,0.34,R,0.2647058823529411,0.7352941176470589,0.1733333333333333,0.5066666666666667,85.821875,101.95,3.59375,,0.4333333333333333,0.2690625,30.0,34.0,30.0,34.0,4.174387269895637,low,0.0616235294117647,Mark Zagunis,R,0.46650813693960264,0.04794007840892502,-0.006944724097395868,0.3416447316185608,-0.8028073523370354,-14.48142,-12.5333185
657193,1324,546,0.5,L,0.26007326007326,0.73992673992674,0.3368421052631579,0.6781609195402298,87.62048192771084,99.6,10.120481927710845,,0.4457831325301205,0.2365857142857143,33.0,107.0,33.0,107.0,4.948759890378168,low,0.0717774001699235,Eddy Alvarez,L,0.8037109449900074,0.1629936621220177,0.05724608958776862,-0.12329574125491864,0.1014336289742122,10.908027,-3.1583915
657247,1325,89,0.4831460674157303,R,0.4883720930232558,0.5116279069767442,0.2444444444444444,0.7272727272727273,93.1846153846154,102.58,30.46153846153846,67.88684210526316,0.4615384615384615,0.2181199999999999,10.0,15.0,10.0,15.0,3.258096538021482,low,-0.1013666666666666,Brian O'Keefe,R,0.033457005218287955,0.9442284485576133,0.18738617376977432,0.23509993885337332,0.3327456794888397,9.971693,-21.10183
657277,1326,196,0.5051020408163265,R,0.3737373737373737,0.6262626262626263,0.4065934065934066,0.5904761904761905,87.97241379310344,102.78,10.79310344827586,,0.3103448275862069,0.1916875,9.0,39.0,9.0,39.0,3.8918202981106265,low,-0.1412905982905983,Logan Webb,R,-0.09119315996615496,-0.35402298163974516,0.11191950896515131,0.4360815630770279,0.6716636246439839,-6.0652256,10.72443
657376,1327,11,0.3636363636363636,R,0.5,0.5,0.0,0.5714285714285714,,,,,,0.346,0.0,2.0,0.0,2.0,1.0986122886681098,low,,Clarke Schmidt,R,-0.04674907790992029,0.13764169858674882,0.11233768942720913,0.038705147287544484,-0.004795364161457948,3.9550009,-4.3939977
657434,1328,492,0.4776422764227642,L,0.3276595744680851,0.6723404255319149,0.2423076923076923,0.7413793103448276,89.23870967741935,104.42,21.467741935483872,,0.532258064516129,0.2892477876106195,11.0,102.0,11.0,102.0,4.736198448394496,low,0.1102531194295899,Brian O'Grady,L,-0.021289577012928024,1.0204065319204287,0.18685450103403076,0.18077303490003865,0.6258509078633638,10.600161,-20.626842
657524,1329,5,0.6,R,0.3333333333333333,0.6666666666666666,0.5,1.0,,,,,,0.0,1.0,0.0,1.0,0.0,0.6931471805599453,low,,John Bormann,R,0.0028933611646763434,-0.008073403678929876,0.0064263161056673105,-0.016784008180054974,0.08412004097196585,4.177132,-1.310788
657557,1330,10825,0.4944110854503464,R,0.2696188340807175,0.7303811659192825,0.2867876122411581,0.7054769001490313,87.21091113610798,103.8,18.37289088863892,67.5457337883959,0.4638447971781305,0.3070795008912655,641.0,2164.0,641.0,2164.0,7.939515260662406,high,-0.0219404595407476,Paul Dejong,R,0.07032418051767378,0.7784641058599772,-0.1521912623532407,-0.4586408549069942,0.7819405597095586,5.0404677,-23.023989
657656,1331,8180,0.4632029339853301,R,0.263130113486408,0.736869886513592,0.2816176470588235,0.6439024390243903,88.69028974158184,104.8,13.247454972592012,68.8734899328859,0.447867298578199,0.3234473813020068,601.0,1442.0,601.0,1442.0,7.622663951323595,high,0.0245806388335668,Ramón Laureano,R,0.033861330561874584,0.608486661143852,-0.26916757508558875,-0.5620662261469417,-0.033022216657251365,-1.5832491,-20.654915
657658,1332,72,0.4027777777777778,L,0.1379310344827586,0.8620689655172413,0.2,0.5945945945945946,85.57142857142857,98.26,7.285714285714286,,0.1428571428571428,0.185,1.0,17.0,1.0,17.0,2.9444389791664403,low,0.1958823529411764,Braxton Lee,L,0.2591854140510875,0.07780945708341386,0.03730475242707778,0.10232781429055127,-0.3959487493177502,1.2651078,-5.9012046
657681,1333,3,0.6666666666666666,L,0.0,1.0,,0.6666666666666666,86.0,86.0,-10.0,,0.0,0.0,0.0,1.0,0.0,1.0,0.6931471805599453,low,,Kyle Mcgrath,L,-0.05627600206709554,-0.14006613562736472,-0.01540751815879202,-0.0400532344347597,-0.11602298967905957,0.33684528,6.2329926
657709,1334,404,0.4282178217821782,L,0.1734104046242774,0.8265895953757225,0.2938144329896907,0.5523809523809524,77.42769230769231,93.26,12.2,,0.4615384615384615,0.1974950495049504,25.0,76.0,25.0,76.0,4.624972813284271,low,0.0219742105263157,Michael Papierski,L,0.5963930256007008,-0.6681912550955698,-0.03659024726397029,0.5356037625410427,-0.27496947853422343,-20.605536,25.429844
657757,1335,3919,0.4733350344475631,L,0.1951482479784366,0.8048517520215633,0.3126204238921002,0.6543678784590342,88.75090909090909,103.9,15.049924357034795,71.58730769230769,0.4802431610942249,0.2990859291084855,84.0,847.0,84.0,847.0,6.837332814685591,low,0.1582315033451397,Gavin Sheets,L,-1.3342474512025846,-1.6037865848943864,-1.2864337202755003,-0.7013871812881367,-0.2720062354116638,1.6480234,23.936361
658069,1336,1607,0.583696328562539,R,0.2601279317697228,0.7398720682302772,0.4038929440389294,0.7719745222929937,84.84064516129031,101.01,15.30967741935484,,0.4150326797385621,0.2755407239819004,147.0,295.0,147.0,295.0,6.093569770045136,medium,-0.000280156808486,Joshua Fuentes,R,0.29793408337025873,-0.5040411482232826,0.9114423825251944,-0.10559899689331043,1.1393276747290038,20.184517,16.408785
658431,1337,3,0.6666666666666666,R,0.5,0.5,1.0,0.5,,,,,,0.0,0.0,1.0,0.0,1.0,0.6931471805599453,low,,Adonis Medina,R,-0.07386312823267568,-0.033700560364668966,0.015823126282842777,0.0006015449562974906,0.02964381869489965,2.3460295,-1.9496304
658648,1338,8,0.5,R,0.75,0.25,0.4,0.6666666666666666,69.1,69.1,-58.0,,1.0,0.0,0.0,2.0,0.0,2.0,1.0986122886681098,low,,Pedro Avila,R,-0.0700654816524595,-0.07980562558063344,0.06505364276990268,0.11724806459035088,0.018119046042805387,-4.5437746,7.377496
658668,1339,2964,0.4993252361673414,R,0.2189189189189189,0.7810810810810811,0.3138401559454191,0.6996491228070175,87.15008756567426,103.5,9.73951048951049,69.14674329501915,0.4840989399293286,0.3172223667100129,258.0,511.0,258.0,511.0,6.646390514847729,medium,0.0122294634323942,Edward Olivares,R,-0.27443024651228853,-0.15876992766616313,-0.38845286314784766,-0.7393153472148439,0.3837406665664353,10.229131,7.065555
658792,1340,33,0.4242424242424242,R,0.1428571428571429,0.8571428571428571,0.1111111111111111,0.5416666666666666,94.38333333333333,99.15,-8.0,,0.8333333333333334,0.0,1.0,5.0,1.0,5.0,1.9459101490553132,low,0.0,Aaron Wilkerson,R,-0.0462547844072583,-0.2106946588211424,-0.11471594163811176,-0.06001552127531188,-0.26760901230323136,-2.0622294,5.0032887
660162,1341,12578,0.4416441405628876,L,0.281008100810081,0.718991899189919,0.2526137761377613,0.6440566348370103,90.26458785249456,105.7,13.301733477789815,72.76675392670157,0.4360529217199559,0.3265976676384839,773.0,2314.0,773.0,2314.0,8.035278911144667,high,0.0183471148674863,Yoán Moncada,L,-0.8144421355183782,0.2655119733752069,0.11497033230857195,0.05706229294904615,-0.12958267112368285,-11.147261,-27.361448
660271,1342,11271,0.4749356756277171,L,0.2852606015318513,0.7147393984681487,0.2832865863718858,0.6978886756238004,93.10840092699884,109.1,12.212877030162414,75.45859154929578,0.4539627039627039,0.3830338680926916,888.0,1917.0,888.0,1917.0,7.939515260662406,high,0.0473868234431614,Shohei Ohtani,L,-1.4468672857763105,0.2645233925287921,0.7166305044529135,-0.25279955350364247,0.006862012661300519,28.8398,1.7917149
660294,1343,2767,0.4329598843512829,L,0.2212020033388981,0.7787979966611018,0.2308228730822873,0.6504126031507877,89.47146529562983,103.32,14.712082262210798,,0.3922077922077922,0.2793322884012539,177.0,461.0,177.0,461.0,6.459904454377535,medium,-0.0013932129857714,Yoshi Tsutsugo,L,-0.08979287926723462,0.6432363864835465,0.10981093303278514,-0.5527802465389487,-0.6111301839280652,19.449123,-23.007618
660620,1344,1072,0.4253731343283582,L,0.2280701754385965,0.7719298245614035,0.2975970425138632,0.5555555555555556,86.25696969696969,102.32,13.575757575757576,70.34434782608696,0.4846625766871165,0.2492334630350194,91.0,166.0,91.0,166.0,5.552959584921617,low,-0.008145107904144,Jonathan Araúz,L,0.2376370143599352,-0.7819441955520757,-0.4769919259514675,-0.4184027366751601,0.28764424019468043,-13.630229,8.960286
660634,1345,886,0.3837471783295711,L,0.1558823529411764,0.8441176470588235,0.1905829596412556,0.5795454545454546,83.38439716312057,97.0,2.631205673758865,64.03478260869565,0.3829787234042553,0.2395852534562212,62.0,155.0,62.0,155.0,5.384495062789089,low,0.0535903225806451,Yonny Hernández,L,1.1839578976714284,-0.5381610172615484,-0.12679181094396216,0.7364887472094025,-1.012671335590434,-20.370008,-10.854528
660636,1346,1144,0.4361888111888112,R,0.250501002004008,0.749498997995992,0.3036649214659686,0.5691768826619965,89.165445026178,102.3,14.7434554973822,69.6,0.4526315789473684,0.2714558303886926,153.0,130.0,153.0,130.0,5.648974238161206,medium,0.1271473604826545,Diego Castillo,R,0.15551605735742483,-0.6228677814050793,-1.0310888858975606,-0.27714823848210046,0.011284351029475767,-16.547152,-7.749863
660644,1347,996,0.5130522088353414,L,0.1937377690802348,0.8062622309197651,0.3282442748091603,0.7182203389830508,85.52808988764045,100.69,12.634831460674157,66.45208333333333,0.5028571428571429,0.2012693726937269,96.0,175.0,96.0,175.0,5.605802066295998,low,-0.0451527976190475,Vidal Bruján,L,-0.05584828741976363,0.03500468211981679,-0.2627207555884932,0.3623901531141859,0.3275308059082195,-0.60357356,16.610153
660650,1348,535,0.5121495327102804,R,0.4270072992700729,0.572992700729927,0.2935153583617747,0.7768595041322314,86.47540983606558,106.4,12.163934426229508,,0.6101694915254238,0.2852,37.0,88.0,37.0,88.0,4.836281906951478,low,-0.0860104422604423,Dérmis García,R,-1.1311279330667354,0.6539120903693877,-0.32983071739800734,0.8980449206804618,0.2395840080908131,-2.0002282,-25.71711
660670,1349,12257,0.4551684751570531,R,0.2339128876142677,0.7660871123857322,0.2307450487268154,0.6973706530958439,92.33258541560429,109.8,12.101936799184504,74.81787072243345,0.4352759154203197,0.388418326693227,669.0,2343.0,669.0,2343.0,8.0106915391303,high,-0.0026015399367259,Ronald Acuña,R,0.04690889970546399,1.984397655596848,1.3023781857008436,-0.6178956003828804,0.15630224511354562,11.685803,-13.909593
660688,1350,3761,0.5102366391917044,L,0.1323606044815007,0.8676393955184992,0.3439425051334702,0.6889134031991175,87.48282828282828,101.6,15.520763187429854,64.75777262180974,0.5140607424071991,0.3074831358249771,294.0,803.0,294.0,803.0,7.001245622069476,medium,0.0084571716606941,Keibert Ruiz,L,0.3607548182369526,-1.2266192729697627,-1.104887799940316,-0.6848239957145701,0.40504944637703055,-5.276597,14.308301
660707,1351,1833,0.5286415711947627,R,0.3611971104231166,0.6388028895768834,0.4091816367265469,0.6726835138387485,88.90171821305843,105.6,11.22680412371134,73.83429319371729,0.4103448275862069,0.3050630081300813,184.0,308.0,184.0,308.0,6.20050917404269,medium,0.0116281055900621,Elehuris Montero,R,-0.6980484140631072,-0.6459236959200235,0.03631430201325449,0.4519687809947455,0.5403964928634816,-6.879359,7.355791
660731,1352,339,0.495575221238938,L,0.3928571428571429,0.6071428571428571,0.3566878980891719,0.6153846153846154,90.47450980392156,107.1,13.215686274509803,,0.46,0.2673297872340425,23.0,71.0,23.0,71.0,4.553876891600541,low,0.0875290875688916,Anderson Tejeda,L,-0.27426354643509504,-0.05198097367359611,0.7060103228574937,0.24629891536286186,0.3488949295388979,-4.2370496,-0.8302976
660757,1353,2096,0.5916030534351145,R,0.2564516129032258,0.7435483870967742,0.4736842105263157,0.7322175732217573,88.6012077294686,106.6,5.73621103117506,72.3885593220339,0.4233576642335766,0.3070892857142857,187.0,373.0,187.0,373.0,6.329720905522696,medium,-0.0420752390646729,Oscar González,R,-0.5296574871844606,-1.4045375888738112,0.984443511788937,-0.6445815870035092,-0.1388543670632674,14.614458,17.383684
660766,1354,1301,0.5380476556495004,R,0.2371428571428571,0.7628571428571429,0.3680351906158358,0.7253634894991923,85.32692307692308,103.84,18.512820512820515,71.07291666666667,0.4698275862068966,0.3047286135693215,101.0,238.0,101.0,238.0,5.8289456176102075,low,-0.0407227306764289,Juan Yepez,R,-0.3219467263012094,0.2291719868208138,-0.2830835852959154,-0.3925899013490827,1.4131632890191428,4.1385417,-13.881884
660821,1355,4133,0.4902008226469876,L,0.2685093780848964,0.7314906219151036,0.3201970443349753,0.69,90.11703470031546,108.57,8.135646687697161,72.61839080459771,0.4251592356687898,0.3175764705882353,186.0,834.0,186.0,834.0,6.928537818164665,medium,0.0941346793532915,Jesús Sánchez,L,-0.5888460479712663,-0.21791275068223828,1.039935067480377,-0.2875740663083938,-0.3129083108172625,12.468695,13.951537
660829,1356,876,0.386986301369863,L,0.2300884955752212,0.7699115044247787,0.1639344262295081,0.5991091314031181,85.58253968253968,101.6,14.341269841269842,,0.496,0.2798439024390244,36.0,169.0,36.0,169.0,5.327876168789581,low,-0.1285670611439842,Hoy Park,L,0.4746113671880109,0.5862144517312974,-0.69177540160476,0.3919546589039107,-0.21207843124078826,-10.796656,-13.867619
660853,1357,13,0.2307692307692307,R,0.6666666666666667,0.3333333333333333,0.1111111111111111,0.5,,,,,,0.0,0.0,1.0,0.0,1.0,0.6931471805599453,low,,Enyel De Los Santos,R,-0.017461808353074572,0.01962122323338597,-0.034234943209876245,0.08212704343331761,-0.06362556778466921,-1.3338884,-4.1856523
661388,1358,4703,0.449500318945354,R,0.2904446546830652,0.7095553453169348,0.2733900364520049,0.644136078782453,91.14124668435014,107.8,5.638888888888889,71.87551401869159,0.396551724137931,0.353339847068819,329.0,848.0,329.0,848.0,7.071573364211532,medium,0.1061911846934678,William Contreras,R,-0.8250384689766364,0.39304771214162926,0.34003857720799385,-0.34408565323550977,-0.5105785997554,28.522453,2.4605668
661531,1359,864,0.5428240740740741,R,0.2750533049040512,0.7249466950959488,0.3747126436781609,0.7132867132867133,84.58129032258064,99.52,12.96774193548387,,0.4900662251655629,0.2493451327433628,52.0,174.0,52.0,174.0,5.424950017481403,low,0.014288682581786,Brian Serven,R,0.5663566183863938,0.10503508892912418,0.09299216616195594,-0.10438909637326792,1.1480223134753482,18.137247,-9.045408
662139,1360,6213,0.4955737968775149,L,0.2322182526794414,0.7677817473205586,0.2897410685021304,0.6941808981657179,87.64363992172211,104.99,17.876712328767123,73.23960396039604,0.5104063429137761,0.3091405269761605,369.0,1225.0,369.0,1225.0,7.374629015218945,medium,0.0333235285658978,Daulton Varsho,L,0.21941210175253562,0.57662817302665,0.011672669583967408,-0.9845269613656131,0.26511912201131194,17.267305,-3.85119
663330,1361,347,0.4438040345821326,R,0.2272727272727273,0.7727272727272727,0.18125,0.6684491978609626,88.63799999999999,101.47,17.6,71.58,0.46,0.2093444444444444,37.0,53.0,37.0,53.0,4.51085950651685,low,-0.0082493625701172,Jahmai Jones,R,-0.03679076712358508,0.757030673848144,-0.322854484833044,0.10371484532797912,-0.019654155570838962,1.1025563,-17.933695
663368,1362,707,0.355021216407355,L,0.2151394422310757,0.7848605577689243,0.1594202898550724,0.5414364640883977,85.62765957446808,100.41,14.75531914893617,67.49565217391304,0.4838709677419355,0.3035662650602409,58.0,108.0,58.0,108.0,5.117993812416755,low,0.0529441251596423,Blake Perkins,L,0.35234675220027484,0.16646436853217028,-0.4794141337671728,0.2535987919875939,-0.5772270994959054,-14.799484,-12.480709
663372,1363,4,0.25,R,1.0,0.0,0.0,0.3333333333333333,,,,,,0.0,0.0,1.0,0.0,1.0,0.6931471805599453,low,,Ryan Feltner,R,-2.5645787751899325e-05,-0.030020234133239444,-0.02241974653427549,0.07418781641480363,0.002554591524945286,-0.30467743,-2.2612212
663378,1364,3,0.6666666666666666,R,0.5,0.5,1.0,0.5,,,,,,0.0,0.0,1.0,0.0,1.0,0.6931471805599453,low,,Thomas Szapucki,R,-0.017124954595877876,0.015032571878191237,0.01768252259513639,0.008454966472252847,0.015231093035830872,3.3566298,-0.9042329
663411,1365,39,0.5128205128205128,L,0.4,0.6,0.4285714285714285,0.6111111111111112,77.94,88.92,27.0,,0.2,0.0,0.0,10.0,0.0,10.0,2.3978952727983707,low,,Joe Mccarthy,L,-0.11676123220281824,0.1917099209877555,-0.17993583273357147,0.23422049313682208,0.18504287886480567,-3.2464256,-12.322117
663457,1366,3899,0.3688125160297512,L,0.1974965229485396,0.8025034770514604,0.1841704718417047,0.5575726141078838,90.0475040257649,106.1,8.943639291465379,70.69444444444444,0.4368932038834951,0.3399245867768595,218.0,750.0,218.0,750.0,6.876264611890766,medium,0.0240997064220183,Lars Nootbaar,L,-1.1487439564425292,-0.5975105439849032,-0.8219260861644995,0.320611390060097,-0.6434846445768214,0.36665407,24.769283
663465,1367,14,0.4285714285714285,L,0.3333333333333333,0.6666666666666666,0.4285714285714285,0.4285714285714285,80.525,89.19,46.5,,0.25,0.88,0.0,1.0,0.0,1.0,0.6931471805599453,low,,Kolby Allard,L,0.04104021619887617,-0.0055914813358899276,0.03609994032256336,-0.0070902777198618445,-0.005822482443961911,3.020599,0.23131256
663478,1368,45,0.4888888888888889,R,0.3636363636363636,0.6363636363636364,0.3571428571428571,0.7058823529411765,87.98571428571428,101.1,34.142857142857146,,0.3333333333333333,0.2233636363636363,6.0,5.0,6.0,5.0,2.4849066497880004,low,0.4095,Brendon Davis,R,-0.3378984532905536,0.02359420115368586,-0.17952652438452563,0.22266601159475613,0.013914679717069913,-4.563819,-6.856804
663527,1369,1339,0.4533233756534727,R,0.2207578253706754,0.7792421746293245,0.2330383480825958,0.6792738275340393,88.33125,102.63,16.90625,65.77558139534884,0.3626943005181347,0.2792460063897763,113.0,200.0,113.0,200.0,5.749392985908253,medium,0.1099267256637168,Tyler Nevin,R,0.23452942094681078,0.45031519747675275,-0.3928767505301121,-0.4735378360236072,-0.558881895857369,7.501207,-5.3740478
663538,1370,5773,0.4734107050060627,R,0.1368459568240029,0.8631540431759971,0.3228989452194624,0.629498941425547,86.83169533169533,101.5,9.322422258592471,67.50301075268817,0.3461224489795918,0.3167749523204068,416.0,1157.0,416.0,1157.0,7.3613754289773485,medium,0.0031361819360414,Nico Hoerner,R,0.88090772530535,-1.2287018954115332,-0.3866617063408742,-1.0456426819387667,-0.45909982536847965,23.26,9.701298
663550,1371,213,0.647887323943662,L,0.4855072463768116,0.5144927536231884,0.4513274336283185,0.87,86.66071428571429,108.12,4.678571428571429,73.34198473282443,0.4285714285714285,0.2376607142857142,4.0,52.0,4.0,52.0,4.04305126783455,low,0.0685576923076923,Trey Cabbage,L,-1.1194346981935686,-0.3768560099842923,0.5711114247071066,0.7990705698014464,0.18607039109202028,-10.555021,22.26769
663567,1372,124,0.4032258064516129,R,0.3199999999999999,0.68,0.2142857142857142,0.5588235294117647,81.79375,94.85,3.125,,0.2,0.0,1.0,1.0,1.0,1.0,1.0986122886681098,low,0.0,Peter Lambert,R,-0.05293298158185378,-0.003826392445760327,-0.07312723665641366,0.0819629362528061,-0.1474607511688947,-2.8807294,-4.1454563
663586,1373,9944,0.5094529364440868,R,0.2753651796288985,0.7246348203711015,0.3073263558515699,0.7359778204307955,91.32256690997566,108.4,14.159878419452887,74.57003367003367,0.4196701282834453,0.3599488680718188,584.0,1978.0,584.0,1978.0,7.848933726364071,high,0.032345398700777,Austin Riley,R,-0.4945394892947776,0.945795327232539,0.6441011440757162,-0.7351119033707209,0.08863242286679093,13.0961685,-24.593063
663609,1374,448,0.4174107142857143,R,0.3048128342245989,0.6951871657754011,0.2317073170731707,0.6435643564356436,93.06909090909092,108.82,16.836363636363636,71.98931297709925,0.3818181818181818,0.2855252525252525,42.0,57.0,42.0,57.0,4.605170185988092,low,-0.081468671679198,Luken Baker,R,-1.0054688145603652,0.26043999436729054,-0.30404121318557975,-0.2232866560002393,-0.19315905015159024,-5.7628,-4.5139933
663611,1375,3115,0.4455858747993579,R,0.0828530259365993,0.9171469740634006,0.2835917312661499,0.6056158264199106,85.56974063400577,98.8,2.239193083573487,64.44606741573034,0.3054755043227665,0.302222884386174,247.0,592.0,247.0,592.0,6.733401891837359,medium,-0.0135070166320166,Nick Madrigal,R,2.280492765558212,-1.0938910341349122,0.12061220476776092,-0.5750960717857061,-1.114327195627738,-19.558874,-4.2116933
663616,1376,2847,0.4232525465402177,L,0.3659751037344398,0.6340248962655601,0.2435643564356435,0.6276276276276276,90.11069518716576,107.27,14.419786096256685,71.40163934426229,0.4625668449197861,0.3065267727930535,164.0,527.0,164.0,527.0,6.539585955617669,medium,0.0704958693941777,Trevor Larnach,L,-1.365217757255516,-0.1292922117337618,-0.5838719185973411,0.5551428932517554,0.10035370530593496,-22.643784,-2.1236837
663624,1377,6896,0.556699535962877,R,0.2761135712425111,0.7238864287574889,0.3834606268106399,0.7689577282994514,90.29908637873754,106.4,14.581395348837209,75.295,0.3710482529118136,0.3314181010549695,555.0,1246.0,555.0,1246.0,7.496652438168283,high,0.0372970630341417,Ryan Mountcastle,R,-0.9489514117284604,-0.3936854752292851,0.5590263251972616,-0.9505319616264473,-0.31454738544976607,8.754231,15.423089
663630,1378,1912,0.4837866108786611,R,0.3254054054054054,0.6745945945945946,0.247578040904198,0.7070193285859614,87.95182481751824,104.1,13.226277372262771,71.58928571428571,0.3933823529411764,0.276384,236.0,264.0,236.0,264.0,6.2166061010848646,medium,-0.0005988700564971,Ryan Mckenna,R,-0.28317256191790735,0.905299321516797,0.2962089448494761,0.4105971849169529,-0.36063738974886816,10.142138,-21.543623
663647,1379,6064,0.4406332453825857,R,0.1897455089820359,0.8102544910179641,0.2789158525055152,0.6181252161881702,91.33909502262443,106.2,7.495031616982836,71.05693641618497,0.2945945945945946,0.3161856325492689,479.0,1094.0,479.0,1094.0,7.3613754289773485,high,0.0451136890154305,Ke'Bryan Hayes,R,0.04271701583323303,-0.2484933537509239,0.9406112331505299,-0.8698663574419788,-1.2423277939448694,12.770569,9.497236
663656,1380,8371,0.5056743519292797,L,0.1845027167493503,0.8154972832506496,0.2475989693136566,0.7742564602632862,90.65861214374226,104.4,16.61919504643963,69.7266037735849,0.4621638524077548,0.3594805847418912,777.0,1412.0,777.0,1412.0,7.691656822810547,high,0.0035004365960456,Kyle Tucker,L,-1.2386912070192193,0.3237189338844423,-0.5375508967190866,-0.9819350283738028,-0.5697905103346415,20.479572,13.692811
663662,1381,1006,0.4652087475149105,R,0.2777777777777778,0.7222222222222222,0.2879377431906614,0.6504065040650406,88.80068027210885,105.42,12.802721088435376,,0.3333333333333333,0.2637049180327868,73.0,171.0,73.0,171.0,5.501258210544727,low,0.0171724745654089,Daz Cameron,R,0.025086581504311797,0.20878315819265947,0.7688105540694598,0.07194852316473065,-0.9033862548501083,12.971478,-1.484887
663697,1382,6567,0.39409167047358,R,0.2156105100463679,0.7843894899536321,0.2174977057204038,0.5691328077622801,87.54404646660213,103.9,14.20696324951644,69.4983870967742,0.4844357976653696,0.3377153652392947,411.0,1177.0,411.0,1177.0,7.370860166536716,medium,-0.0166007024332967,Jonathan India,R,0.6171075726333163,0.6673591904134731,-0.45539258161320817,-0.4144122354324375,0.11625138247369654,5.072117,-17.628635
663698,1383,1946,0.4809866392600205,R,0.3365384615384615,0.6634615384615384,0.3202020202020202,0.647489539748954,87.35201465201465,105.06,15.336996336996338,73.55384615384615,0.4666666666666667,0.2785904572564612,177.0,326.0,177.0,326.0,6.222576268071369,medium,-0.0319617170981941,Joey Bart,R,0.5279813397780818,0.7862050074901393,0.5582470470363926,0.08963828755762067,0.8416411961803919,11.375149,-15.191045
663728,1384,4528,0.5227473498233216,L,0.2915082382762991,0.7084917617237009,0.3264462809917355,0.7481024667931688,89.8459420289855,105.81,20.723188405797103,73.36376811594204,0.5446559297218155,0.3150928381962865,242.0,889.0,242.0,889.0,7.0317412587631285,medium,0.0293422779797153,Cal Raleigh,L,-1.2333139182679747,0.1366448482675283,-0.4965958128697191,-0.25666450872085955,1.0846210260969964,-2.1919277,-11.162221
663731,1385,15,0.5333333333333333,R,0.375,0.625,0.0,0.8,94.2,99.64,15.0,,0.5,0.0,4.0,0.0,4.0,0.0,1.6094379124341005,low,,Connor Kaiser,R,-0.006131618239615197,0.15642233516553503,0.010677057847245063,0.12348484869636629,0.07934725711371819,4.632579,-12.6126995
663743,1386,2094,0.447468958930277,R,0.176093916755603,0.823906083244397,0.2549763033175355,0.6429258902791145,88.78018867924528,104.1,14.882075471698114,68.95530726256983,0.4562647754137116,0.2838417508417508,163.0,431.0,163.0,431.0,6.38856140554563,medium,0.0679100678974563,Nick Fortes,R,-1.0599824084074942,-0.19672934856847088,-1.130928180753392,-0.4125060787514729,-0.3806296078728562,1.1819458,11.26225
663757,1387,8385,0.3916517590936195,L,0.2329476248477466,0.7670523751522533,0.1940622737146995,0.5846298915605846,88.8232538330494,104.2,14.897021276595744,69.205,0.4806201550387597,0.3075373208106772,510.0,1513.0,510.0,1513.0,7.6128310304073565,high,-0.0267519717999559,Trent Grisham,L,0.6056412386946258,1.4014004992769697,0.0194781740278227,-0.15182995679152586,-0.4905514760366523,10.436874,-13.18968
663796,1388,141,0.6170212765957447,R,0.264367816091954,0.735632183908046,0.4029850746268656,0.8108108108108109,82.52307692307691,98.4,19.692307692307693,,0.3846153846153846,0.2473658536585365,19.0,22.0,19.0,22.0,3.737669618283368,low,0.0428684210526315,Coco Montes,R,0.5168547969745385,0.12696525029409786,0.7440403427046968,0.07688132818202159,0.31554013036921247,21.990175,-14.550351
663799,1389,182,0.4340659340659341,R,0.2531645569620253,0.7468354430379747,0.3894736842105263,0.4827586206896552,82.53333333333333,103.25,27.0,,0.3,0.13225,17.0,31.0,17.0,31.0,3.8918202981106265,low,-0.1247134724857684,Curtis Terry,R,-0.14182661468092922,-0.3058329272680715,-0.14917065291338408,-0.13209500899350365,0.4396407869877977,3.113219,-9.676123
663837,1390,3805,0.4423127463863338,R,0.1752822341057635,0.8247177658942365,0.2827735644637053,0.5926493108728943,90.06378539493294,105.6,9.880774962742176,69.75817409766454,0.3473053892215569,0.3069885535900104,322.0,639.0,322.0,639.0,6.8690144506657065,medium,0.0194046063822548,Matt Vierling,R,0.39937175729403385,-0.2228741143643883,0.45085402287194,-1.145575320212833,-1.1386682201095557,10.4744215,9.838918
663845,1391,1930,0.4191709844559586,L,0.2533992583436341,0.7466007416563659,0.2214137214137214,0.6157024793388429,87.7406976744186,103.7,6.980694980694981,68.92682926829268,0.4346153846153846,0.2997236842105263,66.0,390.0,66.0,390.0,6.124683390894205,low,0.1509682983682984,Alfonso Rivas,L,0.3827678426983479,0.44980473929133863,0.4420651545368361,0.01722188611074081,-0.8775600231623732,-13.049243,-11.742133
663853,1392,870,0.5206896551724138,R,0.3377483443708609,0.6622516556291391,0.3573085846867749,0.6810933940774487,90.36312056737589,107.3,3.1690140845070425,,0.3496503496503496,0.256626050420168,84.0,154.0,84.0,154.0,5.476463551931511,low,0.0537489177489178,Romy Gonzalez,R,-0.5279175266159998,-0.10316238703768082,0.7935709356339843,-0.03650511516096663,-0.6889249625433325,18.938383,10.339656
663886,1393,4444,0.4174167416741674,R,0.2242587601078167,0.7757412398921832,0.2292768959435626,0.6135110294117647,88.60802721088436,102.9,8.820408163265306,68.8563829787234,0.3959183673469387,0.3329016979445934,351.0,768.0,351.0,768.0,7.02108396428914,medium,0.0209028111645299,Tyler Stephenson,R,-1.0170890891905013,0.3944813236476742,-0.9265551884438283,0.3926440232755623,-1.0992878438468676,-6.7394495,-23.600744
663897,1394,992,0.4848790322580645,R,0.2411642411642411,0.7588357588357588,0.2745490981963928,0.6977687626774848,83.88374999999999,101.29,10.625,70.46666666666667,0.4240506329113924,0.2568740458015267,115.0,147.0,115.0,147.0,5.572154032177765,medium,0.0679058858325939,Luke Williams,R,0.4443694774996122,0.23661906745511188,-0.2627391110392835,0.17750955421036607,-0.02039880343670558,6.531368,-10.535396
663898,1395,4686,0.507895860008536,R,0.2155462184873949,0.784453781512605,0.2968483816013628,0.7198460222412318,89.03943965517242,105.0,5.179763186221744,69.85664556962026,0.3512931034482758,0.3162604651162791,398.0,892.0,398.0,892.0,7.1631723908466425,medium,0.0740874833810307,Brendan Rodgers,R,-0.49292397533704735,0.2258569459220837,0.27935571706280204,-0.33558136104598013,-1.0387301120403334,16.238071,6.0157084
663905,1396,255,0.5019607843137255,L,0.25,0.75,0.291044776119403,0.7355371900826446,93.14666666666668,105.38,12.28888888888889,71.15454545454546,0.5,0.2608823529411764,8.0,60.0,8.0,60.0,4.23410650459726,low,0.071975,Travis Blankenhorn,L,-1.0390776390627274,-0.555500050354321,-0.2306634988372359,0.034199568538877255,0.15072429606151866,-0.025331357,19.617544
663911,1397,96,0.4895833333333333,L,0.3617021276595744,0.6382978723404256,0.3488372093023256,0.6037735849056604,89.08235294117648,104.3,7.882352941176471,,0.3529411764705882,0.2483225806451613,10.0,21.0,10.0,21.0,3.4657359027997265,low,0.2648619047619047,Nick Plummer,L,-0.20605754162897272,-0.011995544384282969,-0.32322730393584154,0.30371915474354283,0.15859683459329926,-4.3989515,-7.6331854
663967,1398,80,0.575,L,0.2826086956521739,0.717391304347826,0.2857142857142857,0.8947368421052632,85.41818181818182,92.5,15.454545454545457,,0.5454545454545454,0.129578947368421,3.0,16.0,3.0,16.0,2.995732273553991,low,0.1538749999999999,César Salazar,L,0.3200827465747085,0.2608314190884909,-0.06371003964005728,0.12096199979799203,0.3791794356615602,7.94532,-10.13008
663993,1399,9241,0.4630451249864733,L,0.2054218275297966,0.7945781724702033,0.2398268398268398,0.6862151049556373,90.299653259362,106.6,7.275312066574203,72.62959001782531,0.3574912891986063,0.3456356761565836,682.0,1566.0,682.0,1566.0,7.718240951959316,high,0.0102496095549488,Nathaniel Lowe,L,-1.1287342131507132,0.11339151187926444,1.2278291408748903,-0.7129900270799969,-1.6383867376742551,-17.652565,27.03597
664011,1400,12,0.3333333333333333,R,0.25,0.75,0.2,0.4285714285714285,83.75,92.35,-29.5,,0.5,0.0,4.0,0.0,4.0,0.0,1.6094379124341005,low,,Trey Amburgey,R,0.032824081628129435,0.03283318872877996,-0.030391415456319695,0.021313538808344346,-0.09413240858020756,-0.4049964,-4.338833
664023,1401,12705,0.4589531680440771,L,0.2876007545875493,0.7123992454124507,0.2415756270195414,0.6865936190783113,89.68287262872629,105.1,12.061246612466125,70.46046511627907,0.4378082191780822,0.3421050596197228,768.0,2335.0,768.0,2335.0,8.04044688130311,high,0.0434035270565667,Ian Happ,L,-0.3784200299524199,0.6751002738812244,0.5511788086778945,-0.09568512795154997,-1.0209024242670113,19.0103,6.383244
664029,1402,841,0.4019024970273483,R,0.2810650887573964,0.7189349112426036,0.2144522144522144,0.5970873786407767,86.53809523809524,101.7,9.325396825396826,66.32631578947368,0.4838709677419355,0.3119547738693467,130.0,69.0,130.0,69.0,5.298317366548036,low,0.0065197324414715,Mark Mathias,R,0.5522742325855013,0.9063091578515303,0.3810441929063022,0.3084392840261037,-1.0753899800789444,25.227877,-5.5708585
664034,1403,8436,0.5128022759601707,R,0.191169671752196,0.808830328247804,0.3099681383705052,0.7333003463631865,87.82346813725489,104.1,12.109614206981016,70.0992523364486,0.4184049079754601,0.3332847740236946,666.0,1613.0,666.0,1613.0,7.731930721948486,high,-0.001225484008497,Ty France,R,0.6233419854953133,0.4460893582019743,0.46124746310036396,-0.7683168222299047,0.21788078667972488,21.734026,-4.856437
664040,1404,7810,0.517797695262484,L,0.320969337289812,0.679030662710188,0.288135593220339,0.7678523669430329,90.17702479338844,105.61,16.938792390405293,71.1997555012225,0.5,0.3481833996023856,461.0,1551.0,461.0,1551.0,7.607381425639791,high,0.0520454104901882,Brandon Lowe,L,-0.4670779207270479,1.0127973411439217,0.4720767497232801,0.23207938103169354,0.1482253329587137,12.565053,-23.069147
664041,1405,391,0.4936061381074169,R,0.4093264248704663,0.5906735751295337,0.284313725490196,0.7219251336898396,89.68793103448276,105.83,4.551724137931035,,0.3214285714285714,0.2556631578947368,42.0,53.0,42.0,53.0,4.564348191467836,low,-0.0859887690925426,Jaylin Davis,R,-0.04110447917161347,0.7365909581429947,1.050388967026514,0.14487641394137096,-0.5346532816234537,24.871717,-6.3531523
664056,1406,8306,0.4543703346978088,R,0.2397986221515633,0.7602013778484367,0.2930674704382101,0.6286000500876534,86.20444282592862,103.7,14.97742170429716,68.92097902097903,0.4272727272727272,0.3043564593301435,519.0,1571.0,519.0,1571.0,7.645397699428633,high,0.0568826171369561,Harrison Bader,R,-0.19338444977154204,0.21887239851864765,-0.45108071938404354,-0.3160118018472116,0.45420580780917447,3.810974,-10.7301
664057,1407,1804,0.4850332594235033,L,0.272,0.728,0.296137339055794,0.6869266055045872,88.31684210526315,103.82,6.849122807017544,66.78181818181818,0.3686131386861314,0.2936721991701245,59.0,423.0,59.0,423.0,6.180016653652572,low,0.0776325680169891,Andrew Stevenson,L,-0.06452073175792283,-0.17772036607210126,0.3525626818111816,0.35148742734639943,-0.2636446229315909,-7.6078777,0.05303964
664058,1408,7899,0.4124572730725408,R,0.0936157151626765,0.9063842848373236,0.2621438263229308,0.5439012814428097,83.20112170499159,97.3,9.77983193277311,63.84533333333333,0.3828213879408418,0.2983654024051804,709.0,1453.0,709.0,1453.0,7.679251425953058,high,0.0314442023069821,David Fletcher,R,0.5887197726615663,-2.27807988136134,-1.389134636530733,-0.20357836887405012,-0.9203572960991133,-21.801159,7.2608547
664059,1409,1714,0.4778296382730455,L,0.2661782661782662,0.7338217338217338,0.2543153049482163,0.7076923076923077,86.56864111498258,102.94,12.101045296167248,67.57830188679246,0.487719298245614,0.2999648351648352,201.0,254.0,201.0,254.0,6.1224928095143865,medium,-0.1129618834959063,Sam Haggerty,L,0.08379666199690664,0.6181128713018079,-0.23821805049173383,0.7315174402374017,-0.02787594231276985,-4.6632137,-9.615867
664068,1410,4432,0.5090252707581228,R,0.2960992907801418,0.7039007092198581,0.3364993215739484,0.6807744259342638,86.9218487394958,103.0,17.530812324929972,,0.4240231548480463,0.284487088156723,309.0,814.0,309.0,814.0,7.024649030453636,medium,-0.0080923999904582,Scott Kingery,R,0.7889585798707303,0.47112416973127486,0.10253116983142349,-0.12883935217217518,0.8568010300048206,18.22445,-5.705261
664119,1411,469,0.511727078891258,L,0.3333333333333333,0.6666666666666666,0.35,0.6812227074235808,86.02173913043478,101.08,14.884057971014492,,0.4925373134328358,0.2279435483870967,19.0,105.0,19.0,105.0,4.8283137373023015,low,0.1154180451127819,Austin Allen,L,-0.32101142962297347,-0.24891891197128357,-0.22814578752428538,0.16450689636739438,0.4793057235775499,-6.7249885,8.9795885
664167,1412,49,0.4489795918367347,R,0.1818181818181817,0.8181818181818182,0.3333333333333333,0.56,84.17,100.08,2.4,,0.4,0.1885714285714285,3.0,11.0,3.0,11.0,2.70805020110221,low,-0.24,Blake Trahan,R,0.3675095957103948,0.009375822687525924,0.2915180953705638,0.08312217739033015,-0.2507175763505325,12.964192,-4.007064
664192,1413,377,0.3687002652519894,L,0.4748201438848921,0.5251798561151079,0.3012820512820512,0.416289592760181,80.89230769230768,96.4,-15.615384615384617,,0.36,0.0673469387755102,18.0,31.0,18.0,31.0,3.912023005428146,low,0.0458602150537634,Joey Lucchesi,L,-0.3664416229308664,-0.5623537808727079,0.3141579396241098,1.0425227465776725,0.25537713894698977,-23.54575,18.580832
664196,1414,15,0.4,R,0.3333333333333333,0.6666666666666666,0.3333333333333333,0.4444444444444444,92.8,92.8,-12.0,,1.0,0.0,2.0,0.0,2.0,0.0,1.0986122886681098,low,,Tanner Anderson,R,-0.08932624558728798,0.009633067441990582,-0.0027816569295517454,0.029362737878338565,0.02371311863479054,3.0610816,-1.456478
664238,1415,5197,0.4188955166442178,R,0.2586127698667891,0.7413872301332108,0.2261768082663605,0.6137770897832817,87.83157121879589,103.8,19.6784140969163,70.07540983606557,0.4266467065868263,0.3095563665855637,509.0,724.0,509.0,724.0,7.1180162044653335,high,0.0304466156150614,Dylan Moore,R,0.23509231270223918,1.1494097934180176,-0.6603491498020638,0.036383099560090316,-0.03193102479366947,4.910598,-19.618382
664247,1416,1420,0.4739436619718309,R,0.3150074294205052,0.6849925705794948,0.2946058091286307,0.6599713055954088,89.78427947598253,105.52,18.148471615720524,,0.4801762114537445,0.3048395721925134,207.0,167.0,207.0,167.0,5.926926025970411,medium,0.0652512945124244,Kyle Garlick,R,-0.5962404944994766,0.48191192929316756,-0.5111615802172412,-0.2026150916226445,0.3948046793794311,-1.7571998,-10.404233
664314,1417,558,0.471326164874552,L,0.3802281368821293,0.6197718631178707,0.2377622377622377,0.7169117647058824,86.48243243243243,102.85,14.364864864864863,71.38702290076337,0.4189189189189189,0.2788432835820895,22.0,112.0,22.0,112.0,4.90527477843843,low,-0.0303701298701298,Estevan Florial,L,-0.7069174476857517,0.5078294495506507,-0.2712954294144632,0.6018809534053573,-0.1597931959677707,-6.319592,-23.870636
664334,1418,48,0.4166666666666667,R,0.4499999999999999,0.55,0.2592592592592592,0.6190476190476191,93.2,105.3,-8.333333333333334,,0.5,0.0,4.0,8.0,4.0,8.0,2.5649493574615367,low,0.0,Aaron Whitefield,R,-0.24781195971611827,-0.27636414517930924,0.04516768129859516,0.037077702513004795,-0.28929862631941866,-0.65924954,6.8386564
664670,1419,645,0.524031007751938,L,0.1568047337278106,0.8431952662721893,0.2919254658385093,0.7554179566563467,83.99136690647481,98.14,8.388489208633093,57.7,0.4225352112676056,0.2825111111111111,60.0,120.0,60.0,120.0,5.198497031265826,low,-0.0227583333333333,Alejo López,L,1.5058436632762,0.11045630536726998,0.2207074523010762,0.21546790534360447,0.15273100604962056,-23.243685,-14.55821
664702,1420,7904,0.4084008097165992,R,0.117719950433705,0.8822800495662949,0.2006004366812227,0.5879716981132076,86.66059957173448,99.0,10.547466095645968,64.62753164556962,0.2836676217765043,0.2812568667344863,558.0,1408.0,558.0,1408.0,7.584264818389059,high,-0.0198193782583903,Myles Straw,R,1.1649667995853286,-0.3349083532201886,-0.661025759419365,0.2458057823279749,-0.9744551845464483,-19.36053,-11.511622
664728,1421,2491,0.4640706543556804,L,0.1980968858131487,0.8019031141868512,0.2816326530612245,0.6406003159557662,89.21217391304347,103.41,13.33405639913232,69.5625,0.4791208791208791,0.2833467261904762,126.0,546.0,126.0,546.0,6.511745329644728,medium,-0.0245109890109889,Kyle Isbel,L,-0.5914418663742841,-0.4298310574679655,-0.420700330146494,0.026444533367524888,-0.3702668483490649,-0.109587975,19.83027
664731,1422,998,0.4288577154308617,R,0.2476635514018691,0.7523364485981309,0.2653846153846154,0.606694560669456,85.57908496732027,100.78,8.934640522875817,,0.4117647058823529,0.2849282868525896,81.0,170.0,81.0,170.0,5.529429087511423,low,-0.0371339869281046,P. J. Higgins,R,0.681591539383074,0.3790500959769599,-0.040737081014887884,0.13883151076812997,-0.6585346255328821,11.723488,-8.403382
664761,1423,6858,0.4981044036162146,R,0.1952576112412177,0.8047423887587822,0.2897841726618705,0.7120898610700561,90.28927773641102,105.0,9.02084884586746,70.72205323193917,0.3183520599250936,0.317647795318454,520.0,1317.0,520.0,1317.0,7.516433302915632,high,0.082046299865662,Alec Bohm,R,-0.29856140754189653,-0.5197748684169804,0.7500953947144626,-0.9243032352269789,-1.0060312400161397,12.845885,14.881168
664770,1424,110,0.5545454545454546,L,0.1639344262295081,0.8360655737704918,0.3061224489795918,0.7540983606557377,85.9235294117647,101.06,13.882352941176473,61.57142857142857,0.2352941176470588,0.266,5.0,26.0,5.0,26.0,3.4657359027997265,low,0.1511846153846153,Nathan Lukes,L,0.24320938449232615,-0.09315554771664228,0.25844045566292984,-0.19077620648832386,-0.10032368120433821,9.311194,1.9213059
664774,1425,5053,0.4193548387096774,L,0.1845210004719207,0.8154789995280792,0.198526560682435,0.6495553759094583,88.63985419198056,103.78,18.48058252427185,70.90350318471337,0.4833127317676143,0.3324552,164.0,1086.0,164.0,1086.0,7.1316985104669115,medium,0.1177377599604725,Lamonte Wade,L,0.7765469371488644,1.426709105155107,-0.5880626020837584,-0.3195134369770285,-0.5047042641323035,9.62137,-13.761806
664789,1426,550,0.4545454545454545,L,0.308,0.692,0.2384341637010676,0.6802973977695167,84.34933333333333,102.34000000000002,9.933333333333334,,0.48,0.2371278195488722,34.0,99.0,34.0,99.0,4.897839799950911,low,-0.118406120023767,Ka'Ai Tom,L,0.5363993531591128,0.4956747146838497,-0.15780678275970125,0.3803791662202829,0.03394417094491186,5.8404083,-21.269613
664842,1427,24,0.3333333333333333,L,0.0,1.0,0.1666666666666666,0.5,77.5,88.24,-3.0,,0.3333333333333333,0.1379999999999999,1.0,4.0,1.0,4.0,1.791759469228055,low,0.1725,Kevin Kaczmarski,L,0.2227341265679172,-0.08254403701620944,-0.1718372857306626,-0.12175919804443992,-0.11304421326797187,-1.4304218,-0.7121256
664848,1428,12,0.3333333333333333,R,0.0,1.0,0.1428571428571428,0.6,86.7,86.7,-28.0,,0.0,0.17225,2.0,2.0,2.0,2.0,1.6094379124341005,low,-0.3445,Donny Sands,R,0.08044857087140703,0.10455102744914545,-0.041549358330051696,-0.017448412585666345,-0.1694859165147749,0.9439491,-4.4721117
664850,1429,600,0.4933333333333333,L,0.1824324324324324,0.8175675675675675,0.3610223642172524,0.6376306620209059,85.68898305084745,98.23,14.084745762711863,,0.576271186440678,0.2257051282051282,36.0,120.0,36.0,120.0,5.056245805348308,low,-0.0127694444444444,Patrick Mazeika,L,-0.29489279255427153,-0.8125752692643512,-1.657224465548775,0.11912829674046735,0.6915928013010331,-3.0055807,18.249022
664869,1430,10,0.5,L,0.1999999999999999,0.8,0.5,0.5,69.7,75.88,-4.666666666666667,,0.3333333333333333,0.2933333333333333,0.0,3.0,0.0,3.0,1.3862943611198906,low,,P. J. Conlon,L,0.12850143063925717,-0.20673759717124895,0.011911214775334158,0.09423663612987034,0.09488693679032692,-0.21849282,2.098509
664874,1431,2069,0.5350410826486225,R,0.3631436314363143,0.6368563685636857,0.3310940499040307,0.7419668938656281,87.88154981549816,101.7,18.30258302583026,66.0125,0.4411764705882353,0.2739366336633663,130.0,375.0,130.0,375.0,6.226536669287466,medium,-0.0003911794871794,Seby Zavala,R,0.02385841978322611,0.9269916597827554,0.3724507794634081,0.39254090904009187,0.8202871430812273,16.068333,-19.58271
664901,1432,2063,0.4285021812893844,R,0.2273755656108597,0.7726244343891403,0.2443349753694581,0.6068702290076335,85.92342857142857,100.81,10.814285714285717,66.3940594059406,0.3295454545454545,0.2867212475633528,198.0,315.0,198.0,315.0,6.2422232654551655,medium,-0.0307685425685425,Danny Mendick,R,0.4874000393336188,-0.04589583845061582,-0.32091512228116476,-0.4007500300084359,-0.4299642771192271,13.430903,2.9785335
664913,1433,5195,0.4771896053897979,L,0.2916498588140379,0.7083501411859621,0.2861842105263157,0.6897112647417649,89.52004744958481,106.38,17.11137440758294,72.43578947368421,0.49338146811071,0.3143626040878123,203.0,1118.0,203.0,1118.0,7.186901020411631,medium,0.1010601531587898,Seth Brown,L,-1.4058230613025178,0.49352661674001547,-0.3481164693945429,-0.21211810705869538,0.12993654116088563,-2.4331005,-8.896267
664926,1434,232,0.5560344827586207,R,0.2403100775193798,0.7596899224806202,0.2773109243697479,0.8495575221238938,89.70769230769231,102.58,24.307692307692307,,0.282051282051282,0.269031746031746,31.0,32.0,31.0,32.0,4.1588830833596715,low,0.0567772177419355,Nick Dini,R,0.6185158826439395,0.7948676065498063,0.5581450734657868,-0.02952710646716571,0.5637717557169722,19.305223,-12.859138
664954,1435,299,0.4682274247491639,L,0.1714285714285713,0.8285714285714286,0.2666666666666666,0.6711409395973155,86.90967741935484,99.61,16.322580645161292,66.55454545454545,0.4918032786885246,0.2325465116279069,17.0,69.0,17.0,69.0,4.465908118654584,low,-0.1533563512361466,Brett Sullivan,L,0.10865038516699478,-0.1938459068742174,-0.32033863782553995,-0.005678951184845699,0.347698675809793,-5.178783,14.118243
664983,1436,2604,0.5046082949308756,L,0.2488584474885844,0.7511415525114156,0.2930374904361132,0.71781033153431,85.79266247379455,101.0,7.1928721174004195,66.83294797687861,0.4390756302521008,0.3147472527472527,208.0,520.0,208.0,520.0,6.591673732008658,medium,-0.0015115384615384,Jake Mccarthy,L,-0.8858642956470725,-0.4061160967242124,-0.4502684464749899,0.3500408389457968,-0.09562952542271712,-6.1427765,6.0012574
665019,1437,1103,0.4968268359020852,L,0.2591240875912408,0.7408759124087592,0.3139097744360902,0.6672504378283712,89.99555555555555,102.5,15.97222222222222,,0.5698324022346368,0.2529054545454545,41.0,234.0,41.0,234.0,5.62040086571715,low,-0.0204623723160308,Kody Clemens,L,-0.15273604677929742,0.2447605558970091,-0.2005993896044016,-0.5297991812346541,0.46052128283404686,3.7605944,-6.850778
665066,1438,11,0.4545454545454545,R,0.4,0.6,0.2857142857142857,0.75,,,,,,0.0,1.0,1.0,1.0,1.0,1.0986122886681098,low,0.0,Tyler Payne,R,-0.043275879532591995,0.022419227357197438,0.06065675664558088,0.033489137535184635,0.007855104576870697,3.3491852,-2.0414217
665120,1439,5183,0.4871695928998649,L,0.2617821782178218,0.7382178217821782,0.3089866156787763,0.668613707165109,89.43952662721892,106.46,10.28757396449704,72.11944444444445,0.4910607866507747,0.3156415235250187,377.0,962.0,377.0,962.0,7.200424892944957,medium,0.0841147752527063,Jared Walsh,L,-0.788266470551267,-0.10462700339331858,0.6957613499915677,-0.7764995662236448,0.07536887270761485,13.778695,12.622953
665154,1440,81,0.4444444444444444,L,0.2222222222222222,0.7777777777777778,0.1764705882352941,0.6382978723404256,89.35882352941177,101.36,-10.470588235294118,,0.5294117647058824,0.1969999999999999,1.0,21.0,1.0,21.0,3.1354942159291497,low,0.2063809523809523,Ford Proctor,L,-0.014111551927934746,0.08605031127858219,0.04475937660484692,0.23556341644391268,-0.4522750500669714,-7.7828803,-0.57083577
665155,1441,2099,0.4678418294425917,L,0.3105906313645621,0.6894093686354379,0.2755474452554745,0.6779661016949152,86.68435374149661,101.47,18.064625850340136,67.52363636363637,0.4657534246575342,0.294998023715415,78.0,428.0,78.0,428.0,6.2285110035911835,low,-0.0535821950635034,Nick Maton,L,-0.8909987712002349,-0.012458768741244365,-1.3379478048714828,0.21659987897146102,0.3258565741764498,-9.629053,-24.522903
665161,1442,4262,0.5387142186766776,R,0.2756968641114983,0.7243031358885017,0.3668845315904139,0.7391967463141841,87.9927960927961,104.42000000000002,6.975609756097561,70.55150943396227,0.4516523867809057,0.3094488588334741,325.0,858.0,325.0,858.0,7.076653815443951,medium,0.0648247552447552,Jeremy Peña,R,-1.043201353017946,-0.6385355069969503,0.12062700177605977,0.1418752081784118,-0.07934610308836498,-14.50699,3.4286683
665482,1443,1599,0.4440275171982489,R,0.2154929577464789,0.7845070422535211,0.2206451612903225,0.654126213592233,87.23088235294118,102.49,-0.8205128205128205,,0.3443223443223443,0.2677493857493858,157.0,250.0,157.0,250.0,6.0112671744041615,medium,-0.0439627770700636,Gilberto Celestino,R,0.47140655932160774,0.43008080336268634,0.4692902640295226,-0.12759675915550062,-1.377816591435321,-11.996957,-3.1241298
665487,1444,6838,0.5086282538754021,R,0.3067855089131684,0.6932144910868315,0.2984558040468583,0.7647631408176508,92.72116724738676,108.4,10.583986074847694,70.3722602739726,0.452863436123348,0.3754253192670738,430.0,1371.0,430.0,1371.0,7.496652438168283,medium,0.041251685240785,Fernando Tatís,R,-1.098076163962813,0.7212852626010591,0.5398000906300023,-0.5213712286333192,0.4658687064548695,-5.8252482,-28.201296
665489,1445,10423,0.4866161373884678,R,0.2314668769716088,0.7685331230283912,0.278853046594982,0.725996283295478,92.56438554216868,110.3,7.445568400770713,74.21050505050505,0.4201843765162542,0.360020538243626,624.0,2200.0,624.0,2200.0,7.946263643580541,high,-0.0250428729603729,Vladimir Guerrero,R,-1.3126654242863482,-0.17594524312112972,0.34344087569750004,-1.0449225862385543,-0.6435617843096222,7.0145683,16.76362
665506,1446,1524,0.4980314960629921,R,0.3122529644268774,0.6877470355731226,0.2760416666666667,0.7235449735449735,88.34903474903476,103.7,5.077220077220077,68.23125,0.4824902723735408,0.2250166270783848,161.0,260.0,161.0,260.0,6.045005314036012,medium,0.1376982083134256,Cristian Pache,R,-0.687288002653613,0.09767035720872104,-0.19337233006421317,0.325811542700772,0.1420526346059304,-13.789646,1.4696057
665561,1447,224,0.46875,L,0.1428571428571429,0.8571428571428571,0.319672131147541,0.6470588235294118,84.7063829787234,98.9,16.872340425531913,,0.3404255319148936,0.3203538461538461,24.0,41.0,24.0,41.0,4.189654742026425,low,-0.0643069105691057,Rafael Marchán,L,1.0091669563708263,-0.36332491416642143,0.2226847773201039,-0.036335929229114654,0.25001659437615287,-11.376593,12.110438
665650,1448,107,0.4953271028037383,L,0.2830188679245283,0.7169811320754716,0.3333333333333333,0.660377358490566,81.775,98.25,-3.5,,0.625,0.0945,6.0,20.0,6.0,20.0,3.295836866004329,low,-0.0264333333333333,Lucius Fox,L,-0.26443601877504186,-0.07174855350794737,0.31021044119580377,0.417626697327848,-0.2571457079858532,-5.298281,1.169846
665665,1449,33,0.5757575757575758,L,0.5263157894736843,0.4736842105263157,0.4,0.6521739130434783,82.15,88.27,-29.0,,0.5,0.0,1.0,5.0,1.0,5.0,1.9459101490553132,low,0.0,Reiver Sanmartin,L,-0.08539555201175693,0.10337554859839812,0.29171854248229084,0.2720657200371673,0.19215842535792882,-0.10068987,-6.4605393
665742,1450,13852,0.369044181345654,L,0.1920970266040689,0.8079029733959311,0.1676751378243915,0.6024941543257989,92.00900518623293,107.7,7.885902876001886,72.29566160520608,0.4280211844005777,0.3999860901118838,1075.0,2232.0,1075.0,2232.0,8.104099056143582,high,0.0598193585896473,Juan Soto,L,-0.8534714063534952,0.9354249185418146,-0.5940832477382659,-0.19442102082587176,-1.1071765330776282,21.70293,6.334232
665750,1451,4542,0.4821664464993395,L,0.2493150684931506,0.7506849315068493,0.2865120274914089,0.6878952122854561,89.36629072681704,104.53,10.546933667083854,69.4767741935484,0.3926767676767677,0.2934470198675497,350.0,858.0,350.0,858.0,7.097548850614793,medium,0.0158269197469197,Leody Taveras,L,-0.6946173684811924,-0.43076726507360263,0.5157734305313553,-0.05478165135968356,-1.2876289185179612,17.93147,8.604524
665759,1452,3,0.3333333333333333,R,0.0,1.0,0.0,1.0,,,,,,,0.0,0.0,0.0,0.0,0.0,low,,Ramón Rosso,R,-0.010527623875927629,0.03052333957382053,0.015339141323734613,-0.033427848791927776,0.023743782822077827,3.2216897,-0.7985629
665804,1453,613,0.4600326264274062,R,0.2446808510638297,0.7553191489361702,0.2870967741935484,0.636963696369637,86.91888888888889,103.72,18.444444444444443,71.64496644295302,0.4777777777777778,0.3103935483870967,64.0,91.0,64.0,91.0,5.049856007249537,low,0.0095494505494505,Miguel Amaya,R,-0.452631934366826,0.4802815137218627,-0.9286159503431272,0.0748636347491282,0.38517385359257106,-1.4571626,-15.698828
665828,1454,1917,0.5065206051121544,L,0.2327497425334707,0.7672502574665293,0.2978283350568769,0.7189473684210527,87.44012158054711,102.12,16.121580547112462,69.41516393442623,0.45565749235474,0.2785262096774193,102.0,394.0,102.0,394.0,6.208590026096629,low,0.0019706877674927,Oswaldo Cabrera,L,0.11992963337914106,0.3072237733641668,0.03033706549958807,-0.4323018546761064,-0.05097197206031616,11.965614,0.047173075
665833,1455,1654,0.4105199516324063,L,0.337260677466863,0.6627393225331369,0.3097055616139585,0.5359565807327001,91.8679487179487,111.44,8.442553191489361,,0.4806866952789699,0.3240562347188264,122.0,287.0,122.0,287.0,6.016157159698354,medium,0.1094030102244816,Oneil Cruz,L,-1.4726942034383679,-1.0996408488430238,-0.06215358657232858,0.296789643065736,-0.136792654824115,2.9523592,23.284784
665839,1456,604,0.4337748344370861,L,0.2290076335877863,0.7709923664122137,0.2893081761006289,0.5944055944055944,87.4960396039604,102.3,10.237623762376238,69.1,0.4455445544554455,0.3282364864864865,16.0,132.0,16.0,132.0,5.003946305945459,low,0.1446212121212121,Enmanuel Valdez,L,0.11400620989748679,-0.16240073600490043,-0.7230675003531533,-0.5141518493284181,-0.33065207699686167,0.99509585,-7.8234787
665861,1457,273,0.5164835164835165,R,0.3120567375886525,0.6879432624113475,0.316546762589928,0.7238805970149254,86.87560975609756,103.1,12.902439024390244,,0.5609756097560976,0.2026527777777777,19.0,53.0,19.0,53.0,4.290459441148391,low,0.2241221449851042,Sebastián Rivero,R,0.6003554522725592,0.7676433692023833,0.18991710246915317,-0.025472704376038015,0.7118901406421155,15.69065,-16.185661
665862,1458,4743,0.4551971326164875,L,0.3001389532190829,0.6998610467809171,0.283527990334273,0.6438053097345132,90.1096153846154,105.7,11.134615384615383,71.20632183908046,0.4673157162726008,0.323888141295206,295.0,894.0,295.0,894.0,7.081708586105575,medium,0.0825713305274333,Jazz Chisholm,L,-0.934511072236915,0.25224115546063247,-0.13658716048883937,-0.7611054008884665,0.44746144088439166,29.124788,-0.19314286
665877,1459,216,0.4027777777777778,R,0.1034482758620689,0.896551724137931,0.2285714285714285,0.5675675675675675,89.50714285714287,99.75,9.952380952380953,63.819736842105264,0.4523809523809524,0.2811016949152543,19.0,40.0,19.0,40.0,4.0943445622221,low,-0.1009157894736841,José Fermín,R,0.710103874171726,-0.20573687500917975,-0.9350601162123413,-0.10443161644014737,0.18553215010296195,-16.676737,-9.977011
665922,1460,31,0.3870967741935484,L,0.1666666666666666,0.8333333333333334,0.0666666666666666,0.6875,88.06,98.76,16.6,,0.2,0.2005,0.0,8.0,0.0,8.0,2.1972245773362196,low,,Símon Muzziotti,L,-0.11046084109776899,-0.41708842583047145,-0.037969113278185064,-0.05444008220714913,-0.21990661641127413,-0.16493037,6.9830933
665923,1461,1827,0.5090311986863711,R,0.2419354838709677,0.7580645161290323,0.3351235230934479,0.6897321428571429,82.00027322404371,99.75,10.423497267759563,68.16936936936938,0.4111111111111111,0.2831938579654511,168.0,353.0,168.0,353.0,6.257667587882639,medium,0.0305588661810333,Esteury Ruiz,R,1.2758871954527626,-0.03273015966248009,0.48436973452872123,0.39979410583075947,0.6067935667702201,-23.656557,-14.53762
665926,1462,5608,0.5369115549215406,L,0.2464297575556293,0.7535702424443707,0.3805220883534136,0.7152671755725191,86.18460038986355,102.7,12.178362573099417,67.22873345935727,0.4743083003952569,0.3258912608405603,384.0,1115.0,384.0,1115.0,7.313220387090301,medium,-0.0098160267189835,Andrés Giménez,L,0.020527432762278537,-0.6595901257271531,0.18226819978856076,-0.6720242249802764,0.4895587228002331,-2.4254472,11.013643
665947,1463,92,0.5,R,0.5,0.5,0.3043478260869565,0.6956521739130435,88.80909090909091,98.8,-10.636363636363637,,0.3636363636363636,0.1342857142857142,12.0,9.0,12.0,9.0,3.091042453358316,low,0.0633055555555555,Sherten Apostel,R,-0.3514254712876248,0.1939351503219085,0.33577335052956103,0.5395007465469287,-0.45261734129205056,-11.213255,-0.88735557
666018,1464,779,0.441591784338896,L,0.2267441860465116,0.7732558139534884,0.2864077669902912,0.6158038147138964,90.05454545454545,103.37,7.387387387387387,69.85529411764706,0.5135135135135135,0.2900159574468084,16.0,172.0,16.0,172.0,5.241747015059643,low,0.1139651162790697,Jonathan Aranda,L,0.8966170592196073,0.2674145200701506,0.89824024490876,-0.5344640760248617,-0.24583268781017953,14.980826,-7.8510933
666023,1465,939,0.5420660276890309,R,0.2239685658153242,0.7760314341846758,0.2946058091286307,0.8030634573304157,89.89476744186047,103.27,11.773255813953488,66.92775665399239,0.4647058823529412,0.3237427385892116,66.0,175.0,66.0,175.0,5.488937726156687,low,0.0149603463203462,Freddy Fermin,R,-0.017926221042611913,0.463587840847135,-0.27477415751067674,-0.06702745887847186,-0.06806933834253798,-6.7333913,-10.214366
666128,1466,31,0.3870967741935484,R,0.25,0.75,0.0666666666666666,0.6875,98.46666666666664,102.86,2.3333333333333335,,0.3333333333333333,0.3774999999999999,2.0,4.0,2.0,4.0,1.9459101490553132,low,0.4694999999999999,Mario Feliciano,R,-0.05966342013376794,-0.01818592206807123,-0.008010006473479615,-0.11971057122580223,-0.24942292434695762,-1.9025546,3.2546072
666134,1467,2194,0.418869644484959,L,0.2937976060935799,0.70620239390642,0.2581227436823105,0.5828729281767956,89.91168384879725,107.7,10.938144329896907,70.70840163934426,0.4344827586206896,0.3773910505836576,135.0,379.0,135.0,379.0,6.244166900663736,medium,0.0063670282419622,Nolan Jones,L,-0.4511031795261065,0.0015867787547345804,0.7005165976310074,-0.12154935611506543,-0.2322365334479304,-4.6937485,-1.0554328
666135,1468,2681,0.5035434539350988,L,0.2355555555555555,0.7644444444444445,0.3302491103202847,0.6943573667711599,89.54442105263158,103.46,8.981052631578947,69.26535087719299,0.4105263157894737,0.318522792022792,157.0,545.0,157.0,545.0,6.555356891810665,medium,0.0502929351954654,Alex Kirilloff,L,0.31165613457913316,-0.13559905438319692,0.19339539226561525,-0.6654223773374467,0.08407116539335731,4.140497,10.4931755
666137,1469,81,0.4691358024691358,L,0.5,0.5,0.2285714285714285,0.6521739130434783,87.41428571428571,102.16,-0.1428571428571428,,0.4285714285714285,0.1657,4.0,16.0,4.0,16.0,3.044522437723423,low,0.207125,Khalil Lee,L,-0.09244470006410706,0.25519622119528057,0.36971333213895496,0.66938381780862,-0.041073989815270925,-0.4326788,-6.7820635
666139,1470,2885,0.5116117850953206,L,0.2831978319783198,0.7168021680216802,0.3275862068965517,0.7131445170660857,88.86879120879121,104.5,13.179824561403509,72.4542735042735,0.4,0.3333342898134864,113.0,584.0,113.0,584.0,6.548219102762372,medium,0.115523533155534,Josh Lowe,L,-0.5653886213224432,-0.2804474600616489,0.6380729588914604,-0.14952082335470981,-0.6946490343817591,17.357904,7.545513
666149,1471,147,0.4489795918367347,R,0.2272727272727273,0.7727272727272727,0.1617647058823529,0.6962025316455697,87.25454545454545,100.53,18.227272727272727,70.97076923076924,0.5,0.3099117647058823,12.0,22.0,12.0,22.0,3.5553480614894135,low,0.1509469696969697,Tyler Fitzgerald,R,-0.14246067293924458,0.19583122477939036,-0.4594882272346988,0.18091807850205255,-0.1394367503743988,-5.686452,-8.683283
666150,1472,376,0.4946808510638298,L,0.1827956989247311,0.8172043010752689,0.3314606741573033,0.6414141414141414,89.65070422535211,100.9,8.47887323943662,,0.4285714285714285,0.3397272727272727,29.0,70.0,29.0,70.0,4.605170185988092,low,0.2232177339901477,Dominic Fletcher,L,0.6164628748023171,-0.39018993129661206,0.7080260708601377,-0.10071077018613336,-0.2063298944496783,12.6220665,4.7167807
666152,1473,159,0.4276729559748428,L,0.1911764705882352,0.8088235294117647,0.2702702702702703,0.5647058823529412,88.9695652173913,97.92,17.73913043478261,71.7,0.3636363636363636,0.2161538461538461,3.0,36.0,3.0,36.0,3.688879454113936,low,-0.0846944444444444,David Hamilton,L,0.32192932056820794,-0.0806228836061097,-0.3331752062321383,0.3953397333294944,-0.08661225704379284,-13.48279,-5.100442
666158,1474,3903,0.4383807327696644,L,0.2209234365867913,0.7790765634132086,0.2241292276627965,0.6592091571279917,88.6473293768546,103.17,9.456973293768543,,0.4634873323397913,0.311865,230.0,770.0,230.0,770.0,6.90875477931522,medium,0.060406267645398,Gavin Lux,L,-0.5456065385007102,-0.001463752361748686,-0.24281356555964853,-0.11940464825301932,-0.7028751098705797,15.395019,5.4051723
666160,1475,1748,0.5915331807780321,L,0.3665377176015474,0.6334622823984526,0.4479830148619957,0.7593052109181141,88.13018181818181,105.0,18.05818181818182,71.36340206185567,0.5091575091575091,0.2975473251028807,90.0,396.0,90.0,396.0,6.18826412308259,low,0.1306126262626262,Mickey Moniak,L,-0.5607569090403426,-0.07561507924743403,0.5202408146427484,0.16922884321229115,1.0870168358701533,-11.598532,19.28136
666163,1476,703,0.4381223328591749,L,0.2922077922077922,0.7077922077922078,0.2356164383561644,0.6568047337278107,86.15963302752293,103.5,14.79816513761468,69.65847457627119,0.3981481481481481,0.2235942857142857,28.0,147.0,28.0,147.0,5.170483995038151,low,0.0844659863945578,Ben Rortvedt,L,-0.13135689568355463,0.4709577308810592,-0.24579241581518876,0.20535886535863698,-0.013327973120827858,-2.9981081,-7.8456435
666164,1477,135,0.6074074074074074,L,0.2926829268292683,0.7073170731707317,0.4328358208955223,0.7794117647058824,87.088,99.0,-0.76,69.41666666666667,0.48,0.1664999999999999,3.0,33.0,3.0,33.0,3.610917912644224,low,-0.4605454545454546,Blake Rutherford,L,-0.3483810735216122,-0.4018577173364539,0.2565716692546663,-0.01728285021089239,-0.15628485763689265,0.39022252,7.0984507
666165,1478,1329,0.5124153498871332,L,0.3480176211453745,0.6519823788546255,0.2745098039215686,0.7492492492492493,89.0494623655914,104.55,15.817204301075268,70.23045267489712,0.4207650273224044,0.3032222222222222,48.0,294.0,48.0,294.0,5.8377304471659395,low,0.1297929421768707,Blake Sabol,L,-1.1606801667243136,0.3014315585520227,-0.11993351884275037,0.8097476095502742,0.1185779340837226,-24.595795,-0.45298022
666176,1479,2530,0.5197628458498024,R,0.3307984790874525,0.6692015209125475,0.3394495412844037,0.7127659574468085,87.63455056179775,107.15,13.508426966292134,77.31467889908257,0.4674220963172804,0.2715607779578606,217.0,400.0,217.0,400.0,6.42648845745769,medium,-0.0091248387096774,Jo Adell,R,-0.34950732888769087,0.7583156559953811,0.6821162064287091,-0.4053403858973178,0.6240546573386256,7.8480954,-13.826941
666179,1480,505,0.4831683168316831,L,0.2581967213114754,0.7418032786885246,0.2769230769230769,0.7020408163265306,86.11882352941177,102.1,11.534883720930232,,0.4534883720930232,0.2639407407407407,27.0,108.0,27.0,108.0,4.912654885736052,low,-0.0717407407407407,Seth Beer,L,0.4355839967690662,0.34274114555093527,0.5301389453902777,-0.08376245758052799,0.31691352712978227,20.468246,-5.391941
666181,1481,1594,0.4265997490589711,L,0.2970588235294118,0.7029411764705882,0.1994949494949495,0.6508728179551122,89.23574660633483,103.9,13.8868778280543,68.54023668639053,0.4434389140271493,0.3451953727506427,50.0,339.0,50.0,339.0,5.966146739123692,low,0.1950454867256637,Will Benson,L,-1.036676295813387,0.4154214824963918,-0.4573567119165841,0.5997562894027146,-0.44598101623127795,-6.6172857,-23.771965
666182,1482,8685,0.5644214162348877,R,0.2019583843329253,0.7980416156670747,0.3711041852181656,0.7715239685189602,90.9748963883955,106.7,7.813128326434063,68.52955801104973,0.3106508875739645,0.3535694026643747,481.0,1846.0,481.0,1846.0,7.752764808851328,high,0.040527027027027,Bo Bichette,R,-0.4567677186617711,-0.806507784820291,1.7666328455680453,-1.025441930813591,-0.9159962914491723,13.585152,15.954973
666185,1483,5996,0.4509673115410273,L,0.2418639053254437,0.7581360946745562,0.2434017595307918,0.6686026648445508,87.55298353909465,101.6,13.751028806584362,67.8,0.4285714285714285,0.3130020311442112,377.0,1100.0,377.0,1100.0,7.298445101508147,medium,-0.0726078321678321,Dylan Carlson,L,-0.05847193601621641,0.08153651157020515,-0.599975161860339,-0.08057861957394415,-0.2206150901321027,-7.35587,-13.324107
666197,1484,157,0.4394904458598726,R,0.289855072463768,0.7101449275362319,0.275,0.6103896103896104,86.89230769230768,101.35,12.23076923076923,68.56444444444445,0.5,0.2752666666666666,12.0,33.0,12.0,33.0,3.828641396489095,low,0.0940681818181818,Grae Kessinger,R,-0.09822050585050582,0.49211166511371673,0.1112315362924346,-0.15717307903123617,0.3420893870409771,17.1791,-19.284363
666198,1485,1932,0.462215320910973,R,0.270996640537514,0.729003359462486,0.2674066599394551,0.667375132837407,85.82426229508197,102.26,10.285245901639344,70.29607843137255,0.3848684210526316,0.2695584158415842,171.0,334.0,171.0,334.0,6.226536669287466,medium,0.0574861329971635,Carter Kieboom,R,-0.009230100430971685,0.2195384302967206,-0.36559990441499046,0.16793644309066505,0.12736879248002075,-0.5723548,-16.609753
666211,1486,1402,0.4657631954350927,L,0.3920367534456355,0.6079632465543645,0.2485795454545454,0.6848137535816619,87.51104651162791,104.69,18.703488372093023,69.10000000000001,0.5325443786982249,0.2813304597701149,88.0,260.0,88.0,260.0,5.855071922202427,low,0.1326153846153846,Taylor Trammell,L,-0.7826979922354356,0.5243223872233622,-0.4035543665880835,0.9322727105492548,0.24485838996610107,-4.9602213,-24.340866
666213,1487,173,0.4566473988439306,R,0.2278481012658227,0.7721518987341772,0.3222222222222222,0.6024096385542169,88.08846153846154,99.3,20.692307692307693,,0.28,0.2148,14.0,26.0,14.0,26.0,3.713572066704308,low,-0.0817802197802197,Colton Welker,R,0.4628442659022943,-0.23541708455669103,-0.2066986139522221,-0.05618253598818184,-0.33726212885590423,5.0673013,5.3997555
666310,1488,1035,0.4473429951690821,L,0.2008639308855291,0.7991360691144709,0.2406015037593984,0.6660039761431411,87.90068493150685,101.9,20.768707482993197,70.5248447204969,0.4520547945205479,0.335168776371308,52.0,185.0,52.0,185.0,5.472270673671475,low,0.0621761954261954,Bo Naylor,L,-0.03417296266010806,0.372706808962962,-0.041892060661024806,-0.533918172146575,0.21845275857775026,17.114023,-20.223776
666397,1489,1713,0.3747810858143607,L,0.2679127725856698,0.7320872274143302,0.1400462962962963,0.6136631330977621,89.41611374407583,104.7,7.8246445497630335,69.05207756232687,0.4644549763033175,0.366046683046683,48.0,359.0,48.0,359.0,6.0112671744041615,low,0.185886025998143,Edouard Julien,L,-0.693047158005873,1.0280815183394196,-0.4805239251910229,0.9734091405674863,-0.8420799885176922,-7.8394227,-20.128084
666464,1490,339,0.5457227138643068,R,0.4108108108108108,0.5891891891891892,0.3214285714285714,0.7660818713450293,90.45652173913044,104.9,8.021739130434783,,0.391304347826087,0.2362716049382716,27.0,54.0,27.0,54.0,4.406719247264253,low,-0.0395185185185185,Jerar Encarnacion,R,-0.37076150223000043,0.05887329592138983,0.9658477407163875,0.2847308791053137,-0.4260140495026554,17.763483,17.649185
666560,1491,1039,0.4581328200192492,R,0.3277310924369747,0.6722689075630253,0.2442748091603053,0.6757281553398058,88.55223880597015,107.32,14.380597014925373,,0.4772727272727273,0.2939549180327868,61.0,183.0,61.0,183.0,5.501258210544727,low,-0.0090546448087431,Byung Ho Park,R,-0.5086935812075314,0.6731444165909086,-0.21541624092128384,-0.10676494546580717,0.23870691130072044,-1.443411,-19.327717
666561,1492,240,0.4333333333333333,R,0.2692307692307693,0.7307692307692307,0.2436974789915966,0.6198347107438017,82.66486486486487,98.5,13.62162162162162,,0.4166666666666667,0.2094561403508772,21.0,36.0,21.0,36.0,4.060443010546419,low,0.1343888888888889,Jae-Gyun Hwang,R,0.5107197843635538,0.26929963429407217,-0.10952334713439453,0.2469444751534402,0.06844217027684588,-9.285927,-11.256115
666624,1493,3253,0.4964648017214879,R,0.3603715170278637,0.6396284829721363,0.2851115129596142,0.7164366373902133,90.86919917864476,107.4,10.813141683778234,73.96897321428571,0.5081967213114754,0.334910588235294,219.0,631.0,219.0,631.0,6.7464121285733745,medium,-0.0148695337544956,Christopher Morel,R,-0.6452155859157694,1.2358356700642497,0.6777731449014184,0.3002085692119921,0.040509886758672314,10.934216,-24.829147
666703,1494,172,0.4825581395348837,R,0.2771084337349397,0.7228915662650602,0.3132530120481928,0.6404494382022472,84.09615384615384,101.6,16.423076923076923,68.58108108108108,0.4230769230769231,0.3140697674418604,10.0,33.0,10.0,33.0,3.784189633918261,low,0.5946121212121213,Eguy Rosario,R,-0.09690867347013693,-0.2280237531057146,-0.5483584717949793,0.26899053212314744,-0.02291287485033051,-8.849867,-6.8313074
666783,1495,4,0.5,R,0.5,0.5,0.6666666666666666,0.0,,,,,,0.0,0.0,1.0,0.0,1.0,0.6931471805599453,low,,Yusniel Díaz,R,-0.008708077798079299,-0.04037029958112348,0.04393637039182998,0.05140428489734852,-0.026458872989442737,1.4699142,-2.7442143
666801,1496,2421,0.483271375464684,L,0.3068376068376068,0.6931623931623931,0.2884615384615384,0.690537084398977,87.40918635170604,104.7,9.285340314136125,70.885,0.4986876640419947,0.2939968,238.0,387.0,238.0,387.0,6.439350371100098,medium,-0.1126335526458645,Rodolfo Castro,L,-1.0673084622741174,-0.08458261291194595,-0.7153748367075863,0.6612208783921812,0.33039026663838506,-13.754687,5.062516
666906,1497,674,0.4970326409495549,L,0.2238805970149253,0.7761194029850746,0.3251533742331288,0.6580459770114943,88.5871794871795,101.48,5.170940170940171,66.42418772563177,0.4741379310344827,0.256183908045977,25.0,149.0,25.0,149.0,5.1647859739235145,low,-0.0244488590604026,Jake Alu,L,0.5362875359379579,-0.35430558430797404,0.31293097549532795,-0.3837420211994149,-0.42862125315018396,10.60967,18.170195
666915,1498,3904,0.4861680327868852,R,0.363013698630137,0.636986301369863,0.2954658694569008,0.6879283078545071,91.44173076923076,107.92000000000002,16.046153846153846,69.60384615384616,0.3984526112185687,0.3184431578947369,351.0,599.0,351.0,599.0,6.85751406254539,medium,0.0702594495098669,Bobby Dalbec,R,-0.9047325519832615,0.3557552356990996,0.174249919501527,-0.40015402630015023,-0.38418246150464697,18.557583,7.748064
666922,1499,95,0.5684210526315789,L,0.5,0.5,0.375,0.7659574468085106,91.925,99.88,10.25,,0.5,0.1971923076923077,2.0,24.0,2.0,24.0,3.295836866004329,low,0.2136249999999999,Ryan Aguilar,L,-0.45325848030088817,0.034298519992321135,0.41247128946204603,0.4327283487015105,0.2485062107953064,-10.240334,21.588795
666931,1500,204,0.5294117647058824,R,0.3148148148148147,0.6851851851851852,0.3786407766990291,0.6831683168316832,85.11025641025641,102.9,5.538461538461538,,0.3783783783783784,0.1881379310344827,16.0,42.0,16.0,42.0,4.07753744390572,low,0.074985119047619,Jared Oliva,R,-0.44642628822732633,-0.42057969355999864,0.0955860913932314,0.33681112357250764,0.23245926126552055,-13.37142,3.8901675
666969,1501,7694,0.5197556537561736,R,0.3110777694423605,0.6889222305576395,0.3415687215159511,0.7304964539007093,91.62314049586776,106.7,14.511147811725849,71.58605150214592,0.4345287739783152,0.3283186756337299,580.0,1353.0,580.0,1353.0,7.56734567601324,high,-0.016217533195708,Adolis García,R,-0.5044405110118455,0.4332056506267236,0.9748145882939577,-0.8070724448521285,0.519882327659084,18.4209,-16.681574
666971,1502,9217,0.5020071606813497,R,0.2213097039118219,0.7786902960881781,0.3271243197990791,0.6902455507997297,90.25438888888888,104.2,11.206551915602445,67.99761904761905,0.3978675645342312,0.3367626633986928,666.0,1782.0,666.0,1782.0,7.803435056952168,high,0.0099236357569691,Lourdes Gurriel,R,-0.3689680762112899,-0.3344348999234278,-0.1617189965066829,-0.8968431484406965,-0.19047626538833906,6.967504,19.17165
667452,1503,1320,0.4568181818181818,R,0.2371475953565506,0.7628524046434494,0.3013100436681222,0.6255924170616114,87.64615384615384,104.4,17.099547511312217,70.00578512396694,0.4,0.285687306501548,76.0,247.0,76.0,247.0,5.780743515792329,low,-0.0285840080971659,Corey Julks,R,0.5736278467398345,0.0837977733578923,-0.2071719337679366,-0.6086923185177298,-0.6242640024999576,6.5183067,5.2504797
667472,1504,261,0.4827586206896552,R,0.2539682539682539,0.746031746031746,0.3083333333333333,0.6312056737588653,91.8265306122449,106.24,-1.7755102040816326,70.35000000000001,0.3877551020408163,0.2784285714285714,20.0,50.0,20.0,50.0,4.2626798770413155,low,0.1552199999999999,Dane Myers,R,-0.50431917955453,-0.22072182311484936,0.5220825232826063,-0.6168780957748938,-0.38579020837719497,12.101029,14.214171
667670,1505,3187,0.4678380922497647,R,0.3386988598256204,0.6613011401743796,0.2784887263863498,0.6688227684346701,91.22286995515697,107.1,15.719730941704036,71.35147783251232,0.4004524886877828,0.3297962264150943,282.0,513.0,282.0,513.0,6.679599185844383,medium,0.0183077848285015,Brent Rooker,R,-0.41223294569433633,1.275758379979303,0.1658258352923461,0.03343369375905502,0.39346148966040195,9.019845,-17.699614
667727,1506,57,0.5087719298245614,L,0.2758620689655172,0.7241379310344828,0.2758620689655172,0.75,88.17,102.23,19.5,,0.5555555555555556,0.215625,1.0,15.0,1.0,15.0,2.833213344056216,low,0.23,Steele Walker,L,0.00895787521896089,-0.017928874707403543,0.22356679351236464,-0.11039047396074973,0.08127999148226905,9.652094,1.1690127
668227,1507,8079,0.4427528159425671,R,0.285434721833939,0.714565278166061,0.2764881636405424,0.6368025751072961,90.5108695652174,106.49,9.196299275945291,70.84092827004218,0.4237012987012987,0.3472421052631579,521.0,1474.0,521.0,1474.0,7.59890045687141,high,0.0583464986184067,Randy Arozarena,R,0.43801840047225815,1.1344044847406367,1.0554779952065145,-1.0504104923864765,0.46636083301057735,18.732283,-19.266735
668472,1508,2236,0.4391771019677996,L,0.3309572301425661,0.6690427698574338,0.2724046140195209,0.6086564472497745,86.95413533834586,103.95,15.665413533834586,68.31061452513967,0.4545454545454545,0.2903593155893536,125.0,401.0,125.0,401.0,6.267200548541362,medium,-0.0127298354114712,Nick Pratto,L,-0.5352528749794897,0.03157404013506902,-0.4197435714887201,0.4696763550654988,-0.1549894471191548,-6.5962234,-6.1206617
668663,1509,620,0.5112903225806451,R,0.2176656151419558,0.7823343848580442,0.3193548387096774,0.7032258064516129,81.69339622641509,99.85,15.39622641509434,,0.3333333333333333,0.2773229813664596,63.0,98.0,63.0,98.0,5.087596335232384,low,0.0655226757369614,Tres Barrera,R,0.3563631963752219,-0.4023158318113559,-0.1919994615361969,0.20739907342884747,0.23894081593615105,4.9065022,3.4740996
668665,1510,3,0.6666666666666666,R,1.0,0.0,1.0,0.5,,,,,,0.0,1.0,0.0,1.0,0.0,0.6931471805599453,low,,Stephen Nogosek,R,0.003436206980696143,0.02241653423706895,0.013722216241262533,0.0718398716507997,0.009819643036486308,0.017066753,-2.5816789
668670,1511,2510,0.446613545816733,R,0.3175735950044602,0.6824264049955397,0.2328086164043082,0.6446661550268611,89.24644970414201,103.43,17.781065088757398,68.92987421383648,0.444776119402985,0.2977557003257329,178.0,436.0,178.0,436.0,6.421622267806518,medium,0.0989457530151531,Jake Rogers,R,0.0995260377672077,1.0192831970102563,-0.1558389854390168,0.17250743960125597,-0.06950117451831439,1.1009042,-17.977623
668683,1512,5,0.6,R,0.3333333333333333,0.6666666666666666,0.0,0.75,71.3,71.3,-12.0,,1.0,0.0,0.0,1.0,0.0,1.0,0.6931471805599453,low,,Jeremy Walker,R,0.0044373195396842915,-0.007702176928301801,0.0015331325964608972,0.041468643033161605,-0.0627170580663435,1.6084958,0.3479242
668709,1513,2232,0.4484767025089606,L,0.2487512487512487,0.7512487512487512,0.2193436960276338,0.6955307262569832,87.61894409937888,102.19,19.61801242236025,71.26448087431694,0.5345911949685535,0.2834103512014787,115.0,426.0,115.0,426.0,6.295266001439646,medium,0.0944866095121453,Jj Bleday,L,0.04585263389437766,1.1343427515060251,-0.40850624377943096,0.44883712031842204,0.479655951890155,1.5202967,-18.44125
668715,1514,3109,0.4351881633965905,R,0.2165558019216555,0.7834441980783444,0.2392717815344603,0.6269891788669637,88.28058823529412,103.26000000000002,15.285714285714286,69.62095238095237,0.4549019607843137,0.3453893919793014,203.0,570.0,203.0,570.0,6.651571873589727,medium,0.071153634085213,Spencer Steer,R,0.5579029905246409,0.7607730968948914,-0.11309008693205164,-0.6649426911828322,-0.167573953176889,25.318722,-10.417343
668721,1515,200,0.47,R,0.2446808510638297,0.7553191489361702,0.25,0.69,82.97333333333333,101.56,-0.7666666666666667,,0.2,0.2547450980392157,19.0,32.0,19.0,32.0,3.951243718581427,low,-0.0084013157894736,Payton Henry,R,0.16549357624575411,0.18702982228111223,0.9814499171740169,0.18827978081273739,-0.523271959076167,18.144371,0.6018292
668723,1516,24,0.5,R,0.3333333333333333,0.6666666666666666,0.375,0.75,87.6,101.14,3.0,,0.0,0.0988571428571428,7.0,0.0,7.0,0.0,2.0794415416798357,low,,Ryan Vilade,R,-0.15612416216111902,-0.04232847226061337,0.0012073630047637043,0.03541462409388862,0.06687138368740209,-5.370108,4.9693174
668731,1517,4165,0.4631452581032413,L,0.2581648522550545,0.7418351477449455,0.2498845265588914,0.694,86.47751937984496,103.12,12.77984496124031,70.35140186915888,0.4127725856697819,0.3030472061657032,159.0,879.0,159.0,879.0,6.946013991099227,medium,0.0763455255758044,Akil Baddoo,L,-0.05314925151670153,0.6180299018674714,0.3945102163266929,-0.04194196919793607,-0.15855589270027587,12.384371,-0.090228334
668751,1518,868,0.5023041474654378,L,0.2545871559633027,0.7454128440366973,0.3243243243243243,0.6886792452830188,89.90548780487805,102.67,7.378048780487805,,0.5304878048780488,0.2780381355932204,55.0,181.0,55.0,181.0,5.4680601411351315,low,-0.0183229532898041,Cal Mitchell,L,-0.28687998042134877,-0.48610570652986,-0.4360352155012291,-0.16964869935542287,-0.15316468713301526,3.7113092,17.290344
668800,1519,2840,0.5035211267605634,R,0.2363636363636363,0.7636363636363637,0.3372013651877133,0.6807272727272727,87.78416030534352,103.67,12.614503816793894,69.5066371681416,0.3725868725868725,0.2758455696202532,209.0,581.0,209.0,581.0,6.673297967767654,medium,-0.066318935344934,Andrew Knizner,R,-0.11845057631972829,-0.22083293844883756,0.3832941410231634,-0.3666810203553834,0.0547756636356267,17.72408,5.3567533
668804,1520,10307,0.4843310371592121,L,0.2471955128205127,0.7528044871794872,0.2748118953780007,0.7318518518518519,89.84457560427207,105.12,11.377178189994378,68.00684210526316,0.4457627118644068,0.3539385432473445,763.0,1873.0,763.0,1873.0,7.877397186353287,high,0.0240730152354735,Bryan Reynolds,L,-0.720395054219802,0.499350707188633,-0.2678515989545666,-0.36713658680733213,-0.3146449519183751,-1.646034,-30.494268
668843,1521,592,0.4273648648648648,L,0.2490118577075099,0.7509881422924901,0.2234042553191489,0.6129032258064516,86.94505494505495,102.0,10.648351648351648,,0.4615384615384615,0.3415862068965517,15.0,130.0,15.0,130.0,4.983606621708336,low,-0.1035230769230768,Conner Capel,L,-0.12662545688531862,0.022551011467655892,-0.6485209126742766,0.06542329270493345,-0.2847743724235462,-10.482991,-15.328339
668901,1522,1026,0.5224171539961013,R,0.3264925373134328,0.6735074626865671,0.3403441682600382,0.7117296222664016,92.57176470588236,107.91,9.6,71.90058997050147,0.4176470588235294,0.2651459854014599,110.0,164.0,110.0,164.0,5.616771097666572,low,0.0108436807095343,Mark Vientos,R,-0.8387716547467934,0.004002868795535658,0.546243204777429,-0.6569983486898432,0.21785866598614625,12.728008,12.160667
668904,1523,1043,0.4793863854266539,R,0.2259999999999999,0.774,0.2818003913894324,0.6691729323308271,90.26683673469388,107.2,16.653061224489797,73.74043478260869,0.4381443298969072,0.3894857142857142,65.0,215.0,65.0,215.0,5.638354669333745,low,-0.0354747763864043,Royce Lewis,R,-0.6299042937283611,-0.0022260162408097,-0.42481687425290315,-0.8048055183177514,0.02612437421423922,21.574286,6.3216968
668930,1524,1768,0.4717194570135746,L,0.1798561151079136,0.8201438848920863,0.2682926829268293,0.6648291069459757,85.55475409836066,100.78,12.549019607843135,67.2590909090909,0.3868852459016393,0.2617454954954955,72.0,372.0,72.0,372.0,6.09807428216624,low,0.0444543010752687,Brice Turang,L,-0.26738341112955955,-0.6913607767771109,-0.12839670113512477,0.08868095141010435,-0.664411030285557,-20.992825,26.332
668939,1525,4913,0.4083044982698962,L,0.146061814556331,0.853938185443669,0.2329133256968308,0.6085440278988666,88.21908302354399,104.04,13.73110285006196,68.6048417132216,0.4569288389513108,0.3525968722849696,306.0,845.0,306.0,845.0,7.049254841255837,medium,0.0182358200874038,Adley Rutschman,L,0.044217204366249534,-0.01878936784535869,-1.177102616194831,-1.0890858639241225,-0.6183323265381716,-8.208048,-5.595337
668942,1526,6594,0.4218986957840461,L,0.2210639827462257,0.7789360172537743,0.2179293691518261,0.6278573605608047,88.1231924882629,101.3,10.492018779342724,66.26414342629482,0.416195856873823,0.3077641975308642,390.0,1230.0,390.0,1230.0,7.390798521735676,medium,-0.0003342088805503,Josh Rojas,L,0.2180221728823086,0.10367591457411685,-0.3477263851887966,0.19113578571599654,-0.5866856576553775,-15.157082,-1.9244577
668952,1527,421,0.4869358669833729,R,0.2975609756097561,0.7024390243902439,0.2830188679245283,0.69377990430622,88.0063492063492,100.12,14.174603174603174,,0.4444444444444444,0.19677,36.0,64.0,36.0,64.0,4.61512051684126,low,0.0888142361111111,Ryan Kreidler,R,-0.6478152035122451,-0.21746473229179353,-0.8954817001503991,0.7728732228597944,-0.7051309019746903,-11.794711,-6.772914
668968,1528,1,0.0,L,,,,0.0,,,,,,0.0,1.0,0.0,1.0,0.0,0.6931471805599453,low,,Hans Crouse,L,-0.006391774245807096,-0.003354025339909502,-0.0026716584630773355,-0.024659545298023552,0.009169510096550816,2.3892508,-0.6383799
669003,1529,579,0.4680483592400691,L,0.2952029520295203,0.7047970479704797,0.2327272727272727,0.680921052631579,89.26901408450705,104.4,7.943661971830986,73.23181818181818,0.4057971014492754,0.3443428571428571,10.0,130.0,10.0,130.0,4.948759890378168,low,-0.0353846153846154,Garrett Mitchell,L,-0.20076476784859906,0.49136247855684917,0.7355744518679567,0.35302190569417435,-0.6371256206671428,-10.241775,-1.1442962
669004,1530,4625,0.4635675675675675,L,0.2877798507462686,0.7122201492537313,0.2552194290583724,0.6782265144863916,92.0322857142857,105.2,16.03138373751783,70.56973415132924,0.5014409221902018,0.3102427184466019,270.0,863.0,270.0,863.0,7.033506484287697,medium,0.0029443800695249,Mj Melendez,L,-0.6450377702805343,0.8443456012897762,0.18796449009101693,-0.7631923411076459,-0.27329832938332815,28.429108,2.5294976
669008,1531,35,0.4571428571428571,L,0.25,0.75,0.4090909090909091,0.5384615384615384,90.01666666666667,101.75,-7.5,,0.6666666666666666,0.1745555555555555,0.0,9.0,0.0,9.0,2.302585092994046,low,,Ronnie Dawson,L,0.32193685588085186,-0.030178916434347246,0.5376817639173531,-0.16548032023055684,0.09160624615818386,12.263685,3.9524293
669016,1532,4813,0.4475379181383752,L,0.275766016713092,0.724233983286908,0.2769107643057223,0.6318063958513397,90.49578313253012,104.87,10.69624060150376,70.17483660130719,0.4106060606060606,0.3208345991561181,291.0,894.0,291.0,894.0,7.078341579557671,medium,0.0768694849973477,Brandon Marsh,L,-0.11716084697784158,0.4320996171797161,0.8445250629371145,0.3793714735075607,-0.5734546666717578,14.335083,-1.1876875
669023,1533,216,0.5,R,0.3981481481481481,0.6018518518518519,0.3451327433628318,0.6699029126213593,81.70869565217392,101.9,16.347826086956523,70.34444444444445,0.5217391304347826,0.24216,21.0,29.0,21.0,29.0,3.9318256327243257,low,0.0434844006568144,Jeter Downs,R,0.23836308377486334,0.3014713156810085,-0.1760856776539671,0.15529492094839742,0.2997448715357382,11.053806,-7.0878
669060,1534,117,0.3076923076923077,R,0.2777777777777778,0.7222222222222222,0.24,0.3582089552238806,83.61176470588236,99.8,-5.411764705882353,,0.125,0.0,0.0,2.0,0.0,2.0,1.0986122886681098,low,,Bryse Wilson,R,-0.08637902505937155,-0.11888065449834764,-0.0886759746128322,-0.023258703743555265,-0.2544024315457014,0.11189003,6.4108343
669065,1535,485,0.5505154639175258,L,0.3183520599250936,0.6816479400749064,0.3512396694214876,0.7489711934156379,90.2925,105.58,16.325,,0.475,0.2661068702290076,7.0,124.0,7.0,124.0,4.882801922586371,low,-0.3539493087557604,Kyle Stowers,L,-0.5872710490200257,0.17181152281737913,0.2708447524151644,-0.01102726344052815,0.052342516485955795,-5.9383245,3.690217
669087,1536,797,0.520702634880803,R,0.3879518072289156,0.6120481927710844,0.338785046728972,0.7317073170731707,90.08951612903226,107.54,9.387096774193548,71.58490566037736,0.5289256198347108,0.3322488038277512,82.0,127.0,82.0,127.0,5.3471075307174685,low,0.0097455348569233,Sam Huff,R,-1.0312875419221836,0.08132305534651568,0.7298473140436555,0.5274596159608185,-0.47082656346737206,-11.891863,2.1685688
669127,1537,2502,0.5115907274180655,R,0.3328124999999999,0.6671875,0.3217938630999213,0.7075548334687246,89.8434673366834,107.23,18.969849246231156,73.435,0.5076923076923077,0.2915984375,178.0,462.0,178.0,462.0,6.46302945692067,medium,-0.0356633834330463,Shea Langeliers,R,-0.5912067294506177,0.6665333917304055,0.2078999382218725,-0.09943043974479684,0.5947989660767306,13.702255,-19.991114
669134,1538,920,0.55,R,0.2154150197628458,0.7845849802371542,0.3739130434782609,0.7260869565217392,89.0813725490196,103.74,14.073529411764708,67.49398496240602,0.4257425742574257,0.31696992481203,72.0,194.0,72.0,194.0,5.58724865840025,low,0.131479667812142,Luis Campusano,R,0.24341248314812192,-0.02061607849521024,0.432222188263623,-0.8500115942806896,0.6418553072675307,13.639742,3.816163
669200,1539,6,0.5,R,1.0,0.0,0.25,1.0,,,,71.8,,0.0,1.0,0.0,1.0,0.0,0.6931471805599453,low,,Mason Mccoy,R,-0.03703886696383187,0.09028501818771589,0.126683426632815,0.021758924354799484,0.0454761646962529,4.641313,-3.9367757
669203,1540,257,0.3929961089494163,R,0.2277227722772277,0.7722772277227723,0.2666666666666666,0.4802631578947368,82.01612903225806,96.7,-12.32258064516129,,0.3225806451612903,0.1656,17.0,38.0,17.0,38.0,4.02535169073515,low,0.0278235294117646,Corbin Burnes,R,0.29205324251279025,-0.529655970510777,0.24384293841027596,0.4990103135793585,-0.4110455386380642,-20.35296,24.94243
669221,1541,6647,0.4713404543403039,R,0.2384296201723588,0.7615703798276412,0.2687481762474467,0.6869565217391305,89.8328729281768,107.2,12.976979742173112,72.27439446366782,0.45790934320074,0.3380731563421829,462.0,1233.0,462.0,1233.0,7.436027816351848,high,7.796420935113346e-05,Sean Murphy,R,-1.297000761327412,0.18988342803691144,-0.20104768705537426,-0.4469663330423823,0.27710054488950076,-6.812471,-25.508419
669222,1542,4898,0.4887709269089424,R,0.2034252297410191,0.7965747702589808,0.272581934452438,0.7145242070116862,87.64329787234043,102.4,12.45,68.4403409090909,0.407725321888412,0.2928962194217939,401.0,948.0,401.0,948.0,7.2078598714324755,medium,0.0658503398676305,Nick Senzel,R,0.5659275515364497,0.6763086310916452,-0.018294840367296842,-0.3561751728318306,-0.18347251929354624,12.339036,-1.8791761
669224,1543,296,0.5709459459459459,L,0.272189349112426,0.727810650887574,0.3701298701298701,0.7887323943661971,89.53333333333333,105.2,13.56140350877193,69.92530120481928,0.3508771929824561,0.309,6.0,68.0,6.0,68.0,4.31748811353631,low,0.3362647058823529,Austin Wells,L,-0.4841011511945904,-0.15654112902557826,0.18667694574257115,-0.42393897843943223,0.22345883339664446,9.985022,15.341674
669242,1544,8951,0.4634119092838789,L,0.1622468659594985,0.8377531340405014,0.2876620473848905,0.6390440026803663,88.07079889807163,102.8,9.431167400881057,69.66339285714287,0.4596685082872928,0.3144016563146998,611.0,1804.0,611.0,1804.0,7.789868559054706,high,-0.0351665965067626,Tommy Edman,L,0.33735064121709546,-0.4076400282066107,0.18983392938757074,-0.8187144926070149,-0.09255409487279113,15.184808,5.2366652
669256,1545,3845,0.4442132639791937,R,0.211943793911007,0.788056206088993,0.2695956065901148,0.6340933767643865,87.84685628742514,103.96000000000002,7.375748502994012,,0.3804511278195489,0.3083237113402062,335.0,635.0,335.0,635.0,6.878326468291325,medium,0.0562577506169937,Nick Solak,R,1.2803419671543277,-0.048307907839687816,0.3985303174306257,-0.5839025097113301,-0.23093319119156588,13.679068,-6.6805778
669257,1546,8150,0.4295705521472392,R,0.1828049128820337,0.8171950871179663,0.2196840826245443,0.6436183395291202,89.82304804804805,103.89,18.63663663663664,66.9321568627451,0.3878787878787879,0.3578613101330604,517.0,1437.0,517.0,1437.0,7.578145472419466,high,-0.0246240609802552,Will Smith,R,0.39761953332554817,0.8292574422901853,-0.5187641056138584,-1.3506653065195426,-0.47771336820626276,26.388481,-11.321641
669261,1547,3834,0.4063641105894627,L,0.2779204107830552,0.7220795892169448,0.2080329557157569,0.6099365750528541,89.40924024640658,106.8,18.75770020533881,71.55176767676768,0.4876033057851239,0.3289767441860465,243.0,660.0,243.0,660.0,6.806829360392176,medium,0.0999918443696221,Jack Suwinski,L,-0.6378891670171061,0.8719397369999621,-0.3171831074775446,-0.06680583454369844,0.00427787377954638,-1.60513,-20.449343
669270,1548,2,0.5,R,0.0,1.0,1.0,0.0,74.8,74.8,-14.0,,0.0,0.0,0.0,1.0,0.0,1.0,0.6931471805599453,low,,Joel Kuhnel,R,-0.028860414485736882,-0.11768314174443886,-0.008685947796475978,-0.007703605636042864,0.05204260786818103,2.0056365,1.6334864
669288,1549,368,0.5163043478260869,L,0.4052631578947369,0.5947368421052631,0.3056994818652849,0.7485714285714286,89.15789473684211,103.24,20.73684210526316,,0.4035087719298245,0.2484516129032258,7.0,86.0,7.0,86.0,4.543294782270004,low,-0.1771694352159468,Daniel Johnson,L,0.04785105043867829,0.6579571933533511,0.14674436970714339,0.2621221807207362,0.45428386623353034,9.442906,-22.682337
669289,1550,4044,0.4591988130563798,R,0.1518578352180937,0.8481421647819063,0.2511122095897182,0.6674913409203365,86.10889987639061,100.7,13.242274412855377,68.03241758241758,0.4246575342465753,0.308207619047619,375.0,675.0,375.0,675.0,6.957497370876951,medium,0.0344385185185185,Santiago Espinal,R,0.20676719200273355,-0.4623695259407021,-1.3981728708700913,-0.23840437860472607,-0.7027725469620437,2.568768,8.9043045
669304,1551,2341,0.5164459632635626,R,0.228287841191067,0.771712158808933,0.3338658146964856,0.7263544536271809,88.99721627408994,103.3,12.942184154175589,,0.4663774403470715,0.3105826771653543,171.0,464.0,171.0,464.0,6.455198563340122,medium,0.0298945729985883,José Miranda,R,0.05542658973061315,0.3475684646262312,-0.10094476276605621,-0.6049026556967994,0.8531962981956109,22.473852,-9.115961
669309,1552,5,0.6,R,0.0,1.0,0.6666666666666666,0.5,,,,,,0.0,0.0,1.0,0.0,1.0,0.6931471805599453,low,,Joe Perez,R,0.03637934635774432,0.02491989827363264,0.023705571023043104,-0.003334285664065414,0.008179061036634617,1.7849472,-1.0472665
669352,1553,815,0.5460122699386503,R,0.348314606741573,0.651685393258427,0.339667458432304,0.766497461928934,84.04384615384616,100.91,4.1461538461538465,,0.4538461538461538,0.2634579831932773,88.0,150.0,88.0,150.0,5.476463551931511,low,-0.0692418181818182,Bubba Thompson,R,-0.5957599800238388,-0.04323952033837902,-0.3181692984559422,0.5067268195692245,-0.12588743093351198,-6.7275085,6.1368227
669357,1554,3194,0.4981214777708203,L,0.3230672532998114,0.6769327467001885,0.2911540714704159,0.7357094821788837,90.3607305936073,105.83,21.36986301369863,72.4875,0.4631336405529954,0.3329677835051546,109.0,667.0,109.0,667.0,6.655440350367647,low,-0.0196341416447738,Nolan Gorman,L,-0.3653133876096118,1.4178162863574573,0.7199700715821207,-0.07514559622402253,0.37190431213681757,13.274451,-23.013968
669364,1555,287,0.5052264808362369,L,0.1724137931034483,0.8275862068965517,0.2824427480916031,0.6923076923076923,82.5551724137931,96.33,11.517241379310343,62.73084112149533,0.4406779661016949,0.2951951219512195,18.0,64.0,18.0,64.0,4.418840607796598,low,0.0255902777777777,Xavier Edwards,L,0.30958844522259954,-0.31001835714039205,-0.22145666134714354,0.2553280239306875,-0.37251026687210065,-9.220441,8.12912
669369,1556,218,0.4495412844036697,R,0.3061224489795918,0.6938775510204082,0.2844036697247706,0.6146788990825688,84.87647058823529,100.52,15.264705882352942,,0.4705882352941176,0.1925970149253731,42.0,25.0,42.0,25.0,4.219507705176107,low,-0.0098314285714285,Bryce Johnson,R,0.3131403081045205,0.08143661522289944,-0.07084794702764285,0.48720883514236274,0.18199713779942817,-3.872399,-9.630606
669374,1557,4243,0.5053028517558331,R,0.3889925373134328,0.6110074626865671,0.3066123188405797,0.7208845208845209,90.36424682395644,106.6,15.745916515426496,,0.3820840950639854,0.3290836501901141,311.0,741.0,311.0,741.0,6.959398512133975,medium,-0.0894048452816433,Keston Hiura,R,0.1621095518828319,1.4124301289921508,1.4927167474126766,-0.26499832420663194,0.4637217076868552,17.435026,-14.54016
669392,1558,307,0.4853420195439739,R,0.3154362416107382,0.6845637583892618,0.2948717948717949,0.6821192052980133,87.48648648648648,100.62,8.710526315789474,67.85072463768115,0.3157894736842105,0.2481764705882353,29.0,39.0,29.0,39.0,4.23410650459726,low,0.0212166224580017,Samad Taylor,R,0.8333144712378152,0.13261337312126636,0.11009864923298311,0.10071191740873754,0.002531995432047716,11.969047,-5.718705
669394,1559,2900,0.5365517241379311,R,0.3239074550128534,0.6760925449871465,0.3777777777777777,0.7138686131386861,91.99769392033544,109.9,11.874476987447698,74.56647940074906,0.4925373134328358,0.3434705111402359,200.0,563.0,200.0,563.0,6.638567789166521,medium,0.047093889875666,Jake Burger,R,-0.9754147824960038,0.09381776546105283,0.3870213806074571,-0.1855167253288952,0.09813084382342015,15.228783,10.108611
669397,1560,2276,0.5017574692442882,R,0.2014010507880911,0.7985989492119089,0.2949061662198391,0.7018150388936906,84.37494736842105,99.16,7.182773109243698,64.23421052631579,0.3361884368308351,0.2446205287713841,190.0,453.0,190.0,453.0,6.467698726104354,medium,0.1023264203555245,Nick Allen,R,1.1127142615809194,0.2525928090464346,0.28366031628059063,0.5275418955204897,-0.9989291935122739,-27.644451,8.538034
669450,1561,935,0.4149732620320855,L,0.2551546391752577,0.7448453608247423,0.1951754385964912,0.6242171189979123,88.0872,105.04,7.626984126984127,,0.5079365079365079,0.2508678414096916,92.0,135.0,92.0,135.0,5.429345628954441,low,0.0691754428341385,Cooper Hummel,L,-0.04029957534408804,0.7884214170875283,-0.14288791953855745,0.5541638564457703,-0.58241858754539,-11.271913,-17.378656
669477,1562,959,0.5474452554744526,R,0.2514285714285714,0.7485714285714286,0.3846153846153846,0.7112970711297071,88.14578947368422,103.82,15.073684210526316,68.44528301886793,0.4263157894736842,0.2540656934306569,115.0,159.0,115.0,159.0,5.616771097666572,medium,0.0202063986874486,Casey Schmitt,R,-0.07443218485135528,-0.3411480236599105,0.1726603324744701,-0.25251004994177295,-0.06937781996801659,5.7507267,10.639549
669699,1563,9,0.7777777777777778,L,0.4285714285714286,0.5714285714285714,0.6666666666666666,0.8333333333333334,74.63333333333334,96.42,-33.0,,0.5,0.0,0.0,4.0,0.0,4.0,1.6094379124341005,low,,Braden Shewmake,L,-0.24114910459512431,-0.13075851629477592,0.13889887440468743,-0.0009507291166803825,0.08551976929335434,-2.748951,9.146421
669701,1564,1986,0.4133937562940584,L,0.199756394640682,0.8002436053593179,0.2096774193548387,0.6167002012072434,87.66943521594685,102.0,16.08637873754153,67.62045454545455,0.4459459459459459,0.2738939708939709,75.0,406.0,75.0,406.0,6.1779441140506,low,0.0060507717569786,Josh Smith,L,1.0056540649118526,0.7598909578128931,0.1664960944425262,0.13588763102746737,-0.2003424064440764,14.003003,-12.406981
669707,1565,838,0.4367541766109785,R,0.3060109289617486,0.6939890710382514,0.2586605080831409,0.6271604938271605,86.62689075630253,102.52,10.554621848739496,67.36617647058823,0.4201680672268907,0.3501244019138756,65.0,144.0,65.0,144.0,5.3471075307174685,low,-0.0062540598290597,Jared Triolo,R,-0.2637448418817971,0.11922207226336659,-0.18431202322081577,0.07818177365974707,-0.047408698929109636,-3.4485354,-2.3985827
669720,1566,7156,0.4790385690329793,R,0.2403733955659276,0.7596266044340724,0.3241452425125894,0.6517883535323677,88.45504720406682,104.2,11.264150943396226,70.05257270693512,0.4381858083394294,0.3231681233933162,608.0,1337.0,608.0,1337.0,7.57353126274595,high,0.0149728673778687,Austin Hays,R,-0.7025699632151069,-0.35632712678364625,-0.49649682706186754,-0.7463895876634214,-0.07633528611325532,2.5363677,15.577665
669738,1567,113,0.6106194690265486,R,0.2463768115942028,0.7536231884057971,0.4912280701754385,0.7321428571428571,85.57619047619048,97.2,7.380952380952381,,0.3809523809523809,0.2809999999999999,12.0,18.0,12.0,18.0,3.4339872044851463,low,0.0222222222222222,Jake Noll,R,0.27044138833639497,-0.3443733157772362,0.46410486779905724,-0.3195574088923238,0.16881171889491647,10.483095,20.986189
669742,1568,742,0.5350404312668463,L,0.2720403022670025,0.7279596977329975,0.3287671232876712,0.7347480106100795,91.62539682539682,106.85,17.047619047619047,70.8027027027027,0.4715447154471545,0.3003383838383838,24.0,174.0,24.0,174.0,5.293304824724492,low,0.1299669540229885,Darick Hall,L,-0.7982712423641778,0.1046923005799841,0.41717459324302875,-0.4958673838829848,0.1761412828065752,9.691988,16.630177
669743,1569,2369,0.4060785141409878,R,0.1902286902286902,0.8097713097713097,0.208992506244796,0.6087328767123288,86.67795698924732,101.6,17.182795698924732,67.88646616541354,0.4634146341463415,0.2920776014109347,218.0,349.0,218.0,349.0,6.342121418721152,medium,0.0358619778659867,Alex Call,R,0.9069062022720699,0.8504644767733422,-0.8043350561699073,-0.11486247695014071,0.2795207988494769,-10.922268,-14.07436
669911,1570,1055,0.4890995260663507,L,0.3391472868217055,0.6608527131782945,0.2931354359925788,0.6937984496124031,89.08662420382166,105.62,16.585987261146496,74.36738197424891,0.4645161290322581,0.2519375,84.0,188.0,84.0,188.0,5.60947179518496,low,0.1060949848024316,Michael Toglia,L,-1.1353438554130977,-0.11026780784715659,-0.030355575121488048,0.8185338289370069,0.12786281541148412,-23.916067,0.1120677
670032,1571,7075,0.4672791519434629,L,0.1578947368421053,0.8421052631578947,0.2631123919308357,0.6638002773925104,85.71737588652482,98.7,2.868794326241135,63.93735632183908,0.3907142857142857,0.2812532119914346,468.0,1400.0,468.0,1400.0,7.533158807455563,high,0.0206001831501831,Nicky Lopez,L,1.3160333190092652,-0.36855443416983596,0.22321623845017305,-0.053003953639983885,-0.8308275802741067,-18.253395,-2.4907508
670042,1572,2077,0.5156475686085701,L,0.3697478991596639,0.6302521008403361,0.3031423290203327,0.7467336683417085,91.00334448160535,107.44,15.347826086956522,73.82133757961783,0.5202702702702703,0.326793795620438,74.0,474.0,74.0,474.0,6.3080984415095305,low,0.0835176759037518,Luke Raley,L,-1.0935796499160952,0.5689998367331678,0.024959891701511805,0.31508574929434957,0.10523818504951539,-5.685085,-27.570534
670084,1573,246,0.4308943089430894,L,0.339622641509434,0.660377358490566,0.2833333333333333,0.5714285714285714,85.39285714285714,101.99,11.892857142857142,,0.3333333333333333,0.2052037037037037,10.0,44.0,10.0,44.0,4.007333185232471,low,0.0585454545454545,Nick Heath,L,0.45173145408004295,-0.05355860810745727,0.20310672649201103,0.5657667382344015,-0.05116204899442668,11.915353,-8.156313
670097,1574,1862,0.4140708915145005,R,0.2490272373540856,0.7509727626459144,0.1751101321585903,0.6415094339622641,87.47126436781609,102.9,22.563218390804597,68.28457446808511,0.4763779527559055,0.2551278026905829,190.0,256.0,190.0,256.0,6.102558594613569,medium,0.0291744654605263,Zack Short,R,1.0075691661980049,1.40091551194842,-0.2570991521561425,0.0961158094600454,0.35311197215974294,8.967253,-19.455908
670128,1575,44,0.4318181818181818,L,0.3157894736842105,0.6842105263157895,0.3157894736842105,0.52,74.7,92.68,18.285714285714285,68.09411764705882,0.2857142857142857,0.1358461538461538,1.0,12.0,1.0,12.0,2.6390573296152584,low,0.1471666666666666,Taylor Kohlwey,L,0.33308381339922266,-0.11179297939776493,-0.20244015277969385,0.042134582124141846,-0.09010486282916562,-0.60232013,0.8528838
670148,1576,11,0.5454545454545454,L,0.1666666666666666,0.8333333333333334,0.4285714285714285,0.75,54.3,54.3,78.0,,0.0,0.2296666666666666,0.0,3.0,0.0,3.0,1.3862943611198906,low,,Nate Mondou,L,0.03693668043164566,0.20355429064268676,0.14546593227663146,-0.0571148347592203,-0.020098495621060957,5.8164806,-1.7917714
670156,1577,663,0.3710407239819004,L,0.2195121951219512,0.7804878048780488,0.2280701754385964,0.5233644859813084,87.40185185185184,101.35,12.22222222222222,66.36947368421053,0.4476190476190476,0.2673067484662577,13.0,150.0,13.0,150.0,5.099866427824199,low,0.010865641025641,Miles Mastrobuoni,L,0.3986155904425317,-0.13813858834730916,-0.8606568516786071,0.1521950810817455,-0.28270790930264345,-16.082182,-10.688765
670223,1578,405,0.5037037037037037,L,0.2990196078431373,0.7009803921568627,0.284313725490196,0.7263681592039801,91.0421052631579,109.26,8.385964912280702,,0.5614035087719298,0.2386262626262626,19.0,80.0,19.0,80.0,4.605170185988092,low,0.099253947368421,Matt Mervis,L,-0.7739486671710468,0.16244106719806978,-0.03178909136945006,-0.14126522497845234,0.15762302209342766,7.274412,16.609133
670242,1579,1288,0.4635093167701863,L,0.3433835845896147,0.6566164154103853,0.264919941775837,0.6905158069883528,90.891875,110.91,19.26875,75.89659367396594,0.5157232704402516,0.3636088328075709,64.0,253.0,64.0,253.0,5.762051382780177,low,0.2076194416996047,Matt Wallner,L,-1.0673554943624786,1.3385484852877543,0.5296860029579867,0.36942540946588615,0.3184905347721465,0.12268472,-27.958975
670276,1580,350,0.3685714285714285,L,0.2480620155038759,0.751937984496124,0.1823204419889502,0.5680473372781065,87.09333333333333,101.3,11.355555555555556,,0.3863636363636363,0.2169259259259259,6.0,75.0,6.0,75.0,4.406719247264253,low,0.0751599999999999,Cal Stevenson,L,0.3548619711421713,0.11594222892055675,-0.38396585710102166,0.5221820849650973,-0.7828449755431529,-14.631746,-14.452567
670298,1581,4,0.25,R,0.0,1.0,0.3333333333333333,0.0,65.1,65.1,2.0,,0.0,0.0,0.0,1.0,0.0,1.0,0.6931471805599453,low,,Kramer Robertson,R,0.1499876428690657,-0.09948071870327375,0.08503063206961554,-0.09031881841239488,0.02253838951920543,5.9697003,2.2749515
670329,1582,3,0.3333333333333333,R,0.0,1.0,0.0,0.5,,,,,,0.0,0.0,1.0,0.0,1.0,0.6931471805599453,low,,Rico Garcia,R,0.020832030038393005,-0.029768233644280592,0.026690275713392116,0.006493948398481332,0.03676714715294292,0.777716,-1.5754213
670351,1583,953,0.4837355718782791,L,0.2451193058568329,0.754880694143167,0.3004201680672269,0.6666666666666666,89.31973684210527,103.99,21.105263157894736,,0.5133333333333333,0.2546846473029046,49.0,192.0,49.0,192.0,5.488937726156687,low,-0.0850839710884353,José Rojas,L,-0.4336408189863164,0.29532901059736766,-0.5548979865794366,-0.5526289104734184,0.3079397647413799,3.78452,-6.8891115
670370,1584,562,0.4679715302491103,R,0.4258555133079847,0.5741444866920152,0.3287671232876712,0.6185185185185185,88.05714285714286,107.24,10.444444444444445,,0.1904761904761904,0.3361884057971014,70.0,68.0,70.0,68.0,4.9344739331306915,low,0.0549915966386554,Andrew Young,R,-0.15904935432029643,0.6375282299104045,0.549432282862645,0.5648451994258772,-0.1390613145624998,8.813104,-15.891741
670462,1585,19,0.5789473684210527,R,0.4545454545454546,0.5454545454545454,0.5384615384615384,0.6666666666666666,71.1,71.1,5.0,,1.0,0.1444,0.0,5.0,0.0,5.0,1.791759469228055,low,,Hunter Owen,R,0.14682426980134036,-0.1561813614992171,0.08841004190047774,0.032631763047361095,0.14875479275304201,-0.100442484,1.8191354
670541,1586,7978,0.4311857608423163,L,0.215406976744186,0.7845930232558139,0.2627197039777983,0.6305418719211823,93.64546850998464,109.8,14.077513430544895,75.8498759305211,0.410355486862442,0.4079184890656063,730.0,1282.0,730.0,1282.0,7.607381425639791,high,0.0157726924967409,Yordan Álvarez,L,-1.361469954300466,-0.2544962669621383,0.38955514224430715,-1.241771387238738,-0.4713368550970091,12.939425,17.331116
670623,1587,4804,0.4290174854288093,R,0.1601164483260553,0.8398835516739447,0.2496062992125984,0.6303003533568905,86.9261421319797,101.43,18.31725888324873,66.49959514170041,0.5205655526992288,0.332680944055944,292.0,852.0,292.0,852.0,7.0431599159883405,medium,0.0238846710399383,Isaac Paredes,R,0.6900106074482223,0.35019569804731554,-2.1289536964359717,-0.6359667299773483,0.928933400604171,-5.807548,-15.076259
670712,1588,2675,0.48,R,0.2741433021806854,0.7258566978193146,0.2958579881656805,0.6681783824640968,87.86948717948718,101.8,15.3,,0.453125,0.319640866873065,383.0,263.0,383.0,263.0,6.472346294500901,medium,0.0449796185805477,Mike Brosseau,R,0.6907548443830189,0.3213004565501443,0.04369328863862042,-0.5645684516894643,0.7018174590684179,14.411616,3.1097393
670764,1589,4017,0.4227035100821508,L,0.2391048292108363,0.7608951707891637,0.1885714285714285,0.6381453154875717,86.80134907251264,100.38,16.69308600337268,67.33021582733812,0.429054054054054,0.2693296146044624,298.0,688.0,298.0,688.0,6.894670039433482,medium,-0.0242420594662088,Taylor Walls,L,0.40083579443371964,0.6891447602264243,-0.5789146342191184,0.6562751629263793,-0.062069502374418266,-10.233444,-15.339367
670766,1590,10,0.2,R,0.0,1.0,0.0,0.4,77.15,88.47,-37.0,,0.5,0.0,2.0,0.0,2.0,0.0,1.0986122886681098,low,,Darren Mccaughan,R,0.15510542731165264,-0.13671239294496199,-0.07412607108842151,0.007593030034026798,-0.08983635131983897,-1.3982939,-0.25237527
670768,1591,1491,0.4580818242790074,L,0.2254758418740848,0.7745241581259151,0.2442953020134228,0.6715817694369973,86.76493506493507,101.2,10.857142857142858,,0.3449781659388646,0.3030276243093923,110.0,252.0,110.0,252.0,5.8944028342648505,low,0.0765794372294372,Luis González,L,0.5315427406828529,0.40556311525062416,-0.0967521441505155,-0.2820665654274272,-0.41696345995054457,10.446236,-6.041185
670770,1592,3248,0.4128694581280788,L,0.1774794929157345,0.8225205070842655,0.2310536044362292,0.5944615384615385,86.80816326530612,101.56000000000002,17.476190476190474,67.17892271662764,0.542314335060449,0.3431117717003567,135.0,706.0,135.0,706.0,6.7357800142423265,medium,-0.0919083097261567,Tj Friedl,L,0.2525567910894741,-0.08333990471054208,-1.4917342859710152,0.17435821769374413,-0.2036742473346118,-14.353244,-10.669507
670869,1593,281,0.4733096085409252,L,0.1353383458646616,0.8646616541353384,0.2222222222222222,0.7054794520547946,84.12291666666667,97.34,20.625,,0.4897959183673469,0.4067142857142857,23.0,47.0,23.0,47.0,4.2626798770413155,low,0.1609435707678075,Livan Soto,L,0.6785216201191578,0.03970248827662074,-0.19280900854930888,0.1700009394000738,0.2442481013166968,7.468197,-9.122812
670970,1594,5,0.6,L,0.3333333333333333,0.6666666666666666,0.5,0.6666666666666666,97.4,97.4,-12.0,,0.0,0.0,0.0,2.0,0.0,2.0,1.0986122886681098,low,,Adrián Morejón,L,-0.04699426014126772,-0.07888370470955318,0.1182716316674915,-0.030495968061839334,-0.11176865993254902,0.0030896824,3.7461982
671056,1595,297,0.4141414141414141,R,0.2276422764227642,0.7723577235772358,0.2389937106918239,0.6159420289855072,89.48918918918919,106.76,10.891891891891891,73.28095238095237,0.2777777777777778,0.2848153846153846,12.0,53.0,12.0,53.0,4.189654742026425,low,-0.0976823899371069,Iván Herrera,R,0.3875051667870885,0.8161877332069466,0.3074201682459047,-0.1631902464907268,-0.4469493484083221,10.820982,-12.7561
671083,1596,479,0.4029227557411273,R,0.2020725388601036,0.7979274611398963,0.1842105263157894,0.601593625498008,87.70253164556962,100.2,13.39240506329114,69.29047619047618,0.3164556962025316,0.2676666666666666,70.0,53.0,70.0,53.0,4.820281565605037,low,0.0790161725067385,Buddy Kennedy,R,-0.15773844205720894,-0.213725499295992,-0.8290711125094643,0.4486703061763549,-0.902477447775043,-11.6534815,-6.493114
671213,1597,2466,0.4257907542579075,L,0.2542857142857143,0.7457142857142857,0.2120500782472613,0.6557239057239057,90.29269662921348,107.6,13.629213483146067,73.84600550964187,0.4519774011299435,0.3636268907563025,122.0,473.0,122.0,473.0,6.39024066706535,medium,0.0224620663362561,Triston Casas,L,-1.2629674227403003,0.0847267768413047,-0.5825774518639573,-0.09591674694904996,-0.20874085348182858,-25.076681,-1.2122604
671218,1598,318,0.5125786163522013,R,0.3067484662576687,0.6932515337423313,0.3121019108280254,0.7080745341614907,88.53877551020408,106.82,10.16326530612245,73.10615384615384,0.3877551020408163,0.211280487804878,64.0,18.0,64.0,18.0,4.418840607796598,low,0.0954565972222222,Heliot Ramos,R,-0.4017729769461502,0.06894771843801659,0.3104214208283112,-0.17931651071231217,-0.2875575959962615,-4.6442647,4.7159166
671221,1599,1747,0.5020034344590727,L,0.2953249714937286,0.7046750285062714,0.3039215686274509,0.721351025331725,86.6515748031496,103.97,15.700787401574804,70.82781774580336,0.4488188976377952,0.3083977528089887,114.0,331.0,114.0,331.0,6.100318952020064,medium,0.0416100333916362,Drew Waters,L,-0.49646944943291765,-0.0006805575348564407,-0.22084591908610654,0.29043574160067215,-0.17299561302273841,-3.9412062,12.527998
671250,1600,64,0.484375,R,0.5161290322580645,0.4838709677419355,0.2941176470588235,0.7,78.26,101.42,7.2,,0.8,0.4150666666666666,8.0,7.0,8.0,7.0,2.772588722239781,low,0.4466428571428572,Jorge Oña,R,-0.11671058177715439,0.36979262808392266,0.1927541638928343,0.40422774602543293,0.20716514572176395,8.1655655,-16.939009
671277,1601,4362,0.5167354424575883,L,0.2116237799467613,0.7883762200532387,0.3447684391080617,0.7142857142857143,87.17207859358841,103.6,3.826446280991735,70.09244444444444,0.4387966804979253,0.2969693548387097,329.0,911.0,329.0,911.0,7.123672785204607,medium,0.0436347979273919,Luis García,L,-1.7123436573852777,-2.0033826877716145,-0.7229117805076186,0.065039756303629,0.17899900300449156,-1.3078593,21.807722
671289,1602,966,0.4824016563146998,R,0.1587982832618025,0.8412017167381974,0.3052208835341365,0.6709401709401709,85.78108108108108,103.56,7.440860215053763,70.66363636363636,0.3945945945945946,0.2843531746031746,110.0,142.0,110.0,142.0,5.53338948872752,low,0.0100695262483994,Tyler Freeman,R,0.6763318280114944,-0.5098325393092097,0.1591056224488903,-0.5981889751639312,-0.41279939864218085,8.559824,6.915651
671732,1603,499,0.4769539078156312,L,0.273109243697479,0.726890756302521,0.2707423580786026,0.6518518518518519,88.28750000000001,105.26,16.261363636363637,72.16311111111112,0.367816091954023,0.2511317829457364,22.0,107.0,22.0,107.0,4.867534450455582,low,0.0710705182667799,Lawrence Butler,L,-0.6981213643954747,-0.03959369409034859,-0.0434976417700986,0.24045719583537117,-0.060871820998882775,-5.631985,-5.956204
671739,1604,3595,0.5251738525730181,L,0.2425847457627118,0.7574152542372882,0.3851533082302313,0.6751152073732719,90.31991525423727,108.23,6.246826516220028,72.15817120622569,0.4065155807365439,0.35503582395087,273.0,704.0,273.0,704.0,6.885509670034818,medium,0.0560948426573426,Michael Harris,L,-0.535089682811845,-1.0248414177891565,1.0660122254822684,-0.5805269047253344,0.12001665789844389,13.563061,18.110994
672275,1605,1409,0.4641589779985806,L,0.2370030581039754,0.7629969418960245,0.2664714494875549,0.650137741046832,88.6625550660793,103.58,10.140969162995594,68.39168831168831,0.48,0.2818603988603988,112.0,239.0,112.0,239.0,5.863631175598097,low,-0.1104301404662283,Patrick Bailey,L,-0.46819752629395495,0.09657411387435234,-0.10951950242531368,0.07494305915862796,-0.5484542091212657,-3.2120492,-1.0383486
672279,1606,126,0.4047619047619047,L,0.2352941176470588,0.7647058823529411,0.1746031746031746,0.6349206349206349,82.11,99.72,26.25,69.2125,0.55,0.1410666666666666,3.0,27.0,3.0,27.0,3.4339872044851463,low,-0.101037037037037,Michael Siani,L,0.008309387501089604,0.1458339053081975,-0.5322228449344227,0.30235461237067973,0.07354714272716659,-4.2268577,-12.201472
672284,1607,3835,0.4737940026075619,L,0.2834342322509631,0.7165657677490369,0.287886467308667,0.6707841031149302,88.63944153577661,105.18,13.24083769633508,70.50500000000001,0.4350877192982456,0.2856690721649484,294.0,676.0,294.0,676.0,6.878326468291325,medium,0.0493761119832548,Jarred Kelenic,L,-1.281282164514969,0.32579334713263686,-0.45027133202646086,-0.1748719523560022,0.43730719822017766,1.5071051,-10.0995035
672356,1608,1550,0.532258064516129,R,0.3539393939393939,0.6460606060606061,0.318595578673602,0.7426376440460948,90.72345132743362,106.95,2.7168141592920354,73.2532663316583,0.3616071428571428,0.2782718204488778,144.0,257.0,144.0,257.0,5.996452088619021,medium,-0.1714949200172935,Gabriel Arias,R,-0.9278640968513923,-0.014890615738391526,1.0210274856638062,0.1941024779607258,-0.9825934782998001,-10.747953,1.151095
672386,1609,4755,0.4185068349106204,R,0.1412060301507537,0.8587939698492463,0.2480460715754833,0.596815834767642,89.83543046357616,104.7,8.431718061674008,68.33578947368422,0.3550884955752212,0.3320008517887564,302.0,872.0,302.0,872.0,7.069023426578259,medium,0.0095925709338355,Alejandro Kirk,R,1.103903854012515,0.2503485065645572,-0.2070913568380859,-1.597515221431762,-1.579190862091816,20.929745,-1.9261305
672478,1610,1245,0.5694779116465863,R,0.2693935119887165,0.7306064880112835,0.3626198083067092,0.778675282714055,89.49224489795918,106.02,3.612244897959183,70.92906666666667,0.4268292682926829,0.2774709302325581,134.0,210.0,134.0,210.0,5.84354441703136,medium,-0.0246093816631129,Jordan Diaz,R,-0.5088746955161928,-0.22297587519317688,0.6797837018630244,-0.057193759506682096,-0.07160457226426618,-15.045872,3.1917772
672515,1611,1809,0.4317302377003869,R,0.1856594110115237,0.8143405889884763,0.2685185185185185,0.580952380952381,89.71861861861862,103.18,4.546546546546547,68.3992337164751,0.322289156626506,0.3248874172185431,139.0,314.0,139.0,314.0,6.118097198041348,medium,0.0665669935389268,Gabriel Moreno,R,1.1110708655968755,0.0377758820054804,0.7364610006571506,-0.9403388646047761,-0.9630710766797586,19.689714,-1.6818349
672580,1612,2074,0.4286403085824494,R,0.1788526434195725,0.8211473565804275,0.204225352112676,0.6351851851851852,91.56048387096774,104.49,6.002666666666666,68.5263948497854,0.3485254691689008,0.2995530726256983,124.0,413.0,124.0,413.0,6.2878585601617845,medium,0.0600357338123876,Maikel García,R,-0.539664228729256,0.10670164630954251,0.2117409280931714,-0.4998269068502925,-1.5483291984600198,19.156357,13.108152
672640,1613,42,0.4047619047619047,R,0.1176470588235294,0.8823529411764706,0.2608695652173913,0.5789473684210527,85.5,101.22,4.25,,0.25,0.5448181818181819,3.0,8.0,3.0,8.0,2.4849066497880004,low,0.466375,Otto Lopez,R,0.1476661993258298,-0.02852052527505799,-0.007184608753863552,-0.015449145278408733,-0.5125705753403395,-2.7672153,0.24446648
672695,1614,4142,0.3874939642684693,L,0.1657320872274142,0.8342679127725857,0.183754333828628,0.5812529439472445,85.09969372128637,98.6,14.048929663608565,63.826517571884985,0.4546850998463901,0.2873599202392821,222.0,781.0,222.0,781.0,6.911747300251674,medium,0.0275934756779827,Geraldo Perdomo,L,0.7959952327670418,-0.25207580180393957,-1.1104745614787386,0.5300590003707701,-0.8658736751443558,-17.74527,-4.55277
672701,1615,173,0.5780346820809249,L,0.2099999999999999,0.79,0.47,0.726027397260274,83.66451612903225,99.5,8.67741935483871,,0.5,0.2755869565217391,7.0,39.0,7.0,39.0,3.8501476017100584,low,-0.0008241758241758,José Devers,L,-0.03365994861872142,-0.6181849113912079,-0.07037933296403977,0.09490733042396646,0.6464360239157159,-5.9752007,18.266973
672724,1616,880,0.4943181818181818,R,0.271264367816092,0.728735632183908,0.2693156732891832,0.7330210772833724,85.78588957055214,103.98,8.785276073619633,69.96853146853147,0.5403726708074534,0.2745967741935484,64.0,184.0,64.0,184.0,5.517452896464707,low,-0.0697540760869565,Oswald Peraza,R,0.025778636127226678,0.7883013302297921,0.10393320410687922,0.3653982250996513,0.6782944854713928,6.155087,-13.538534
672744,1617,61,0.6557377049180327,R,0.425,0.575,0.3846153846153846,0.8571428571428571,89.66666666666667,102.4,20.666666666666668,78.17894736842106,0.5,0.387235294117647,6.0,11.0,6.0,11.0,2.8903717578961645,low,-0.1435757575757575,Alexander Canario,R,-0.1969544569343978,0.2356224095109927,0.1900979786491473,0.08913017211860279,0.6070863459919698,4.745784,-5.7121973
672779,1618,1543,0.4711600777705768,L,0.1733149931224209,0.8266850068775791,0.2637215528781794,0.6658291457286433,86.55765472312704,101.04,11.517915309446254,64.54545454545455,0.4819672131147541,0.2599248291571754,98.0,341.0,98.0,341.0,6.0867747269123065,low,0.0034238434376683,Tucupita Marcano,L,-0.49926795710526145,-0.5021996878583664,-0.9930429239460592,0.28054765449238994,0.1945419655112194,-19.513142,0.18354397
672820,1619,749,0.540720961281709,R,0.2345679012345679,0.7654320987654321,0.4164383561643835,0.6588541666666666,88.98333333333333,102.8,12.45138888888889,69.2548717948718,0.3426573426573426,0.2273414634146341,56.0,149.0,56.0,149.0,5.327876168789581,low,0.0545637583892617,Lenyn Sosa,R,0.4983477569526068,-0.5267641344705656,0.6075770716472173,-0.6334614311456341,0.23986225221506746,13.082396,22.984066
672832,1620,43,0.627906976744186,R,0.3333333333333333,0.6666666666666666,0.5,0.7037037037037037,88.88333333333333,95.35,7.166666666666667,,0.3333333333333333,0.1123571428571428,2.0,12.0,2.0,12.0,2.70805020110221,low,-0.1310833333333333,Israel Pineda,R,0.04924166916941233,-0.10888017351503897,0.2453687771483858,0.24971491213888863,0.0519206162871087,-3.6603358,2.0228612
672851,1621,8,0.375,R,1.0,0.0,0.0,0.5,,,,,,0.0,1.0,1.0,1.0,1.0,1.0986122886681098,low,0.0,Joan Adon,R,-0.22438449219035272,0.17229541427612516,0.058056610478021894,0.10274294102027452,0.03429174488406055,-3.3574426,-3.4510217
673237,1622,1311,0.5873379099923722,R,0.2584415584415584,0.7415584415584415,0.4421487603305785,0.7675213675213676,90.13472222222222,105.83,11.541666666666666,71.84312668463612,0.4225352112676056,0.3504170984455958,105.0,281.0,105.0,281.0,5.958424693029782,low,-0.1252886968310456,Yainer Diaz,R,-0.5002610395313981,-0.6571642079679687,1.0300857315370844,-0.5793302724925231,0.7630508757711344,14.973695,14.971409
673357,1623,5383,0.5950213635519227,R,0.2994068061192632,0.7005931938807368,0.4092318291422666,0.8125,89.45108055009823,107.6,13.833988212180747,74.23360655737704,0.4313919052319842,0.3508564784053156,322.0,1183.0,322.0,1183.0,7.317212408359839,medium,0.0785486603697305,Luis Robert,R,-1.2195061240984317,-0.25142355758676127,0.6339026961831505,-0.15566737228141153,0.7555733563150854,-8.855988,24.25221
673451,1624,1577,0.4337349397590361,L,0.1871345029239766,0.8128654970760234,0.2506172839506173,0.6271186440677966,85.8099173553719,100.69,2.371900826446281,,0.3181818181818182,0.2737154696132596,54.0,308.0,54.0,308.0,5.8944028342648505,low,-0.0076693121693121,Shogo Akiyama,L,0.7748732783375751,-0.19147682709306577,0.6507790642279065,0.21574135436110026,-0.9297801241788729,-17.437613,-1.9828024
673490,1625,6203,0.4136708044494599,R,0.1726422447388932,0.8273577552611068,0.226525017135024,0.5799086757990868,86.45219941348974,102.48,14.6201171875,65.50494845360825,0.4915924826904055,0.3116178045515395,465.0,1029.0,465.0,1029.0,7.309881485824787,high,0.052370387786451,Ha-Seong Kim,R,1.1347322812458036,0.6617824675149052,-0.2580731921078129,-0.5181472359095014,-0.0026561993739536507,22.86319,-0.51968485
673548,1626,4289,0.4014921893215201,R,0.2003484320557491,0.7996515679442509,0.2041010968049594,0.5903284671532847,90.62555720653788,105.7,10.848888888888888,70.52396694214876,0.3761194029850746,0.3479990224828934,281.0,742.0,281.0,742.0,6.931471805599453,medium,0.0185918024767148,Seiya Suzuki,R,0.24918686894903477,0.8611552741651526,0.01602783317465034,-0.8743976201713615,-1.1556059661214364,16.758331,-21.44345
673962,1627,2357,0.5099703012303776,R,0.2703826955074875,0.7296173044925125,0.3306451612903225,0.7090420769919427,90.74330708661417,105.0,14.669291338582678,69.4966037735849,0.3858267716535433,0.3253581847649919,155.0,462.0,155.0,462.0,6.42648845745769,medium,0.1062494623655913,Josh Jung,R,-1.0444495787318557,0.1065803270943801,0.19708734690957905,-0.2780448324304981,-0.3747581036168983,16.619816,11.532261
675649,1628,44,0.6363636363636364,L,0.1428571428571429,0.8571428571428571,0.45,0.7916666666666666,80.11428571428571,93.36,10.142857142857142,,0.7142857142857143,0.2397272727272727,4.0,7.0,4.0,7.0,2.4849066497880004,low,-0.3139285714285714,Brian Miller,L,-0.027324307318969798,-0.3194841199341455,-0.08184413540062585,-0.2017610010321312,0.08454500655078222,3.9001145,7.7323875
675656,1629,1187,0.5290648694187026,R,0.2961783439490446,0.7038216560509554,0.371859296482412,0.688135593220339,87.26862745098039,102.68,16.916666666666668,68.26301369863013,0.3762376237623762,0.2255446153846153,122.0,203.0,122.0,203.0,5.786897381366708,medium,0.1370358959864329,Kevin Smith,R,0.3793532155662263,0.2774478007322059,0.5889664865500107,-0.2192230302727819,0.08245933344383512,16.304161,-1.5877974
675911,1630,3,0.6666666666666666,R,0.5,0.5,1.0,0.5,,,,,,0.0,0.0,1.0,0.0,1.0,0.6931471805599453,low,,Spencer Strider,R,-0.053173812859148725,0.01902146839904194,0.02820044643046106,0.03674281463457509,0.013678677482529749,2.916375,-1.7692579
675961,1631,454,0.4713656387665198,R,0.308411214953271,0.6915887850467289,0.2587719298245614,0.6858407079646017,82.54307692307692,101.36,9.507692307692308,67.83913043478262,0.4153846153846154,0.2383333333333333,40.0,71.0,40.0,71.0,4.718498871295094,low,-0.1874623239436619,Alika Williams,R,0.03542194389226373,0.21504642450422243,-0.5596387670070206,0.5666466391979083,-0.01477542037767559,-0.73721194,-12.189033
675986,1632,185,0.4378378378378378,L,0.2716049382716049,0.7283950617283951,0.2604166666666667,0.6292134831460674,88.67619047619048,105.9,0.238095238095238,,0.55,0.2280227272727272,3.0,41.0,3.0,41.0,3.80666248977032,low,0.2447073170731707,Canaan Smith-Njigba,L,-0.2951505537016579,-0.00029755515563244147,0.003662876837931306,-0.06529084851028784,-0.5186028517286836,-6.5667796,-0.6587181
676059,1633,865,0.4855491329479768,R,0.2380952380952381,0.7619047619047619,0.2828054298642534,0.6973995271867612,90.18571428571428,105.9,13.409090909090908,68.69354838709677,0.474025974025974,0.3088421052631578,82.0,146.0,82.0,146.0,5.43372200355424,low,0.0532281991313063,Jordan Westburg,R,-0.4745301092219628,0.4613455984768213,-0.2235272481274731,-0.21378486605437483,-0.9108890989706802,18.794262,6.511794
676070,1634,26,0.5384615384615384,R,0.1428571428571429,0.8571428571428571,0.5,0.5714285714285714,81.95714285714287,95.6,-0.7142857142857143,,0.7142857142857143,0.1962222222222222,5.0,4.0,5.0,4.0,2.302585092994046,low,-0.0441499999999999,Jacob Amaya,R,0.1402195797357059,-0.27991408279455066,-0.04884901138770961,-0.13775427042045127,-0.1343751964735002,3.88371,4.844538
676116,1635,2083,0.4272683629380701,L,0.352808988764045,0.647191011235955,0.1908023483365949,0.6550424128180962,91.15106382978723,106.76,16.059574468085106,69.90797342192691,0.4957264957264957,0.3417793522267206,97.0,397.0,97.0,397.0,6.20455776256869,low,0.009949492326469,Ryan Noda,L,-0.8378673546545048,1.3850867833669835,-0.32914914200572826,1.009332638515389,-0.332189881604727,0.37629104,-27.184406
676356,1636,163,0.558282208588957,R,0.2417582417582418,0.7582417582417582,0.4318181818181818,0.7066666666666667,83.009375,95.79,7.375,68.255,0.6451612903225806,0.3200888888888888,35.0,10.0,35.0,10.0,3.828641396489095,low,0.0403571428571428,Jonny Deluca,R,0.4348190477852866,-0.22565852542101247,-0.3880575642499375,0.06862313040123906,0.8205874270435796,1.5403376,-11.606621
676369,1637,1490,0.4865771812080537,R,0.3393103448275861,0.6606896551724138,0.2645569620253165,0.7371428571428571,90.03508771929825,106.19,13.236842105263158,71.2276515151515,0.4444444444444444,0.3273090909090909,136.0,249.0,136.0,249.0,5.955837369464831,medium,-0.0149620245688636,Nelson Velázquez,R,-0.9528689412088033,0.9955459506311026,-0.3146444865401672,0.6686122091050458,-0.2006314084245666,10.817505,-25.102633
676391,1638,1209,0.4946236559139785,R,0.1404682274247491,0.8595317725752508,0.3491525423728813,0.6332794830371568,85.33357142857143,100.21,13.6,64.04347826086956,0.3260869565217391,0.2574484679665738,157.0,202.0,157.0,202.0,5.886104031450156,medium,0.0066061991549473,Ernie Clement,R,0.5231784160021606,-1.27776612395032,-0.3966230696547728,-0.6537676867908203,-0.30866781445789754,-8.5498705,11.818873
676475,1639,1407,0.5159914712153518,L,0.1680440771349862,0.8319559228650137,0.3315363881401617,0.7218045112781954,90.06456953642385,104.19,11.30132450331126,69.03436426116839,0.4429530201342282,0.2929722222222222,32.0,364.0,32.0,364.0,5.983936280687191,low,0.0189402472527472,Alec Burleson,L,-0.29095977435037096,-0.7167685358481201,-0.19606628461242917,-1.1575990333372277,0.4010729484994997,11.6295,14.409363
676480,1640,1728,0.5300925925925926,R,0.3482532751091702,0.6517467248908297,0.3702127659574468,0.7208121827411168,87.50722891566265,102.98,16.301204819277107,,0.4959349593495935,0.2244653243847874,145.0,302.0,145.0,302.0,6.104793232414985,medium,0.0319864580954555,José Barrero,R,-0.37759804916705103,0.165185443158618,-0.2293129154340001,0.26856720238446324,0.6481892934722553,-6.1028786,8.733406
676551,1641,17,0.4117647058823529,R,0.7142857142857143,0.2857142857142857,0.375,0.4444444444444444,,,,,,0.0,3.0,1.0,3.0,1.0,1.6094379124341005,low,0.0,Brewer Hicklen,R,-0.3079618532134222,0.08449412403707184,0.07326233269299966,0.2214770086906602,0.003282813793850444,-4.2097054,-3.9002519
676609,1642,1129,0.4269264836138175,R,0.2157676348547718,0.7842323651452282,0.287719298245614,0.5688729874776386,83.31626506024097,99.75,21.59036144578313,66.63986928104575,0.4939024390243902,0.3045785714285714,124.0,156.0,124.0,156.0,5.638354669333745,medium,0.077313482216708,José Caballero,R,0.8035518716673731,0.09413461148795318,-0.7257942846448705,0.42482796840708764,0.8101675475720929,-17.198875,-11.335039
676625,1643,78,0.5,R,0.2564102564102564,0.7435897435897436,0.2424242424242424,0.6888888888888889,88.85833333333333,99.28,7.416666666666667,,0.4166666666666667,0.1184761904761904,10.0,11.0,10.0,11.0,3.091042453358316,low,0.1113454545454545,Rylan Bannon,R,0.15446674194376564,0.30974334896490857,0.07937345925550914,0.018967410723010794,-0.2048089836128484,9.215,-9.466769
676628,1644,206,0.6213592233009708,L,0.3125,0.6875,0.3789473684210526,0.8288288288288288,95.45555555555556,108.3,13.11111111111111,,0.5428571428571428,0.1891475409836065,14.0,47.0,14.0,47.0,4.127134385045092,low,0.1285881458966565,Mark Contreras,L,-0.598592503988045,0.2154764073977197,0.7043163889637374,0.0462802519080446,0.23576546330560122,-8.814991,23.51897
676632,1645,602,0.4684385382059801,L,0.2659574468085106,0.7340425531914894,0.2524916943521594,0.6843853820598007,88.52828282828283,102.5,11.787878787878787,72.04615384615384,0.4948453608247423,0.2292418300653594,26.0,127.0,26.0,127.0,5.0369526024136295,low,0.0364794064203513,Bligh Madris,L,-0.4824912854600886,-0.15850174642201126,-0.39148753985142576,0.16493707416955555,0.047003689794937784,-5.4457707,-6.1336665
676646,1646,160,0.5625,L,0.2555555555555555,0.7444444444444445,0.3513513513513513,0.7441860465116279,87.1148148148148,104.0,18.74074074074074,,0.2962962962962963,0.1893863636363636,5.0,39.0,5.0,39.0,3.80666248977032,low,0.2136666666666666,Zach Reks,L,0.04954894782278701,0.027972930532457675,0.6325413064852557,-0.08949694485409139,0.24191635191254526,11.532474,1.653719
676694,1647,2584,0.4721362229102167,R,0.2647540983606558,0.7352459016393442,0.2742424242424242,0.6787974683544303,87.1575980392157,102.93,11.345588235294118,67.53373493975904,0.4324324324324324,0.2950045317220544,190.0,472.0,190.0,472.0,6.4967749901858625,medium,0.0453105263157895,Jake Meyers,R,-0.19003775918573262,0.3454374123908674,-0.4272590040542704,0.39778963826065294,-0.8427927601967936,-9.216516,-14.291136
676701,1648,1538,0.5110533159947984,R,0.22264631043257,0.77735368956743,0.3384615384615385,0.6886543535620053,85.93284671532847,99.75,13.9014598540146,66.49779005524861,0.4562043795620438,0.28729,149.0,251.0,149.0,251.0,5.993961427306569,medium,-0.065832883232172,Alan Trejo,R,0.36944838635209776,-0.12918049514897004,-0.36412892759116616,-0.22793644115979184,0.05585644681672773,23.19212,3.8831472
676724,1649,272,0.5073529411764706,L,0.3188405797101449,0.6811594202898551,0.2932330827067669,0.7122302158273381,89.31190476190476,107.01,10.0,73.328,0.5714285714285714,0.3104202898550725,4.0,65.0,4.0,65.0,4.248495242049359,low,-0.3212,Jared Young,L,-0.19200831236884594,0.6736404638976872,0.5698955213582625,0.04026591592581687,0.10003961139162705,12.108872,-19.50287
676761,1650,52,0.5192307692307693,L,0.3333333333333333,0.6666666666666666,0.4230769230769231,0.6153846153846154,83.17142857142858,96.26,11.0,64.15384615384616,0.5,0.0,0.0,12.0,0.0,12.0,2.5649493574615367,low,,Irving Lopez,L,0.23875804730445216,-0.012847596153237975,-0.21291513934561027,0.08001255920329531,0.3090217018531547,-0.13390902,-11.138186
676782,1651,28,0.4642857142857143,L,0.5384615384615384,0.4615384615384615,0.2857142857142857,0.6428571428571429,89.3,89.3,6.0,,0.0,0.2296666666666666,1.0,5.0,1.0,5.0,1.9459101490553132,low,0.2755999999999999,Mickey Mcdonald,L,0.02878736622055907,0.07797804004945826,0.10150621136486106,0.08713985174800751,0.0492740088946521,4.496138,-3.7700193
676801,1652,4625,0.4782702702702702,R,0.2974683544303798,0.7025316455696202,0.2856555692560624,0.6920620437956204,88.71234221598878,103.1,15.157082748948106,69.70670731707317,0.4098591549295775,0.3401741335587489,343.0,840.0,343.0,840.0,7.076653815443951,medium,0.0876626822157434,Chas Mccormick,R,1.0101736137955775,1.1542923852932583,0.2928365757197945,-0.12147309207595529,-0.1463890469885545,11.643854,-3.4058213
676882,1653,1,1.0,R,0.0,1.0,,1.0,99.3,99.3,-4.0,67.8,1.0,0.0,0.0,1.0,0.0,1.0,0.6931471805599453,low,,Chandler Seagle,R,-0.02203153919908616,-0.039619248619751066,0.0064616567469994,0.005073622331925907,-0.02588058081579078,2.8569307,1.4543109
676900,1654,23,0.5217391304347826,R,0.4166666666666666,0.5833333333333334,0.3636363636363636,0.6666666666666666,88.53333333333335,96.66,29.333333333333332,,0.0,0.0988571428571428,4.0,3.0,4.0,3.0,2.0794415416798357,low,0.173,Ryan Dorow,R,0.07411660041762697,-0.12500123298237015,0.08717575785398046,0.08081624601485617,-0.12314221856770625,2.4423301,3.974166
676914,1655,580,0.3913793103448276,R,0.3524229074889867,0.6475770925110133,0.1573770491803278,0.6509090909090909,89.35,104.29,26.11111111111111,67.1420814479638,0.5142857142857142,0.4238439716312057,54.0,87.0,54.0,87.0,4.955827057601261,low,0.1599808429118773,Davis Schneider,R,0.48044013721574885,1.4534471749179358,-0.10453440064826859,0.50933550859536,0.23260146683204283,9.109063,-19.536484
676946,1656,628,0.3980891719745223,R,0.2239999999999999,0.776,0.2916666666666667,0.5205479452054794,85.33861386138615,100.1,13.05940594059406,67.27616580310881,0.3505154639175257,0.3036375,58.0,102.0,58.0,102.0,5.081404364984463,low,0.1408255578093306,Matthew Batten,R,0.3402113399494024,-0.49007972917991316,-0.29561723825325203,-0.3272991320052057,-0.3102516549535856,-7.797495,11.026909
676950,1657,252,0.4444444444444444,R,0.2410714285714286,0.7589285714285714,0.296875,0.5967741935483871,85.01764705882353,98.97,8.147058823529411,,0.3823529411764705,0.1810877192982456,29.0,28.0,29.0,28.0,4.060443010546419,low,-0.1478029556650246,David Mackinnon,R,0.03421834577215867,-0.37029872648706164,-0.4442268566978412,0.3799775439684705,-0.6610161549190146,-11.269385,-5.734142
677008,1658,124,0.4677419354838709,L,0.3448275862068966,0.6551724137931034,0.359375,0.5833333333333334,92.355,105.99,19.35,72.7537037037037,0.45,0.318,1.0,31.0,1.0,31.0,3.49650756146648,low,0.328258064516129,Heston Kjerstad,L,-0.42419639521200436,-0.24960215959727572,0.09981171532395029,0.01972272399821684,0.013094325033098745,-2.7962499,6.378244
677223,1659,5,0.6,L,0.3333333333333333,0.6666666666666666,0.5,0.6666666666666666,,,,,,0.0,0.0,1.0,0.0,1.0,0.6931471805599453,low,,Jack Larsen,L,0.021349795948246188,0.06361077667657158,0.031202267721851532,0.05703874788805397,-0.0085981649120695,-0.4130989,-3.3519454
677347,1660,185,0.4918918918918919,R,0.3296703296703297,0.6703296703296703,0.2323232323232323,0.7906976744186046,85.63636363636364,104.66,4.5,70.85529411764706,0.3636363636363636,0.1564888888888888,13.0,32.0,13.0,32.0,3.828641396489095,low,0.0292764423076922,Kyren Paris,R,-0.45982810740020985,0.03639080191079009,-0.05996449328728042,0.6424383942363245,-0.08221687211713133,-13.797115,3.218636
677551,1661,4210,0.4809976247030879,L,0.134320987654321,0.865679012345679,0.2802457466918714,0.6838586437440306,88.43657458563537,104.16,8.929281767955802,70.62692307692308,0.439511653718091,0.3409727831431079,276.0,863.0,276.0,863.0,7.038783541388542,medium,-0.0717315020068181,Wander Franco,L,0.5390225254557699,-0.4250797038259753,0.5334745630519243,-0.9436934133857163,-0.5449174186070875,8.316636,6.2858524
677587,1662,342,0.5467836257309941,L,0.3101604278074866,0.6898395721925134,0.4034090909090909,0.6987951807228916,85.84181818181818,97.36,1.4363636363636365,66.44842767295597,0.4727272727272727,0.262906976744186,33.0,53.0,33.0,53.0,4.465908118654584,low,0.1055666094911378,Brayan Rocchio,L,0.3653264644405228,-0.4522704820380784,0.15872025734289585,0.2573220321504315,-0.195039889352514,-15.104827,6.8491197
677588,1663,158,0.4240506329113924,L,0.2686567164179104,0.7313432835820896,0.1805555555555555,0.627906976744186,88.5,99.13,13.27777777777778,68.37936507936507,0.2222222222222222,0.2644411764705882,12.0,22.0,12.0,22.0,3.5553480614894135,low,0.1156893939393939,José Tena,L,0.48713348708127063,0.4115565334734528,0.057130061620948865,0.3173065267737206,-0.40754774449015235,-12.506709,-12.171979
677592,1664,388,0.5257731958762887,R,0.4019607843137255,0.5980392156862745,0.265625,0.7806122448979592,91.86603773584903,104.88,10.037735849056604,71.03469387755102,0.4150943396226415,0.2021941747572815,23.0,80.0,23.0,80.0,4.6443908991413725,low,-0.0139086956521738,Everson Pereira,R,-0.7893335619601024,0.661384656144124,0.17030222645075982,0.6069387764272096,0.10205409292502256,-1.7969501,-25.276056
677594,1665,4593,0.5220988460701067,R,0.2781484570475396,0.7218515429524603,0.3566206336311942,0.7132801501642422,92.3749703440095,108.8,9.205917159763311,75.19536541889482,0.4304399524375743,0.3557333860759493,300.0,964.0,300.0,964.0,7.142827401161621,medium,0.0030462932226832,Julio Rodríguez,R,-0.8986295151676101,0.09737437982121959,1.4365649503037994,-0.44348112370768583,-0.12679810925075174,12.083954,17.174694
677595,1666,401,0.5486284289276808,L,0.3045454545454545,0.6954545454545454,0.4242424242424242,0.7176470588235294,90.7,106.32,7.6,73.86650246305419,0.5,0.2836388888888889,48.0,60.0,48.0,60.0,4.6913478822291435,low,0.1243374999999999,Ronny Mauricio,L,-0.9658184837755672,-1.1431626706121536,0.16407354193181134,-0.37259964186567085,0.49695265384670667,0.40791702,18.692127
677649,1667,2424,0.5429042904290429,R,0.263677811550152,0.736322188449848,0.3780584056827151,0.7234226447709594,88.60596330275229,105.9,12.41324200913242,71.38343195266272,0.3817330210772833,0.3140167427701674,183.0,474.0,183.0,474.0,6.489204931325317,medium,0.0374387148094348,Ezequiel Duran,R,-0.20513307900383512,0.03403464803212184,1.198084635129065,-0.49024451376930667,0.21664004812641216,14.358698,14.184863
677800,1668,358,0.4441340782122905,L,0.3081761006289308,0.6918238993710691,0.2528089887640449,0.6333333333333333,90.99803921568626,105.9,11.745098039215684,72.60955414012739,0.4038461538461538,0.3748705882352941,10.0,75.0,10.0,75.0,4.454347296253507,low,0.2247066666666666,Wilyer Abreu,L,0.5409544646894007,0.8234876477363381,0.5733879123765271,-0.04431282378775921,-0.19558515057173761,10.548381,-9.8931055
677941,1669,138,0.6159420289855072,R,0.3058823529411765,0.6941176470588235,0.3793103448275862,0.7875,91.8375,101.43,6.166666666666667,66.16265060240964,0.4583333333333333,0.110375,11.0,29.0,11.0,29.0,3.713572066704308,low,-0.1522413793103448,Jordyn Adams,R,-0.034779171191686935,0.1901669637602242,0.38525494426412227,0.2892549310810783,-0.007242117059254656,6.236242,-3.3794997
677950,1670,2959,0.4900304156809733,L,0.236551724137931,0.763448275862069,0.3358885017421603,0.6351706036745407,88.07058823529412,104.2,2.377295492487479,67.59761273209548,0.4628378378378378,0.2750197530864197,176.0,634.0,176.0,634.0,6.698268054115413,medium,0.094734782764554,Alek Thomas,L,-0.3590645977238807,-0.6764361439457289,0.3972412722854501,-0.3490195561590919,-0.4339839036289934,9.41915,13.90847
677951,1671,5024,0.5107484076433121,R,0.2194076383476227,0.7805923616523772,0.3261205564142195,0.7068965517241379,90.23710499490316,106.7,16.115188583078492,73.8048695652174,0.3757700205338809,0.3279757942511346,294.0,1028.0,294.0,1028.0,7.187657164114956,medium,0.007707714603351,Bobby Witt,R,-0.5935912130404611,-0.33046071467847193,0.27519601554077033,-1.1359451132089315,-0.2750435022390332,8.0656595,15.40223
677954,1672,263,0.4448669201520912,R,0.1623931623931623,0.8376068376068376,0.2595419847328244,0.6287878787878788,87.08125,101.91,5.041666666666667,,0.3125,0.2782769230769231,11.0,54.0,11.0,54.0,4.189654742026425,low,0.0306346801346801,Jordan Groshans,R,-0.35397229555591353,-0.21037690490307093,-0.5306957125001935,-0.24773556336686392,-0.9390803730744771,1.0833677,9.223043
678009,1673,588,0.4251700680272108,L,0.2239999999999999,0.776,0.2292358803986711,0.6306620209059234,89.44827586206897,104.2,18.42528735632184,68.45795918367347,0.4534883720930232,0.3081527777777778,29.0,115.0,29.0,115.0,4.976733742420574,low,-0.0387988005997001,Parker Meadows,L,-0.2589559526458556,0.04134028480812237,-0.7965667987307189,-0.3583490175274875,-0.13587255123040767,-8.253076,-5.746423
678225,1674,1579,0.4642178594046865,L,0.2278308321964529,0.772169167803547,0.2688039457459926,0.6705729166666666,87.66377952755904,102.87,1.68503937007874,65.78448275862068,0.3450980392156862,0.2808567901234567,119.0,286.0,119.0,286.0,6.0063531596017325,medium,0.0323552330022918,Ji Hwan Bae,L,0.8505618079153653,0.385820989461289,1.2453104336931897,-0.2541593030835791,-0.8997480734792166,19.393692,-2.0489984
678246,1675,1401,0.4525339043540328,R,0.2018927444794952,0.7981072555205048,0.2178932178932179,0.6822033898305084,87.12672413793103,102.13,18.04310344827586,,0.3859649122807017,0.2815584045584045,116.0,235.0,116.0,235.0,5.863631175598097,medium,-0.0060359501100513,Miguel Vargas,R,0.4438766269955863,0.888589715153861,-0.2409018438710428,-0.49279956150667864,-0.28903708435404685,6.901254,-5.670327
678545,1676,341,0.5601173020527859,R,0.2356020942408376,0.7643979057591623,0.3496932515337423,0.7528089887640449,88.24754098360657,101.8,-2.4754098360655736,69.37407407407407,0.3666666666666666,0.2617553191489362,31.0,63.0,31.0,63.0,4.553876891600541,low,0.1035099846390169,Osleivis Basabe,R,-0.19554437865133711,-1.0013138050323294,0.6596369205559757,-0.44560504183376365,-0.32665908504895064,9.325393,13.851171
678554,1677,340,0.488235294117647,R,0.2289156626506023,0.7710843373493976,0.3220338983050847,0.6687116564417178,83.8688524590164,100.3,13.36065573770492,69.328025477707,0.360655737704918,0.3017065217391304,35.0,57.0,35.0,57.0,4.532599493153256,low,0.0822360902255638,Curtis Mead,R,0.24839407451305248,-0.07997340336902217,0.03981511329619882,-0.336868813835697,-0.20415337447392604,6.4920187,5.9618053
678662,1678,2403,0.5942571785268415,R,0.2962184873949579,0.7037815126050421,0.4186046511627907,0.7978436657681941,88.09132420091325,104.03,12.28538812785388,70.59059011164275,0.363013698630137,0.2965308641975308,188.0,460.0,188.0,460.0,6.47543271670409,medium,0.018786586493987,Ezequiel Tovar,R,0.7894181432266197,0.41233168931287606,1.378874801596462,-0.23397387943642334,0.35650903337390033,21.980135,-14.299653
678882,1679,349,0.5616045845272206,R,0.2806122448979592,0.7193877551020408,0.3901098901098901,0.7485029940119761,85.48727272727272,102.44,8.090909090909092,67.84322916666666,0.3090909090909091,0.2873932584269663,27.0,62.0,27.0,62.0,4.499809670330265,low,-0.0236385902031063,Ceddanne Rafaela,R,0.161931431298207,0.12191028158169415,0.6816130974882919,-0.2662594726704626,-0.08616868484258235,16.26461,-2.8797946
678894,1680,820,0.5134146341463415,R,0.2755344418052257,0.7244655581947743,0.2871536523929471,0.7257683215130024,89.45307692307692,105.41,4.0534351145038165,71.5187341772152,0.4615384615384615,0.2857348837209302,72.0,143.0,72.0,143.0,5.375278407684165,low,0.0912766122766122,Liover Peguero,R,-1.3431036157779928,-0.6227529954695086,-0.4873666397916907,0.23511292955642543,-0.30326823072840153,1.1238884,23.441
679032,1681,532,0.5319548872180451,R,0.2650176678445229,0.734982332155477,0.3923076923076923,0.6654411764705882,86.48787878787878,102.16,7.07,68.34097744360902,0.35,0.3353291139240506,62.0,96.0,62.0,96.0,5.0689042022202315,low,0.0121471774193548,Johan Rojas,R,-0.04278215200041623,-0.886550367080433,0.1692130644468232,-0.26853498727280695,0.3173907068901463,4.8806915,20.001457
679529,1682,4395,0.4609783845278726,R,0.2245804540967423,0.7754195459032577,0.2398148148148148,0.6747203579418345,91.2724928366762,105.83,16.312320916905446,73.84268502581756,0.4761215629522431,0.3057810487580497,267.0,820.0,267.0,820.0,6.992096427415888,medium,0.021445386863981,Spencer Torkelson,R,-0.6383715331776035,0.7791859357411098,-0.8227466091916061,-0.9959869856638917,-0.2576368056354481,-4.331708,-16.306498
679631,1683,591,0.5042301184433164,L,0.2315436241610738,0.7684563758389261,0.2691029900332226,0.7482758620689656,87.26981132075473,100.3,10.273584905660377,,0.3867924528301887,0.2887579617834395,13.0,144.0,13.0,144.0,5.062595033026967,low,-0.0230758547008547,Terrin Vavra,L,0.6207894073080795,0.5766489276740355,0.19758888402291502,0.004960198389013769,-0.4498610228021649,9.123122,-9.152383
679845,1684,250,0.468,R,0.188034188034188,0.811965811965812,0.2301587301587301,0.7096774193548387,86.31568627450982,100.2,10.764705882352942,68.57304347826087,0.4705882352941176,0.3479558823529411,24.0,44.0,24.0,44.0,4.23410650459726,low,0.1680719696969697,Nick Loftin,R,-0.18437625229457316,-0.25032383349614856,-0.7160964199540069,-0.09871281719368023,-0.4991737126871941,1.5617776,9.1973
679881,1685,165,0.4787878787878787,L,0.2784810126582279,0.7215189873417721,0.2702702702702703,0.6483516483516484,85.87200000000001,101.68,20.96,70.15373134328358,0.44,0.2459318181818181,6.0,38.0,6.0,38.0,3.80666248977032,low,0.114359649122807,J. P. Martínez,L,0.5734574207355424,0.6130037444039094,0.3539901964516768,-0.06319410421603233,0.5188576320132401,16.039682,-13.799644
680118,1686,523,0.491395793499044,R,0.2723735408560311,0.7276264591439688,0.2921348314606741,0.69921875,86.60454545454546,104.26,8.420454545454545,72.77445255474453,0.4482758620689655,0.3291608391608391,45.0,98.0,45.0,98.0,4.969813299576001,low,0.0516149659863945,Dairon Blanco,R,-0.15430113326199735,0.506428289429758,0.45343360722084675,-0.015903812505880754,0.1217393750796065,6.142233,-13.427362
680418,1687,38,0.631578947368421,R,0.3333333333333333,0.6666666666666666,0.4,0.782608695652174,85.02000000000001,89.54,29.2,67.99545454545455,0.2,0.1261428571428571,2.0,5.0,2.0,5.0,2.0794415416798357,low,-0.1766,Tyler Cropley,R,0.34287703540821735,0.3105629891270769,0.23481640356900096,0.05444429780939268,-0.0031082763773022802,11.340864,-7.3024044
680552,1688,38,0.5,L,0.368421052631579,0.631578947368421,0.2222222222222222,0.75,92.06,101.24,11.6,,0.2,0.0982222222222222,6.0,3.0,6.0,3.0,2.302585092994046,low,-0.1473333333333333,Travis Swaggerty,L,-0.23173201665034268,0.18662500673746013,0.02409450694966017,0.13948176037889826,-0.14006408614788354,-3.383329,-6.918308
680574,1689,1667,0.418116376724655,R,0.2539454806312768,0.7460545193687231,0.2539682539682539,0.5766509433962265,89.3157894736842,104.04,13.79352226720648,68.84368231046932,0.3442622950819672,0.3703200992555831,101.0,302.0,101.0,302.0,6.0014148779611505,low,0.0660040325224576,Matt Mclain,R,0.4030100296003573,0.8126844519947737,-0.1871780566581777,-0.24583120389807142,-0.7542919943171071,15.817124,-21.899166
680700,1690,914,0.4660831509846827,L,0.1502347417840375,0.8497652582159625,0.2420814479638009,0.6758474576271186,86.45517241379311,100.47,10.080459770114942,65.39408284023669,0.5086705202312138,0.2980448430493273,25.0,198.0,25.0,198.0,5.41164605185504,low,-0.2091189898989898,Richie Palacios,L,0.6698669716479826,0.35231367545523173,-0.39217586668301296,-0.5905509695796551,-0.4732083935215013,6.1045117,-7.4665084
680716,1691,31,0.3870967741935484,R,0.3333333333333333,0.6666666666666666,0.2857142857142857,0.4705882352941176,90.06666666666666,97.12,24.333333333333332,71.50833333333334,0.0,0.201125,5.0,3.0,5.0,3.0,2.1972245773362196,low,-0.5363333333333333,Jonathan Ornelas,R,-0.14020158500785104,-0.25956733771370466,-0.18007336135126684,0.0965805032274713,-0.0037634049635630325,-4.0467534,-2.7484632
680757,1692,5447,0.3936111621075822,L,0.0904850746268657,0.9095149253731344,0.2043544690603514,0.568752209261223,85.52264150943397,98.0,11.181903864278985,62.48852459016394,0.34720908230842,0.3264388435878428,362.0,987.0,362.0,987.0,7.2078598714324755,medium,0.045325580614284,Steven Kwan,L,1.5575219802759135,-1.0042299932355772,-1.1583452962286176,-0.4334946989526541,-1.0883969387899124,-18.665499,-6.0476584
680776,1693,2685,0.5072625698324023,L,0.2415565345080763,0.7584434654919237,0.3098901098901099,0.7113636363636363,89.73356009070295,105.4,9.428571428571429,72.44056603773585,0.3772727272727272,0.3141597122302158,119.0,576.0,119.0,576.0,6.54534966033442,medium,0.0800816118113911,Jarren Duran,L,-0.46826148840138243,0.08888545005767527,0.878238425371578,-0.17318712374970985,-0.6800783117793943,-7.18931,0.91914344
680777,1694,3668,0.4563794983642312,R,0.2700119474313023,0.7299880525686977,0.2797494780793319,0.6495433789954338,89.59240986717268,105.8,15.821631878557875,71.45987460815047,0.4429657794676806,0.3213152173913043,284.0,636.0,284.0,636.0,6.825460036255307,medium,0.0585160333067588,Ryan Jeffers,R,-0.7699962975799297,0.3529436561931548,-0.0016322717993747285,-0.4488496101176128,0.15335262340100778,15.669581,11.890608
680779,1695,1031,0.4451988360814743,R,0.2570806100217865,0.7429193899782135,0.2923351158645276,0.6276595744680851,88.59490445859872,105.34,12.477707006369426,71.01821305841924,0.5192307692307693,0.2875612648221344,83.0,170.0,83.0,170.0,5.537334267018537,low,-0.0078640680368533,Henry Davis,R,-0.06404976138064258,0.5653332866336707,-0.3084566530406998,-0.29229087364329287,0.696025793180477,1.7402288,-15.724565
680814,1696,550,0.5272727272727272,R,0.3551724137931035,0.6448275862068965,0.3006993006993007,0.7727272727272727,90.85352112676055,106.4,17.87323943661972,,0.391304347826087,0.2875035971223021,45.0,94.0,45.0,94.0,4.941642422609304,low,0.0522593380614657,Peyton Burdick,R,-0.26405501710423424,1.158271739756936,0.6725983982090287,0.42302444712602255,0.06451698752841724,11.794054,-22.974052
680869,1697,1153,0.5030355594102341,R,0.3224137931034483,0.6775862068965517,0.2862129144851658,0.7172413793103448,89.75265957446808,103.82,11.78191489361702,70.20017985611511,0.4627659574468085,0.3570367892976588,79.0,220.0,79.0,220.0,5.703782474656201,low,-0.1874325086306099,Zack Gelof,R,-0.460253961777607,0.5068919306190065,0.07124714347129782,-0.41085420468712863,-0.13701873345547091,20.458502,4.888517
680911,1698,3760,0.4827127659574468,R,0.1801652892561983,0.8198347107438017,0.3370136698212408,0.6318622174381054,86.03148936170213,102.2,10.259574468085106,67.957,0.3783783783783784,0.2790902636916835,337.0,649.0,337.0,649.0,6.894670039433482,medium,-0.0120477749379323,Owen Miller,R,0.3102764811715081,-0.6898138794865399,-0.19628044271035539,-0.730685512084879,-0.25882177226883396,5.927755,6.3848867
680963,1699,6,0.3333333333333333,R,0.0,1.0,0.25,0.5,86.9,86.9,40.0,,0.0,0.0,0.0,1.0,0.0,1.0,0.6931471805599453,low,,Cody Wilson,R,0.04205446246156014,-0.006628776697531869,-0.05016500512165394,-0.024557535928726525,-0.06635363279147194,1.9500506,0.103876114
680977,1700,3372,0.3976868327402135,L,0.1379567486950037,0.8620432513049963,0.2160278745644599,0.5872727272727273,88.42993197278912,102.23,8.134353741496598,67.52333333333334,0.423469387755102,0.3470035971223021,139.0,695.0,139.0,695.0,6.727431724850855,medium,0.0397251798561151,Brendan Donovan,L,0.5435977483212554,-0.28415691374054663,-0.46660725403791775,-0.6286493135847235,-1.3329513592335185,1.2598116,-7.025075
681082,1701,4504,0.4464920071047957,L,0.1422178020885132,0.8577821979114868,0.2859778597785978,0.5954623287671232,88.09682926829268,101.31,11.267965895249697,66.67388535031847,0.3941248470012239,0.3086872166817769,277.0,826.0,277.0,826.0,7.00669522683704,medium,-0.0223183975664548,Bryson Stott,L,0.8632203330506788,-0.7651449297730081,0.10273296780072652,-0.6781895825946033,-0.2718715283245871,-18.905495,-8.548739
681146,1702,1254,0.354066985645933,R,0.1621621621621621,0.8378378378378378,0.2249190938511326,0.4795597484276729,87.62110552763818,100.16,8.974874371859297,67.56176470588235,0.4898989898989899,0.2499209621993127,105.0,186.0,105.0,186.0,5.676753802268282,low,-0.0629486943164362,Jonah Bride,R,0.38954677077977595,-0.6666266918193703,-1.4986825776010686,-0.0935397761914422,-0.11483595315819302,-16.79671,-9.932633
681297,1703,364,0.4038461538461538,L,0.2448979591836735,0.7551020408163265,0.2094240837696335,0.6184971098265896,87.41499999999999,103.8,4.725,69.78073394495414,0.4358974358974359,0.226012987012987,9.0,68.0,9.0,68.0,4.356708826689592,low,-0.0340816993464052,Colton Cowser,L,-0.39905856806028706,-0.011251693871342783,-0.0902019243757907,-0.10809700730993821,-0.35740194151607046,1.0796354,-5.817164
681351,1704,821,0.5140073081607796,R,0.3104265402843602,0.6895734597156398,0.3341232227488152,0.7042606516290727,90.03150684931506,104.8,19.993150684931507,67.88449612403102,0.5555555555555556,0.3345999999999999,51.0,164.0,51.0,164.0,5.375278407684165,low,0.0736305595408894,Logan O'Hoppe,R,-0.5176408733844203,0.1331266723606931,-0.7313176106710985,-0.16077104148892157,0.49101171199575494,-2.1274848,-11.020239
681481,1705,2172,0.5253222836095764,L,0.2427695004382121,0.7572304995617879,0.3363553943789664,0.7202993451824135,89.53790322580645,103.9,13.344086021505376,68.71455805892548,0.5216216216216216,0.3461862917398945,102.0,467.0,102.0,467.0,6.345636360828596,low,0.0660930847713818,Kerry Carpenter,L,-0.3819521875320487,-0.09034164714455789,-0.013436848423518086,-0.7995950565414014,0.03568065965581272,3.1413367,11.711596
681526,1706,57,0.3157894736842105,R,0.2777777777777778,0.7222222222222222,0.1333333333333333,0.5185185185185185,87.5875,99.14,6.375,,0.25,0.1967333333333333,2.0,13.0,2.0,13.0,2.772588722239781,low,-0.2269999999999999,Bryan Lavastida,R,0.0788069723039243,0.15606404504353832,-0.22787493378343054,0.4318363470533429,-0.5563625911453193,-10.681936,-5.6712193
681546,1707,2401,0.461057892544773,L,0.3387533875338753,0.6612466124661247,0.2536,0.6863596872284969,88.08899676375404,105.0,15.750809061488674,71.5813627254509,0.538961038961039,0.3509707903780068,156.0,426.0,156.0,426.0,6.368187186350492,medium,0.0606595341278439,James Outman,L,-0.5822485220764458,1.2937938493995254,0.015380867980259961,0.4190332587043721,-0.3499688032314957,1.2885456,-26.972763
681584,1708,1268,0.4361198738170347,R,0.3598553345388788,0.6401446654611211,0.2292993630573248,0.6390625,87.16101694915254,102.22,18.333333333333332,68.45925925925926,0.3977272727272727,0.3004423676012461,135.0,186.0,135.0,186.0,5.7745515455444085,medium,0.0177857825567503,David Villar,R,-0.11551063319064213,1.0994871654892615,-0.8385023710327588,0.6989344977745239,0.057709709764710425,4.2668786,-21.082418
681807,1709,425,0.5647058823529412,R,0.2541666666666666,0.7458333333333333,0.3857142857142857,0.7395348837209302,89.48,101.91,16.2,69.32954545454545,0.5072463768115942,0.3213628318584071,51.0,62.0,51.0,62.0,4.736198448394496,low,0.0120253004427577,David Fry,R,0.37810703598895223,0.29215490145960743,0.2093684177320758,-0.25567802540463885,1.1044307228619037,21.135094,-8.6637125
681962,1710,111,0.3243243243243243,R,0.2222222222222222,0.7777777777777778,0.1636363636363636,0.4821428571428571,80.86470588235295,98.08,6.411764705882353,66.944,0.5882352941176471,0.2468148148148148,16.0,11.0,16.0,11.0,3.332204510175204,low,0.0388068181818181,Vinny Capra,R,0.4130216607498429,-0.018195319916226905,-0.6548085371064774,0.22376373451120068,0.028623863712514033,-15.650582,-10.528771
681987,1711,675,0.4844444444444444,R,0.2538226299694189,0.746177370030581,0.2828571428571428,0.7015384615384616,85.32962962962964,100.25,12.703703703703704,,0.3394495412844037,0.2462090395480226,51.0,126.0,51.0,126.0,5.181783550292085,low,0.0529495798319328,Nate Eaton,R,0.6226483641135946,0.24766799581521742,0.36361648277515546,0.13604782451074715,-0.33200645143773044,12.709253,-1.8018476
682073,1712,545,0.3853211009174312,R,0.2666666666666667,0.7333333333333333,0.1760299625468165,0.5863309352517986,90.62916666666666,104.25,1.5138888888888888,68.5875,0.3943661971830985,0.2516875,50.0,78.0,50.0,78.0,4.859812404361672,low,0.0909989743589743,David Hensley,R,-0.07880065844779251,0.6646255653738831,0.2896397530583849,0.3238841840675515,-1.2818880704536177,-11.306653,-4.417375
682515,1713,143,0.4615384615384615,R,0.303030303030303,0.696969696969697,0.2702702702702703,0.6666666666666666,88.485,101.08,20.8,69.81269841269841,0.4,0.2969189189189189,9.0,28.0,9.0,28.0,3.6375861597263857,low,-0.0053253968253967,Logan Porter,R,-0.22585596952884698,0.41044545379776,-0.21741253150739673,0.20817381156412235,0.0839212127025226,-1.2023966,-17.387316
682617,1714,184,0.3967391304347826,R,0.410958904109589,0.589041095890411,0.22,0.6071428571428571,93.02727272727272,107.5,-5.136363636363637,71.39242424242424,0.3636363636363636,0.2934666666666666,16.0,29.0,16.0,29.0,3.828641396489095,low,0.3128211206896551,Marco Luciano,R,-0.7156532066829168,0.04533293579822707,0.32362597160522166,0.6196881460976577,-1.0926845237914538,-11.175034,0.21328785
682622,1715,444,0.4707207207207207,R,0.2296650717703349,0.7703349282296651,0.2857142857142857,0.6475770925110133,91.30337078651684,107.82,1.9438202247191012,72.89356435643565,0.3595505617977528,0.3574959349593496,35.0,88.0,35.0,88.0,4.820281565605037,low,-0.0636707792207792,Noelvi Marte,R,-0.5644657523658643,-0.07457541228031218,0.17019484675586552,0.03594968628512044,-0.43214352414994894,-7.55625,2.7490475
682626,1716,1676,0.4510739856801909,R,0.294973544973545,0.705026455026455,0.2641083521444695,0.660759493670886,90.0921146953405,107.16,12.415770609318995,72.59815950920246,0.4416058394160584,0.3105903890160183,152.0,285.0,152.0,285.0,6.082218910376446,medium,-0.0711763157894737,Francisco Álvarez,R,-0.9060879392373131,0.6812969501320298,0.08287678151456726,-0.3811135849990584,-0.11951178413937415,21.125225,6.068595
682641,1717,896,0.4620535714285714,R,0.1521739130434782,0.8478260869565217,0.2521186440677966,0.6957547169811321,87.13453608247421,103.18,6.293814432989691,70.57509293680297,0.4507772020725388,0.2950199203187251,98.0,153.0,98.0,153.0,5.529429087511423,low,0.1194743897559023,Luis Matos,R,-0.29875541585831084,-0.46968399786284176,-0.5849627553259212,-0.25168596730718323,-0.5474952640656484,1.4012238,11.766707
682829,1718,1747,0.4522037779049799,L,0.2734177215189873,0.7265822784810126,0.3288100208768267,0.6020278833967047,91.17396694214877,109.19,3.636363636363636,75.26969111969112,0.4958677685950413,0.3046501182033096,121.0,302.0,121.0,302.0,6.049733455231958,medium,0.1164825953697115,Elly De La Cruz,L,-1.1537548025858566,-0.6220795185792846,0.7159168078741438,0.04764502719982477,-0.2204040068084287,12.276853,13.764939
682848,1719,774,0.4612403100775193,L,0.1988795518207282,0.8011204481792717,0.2617283950617284,0.6802168021680217,89.11824817518249,100.84,16.525547445255473,68.24884393063583,0.5147058823529411,0.2710637254901961,58.0,146.0,58.0,146.0,5.3230099791384085,low,0.124734293811998,Endy Rodríguez,L,0.6193933834658344,0.5609855227819857,-0.12073910310032454,-0.1932174056370982,0.2204162691653145,23.172266,-11.427357
682928,1720,3186,0.5414312617702448,L,0.2040579710144927,0.7959420289855073,0.3640350877192982,0.7194968553459119,87.09910714285714,103.5,11.089020771513352,70.02073394495413,0.4414414414414414,0.2934136413641364,259.0,650.0,259.0,650.0,6.813444599510896,medium,0.115592474012474,Cj Abrams,L,-0.5062580069102464,-0.6065684171600133,0.08840031799743049,-0.37363556861384073,0.25406976930426145,-4.608514,18.990837
682985,1721,3437,0.4608670352051207,L,0.2392676767676768,0.7607323232323232,0.2709859154929577,0.6636582430806257,90.53673076923076,107.61,4.655172413793103,74.34384384384384,0.4615384615384615,0.3235071942446043,212.0,622.0,212.0,622.0,6.727431724850855,medium,0.0056386276770005,Riley Greene,L,-0.8673191049009369,-0.3336399242155385,0.5893601758698154,-0.29393158486935744,-0.8348756902526737,10.572925,12.158244
682998,1722,2865,0.4523560209424084,L,0.2083333333333333,0.7916666666666666,0.2760695187165775,0.6449963476990505,89.3887573964497,105.9,10.673870333988212,71.73987341772151,0.4742063492063492,0.3684077025232404,198.0,555.0,198.0,555.0,6.625392368007956,medium,0.0815268632268632,Corbin Carroll,L,0.22713073305808487,0.5970293231601606,0.6793842729848634,-1.0692448714524436,-0.5568500353026817,22.443296,0.14341912
683002,1723,2941,0.4576674600476028,L,0.2459138187221397,0.7540861812778603,0.2496607869742198,0.6666666666666666,92.05413223140496,106.9,9.793388429752063,74.14492254733219,0.45625,0.3453736702127659,193.0,559.0,193.0,559.0,6.6240652277998935,medium,0.1052795702911379,Gunnar Henderson,L,-1.1468009728818036,0.33889800797145847,0.4209582365839665,-0.42029155321876566,-0.6308037244904651,11.537491,15.1829815
683011,1724,2323,0.4765389582436504,R,0.2673893405600722,0.7326106594399278,0.2849785407725322,0.6692573402417962,88.74462365591398,103.1,14.174731182795698,69.15894736842105,0.4756756756756757,0.290315,133.0,467.0,133.0,467.0,6.398594934535208,medium,0.0772433707394825,Anthony Volpe,R,0.5965183739995783,1.0553631099531786,0.09849400037530165,-0.2911674311835578,0.04074239988675642,10.707083,-16.717644
683021,1725,500,0.4,R,0.12,0.88,0.1742738589211618,0.61003861003861,86.43529411764706,97.78,6.176470588235294,63.2320987654321,0.3069306930693069,0.2866402877697842,52.0,87.0,52.0,87.0,4.941642422609304,low,-0.2258072502210433,Michael Stefanic,R,0.8749068950344708,-0.5352234880563377,-0.10309889859920045,-0.08234245268965253,-0.8276374669773534,-18.894527,-4.0920296
683146,1726,1654,0.4631197097944377,L,0.283289817232376,0.716710182767624,0.2773722627737226,0.6466346153846154,89.69420289855071,107.35,6.942028985507246,74.00072727272727,0.4505494505494505,0.2651267605633803,104.0,322.0,104.0,322.0,6.056784013228625,low,0.0871537267080745,Brett Baty,L,-0.39456389580243845,-0.0034985190941376598,0.4946458004656533,-0.287693655878733,-0.6606274009923115,-9.243797,2.5541608
683734,1727,6167,0.4668396302902546,R,0.2115317818687043,0.7884682181312956,0.3121676571786049,0.6333333333333333,90.77698275862068,105.4,9.49051724137931,68.73738738738739,0.3816131830008673,0.318947528981086,406.0,1233.0,406.0,1233.0,7.402451520818244,medium,0.0214298738708504,Andrew Vaughn,R,-0.06870148416125695,-0.4327000529820331,0.0023175319962133777,-1.0987802887115115,-0.29562766096572335,9.199697,10.741791
683737,1728,346,0.476878612716763,L,0.2848484848484848,0.7151515151515152,0.2916666666666667,0.7077922077922078,89.16363636363636,104.88,5.045454545454546,68.40833333333333,0.4090909090909091,0.2406049382716049,15.0,66.0,15.0,66.0,4.406719247264253,low,0.0490151515151515,Michael Busch,L,-0.2623436385192878,0.34511703346885547,0.2513537607323832,-0.26236708024052824,-0.17041726571452617,7.659506,-3.1548517
685133,1729,269,0.3531598513011152,L,0.3578947368421052,0.6421052631578947,0.1897810218978102,0.5227272727272727,81.41333333333334,97.9,7.833333333333333,63.96629213483146,0.4333333333333333,0.2729375,9.0,55.0,9.0,55.0,4.174387269895637,low,-0.1187636363636363,Wade Meckler,L,-0.07727236257172149,0.053395968920163385,-0.9222452165740929,1.0437227172530399,-0.18919558040504472,-10.515854,-8.341522
686217,1730,873,0.427262313860252,L,0.131367292225201,0.868632707774799,0.2888402625820569,0.5793269230769231,83.42467532467532,100.0,7.707792207792208,65.39116022099446,0.4105960264900662,0.30947533632287,43.0,180.0,43.0,180.0,5.41164605185504,low,0.062360465116279,Sal Frelick,L,1.110411181608491,-0.19297210576143878,-0.017447955131246955,-0.09379075057125354,-0.13764921950494538,-19.675924,-3.0473106
686452,1731,133,0.4812030075187969,L,0.1875,0.8125,0.21875,0.7246376811594203,84.49565217391304,102.04,2.0869565217391304,68.45614035087719,0.5217391304347826,0.3653437499999999,10.0,22.0,10.0,22.0,3.49650756146648,low,0.3017363636363636,Drew Millas,L,0.04476014958133978,0.0027871692745984494,-0.022718251692725497,0.2673369175252837,-0.42340095671350064,-4.691645,0.618087
686469,1732,2048,0.46142578125,L,0.1523809523809524,0.8476190476190476,0.2943327239488117,0.6530398322851153,90.2855791962175,105.3,14.63443396226415,,0.471563981042654,0.3473592057761732,137.0,417.0,137.0,417.0,6.318968113746434,medium,0.001534229550666,Vinnie Pasquantino,L,-0.9032836168277524,-0.9936114418061582,-0.8712379981003013,-0.9685462316547767,-0.5577588955380324,4.8564796,17.356146
686490,1733,24,0.5416666666666666,R,0.2307692307692307,0.7692307692307693,0.4166666666666667,0.6666666666666666,84.375,96.02,-13.25,64.28181818181818,0.0,0.1471666666666666,4.0,2.0,4.0,2.0,1.9459101490553132,low,0.22075,Cam Eden,R,-0.03132500269050028,-0.21151222281395637,0.0003422597865165353,0.05204679902988039,-0.0767352206438133,1.9509845,5.1018167
686527,1734,604,0.543046357615894,L,0.2439024390243902,0.7560975609756098,0.4177631578947368,0.67,89.56642857142856,105.02,16.32857142857143,69.25681818181818,0.5588235294117647,0.2816868131868132,27.0,155.0,27.0,155.0,5.209486152841421,low,0.0008499402628434,Dominic Canzone,L,0.03469421027980568,-0.6415893382882036,0.13610275308644823,-0.47387403374177356,1.029093530599072,-7.668002,13.654647
686531,1735,163,0.4785276073619632,R,0.2307692307692307,0.7692307692307693,0.2584269662921348,0.7432432432432432,87.31481481481481,98.42,16.59259259259259,64.4,0.2592592592592592,0.3263157894736842,11.0,27.0,11.0,27.0,3.6635616461296463,low,0.1707474747474747,Andre Lipcius,R,0.2510343676125381,0.18409735697211982,-0.6655092194456421,-0.22601994534352673,0.23772817486218772,-6.4720073,-13.686705
686668,1736,1568,0.5191326530612245,R,0.3415233415233415,0.6584766584766585,0.3142857142857143,0.7352555701179554,88.11218487394959,103.7,11.634453781512605,69.84633569739952,0.4261603375527426,0.2573714953271028,131.0,297.0,131.0,297.0,6.061456918928017,medium,-0.0111949263628652,Brenton Doyle,R,-0.6935485713544187,0.3028693210508246,0.3496354261009207,0.34196565186252215,0.044167610539578295,-5.1495786,-3.6380682
686676,1737,375,0.5573333333333333,R,0.2870813397129187,0.7129186602870813,0.3279569892473118,0.783068783068783,85.03333333333333,99.99,9.966666666666669,69.15838926174497,0.35,0.1495416666666666,34.0,62.0,34.0,62.0,4.574710978503383,low,-0.1021669829222011,Korey Lee,R,-0.24487172843910143,-0.03577860235450175,0.48514855629315085,0.1869152052380769,0.11711008209050713,17.206827,9.7716
686681,1738,2530,0.5237154150197628,L,0.2249056603773584,0.7750943396226415,0.3284046692607004,0.7253012048192771,88.77610619469027,104.08,18.836283185840703,69.51206543967281,0.5794183445190156,0.2884846625766871,127.0,525.0,127.0,525.0,6.481577129276431,medium,0.0244523434570679,Michael Massey,L,0.018381544467362256,-0.026501062176897308,-0.10733965400341539,-0.8326000808173643,0.8466814231890002,21.201433,-8.600339
686759,1739,174,0.4482758620689655,R,0.3333333333333333,0.6666666666666666,0.2903225806451613,0.6296296296296297,88.71249999999999,102.72,-1.3333333333333333,69.79666666666667,0.375,0.1886136363636363,23.0,21.0,23.0,21.0,3.80666248977032,low,0.0561055900621118,Tj Hopkins,R,-0.5104925893915017,-0.16442377171072037,-0.1734639243711165,0.6104525513556478,-0.31521600664355237,-13.810408,1.5523459
686823,1740,1755,0.5720797720797721,L,0.1603585657370517,0.8396414342629482,0.3933253873659118,0.7358078602620087,86.08155339805825,101.26,8.983009708737864,66.69518987341772,0.4126213592233009,0.2940422535211268,92.0,405.0,92.0,405.0,6.210600077024653,low,0.0992117552334943,Will Brennan,L,0.6402231336244625,-1.0951916924084943,1.0001430680070664,-0.5600929250185245,-0.2381802589493592,17.886736,15.322324
686894,1741,1581,0.4705882352941176,R,0.3198924731182796,0.6801075268817204,0.2897657213316892,0.6610389610389611,89.18924302788845,104.6,10.358565737051793,69.45645161290322,0.4959677419354839,0.2837634146341463,121.0,289.0,121.0,289.0,6.018593214496234,medium,0.0850346592696388,Joey Wiemer,R,-0.2318657166922642,0.3681665759555252,0.2543422362506917,-0.16926675848201808,0.21850628841543762,18.376047,-19.283636
687093,1742,875,0.5291428571428571,R,0.2138228941684665,0.7861771058315334,0.3468468468468468,0.7169373549883991,85.17202380952381,101.46,7.589285714285714,68.55882352941177,0.4216867469879518,0.3261787234042553,82.0,153.0,82.0,153.0,5.4638318050256105,low,0.003415510919815,Vaughn Grissom,R,0.30529390499917775,-0.1473907655625013,-0.012144914050242124,0.12263140948752503,0.21625605384281057,7.560694,2.604701
687263,1743,1280,0.47578125,R,0.2725779967159277,0.7274220032840722,0.2488114104595879,0.6964560862865947,88.87302325581396,104.36,14.116279069767442,67.14199134199134,0.4439252336448598,0.3023079268292682,67.0,261.0,67.0,261.0,5.796057750765372,low,0.0506502544747526,Zach Neto,R,-0.7265460976771094,0.19143685773792446,-0.7909192514414455,-0.09455266939285983,0.364449269425301,-2.3795228,-17.440634
687401,1744,112,0.5089285714285714,R,0.2280701754385965,0.7719298245614035,0.3555555555555555,0.6119402985074627,88.14166666666667,108.32,0.0416666666666666,,0.2916666666666667,0.1924117647058823,21.0,13.0,21.0,13.0,3.5553480614894135,low,0.1565934065934066,Joey Ortiz,R,-0.08498853339941946,-0.469500051642149,0.5376664384513287,-0.16812598040846224,-0.4787221783498764,9.820543,11.152574
687462,1745,169,0.4792899408284023,L,0.2592592592592593,0.7407407407407407,0.2560975609756097,0.6896551724137931,86.95925925925927,102.16,1.6296296296296295,68.91935483870968,0.5555555555555556,0.322340909090909,6.0,38.0,6.0,38.0,3.80666248977032,low,0.068517543859649,Spencer Horwitz,L,-0.07743835446647529,-0.2832182034592447,-0.2490093883847684,0.052986093505874764,-0.03632132964628569,-2.2402282,15.821459
687799,1746,429,0.5034965034965035,L,0.2870370370370371,0.7129629629629629,0.2809523809523809,0.7168949771689498,86.59454545454545,101.26,20.78181818181818,66.72843601895735,0.4545454545454545,0.32713,26.0,74.0,26.0,74.0,4.61512051684126,low,-0.0637016632016632,Cade Marlowe,L,-0.21223428911063258,0.665670477171876,-0.30017672746783547,0.1460909630512555,0.03224656653770212,0.3718633,-21.470903
687952,1747,933,0.5273311897106109,R,0.2764227642276422,0.7235772357723578,0.3651115618661257,0.7090909090909091,90.26470588235294,105.78,18.647058823529413,72.06071428571428,0.4105960264900662,0.3462821576763485,60.0,181.0,60.0,181.0,5.488937726156687,low,-0.0531693370165745,Christian Encarnacion-Strand,R,-0.5630615578139778,0.21684323555824225,0.5335571839566375,-0.4866065559413657,1.175503095424695,21.89486,-7.6591077
689172,1748,522,0.5095785440613027,L,0.2932330827067669,0.706766917293233,0.3284132841328413,0.7051792828685259,85.26538461538462,100.76,17.205128205128204,67.27377049180328,0.4545454545454545,0.2219538461538461,24.0,106.0,24.0,106.0,4.875197323201151,low,-0.0709842767295597,Brett Wisely,L,0.5331486648680767,0.35036783707668273,0.5283263671743714,0.029762267310328636,0.01464861118963704,13.698246,-11.309027
691016,1749,519,0.4971098265895953,L,0.3178294573643411,0.6821705426356589,0.2981132075471698,0.7047244094488189,89.25903614457832,106.8,5.734939759036145,71.38414634146342,0.4698795180722891,0.215695652173913,20.0,118.0,20.0,118.0,4.9344739331306915,low,-0.0069050847457627,Tyler Soderstrom,L,-1.2399985609700157,-0.33474644954033583,-0.011843451460471244,0.4070681999615539,-0.14036472124207927,-0.9786947,21.196653
691023,1750,1659,0.515370705244123,R,0.2795321637426901,0.7204678362573099,0.3321995464852608,0.7232947232947233,89.41111111111111,107.06,10.123417721518988,73.23441558441559,0.4267515923566879,0.3412967741935483,119.0,346.0,119.0,346.0,6.144185634125646,medium,-0.059814130276388,Jordan Walker,R,-1.6128206962884772,-1.0627412697205616,-0.32941844054724645,-0.1014677706050846,-0.26391017222182495,-0.735383,21.337181
691026,1751,529,0.4272211720226843,R,0.1858407079646017,0.8141592920353983,0.247011952191235,0.5899280575539568,85.96020408163265,100.43,12.806122448979592,67.48940092165898,0.3195876288659793,0.2108666666666666,37.0,98.0,37.0,98.0,4.912654885736052,low,-0.0210008273579702,Masyn Winn,R,0.7417240346809003,-0.09385692174569693,-0.014062366113968997,-0.3766946779334446,-0.6037368929817234,13.35797,-6.261319
691176,1752,120,0.4916666666666666,L,0.288135593220339,0.711864406779661,0.2372881355932203,0.7377049180327869,89.57826086956523,102.68,-0.8260869565217391,74.69152542372882,0.4347826086956521,0.403060606060606,7.0,26.0,7.0,26.0,3.5263605246161616,low,0.3514725274725274,Jasson Domínguez,L,-0.024987333447747184,0.08201981542168466,0.48190496757119616,0.1978350963295286,-0.622866728237407,-6.5102615,0.58301115
691406,1753,134,0.4925373134328358,R,0.2878787878787878,0.7121212121212122,0.3648648648648648,0.65,85.43076923076923,108.3,-0.3846153846153846,75.39830508474576,0.52,0.2760555555555555,12.0,24.0,12.0,24.0,3.610917912644224,low,0.1441666666666667,Junior Caminero,R,-0.6631813272511821,-0.15392414267957738,0.13611328755692648,-0.6245399161066724,-0.19225968114664463,6.6028137,15.684828
691718,1754,70,0.5142857142857142,L,0.4722222222222222,0.5277777777777778,0.1612903225806451,0.7948717948717948,87.41666666666667,102.95,26.0,72.63888888888889,0.1666666666666666,0.1228235294117647,4.0,13.0,4.0,13.0,2.8903717578961645,low,-0.0669230769230769,Pete Crow-Armstrong,L,0.47273341690490006,0.7115338171097275,0.8679811082156262,0.2017996491132622,0.3013133682995127,16.082628,-13.49795
691783,1755,132,0.4545454545454545,R,0.3,0.7,0.2121212121212121,0.696969696969697,77.81052631578947,86.8,14.0,67.14999999999999,0.5263157894736842,0.1661764705882353,12.0,22.0,12.0,22.0,3.5553480614894135,low,0.0361742424242424,Jordan Lawlar,R,-0.16012843701691534,0.35169895773049764,-0.2883029730904744,0.616256272616153,0.030867527092281317,-7.0502076,-18.164036
693049,1756,920,0.5369565217391304,L,0.305668016194332,0.694331983805668,0.395112016293279,0.6993006993006993,88.82514619883041,107.1,7.2105263157894735,74.04750830564784,0.3588235294117647,0.2490807692307692,63.0,197.0,63.0,197.0,5.564520407322694,low,0.0201339940375473,Oscar Colás,L,-0.7211441648284943,-0.6769571972422779,1.1710977255907309,-0.24627054086111502,0.0631329659415463,12.97854,17.368269
693304,1757,497,0.5251509054325956,R,0.3026819923371647,0.6973180076628352,0.2816326530612245,0.7619047619047619,85.51234567901234,99.2,8.728395061728396,67.08394160583941,0.5308641975308642,0.2684094488188976,43.0,84.0,43.0,84.0,4.852030263919617,low,-0.0175664451827242,Nick Gonzales,R,0.36542749164603294,0.8749112363719735,-0.21581348104947157,0.3988456009553401,0.6639929157951331,1.5680337,-21.227736
694384,1758,529,0.4158790170132325,L,0.1545454545454545,0.8454545454545455,0.2029520295202952,0.6395348837209303,85.41123595505618,97.72,6.550561797752809,63.18708133971292,0.4269662921348314,0.3366106870229007,29.0,102.0,29.0,102.0,4.882801922586371,low,0.0358593644354293,Nolan Schanuel,L,-0.10010437906025929,-0.6465415633006418,-1.0507395094375358,0.28703824193858646,-0.434711603121778,1.632476,9.567494
694497,1759,335,0.3432835820895522,L,0.3043478260869565,0.6956521739130435,0.0903614457831325,0.591715976331361,89.02307692307693,104.56,8.897435897435898,69.92407407407407,0.6153846153846154,0.4347027027027026,11.0,63.0,11.0,63.0,4.31748811353631,low,0.4362828282828283,Evan Carter,L,-0.41418721335501407,0.20016096092935803,-0.36919113727822567,0.46027961712469034,-0.6017116710296788,-8.054649,-18.911947
696100,1760,293,0.4846416382252559,R,0.352112676056338,0.647887323943662,0.35625,0.6390977443609023,88.69791666666667,106.22,10.833333333333334,74.29851851851852,0.4375,0.2657792207792208,13.0,64.0,13.0,64.0,4.356708826689592,low,0.0926286057692307,Hunter Goodman,R,-0.4280640757334098,0.11896173391811843,0.2546869116441678,-0.3494585008949798,-0.22022980897538216,15.207263,9.584762
696285,1761,453,0.445916114790287,R,0.2029702970297029,0.7970297029702971,0.2889908256880734,0.5914893617021276,86.3962962962963,100.8,1.8271604938271604,65.9020618556701,0.35,0.2944067796610169,28.0,90.0,28.0,90.0,4.77912349311153,low,-0.0476865079365079,Jacob Young,R,-0.0175966814468869,-0.5108242999403694,-0.26036771789141805,-0.2962939695389322,-0.9734244983755794,-1.3659703,5.4957304
807799,1762,2186,0.4336688014638609,L,0.1698312236286919,0.830168776371308,0.272983114446529,0.5866071428571429,88.96393805309734,104.78,3.973568281938326,69.78117359413203,0.4162995594713656,0.3386155172413793,144.0,436.0,144.0,436.0,6.364750756851911,medium,0.01359499235474,Masataka Yoshida,L,-0.4040984183312309,-0.9113526101126018,-0.277760874450759,-0.9360920815124348,-1.0375498334138036,-1.2310802,5.945511
