anchor,anchor_name,p_throws,pitch_type,balls,strikes,n_pitches,quantity,anchor_value,league_value,delta
545361,Mike Trout,L,breaking,0,0,2627,p_swing,0.11349329392353905,0.22531867239748124,-0.1118253784739422
545361,Mike Trout,L,breaking,0,0,2627,p_contact,0.6409376497568826,0.5879152442454931,0.05302240551138948
545361,Mike Trout,L,breaking,0,0,2627,q,0.37150353163503447,0.29396990104183857,0.0775336305931959
545361,Mike Trout,L,breaking,0,1,1486,p_swing,0.4038125256201223,0.47064572644267705,-0.06683320082255473
545361,Mike Trout,L,breaking,0,1,1486,p_contact,0.564485155806445,0.5273843933982294,0.03710076240821558
545361,Mike Trout,L,breaking,0,1,1486,q,0.36916222587769315,0.2751974076788727,0.09396481819882047
545361,Mike Trout,L,breaking,0,2,1000,p_swing,0.4544996778071084,0.524322003954447,-0.06982232614733852
545361,Mike Trout,L,breaking,0,2,1000,p_contact,0.4957939175740139,0.4735956523483948,0.02219826522561913
545361,Mike Trout,L,breaking,0,2,1000,q,0.3408749772906303,0.25644815241832286,0.08442682487230746
545361,Mike Trout,L,breaking,1,0,788,p_swing,0.22651505421107138,0.34421357376716005,-0.11769851955608868
545361,Mike Trout,L,breaking,1,0,788,p_contact,0.6147702740587602,0.5612089460853708,0.05356132797338942
545361,Mike Trout,L,breaking,1,0,788,q,0.37971498724545927,0.29257275844541225,0.08714222880004702
545361,Mike Trout,L,breaking,1,1,1113,p_swing,0.45986865924695564,0.52037666008071,-0.060508000833754405
545361,Mike Trout,L,breaking,1,1,1113,p_contact,0.6119144185550398,0.5751498681913506,0.0367645503636892
545361,Mike Trout,L,breaking,1,1,1113,q,0.39751169648480006,0.2919981128226393,0.10551358366216074
545361,Mike Trout,L,breaking,1,2,1372,p_swing,0.5093530792973524,0.5790171627394397,-0.0696640834420873
545361,Mike Trout,L,breaking,1,2,1372,p_contact,0.5356329443135434,0.512357746259754,0.023275198053789303
545361,Mike Trout,L,breaking,1,2,1372,q,0.35618244188650355,0.26563338120386504,0.09054906068263852
545361,Mike Trout,L,breaking,2,0,166,p_swing,0.23025126860274356,0.3395736340117574,-0.10932236540901383
545361,Mike Trout,L,breaking,2,0,166,p_contact,0.6537607586683133,0.6050390762712311,0.04872168239708219
545361,Mike Trout,L,breaking,2,0,166,q,0.40044121848172454,0.31161816481096916,0.08882305367075538
545361,Mike Trout,L,breaking,2,1,411,p_swing,0.49772732630728517,0.5506326597344159,-0.05290533342713072
545361,Mike Trout,L,breaking,2,1,411,p_contact,0.6237370985686307,0.5861016248303592,0.037635473738271474
545361,Mike Trout,L,breaking,2,1,411,q,0.4076587721306622,0.3044241486716372,0.10323462345902501
545361,Mike Trout,L,breaking,2,2,997,p_swing,0.6037954666303946,0.6655285208214191,-0.06173305419102448
545361,Mike Trout,L,breaking,2,2,997,p_contact,0.6321819206207153,0.6052555082104386,0.026926412410276712
545361,Mike Trout,L,breaking,2,2,997,q,0.3902841748570726,0.29112329682505267,0.09916087803201995
545361,Mike Trout,L,breaking,3,0,9,p_swing,0.007267275165456037,0.026019872844548094,-0.018752597679092056
545361,Mike Trout,L,breaking,3,0,9,p_contact,0.6747367348935869,0.5933510976990996,0.08138563719448733
545361,Mike Trout,L,breaking,3,0,9,q,0.3128155320882797,0.2731869236214293,0.0396286084668504
545361,Mike Trout,L,breaking,3,1,75,p_swing,0.3815110317705573,0.4402869870008743,-0.058775955230317034
545361,Mike Trout,L,breaking,3,1,75,p_contact,0.6510803440349021,0.5770284278662979,0.07405191616860418
545361,Mike Trout,L,breaking,3,1,75,q,0.393241363465786,0.29972677584886553,0.09351458761692044
545361,Mike Trout,L,breaking,3,2,407,p_swing,0.6418005419961079,0.694407628801885,-0.05260708680577708
545361,Mike Trout,L,breaking,3,2,407,p_contact,0.6876587817206274,0.6527874620821524,0.03487131963847501
545361,Mike Trout,L,breaking,3,2,407,q,0.39848826681000593,0.30599317302437684,0.09249509378562909
545361,Mike Trout,L,fastball,0,0,6576,p_swing,0.19055078944620965,0.2726451091157772,-0.08209431966956757
545361,Mike Trout,L,fastball,0,0,6576,p_contact,0.7708059710907404,0.7083893545888982,0.06241661650184227
545361,Mike Trout,L,fastball,0,0,6576,q,0.4287949788266308,0.3310158227702179,0.09777915605641291
545361,Mike Trout,L,fastball,0,1,2811,p_swing,0.41704509054508876,0.4799987166700863,-0.06295362612499755
545361,Mike Trout,L,fastball,0,1,2811,p_contact,0.7155005486975021,0.6838459342304292,0.03165461446707296
545361,Mike Trout,L,fastball,0,1,2811,q,0.3867851918896548,0.3087612368043198,0.078023955085335
545361,Mike Trout,L,fastball,0,2,1320,p_swing,0.35623741970570494,0.4903662169565669,-0.13412879725086196
545361,Mike Trout,L,fastball,0,2,1320,p_contact,0.6412988967885295,0.6445037837443601,-0.0032048869558306547
545361,Mike Trout,L,fastball,0,2,1320,q,0.34359749972707393,0.2951189918459506,0.048478507881123345
545361,Mike Trout,L,fastball,1,0,2463,p_swing,0.3817616499486375,0.42989379204137784,-0.04813214209274036
545361,Mike Trout,L,fastball,1,0,2463,p_contact,0.7668157996768808,0.7219112371203588,0.04490456255652209
545361,Mike Trout,L,fastball,1,0,2463,q,0.4496890355387065,0.33890090056178146,0.11078813497692502
545361,Mike Trout,L,fastball,1,1,2288,p_swing,0.49318151062087734,0.5457291598181925,-0.05254764919731514
545361,Mike Trout,L,fastball,1,1,2288,p_contact,0.7421373447026895,0.7139062576619684,0.028231087040721192
545361,Mike Trout,L,fastball,1,1,2288,q,0.41279849658518303,0.3234762899289103,0.08932220665627272
545361,Mike Trout,L,fastball,1,2,1906,p_swing,0.45453442771179614,0.5709157039039364,-0.11638127619214028
545361,Mike Trout,L,fastball,1,2,1906,p_contact,0.6885206757319012,0.6833614871557974,0.005159188576103868
545361,Mike Trout,L,fastball,1,2,1906,q,0.36434571387134845,0.303929672492756,0.06041604137859247
545361,Mike Trout,L,fastball,2,0,1066,p_swing,0.3989415500927779,0.418259970275048,-0.019318420182270146
545361,Mike Trout,L,fastball,2,0,1066,p_contact,0.7725380773264671,0.7294438052966206,0.0430942720298465
545361,Mike Trout,L,fastball,2,0,1066,q,0.4654612319708206,0.34793170709456495,0.11752952487625568
545361,Mike Trout,L,fastball,2,1,1350,p_swing,0.5826418223879459,0.5982486775038485,-0.01560685511590254
545361,Mike Trout,L,fastball,2,1,1350,p_contact,0.7691691253981036,0.7465004725784956,0.02266865281960795
545361,Mike Trout,L,fastball,2,1,1350,q,0.4555263151393996,0.344708575528253,0.1108177396111466
545361,Mike Trout,L,fastball,2,2,1740,p_swing,0.5638841052987902,0.6506654248659574,-0.08678131956716717
545361,Mike Trout,L,fastball,2,2,1740,p_contact,0.7553408708945238,0.7435969202323979,0.011743950662125968
545361,Mike Trout,L,fastball,2,2,1740,q,0.39484741153816383,0.3183847181723378,0.076462693365826
545361,Mike Trout,L,fastball,3,0,410,p_swing,0.09525661594160795,0.07121745057373467,0.024039165367873275
545361,Mike Trout,L,fastball,3,0,410,p_contact,0.8489960610858028,0.7973996378315011,0.05159642325430169
545361,Mike Trout,L,fastball,3,0,410,q,0.5071833147690064,0.3876935419177682,0.11948977285123813
545361,Mike Trout,L,fastball,3,1,723,p_swing,0.5712359256726621,0.5533546197453322,0.01788130592732995
545361,Mike Trout,L,fastball,3,1,723,p_contact,0.7962252614429712,0.7684873618821402,0.02773789956083106
545361,Mike Trout,L,fastball,3,1,723,q,0.5008452641127186,0.37436407285086803,0.12648119126185053
545361,Mike Trout,L,fastball,3,2,1318,p_swing,0.6691764572643419,0.7075042843281432,-0.03832782706380122
545361,Mike Trout,L,fastball,3,2,1318,p_contact,0.807164476929875,0.7881898312952981,0.01897464563457696
545361,Mike Trout,L,fastball,3,2,1318,q,0.43681676108644474,0.3418372595280816,0.09497950155836316
545361,Mike Trout,L,offspeed,0,0,1050,p_swing,0.20724805279449776,0.31690182263621086,-0.1096537698417131
545361,Mike Trout,L,offspeed,0,0,1050,p_contact,0.6292355363802475,0.5146900500862774,0.1145454862939701
545361,Mike Trout,L,offspeed,0,0,1050,q,0.3934741521520274,0.2868944182479665,0.10657973390406089
545361,Mike Trout,L,offspeed,0,1,806,p_swing,0.4659193504721996,0.5011355456086495,-0.03521619513644986
545361,Mike Trout,L,offspeed,0,1,806,p_contact,0.6069944352844961,0.5128617384767113,0.0941326968077848
545361,Mike Trout,L,offspeed,0,1,806,q,0.3869343870238542,0.27137329635952157,0.11556109066433262
545361,Mike Trout,L,offspeed,0,2,334,p_swing,0.4401163676570348,0.5036834132857038,-0.06356704562866894
545361,Mike Trout,L,offspeed,0,2,334,p_contact,0.5582199364055009,0.48842377074731075,0.06979616565819019
545361,Mike Trout,L,offspeed,0,2,334,q,0.33472219910361095,0.24205602092155348,0.09266617818205747
545361,Mike Trout,L,offspeed,1,0,660,p_swing,0.38170919396264286,0.455071061205788,-0.07336186724314514
545361,Mike Trout,L,offspeed,1,0,660,p_contact,0.6435696698140942,0.538948928757298,0.1046207410567962
545361,Mike Trout,L,offspeed,1,0,660,q,0.4319143895172712,0.3052833414896194,0.1266310480276518
545361,Mike Trout,L,offspeed,1,1,756,p_swing,0.5524290432491692,0.578159271017101,-0.025730227767931768
545361,Mike Trout,L,offspeed,1,1,756,p_contact,0.6587671939513996,0.5671141324431292,0.09165306150827035
545361,Mike Trout,L,offspeed,1,1,756,q,0.43186674917501117,0.29500374587489264,0.13686300330011852
545361,Mike Trout,L,offspeed,1,2,536,p_swing,0.5396109629149471,0.5851326156133441,-0.04552165269839692
545361,Mike Trout,L,offspeed,1,2,536,p_contact,0.6102810185796836,0.5392553750824167,0.07102564349726692
545361,Mike Trout,L,offspeed,1,2,536,q,0.3771716686549471,0.2616362055555097,0.11553546309943741
545361,Mike Trout,L,offspeed,2,0,163,p_swing,0.3691515296172364,0.4230839340478378,-0.05393240443060138
545361,Mike Trout,L,offspeed,2,0,163,p_contact,0.6286911917907512,0.5278142781922803,0.10087691359847084
545361,Mike Trout,L,offspeed,2,0,163,q,0.430699300226624,0.3064275875102523,0.12427171271637172
545361,Mike Trout,L,offspeed,2,1,355,p_swing,0.6193292347415889,0.6420883693532151,-0.022759134611626264
545361,Mike Trout,L,offspeed,2,1,355,p_contact,0.7068207093612882,0.614500787342924,0.09231992201836414
545361,Mike Trout,L,offspeed,2,1,355,q,0.48183891154091124,0.32259645819118327,0.15924245334972797
545361,Mike Trout,L,offspeed,2,2,497,p_swing,0.61920740791427,0.6655215114101716,-0.04631410349590159
545361,Mike Trout,L,offspeed,2,2,497,p_contact,0.6732655625647005,0.6013136359724229,0.07195192659227756
545361,Mike Trout,L,offspeed,2,2,497,q,0.4210731724438293,0.286194917191592,0.1348782552522373
545361,Mike Trout,L,offspeed,3,0,8,p_swing,0.09066022050501488,0.08680561931831847,0.0038546011866964075
545361,Mike Trout,L,offspeed,3,0,8,p_contact,0.6016930327023147,0.431145961059367,0.1705470716429477
545361,Mike Trout,L,offspeed,3,0,8,q,0.40002519451081753,0.29432402349077164,0.10570117102004589
545361,Mike Trout,L,offspeed,3,1,95,p_swing,0.5250414303663236,0.5538905634584813,-0.028849133092157753
545361,Mike Trout,L,offspeed,3,1,95,p_contact,0.6887205228405563,0.5911614729478812,0.09755904989267505
545361,Mike Trout,L,offspeed,3,1,95,q,0.4948662569648341,0.33195252396087893,0.16291373300395517
545361,Mike Trout,L,offspeed,3,2,291,p_swing,0.6942882341226139,0.7454096939663373,-0.051121459843723405
545361,Mike Trout,L,offspeed,3,2,291,p_contact,0.7354617561997775,0.6702891578555633,0.06517259834421418
545361,Mike Trout,L,offspeed,3,2,291,q,0.4792688465405166,0.3191207641473238,0.16014808239319278
545361,Mike Trout,L,other,0,0,4,p_swing,2.872279249652301e-12,1.1525130052937019e-10,-1.1237902127971788e-10
545361,Mike Trout,L,other,0,0,4,p_contact,0.17802805791143328,0.1907687457722568,-0.012740687860823524
545361,Mike Trout,L,other,0,0,4,q,0.16294606029987335,0.1741318056732416,-0.01118574537336825
545361,Mike Trout,L,other,1,0,9,p_swing,1.1836297306250884e-11,3.1115464025459394e-10,-2.993183429483431e-10
545361,Mike Trout,L,other,1,0,9,p_contact,0.03615036934530104,0.024213870838738733,0.011936498506562306
545361,Mike Trout,L,other,1,0,9,q,0.17027977936797672,0.17171181031399305,-0.0014320309460163216
545361,Mike Trout,L,other,2,0,8,p_swing,5.211410517782411e-10,7.534637208512423e-09,-7.0134961567341814e-09
545361,Mike Trout,L,other,2,0,8,p_contact,0.04657151963328943,0.04130411340458522,0.005267406228704204
545361,Mike Trout,L,other,2,0,8,q,0.1718885488808155,0.17786264733411372,-0.0059740984532982155
545361,Mike Trout,L,other,3,0,6,p_swing,1.0520606777776932e-10,1.6504020047405272e-09,-1.545195936962758e-09
545361,Mike Trout,L,other,3,0,6,p_contact,0.2014537323557306,0.21524690790095974,-0.01379317554522913
545361,Mike Trout,L,other,3,0,6,q,0.15133628249168396,0.15598492390165725,-0.0046486414099732865
665742,Juan Soto,L,breaking,0,0,2627,p_swing,0.18610735778125548,0.22531867239748124,-0.03921131461622576
665742,Juan Soto,L,breaking,0,0,2627,p_contact,0.5533648505075202,0.5879152442454931,-0.03455039373797297
665742,Juan Soto,L,breaking,0,0,2627,q,0.30687949702081274,0.29396990104183857,0.012909595978974175
665742,Juan Soto,L,breaking,0,1,1486,p_swing,0.2920284380735047,0.47064572644267705,-0.17861728836917234
665742,Juan Soto,L,breaking,0,1,1486,p_contact,0.48699494806331495,0.5273843933982294,-0.04038944533491445
665742,Juan Soto,L,breaking,0,1,1486,q,0.2642010985340918,0.2751974076788727,-0.010996309144780891
665742,Juan Soto,L,breaking,0,2,1000,p_swing,0.3605428070913718,0.524322003954447,-0.16377919686307513
665742,Juan Soto,L,breaking,0,2,1000,p_contact,0.4444555029870891,0.4735956523483948,-0.02914014936130571
665742,Juan Soto,L,breaking,0,2,1000,q,0.23244486907497047,0.25644815241832286,-0.02400328334335239
665742,Juan Soto,L,breaking,1,0,788,p_swing,0.22252942576262277,0.34421357376716005,-0.12168414800453728
665742,Juan Soto,L,breaking,1,0,788,p_contact,0.5224653549933647,0.5612089460853708,-0.03874359109200609
665742,Juan Soto,L,breaking,1,0,788,q,0.293631142856279,0.29257275844541225,0.0010583844108667528
665742,Juan Soto,L,breaking,1,1,1113,p_swing,0.35409647045131226,0.52037666008071,-0.16628018962939778
665742,Juan Soto,L,breaking,1,1,1113,p_contact,0.542709416745552,0.5751498681913506,-0.03244045144579866
665742,Juan Soto,L,breaking,1,1,1113,q,0.28993383487761826,0.2919981128226393,-0.0020642779450210647
665742,Juan Soto,L,breaking,1,2,1372,p_swing,0.41435813732815635,0.5790171627394397,-0.16465902541128336
665742,Juan Soto,L,breaking,1,2,1372,p_contact,0.48417522663902246,0.512357746259754,-0.028182519620731594
665742,Juan Soto,L,breaking,1,2,1372,q,0.24589798378462172,0.26563338120386504,-0.019735397419243322
665742,Juan Soto,L,breaking,2,0,166,p_swing,0.24110858886062092,0.3395736340117574,-0.09846504515113647
665742,Juan Soto,L,breaking,2,0,166,p_contact,0.5763746605475443,0.6050390762712311,-0.02866441572368683
665742,Juan Soto,L,breaking,2,0,166,q,0.33068049106612263,0.31161816481096916,0.019062326255153472
665742,Juan Soto,L,breaking,2,1,411,p_swing,0.38645294803291536,0.5506326597344159,-0.16417971170150053
665742,Juan Soto,L,breaking,2,1,411,p_contact,0.5566471709358874,0.5861016248303592,-0.029454453894471766
665742,Juan Soto,L,breaking,2,1,411,q,0.3095984616092522,0.3044241486716372,0.005174312937615
665742,Juan Soto,L,breaking,2,2,997,p_swing,0.5184880208487266,0.6655285208214191,-0.14704049997269253
665742,Juan Soto,L,breaking,2,2,997,p_contact,0.5881740793223308,0.6052555082104386,-0.01708142888810782
665742,Juan Soto,L,breaking,2,2,997,q,0.2847832063569827,0.29112329682505267,-0.006340090468069992
665742,Juan Soto,L,breaking,3,0,9,p_swing,0.02347256210729635,0.026019872844548094,-0.002547310737251743
665742,Juan Soto,L,breaking,3,0,9,p_contact,0.5264414598544439,0.5933510976990996,-0.06690963784465565
665742,Juan Soto,L,breaking,3,0,9,q,0.3000219654705789,0.2731869236214293,0.026835041849149588
665742,Juan Soto,L,breaking,3,1,75,p_swing,0.3279758181311384,0.4402869870008743,-0.11231116886973591
665742,Juan Soto,L,breaking,3,1,75,p_contact,0.5498142055488279,0.5770284278662979,-0.02721422231747006
665742,Juan Soto,L,breaking,3,1,75,q,0.29494286616643267,0.29972677584886553,-0.004783909682432863
665742,Juan Soto,L,breaking,3,2,407,p_swing,0.5997498575104925,0.694407628801885,-0.09465777129139252
665742,Juan Soto,L,breaking,3,2,407,p_contact,0.6614200082898677,0.6527874620821524,0.008632546207715253
665742,Juan Soto,L,breaking,3,2,407,q,0.3131975347052628,0.30599317302437684,0.007204361680885951
665742,Juan Soto,L,fastball,0,0,6576,p_swing,0.2861938577131389,0.2726451091157772,0.01354874859736166
665742,Juan Soto,L,fastball,0,0,6576,p_contact,0.7005161454681936,0.7083893545888982,-0.00787320912070455
665742,Juan Soto,L,fastball,0,0,6576,q,0.40090463985972236,0.3310158227702179,0.06988881708950445
665742,Juan Soto,L,fastball,0,1,2811,p_swing,0.3794637448633233,0.4799987166700863,-0.10053497180676302
665742,Juan Soto,L,fastball,0,1,2811,p_contact,0.6864848017085341,0.6838459342304292,0.0026388674781049337
665742,Juan Soto,L,fastball,0,1,2811,q,0.37079534587811125,0.3087612368043198,0.06203410907379142
665742,Juan Soto,L,fastball,0,2,1320,p_swing,0.44527028477118036,0.4903662169565669,-0.045095932185386545
665742,Juan Soto,L,fastball,0,2,1320,p_contact,0.6762150279997017,0.6445037837443601,0.03171124425534155
665742,Juan Soto,L,fastball,0,2,1320,q,0.352090069730625,0.2951189918459506,0.056971077884674426
665742,Juan Soto,L,fastball,1,0,2463,p_swing,0.34534435455147866,0.42989379204137784,-0.08454943748989918
665742,Juan Soto,L,fastball,1,0,2463,p_contact,0.7131493773925393,0.7219112371203588,-0.00876185972781951
665742,Juan Soto,L,fastball,1,0,2463,q,0.40344849306601505,0.33890090056178146,0.06454759250423359
665742,Juan Soto,L,fastball,1,1,2288,p_swing,0.4331158855691251,0.5457291598181925,-0.11261327424906736
665742,Juan Soto,L,fastball,1,1,2288,p_contact,0.7152165482561718,0.7139062576619684,0.0013102905942034004
665742,Juan Soto,L,fastball,1,1,2288,q,0.3912221135903749,0.3234762899289103,0.06774582366146459
665742,Juan Soto,L,fastball,1,2,1906,p_swing,0.5210754430297446,0.5709157039039364,-0.0498402608741918
665742,Juan Soto,L,fastball,1,2,1906,p_contact,0.7058000499531392,0.6833614871557974,0.0224385627973418
665742,Juan Soto,L,fastball,1,2,1906,q,0.36845155063613955,0.303929672492756,0.06452187814338356
665742,Juan Soto,L,fastball,2,0,1066,p_swing,0.3540728111329472,0.418259970275048,-0.06418715914210082
665742,Juan Soto,L,fastball,2,0,1066,p_contact,0.7169228480047874,0.7294438052966206,-0.012520957291833112
665742,Juan Soto,L,fastball,2,0,1066,q,0.41450799404037153,0.34793170709456495,0.06657628694580658
665742,Juan Soto,L,fastball,2,1,1350,p_swing,0.4948191534340634,0.5982486775038485,-0.10342952406978506
665742,Juan Soto,L,fastball,2,1,1350,p_contact,0.7482728053096475,0.7465004725784956,0.0017723327311518489
665742,Juan Soto,L,fastball,2,1,1350,q,0.4174061300853888,0.344708575528253,0.07269755455713578
665742,Juan Soto,L,fastball,2,2,1740,p_swing,0.6029452889666407,0.6506654248659574,-0.047720135899316674
665742,Juan Soto,L,fastball,2,2,1740,p_contact,0.7682056740354867,0.7435969202323979,0.0246087538030888
665742,Juan Soto,L,fastball,2,2,1740,q,0.39102553207555724,0.3183847181723378,0.07264081390321941
665742,Juan Soto,L,fastball,3,0,410,p_swing,0.1751414659600339,0.07121745057373467,0.10392401538629924
665742,Juan Soto,L,fastball,3,0,410,p_contact,0.8049470244673834,0.7973996378315011,0.0075473866358822805
665742,Juan Soto,L,fastball,3,0,410,q,0.4803917169025758,0.3876935419177682,0.09269817498480759
665742,Juan Soto,L,fastball,3,1,723,p_swing,0.5043000934317834,0.5533546197453322,-0.049054526313548785
665742,Juan Soto,L,fastball,3,1,723,p_contact,0.7668475517080076,0.7684873618821402,-0.0016398101741326165
665742,Juan Soto,L,fastball,3,1,723,q,0.45853011944894145,0.37436407285086803,0.08416604659807342
665742,Juan Soto,L,fastball,3,2,1318,p_swing,0.6713778032213076,0.7075042843281432,-0.036126481106835584
665742,Juan Soto,L,fastball,3,2,1318,p_contact,0.8121470055234443,0.7881898312952981,0.02395717422814625
665742,Juan Soto,L,fastball,3,2,1318,q,0.4255910270475699,0.3418372595280816,0.08375376751948832
665742,Juan Soto,L,offspeed,0,0,1050,p_swing,0.27230485860848525,0.31690182263621086,-0.044596964027725616
665742,Juan Soto,L,offspeed,0,0,1050,p_contact,0.5012676926306772,0.5146900500862774,-0.013422357455600276
665742,Juan Soto,L,offspeed,0,0,1050,q,0.2793849542098386,0.2868944182479665,-0.007509464038127911
665742,Juan Soto,L,offspeed,0,1,806,p_swing,0.32547375909102405,0.5011355456086495,-0.17566178651762543
665742,Juan Soto,L,offspeed,0,1,806,p_contact,0.4852125377851227,0.5128617384767113,-0.02764920069158866
665742,Juan Soto,L,offspeed,0,1,806,q,0.24963717963130538,0.27137329635952157,-0.02173611672821618
665742,Juan Soto,L,offspeed,0,2,334,p_swing,0.3443613796073507,0.5036834132857038,-0.15932203367835307
665742,Juan Soto,L,offspeed,0,2,334,p_contact,0.4854230708142441,0.48842377074731075,-0.003000699933066675
665742,Juan Soto,L,offspeed,0,2,334,q,0.21526608843646364,0.24205602092155348,-0.026789932485089846
665742,Juan Soto,L,offspeed,1,0,660,p_swing,0.31354544067585666,0.455071061205788,-0.14152562052993134
665742,Juan Soto,L,offspeed,1,0,660,p_contact,0.5230375033620063,0.538948928757298,-0.01591142539529178
665742,Juan Soto,L,offspeed,1,0,660,q,0.29441092246861167,0.3052833414896194,-0.010872419021007718
665742,Juan Soto,L,offspeed,1,1,756,p_swing,0.39549133008105336,0.578159271017101,-0.1826679409360476
665742,Juan Soto,L,offspeed,1,1,756,p_contact,0.5557294501363529,0.5671141324431292,-0.011384682306776361
665742,Juan Soto,L,offspeed,1,1,756,q,0.2800244015626728,0.29500374587489264,-0.014979344312219867
665742,Juan Soto,L,offspeed,1,2,536,p_swing,0.4196487645786433,0.5851326156133441,-0.16548385103470076
665742,Juan Soto,L,offspeed,1,2,536,p_contact,0.5375711052085141,0.5392553750824167,-0.0016842698739025774
665742,Juan Soto,L,offspeed,1,2,536,q,0.2369886348858031,0.2616362055555097,-0.024647570669706603
665742,Juan Soto,L,offspeed,2,0,163,p_swing,0.3146578128437299,0.4230839340478378,-0.10842612120410788
665742,Juan Soto,L,offspeed,2,0,163,p_contact,0.5251195659872396,0.5278142781922803,-0.0026947122050406946
665742,Juan Soto,L,offspeed,2,0,163,q,0.29934840663079104,0.3064275875102523,-0.007079180879461244
665742,Juan Soto,L,offspeed,2,1,355,p_swing,0.4618193334572732,0.6420883693532151,-0.1802690358959419
665742,Juan Soto,L,offspeed,2,1,355,p_contact,0.6148592376777358,0.614500787342924,0.00035845033481174404
665742,Juan Soto,L,offspeed,2,1,355,q,0.3149039694540937,0.32259645819118327,-0.007692488737089553
665742,Juan Soto,L,offspeed,2,2,497,p_swing,0.5124883864267926,0.6655215114101716,-0.15303312498337895
665742,Juan Soto,L,offspeed,2,2,497,p_contact,0.6212652847720992,0.6013136359724229,0.019951648799676258
665742,Juan Soto,L,offspeed,2,2,497,q,0.2729012500232374,0.286194917191592,-0.013293667168354617
665742,Juan Soto,L,offspeed,3,0,8,p_swing,0.1539032151590618,0.08680561931831847,0.06709759584074333
665742,Juan Soto,L,offspeed,3,0,8,p_contact,0.4257271251244674,0.431145961059367,-0.005418835934899557
665742,Juan Soto,L,offspeed,3,0,8,q,0.30106990318745375,0.29432402349077164,0.006745879696682111
665742,Juan Soto,L,offspeed,3,1,95,p_swing,0.43153077664533873,0.5538905634584813,-0.12235978681314258
665742,Juan Soto,L,offspeed,3,1,95,p_contact,0.5995165998777865,0.5911614729478812,0.008355126929905254
665742,Juan Soto,L,offspeed,3,1,95,q,0.33559987835193933,0.33195252396087893,0.003647354391060398
665742,Juan Soto,L,offspeed,3,2,291,p_swing,0.6485414631823136,0.7454096939663373,-0.09686823078402362
665742,Juan Soto,L,offspeed,3,2,291,p_contact,0.7103129315831702,0.6702891578555633,0.040023773727606904
665742,Juan Soto,L,offspeed,3,2,291,q,0.3241623610360516,0.3191207641473238,0.005041596888727795
665742,Juan Soto,L,other,0,0,4,p_swing,1.3501038921751962e-11,1.1525130052937019e-10,-1.0175026160761822e-10
665742,Juan Soto,L,other,0,0,4,p_contact,0.18612087436486036,0.1907687457722568,-0.004647871407396448
665742,Juan Soto,L,other,0,0,4,q,0.16391102224588394,0.1741318056732416,-0.01022078342735766
665742,Juan Soto,L,other,1,0,9,p_swing,3.5769230869720525e-11,3.1115464025459394e-10,-2.753854093848734e-10
665742,Juan Soto,L,other,1,0,9,p_contact,0.023778668178339204,0.024213870838738733,-0.0004352026603995293
665742,Juan Soto,L,other,1,0,9,q,0.16060911946826512,0.17171181031399305,-0.01110269084572793
665742,Juan Soto,L,other,2,0,8,p_swing,6.67415189236966e-10,7.534637208512423e-09,-6.8672220192754565e-09
665742,Juan Soto,L,other,2,0,8,p_contact,0.03323114276281558,0.04130411340458522,-0.008072970641769643
665742,Juan Soto,L,other,2,0,8,q,0.16445203498005867,0.17786264733411372,-0.013410612354055051
665742,Juan Soto,L,other,3,0,6,p_swing,1.1721925881404112e-10,1.6504020047405272e-09,-1.5331827459264861e-09
665742,Juan Soto,L,other,3,0,6,p_contact,0.1969415870450272,0.21524690790095974,-0.018305320855932533
665742,Juan Soto,L,other,3,0,6,q,0.14403637995322546,0.15598492390165725,-0.011948543948431783
592626,Joc Pederson,L,breaking,0,0,2627,p_swing,0.26028036953858236,0.22531867239748124,0.03496169714110112
592626,Joc Pederson,L,breaking,0,0,2627,p_contact,0.592935794737946,0.5879152442454931,0.005020550492452869
592626,Joc Pederson,L,breaking,0,0,2627,q,0.36216533963427056,0.29396990104183857,0.06819543859243199
592626,Joc Pederson,L,breaking,0,1,1486,p_swing,0.49248735895811574,0.47064572644267705,0.02184163251543869
592626,Joc Pederson,L,breaking,0,1,1486,p_contact,0.553356445564456,0.5273843933982294,0.025972052166226556
592626,Joc Pederson,L,breaking,0,1,1486,q,0.32877145542651615,0.2751974076788727,0.05357404774764346
592626,Joc Pederson,L,breaking,0,2,1000,p_swing,0.5146532900673801,0.524322003954447,-0.009668713887066804
592626,Joc Pederson,L,breaking,0,2,1000,p_contact,0.5120461471376002,0.4735956523483948,0.038450494789205425
592626,Joc Pederson,L,breaking,0,2,1000,q,0.3000100347697735,0.25644815241832286,0.04356188235145064
592626,Joc Pederson,L,breaking,1,0,788,p_swing,0.37313465066499313,0.34421357376716005,0.028921076897833076
592626,Joc Pederson,L,breaking,1,0,788,p_contact,0.5678290514046326,0.5612089460853708,0.0066201053192618264
592626,Joc Pederson,L,breaking,1,0,788,q,0.35720660298268503,0.29257275844541225,0.06463384453727278
592626,Joc Pederson,L,breaking,1,1,1113,p_swing,0.5468843919699083,0.52037666008071,0.026507731889198305
592626,Joc Pederson,L,breaking,1,1,1113,p_contact,0.5978707284658173,0.5751498681913506,0.022720860274466737
592626,Joc Pederson,L,breaking,1,1,1113,q,0.3523946353313844,0.2919981128226393,0.060396522508745054
592626,Joc Pederson,L,breaking,1,2,1372,p_swing,0.5738804494091762,0.5790171627394397,-0.005136713330263554
592626,Joc Pederson,L,breaking,1,2,1372,p_contact,0.5495188392557976,0.512357746259754,0.03716109299604353
592626,Joc Pederson,L,breaking,1,2,1372,q,0.3129837028790841,0.26563338120386504,0.047350321675219076
592626,Joc Pederson,L,breaking,2,0,166,p_swing,0.37780701606348577,0.3395736340117574,0.03823338205172838
592626,Joc Pederson,L,breaking,2,0,166,p_contact,0.6095298534786575,0.6050390762712311,0.004490777207426411
592626,Joc Pederson,L,breaking,2,0,166,q,0.3915693260819079,0.31161816481096916,0.07995116127093876
592626,Joc Pederson,L,breaking,2,1,411,p_swing,0.5790673639112799,0.5506326597344159,0.028434704176864
592626,Joc Pederson,L,breaking,2,1,411,p_contact,0.6026827758837908,0.5861016248303592,0.01658115105343161
592626,Joc Pederson,L,breaking,2,1,411,q,0.37245593680445005,0.3044241486716372,0.06803178813281285
592626,Joc Pederson,L,breaking,2,2,997,p_swing,0.67183582482293,0.6655285208214191,0.006307304001510916
592626,Joc Pederson,L,breaking,2,2,997,p_contact,0.6413325170207586,0.6052555082104386,0.036077008810319944
592626,Joc Pederson,L,breaking,2,2,997,q,0.34750314361024404,0.29112329682505267,0.05637984678519137
592626,Joc Pederson,L,breaking,3,0,9,p_swing,0.04292923167748894,0.026019872844548094,0.016909358832940844
592626,Joc Pederson,L,breaking,3,0,9,p_contact,0.5816327780485153,0.5933510976990996,-0.01171831965058423
592626,Joc Pederson,L,breaking,3,0,9,q,0.32491397029823726,0.2731869236214293,0.05172704667680794
592626,Joc Pederson,L,breaking,3,1,75,p_swing,0.48177923072556345,0.4402869870008743,0.041492243724689126
592626,Joc Pederson,L,breaking,3,1,75,p_contact,0.5868876000548092,0.5770284278662979,0.00985917218851129
592626,Joc Pederson,L,breaking,3,1,75,q,0.3620025452971458,0.29972677584886553,0.06227576944828028
592626,Joc Pederson,L,breaking,3,2,407,p_swing,0.7160487108678206,0.694407628801885,0.021641082065935624
592626,Joc Pederson,L,breaking,3,2,407,p_contact,0.6845189248473688,0.6527874620821524,0.03173146276521632
592626,Joc Pederson,L,breaking,3,2,407,q,0.3639619157670171,0.30599317302437684,0.057968742742640245
592626,Joc Pederson,L,fastball,0,0,6576,p_swing,0.29011417967934133,0.2726451091157772,0.017469070563564115
592626,Joc Pederson,L,fastball,0,0,6576,p_contact,0.7330783502807174,0.7083893545888982,0.02468899569181926
592626,Joc Pederson,L,fastball,0,0,6576,q,0.42394282459224736,0.3310158227702179,0.09292700182202945
592626,Joc Pederson,L,fastball,0,1,2811,p_swing,0.4754994091941507,0.4799987166700863,-0.004499307475935632
592626,Joc Pederson,L,fastball,0,1,2811,p_contact,0.7222216568759016,0.6838459342304292,0.0383757226454724
592626,Joc Pederson,L,fastball,0,1,2811,q,0.3897664743024698,0.3087612368043198,0.08100523749814997
592626,Joc Pederson,L,fastball,0,2,1320,p_swing,0.5110451439634691,0.4903662169565669,0.020678927006902215
592626,Joc Pederson,L,fastball,0,2,1320,p_contact,0.7129163493509126,0.6445037837443601,0.06841256560655251
592626,Joc Pederson,L,fastball,0,2,1320,q,0.36016434949230064,0.2951189918459506,0.06504535764635005
592626,Joc Pederson,L,fastball,1,0,2463,p_swing,0.4248977633842257,0.42989379204137784,-0.004996028657152152
592626,Joc Pederson,L,fastball,1,0,2463,p_contact,0.7468428882841895,0.7219112371203588,0.02493165116383078
592626,Joc Pederson,L,fastball,1,0,2463,q,0.4320363503613464,0.33890090056178146,0.09313544979956495
592626,Joc Pederson,L,fastball,1,1,2288,p_swing,0.53901126988344,0.5457291598181925,-0.00671788993475253
592626,Joc Pederson,L,fastball,1,1,2288,p_contact,0.7488206714278041,0.7139062576619684,0.034914413765835706
592626,Joc Pederson,L,fastball,1,1,2288,q,0.4097533823166798,0.3234762899289103,0.08627709238776948
592626,Joc Pederson,L,fastball,1,2,1906,p_swing,0.5802151727589746,0.5709157039039364,0.009299468855038184
592626,Joc Pederson,L,fastball,1,2,1906,p_contact,0.7399591547818214,0.6833614871557974,0.05659766762602403
592626,Joc Pederson,L,fastball,1,2,1906,q,0.3778922361266044,0.303929672492756,0.0739625636338484
592626,Joc Pederson,L,fastball,2,0,1066,p_swing,0.433967582300741,0.418259970275048,0.015707612025692985
592626,Joc Pederson,L,fastball,2,0,1066,p_contact,0.7510895860716911,0.7294438052966206,0.02164578077507051
592626,Joc Pederson,L,fastball,2,0,1066,q,0.4457419708014709,0.34793170709456495,0.09781026370690593
592626,Joc Pederson,L,fastball,2,1,1350,p_swing,0.5916626220381416,0.5982486775038485,-0.006586055465706897
592626,Joc Pederson,L,fastball,2,1,1350,p_contact,0.7724198514330028,0.7465004725784956,0.025919378854507236
592626,Joc Pederson,L,fastball,2,1,1350,q,0.44072012865984883,0.344708575528253,0.09601155313159582
592626,Joc Pederson,L,fastball,2,2,1740,p_swing,0.6570295803134041,0.6506654248659574,0.006364155447446729
592626,Joc Pederson,L,fastball,2,2,1740,p_contact,0.7870158385852052,0.7435969202323979,0.04341891835280731
592626,Joc Pederson,L,fastball,2,2,1740,q,0.3997981895146699,0.3183847181723378,0.08141347134233207
592626,Joc Pederson,L,fastball,3,0,410,p_swing,0.13359065090244535,0.07121745057373467,0.06237320032871067
592626,Joc Pederson,L,fastball,3,0,410,p_contact,0.8070885921890916,0.7973996378315011,0.009688954357590429
592626,Joc Pederson,L,fastball,3,0,410,q,0.5193758905297372,0.3876935419177682,0.13168234861196898
592626,Joc Pederson,L,fastball,3,1,723,p_swing,0.5813273427792238,0.5533546197453322,0.027972723033891644
592626,Joc Pederson,L,fastball,3,1,723,p_contact,0.7935665819048753,0.7684873618821402,0.025079220022735105
592626,Joc Pederson,L,fastball,3,1,723,q,0.48384346548122653,0.37436407285086803,0.1094793926303585
592626,Joc Pederson,L,fastball,3,2,1318,p_swing,0.7218715251427934,0.7075042843281432,0.01436724081465024
592626,Joc Pederson,L,fastball,3,2,1318,p_contact,0.8241136248550306,0.7881898312952981,0.03592379355973252
592626,Joc Pederson,L,fastball,3,2,1318,q,0.4332697128195864,0.3418372595280816,0.09143245329150479
592626,Joc Pederson,L,offspeed,0,0,1050,p_swing,0.2990693584860636,0.31690182263621086,-0.017832464150147276
592626,Joc Pederson,L,offspeed,0,0,1050,p_contact,0.5140389621994768,0.5146900500862774,-0.0006510878868006831
592626,Joc Pederson,L,offspeed,0,0,1050,q,0.33873681823412577,0.2868944182479665,0.05184239998615925
592626,Joc Pederson,L,offspeed,0,1,806,p_swing,0.4485764045160281,0.5011355456086495,-0.052559141092621386
592626,Joc Pederson,L,offspeed,0,1,806,p_contact,0.5286931084955998,0.5128617384767113,0.015831370018888458
592626,Joc Pederson,L,offspeed,0,1,806,q,0.3123990204416345,0.27137329635952157,0.04102572408211291
592626,Joc Pederson,L,offspeed,0,2,334,p_swing,0.44983401619684155,0.5036834132857038,-0.053849397088862216
592626,Joc Pederson,L,offspeed,0,2,334,p_contact,0.5228603107815164,0.48842377074731075,0.034436540034205654
592626,Joc Pederson,L,offspeed,0,2,334,q,0.27364558581552817,0.24205602092155348,0.031589564893974686
592626,Joc Pederson,L,offspeed,1,0,660,p_swing,0.4140643251527863,0.455071061205788,-0.0410067360530017
592626,Joc Pederson,L,offspeed,1,0,660,p_contact,0.5440741135003256,0.538948928757298,0.005125184743027589
592626,Joc Pederson,L,offspeed,1,0,660,q,0.3617521883073178,0.3052833414896194,0.056468846817698426
592626,Joc Pederson,L,offspeed,1,1,756,p_swing,0.5394402709952562,0.578159271017101,-0.03871900002184481
592626,Joc Pederson,L,offspeed,1,1,756,p_contact,0.5831753126248447,0.5671141324431292,0.01606118018171543
592626,Joc Pederson,L,offspeed,1,1,756,q,0.34710621368632744,0.29500374587489264,0.052102467811434794
592626,Joc Pederson,L,offspeed,1,2,536,p_swing,0.5316539596602374,0.5851326156133441,-0.053478655953106635
592626,Joc Pederson,L,offspeed,1,2,536,p_contact,0.5690706579510727,0.5392553750824167,0.02981528286865598
592626,Joc Pederson,L,offspeed,1,2,536,q,0.3025273790360609,0.2616362055555097,0.04089117348055121
592626,Joc Pederson,L,offspeed,2,0,163,p_swing,0.39830513554875185,0.4230839340478378,-0.02477879849908593
592626,Joc Pederson,L,offspeed,2,0,163,p_contact,0.5308038198854774,0.5278142781922803,0.0029895416931970953
592626,Joc Pederson,L,offspeed,2,0,163,q,0.3609469749627669,0.3064275875102523,0.05451938745251461
592626,Joc Pederson,L,offspeed,2,1,355,p_swing,0.6092564996446705,0.6420883693532151,-0.03283186970854457
592626,Joc Pederson,L,offspeed,2,1,355,p_contact,0.6233302421880965,0.614500787342924,0.008829454845172502
592626,Joc Pederson,L,offspeed,2,1,355,q,0.3863528378412757,0.32259645819118327,0.06375637965009245
592626,Joc Pederson,L,offspeed,2,2,497,p_swing,0.620791235649738,0.6655215114101716,-0.044730275760433535
592626,Joc Pederson,L,offspeed,2,2,497,p_contact,0.6273111291281257,0.6013136359724229,0.025997493155702767
592626,Joc Pederson,L,offspeed,2,2,497,q,0.3378949253342041,0.286194917191592,0.05170000814261211
592626,Joc Pederson,L,offspeed,3,0,8,p_swing,0.1398578344633279,0.08680561931831847,0.05305221514500942
592626,Joc Pederson,L,offspeed,3,0,8,p_contact,0.4044276650820393,0.431145961059367,-0.026718295977327666
592626,Joc Pederson,L,offspeed,3,0,8,q,0.35612401366233826,0.29432402349077164,0.06179999017156662
592626,Joc Pederson,L,offspeed,3,1,95,p_swing,0.5341291975573097,0.5538905634584813,-0.019761365901171613
592626,Joc Pederson,L,offspeed,3,1,95,p_contact,0.5945921463989898,0.5911614729478812,0.00343067345110859
592626,Joc Pederson,L,offspeed,3,1,95,q,0.4018638805339211,0.33195252396087893,0.06991135657304215
592626,Joc Pederson,L,offspeed,3,2,291,p_swing,0.7254373586126139,0.7454096939663373,-0.019972335353723336
592626,Joc Pederson,L,offspeed,3,2,291,p_contact,0.6899380341613877,0.6702891578555633,0.019648876305824348
592626,Joc Pederson,L,offspeed,3,2,291,q,0.3840305395552383,0.3191207641473238,0.06490977540791448
592626,Joc Pederson,L,other,0,0,4,p_swing,1.2816383865239854e-10,1.1525130052937019e-10,1.2912538123028358e-11
592626,Joc Pederson,L,other,0,0,4,p_contact,0.20844387388206087,0.1907687457722568,0.017675128109804067
592626,Joc Pederson,L,other,0,0,4,q,0.156063724309206,0.1741318056732416,-0.018068081364035593
592626,Joc Pederson,L,other,1,0,9,p_swing,2.7938161859749196e-10,3.1115464025459394e-10,-3.177302165710198e-11
592626,Joc Pederson,L,other,1,0,9,p_contact,0.02671921527022884,0.024213870838738733,0.002505344431490107
592626,Joc Pederson,L,other,1,0,9,q,0.15678690042760637,0.17171181031399305,-0.014924909886386672
592626,Joc Pederson,L,other,2,0,8,p_swing,3.765972971114049e-09,7.534637208512423e-09,-3.7686642373983734e-09
592626,Joc Pederson,L,other,2,0,8,p_contact,0.046657688362756744,0.04130411340458522,0.005353574958171521
592626,Joc Pederson,L,other,2,0,8,q,0.1616611536592245,0.17786264733411372,-0.01620149367488921
592626,Joc Pederson,L,other,3,0,6,p_swing,8.814526341222343e-10,1.6504020047405272e-09,-7.689493706182929e-10
592626,Joc Pederson,L,other,3,0,6,p_contact,0.2470051750303052,0.21524690790095974,0.03175826712934546
592626,Joc Pederson,L,other,3,0,6,q,0.14677665134270987,0.15598492390165725,-0.009208272558947378
594807,Adam Duvall,L,breaking,0,0,2627,p_swing,0.25414137944410137,0.22531867239748124,0.028822707046620127
594807,Adam Duvall,L,breaking,0,0,2627,p_contact,0.6186718840807465,0.5879152442454931,0.03075663983525334
594807,Adam Duvall,L,breaking,0,0,2627,q,0.3518572237908409,0.29396990104183857,0.05788732274900232
594807,Adam Duvall,L,breaking,0,1,1486,p_swing,0.49964208747636235,0.47064572644267705,0.028996361033685303
594807,Adam Duvall,L,breaking,0,1,1486,p_contact,0.5616084117833905,0.5273843933982294,0.03422401838516109
594807,Adam Duvall,L,breaking,0,1,1486,q,0.33214486103058666,0.2751974076788727,0.05694745335171397
594807,Adam Duvall,L,breaking,0,2,1000,p_swing,0.5197428879685584,0.524322003954447,-0.00457911598588856
594807,Adam Duvall,L,breaking,0,2,1000,p_contact,0.5061298196950338,0.4735956523483948,0.032534167346639
594807,Adam Duvall,L,breaking,0,2,1000,q,0.3109575282931328,0.25644815241832286,0.05450937587480992
594807,Adam Duvall,L,breaking,1,0,788,p_swing,0.4064929665183044,0.34421357376716005,0.06227939275114436
594807,Adam Duvall,L,breaking,1,0,788,p_contact,0.5917119025181494,0.5612089460853708,0.030502956432778672
594807,Adam Duvall,L,breaking,1,0,788,q,0.3520262575315945,0.29257275844541225,0.05945349908618225
594807,Adam Duvall,L,breaking,1,1,1113,p_swing,0.5599700775678166,0.52037666008071,0.03959341748710654
594807,Adam Duvall,L,breaking,1,1,1113,p_contact,0.6091942256520002,0.5751498681913506,0.0340443574606496
594807,Adam Duvall,L,breaking,1,1,1113,q,0.3573640337061582,0.2919981128226393,0.06536592088351889
594807,Adam Duvall,L,breaking,1,2,1372,p_swing,0.5823097725310293,0.5790171627394397,0.003292609791589629
594807,Adam Duvall,L,breaking,1,2,1372,p_contact,0.5461958896644252,0.512357746259754,0.03383814340467117
594807,Adam Duvall,L,breaking,1,2,1372,q,0.323724188681681,0.26563338120386504,0.058090807477815976
594807,Adam Duvall,L,breaking,2,0,166,p_swing,0.4176571275379666,0.3395736340117574,0.07808349352620919
594807,Adam Duvall,L,breaking,2,0,166,p_contact,0.6349040481713545,0.6050390762712311,0.029864971900123383
594807,Adam Duvall,L,breaking,2,0,166,q,0.38506332178970415,0.31161816481096916,0.073445156978735
594807,Adam Duvall,L,breaking,2,1,411,p_swing,0.6002975635799358,0.5506326597344159,0.049664903845519914
594807,Adam Duvall,L,breaking,2,1,411,p_contact,0.6182801152874844,0.5861016248303592,0.032178490457125175
594807,Adam Duvall,L,breaking,2,1,411,q,0.36932309678871267,0.3044241486716372,0.06489894811707547
594807,Adam Duvall,L,breaking,2,2,997,p_swing,0.6743017217741395,0.6655285208214191,0.008773200952720384
594807,Adam Duvall,L,breaking,2,2,997,p_contact,0.6394811063037962,0.6052555082104386,0.03422559809335757
594807,Adam Duvall,L,breaking,2,2,997,q,0.35395985474079517,0.29112329682505267,0.0628365579157425
594807,Adam Duvall,L,breaking,3,0,9,p_swing,0.024275792410157412,0.026019872844548094,-0.0017440804343906817
594807,Adam Duvall,L,breaking,3,0,9,p_contact,0.6334291911787457,0.5933510976990996,0.04007809347964619
594807,Adam Duvall,L,breaking,3,0,9,q,0.3091353707843357,0.2731869236214293,0.03594844716290635
594807,Adam Duvall,L,breaking,3,1,75,p_swing,0.5077958540174101,0.4402869870008743,0.0675088670165358
594807,Adam Duvall,L,breaking,3,1,75,p_contact,0.6120749907350789,0.5770284278662979,0.03504656286878094
594807,Adam Duvall,L,breaking,3,1,75,q,0.3637687728802363,0.29972677584886553,0.06404199703137076
594807,Adam Duvall,L,breaking,3,2,407,p_swing,0.690164197182878,0.694407628801885,-0.0042434316190069765
594807,Adam Duvall,L,breaking,3,2,407,p_contact,0.6787111878398513,0.6527874620821524,0.025923725757698857
594807,Adam Duvall,L,breaking,3,2,407,q,0.3611440566306618,0.30599317302437684,0.05515088360628495
594807,Adam Duvall,L,fastball,0,0,6576,p_swing,0.29596484180202565,0.2726451091157772,0.02331973268624843
594807,Adam Duvall,L,fastball,0,0,6576,p_contact,0.7531680583787378,0.7083893545888982,0.04477870378983961
594807,Adam Duvall,L,fastball,0,0,6576,q,0.38248040751438506,0.3310158227702179,0.05146458474416715
594807,Adam Duvall,L,fastball,0,1,2811,p_swing,0.4905242532673297,0.4799987166700863,0.010525536597243368
594807,Adam Duvall,L,fastball,0,1,2811,p_contact,0.7339252494925359,0.6838459342304292,0.05007931526210674
594807,Adam Duvall,L,fastball,0,1,2811,q,0.3504747758446873,0.3087612368043198,0.04171353904036745
594807,Adam Duvall,L,fastball,0,2,1320,p_swing,0.48452471188835644,0.4903662169565669,-0.005841505068210462
594807,Adam Duvall,L,fastball,0,2,1320,p_contact,0.6989750277142969,0.6445037837443601,0.054471243969936745
594807,Adam Duvall,L,fastball,0,2,1320,q,0.3172747211502583,0.2951189918459506,0.022155729304307703
594807,Adam Duvall,L,fastball,1,0,2463,p_swing,0.48363877857642645,0.42989379204137784,0.05374498653504861
594807,Adam Duvall,L,fastball,1,0,2463,p_contact,0.7618622194430736,0.7219112371203588,0.03995098232271488
594807,Adam Duvall,L,fastball,1,0,2463,q,0.3961485951270725,0.33890090056178146,0.05724769456529105
594807,Adam Duvall,L,fastball,1,1,2288,p_swing,0.561507423759054,0.5457291598181925,0.01577826394086157
594807,Adam Duvall,L,fastball,1,1,2288,p_contact,0.7593027225543315,0.7139062576619684,0.04539646489236315
594807,Adam Duvall,L,fastball,1,1,2288,q,0.37280324046415364,0.3234762899289103,0.04932695053524333
594807,Adam Duvall,L,fastball,1,2,1906,p_swing,0.5588552744669424,0.5709157039039364,-0.012060429436994036
594807,Adam Duvall,L,fastball,1,2,1906,p_contact,0.7344055948582184,0.6833614871557974,0.05104410770242107
594807,Adam Duvall,L,fastball,1,2,1906,q,0.3376132585421001,0.303929672492756,0.03368358604934413
594807,Adam Duvall,L,fastball,2,0,1066,p_swing,0.488289672052707,0.418259970275048,0.07002970177765899
594807,Adam Duvall,L,fastball,2,0,1066,p_contact,0.7680082771844994,0.7294438052966206,0.038564471887878815
594807,Adam Duvall,L,fastball,2,0,1066,q,0.4095615504054426,0.34793170709456495,0.061629843310877674
594807,Adam Duvall,L,fastball,2,1,1350,p_swing,0.6087286318700913,0.5982486775038485,0.010479954366242827
594807,Adam Duvall,L,fastball,2,1,1350,p_contact,0.7794600736327401,0.7465004725784956,0.03295960105424445
594807,Adam Duvall,L,fastball,2,1,1350,q,0.4037787775695324,0.344708575528253,0.059070202041279385
594807,Adam Duvall,L,fastball,2,2,1740,p_swing,0.6284252958282227,0.6506654248659574,-0.022240129037734646
594807,Adam Duvall,L,fastball,2,2,1740,p_contact,0.7825349968737634,0.7435969202323979,0.038938076641365504
594807,Adam Duvall,L,fastball,2,2,1740,q,0.3634390569067207,0.3183847181723378,0.04505433873438286
594807,Adam Duvall,L,fastball,3,0,410,p_swing,0.08458573975344512,0.07121745057373467,0.013368289179710446
594807,Adam Duvall,L,fastball,3,0,410,p_contact,0.8302947833640046,0.7973996378315011,0.0328951455325035
594807,Adam Duvall,L,fastball,3,0,410,q,0.4709506670149361,0.3876935419177682,0.08325712509716787
594807,Adam Duvall,L,fastball,3,1,723,p_swing,0.6129024128120761,0.5533546197453322,0.05954779306674396
594807,Adam Duvall,L,fastball,3,1,723,p_contact,0.8068522800360375,0.7684873618821402,0.03836491815389731
594807,Adam Duvall,L,fastball,3,1,723,q,0.44665133035941407,0.37436407285086803,0.07228725750854603
594807,Adam Duvall,L,fastball,3,2,1318,p_swing,0.6873770644152739,0.7075042843281432,-0.020127219912869254
594807,Adam Duvall,L,fastball,3,2,1318,p_contact,0.8200272039032415,0.7881898312952981,0.03183737260794339
594807,Adam Duvall,L,fastball,3,2,1318,q,0.40120748389789296,0.3418372595280816,0.059370224369811375
594807,Adam Duvall,L,offspeed,0,0,1050,p_swing,0.3537662367030758,0.31690182263621086,0.036864414066864915
594807,Adam Duvall,L,offspeed,0,0,1050,p_contact,0.5437302693856154,0.5146900500862774,0.029040219299337977
594807,Adam Duvall,L,offspeed,0,0,1050,q,0.33907226219063713,0.2868944182479665,0.05217784394267061
594807,Adam Duvall,L,offspeed,0,1,806,p_swing,0.5629213720742343,0.5011355456086495,0.06178582646558484
594807,Adam Duvall,L,offspeed,0,1,806,p_contact,0.5598150421150326,0.5128617384767113,0.046953303638321287
594807,Adam Duvall,L,offspeed,0,1,806,q,0.3276520632762027,0.27137329635952157,0.056278766916681155
594807,Adam Duvall,L,offspeed,0,2,334,p_swing,0.5444516221907049,0.5036834132857038,0.0407682089050011
594807,Adam Duvall,L,offspeed,0,2,334,p_contact,0.536267571478544,0.48842377074731075,0.04784380073123323
594807,Adam Duvall,L,offspeed,0,2,334,q,0.2944536794668543,0.24205602092155348,0.05239765854530082
594807,Adam Duvall,L,offspeed,1,0,660,p_swing,0.5444654434242899,0.455071061205788,0.08939438221850193
594807,Adam Duvall,L,offspeed,1,0,660,p_contact,0.574983539429465,0.538948928757298,0.036034610672166956
594807,Adam Duvall,L,offspeed,1,0,660,q,0.3670359585772861,0.3052833414896194,0.06175261708766672
594807,Adam Duvall,L,offspeed,1,1,756,p_swing,0.6399918172450867,0.578159271017101,0.06183254622798573
594807,Adam Duvall,L,offspeed,1,1,756,p_contact,0.6094847244531454,0.5671141324431292,0.04237059201001614
594807,Adam Duvall,L,offspeed,1,1,756,q,0.36057872241412203,0.29500374587489264,0.06557497653922939
594807,Adam Duvall,L,offspeed,1,2,536,p_swing,0.607546434866214,0.5851326156133441,0.022413819252869893
594807,Adam Duvall,L,offspeed,1,2,536,p_contact,0.5805947071381361,0.5392553750824167,0.04133933205571938
594807,Adam Duvall,L,offspeed,1,2,536,q,0.31755003381742913,0.2616362055555097,0.05591382826191943
594807,Adam Duvall,L,offspeed,2,0,163,p_swing,0.5192730083582748,0.4230839340478378,0.09618907431043705
594807,Adam Duvall,L,offspeed,2,0,163,p_contact,0.5607231110648646,0.5278142781922803,0.03290883287258428
594807,Adam Duvall,L,offspeed,2,0,163,q,0.3644401089179735,0.3064275875102523,0.05801252140772123
594807,Adam Duvall,L,offspeed,2,1,355,p_swing,0.6983872194305508,0.6420883693532151,0.056298850077335705
594807,Adam Duvall,L,offspeed,2,1,355,p_contact,0.6417965846595315,0.614500787342924,0.027295797316607473
594807,Adam Duvall,L,offspeed,2,1,355,q,0.3939158455586769,0.32259645819118327,0.07131938736749366
594807,Adam Duvall,L,offspeed,2,2,497,p_swing,0.6890323610095728,0.6655215114101716,0.023510849599401196
594807,Adam Duvall,L,offspeed,2,2,497,p_contact,0.6309536996436206,0.6013136359724229,0.029640063671197647
594807,Adam Duvall,L,offspeed,2,2,497,q,0.35093819594359255,0.286194917191592,0.06474327875200053
594807,Adam Duvall,L,offspeed,3,0,8,p_swing,0.09691677299633739,0.08680561931831847,0.010111153678018917
594807,Adam Duvall,L,offspeed,3,0,8,p_contact,0.4419857320317533,0.431145961059367,0.010839770972386309
594807,Adam Duvall,L,offspeed,3,0,8,q,0.3615592624992132,0.29432402349077164,0.06723523900844158
594807,Adam Duvall,L,offspeed,3,1,95,p_swing,0.642619674505764,0.5538905634584813,0.08872911104728265
594807,Adam Duvall,L,offspeed,3,1,95,p_contact,0.6257642183256776,0.5911614729478812,0.034602745377796396
594807,Adam Duvall,L,offspeed,3,1,95,q,0.40678928588566027,0.33195252396087893,0.07483676192478134
594807,Adam Duvall,L,offspeed,3,2,291,p_swing,0.7588692380090787,0.7454096939663373,0.013459544042741411
594807,Adam Duvall,L,offspeed,3,2,291,p_contact,0.68512199173403,0.6702891578555633,0.014832833878466678
594807,Adam Duvall,L,offspeed,3,2,291,q,0.3930623806833811,0.3191207641473238,0.0739416165360573
594807,Adam Duvall,L,other,0,0,4,p_swing,1.2694146129965818e-10,1.1525130052937019e-10,1.1690160770287998e-11
594807,Adam Duvall,L,other,0,0,4,p_contact,0.21677149052266032,0.1907687457722568,0.02600274475040351
594807,Adam Duvall,L,other,0,0,4,q,0.16149980574846268,0.1741318056732416,-0.012631999924778925
594807,Adam Duvall,L,other,1,0,9,p_swing,3.503178060043887e-10,3.1115464025459394e-10,3.9163165749794747e-11
594807,Adam Duvall,L,other,1,0,9,p_contact,0.03949173791463383,0.024213870838738733,0.0152778670758951
594807,Adam Duvall,L,other,1,0,9,q,0.17067635556062064,0.17171181031399305,-0.0010354547533724112
594807,Adam Duvall,L,other,2,0,8,p_swing,4.8117746497548225e-09,7.534637208512423e-09,-2.7228625587576e-09
594807,Adam Duvall,L,other,2,0,8,p_contact,0.060680151800625026,0.04130411340458522,0.019376038396039803
594807,Adam Duvall,L,other,2,0,8,q,0.1754943784326315,0.17786264733411372,-0.002368268901482229
594807,Adam Duvall,L,other,3,0,6,p_swing,1.3799348171334802e-09,1.6504020047405272e-09,-2.70467187607047e-10
594807,Adam Duvall,L,other,3,0,6,p_contact,0.25864665569194284,0.21524690790095974,0.0433997477909831
594807,Adam Duvall,L,other,3,0,6,q,0.1579332376519839,0.15598492390165725,0.0019483137503266412
656941,Kyle Schwarber,L,breaking,0,0,2627,p_swing,0.23330409643925618,0.22531867239748124,0.007985424041774936
656941,Kyle Schwarber,L,breaking,0,0,2627,p_contact,0.5471668537142005,0.5879152442454931,-0.040748390531292644
656941,Kyle Schwarber,L,breaking,0,0,2627,q,0.36488328346586246,0.29396990104183857,0.0709133824240239
656941,Kyle Schwarber,L,breaking,0,1,1486,p_swing,0.35890261489691866,0.47064572644267705,-0.11174311154575839
656941,Kyle Schwarber,L,breaking,0,1,1486,p_contact,0.4792575554655764,0.5273843933982294,-0.04812683793265299
656941,Kyle Schwarber,L,breaking,0,1,1486,q,0.3282091366340222,0.2751974076788727,0.053011728955149495
656941,Kyle Schwarber,L,breaking,0,2,1000,p_swing,0.43444556889971647,0.524322003954447,-0.08987643505473047
656941,Kyle Schwarber,L,breaking,0,2,1000,p_contact,0.4386268293887329,0.4735956523483948,-0.034968822959661916
656941,Kyle Schwarber,L,breaking,0,2,1000,q,0.29734290471673014,0.25644815241832286,0.04089475229840728
656941,Kyle Schwarber,L,breaking,1,0,788,p_swing,0.30668605022380563,0.34421357376716005,-0.037527523543354424
656941,Kyle Schwarber,L,breaking,1,0,788,p_contact,0.5181366887575556,0.5612089460853708,-0.04307225732781517
656941,Kyle Schwarber,L,breaking,1,0,788,q,0.3596606984791266,0.29257275844541225,0.06708794003371432
656941,Kyle Schwarber,L,breaking,1,1,1113,p_swing,0.41747572765023644,0.52037666008071,-0.1029009324304736
656941,Kyle Schwarber,L,breaking,1,1,1113,p_contact,0.5306235508567116,0.5751498681913506,-0.044526317334638965
656941,Kyle Schwarber,L,breaking,1,1,1113,q,0.35720918249248496,0.2919981128226393,0.06521106966984563
656941,Kyle Schwarber,L,breaking,1,2,1372,p_swing,0.490941963079853,0.5790171627394397,-0.08807519965958671
656941,Kyle Schwarber,L,breaking,1,2,1372,p_contact,0.47631614066777206,0.512357746259754,-0.036041605591981996
656941,Kyle Schwarber,L,breaking,1,2,1372,q,0.31200454045771336,0.26563338120386504,0.046371159253848326
656941,Kyle Schwarber,L,breaking,2,0,166,p_swing,0.34135559983730335,0.3395736340117574,0.0017819658255459614
656941,Kyle Schwarber,L,breaking,2,0,166,p_contact,0.5675857115322331,0.6050390762712311,-0.03745336473899796
656941,Kyle Schwarber,L,breaking,2,0,166,q,0.4009844895945974,0.31161816481096916,0.08936632478362827
656941,Kyle Schwarber,L,breaking,2,1,411,p_swing,0.4613818027907136,0.5506326597344159,-0.08925085694370227
656941,Kyle Schwarber,L,breaking,2,1,411,p_contact,0.5432433549900992,0.5861016248303592,-0.04285826984025998
656941,Kyle Schwarber,L,breaking,2,1,411,q,0.3807928670388069,0.3044241486716372,0.07636871836716969
656941,Kyle Schwarber,L,breaking,2,2,997,p_swing,0.5944618587179529,0.6655285208214191,-0.07106666210346624
656941,Kyle Schwarber,L,breaking,2,2,997,p_contact,0.5732794001201379,0.6052555082104386,-0.031976108090300714
656941,Kyle Schwarber,L,breaking,2,2,997,q,0.35464449814234,0.29112329682505267,0.06352120131728733
656941,Kyle Schwarber,L,breaking,3,0,9,p_swing,0.04607622746779169,0.026019872844548094,0.020056354623243598
656941,Kyle Schwarber,L,breaking,3,0,9,p_contact,0.5516018933720059,0.5933510976990996,-0.041749204327093614
656941,Kyle Schwarber,L,breaking,3,0,9,q,0.32056745555665755,0.2731869236214293,0.04738053193522823
656941,Kyle Schwarber,L,breaking,3,1,75,p_swing,0.439209695137882,0.4402869870008743,-0.0010772918629923245
656941,Kyle Schwarber,L,breaking,3,1,75,p_contact,0.5441053573796913,0.5770284278662979,-0.03292307048660659
656941,Kyle Schwarber,L,breaking,3,1,75,q,0.36954261144002276,0.29972677584886553,0.06981583559115723
656941,Kyle Schwarber,L,breaking,3,2,407,p_swing,0.6583780822713946,0.694407628801885,-0.0360295465304904
656941,Kyle Schwarber,L,breaking,3,2,407,p_contact,0.6320329271352745,0.6527874620821524,-0.020754534946877956
656941,Kyle Schwarber,L,breaking,3,2,407,q,0.37842932868867896,0.30599317302437684,0.07243615566430212
656941,Kyle Schwarber,L,fastball,0,0,6576,p_swing,0.29349022681537074,0.2726451091157772,0.02084511769959352
656941,Kyle Schwarber,L,fastball,0,0,6576,p_contact,0.710722559958001,0.7083893545888982,0.0023332053691028642
656941,Kyle Schwarber,L,fastball,0,0,6576,q,0.4373968128073018,0.3310158227702179,0.1063809900370839
656941,Kyle Schwarber,L,fastball,0,1,2811,p_swing,0.39754208997570156,0.4799987166700863,-0.08245662669438475
656941,Kyle Schwarber,L,fastball,0,1,2811,p_contact,0.6840276875426232,0.6838459342304292,0.0001817533121940551
656941,Kyle Schwarber,L,fastball,0,1,2811,q,0.40582904925722957,0.3087612368043198,0.09706781245290974
656941,Kyle Schwarber,L,fastball,0,2,1320,p_swing,0.46164553010873116,0.4903662169565669,-0.02872068684783574
656941,Kyle Schwarber,L,fastball,0,2,1320,p_contact,0.6728636968717955,0.6445037837443601,0.028359913127435354
656941,Kyle Schwarber,L,fastball,0,2,1320,q,0.3840858340432698,0.2951189918459506,0.08896684219731921
656941,Kyle Schwarber,L,fastball,1,0,2463,p_swing,0.38993274072408,0.42989379204137784,-0.039961051317297824
656941,Kyle Schwarber,L,fastball,1,0,2463,p_contact,0.7183791972915196,0.7219112371203588,-0.0035320398288392063
656941,Kyle Schwarber,L,fastball,1,0,2463,q,0.44978745408141413,0.33890090056178146,0.11088655351963267
656941,Kyle Schwarber,L,fastball,1,1,2288,p_swing,0.4593847855191234,0.5457291598181925,-0.0863443742990691
656941,Kyle Schwarber,L,fastball,1,1,2288,p_contact,0.7098462133388468,0.7139062576619684,-0.00406004432312157
656941,Kyle Schwarber,L,fastball,1,1,2288,q,0.4285792441276664,0.3234762899289103,0.1051029541987561
656941,Kyle Schwarber,L,fastball,1,2,1906,p_swing,0.5350167796139236,0.5709157039039364,-0.035898924290012846
656941,Kyle Schwarber,L,fastball,1,2,1906,p_contact,0.6995907781472347,0.6833614871557974,0.01622929099143733
656941,Kyle Schwarber,L,fastball,1,2,1906,q,0.40271607194396847,0.303929672492756,0.09878639945121248
656941,Kyle Schwarber,L,fastball,2,0,1066,p_swing,0.42874907751624364,0.418259970275048,0.010489107241195617
656941,Kyle Schwarber,L,fastball,2,0,1066,p_contact,0.7265120181071574,0.7294438052966206,-0.0029317871894631864
656941,Kyle Schwarber,L,fastball,2,0,1066,q,0.46416381604647994,0.34793170709456495,0.11623210895191499
656941,Kyle Schwarber,L,fastball,2,1,1350,p_swing,0.5355169951802327,0.5982486775038485,-0.06273168232361581
656941,Kyle Schwarber,L,fastball,2,1,1350,p_contact,0.7404906185042907,0.7465004725784956,-0.006009854074204957
656941,Kyle Schwarber,L,fastball,2,1,1350,q,0.46398789239150506,0.344708575528253,0.11927931686325205
656941,Kyle Schwarber,L,fastball,2,2,1740,p_swing,0.6218551600672709,0.6506654248659574,-0.028810264798686425
656941,Kyle Schwarber,L,fastball,2,2,1740,p_contact,0.7561501897691519,0.7435969202323979,0.012553269536754064
656941,Kyle Schwarber,L,fastball,2,2,1740,q,0.42505918531410997,0.3183847181723378,0.10667446714177214
656941,Kyle Schwarber,L,fastball,3,0,410,p_swing,0.23077848532046608,0.07121745057373467,0.1595610347467314
656941,Kyle Schwarber,L,fastball,3,0,410,p_contact,0.8035809071326384,0.7973996378315011,0.006181269301137271
656941,Kyle Schwarber,L,fastball,3,0,410,q,0.5459121525832793,0.3876935419177682,0.15821861066551107
656941,Kyle Schwarber,L,fastball,3,1,723,p_swing,0.5901492594451434,0.5533546197453322,0.03679463969981123
656941,Kyle Schwarber,L,fastball,3,1,723,p_contact,0.7699084697747899,0.7684873618821402,0.001421107892649709
656941,Kyle Schwarber,L,fastball,3,1,723,q,0.5176889664219129,0.37436407285086803,0.14332489357104483
656941,Kyle Schwarber,L,fastball,3,2,1318,p_swing,0.7096148509567723,0.7075042843281432,0.0021105666286291846
656941,Kyle Schwarber,L,fastball,3,2,1318,p_contact,0.8021537270855063,0.7881898312952981,0.01396389579020818
656941,Kyle Schwarber,L,fastball,3,2,1318,q,0.46545631687505923,0.3418372595280816,0.12361905734697765
656941,Kyle Schwarber,L,offspeed,0,0,1050,p_swing,0.32089741156101587,0.31690182263621086,0.003995588924805005
656941,Kyle Schwarber,L,offspeed,0,0,1050,p_contact,0.5035181611476999,0.5146900500862774,-0.011171888938577568
656941,Kyle Schwarber,L,offspeed,0,0,1050,q,0.3393671562203339,0.2868944182479665,0.0524727379723674
656941,Kyle Schwarber,L,offspeed,0,1,806,p_swing,0.39319765300134135,0.5011355456086495,-0.10793789260730813
656941,Kyle Schwarber,L,offspeed,0,1,806,p_contact,0.4900315526026515,0.5128617384767113,-0.022830185874059827
656941,Kyle Schwarber,L,offspeed,0,1,806,q,0.31280001737269814,0.27137329635952157,0.04142672101317657
656941,Kyle Schwarber,L,offspeed,0,2,334,p_swing,0.40740533549670205,0.5036834132857038,-0.09627807778900171
656941,Kyle Schwarber,L,offspeed,0,2,334,p_contact,0.4861504610307312,0.48842377074731075,-0.0022733097165795746
656941,Kyle Schwarber,L,offspeed,0,2,334,q,0.274463480728829,0.24205602092155348,0.032407459807275496
656941,Kyle Schwarber,L,offspeed,1,0,660,p_swing,0.4121222931781377,0.455071061205788,-0.0429487680276503
656941,Kyle Schwarber,L,offspeed,1,0,660,p_contact,0.5239947062552374,0.538948928757298,-0.014954222502060688
656941,Kyle Schwarber,L,offspeed,1,0,660,q,0.36877756937209405,0.3052833414896194,0.06349422788247466
656941,Kyle Schwarber,L,offspeed,1,1,756,p_swing,0.4805345749834761,0.578159271017101,-0.09762469603362484
656941,Kyle Schwarber,L,offspeed,1,1,756,p_contact,0.5475920770782381,0.5671141324431292,-0.019522055364891155
656941,Kyle Schwarber,L,offspeed,1,1,756,q,0.3531489671360721,0.29500374587489264,0.058145221261179436
656941,Kyle Schwarber,L,offspeed,1,2,536,p_swing,0.4937272044471435,0.5851326156133441,-0.09140541116620055
656941,Kyle Schwarber,L,offspeed,1,2,536,p_contact,0.5310431882710452,0.5392553750824167,-0.00821218681137148
656941,Kyle Schwarber,L,offspeed,1,2,536,q,0.30502075013885305,0.2616362055555097,0.04338454458334334
656941,Kyle Schwarber,L,offspeed,2,0,163,p_swing,0.42268934638854194,0.4230839340478378,-0.00039458765929584194
656941,Kyle Schwarber,L,offspeed,2,0,163,p_contact,0.5207412643743782,0.5278142781922803,-0.007073013817902152
656941,Kyle Schwarber,L,offspeed,2,0,163,q,0.3717029912431547,0.3064275875102523,0.06527540373290242
656941,Kyle Schwarber,L,offspeed,2,1,355,p_swing,0.5577781540843408,0.6420883693532151,-0.08431021526887428
656941,Kyle Schwarber,L,offspeed,2,1,355,p_contact,0.597612259256601,0.614500787342924,-0.016888528086323018
656941,Kyle Schwarber,L,offspeed,2,1,355,q,0.39886840852633326,0.32259645819118327,0.07627195033515
656941,Kyle Schwarber,L,offspeed,2,2,497,p_swing,0.5907861999173037,0.6655215114101716,-0.07473531149286783
656941,Kyle Schwarber,L,offspeed,2,2,497,p_contact,0.5958355614616605,0.6013136359724229,-0.005478074510762432
656941,Kyle Schwarber,L,offspeed,2,2,497,q,0.3477292945327413,0.286194917191592,0.061534377341149304
656941,Kyle Schwarber,L,offspeed,3,0,8,p_swing,0.22163493198604556,0.08680561931831847,0.13482931266772707
656941,Kyle Schwarber,L,offspeed,3,0,8,p_contact,0.4282306344830431,0.431145961059367,-0.0029153265763238734
656941,Kyle Schwarber,L,offspeed,3,0,8,q,0.36987119168043137,0.29432402349077164,0.07554716818965973
656941,Kyle Schwarber,L,offspeed,3,1,95,p_swing,0.5510437620141985,0.5538905634584813,-0.0028468014442828427
656941,Kyle Schwarber,L,offspeed,3,1,95,p_contact,0.5857372685825746,0.5911614729478812,-0.005424204365306662
656941,Kyle Schwarber,L,offspeed,3,1,95,q,0.42174554043694545,0.33195252396087893,0.08979301647606652
656941,Kyle Schwarber,L,offspeed,3,2,291,p_swing,0.7125393644572237,0.7454096939663373,-0.032870329509113616
656941,Kyle Schwarber,L,offspeed,3,2,291,p_contact,0.6662969408353592,0.6702891578555633,-0.003992217020204136
656941,Kyle Schwarber,L,offspeed,3,2,291,q,0.4071565909740032,0.3191207641473238,0.08803582682667938
656941,Kyle Schwarber,L,other,0,0,4,p_swing,7.160607270584302e-11,1.1525130052937019e-10,-4.3645227823527166e-11
656941,Kyle Schwarber,L,other,0,0,4,p_contact,0.2076467904553283,0.1907687457722568,0.016878044683071497
656941,Kyle Schwarber,L,other,0,0,4,q,0.15540242940187454,0.1741318056732416,-0.01872937627136706
656941,Kyle Schwarber,L,other,1,0,9,p_swing,1.5902414111682397e-10,3.1115464025459394e-10,-1.5213049913776996e-10
656941,Kyle Schwarber,L,other,1,0,9,p_contact,0.03064375857502455,0.024213870838738733,0.006429887736285816
656941,Kyle Schwarber,L,other,1,0,9,q,0.15900210042794546,0.17171181031399305,-0.012709709886047582
656941,Kyle Schwarber,L,other,2,0,8,p_swing,2.111671054707142e-09,7.534637208512423e-09,-5.4229661538052806e-09
656941,Kyle Schwarber,L,other,2,0,8,p_contact,0.043535996141145006,0.04130411340458522,0.002231882736559783
656941,Kyle Schwarber,L,other,2,0,8,q,0.16143630258738995,0.17786264733411372,-0.016426344746723776
656941,Kyle Schwarber,L,other,3,0,6,p_swing,5.326691985621642e-10,1.6504020047405272e-09,-1.117732806178363e-09
656941,Kyle Schwarber,L,other,3,0,6,p_contact,0.2284856656769989,0.21524690790095974,0.013238757776039167
656941,Kyle Schwarber,L,other,3,0,6,q,0.1462580089767774,0.15598492390165725,-0.009726914924879843
545361,Mike Trout,R,breaking,0,0,2922,p_swing,0.12881832310368901,0.2361270635965232,-0.10730874049283418
545361,Mike Trout,R,breaking,0,0,2922,p_contact,0.6207123626360065,0.5581829194516942,0.0625294431843123
545361,Mike Trout,R,breaking,0,0,2922,q,0.3833767210352021,0.29150002611075604,0.09187669492444606
545361,Mike Trout,R,breaking,0,1,1635,p_swing,0.41453746043156964,0.46964029353016357,-0.05510283309859393
545361,Mike Trout,R,breaking,0,1,1635,p_contact,0.5758733586832412,0.5109342356023828,0.06493912308085836
545361,Mike Trout,R,breaking,0,1,1635,q,0.3779919990751357,0.2720209077695094,0.10597109130562632
545361,Mike Trout,R,breaking,0,2,1009,p_swing,0.44218933038751673,0.5029298415222081,-0.060740511134691366
545361,Mike Trout,R,breaking,0,2,1009,p_contact,0.49642647202433227,0.4521478040498477,0.04427866797448454
545361,Mike Trout,R,breaking,0,2,1009,q,0.3371742752678803,0.24892614071876756,0.08824813454911273
545361,Mike Trout,R,breaking,1,0,930,p_swing,0.25625007439140357,0.35024930921287867,-0.0939992348214751
545361,Mike Trout,R,breaking,1,0,930,p_contact,0.6055032722567333,0.5460208116883732,0.05948246056836004
545361,Mike Trout,R,breaking,1,0,930,q,0.3972499329877156,0.29623326252224624,0.10101667046546936
545361,Mike Trout,R,breaking,1,1,1222,p_swing,0.4682805787468014,0.5134597127282964,-0.04517913398149498
545361,Mike Trout,R,breaking,1,1,1222,p_contact,0.6181562399028393,0.5664600113194505,0.05169622858338885
545361,Mike Trout,R,breaking,1,1,1222,q,0.4061656220863328,0.29331203223936225,0.11285358984697053
545361,Mike Trout,R,breaking,1,2,1360,p_swing,0.5083188779389747,0.5643271940061847,-0.05600831606721002
545361,Mike Trout,R,breaking,1,2,1360,p_contact,0.5555491547815377,0.5124103101129207,0.04313884466861695
545361,Mike Trout,R,breaking,1,2,1360,q,0.36181847604868167,0.263996157190872,0.09782231885780968
545361,Mike Trout,R,breaking,2,0,194,p_swing,0.2897409457558971,0.36919790587271756,-0.07945696011682046
545361,Mike Trout,R,breaking,2,0,194,p_contact,0.6351802103042443,0.5627622395110856,0.0724179707931587
545361,Mike Trout,R,breaking,2,0,194,q,0.42879685636648196,0.3130376617234085,0.11575919464307344
545361,Mike Trout,R,breaking,2,1,507,p_swing,0.506293628120883,0.5443030783435715,-0.038009450222688534
545361,Mike Trout,R,breaking,2,1,507,p_contact,0.6541216645688841,0.6051250000749748,0.04899666449390927
545361,Mike Trout,R,breaking,2,1,507,q,0.43133394811045256,0.3100840491372394,0.12124989897321314
545361,Mike Trout,R,breaking,2,2,1059,p_swing,0.5700207361877813,0.6189353440818731,-0.048914607894091855
545361,Mike Trout,R,breaking,2,2,1059,p_contact,0.5996452795792326,0.5520102890334924,0.047634990545740274
545361,Mike Trout,R,breaking,2,2,1059,q,0.379075984631483,0.2776550460636362,0.10142093856784679
545361,Mike Trout,R,breaking,3,0,8,p_swing,0.07737929253971743,0.0922192334957765,-0.014839940956059075
545361,Mike Trout,R,breaking,3,0,8,p_contact,0.7272584680467844,0.6629793346075894,0.064279133439195
545361,Mike Trout,R,breaking,3,0,8,q,0.4270660411566496,0.3014364239713177,0.1256296171853319
545361,Mike Trout,R,breaking,3,1,129,p_swing,0.37141812008087793,0.4384208268614961,-0.06700270678061815
545361,Mike Trout,R,breaking,3,1,129,p_contact,0.6574889455485164,0.6139164612508106,0.04357248429770588
545361,Mike Trout,R,breaking,3,1,129,q,0.42533976313217664,0.3159809060198392,0.10935885711233745
545361,Mike Trout,R,breaking,3,2,452,p_swing,0.6256342839700735,0.6755884216368961,-0.04995413766682266
545361,Mike Trout,R,breaking,3,2,452,p_contact,0.6792510416748611,0.6475551044315639,0.03169593724329711
545361,Mike Trout,R,breaking,3,2,452,q,0.41535504233190973,0.3029412899669095,0.11241375236500023
545361,Mike Trout,R,fastball,0,0,6347,p_swing,0.20856425948882934,0.2795243948972726,-0.07096013540844326
545361,Mike Trout,R,fastball,0,0,6347,p_contact,0.7399128373167314,0.7040150026914891,0.03589783462524232
545361,Mike Trout,R,fastball,0,0,6347,q,0.43285617079719024,0.32635485301480666,0.10650131778238359
545361,Mike Trout,R,fastball,0,1,2845,p_swing,0.4465440887183257,0.4873012190673904,-0.040757130349064696
545361,Mike Trout,R,fastball,0,1,2845,p_contact,0.6998055858303548,0.6876028092775306,0.012202776552824202
545361,Mike Trout,R,fastball,0,1,2845,q,0.4046958874655734,0.31099290512013783,0.09370298234543556
545361,Mike Trout,R,fastball,0,2,1368,p_swing,0.3759348960913022,0.48780617736698173,-0.11187128127567952
545361,Mike Trout,R,fastball,0,2,1368,p_contact,0.6106400783825172,0.6447166403177698,-0.03407656193525255
545361,Mike Trout,R,fastball,0,2,1368,q,0.3567116331766572,0.2977851270454015,0.05892650613125572
545361,Mike Trout,R,fastball,1,0,2435,p_swing,0.40772848690484437,0.4408973535480108,-0.03316886664316643
545361,Mike Trout,R,fastball,1,0,2435,p_contact,0.7506319364289779,0.7273846769690491,0.023247259459928782
545361,Mike Trout,R,fastball,1,0,2435,q,0.45639521098357205,0.337013421070282,0.11938178991329007
545361,Mike Trout,R,fastball,1,1,2341,p_swing,0.5131060852109964,0.5432489924028152,-0.03014290719181878
545361,Mike Trout,R,fastball,1,1,2341,p_contact,0.7107964509099842,0.7038485945509023,0.006947856359081905
545361,Mike Trout,R,fastball,1,1,2341,q,0.42361602956402866,0.3228731396147287,0.10074288994929997
545361,Mike Trout,R,fastball,1,2,1837,p_swing,0.4604623426803223,0.5596267601357192,-0.09916441745539689
545361,Mike Trout,R,fastball,1,2,1837,p_contact,0.6559185298392272,0.6793901890151841,-0.02347165917595695
545361,Mike Trout,R,fastball,1,2,1837,q,0.37543034204725473,0.30374118607276296,0.07168915597449177
545361,Mike Trout,R,fastball,2,0,1036,p_swing,0.4311201336569609,0.43833077381166946,-0.00721064015470857
545361,Mike Trout,R,fastball,2,0,1036,p_contact,0.7603538879669954,0.7438885220752145,0.016465365891780936
545361,Mike Trout,R,fastball,2,0,1036,q,0.46781712629505107,0.34636998395032775,0.12144714234472331
545361,Mike Trout,R,fastball,2,1,1362,p_swing,0.5909551531257928,0.6023104244295613,-0.011355271303768455
545361,Mike Trout,R,fastball,2,1,1362,p_contact,0.7423686089424762,0.7384487122889172,0.003919896653559074
545361,Mike Trout,R,fastball,2,1,1362,q,0.45915025712788193,0.34243285225819187,0.11671740486969007
545361,Mike Trout,R,fastball,2,2,1702,p_swing,0.5745732692872854,0.6400818746831767,-0.06550860539589132
545361,Mike Trout,R,fastball,2,2,1702,p_contact,0.738316579659488,0.742290406405478,-0.003973826745990006
545361,Mike Trout,R,fastball,2,2,1702,q,0.4113045623383707,0.3204276501291051,0.09087691220926558
545361,Mike Trout,R,fastball,3,0,441,p_swing,0.1075959300526222,0.07709395292064088,0.030501977131981328
545361,Mike Trout,R,fastball,3,0,441,p_contact,0.841209243222767,0.7859660174810251,0.0552432257417419
545361,Mike Trout,R,fastball,3,0,441,q,0.49752588455233715,0.38148841243989073,0.11603747211244642
545361,Mike Trout,R,fastball,3,1,662,p_swing,0.5686223707731424,0.5462510690471756,0.022371301725966797
545361,Mike Trout,R,fastball,3,1,662,p_contact,0.778462729973893,0.7637563757483428,0.014706354225550222
545361,Mike Trout,R,fastball,3,1,662,q,0.494915117928899,0.36217096457753073,0.13274415335136824
545361,Mike Trout,R,fastball,3,2,1327,p_swing,0.7085366199729787,0.7317949407757858,-0.023258320802807098
545361,Mike Trout,R,fastball,3,2,1327,p_contact,0.8093370795214408,0.8032486705117643,0.006088409009676554
545361,Mike Trout,R,fastball,3,2,1327,q,0.4645037687332359,0.3525625146231765,0.1119412541100594
545361,Mike Trout,R,offspeed,0,0,795,p_swing,0.22474045844519602,0.3293152360853034,-0.10457477764010736
545361,Mike Trout,R,offspeed,0,0,795,p_contact,0.609898641304832,0.5380072181805138,0.07189142312431818
545361,Mike Trout,R,offspeed,0,0,795,q,0.3919964409099435,0.29119683923511386,0.10079960167482965
545361,Mike Trout,R,offspeed,0,1,714,p_swing,0.4627506579144861,0.49310691272773277,-0.030356254813246664
545361,Mike Trout,R,offspeed,0,1,714,p_contact,0.5518666495202076,0.5037289141985464,0.04813773532166121
545361,Mike Trout,R,offspeed,0,1,714,q,0.37032620241495073,0.26564412551423333,0.1046820769007174
545361,Mike Trout,R,offspeed,0,2,320,p_swing,0.4671319738403401,0.5308875104285345,-0.06375553658819444
545361,Mike Trout,R,offspeed,0,2,320,p_contact,0.5486179356354342,0.5096834219967834,0.03893451363865075
545361,Mike Trout,R,offspeed,0,2,320,q,0.3369191143894568,0.24399387923115864,0.09292523515829818
545361,Mike Trout,R,offspeed,1,0,570,p_swing,0.382307762136018,0.4529575775436673,-0.07064981540764925
545361,Mike Trout,R,offspeed,1,0,570,p_contact,0.6137341671037129,0.5525494855897102,0.06118468151400269
545361,Mike Trout,R,offspeed,1,0,570,q,0.4072962231934071,0.29965342078965745,0.10764280240374963
545361,Mike Trout,R,offspeed,1,1,650,p_swing,0.53185895363475,0.5595820004086683,-0.027723046773918347
545361,Mike Trout,R,offspeed,1,1,650,p_contact,0.6156761809419438,0.5562162827757807,0.05945989816616304
545361,Mike Trout,R,offspeed,1,1,650,q,0.4128254513098643,0.2882596125569481,0.12456583875291621
545361,Mike Trout,R,offspeed,1,2,571,p_swing,0.5371752559163515,0.5921376470275586,-0.05496239111120704
545361,Mike Trout,R,offspeed,1,2,571,p_contact,0.5792829459876887,0.5385773116511104,0.040705634336578256
545361,Mike Trout,R,offspeed,1,2,571,q,0.3600127703254152,0.25673902608813054,0.10327374423728464
545361,Mike Trout,R,offspeed,2,0,132,p_swing,0.3571964685713557,0.4134235922802207,-0.05622712370886501
545361,Mike Trout,R,offspeed,2,0,132,p_contact,0.6472537519794335,0.5876063378591432,0.05964741412029029
545361,Mike Trout,R,offspeed,2,0,132,q,0.43302415587911103,0.3119435307510536,0.12108062512805745
545361,Mike Trout,R,offspeed,2,1,306,p_swing,0.5894828921256487,0.6146394391504415,-0.025156547024792753
545361,Mike Trout,R,offspeed,2,1,306,p_contact,0.6588930338993972,0.5906271560875034,0.06826587781189386
545361,Mike Trout,R,offspeed,2,1,306,q,0.44248709077733794,0.3068082357029997,0.13567885507433824
545361,Mike Trout,R,offspeed,2,2,485,p_swing,0.6243476403073258,0.6786648918044418,-0.05431725149711597
545361,Mike Trout,R,offspeed,2,2,485,p_contact,0.6543155627160455,0.6059246519753299,0.048390910740715665
545361,Mike Trout,R,offspeed,2,2,485,q,0.4086494488814442,0.28605633169113054,0.12259311719031368
545361,Mike Trout,R,offspeed,3,0,9,p_swing,0.10180188838340756,0.10666993281029136,-0.004868044426883794
545361,Mike Trout,R,offspeed,3,0,9,p_contact,0.5162759845455488,0.3754888373916361,0.14078714715391272
545361,Mike Trout,R,offspeed,3,0,9,q,0.3672572904162937,0.27048140262564024,0.09677588779065344
545361,Mike Trout,R,offspeed,3,1,53,p_swing,0.5082729957636841,0.5518176085225659,-0.04354461275888177
545361,Mike Trout,R,offspeed,3,1,53,p_contact,0.6826732007540622,0.6153504991602649,0.06732270159379738
545361,Mike Trout,R,offspeed,3,1,53,q,0.4630605598103325,0.3427494356696898,0.12031112414064271
545361,Mike Trout,R,offspeed,3,2,229,p_swing,0.6721573759253786,0.7185004479362901,-0.04634307201091148
545361,Mike Trout,R,offspeed,3,2,229,p_contact,0.7035160877514826,0.6581118989570683,0.04540418879441421
545361,Mike Trout,R,offspeed,3,2,229,q,0.44779480528493115,0.3182256200436226,0.12956918524130856
545361,Mike Trout,R,other,0,0,6,p_swing,2.353692689192221e-12,3.2842645784410254e-10,-3.260727651549103e-10
545361,Mike Trout,R,other,0,0,6,p_contact,0.1353051190574964,0.16926379478148493,-0.03395867572398853
545361,Mike Trout,R,other,0,0,6,q,0.14856448769569397,0.1498119760180513,-0.0012474883223573263
545361,Mike Trout,R,other,1,0,10,p_swing,1.107078743637306e-10,4.730143229943638e-09,-4.619435355579908e-09
545361,Mike Trout,R,other,1,0,10,p_contact,0.09300997487735004,0.11417683263495927,-0.021166857757609236
545361,Mike Trout,R,other,1,0,10,q,0.15849643349647521,0.16388243602216243,-0.005386002525687217
545361,Mike Trout,R,other,2,0,11,p_swing,8.276729236103752e-12,9.462771311984263e-10,-9.380004019623226e-10
545361,Mike Trout,R,other,2,0,11,p_contact,0.12407937925308943,0.1560299221949059,-0.031950542941816484
545361,Mike Trout,R,other,2,0,11,q,0.15428424152460965,0.1576614661785689,-0.00337722465395926
545361,Mike Trout,R,other,3,0,9,p_swing,9.07611210079292e-12,9.15178600144177e-10,-9.06102488043384e-10
545361,Mike Trout,R,other,3,0,9,p_contact,0.11445061717596319,0.15164262491627598,-0.03719200774031278
545361,Mike Trout,R,other,3,0,9,q,0.15201781690120697,0.15270028351909584,-0.0006824666178888716
665742,Juan Soto,R,breaking,0,0,2922,p_swing,0.2193304906825053,0.2361270635965232,-0.0167965729140179
665742,Juan Soto,R,breaking,0,0,2922,p_contact,0.5282299432930252,0.5581829194516942,-0.029952976158668987
665742,Juan Soto,R,breaking,0,0,2922,q,0.3088051692406092,0.29150002611075604,0.01730514312985315
665742,Juan Soto,R,breaking,0,1,1635,p_swing,0.31823318787524446,0.46964029353016357,-0.1514071056549191
665742,Juan Soto,R,breaking,0,1,1635,p_contact,0.48415138963760784,0.5109342356023828,-0.02678284596477498
665742,Juan Soto,R,breaking,0,1,1635,q,0.2689736759717311,0.2720209077695094,-0.0030472317977782715
665742,Juan Soto,R,breaking,0,2,1009,p_swing,0.35152570879594697,0.5029298415222081,-0.15140413272626113
665742,Juan Soto,R,breaking,0,2,1009,p_contact,0.43258990748397685,0.4521478040498477,-0.01955789656587087
665742,Juan Soto,R,breaking,0,2,1009,q,0.23399573681936983,0.24892614071876756,-0.014930403899397732
665742,Juan Soto,R,breaking,1,0,930,p_swing,0.2519543453012868,0.35024930921287867,-0.09829496391159187
665742,Juan Soto,R,breaking,1,0,930,p_contact,0.5205212421675671,0.5460208116883732,-0.02549956952080612
665742,Juan Soto,R,breaking,1,0,930,q,0.30887076477369957,0.29623326252224624,0.012637502251453325
665742,Juan Soto,R,breaking,1,1,1222,p_swing,0.37563200129270014,0.5134597127282964,-0.13782771143559625
665742,Juan Soto,R,breaking,1,1,1222,p_contact,0.548116471051702,0.5664600113194505,-0.018343540267748426
665742,Juan Soto,R,breaking,1,1,1222,q,0.3031077307607802,0.29331203223936225,0.009795698521417928
665742,Juan Soto,R,breaking,1,2,1360,p_swing,0.41689387760947716,0.5643271940061847,-0.14743331639670754
665742,Juan Soto,R,breaking,1,2,1360,p_contact,0.49997012565618665,0.5124103101129207,-0.01244018445673406
665742,Juan Soto,R,breaking,1,2,1360,q,0.25618398895706324,0.263996157190872,-0.007812168233808758
665742,Juan Soto,R,breaking,2,0,194,p_swing,0.26782186971113614,0.36919790587271756,-0.10137603616158142
665742,Juan Soto,R,breaking,2,0,194,p_contact,0.5478657489661366,0.5627622395110856,-0.014896490544949015
665742,Juan Soto,R,breaking,2,0,194,q,0.32481420462586214,0.3130376617234085,0.011776542902453613
665742,Juan Soto,R,breaking,2,1,507,p_swing,0.41610410781432156,0.5443030783435715,-0.12819897052924994
665742,Juan Soto,R,breaking,2,1,507,p_contact,0.5926261220580201,0.6051250000749748,-0.012498878016954706
665742,Juan Soto,R,breaking,2,1,507,q,0.3287854233290082,0.3100840491372394,0.01870137419176876
665742,Juan Soto,R,breaking,2,2,1059,p_swing,0.476005355023455,0.6189353440818731,-0.14292998905841814
665742,Juan Soto,R,breaking,2,2,1059,p_contact,0.5492965613417115,0.5520102890334924,-0.0027137276917809094
665742,Juan Soto,R,breaking,2,2,1059,q,0.2733053480775374,0.2776550460636362,-0.004349697986098799
665742,Juan Soto,R,breaking,3,0,8,p_swing,0.15486678961315192,0.0922192334957765,0.06264755611737542
665742,Juan Soto,R,breaking,3,0,8,p_contact,0.6590430822689086,0.6629793346075894,-0.003936252338680779
665742,Juan Soto,R,breaking,3,0,8,q,0.32781657204031944,0.3014364239713177,0.02638014806900174
665742,Juan Soto,R,breaking,3,1,129,p_swing,0.3698420955527884,0.4384208268614961,-0.06857873130870767
665742,Juan Soto,R,breaking,3,1,129,p_contact,0.5982547243594557,0.6139164612508106,-0.01566173689135486
665742,Juan Soto,R,breaking,3,1,129,q,0.3474878172079722,0.3159809060198392,0.031506911188133035
665742,Juan Soto,R,breaking,3,2,452,p_swing,0.5941940206860438,0.6755884216368961,-0.08139440095085237
665742,Juan Soto,R,breaking,3,2,452,p_contact,0.660782947641601,0.6475551044315639,0.013227843210037005
665742,Juan Soto,R,breaking,3,2,452,q,0.32562337467957914,0.3029412899669095,0.022682084712669637
665742,Juan Soto,R,fastball,0,0,6347,p_swing,0.2837057717907171,0.2795243948972726,0.0041813768934444995
665742,Juan Soto,R,fastball,0,0,6347,p_contact,0.6917433062599473,0.7040150026914891,-0.012271696431541801
665742,Juan Soto,R,fastball,0,0,6347,q,0.3878887208709524,0.32635485301480666,0.06153386785614573
665742,Juan Soto,R,fastball,0,1,2845,p_swing,0.38473631547472714,0.4873012190673904,-0.10256490359266324
665742,Juan Soto,R,fastball,0,1,2845,p_contact,0.6856112072380653,0.6876028092775306,-0.0019916020394652456
665742,Juan Soto,R,fastball,0,1,2845,q,0.37074175270140064,0.31099290512013783,0.05974884758126281
665742,Juan Soto,R,fastball,0,2,1368,p_swing,0.44696313096498586,0.48780617736698173,-0.040843046401995875
665742,Juan Soto,R,fastball,0,2,1368,p_contact,0.6769133176840829,0.6447166403177698,0.03219667736631315
665742,Juan Soto,R,fastball,0,2,1368,q,0.3562420338925998,0.2977851270454015,0.05845690684719829
665742,Juan Soto,R,fastball,1,0,2435,p_swing,0.3427473160717636,0.4408973535480108,-0.09815003747624718
665742,Juan Soto,R,fastball,1,0,2435,p_contact,0.7169998744439178,0.7273846769690491,-0.010384802525131298
665742,Juan Soto,R,fastball,1,0,2435,q,0.39699438179420493,0.337013421070282,0.05998096072392295
665742,Juan Soto,R,fastball,1,1,2341,p_swing,0.42505551060141394,0.5432489924028152,-0.11819348180140127
665742,Juan Soto,R,fastball,1,1,2341,p_contact,0.7029951215607848,0.7038485945509023,-0.0008534729901175098
665742,Juan Soto,R,fastball,1,1,2341,q,0.388858821190534,0.3228731396147287,0.06598568157580531
665742,Juan Soto,R,fastball,1,2,1837,p_swing,0.5114949418477113,0.5596267601357192,-0.048131818288007944
665742,Juan Soto,R,fastball,1,2,1837,p_contact,0.708752228276019,0.6793901890151841,0.029362039260834916
665742,Juan Soto,R,fastball,1,2,1837,q,0.36785929822035957,0.30374118607276296,0.0641181121475966
665742,Juan Soto,R,fastball,2,0,1036,p_swing,0.3671390377955622,0.43833077381166946,-0.07119173601610729
665742,Juan Soto,R,fastball,2,0,1036,p_contact,0.7313219567421563,0.7438885220752145,-0.012566565333058222
665742,Juan Soto,R,fastball,2,0,1036,q,0.4068424530744438,0.34636998395032775,0.060472469124116024
665742,Juan Soto,R,fastball,2,1,1362,p_swing,0.48572554435450516,0.6023104244295613,-0.11658488007505613
665742,Juan Soto,R,fastball,2,1,1362,p_contact,0.7349589596878333,0.7384487122889172,-0.003489752601083862
665742,Juan Soto,R,fastball,2,1,1362,q,0.41115082344163356,0.34243285225819187,0.0687179711834417
665742,Juan Soto,R,fastball,2,2,1702,p_swing,0.5877968712941362,0.6400818746831767,-0.05228500338904052
665742,Juan Soto,R,fastball,2,2,1702,p_contact,0.7696259204580662,0.742290406405478,0.02733551405258816
665742,Juan Soto,R,fastball,2,2,1702,q,0.392819965216654,0.3204276501291051,0.0723923150875489
665742,Juan Soto,R,fastball,3,0,441,p_swing,0.17388508249594883,0.07709395292064088,0.09679112957530796
665742,Juan Soto,R,fastball,3,0,441,p_contact,0.7781744908917348,0.7859660174810251,-0.007791526589290276
665742,Juan Soto,R,fastball,3,0,441,q,0.4540190427920986,0.38148841243989073,0.07253063035220786
665742,Juan Soto,R,fastball,3,1,662,p_swing,0.4603464481656872,0.5462510690471756,-0.08590462088148837
665742,Juan Soto,R,fastball,3,1,662,p_contact,0.7561340402911827,0.7637563757483428,-0.007622335457160068
665742,Juan Soto,R,fastball,3,1,662,q,0.42539049902216186,0.36217096457753073,0.06321953444463113
665742,Juan Soto,R,fastball,3,2,1327,p_swing,0.6909958127965011,0.7317949407757858,-0.040799127979284644
665742,Juan Soto,R,fastball,3,2,1327,p_contact,0.8270156637768685,0.8032486705117643,0.02376699326510423
665742,Juan Soto,R,fastball,3,2,1327,q,0.4353362331398466,0.3525625146231765,0.08277371851667009
665742,Juan Soto,R,offspeed,0,0,795,p_swing,0.2519353465057299,0.3293152360853034,-0.07737988957957348
665742,Juan Soto,R,offspeed,0,0,795,p_contact,0.5073841324784524,0.5380072181805138,-0.030623085702061403
665742,Juan Soto,R,offspeed,0,0,795,q,0.2788581073471585,0.29119683923511386,-0.012338731887955368
665742,Juan Soto,R,offspeed,0,1,714,p_swing,0.3011807941793876,0.49310691272773277,-0.19192611854834518
665742,Juan Soto,R,offspeed,0,1,714,p_contact,0.4597720878763365,0.5037289141985464,-0.043956826322209874
665742,Juan Soto,R,offspeed,0,1,714,q,0.2391437517807764,0.26564412551423333,-0.026500373733456928
665742,Juan Soto,R,offspeed,0,2,320,p_swing,0.3787903181192746,0.5308875104285345,-0.15209719230925994
665742,Juan Soto,R,offspeed,0,2,320,p_contact,0.48769221867642687,0.5096834219967834,-0.021991203320356534
665742,Juan Soto,R,offspeed,0,2,320,q,0.21669718892080708,0.24399387923115864,-0.027296690310351562
665742,Juan Soto,R,offspeed,1,0,570,p_swing,0.2783977964966759,0.4529575775436673,-0.17455978104699138
665742,Juan Soto,R,offspeed,1,0,570,p_contact,0.5202215717719172,0.5525494855897102,-0.032327913817792986
665742,Juan Soto,R,offspeed,1,0,570,q,0.27837895200702184,0.29965342078965745,-0.021274468782635614
665742,Juan Soto,R,offspeed,1,1,650,p_swing,0.35507173297980915,0.5595820004086683,-0.2045102674288592
665742,Juan Soto,R,offspeed,1,1,650,p_contact,0.5228228293698591,0.5562162827757807,-0.03339345340592159
665742,Juan Soto,R,offspeed,1,1,650,q,0.26449733974841927,0.2882596125569481,-0.023762272808528828
665742,Juan Soto,R,offspeed,1,2,571,p_swing,0.423765589646867,0.5921376470275586,-0.16837205738069155
665742,Juan Soto,R,offspeed,1,2,571,p_contact,0.5208380275749181,0.5385773116511104,-0.017739284076192297
665742,Juan Soto,R,offspeed,1,2,571,q,0.22862604450949855,0.25673902608813054,-0.028112981578631985
665742,Juan Soto,R,offspeed,2,0,132,p_swing,0.2865237521121492,0.4134235922802207,-0.1268998401680715
665742,Juan Soto,R,offspeed,2,0,132,p_contact,0.5736693570883235,0.5876063378591432,-0.013936980770819729
665742,Juan Soto,R,offspeed,2,0,132,q,0.3061235955154354,0.3119435307510536,-0.00581993523561819
665742,Juan Soto,R,offspeed,2,1,306,p_swing,0.4023676206953746,0.6146394391504415,-0.21227181845506693
665742,Juan Soto,R,offspeed,2,1,306,p_contact,0.557166465539042,0.5906271560875034,-0.03346069054846135
665742,Juan Soto,R,offspeed,2,1,306,q,0.2843470295854643,0.3068082357029997,-0.02246120611753538
665742,Juan Soto,R,offspeed,2,2,485,p_swing,0.5227419044859499,0.6786648918044418,-0.15592298731849186
665742,Juan Soto,R,offspeed,2,2,485,p_contact,0.6035767168882585,0.6059246519753299,-0.002347935087071318
665742,Juan Soto,R,offspeed,2,2,485,q,0.2655163352944187,0.28605633169113054,-0.020539996396711835
665742,Juan Soto,R,offspeed,3,0,9,p_swing,0.13830830487940046,0.10666993281029136,0.031638372069109105
665742,Juan Soto,R,offspeed,3,0,9,p_contact,0.37369402177217936,0.3754888373916361,-0.0017948156194567133
665742,Juan Soto,R,offspeed,3,0,9,q,0.25444889979230034,0.27048140262564024,-0.0160325028333399
665742,Juan Soto,R,offspeed,3,1,53,p_swing,0.427802696515532,0.5518176085225659,-0.1240149120070339
665742,Juan Soto,R,offspeed,3,1,53,p_contact,0.6131216188418275,0.6153504991602649,-0.0022288803184373762
665742,Juan Soto,R,offspeed,3,1,53,q,0.3491075785373742,0.3427494356696898,0.00635814286768438
665742,Juan Soto,R,offspeed,3,2,229,p_swing,0.6154088786744142,0.7185004479362901,-0.1030915692618759
665742,Juan Soto,R,offspeed,3,2,229,p_contact,0.6840362330010888,0.6581118989570683,0.025924334044020503
665742,Juan Soto,R,offspeed,3,2,229,q,0.31360865813806066,0.3182256200436226,-0.004616961905561934
665742,Juan Soto,R,other,0,0,6,p_swing,4.119275982151038e-11,3.2842645784410254e-10,-2.8723369802259217e-10
665742,Juan Soto,R,other,0,0,6,p_contact,0.11672545596957207,0.16926379478148493,-0.05253833881191286
665742,Juan Soto,R,other,0,0,6,q,0.14591279874245325,0.1498119760180513,-0.003899177275598048
665742,Juan Soto,R,other,1,0,10,p_swing,5.021396516464002e-10,4.730143229943638e-09,-4.228003578297238e-09
665742,Juan Soto,R,other,1,0,10,p_contact,0.0726958164392272,0.11417683263495927,-0.041481016195732065
665742,Juan Soto,R,other,1,0,10,q,0.15255282521247865,0.16388243602216243,-0.011329610809683782
665742,Juan Soto,R,other,2,0,11,p_swing,8.322727366618641e-11,9.462771311984263e-10,-8.630498575322398e-10
665742,Juan Soto,R,other,2,0,11,p_contact,0.11630347121337598,0.1560299221949059,-0.03972645098152994
665742,Juan Soto,R,other,2,0,11,q,0.15160624953833493,0.1576614661785689,-0.006055216640233979
665742,Juan Soto,R,other,3,0,9,p_swing,1.8931086122728707e-10,9.15178600144177e-10,-7.258677389168899e-10
665742,Juan Soto,R,other,3,0,9,p_contact,0.1087470981809828,0.15164262491627598,-0.04289552673529318
665742,Juan Soto,R,other,3,0,9,q,0.14548435310522714,0.15270028351909584,-0.007215930413868699
592626,Joc Pederson,R,breaking,0,0,2922,p_swing,0.25561996700320383,0.2361270635965232,0.01949290340668064
592626,Joc Pederson,R,breaking,0,0,2922,p_contact,0.542707884636902,0.5581829194516942,-0.015475034814792177
592626,Joc Pederson,R,breaking,0,0,2922,q,0.35715419892157946,0.29150002611075604,0.06565417281082342
592626,Joc Pederson,R,breaking,0,1,1635,p_swing,0.4727203548837985,0.46964029353016357,0.003080061353634922
592626,Joc Pederson,R,breaking,0,1,1635,p_contact,0.5179526551094625,0.5109342356023828,0.0070184195070797095
592626,Joc Pederson,R,breaking,0,1,1635,q,0.3246433910836867,0.2720209077695094,0.05262248331417735
592626,Joc Pederson,R,breaking,0,2,1009,p_swing,0.47946217999336044,0.5029298415222081,-0.02346766152884766
592626,Joc Pederson,R,breaking,0,2,1009,p_contact,0.47528262781622965,0.4521478040498477,0.02313482376638193
592626,Joc Pederson,R,breaking,0,2,1009,q,0.29081096497573866,0.24892614071876756,0.0418848242569711
592626,Joc Pederson,R,breaking,1,0,930,p_swing,0.36273981484884843,0.35024930921287867,0.012490505635969762
592626,Joc Pederson,R,breaking,1,0,930,p_contact,0.5347311615481746,0.5460208116883732,-0.01128965014019867
592626,Joc Pederson,R,breaking,1,0,930,q,0.3626076970369585,0.29623326252224624,0.06637443451471225
592626,Joc Pederson,R,breaking,1,1,1222,p_swing,0.5255478614676248,0.5134597127282964,0.012088148739328397
592626,Joc Pederson,R,breaking,1,1,1222,p_contact,0.5707856916136159,0.5664600113194505,0.004325680294165468
592626,Joc Pederson,R,breaking,1,1,1222,q,0.3549233772769058,0.29331203223936225,0.06161134503754356
592626,Joc Pederson,R,breaking,1,2,1360,p_swing,0.5470281204864508,0.5643271940061847,-0.01729907351973392
592626,Joc Pederson,R,breaking,1,2,1360,p_contact,0.5358614338445198,0.5124103101129207,0.023451123731599077
592626,Joc Pederson,R,breaking,1,2,1360,q,0.3117649057770477,0.263996157190872,0.04776874858617569
592626,Joc Pederson,R,breaking,2,0,194,p_swing,0.3907239154053706,0.36919790587271756,0.021526009532653045
592626,Joc Pederson,R,breaking,2,0,194,p_contact,0.5482999870175413,0.5627622395110856,-0.01446225249354427
592626,Joc Pederson,R,breaking,2,0,194,q,0.38812881189676907,0.3130376617234085,0.07509115017336054
592626,Joc Pederson,R,breaking,2,1,507,p_swing,0.5670087831598204,0.5443030783435715,0.022705704816248895
592626,Joc Pederson,R,breaking,2,1,507,p_contact,0.6036824294915242,0.6051250000749748,-0.001442570583450653
592626,Joc Pederson,R,breaking,2,1,507,q,0.3806084997849116,0.3100840491372394,0.07052445064767221
592626,Joc Pederson,R,breaking,2,2,1059,p_swing,0.6081766625255587,0.6189353440818731,-0.010758681556314431
592626,Joc Pederson,R,breaking,2,2,1059,p_contact,0.5766857187379008,0.5520102890334924,0.02467542970440839
592626,Joc Pederson,R,breaking,2,2,1059,q,0.3306197536945681,0.2776550460636362,0.05296470763093186
592626,Joc Pederson,R,breaking,3,0,8,p_swing,0.14845299773151055,0.0922192334957765,0.05623376423573405
592626,Joc Pederson,R,breaking,3,0,8,p_contact,0.6172713590785861,0.6629793346075894,-0.0457079755290033
592626,Joc Pederson,R,breaking,3,0,8,q,0.3931539002805948,0.3014364239713177,0.09171747630927712
592626,Joc Pederson,R,breaking,3,1,129,p_swing,0.4838841908824334,0.4384208268614961,0.045463364020937314
592626,Joc Pederson,R,breaking,3,1,129,p_contact,0.5999622179299968,0.6139164612508106,-0.013954243320813742
592626,Joc Pederson,R,breaking,3,1,129,q,0.3966157415578532,0.3159809060198392,0.08063483553801398
592626,Joc Pederson,R,breaking,3,2,452,p_swing,0.6924100813124284,0.6755884216368961,0.016821659675532286
592626,Joc Pederson,R,breaking,3,2,452,p_contact,0.6644184762257447,0.6475551044315639,0.016863371794180737
592626,Joc Pederson,R,breaking,3,2,452,q,0.37171698320426244,0.3029412899669095,0.06877569323735294
592626,Joc Pederson,R,fastball,0,0,6347,p_swing,0.2946687888633055,0.2795243948972726,0.015144393966032899
592626,Joc Pederson,R,fastball,0,0,6347,p_contact,0.7267722540348815,0.7040150026914891,0.02275725134339246
592626,Joc Pederson,R,fastball,0,0,6347,q,0.4128915659410664,0.32635485301480666,0.08653671292625975
592626,Joc Pederson,R,fastball,0,1,2845,p_swing,0.480671692948796,0.4873012190673904,-0.006629526118594353
592626,Joc Pederson,R,fastball,0,1,2845,p_contact,0.723744973950133,0.6876028092775306,0.03614216467260245
592626,Joc Pederson,R,fastball,0,1,2845,q,0.3941454497445866,0.31099290512013783,0.08315254462444877
592626,Joc Pederson,R,fastball,0,2,1368,p_swing,0.5057118533070488,0.48780617736698173,0.01790567594006709
592626,Joc Pederson,R,fastball,0,2,1368,p_contact,0.7096054528978002,0.6447166403177698,0.06488881258003043
592626,Joc Pederson,R,fastball,0,2,1368,q,0.36550721697160726,0.2977851270454015,0.06772208992620576
592626,Joc Pederson,R,fastball,1,0,2435,p_swing,0.43252655547376,0.4408973535480108,-0.008370798074250785
592626,Joc Pederson,R,fastball,1,0,2435,p_contact,0.7478373740629226,0.7273846769690491,0.02045269709387354
592626,Joc Pederson,R,fastball,1,0,2435,q,0.4295704659158689,0.337013421070282,0.09255704484558691
592626,Joc Pederson,R,fastball,1,1,2341,p_swing,0.5353537971606177,0.5432489924028152,-0.007895195242197506
592626,Joc Pederson,R,fastball,1,1,2341,p_contact,0.7336257787864044,0.7038485945509023,0.02977718423550213
592626,Joc Pederson,R,fastball,1,1,2341,q,0.4138816106795552,0.3228731396147287,0.09100847106482651
592626,Joc Pederson,R,fastball,1,2,1837,p_swing,0.5708317108497605,0.5596267601357192,0.011204950714041262
592626,Joc Pederson,R,fastball,1,2,1837,p_contact,0.7337673667189225,0.6793901890151841,0.0543771777037384
592626,Joc Pederson,R,fastball,1,2,1837,q,0.37744797569905925,0.30374118607276296,0.07370678962629629
592626,Joc Pederson,R,fastball,2,0,1036,p_swing,0.44466288443650875,0.43833077381166946,0.006332110624839293
592626,Joc Pederson,R,fastball,2,0,1036,p_contact,0.7602769391338215,0.7438885220752145,0.016388417058607052
592626,Joc Pederson,R,fastball,2,0,1036,q,0.4415373291000436,0.34636998395032775,0.09516734514971587
592626,Joc Pederson,R,fastball,2,1,1362,p_swing,0.5998711341387066,0.6023104244295613,-0.0024392902908546565
592626,Joc Pederson,R,fastball,2,1,1362,p_contact,0.7629299251673891,0.7384487122889172,0.024481212878471936
592626,Joc Pederson,R,fastball,2,1,1362,q,0.4428168178567452,0.34243285225819187,0.10038396559855334
592626,Joc Pederson,R,fastball,2,2,1702,p_swing,0.642914896912294,0.6400818746831767,0.002833022229117299
592626,Joc Pederson,R,fastball,2,2,1702,p_contact,0.7866414902091406,0.742290406405478,0.044351083803662594
592626,Joc Pederson,R,fastball,2,2,1702,q,0.40499528877866114,0.3204276501291051,0.08456763864955602
592626,Joc Pederson,R,fastball,3,0,441,p_swing,0.140728672285496,0.07709395292064088,0.06363471936485511
592626,Joc Pederson,R,fastball,3,0,441,p_contact,0.7999267823394396,0.7859660174810251,0.013960764858414465
592626,Joc Pederson,R,fastball,3,0,441,q,0.498848587105604,0.38148841243989073,0.11736017466571325
592626,Joc Pederson,R,fastball,3,1,662,p_swing,0.5620098608062761,0.5462510690471756,0.015758791759100554
592626,Joc Pederson,R,fastball,3,1,662,p_contact,0.789121288865287,0.7637563757483428,0.02536491311694422
592626,Joc Pederson,R,fastball,3,1,662,q,0.46438776249251695,0.36217096457753073,0.10221679791498622
592626,Joc Pederson,R,fastball,3,2,1327,p_swing,0.7367765493582678,0.7317949407757858,0.004981608582481978
592626,Joc Pederson,R,fastball,3,2,1327,p_contact,0.8316979178259242,0.8032486705117643,0.028449247314159876
592626,Joc Pederson,R,fastball,3,2,1327,q,0.45057403156428566,0.3525625146231765,0.09801151694110916
592626,Joc Pederson,R,offspeed,0,0,795,p_swing,0.30156751441251145,0.3293152360853034,-0.027747721672791936
592626,Joc Pederson,R,offspeed,0,0,795,p_contact,0.5220940132008546,0.5380072181805138,-0.0159132049796592
592626,Joc Pederson,R,offspeed,0,0,795,q,0.3419975038313266,0.29119683923511386,0.05080066459621274
592626,Joc Pederson,R,offspeed,0,1,714,p_swing,0.45743257422535916,0.49310691272773277,-0.035674338502373615
592626,Joc Pederson,R,offspeed,0,1,714,p_contact,0.5088206096519604,0.5037289141985464,0.005091695453414036
592626,Joc Pederson,R,offspeed,0,1,714,q,0.3091591817407715,0.26564412551423333,0.043515056226538174
592626,Joc Pederson,R,offspeed,0,2,320,p_swing,0.4864709137813804,0.5308875104285345,-0.04441659664715414
592626,Joc Pederson,R,offspeed,0,2,320,p_contact,0.5373124082549794,0.5096834219967834,0.027628986258195987
592626,Joc Pederson,R,offspeed,0,2,320,q,0.2820601724786684,0.24399387923115864,0.038066293247509736
592626,Joc Pederson,R,offspeed,1,0,570,p_swing,0.4092414288038933,0.4529575775436673,-0.043716148739773975
592626,Joc Pederson,R,offspeed,1,0,570,p_contact,0.5434937698940191,0.5525494855897102,-0.00905571569569108
592626,Joc Pederson,R,offspeed,1,0,570,q,0.3526173715790113,0.29965342078965745,0.05296395078935384
592626,Joc Pederson,R,offspeed,1,1,650,p_swing,0.5270923674680761,0.5595820004086683,-0.03248963294059226
592626,Joc Pederson,R,offspeed,1,1,650,p_contact,0.5622651131963358,0.5562162827757807,0.00604883042055504
592626,Joc Pederson,R,offspeed,1,1,650,q,0.3407174694652741,0.2882596125569481,0.052457856908325995
592626,Joc Pederson,R,offspeed,1,2,571,p_swing,0.5487215115332512,0.5921376470275586,-0.04341613549430734
592626,Joc Pederson,R,offspeed,1,2,571,p_contact,0.5666846009446628,0.5385773116511104,0.02810728929355233
592626,Joc Pederson,R,offspeed,1,2,571,q,0.29957698691381884,0.25673902608813054,0.042837960825688304
592626,Joc Pederson,R,offspeed,2,0,132,p_swing,0.38593750197414367,0.4134235922802207,-0.027486090306077016
592626,Joc Pederson,R,offspeed,2,0,132,p_contact,0.5795829208771907,0.5876063378591432,-0.008023416981952525
592626,Joc Pederson,R,offspeed,2,0,132,q,0.373557702327768,0.3119435307510536,0.06161417157671445
592626,Joc Pederson,R,offspeed,2,1,306,p_swing,0.5831344573382571,0.6146394391504415,-0.03150498181218442
592626,Joc Pederson,R,offspeed,2,1,306,p_contact,0.5937466765126195,0.5906271560875034,0.0031195204251160957
592626,Joc Pederson,R,offspeed,2,1,306,q,0.36632317601660497,0.3068082357029997,0.05951494031360527
592626,Joc Pederson,R,offspeed,2,2,485,p_swing,0.641280456191215,0.6786648918044418,-0.037384435613226796
592626,Joc Pederson,R,offspeed,2,2,485,p_contact,0.629659671766684,0.6059246519753299,0.023735019791354173
592626,Joc Pederson,R,offspeed,2,2,485,q,0.3377842208312959,0.28605633169113054,0.05172788914016535
592626,Joc Pederson,R,offspeed,3,0,9,p_swing,0.1426987074729469,0.10666993281029136,0.036028774662655555
592626,Joc Pederson,R,offspeed,3,0,9,p_contact,0.3561593285865254,0.3754888373916361,-0.019329508805110696
592626,Joc Pederson,R,offspeed,3,0,9,q,0.31204017500082654,0.27048140262564024,0.04155877237518629
592626,Joc Pederson,R,offspeed,3,1,53,p_swing,0.5218609562456686,0.5518176085225659,-0.029956652276897255
592626,Joc Pederson,R,offspeed,3,1,53,p_contact,0.6086731028022632,0.6153504991602649,-0.006677396358001686
592626,Joc Pederson,R,offspeed,3,1,53,q,0.41252958212258684,0.3427494356696898,0.06978014645289704
592626,Joc Pederson,R,offspeed,3,2,229,p_swing,0.6979620960512569,0.7185004479362901,-0.020538351885033168
592626,Joc Pederson,R,offspeed,3,2,229,p_contact,0.6749334824206366,0.6581118989570683,0.016821583463568213
592626,Joc Pederson,R,offspeed,3,2,229,q,0.3794620856968076,0.3182256200436226,0.061236465653185024
592626,Joc Pederson,R,other,0,0,6,p_swing,3.280854076704027e-10,3.2842645784410254e-10,-3.41050173699858e-13
592626,Joc Pederson,R,other,0,0,6,p_contact,0.19048487643400827,0.16926379478148493,0.021221081652523344
592626,Joc Pederson,R,other,0,0,6,q,0.14228141059478125,0.1498119760180513,-0.007530565423270047
592626,Joc Pederson,R,other,1,0,10,p_swing,3.754964695337195e-09,4.730143229943638e-09,-9.75178534606443e-10
592626,Joc Pederson,R,other,1,0,10,p_contact,0.12515818735701031,0.11417683263495927,0.010981354722051043
592626,Joc Pederson,R,other,1,0,10,q,0.14941266924142838,0.16388243602216243,-0.014469766780734056
592626,Joc Pederson,R,other,2,0,11,p_swing,8.077389300349806e-10,9.462771311984263e-10,-1.3853820116344573e-10
592626,Joc Pederson,R,other,2,0,11,p_contact,0.17256433838470417,0.1560299221949059,0.016534416189798257
592626,Joc Pederson,R,other,2,0,11,q,0.14536001736467535,0.1576614661785689,-0.012301448813893556
592626,Joc Pederson,R,other,3,0,9,p_swing,1.1508115960474607e-09,9.15178600144177e-10,2.3563299590328376e-10
592626,Joc Pederson,R,other,3,0,9,p_contact,0.16988510441862875,0.15164262491627598,0.018242479502352776
592626,Joc Pederson,R,other,3,0,9,q,0.1436192211177614,0.15270028351909584,-0.009081062401334439
594807,Adam Duvall,R,breaking,0,0,2922,p_swing,0.2839753297780283,0.2361270635965232,0.04784826618150512
594807,Adam Duvall,R,breaking,0,0,2922,p_contact,0.5970655379494656,0.5581829194516942,0.038882618497771415
594807,Adam Duvall,R,breaking,0,0,2922,q,0.35112857382328927,0.29150002611075604,0.05962854771253323
594807,Adam Duvall,R,breaking,0,1,1635,p_swing,0.5431894116560371,0.46964029353016357,0.0735491181258735
594807,Adam Duvall,R,breaking,0,1,1635,p_contact,0.562047213873151,0.5109342356023828,0.05111297827076822
594807,Adam Duvall,R,breaking,0,1,1635,q,0.33623698150072623,0.2720209077695094,0.06421607373121685
594807,Adam Duvall,R,breaking,0,2,1009,p_swing,0.5486278628562105,0.5029298415222081,0.04569802133400236
594807,Adam Duvall,R,breaking,0,2,1009,p_contact,0.501241784148751,0.4521478040498477,0.049093980098903256
594807,Adam Duvall,R,breaking,0,2,1009,q,0.30706450816454334,0.24892614071876756,0.058138367445775774
594807,Adam Duvall,R,breaking,1,0,930,p_swing,0.4398017957436061,0.35024930921287867,0.08955248653072745
594807,Adam Duvall,R,breaking,1,0,930,p_contact,0.5889780173878667,0.5460208116883732,0.04295720569949346
594807,Adam Duvall,R,breaking,1,0,930,q,0.3598701200257706,0.29623326252224624,0.06363685750352438
594807,Adam Duvall,R,breaking,1,1,1222,p_swing,0.5819357275776176,0.5134597127282964,0.0684760148493212
594807,Adam Duvall,R,breaking,1,1,1222,p_contact,0.6131251212192345,0.5664600113194505,0.04666510989978401
594807,Adam Duvall,R,breaking,1,1,1222,q,0.360557776206644,0.29331203223936225,0.06724574396728172
594807,Adam Duvall,R,breaking,1,2,1360,p_swing,0.6116802138092357,0.5643271940061847,0.047353019803050955
594807,Adam Duvall,R,breaking,1,2,1360,p_contact,0.5622963018712328,0.5124103101129207,0.0498859917583121
594807,Adam Duvall,R,breaking,1,2,1360,q,0.3287097044672598,0.263996157190872,0.06471354727638778
594807,Adam Duvall,R,breaking,2,0,194,p_swing,0.47728986830294656,0.36919790587271756,0.108091962430229
594807,Adam Duvall,R,breaking,2,0,194,p_contact,0.6037669198511927,0.5627622395110856,0.04100468034010707
594807,Adam Duvall,R,breaking,2,0,194,q,0.38628331602541444,0.3130376617234085,0.07324565430200591
594807,Adam Duvall,R,breaking,2,1,507,p_swing,0.6123760167498904,0.5443030783435715,0.0680729384063189
594807,Adam Duvall,R,breaking,2,1,507,p_contact,0.6440970111356511,0.6051250000749748,0.03897201106067627
594807,Adam Duvall,R,breaking,2,1,507,q,0.38146284094752647,0.3100840491372394,0.07137879181028706
594807,Adam Duvall,R,breaking,2,2,1059,p_swing,0.660744077360193,0.6189353440818731,0.04180873327831991
594807,Adam Duvall,R,breaking,2,2,1059,p_contact,0.5968244494704011,0.5520102890334924,0.04481416043690878
594807,Adam Duvall,R,breaking,2,2,1059,q,0.34327563089762686,0.2776550460636362,0.06562058483399064
594807,Adam Duvall,R,breaking,3,0,8,p_swing,0.12357648960096412,0.0922192334957765,0.03135725610518762
594807,Adam Duvall,R,breaking,3,0,8,p_contact,0.6711256382986903,0.6629793346075894,0.00814630369110092
594807,Adam Duvall,R,breaking,3,0,8,q,0.3860121490433812,0.3014364239713177,0.08457572507206351
594807,Adam Duvall,R,breaking,3,1,129,p_swing,0.5422089694694132,0.4384208268614961,0.10378814260791713
594807,Adam Duvall,R,breaking,3,1,129,p_contact,0.649284970556754,0.6139164612508106,0.035368509305943485
594807,Adam Duvall,R,breaking,3,1,129,q,0.3889493925511375,0.3159809060198392,0.07296848653129828
594807,Adam Duvall,R,breaking,3,2,452,p_swing,0.6909070082851805,0.6755884216368961,0.015318586648284338
594807,Adam Duvall,R,breaking,3,2,452,p_contact,0.6808314568957634,0.6475551044315639,0.033276352464199466
594807,Adam Duvall,R,breaking,3,2,452,q,0.3739949721447398,0.3029412899669095,0.07105368217783031
594807,Adam Duvall,R,fastball,0,0,6347,p_swing,0.3052889601878015,0.2795243948972726,0.025764565290528896
594807,Adam Duvall,R,fastball,0,0,6347,p_contact,0.7461211956073937,0.7040150026914891,0.04210619291590456
594807,Adam Duvall,R,fastball,0,0,6347,q,0.37757585927837006,0.32635485301480666,0.05122100626356341
594807,Adam Duvall,R,fastball,0,1,2845,p_swing,0.5029189200926073,0.4873012190673904,0.015617701025216923
594807,Adam Duvall,R,fastball,0,1,2845,p_contact,0.7331147277281601,0.6876028092775306,0.04551191845062952
594807,Adam Duvall,R,fastball,0,1,2845,q,0.3592619444683901,0.31099290512013783,0.048269039348252274
594807,Adam Duvall,R,fastball,0,2,1368,p_swing,0.4917435670781991,0.48780617736698173,0.003937389711217376
594807,Adam Duvall,R,fastball,0,2,1368,p_contact,0.6902862440591363,0.6447166403177698,0.04556960374136654
594807,Adam Duvall,R,fastball,0,2,1368,q,0.3229297405402911,0.2977851270454015,0.02514461349488961
594807,Adam Duvall,R,fastball,1,0,2435,p_swing,0.49668905165452504,0.4408973535480108,0.05579169810651424
594807,Adam Duvall,R,fastball,1,0,2435,p_contact,0.765439431593446,0.7273846769690491,0.03805475462439689
594807,Adam Duvall,R,fastball,1,0,2435,q,0.39555936261736147,0.337013421070282,0.05854594154707948
594807,Adam Duvall,R,fastball,1,1,2341,p_swing,0.5665070875420074,0.5432489924028152,0.023258095139192192
594807,Adam Duvall,R,fastball,1,1,2341,p_contact,0.7431583827058392,0.7038485945509023,0.03930978815493691
594807,Adam Duvall,R,fastball,1,1,2341,q,0.3779762258585296,0.3228731396147287,0.05510308624380089
594807,Adam Duvall,R,fastball,1,2,1837,p_swing,0.5562138311227957,0.5596267601357192,-0.00341292901292356
594807,Adam Duvall,R,fastball,1,2,1837,p_contact,0.7191728476188934,0.6793901890151841,0.03978265860370933
594807,Adam Duvall,R,fastball,1,2,1837,q,0.3405268126404117,0.30374118607276296,0.03678562656764872
594807,Adam Duvall,R,fastball,2,0,1036,p_swing,0.50550793032169,0.43833077381166946,0.06717715651002049
594807,Adam Duvall,R,fastball,2,0,1036,p_contact,0.7787628368202383,0.7438885220752145,0.03487431474502378
594807,Adam Duvall,R,fastball,2,0,1036,q,0.40728853567068296,0.34636998395032775,0.06091855172035521
594807,Adam Duvall,R,fastball,2,1,1362,p_swing,0.6255715835620106,0.6023104244295613,0.023261159132449305
594807,Adam Duvall,R,fastball,2,1,1362,p_contact,0.7707833174344976,0.7384487122889172,0.0323346051455804
594807,Adam Duvall,R,fastball,2,1,1362,q,0.4064175222949747,0.34243285225819187,0.06398467003678282
594807,Adam Duvall,R,fastball,2,2,1702,p_swing,0.628986728500426,0.6400818746831767,-0.011095146182750648
594807,Adam Duvall,R,fastball,2,2,1702,p_contact,0.7773749439864388,0.742290406405478,0.03508453758096075
594807,Adam Duvall,R,fastball,2,2,1702,q,0.3725611053310886,0.3204276501291051,0.05213345520198348
594807,Adam Duvall,R,fastball,3,0,441,p_swing,0.09338081897781844,0.07709395292064088,0.016286866057177565
594807,Adam Duvall,R,fastball,3,0,441,p_contact,0.826103157484207,0.7859660174810251,0.040137140003181915
594807,Adam Duvall,R,fastball,3,0,441,q,0.455020347825524,0.38148841243989073,0.07353193538563324
594807,Adam Duvall,R,fastball,3,1,662,p_swing,0.5943815667496604,0.5462510690471756,0.04813049770248479
594807,Adam Duvall,R,fastball,3,1,662,p_contact,0.7985618522466692,0.7637563757483428,0.03480547649832644
594807,Adam Duvall,R,fastball,3,1,662,q,0.4304594941144623,0.36217096457753073,0.0682885295369316
594807,Adam Duvall,R,fastball,3,2,1327,p_swing,0.7133404588904699,0.7317949407757858,-0.018454481885315843
594807,Adam Duvall,R,fastball,3,2,1327,p_contact,0.8285852322893915,0.8032486705117643,0.02533656177762722
594807,Adam Duvall,R,fastball,3,2,1327,q,0.4192059464645997,0.3525625146231765,0.06664343184142318
594807,Adam Duvall,R,offspeed,0,0,795,p_swing,0.35817729404663534,0.3293152360853034,0.028862057961331955
594807,Adam Duvall,R,offspeed,0,0,795,p_contact,0.5506227000319229,0.5380072181805138,0.01261548185140915
594807,Adam Duvall,R,offspeed,0,0,795,q,0.33662318880640485,0.29119683923511386,0.04542634957129099
594807,Adam Duvall,R,offspeed,0,1,714,p_swing,0.5008500007732839,0.49310691272773277,0.0077430880455511275
594807,Adam Duvall,R,offspeed,0,1,714,p_contact,0.5281476254514051,0.5037289141985464,0.02441871125285877
594807,Adam Duvall,R,offspeed,0,1,714,q,0.31514142612282303,0.26564412551423333,0.0494973006085897
594807,Adam Duvall,R,offspeed,0,2,320,p_swing,0.4989988612007778,0.5308875104285345,-0.03188864922775675
594807,Adam Duvall,R,offspeed,0,2,320,p_contact,0.5425429050360435,0.5096834219967834,0.03285948303926012
594807,Adam Duvall,R,offspeed,0,2,320,q,0.2924708237871528,0.24399387923115864,0.048476944555994134
594807,Adam Duvall,R,offspeed,1,0,570,p_swing,0.5096801917711525,0.4529575775436673,0.05672261422748526
594807,Adam Duvall,R,offspeed,1,0,570,p_contact,0.5680828628947207,0.5525494855897102,0.015533377305010476
594807,Adam Duvall,R,offspeed,1,0,570,q,0.3498968624885668,0.29965342078965745,0.05024344169890932
594807,Adam Duvall,R,offspeed,1,1,650,p_swing,0.5865375204811842,0.5595820004086683,0.026955520072515893
594807,Adam Duvall,R,offspeed,1,1,650,p_contact,0.5853976345978354,0.5562162827757807,0.029181351822054724
594807,Adam Duvall,R,offspeed,1,1,650,q,0.3473076319236022,0.2882596125569481,0.0590480193666541
594807,Adam Duvall,R,offspeed,1,2,571,p_swing,0.5723318726335597,0.5921376470275586,-0.019805774393998887
594807,Adam Duvall,R,offspeed,1,2,571,p_contact,0.5722344861104481,0.5385773116511104,0.03365717445933769
594807,Adam Duvall,R,offspeed,1,2,571,q,0.31220921365162535,0.25673902608813054,0.05547018756349481
594807,Adam Duvall,R,offspeed,2,0,132,p_swing,0.486164658119323,0.4134235922802207,0.07274106583910234
594807,Adam Duvall,R,offspeed,2,0,132,p_contact,0.6064195305904528,0.5876063378591432,0.018813192731309658
594807,Adam Duvall,R,offspeed,2,0,132,q,0.36515697616745124,0.3119435307510536,0.053213445416397664
594807,Adam Duvall,R,offspeed,2,1,306,p_swing,0.6462610047619819,0.6146394391504415,0.03162156561154039
594807,Adam Duvall,R,offspeed,2,1,306,p_contact,0.6171144807385585,0.5906271560875034,0.026487324651055077
594807,Adam Duvall,R,offspeed,2,1,306,q,0.3682451763865994,0.3068082357029997,0.06143694068359973
594807,Adam Duvall,R,offspeed,2,2,485,p_swing,0.6657494248319287,0.6786648918044418,-0.012915466972513112
594807,Adam Duvall,R,offspeed,2,2,485,p_contact,0.6305533236233798,0.6059246519753299,0.024628671648049938
594807,Adam Duvall,R,offspeed,2,2,485,q,0.3461298787716738,0.28605633169113054,0.060073547080543244
594807,Adam Duvall,R,offspeed,3,0,9,p_swing,0.11473920250621934,0.10666993281029136,0.008069269695927986
594807,Adam Duvall,R,offspeed,3,0,9,p_contact,0.3831406922803985,0.3754888373916361,0.0076518548887624105
594807,Adam Duvall,R,offspeed,3,0,9,q,0.3040829863813188,0.27048140262564024,0.033601583755678566
594807,Adam Duvall,R,offspeed,3,1,53,p_swing,0.6015261403671553,0.5518176085225659,0.049708531844589454
594807,Adam Duvall,R,offspeed,3,1,53,p_contact,0.6300811767226683,0.6153504991602649,0.014730677562403427
594807,Adam Duvall,R,offspeed,3,1,53,q,0.40512106862832914,0.3427494356696898,0.062371632958639345
594807,Adam Duvall,R,offspeed,3,2,229,p_swing,0.7106905506233285,0.7185004479362901,-0.007809897312961556
594807,Adam Duvall,R,offspeed,3,2,229,p_contact,0.6731304130977016,0.6581118989570683,0.015018514140633266
594807,Adam Duvall,R,offspeed,3,2,229,q,0.3862394532392119,0.3182256200436226,0.06801383319558929
594807,Adam Duvall,R,other,0,0,6,p_swing,6.020940455300857e-11,3.2842645784410254e-10,-2.6821705329109396e-10
594807,Adam Duvall,R,other,0,0,6,p_contact,0.21551555643479028,0.16926379478148493,0.04625176165330536
594807,Adam Duvall,R,other,0,0,6,q,0.14325952529907227,0.1498119760180513,-0.00655245071897903
594807,Adam Duvall,R,other,1,0,10,p_swing,1.7426216171550698e-09,4.730143229943638e-09,-2.9875216127885685e-09
594807,Adam Duvall,R,other,1,0,10,p_contact,0.16561810903949664,0.11417683263495927,0.05144127640453737
594807,Adam Duvall,R,other,1,0,10,q,0.1563187286257744,0.16388243602216243,-0.007563707396388036
594807,Adam Duvall,R,other,2,0,11,p_swing,2.366800871253958e-10,9.462771311984263e-10,-7.095970440730305e-10
594807,Adam Duvall,R,other,2,0,11,p_contact,0.20630115795541892,0.1560299221949059,0.05027123576051301
594807,Adam Duvall,R,other,2,0,11,q,0.14863274720582095,0.1576614661785689,-0.009028718972747957
594807,Adam Duvall,R,other,3,0,9,p_swing,2.6463009558457134e-10,9.15178600144177e-10,-6.505485045596056e-10
594807,Adam Duvall,R,other,3,0,9,p_contact,0.20404477407120997,0.15164262491627598,0.05240214915493399
594807,Adam Duvall,R,other,3,0,9,q,0.14858433935377333,0.15270028351909584,-0.004115944165322516
656941,Kyle Schwarber,R,breaking,0,0,2922,p_swing,0.242031097199788,0.2361270635965232,0.005904033603264802
656941,Kyle Schwarber,R,breaking,0,0,2922,p_contact,0.5207639207025667,0.5581829194516942,-0.03741899874912746
656941,Kyle Schwarber,R,breaking,0,0,2922,q,0.3610593514755358,0.29150002611075604,0.06955932536477977
656941,Kyle Schwarber,R,breaking,0,1,1635,p_swing,0.3633591173890179,0.46964029353016357,-0.10628117614114568
656941,Kyle Schwarber,R,breaking,0,1,1635,p_contact,0.4705393418582756,0.5109342356023828,-0.04039489374410721
656941,Kyle Schwarber,R,breaking,0,1,1635,q,0.32632928046793747,0.2720209077695094,0.05430837269842809
656941,Kyle Schwarber,R,breaking,0,2,1009,p_swing,0.40759740988519655,0.5029298415222081,-0.09533243163701155
656941,Kyle Schwarber,R,breaking,0,2,1009,p_contact,0.42022545373688774,0.4521478040498477,-0.03192235031295998
656941,Kyle Schwarber,R,breaking,0,2,1009,q,0.28725616986483954,0.24892614071876756,0.038330029146071976
656941,Kyle Schwarber,R,breaking,1,0,930,p_swing,0.3107588653963152,0.35024930921287867,-0.03949044381656347
656941,Kyle Schwarber,R,breaking,1,0,930,p_contact,0.5126664261399864,0.5460208116883732,-0.03335438554838688
656941,Kyle Schwarber,R,breaking,1,0,930,q,0.3684646474017251,0.29623326252224624,0.07223138487947883
656941,Kyle Schwarber,R,breaking,1,1,1222,p_swing,0.4190840617963077,0.5134597127282964,-0.09437565093198869
656941,Kyle Schwarber,R,breaking,1,1,1222,p_contact,0.5282134963826799,0.5664600113194505,-0.03824651493677056
656941,Kyle Schwarber,R,breaking,1,1,1222,q,0.36178863780502896,0.29331203223936225,0.0684766055656667
656941,Kyle Schwarber,R,breaking,1,2,1360,p_swing,0.47693802077148895,0.5643271940061847,-0.08738917323469575
656941,Kyle Schwarber,R,breaking,1,2,1360,p_contact,0.48477340526566903,0.5124103101129207,-0.027636904847251675
656941,Kyle Schwarber,R,breaking,1,2,1360,q,0.3143055931719787,0.263996157190872,0.05030943598110671
656941,Kyle Schwarber,R,breaking,2,0,194,p_swing,0.36433022320555386,0.36919790587271756,-0.0048676826671636975
656941,Kyle Schwarber,R,breaking,2,0,194,p_contact,0.5332019377152748,0.5627622395110856,-0.029560301795810817
656941,Kyle Schwarber,R,breaking,2,0,194,q,0.39440711364918146,0.3130376617234085,0.08136945192577294
656941,Kyle Schwarber,R,breaking,2,1,507,p_swing,0.47091370252070164,0.5443030783435715,-0.07338937582286986
656941,Kyle Schwarber,R,breaking,2,1,507,p_contact,0.5726486417486711,0.6051250000749748,-0.03247635832630369
656941,Kyle Schwarber,R,breaking,2,1,507,q,0.394918058941938,0.3100840491372394,0.08483400980469857
656941,Kyle Schwarber,R,breaking,2,2,1059,p_swing,0.5421210740400867,0.6189353440818731,-0.07681427004178643
656941,Kyle Schwarber,R,breaking,2,2,1059,p_contact,0.5259907118557806,0.5520102890334924,-0.02601957717771175
656941,Kyle Schwarber,R,breaking,2,2,1059,q,0.33309815037464396,0.2776550460636362,0.05544310431100774
656941,Kyle Schwarber,R,breaking,3,0,8,p_swing,0.2185842097387649,0.0922192334957765,0.12636497624298842
656941,Kyle Schwarber,R,breaking,3,0,8,p_contact,0.6367584252730012,0.6629793346075894,-0.026220909334588205
656941,Kyle Schwarber,R,breaking,3,0,8,q,0.39471573010087013,0.3014364239713177,0.09327930612955243
656941,Kyle Schwarber,R,breaking,3,1,129,p_swing,0.4568782986923258,0.4384208268614961,0.01845747183082974
656941,Kyle Schwarber,R,breaking,3,1,129,p_contact,0.5822027546665884,0.6139164612508106,-0.03171370658422212
656941,Kyle Schwarber,R,breaking,3,1,129,q,0.4045121873649516,0.3159809060198392,0.0885312813451124
656941,Kyle Schwarber,R,breaking,3,2,452,p_swing,0.6458874619524293,0.6755884216368961,-0.029700959684466843
656941,Kyle Schwarber,R,breaking,3,2,452,p_contact,0.6302451610624737,0.6475551044315639,-0.017309943369090197
656941,Kyle Schwarber,R,breaking,3,2,452,q,0.3863081859210424,0.3029412899669095,0.08336689595413288
656941,Kyle Schwarber,R,fastball,0,0,6347,p_swing,0.2934360897566699,0.2795243948972726,0.013911694859397306
656941,Kyle Schwarber,R,fastball,0,0,6347,p_contact,0.7020302506095871,0.7040150026914891,-0.0019847520819019637
656941,Kyle Schwarber,R,fastball,0,0,6347,q,0.43147304055504165,0.32635485301480666,0.105118187540235
656941,Kyle Schwarber,R,fastball,0,1,2845,p_swing,0.40670938078358077,0.4873012190673904,-0.08059183828380961
656941,Kyle Schwarber,R,fastball,0,1,2845,p_contact,0.6795400156480085,0.6876028092775306,-0.008062793629522114
656941,Kyle Schwarber,R,fastball,0,1,2845,q,0.41346565998030044,0.31099290512013783,0.10247275486016261
656941,Kyle Schwarber,R,fastball,0,2,1368,p_swing,0.4652559345025791,0.48780617736698173,-0.022550242864402603
656941,Kyle Schwarber,R,fastball,0,2,1368,p_contact,0.6672480240686632,0.6447166403177698,0.022531383750893474
656941,Kyle Schwarber,R,fastball,0,2,1368,q,0.3915237566151204,0.2977851270454015,0.0937386295697189
656941,Kyle Schwarber,R,fastball,1,0,2435,p_swing,0.39533207935289416,0.4408973535480108,-0.045565274195116634
656941,Kyle Schwarber,R,fastball,1,0,2435,p_contact,0.7220829432190603,0.7273846769690491,-0.0053017337499887685
656941,Kyle Schwarber,R,fastball,1,0,2435,q,0.4510925327238361,0.337013421070282,0.11407911165355411
656941,Kyle Schwarber,R,fastball,1,1,2341,p_swing,0.46075819242825977,0.5432489924028152,-0.08249079997455544
656941,Kyle Schwarber,R,fastball,1,1,2341,p_contact,0.6934202399271204,0.7038485945509023,-0.010428354623781888
656941,Kyle Schwarber,R,fastball,1,1,2341,q,0.4346345506357057,0.3228731396147287,0.11176141102097703
656941,Kyle Schwarber,R,fastball,1,2,1837,p_swing,0.5301997861023943,0.5596267601357192,-0.02942697403332495
656941,Kyle Schwarber,R,fastball,1,2,1837,p_contact,0.6924400459564043,0.6793901890151841,0.013049856941220184
656941,Kyle Schwarber,R,fastball,1,2,1837,q,0.404323691641126,0.30374118607276296,0.10058250556836307
656941,Kyle Schwarber,R,fastball,2,0,1036,p_swing,0.44213089155917384,0.43833077381166946,0.0038001177475043835
656941,Kyle Schwarber,R,fastball,2,0,1036,p_contact,0.7358766112700738,0.7438885220752145,-0.008011910805140743
656941,Kyle Schwarber,R,fastball,2,0,1036,q,0.4631201811494399,0.34636998395032775,0.11675019719911217
656941,Kyle Schwarber,R,fastball,2,1,1362,p_swing,0.542848504737748,0.6023104244295613,-0.05946191969181325
656941,Kyle Schwarber,R,fastball,2,1,1362,p_contact,0.7263868505008421,0.7384487122889172,-0.012061861788075112
656941,Kyle Schwarber,R,fastball,2,1,1362,q,0.4670088812654151,0.34243285225819187,0.12457602900722325
656941,Kyle Schwarber,R,fastball,2,2,1702,p_swing,0.6124940703883789,0.6400818746831767,-0.02758780429479779
656941,Kyle Schwarber,R,fastball,2,2,1702,p_contact,0.7520020065216614,0.742290406405478,0.009711600116183328
656941,Kyle Schwarber,R,fastball,2,2,1702,q,0.4319668513986465,0.3204276501291051,0.11153920126954137
656941,Kyle Schwarber,R,fastball,3,0,441,p_swing,0.23087319593984115,0.07709395292064088,0.15377924301920026
656941,Kyle Schwarber,R,fastball,3,0,441,p_contact,0.783071359944722,0.7859660174810251,-0.0028946575363031357
656941,Kyle Schwarber,R,fastball,3,0,441,q,0.520238884317091,0.38148841243989073,0.13875047187720024
656941,Kyle Schwarber,R,fastball,3,1,662,p_swing,0.559758431359448,0.5462510690471756,0.013507362312272453
656941,Kyle Schwarber,R,fastball,3,1,662,p_contact,0.7544029653037186,0.7637563757483428,-0.009353410444624122
656941,Kyle Schwarber,R,fastball,3,1,662,q,0.4951819817780368,0.36217096457753073,0.13301101720050607
656941,Kyle Schwarber,R,fastball,3,2,1327,p_swing,0.7281627897772158,0.7317949407757858,-0.0036321509985699496
656941,Kyle Schwarber,R,fastball,3,2,1327,p_contact,0.8107121977010928,0.8032486705117643,0.007463527189328523
656941,Kyle Schwarber,R,fastball,3,2,1327,q,0.4854423389591125,0.3525625146231765,0.13287982433593598
656941,Kyle Schwarber,R,offspeed,0,0,795,p_swing,0.3105487179276906,0.3293152360853034,-0.018766518157612766
656941,Kyle Schwarber,R,offspeed,0,0,795,p_contact,0.4885458044021547,0.5380072181805138,-0.049461413778359054
656941,Kyle Schwarber,R,offspeed,0,0,795,q,0.3427799511443144,0.29119683923511386,0.05158311190920056
656941,Kyle Schwarber,R,offspeed,0,1,714,p_swing,0.3809077255715957,0.49310691272773277,-0.11219918715613708
656941,Kyle Schwarber,R,offspeed,0,1,714,p_contact,0.4504232060568458,0.5037289141985464,-0.05330570814170055
656941,Kyle Schwarber,R,offspeed,0,1,714,q,0.306244033547927,0.26564412551423333,0.04059990803369368
656941,Kyle Schwarber,R,offspeed,0,2,320,p_swing,0.4459895979021809,0.5308875104285345,-0.08489791252635365
656941,Kyle Schwarber,R,offspeed,0,2,320,p_contact,0.48373179408689565,0.5096834219967834,-0.025951627909887753
656941,Kyle Schwarber,R,offspeed,0,2,320,q,0.2830024871509522,0.24399387923115864,0.039008607919793575
656941,Kyle Schwarber,R,offspeed,1,0,570,p_swing,0.3837518642065034,0.4529575775436673,-0.06920571333716385
656941,Kyle Schwarber,R,offspeed,1,0,570,p_contact,0.5004333071352448,0.5525494855897102,-0.05211617845446537
656941,Kyle Schwarber,R,offspeed,1,0,570,q,0.3528588684896628,0.29965342078965745,0.05320544770000535
656941,Kyle Schwarber,R,offspeed,1,1,650,p_swing,0.4516377836080225,0.5595820004086683,-0.10794421680064586
656941,Kyle Schwarber,R,offspeed,1,1,650,p_contact,0.5062950131449571,0.5562162827757807,-0.04992126963082366
656941,Kyle Schwarber,R,offspeed,1,1,650,q,0.34311232931338825,0.2882596125569481,0.054852716756440156
656941,Kyle Schwarber,R,offspeed,1,2,571,p_swing,0.509163061017377,0.5921376470275586,-0.0829745860101816
656941,Kyle Schwarber,R,offspeed,1,2,571,p_contact,0.5118090296879773,0.5385773116511104,-0.02676828196313319
656941,Kyle Schwarber,R,offspeed,1,2,571,q,0.3014177579804603,0.25673902608813054,0.04467873189232974
656941,Kyle Schwarber,R,offspeed,2,0,132,p_swing,0.39384424821013675,0.4134235922802207,-0.019579344070083937
656941,Kyle Schwarber,R,offspeed,2,0,132,p_contact,0.5422658445260656,0.5876063378591432,-0.04534049333307755
656941,Kyle Schwarber,R,offspeed,2,0,132,q,0.3799360981493285,0.3119435307510536,0.06799256739827492
656941,Kyle Schwarber,R,offspeed,2,1,306,p_swing,0.5158384324403833,0.6146394391504415,-0.0988010067100582
656941,Kyle Schwarber,R,offspeed,2,1,306,p_contact,0.5385063532390822,0.5906271560875034,-0.05212080284842113
656941,Kyle Schwarber,R,offspeed,2,1,306,q,0.36949844731419695,0.3068082357029997,0.06269021161119726
656941,Kyle Schwarber,R,offspeed,2,2,485,p_swing,0.6091018944902832,0.6786648918044418,-0.0695629973141586
656941,Kyle Schwarber,R,offspeed,2,2,485,p_contact,0.5820886260436214,0.6059246519753299,-0.023836025931708416
656941,Kyle Schwarber,R,offspeed,2,2,485,q,0.34673210351737505,0.28605633169113054,0.06067577182624451
656941,Kyle Schwarber,R,offspeed,3,0,9,p_swing,0.20991073776450422,0.10666993281029136,0.10324080495421287
656941,Kyle Schwarber,R,offspeed,3,0,9,p_contact,0.356995499589377,0.3754888373916361,-0.01849333780225909
656941,Kyle Schwarber,R,offspeed,3,0,9,q,0.31461728281444973,0.27048140262564024,0.044135880188809484
656941,Kyle Schwarber,R,offspeed,3,1,53,p_swing,0.5273794987590935,0.5518176085225659,-0.024438109763472382
656941,Kyle Schwarber,R,offspeed,3,1,53,p_contact,0.5714996876546515,0.6153504991602649,-0.04385081150561332
656941,Kyle Schwarber,R,offspeed,3,1,53,q,0.43182188300591595,0.3427494356696898,0.08907244733622616
656941,Kyle Schwarber,R,offspeed,3,2,229,p_swing,0.686344656769707,0.7185004479362901,-0.03215579116658307
656941,Kyle Schwarber,R,offspeed,3,2,229,p_contact,0.6406177720660573,0.6581118989570683,-0.01749412689101104
656941,Kyle Schwarber,R,offspeed,3,2,229,q,0.39999573147453077,0.3182256200436226,0.08177011143090818
656941,Kyle Schwarber,R,other,0,0,6,p_swing,1.0990201500836367e-10,3.2842645784410254e-10,-2.1852444283573889e-10
656941,Kyle Schwarber,R,other,0,0,6,p_contact,0.16409727185964584,0.16926379478148493,-0.005166522921839084
656941,Kyle Schwarber,R,other,0,0,6,q,0.14085289587577185,0.1498119760180513,-0.008959080142279446
656941,Kyle Schwarber,R,other,1,0,10,p_swing,1.417206545010272e-09,4.730143229943638e-09,-3.312936684933366e-09
656941,Kyle Schwarber,R,other,1,0,10,p_contact,0.1161190012237057,0.11417683263495927,0.0019421685887464346
656941,Kyle Schwarber,R,other,1,0,10,q,0.14857561886310577,0.16388243602216243,-0.015306817159056657
656941,Kyle Schwarber,R,other,2,0,11,p_swing,3.6119234284353143e-10,9.462771311984263e-10,-5.850847883548949e-10
656941,Kyle Schwarber,R,other,2,0,11,p_contact,0.15200885266742922,0.1560299221949059,-0.0040210695274766894
656941,Kyle Schwarber,R,other,2,0,11,q,0.1452299180355939,0.1576614661785689,-0.012431548142975007
656941,Kyle Schwarber,R,other,3,0,9,p_swing,5.983084253415088e-10,9.15178600144177e-10,-3.168701748026681e-10
656941,Kyle Schwarber,R,other,3,0,9,p_contact,0.14189150857014787,0.15164262491627598,-0.009751116346128103
656941,Kyle Schwarber,R,other,3,0,9,q,0.14348219666216108,0.15270028351909584,-0.00921808685693476
