head,grouping,cell,class,n_rows,observed,predicted,gap,relative_gap
swing,overall,all,positive,705344,0.4779752858179839,0.47925575717386953,0.0012804713558856595,0.0026789488784850508
swing,count,0-0,positive,180133,0.3150672003464107,0.30684538469616135,-0.008221815650249376,-0.026095435009450798
swing,count,0-1,positive,92243,0.4883622605509361,0.4885890590807634,0.00022679852982726567,0.000464406339612335
swing,count,0-2,positive,48696,0.5044356826022671,0.5140520298386138,0.009616347236346634,0.019063574540837635
swing,count,1-0,positive,67644,0.43072556324285965,0.4311973392763253,0.000471776033465654,0.001095305395653168
swing,count,1-1,positive,71099,0.5432003263055739,0.5452720694609375,0.0020717431553636256,0.0038139578623857077
swing,count,1-2,positive,70047,0.5753137179322455,0.5802050461774176,0.004891328245172133,0.008502019146618337
swing,count,2-0,positive,22441,0.42671895191836373,0.4340594524395155,0.0073405005211517604,0.017202190078860344
swing,count,2-1,positive,36244,0.5774473016223375,0.581024559165187,0.0035772575428495434,0.006194950660950779
swing,count,2-2,positive,59237,0.6430778061009167,0.650307003356458,0.007229197255541275,0.011241559243621004
swing,count,3-0,positive,6807,0.0987219039224328,0.10735003513568667,0.00862813121325387,0.08739834697711174
swing,count,3-1,positive,14895,0.5508559919436052,0.5556761161347132,0.0048201241911079995,0.00875024373266955
swing,count,3-2,positive,35858,0.7038596686931786,0.718361722325947,0.014502053632768352,0.020603615007084575
swing,handedness,LvL,positive,53106,0.46699054720747185,0.4675078657520365,0.00051731854456466,0.0011077709124052756
swing,handedness,LvR,positive,249830,0.4713044870511948,0.47139412337069253,8.963631949771012e-05,0.00019018770658971783
swing,handedness,RvL,positive,136118,0.48342614496245906,0.485319021247915,0.0018928762854559245,0.003915543884377453
swing,handedness,RvR,positive,266290,0.48363813887115553,0.4858749922771954,0.0022368534060398515,0.004625055855315341
swing,two_strike,0,positive,491506,0.4251036609929482,0.423362119030988,-0.0017415419619601913,-0.00409674656269093
swing,two_strike,1,positive,213838,0.5995005564960391,0.6077271163759529,0.00822655987991383,0.013722355702213905
contact,overall,all,positive,337137,0.7667565411094006,0.7560364928339811,-0.010720048275419503,-0.013981032701604262
contact,count,0-0,positive,56754,0.7508017056066533,0.7405918572970094,-0.010209848309643887,-0.013598594986400911
contact,count,0-1,positive,45048,0.7396332800568283,0.7291457624621795,-0.010487517594648721,-0.014179347897708082
contact,count,0-2,positive,24564,0.7429978830809314,0.7277688155211769,-0.015229067559754506,-0.02049678458921756
contact,count,1-0,positive,29136,0.7568643602416255,0.7510928480338175,-0.005771512207808027,-0.007625556851382853
contact,count,1-1,positive,38621,0.760751922529194,0.751082862731855,-0.009669059797339008,-0.012709872313162581
contact,count,1-2,positive,40299,0.7569418595994938,0.7456646076185734,-0.011277251980920333,-0.014898438813896816
contact,count,2-0,positive,9576,0.7967836257309941,0.7833502309402346,-0.013433394790759556,-0.01685952667317346
contact,count,2-1,positive,20929,0.7889053466481915,0.7727562138692263,-0.016149132778965125,-0.020470304641206537
contact,count,2-2,positive,38094,0.7886281304142385,0.7767979152429396,-0.011830215171298897,-0.015001005816372417
contact,count,3-0,positive,672,0.8720238095238095,0.8536629284859546,-0.018360881037854937,-0.02105548132668689
contact,count,3-1,positive,8205,0.8204753199268738,0.8138969306044461,-0.0065783893224277135,-0.008017778429964258
contact,count,3-2,positive,25239,0.8274099607749911,0.8191489615676726,-0.008260999207318487,-0.009984166977613911
contact,handedness,LvL,positive,24800,0.761491935483871,0.7523954284679513,-0.009096507015919686,-0.011945638019317353
contact,handedness,LvR,positive,117746,0.7766208618551798,0.7646484684801859,-0.011972393374993895,-0.015416007942916225
contact,handedness,RvL,positive,65803,0.7663024482166466,0.7630281069431085,-0.003274341273538095,-0.0042729098427888405
contact,handedness,RvR,positive,128788,0.7589837562505823,0.7452917303453688,-0.013692025905213567,-0.018039945904577536
contact,two_strike,0,positive,208941,0.7601284573157016,0.74995134250059,-0.010177114815111521,-0.013388677554647444
contact,two_strike,1,positive,128196,0.7775593622265905,0.7659544106770422,-0.011604951549548326,-0.014924843186656272
split,overall,all,foul,258502,0.4970831947141608,0.5002138107074767,0.0031306159933159328,0.00629797190210009
split,overall,all,foul_tip,258502,0.02841757510580189,0.02781797521623637,-0.0005995998895655177,-0.021099614845149123
split,overall,all,in_play,258502,0.4744992301800373,0.4719682140818548,-0.0025310160981825147,-0.005334078407718768
split,count,0-0,foul,42611,0.5003402877191335,0.5077880523193669,0.007447764600233331,0.014885398563815313
split,count,0-0,foul_tip,42611,0.02729342188636737,0.028180076462107427,0.0008866545757400569,0.03248601730598415
split,count,0-0,in_play,42611,0.47236629039449907,0.4640318714024103,-0.008334418992088755,-0.017643974943953394
split,count,0-1,foul,33319,0.4980341546865152,0.5023172077239535,0.004283053037438311,0.008599918293022002
split,count,0-1,foul_tip,33319,0.029862841021639306,0.029087864681415346,-0.0007749763402239603,-0.02595119264313782
split,count,0-1,in_play,33319,0.4721030042918455,0.46859492754996435,-0.0035080767418811387,-0.007430744371439139
split,count,0-2,foul,18251,0.5058900882143444,0.5110162706469766,0.005126182432632187,0.010132996380154883
split,count,0-2,foul_tip,18251,0.03013533505013424,0.030626404281721132,0.0004910692315868923,0.016295462810349763
split,count,0-2,in_play,18251,0.46397457673552134,0.458357324885992,-0.0056172518495293255,-0.012106809577912107
split,count,1-0,foul,22052,0.4919281697805188,0.4999119026639458,0.00798373288342702,0.016229468800270336
split,count,1-0,foul_tip,22052,0.028296753128967893,0.027087489826312556,-0.001209263302655337,-0.04273505504832611
split,count,1-0,in_play,22052,0.4797750770905133,0.47300060793009746,-0.0067744691604158525,-0.014120093943808166
split,count,1-1,foul,29381,0.49674960008168545,0.49733917434465236,0.0005895742629669076,0.0011868640918280722
split,count,1-1,foul_tip,29381,0.02995132909022838,0.02776087703238163,-0.0021904520578467507,-0.07313371808135839
split,count,1-1,in_play,29381,0.4732990708280862,0.47489994851462974,0.0016008776865435448,0.0033823807930631303
split,count,1-2,foul,30504,0.5008523472331498,0.5018785135791687,0.0010261663460189308,0.0020488400457495393
split,count,1-2,foul_tip,30504,0.029996066089693154,0.02915601803685432,-0.0008400480528388335,-0.028005274102509047
split,count,1-2,in_play,30504,0.4691515866771571,0.46896546835336955,-0.0001861183237875652,-0.0003967125531979518
split,count,2-0,foul,7630,0.4977719528178244,0.4956681028477174,-0.0021038499701069857,-0.004226533773542996
split,count,2-0,foul_tip,7630,0.0272608125819135,0.02571866132519153,-0.0015421512567219686,-0.05657026004225298
split,count,2-0,in_play,7630,0.47496723460026213,0.47861323591839244,0.0036460013181303097,0.007676321759750073
split,count,2-1,foul,16511,0.49476106837865663,0.495831749347329,0.001070680968672355,0.0021640364149527794
split,count,2-1,foul_tip,16511,0.0270122948337472,0.026764837544654023,-0.000247457289093176,-0.009160913229187061
split,count,2-1,in_play,16511,0.47822663678759614,0.4774034136544026,-0.0008232231331935513,-0.0017214079473351985
split,count,2-2,foul,30042,0.49563943811996536,0.49730453612842745,0.0016650980084620959,0.0033594945849710063
split,count,2-2,foul_tip,30042,0.028593302709539976,0.027439800515382567,-0.0011535021941574096,-0.04034169140497893
split,count,2-2,in_play,30042,0.4757672591704946,0.4752556630892625,-0.0005115960812321352,-0.001075307456263612
split,count,3-0,foul,586,0.48464163822525597,0.4860913142460198,0.001449676020763846,0.0029912329160831468
split,count,3-0,foul_tip,586,0.032423208191126277,0.019043009715876302,-0.013380198475249974,-0.41267348981560453
split,count,3-0,in_play,586,0.48293515358361777,0.49486567552992916,0.01193052194631139,0.024704190319923935
split,count,3-1,foul,6732,0.4769756387403446,0.48844879649389167,0.01147315775354707,0.024053970101799712
split,count,3-1,foul_tip,6732,0.023618538324420676,0.024977867072659105,0.0013593287482384295,0.05755346624617049
split,count,3-1,in_play,6732,0.4994058229352347,0.48657333601332,-0.012832486921914743,-0.025695509208307567
split,count,3-2,foul,20883,0.4921227792941627,0.48739317820665623,-0.004729601087506474,-0.009610611998676433
split,count,3-2,foul_tip,20883,0.025283723602930613,0.02480126346308908,-0.00048246013984153124,-0.019081846780891473
split,count,3-2,in_play,20883,0.48259349710290667,0.4878055580787713,0.00521206097586463,0.010800106108253727
split,handedness,LvL,foul,18885,0.4859412231930103,0.4918857731838406,0.005944549990830272,0.012233063809178348
split,handedness,LvL,foul_tip,18885,0.028435266084193805,0.02798205722525429,-0.0004532088589395168,-0.015938266854884125
split,handedness,LvL,in_play,18885,0.48562351072279586,0.4801321698350229,-0.0054913408877729775,-0.011307815141815798
split,handedness,LvR,foul,91444,0.5070753685315603,0.510587100901502,0.0035117323699416225,0.006925464315317167
split,handedness,LvR,foul_tip,91444,0.028563929836840033,0.028503456164381064,-6.047367245896884e-05,-0.0021171341900221847
split,handedness,LvR,in_play,91444,0.46436070163159965,0.4609094430120561,-0.00345125861954354,-0.007432279707169524
split,handedness,RvL,foul,50425,0.5010014873574615,0.5023807211804638,0.0013792338230023127,0.0027529535496533123
split,handedness,RvL,foul_tip,50425,0.02754586018839861,0.027186979571314426,-0.00035888061708418476,-0.01302847740566596
split,handedness,RvL,in_play,50425,0.4714526524541398,0.4704322992578282,-0.0010203531963116075,-0.0021642750146810587
split,handedness,RvR,foul,97748,0.48786675942218766,0.4910006644490474,0.003133905026859729,0.006423690416152592
split,handedness,RvR,foul_tip,97748,0.028726930474280803,0.02747051180862437,-0.001256418665656435,-0.04373661386416852
split,handedness,RvR,in_play,97748,0.4834063101035315,0.4815288236320208,-0.0018774864715107031,-0.003883868357259549
split,two_strike,0,foul,158822,0.49627255669869413,0.5008887669645729,0.004616210265878717,0.009301764128539941
split,two_strike,0,foul_tip,158822,0.028295828033899587,0.027706446705260134,-0.0005893813286394524,-0.020829265994030954
split,two_strike,0,in_play,158822,0.4754316152674063,0.4714047864499603,-0.004026828817445982,-0.008469838117898604
split,two_strike,1,foul,99680,0.49837479935794543,0.49913839033564156,0.0007635909776961269,0.0015321620970399359
split,two_strike,1,foul_tip,99680,0.028611556982343498,0.027995675669389132,-0.000615881312954366,-0.02152561335038261
split,two_strike,1,in_play,99680,0.4730136436597111,0.4728659338185396,-0.0001477098411715172,-0.00031227395478211737
ev,overall,all,bin_0,122316,0.04270904869354786,0.04174741116999149,-0.0009616375235563662,-0.022516013654540677
ev,overall,all,bin_1,122316,0.04236567579057523,0.04147779917715188,-0.0008878766134233496,-0.020957451919623782
ev,overall,all,bin_2,122316,0.04150724353314366,0.04038163208689304,-0.0011256114462506184,-0.027118434047585314
ev,overall,all,bin_3,122316,0.04149906798783479,0.04201300186079946,0.0005139338729646739,0.012384226872645204
ev,overall,all,bin_4,122316,0.04175250989240983,0.04151424174033392,-0.00023826815207590724,-0.005706678537167939
ev,overall,all,bin_5,122316,0.04127015271918637,0.041737532704969715,0.0004673799857833477,0.011324891113525349
ev,overall,all,bin_6,122316,0.04079597109127179,0.03981027500744533,-0.0009856960838264608,-0.024161603645153785
ev,overall,all,bin_7,122316,0.04313417704960921,0.04238201706116617,-0.000752159988443038,-0.017437680277937573
ev,overall,all,bin_8,122316,0.04058340691324111,0.03953163259849078,-0.0010517743147503283,-0.025916363231869695
ev,overall,all,bin_9,122316,0.043354916772948754,0.042247402028096556,-0.0011075147448521977,-0.02554530898196142
ev,overall,all,bin_10,122316,0.03826972759083031,0.039556755319822064,0.001287027728991752,0.03363043873090261
ev,overall,all,bin_11,122316,0.03524477582654763,0.0382114624647962,0.002966686638248575,0.08417379792252673
ev,overall,all,bin_12,122316,0.04323228359331567,0.042091035577268045,-0.001141248016047626,-0.026398050743358818
ev,overall,all,bin_13,122316,0.039152686484188494,0.03855813028194016,-0.0005945562022483322,-0.015185578708333057
ev,overall,all,bin_14,122316,0.0440171359429674,0.04307693825248026,-0.0009401976904871365,-0.0213598106815796
ev,overall,all,bin_15,122316,0.04104941299584682,0.041011688980055534,-3.772401579128781e-05,-0.000918990383494754
ev,overall,all,bin_16,122316,0.04221034042970666,0.0416754849919962,-0.0005348554377104589,-0.012671194599843599
ev,overall,all,bin_17,122316,0.039193564210732855,0.03897932816693902,-0.0002142360437938362,-0.005466102614244237
ev,overall,all,bin_18,122316,0.041646227803394484,0.04185700147214461,0.0002107736687501291,0.005061050660942441
ev,overall,all,bin_19,122316,0.04354295431505281,0.043816525505823704,0.00027357119077089237,0.0062827889166977985
ev,overall,all,bin_20,122316,0.03983943229013375,0.040794190297039,0.0009547580069052472,0.023965150907576897
ev,overall,all,bin_21,122316,0.04267634651231237,0.04401801238554329,0.001341665873230917,0.03143816148469595
ev,overall,all,bin_22,122316,0.04528434546584257,0.04641593275257013,0.0011315872867275617,0.024988487193242183
ev,overall,all,bin_23,122316,0.04566859609535956,0.04709456804105207,0.0014259719456925085,0.03122434380761276
ev,overall,all,expected_bin_index,122316,11.573187481605023,11.655518380429207,0.08233089882418376,0.007113934597105976
ev,count,0-0,bin_0,20078,0.03710528937145134,0.038825561062700284,0.0017202716912489424,0.04636189935153861
ev,count,0-0,bin_1,20078,0.03810140452236278,0.03691281973713157,-0.0011885847852312129,-0.03119530106911411
ev,count,0-0,bin_2,20078,0.03849985058272736,0.036883026028425324,-0.0016168245543020376,-0.04199560595249199
ev,count,0-0,bin_3,20078,0.03939635421854767,0.03999304558338307,0.0005966913648354014,0.015145852368097582
ev,count,0-0,bin_4,20078,0.04029285785436797,0.03999682121010003,-0.00029603664426793713,-0.00734712452856816
ev,count,0-0,bin_5,20078,0.03959557724872995,0.03997242346057445,0.00037684621184449346,0.009517381435740553
ev,count,0-0,bin_6,20078,0.039446159976093235,0.0376158628930797,-0.0018302970830135351,-0.046399879839325454
ev,count,0-0,bin_7,20078,0.04133877876282498,0.04044225629531016,-0.0008965224675148223,-0.021687202533448916
ev,count,0-0,bin_8,20078,0.0391473254308198,0.0377310508312641,-0.0014162745995556988,-0.036178067951500414
ev,count,0-0,bin_9,20078,0.04079091542982369,0.04064864213384107,-0.00014227329598261867,-0.0034878671999255405
ev,count,0-0,bin_10,20078,0.03775276421954378,0.039013165310851625,0.0012604010913078445,0.03338566373519644
ev,count,0-0,bin_11,20078,0.0346648072517183,0.03642342297270499,0.001758615720986692,0.050732020755705175
ev,count,0-0,bin_12,20078,0.042085865126008565,0.041181169841966424,-0.000904695284042141,-0.02149641646508652
ev,count,0-0,bin_13,20078,0.037453929674270345,0.03821529431790791,0.0007613646436375673,0.020328031003929624
ev,count,0-0,bin_14,20078,0.0456220739117442,0.04309604398451586,-0.002526029927228342,-0.05536859047913826
ev,count,0-0,bin_15,20078,0.042036059368463,0.04085983781507634,-0.001176221553386654,-0.027981251598219476
ev,count,0-0,bin_16,20078,0.042334893913736425,0.04221278797979116,-0.0001221059339452657,-0.0028842858138271115
ev,count,0-0,bin_17,20078,0.04138858452037056,0.039679378655425604,-0.0017092058649449543,-0.04129655277540889
ev,count,0-0,bin_18,20078,0.04338081482219345,0.04317100993233866,-0.000209804889854788,-0.004836351984505664
ev,count,0-0,bin_19,20078,0.04462595876083275,0.04651054951484083,0.0018845907540080767,0.042230818257783666
ev,count,0-0,bin_20,20078,0.04108974997509712,0.04450816946157072,0.0034184194864735964,0.08319397145383862
ev,count,0-0,bin_21,20078,0.04801275027393167,0.048708335156450164,0.0006955848825184949,0.014487503393367572
ev,count,0-0,bin_22,20078,0.051449347544576154,0.052566161488286633,0.001116813943710479,0.021707057465458854
ev,count,0-0,bin_23,20078,0.05438788723976492,0.05483316426384056,0.0004452770240756382,0.008187062352921853
ev,count,0-1,bin_0,15676,0.04918346516968614,0.04766329900668766,-0.0015201661629984861,-0.030908073633157288
ev,count,0-1,bin_1,15676,0.04586629242153611,0.046526498587041866,0.0006602061655057584,0.014394147219010108
ev,count,0-1,bin_2,15676,0.048226588415412094,0.04498623877198871,-0.0032403496434233875,-0.06719010715648813
ev,count,0-1,bin_3,15676,0.04471804031640725,0.04633119649285392,0.0016131561764466743,0.036073946108385255
ev,count,0-1,bin_4,15676,0.04286807859147742,0.04496909741066127,0.002101018819183849,0.049011266383223236
ev,count,0-1,bin_5,15676,0.04101811686654759,0.04407967558121651,0.00306155871466892,0.07463918259898909
ev,count,0-1,bin_6,15676,0.042549119673386065,0.04121828707399254,-0.001330832599393525,-0.03127755896265802
ev,count,0-1,bin_7,15676,0.04561112528706303,0.04345492089875591,-0.0021562043883071175,-0.04727365033720612
ev,count,0-1,bin_8,15676,0.0412094922174024,0.04018700135512986,-0.001022490862272539,-0.02481202284362898
ev,count,0-1,bin_9,15676,0.04318703750956877,0.04241240394291122,-0.0007746335666575441,-0.017936714609931553
ev,count,0-1,bin_10,15676,0.034128604235774435,0.03905781926960175,0.004929215033827317,0.14443060723416262
ev,count,0-1,bin_11,15676,0.03521306455728502,0.03769913732583455,0.0024860727685495285,0.07060086362279422
ev,count,0-1,bin_12,15676,0.04242153610614953,0.04137272984625177,-0.0010488062598977624,-0.02472343899271778
ev,count,0-1,bin_13,15676,0.03986986476141873,0.037871694378019384,-0.0019981703833993475,-0.050117310288269074
ev,count,0-1,bin_14,15676,0.04018882367951008,0.04195453213500898,0.0017657084554989003,0.04393531071174724
ev,count,0-1,bin_15,15676,0.04261291145700434,0.039853928360949024,-0.002758983096055316,-0.06474523804455559
ev,count,0-1,bin_16,15676,0.04069915794845624,0.04019938834614339,-0.0004997696023128495,-0.012279605463724497
ev,count,0-1,bin_17,15676,0.03897677979076295,0.03770231994135733,-0.0012744598494056208,-0.03269792569440673
ev,count,0-1,bin_18,15676,0.04223016075529472,0.04024398755750825,-0.0019861731977864686,-0.04703210128172308
ev,count,0-1,bin_19,15676,0.042804286807859145,0.041831333008462555,-0.0009729537993965892,-0.022730288762058022
ev,count,0-1,bin_20,15676,0.03955090584332738,0.03856495854536739,-0.000985947297959991,-0.024928564262614222
ev,count,0-1,bin_21,15676,0.03872161265628987,0.04097258789724068,0.00225097524095081,0.058132269978821906
ev,count,0-1,bin_22,15676,0.04152845113549375,0.04184692599739709,0.0003184748619033395,0.007668835537936636
ev,count,0-1,bin_23,15676,0.036616483796886964,0.039000038365850934,0.0023835545689639692,0.06509512443045153
ev,count,0-2,bin_0,8443,0.05187729480042639,0.054157433422761844,0.002280138622335455,0.04395253513328367
ev,count,0-2,bin_1,8443,0.05531209285798887,0.05596045722125333,0.0006483643632644656,0.01172192787803401
ev,count,0-2,bin_2,8443,0.051640412175766905,0.05128198015623489,-0.0003584320195320137,-0.006940920965387137
ev,count,0-2,bin_3,8443,0.05175885348809665,0.04979383362597026,-0.0019650198621263895,-0.037964903194354936
ev,count,0-2,bin_4,8443,0.049034703304512615,0.04776811642591257,-0.001266586878600047,-0.025830417913092263
ev,count,0-2,bin_5,8443,0.046665877057917804,0.04731170430092906,0.0006458272430112585,0.013839389372446841
ev,count,0-2,bin_6,8443,0.049034703304512615,0.04482937832290147,-0.004205324981611143,-0.08576221937135961
ev,count,0-2,bin_7,8443,0.05104820561411821,0.04700845705224652,-0.004039748561871684,-0.07913595616678103
ev,count,0-2,bin_8,8443,0.04334952031268507,0.04360889384414547,0.0002593735314604037,0.005983307994863902
ev,count,0-2,bin_9,8443,0.04808717280587469,0.046283891193429606,-0.0018032816124450846,-0.037500262694270564
ev,count,0-2,bin_10,8443,0.038138102570176476,0.041508674678145424,0.0033705721079689485,0.08837807548938457
ev,count,0-2,bin_11,8443,0.037427454696198036,0.04181245419107822,0.004384999494880186,0.11715997068124497
ev,count,0-2,bin_12,8443,0.0422835485017174,0.04368747731208971,0.0014039288103723097,0.033202719736620194
ev,count,0-2,bin_13,8443,0.03517706976193296,0.039324345456989304,0.004147275695056345,0.11789713364767919
ev,count,0-2,bin_14,8443,0.04334952031268507,0.04317398482059855,-0.00017553549208651487,-0.004049306447230724
ev,count,0-2,bin_15,8443,0.040862252753760514,0.04040191176134751,-0.0004603409924130025,-0.01126567825780574
ev,count,0-2,bin_16,8443,0.040033163567452325,0.03986931806167583,-0.00016384550577649287,-0.00409274439429269
ev,count,0-2,bin_17,8443,0.03636148288523037,0.03615782743811917,-0.00020365544711119926,-0.005600856481953926
ev,count,0-2,bin_18,8443,0.03636148288523037,0.036853530023533684,0.0004920471383033156,0.013532097683045257
ev,count,0-2,bin_19,8443,0.03955939831813336,0.03615847520520111,-0.003400923112932254,-0.08597004144457192
ev,count,0-2,bin_20,8443,0.03245291957834893,0.03161096072501579,-0.0008419588533331371,-0.025944009484276193
ev,count,0-2,bin_21,8443,0.03292668482766789,0.031005641450215622,-0.001921043377452268,-0.05834305480514208
ev,count,0-2,bin_22,8443,0.02475423427691579,0.028587462897767126,0.0038332286208513366,0.154851431798315
ev,count,0-2,bin_23,8443,0.022503849342650716,0.0218437908925963,-0.0006600584500544154,-0.029330913125312788
ev,count,1-0,bin_0,10561,0.03948489726351671,0.03663734932250941,-0.0028475479410073057,-0.07211739521577495
ev,count,1-0,bin_1,10561,0.03654956916958621,0.035370607324292765,-0.0011789618452934456,-0.03225651825944062
ev,count,1-0,bin_2,10561,0.03370892907868573,0.03599117293531335,0.0022822438566276193,0.06770443081416935
ev,count,1-0,bin_3,10561,0.037401761196856356,0.03912190338664825,0.0017201421897918914,0.04599094092757511
ev,count,1-0,bin_4,10561,0.04024240128775684,0.03953435195164769,-0.0007080493361091567,-0.017594609502703067
ev,count,1-0,bin_5,10561,0.03853801723321655,0.039512733350607655,0.0009747161173911043,0.025292326574367203
ev,count,1-0,bin_6,10561,0.03948489726351671,0.03734612411827291,-0.0021387731452438066,-0.05416686615568307
ev,count,1-0,bin_7,10561,0.04062115329987691,0.04022501438151019,-0.0003961389183667202,-0.00975203523746138
ev,count,1-0,bin_8,10561,0.035602689139286055,0.037363343754865816,0.0017606546155797612,0.04945285477430281
ev,count,1-0,bin_9,10561,0.04213616134835716,0.04009162920085507,-0.0020445321475020886,-0.04852203148262822
ev,count,1-0,bin_10,10561,0.03749644919988637,0.03841962661813535,0.0009231774182489744,0.024620395742746007
ev,count,1-0,bin_11,10561,0.03550800113625604,0.035724375847140714,0.00021637471088467586,0.0060936888577414975
ev,count,1-0,bin_12,10561,0.04260960136350724,0.040900052401548224,-0.0017095489619590176,-0.04012121463833152
ev,count,1-0,bin_13,10561,0.03929552125745668,0.03772039983094152,-0.0015751214265151622,-0.0400839936998232
ev,count,1-0,bin_14,10561,0.0452608654483477,0.04231409981439728,-0.002946765633950417,-0.06510625912165345
ev,count,1-0,bin_15,10561,0.0388220812423066,0.04052262231465774,0.0017005410723511388,0.04380344942707409
ev,count,1-0,bin_16,10561,0.044029921408957486,0.04153056880031864,-0.002499352608638844,-0.0567648664512577
ev,count,1-0,bin_17,10561,0.04033708929078686,0.039468648536746975,-0.0008684407540398842,-0.021529584045575624
ev,count,1-0,bin_18,10561,0.04270428936653726,0.04331560419877312,0.0006113148322358583,0.014315068610294678
ev,count,1-0,bin_19,10561,0.04374585739986744,0.04682148492733967,0.00307562752747223,0.07030671497323425
ev,count,1-0,bin_20,10561,0.04696524950288798,0.044701851561811695,-0.0022633979410762867,-0.04819303559618279
ev,count,1-0,bin_21,10561,0.04800681753621816,0.050101575604916765,0.0020947580686986045,0.043634595588808604
ev,count,1-0,bin_22,10561,0.053782785721049144,0.05555593915382649,0.0017731534327773482,0.032968791203453474
ev,count,1-0,bin_23,10561,0.0576649938452798,0.06170892044770731,0.004043926602427507,0.07012792914324614
ev,count,1-1,bin_0,13873,0.04497945649823398,0.04164829171761859,-0.0033311647806153963,-0.07405969391262403
ev,count,1-1,bin_1,13873,0.040654508758019174,0.04171272691065003,0.001058218152630859,0.026029539772070755
ev,count,1-1,bin_2,13873,0.0429611475528004,0.041154757577980365,-0.0018063899748200357,-0.042047060605165026
ev,count,1-1,bin_3,13873,0.044186549412527934,0.04307281522462854,-0.0011137341878993956,-0.02520527632745239
ev,count,1-1,bin_4,13873,0.04224032292943127,0.04231314595864509,7.28230292138185e-05,0.001724016867377652
ev,count,1-1,bin_5,13873,0.043393642326821885,0.04200130133158347,-0.0013923409952384183,-0.032086290077977704
ev,count,1-1,bin_6,13873,0.0418799106177467,0.03978077905487672,-0.002099131562869977,-0.05012263712856315
ev,count,1-1,bin_7,13873,0.04087075614502991,0.04218485767347634,0.0013141015284464305,0.03215261111840799
ev,count,1-1,bin_8,13873,0.03964535428530239,0.03926947283947485,-0.00037588144582753613,-0.009481096905391652
ev,count,1-1,bin_9,13873,0.042024075542420526,0.041600680753452836,-0.00042339478896769034,-0.010075053014320358
ev,count,1-1,bin_10,13873,0.038203705038564115,0.03884540084216147,0.000641695803597353,0.016796690345860527
ev,count,1-1,bin_11,13873,0.03214877820226339,0.03733752275295262,0.005188744550689232,0.16139787702177516
ev,count,1-1,bin_12,13873,0.043393642326821885,0.04135392775248159,-0.0020397145743402956,-0.047004917424955016
ev,count,1-1,bin_13,13873,0.03870828227492251,0.03806743470879836,-0.0006408475661241544,-0.016555825483874104
ev,count,1-1,bin_14,13873,0.040942838607366826,0.04243458991523761,0.001491751307870784,0.036434975165653846
ev,count,1-1,bin_15,13873,0.04014993152166078,0.04049438664259358,0.0003444551209328059,0.00857922063321511
ev,count,1-1,bin_16,13873,0.04166366323073596,0.041204340267166295,-0.0004593229635696666,-0.01102454580207956
ev,count,1-1,bin_17,13873,0.037987457651553376,0.03878461332694208,0.0007971556753887041,0.020984707181532242
ev,count,1-1,bin_18,13873,0.04411446695019102,0.04194126522364388,-0.0021732017265471415,-0.04926279011828185
ev,count,1-1,bin_19,13873,0.042816982628126575,0.04406278614536763,0.0012458035172410523,0.029096013795766193
ev,count,1-1,bin_20,13873,0.03870828227492251,0.04108203088822079,0.002373748613298275,0.06132404937111168
ev,count,1-1,bin_21,13873,0.044186549412527934,0.044702598028625105,0.0005160486160971714,0.01167886207359879
ev,count,1-1,bin_22,13873,0.04706984790600447,0.04713854328787778,6.869538187331131e-05,0.0014594349658934881
ev,count,1-1,bin_23,13873,0.04706984790600447,0.04781173116670718,0.0007418832607027082,0.01576132691535784
ev,count,1-2,bin_0,14249,0.051652747561232365,0.050177702614751116,-0.0014750449464812493,-0.028556950329363208
ev,count,1-2,bin_1,14249,0.05410906028493227,0.05145181820496296,-0.002657242079969313,-0.0491090044065924
ev,count,1-2,bin_2,14249,0.04884553301986104,0.04795484611061532,-0.000890686909245722,-0.01823476691069295
ev,count,1-2,bin_3,14249,0.043652186118324096,0.047361803593759653,0.0037096174754355574,0.08498125306669012
ev,count,1-2,bin_4,14249,0.04631903993262685,0.04580636499309249,-0.0005126749395343577,-0.011068341232462217
ev,count,1-2,bin_5,14249,0.04512597375254404,0.04592270379268309,0.0007967300401390473,0.017655686379379913
ev,count,1-2,bin_6,14249,0.04330128430065268,0.043885647804297954,0.0005843635036452757,0.013495292647393086
ev,count,1-2,bin_7,14249,0.04772264720331251,0.04609454674566273,-0.0016281004576497796,-0.03411588738389957
ev,count,1-2,bin_8,14249,0.045266334479612605,0.042940114653808176,-0.002326219825804429,-0.05138962216726715
ev,count,1-2,bin_9,14249,0.047020843567969685,0.04560557163486833,-0.0014152719331013558,-0.0300988205593451
ev,count,1-2,bin_10,14249,0.04035370903221279,0.04125378855725901,0.0009000795250462199,0.022304753308493193
ev,count,1-2,bin_11,14249,0.03866938030738999,0.04152810270464622,0.002858722397256229,0.0739272875471942
ev,count,1-2,bin_12,14249,0.042248578847638434,0.04365983674718846,0.0014112578995500238,0.033403677426392504
ev,count,1-2,bin_13,14249,0.03859919994385571,0.03949917194892364,0.0008999720050679311,0.023315820182205363
ev,count,1-2,bin_14,14249,0.04533651484314689,0.04358836172989812,-0.0017481531132487668,-0.03855949490817597
ev,count,1-2,bin_15,14249,0.038809741034458556,0.040990746920994345,0.002181005886535789,0.056197383141498115
ev,count,1-2,bin_16,14249,0.04042388939574707,0.040905051560554635,0.0004811621648075637,0.01190291612212322
ev,count,1-2,bin_17,14249,0.03909046248859569,0.03723199525401294,-0.0018584672345827516,-0.04754272823262051
ev,count,1-2,bin_18,14249,0.03916064285212997,0.0384258675432251,-0.0007347753089048739,-0.01876310640965152
ev,count,1-2,bin_19,14249,0.03986244648747281,0.03824664838323282,-0.0016157981042399863,-0.04053434363964008
ev,count,1-2,bin_20,14249,0.03354621376938732,0.03384056598525242,0.00029435221586509436,0.008774528711007803
ev,count,1-2,bin_21,14249,0.033125131588181624,0.03401495198978811,0.0008898204016064837,0.026862395979853362
ev,count,1-2,bin_22,14249,0.030809179591550283,0.032480598528055155,0.001671418936504871,0.05425067978646449
ev,count,1-2,bin_23,14249,0.026949259597164713,0.027133191979671952,0.00018393238250723892,0.006825136766525124
ev,count,2-0,bin_0,3616,0.03014380530973451,0.029675264394226145,-0.00046854091550836696,-0.01554352248145188
ev,count,2-0,bin_1,3616,0.02959070796460177,0.029448165891089232,-0.00014254207351253878,-0.004817122783377012
ev,count,2-0,bin_2,3616,0.02820796460176991,0.030912597432093326,0.002704632830323416,0.09588188543577915
ev,count,2-0,bin_3,3616,0.033185840707964605,0.03429393566098163,0.0011080949530170234,0.0333905945842463
ev,count,2-0,bin_4,3616,0.036780973451327435,0.03548103912727829,-0.0012999343240491443,-0.03534257530647899
ev,count,2-0,bin_5,3616,0.03926991150442478,0.03613047552216732,-0.003139435982257459,-0.07994507402706318
ev,count,2-0,bin_6,3616,0.03595132743362832,0.034847949015244996,-0.0011033784183833231,-0.030690895083646894
ev,count,2-0,bin_7,3616,0.030973451327433628,0.03799059990609571,0.007017148578662084,0.22655365411109016
ev,count,2-0,bin_8,3616,0.026825221238938053,0.03549256210658515,0.008667340867647096,0.32310417090115356
ev,count,2-0,bin_9,3616,0.04673672566371682,0.038508596563306366,-0.008228129100410451,-0.17605275045611948
ev,count,2-0,bin_10,3616,0.040099557522123894,0.037901772619707355,-0.0021977849024165386,-0.054808208325091055
ev,count,2-0,bin_11,3616,0.029867256637168143,0.03500348724924755,0.00513623061207941,0.17196861012295506
ev,count,2-0,bin_12,3616,0.04065265486725664,0.04063820762723835,-1.444724001829073e-05,-0.00035538244834108356
ev,count,2-0,bin_13,3616,0.03954646017699115,0.037414862332394654,-0.002131597844596496,-0.053901103538887614
ev,count,2-0,bin_14,3616,0.042588495575221236,0.042378223463232785,-0.0002102721119884507,-0.0049372984217547905
ev,count,2-0,bin_15,3616,0.045077433628318585,0.04104443414242236,-0.0040329994858962215,-0.08946825853374685
ev,count,2-0,bin_16,3616,0.04811946902654867,0.04225960161062152,-0.005859867415927152,-0.12177747457467
ev,count,2-0,bin_17,3616,0.04092920353982301,0.04040751193231667,-0.0005216916075063416,-0.012746194950965751
ev,count,2-0,bin_18,3616,0.04424778761061947,0.04507890335503362,0.0008311157444141487,0.01878321582375976
ev,count,2-0,bin_19,3616,0.04286504424778761,0.04964641652203575,0.006781372274248139,0.15820285253987917
ev,count,2-0,bin_20,3616,0.05254424778761062,0.04815907148741268,-0.0043851763001979405,-0.08345682895534606
ev,count,2-0,bin_21,3616,0.05613938053097345,0.055603037306987034,-0.0005363432239864144,-0.009553778807560958
ev,count,2-0,bin_22,3616,0.06415929203539823,0.06419462781818674,3.5335782788512016e-05,0.0005507508213933597
ev,count,2-0,bin_23,3616,0.07549778761061947,0.07748865694567912,0.001990869335059653,0.026369902987456794
ev,count,2-1,bin_0,7875,0.03415873015873016,0.034874589653197854,0.0007158594944676952,0.020956853230234572
ev,count,2-1,bin_1,7875,0.03365079365079365,0.03429917692893466,0.0006483832781410057,0.019267993642869505
ev,count,2-1,bin_2,7875,0.03936507936507937,0.03487014699076849,-0.004494932374310874,-0.1141857820893488
ev,count,2-1,bin_3,7875,0.03365079365079365,0.037636451294216965,0.003985657643423311,0.11844171298852292
ev,count,2-1,bin_4,7875,0.03796825396825397,0.037908874025509236,-5.937994274473474e-05,-0.0015639366191129967
ev,count,2-1,bin_5,7875,0.04203174603174603,0.03855440890381024,-0.003477337127935791,-0.08273120810421256
ev,count,2-1,bin_6,7875,0.03492063492063492,0.037269164980847445,0.002348530060212524,0.06725336081517681
ev,count,2-1,bin_7,7875,0.0413968253968254,0.04003850580777027,-0.0013583195890551278,-0.03281216798714458
ev,count,2-1,bin_8,7875,0.0419047619047619,0.03757509117127056,-0.004329670733491345,-0.10332168795831619
ev,count,2-1,bin_9,7875,0.039746031746031744,0.040179242193041045,0.00043321044700930095,0.010899464122039121
ev,count,2-1,bin_10,7875,0.04076190476190476,0.03846489148863059,-0.0022970132732741746,-0.056351961143408485
ev,count,2-1,bin_11,7875,0.03301587301587302,0.036612121235778824,0.003596248219905805,0.10892482589137774
ev,count,2-1,bin_12,7875,0.04076190476190476,0.041266904295473875,0.0005049995335691115,0.012389007248774932
ev,count,2-1,bin_13,7875,0.03873015873015873,0.038069024661651976,-0.0006611340685067565,-0.01707026488357609
ev,count,2-1,bin_14,7875,0.04507936507936508,0.04279907789130765,-0.0022802871880574296,-0.05058383550972467
ev,count,2-1,bin_15,7875,0.03746031746031746,0.04125156671668695,0.0037912492563694916,0.10120707760647372
ev,count,2-1,bin_16,7875,0.04114285714285714,0.04225540915835523,0.0011125520154980917,0.027041194821134176
ev,count,2-1,bin_17,7875,0.039492063492063495,0.04020072777510526,0.0007086642830417683,0.017944473404996542
ev,count,2-1,bin_18,7875,0.04736507936507937,0.04430964537514598,-0.0030554339899333885,-0.06450815729417006
ev,count,2-1,bin_19,7875,0.05028571428571429,0.047361960438554535,-0.0029237538471597532,-0.058142832187836
ev,count,2-1,bin_20,7875,0.042412698412698416,0.044982739863258306,0.00257004145055989,0.06059603719508722
ev,count,2-1,bin_21,7875,0.047746031746031745,0.050659119357903445,0.002913087611871701,0.06101214080715331
ev,count,2-1,bin_22,7875,0.054603174603174605,0.05602347456243107,0.0014202999592564658,0.026011307393359693
ev,count,2-1,bin_23,7875,0.06234920634920635,0.0625376849592008,0.00018847860999444965,0.0030229512295443807
ev,count,2-2,bin_0,14250,0.04715789473684211,0.043543803847309104,-0.003614090889533003,-0.07663808805929359
ev,count,2-2,bin_1,14250,0.04814035087719298,0.04414329576208828,-0.003997055115104703,-0.08302920610822451
ev,count,2-2,bin_2,14250,0.04168421052631579,0.042189755867701025,0.0005055453413852357,0.012127981674645806
ev,count,2-2,bin_3,14250,0.04364912280701754,0.04303372509331491,-0.0006153977137026284,-0.014098741833219382
ev,count,2-2,bin_4,14250,0.04217543859649123,0.042340797722127226,0.00016535912563599847,0.003920744659422593
ev,count,2-2,bin_5,14250,0.04280701754385965,0.043320371084258354,0.0005133535403987061,0.011992275328986167
ev,count,2-2,bin_6,14250,0.04224561403508772,0.041949125785012975,-0.00029648825007474316,-0.0070182019328323755
ev,count,2-2,bin_7,14250,0.043859649122807015,0.04434781773970054,0.0004881686168935265,0.011130244465172405
ev,count,2-2,bin_8,14250,0.04252631578947368,0.041491005782544485,-0.0010353100069291979,-0.024345161054028168
ev,count,2-2,bin_9,14250,0.045754385964912284,0.044349829865552144,-0.0014045560993601394,-0.030697736834174823
ev,count,2-2,bin_10,14250,0.039578947368421054,0.04083365415043316,0.0012547067820121091,0.03170136816253999
ev,count,2-2,bin_11,14250,0.03614035087719298,0.04058839420496339,0.004448043327770414,0.12307692703054059
ev,count,2-2,bin_12,14250,0.04982456140350877,0.04363324280938168,-0.006191318594127089,-0.12426238023424087
ev,count,2-2,bin_13,14250,0.0416140350877193,0.039654144375568426,-0.001959890712150872,-0.047096867872090935
ev,count,2-2,bin_14,14250,0.044,0.04418144199118455,0.0001814419911845555,0.004123681617830807
ev,count,2-2,bin_15,14250,0.040912280701754386,0.04196302776457512,0.0010507470628207324,0.025682925634983596
ev,count,2-2,bin_16,14250,0.041473684210526315,0.04241048321857019,0.0009367990080438732,0.02258779334115938
ev,count,2-2,bin_17,14250,0.038385964912280704,0.0391892685186075,0.0008033036063267926,0.02092701351034149
ev,count,2-2,bin_18,14250,0.037263157894736845,0.0412976260937251,0.004034468198988256,0.10826962680900686
ev,count,2-2,bin_19,14250,0.04175438596491228,0.042051021308817105,0.0002966353439048247,0.007104291849821432
ev,count,2-2,bin_20,14250,0.037824561403508775,0.03809568871208732,0.0002711273085785476,0.0071680225366313605
ev,count,2-2,bin_21,14250,0.03712280701754386,0.03961404945828852,0.0024912424407446537,0.06710813758149586
ev,count,2-2,bin_22,14250,0.03859649122807018,0.039693105591803314,0.0010966143637331366,0.02841228124217672
ev,count,2-2,bin_23,14250,0.03550877192982456,0.036085322859685305,0.000576550929860746,0.016236859190742355
ev,count,3-0,bin_0,283,0.014134275618374558,0.016155591894388727,0.0020213162760141686,0.14300812652800243
ev,count,3-0,bin_1,283,0.014134275618374558,0.014253968018758712,0.00011969240038415402,0.008468237327178897
ev,count,3-0,bin_2,283,0.007067137809187279,0.015646211478806533,0.008579073669619254,1.2139389242511245
ev,count,3-0,bin_3,283,0.024734982332155476,0.018490251720152374,-0.006244730612003101,-0.252465537599554
ev,count,3-0,bin_4,283,0.01060070671378092,0.02128682521997882,0.0106861185061979,1.0080571790846684
ev,count,3-0,bin_5,283,0.0176678445229682,0.025623458883537526,0.007955614360569328,0.4502877728082239
ev,count,3-0,bin_6,283,0.028268551236749116,0.02514767432387905,-0.003120876912870066,-0.11040102079277858
ev,count,3-0,bin_7,283,0.03180212014134275,0.029115223819422848,-0.002686896321919905,-0.08448796212259257
ev,count,3-0,bin_8,283,0.045936395759717315,0.02780596660812099,-0.018130429151596326,-0.3946854961462892
ev,count,3-0,bin_9,283,0.03180212014134275,0.03253977023420507,0.0007376500928623145,0.023194997364448335
ev,count,3-0,bin_10,283,0.028268551236749116,0.033951241950843446,0.0056826907140943295,0.2010251840110869
ev,count,3-0,bin_11,283,0.04946996466431095,0.03147149526978129,-0.017998469394529662,-0.3638262027608496
ev,count,3-0,bin_12,283,0.024734982332155476,0.035445645770762285,0.01071066343860681,0.4330168218751039
ev,count,3-0,bin_13,283,0.038869257950530034,0.03529339393949656,-0.003575864011033471,-0.09199722864749747
ev,count,3-0,bin_14,283,0.045936395759717315,0.041461092755593384,-0.00447530300412393,-0.09742390385900555
ev,count,3-0,bin_15,283,0.03180212014134275,0.038429208396022395,0.006627088254679642,0.2083851084527043
ev,count,3-0,bin_16,283,0.053003533568904596,0.04289398775781528,-0.010109545811089318,-0.19073343096921846
ev,count,3-0,bin_17,283,0.04240282685512368,0.039979624053522574,-0.0024232028016011042,-0.05714719940442604
ev,count,3-0,bin_18,283,0.038869257950530034,0.04545150898304824,0.006582251032518208,0.16934336747296844
ev,count,3-0,bin_19,283,0.045936395759717315,0.05411010497338517,0.008173709213667855,0.17793536211292332
ev,count,3-0,bin_20,283,0.038869257950530034,0.0578433318300561,0.018974073879526064,0.48815117344598874
ev,count,3-0,bin_21,283,0.10954063604240283,0.07029275446982113,-0.0392478815725817,-0.35829517693679425
ev,count,3-0,bin_22,283,0.09187279151943463,0.09258005633134092,0.0007072648119062913,0.007698305452672325
ev,count,3-0,bin_23,283,0.13427561837455831,0.15473161253836165,0.020455994163803337,0.1523433249567459
ev,count,3-1,bin_0,3356,0.02026221692491061,0.02521006045206028,0.0049478435271496715,0.24419063054579848
ev,count,3-1,bin_1,3356,0.019964243146603097,0.025548141715284,0.005583898568680901,0.2796949790521359
ev,count,3-1,bin_2,3356,0.029797377830750895,0.02648776699596346,-0.0033096108347874346,-0.1110705396154663
ev,count,3-1,bin_3,3356,0.03158522050059595,0.02937173811789309,-0.0022134823827028617,-0.07007968751274343
ev,count,3-1,bin_4,3356,0.03247914183551848,0.030864122086143538,-0.0016150197493749394,-0.04972482824681006
ev,count,3-1,bin_5,3356,0.03218116805721097,0.032609584155957036,0.0004284160987460678,0.013312633586961142
ev,count,3-1,bin_6,3356,0.03188319427890346,0.03245553893094862,0.0005723446520451633,0.017951295815547365
ev,count,3-1,bin_7,3356,0.037246722288438616,0.035883102327622964,-0.0013636199608156527,-0.03661046870797864
ev,count,3-1,bin_8,3356,0.046185935637663884,0.034042951921905755,-0.01214298371575813,-0.2629151829037696
ev,count,3-1,bin_9,3356,0.03903456495828367,0.03727200421400888,-0.001762560744274791,-0.04515384624264274
ev,count,3-1,bin_10,3356,0.043802145411203815,0.037485737346660254,-0.0063164080645435605,-0.14420316642590605
ev,count,3-1,bin_11,3356,0.03158522050059595,0.034938079440279136,0.0033528589396831857,0.1061527792601582
ev,count,3-1,bin_12,3356,0.04201430274135876,0.04075627985962082,-0.001258022881737944,-0.029942729014982555
ev,count,3-1,bin_13,3356,0.04261025029797378,0.03754020937552917,-0.005070040922444612,-0.11898641493513368
ev,count,3-1,bin_14,3356,0.05035756853396901,0.04290056254367181,-0.007457005990297201,-0.1480811367067302
ev,count,3-1,bin_15,3356,0.03694874851013111,0.04205061244882818,0.00510186393869707,0.1380794788569949
ev,count,3-1,bin_16,3356,0.04737783075089392,0.04341407744430938,-0.003963753306584536,-0.08366261696162078
ev,count,3-1,bin_17,3356,0.03873659117997616,0.041858410067858114,0.003121818887881954,0.0805909552902449
ev,count,3-1,bin_18,3356,0.04648390941597139,0.04725397802383308,0.0007700686078616903,0.016566347743486108
ev,count,3-1,bin_19,3356,0.052443384982121574,0.05184882621797016,-0.0005945587641514108,-0.011337154616432582
ev,count,3-1,bin_20,3356,0.04439809296781883,0.05072417403510837,0.006326081067289539,0.14248542323371607
ev,count,3-1,bin_21,3356,0.05154946364719905,0.0596798409075467,0.008130377260347654,0.15771991957067472
ev,count,3-1,bin_22,3356,0.06764004767580453,0.07049093003487722,0.0028508823590726873,0.042147846683030565
ev,count,3-1,bin_23,3356,0.08343265792610251,0.08931327106793933,0.005880613141836827,0.07048334894287282
ev,count,3-2,bin_0,10056,0.0368933969769292,0.034914519939101,-0.001978877037828196,-0.053637702135849966
ev,count,3-2,bin_1,10056,0.03788782816229117,0.03477195385659816,-0.00311587430569301,-0.08223945411561394
ev,count,3-2,bin_2,10056,0.03540175019888624,0.03434225735333423,-0.0010594928455520056,-0.029927696783345416
ev,count,3-2,bin_3,10056,0.03947891805887033,0.036414286390108734,-0.003064631668761593,-0.07762704297497879
ev,count,3-2,bin_4,10056,0.03937947494033413,0.03674803357147888,-0.00263144136885525,-0.06682266263941514
ev,count,3-2,bin_5,10056,0.03659506762132061,0.03873877494005811,0.0021437073187375033,0.05857913260115307
ev,count,3-2,bin_6,10056,0.03778838504375497,0.03824729040381684,0.0004589053600618648,0.01214408500205819
ev,count,3-2,bin_7,10056,0.042462211614956245,0.04114582190228413,-0.001316389712672117,-0.031001440165411728
ev,count,3-2,bin_8,10056,0.039180588703261736,0.03886072309129042,-0.0003198656119713164,-0.008163879680161313
ev,count,3-2,bin_9,10056,0.04266109785202864,0.04210948962771964,-0.000551608224308997,-0.012930005369816491
ev,count,3-2,bin_10,10056,0.03778838504375497,0.040041640984826994,0.0022532559410720215,0.05962826774584276
ev,count,3-2,bin_11,10056,0.03699284009546539,0.03899469940557145,0.0020018593101060606,0.05411477747964125
ev,count,3-2,bin_12,10056,0.04385441527446301,0.04334668412192034,-0.0005077311525426703,-0.011577651859340347
ev,count,3-2,bin_13,10056,0.04156722354813047,0.03956531892922109,-0.002001904618909381,-0.04816065274581993
ev,count,3-2,bin_14,10056,0.045942720763723154,0.04467766987862169,-0.001265050885101461,-0.027535393291299334
ev,count,3-2,bin_15,10056,0.04673826571201273,0.04306682397161696,-0.00367144174039577,-0.07855323008812737
ev,count,3-2,bin_16,10056,0.04524661893396977,0.04399380240172401,-0.0012528165322457652,-0.027688622084095414
ev,count,3-2,bin_17,10056,0.038484486873508354,0.041415311072592574,0.00293082419908422,0.07615599004132019
ev,count,3-2,bin_18,10056,0.03997613365155131,0.04497363024105372,0.004997496589502409,0.1250120042388961
ev,count,3-2,bin_19,10056,0.04634049323786794,0.04701733851882094,0.0006768452809530062,0.014605914474814229
ev,count,3-2,bin_20,10056,0.041766109785202864,0.04401791912745201,0.002251809342249146,0.053914749394422416
ev,count,3-2,bin_21,10056,0.046439936356404136,0.048074149710979425,0.0016342133545752882,0.035189827609441324
ev,count,3-2,bin_22,10056,0.05180986475735879,0.051653643393618574,-0.00015622136374021656,-0.0030152822145328557
ev,count,3-2,bin_23,10056,0.049323786793953855,0.05286821691290549,0.0035444301189516345,0.07186046225035814
ev,count,0-0,expected_bin_index,20078,12.041388584520371,12.106378343732246,0.06498975921187444,0.005397198068619849
ev,count,0-1,expected_bin_index,15676,11.150995151824445,11.162388538718643,0.011393386894198443,0.0010217372296439694
ev,count,0-2,expected_bin_index,8443,10.21959019305934,10.237588755887641,0.0179985628283017,0.0017611824435509625
ev,count,1-0,expected_bin_index,10561,12.205851718587255,12.296821121131575,0.09096940254432084,0.007452933612636901
ev,count,1-1,expected_bin_index,13873,11.553088733511137,11.654687494327316,0.10159876081617902,0.008794077770863084
ev,count,1-2,expected_bin_index,14249,10.565162467541581,10.609623809779256,0.04446134223767473,0.004208297068243805
ev,count,2-0,expected_bin_index,3616,13.055033185840708,13.012490527497452,-0.042542658343256434,-0.003258716981998756
ev,count,2-1,expected_bin_index,7875,12.347936507936508,12.414227098928745,0.06629059099223689,0.005368556191524738
ev,count,2-2,expected_bin_index,14250,11.101684210526315,11.26282382825092,0.16113961772460428,0.014514880325258763
ev,count,3-0,expected_bin_index,283,15.356890459363958,15.351813558907054,-0.005076900456904454,-0.00033059430034605627
ev,count,3-1,expected_bin_index,3356,13.367997616209774,13.589174640139976,0.22117702393020267,0.01654526207141208
ev,count,3-2,expected_bin_index,10056,12.047732696897375,12.249198793560186,0.201466096662811,0.016722324584333956
ev,handedness,LvL,bin_0,9145,0.05850191361399672,0.054972372792506906,-0.0035295408214898114,-0.060332057593503415
ev,handedness,LvL,bin_1,9145,0.05019136139967195,0.051565607176903186,0.0013742457772312339,0.0273801255616114
ev,handedness,LvL,bin_2,9145,0.045598687807545106,0.04679171654684474,0.0011930287392996342,0.02616366383907711
ev,handedness,LvL,bin_3,9145,0.045379989065062874,0.04779066464065805,0.0024106755755951767,0.053121995515223834
ev,handedness,LvL,bin_4,9145,0.04406779661016949,0.04650103163099891,0.0024332350208294204,0.05521571778035993
ev,handedness,LvL,bin_5,9145,0.04516129032258064,0.04592342613165116,0.000762135809070516,0.016875864343704285
ev,handedness,LvL,bin_6,9145,0.04406779661016949,0.04279510847295641,-0.0012726881372130822,-0.02888023080598917
ev,handedness,LvL,bin_7,9145,0.03980317113176599,0.04459869418132331,0.0047955230495573195,0.12048092936319145
ev,handedness,LvL,bin_8,9145,0.041443411700382723,0.04131096067137015,-0.00013245102901257577,-0.0031959489718205946
ev,handedness,LvL,bin_9,9145,0.044723892837616186,0.043187211004324905,-0.0015366818332912813,-0.03435930407200188
ev,handedness,LvL,bin_10,9145,0.040240568616730456,0.03933328015159738,-0.000907288465133077,-0.0225466114501141
ev,handedness,LvL,bin_11,9145,0.03313285948605796,0.038316506349058754,0.005183646863000796,0.15645033188825833
ev,handedness,LvL,bin_12,9145,0.041115363586659376,0.04159999006381113,0.0004846264771517575,0.011786992376470273
ev,handedness,LvL,bin_13,9145,0.03280481137233461,0.038099055151883734,0.005294243779549124,0.16138619787992245
ev,handedness,LvL,bin_14,9145,0.04188080918534719,0.0418326733632034,-4.813582214378831e-05,-0.0011493527245559896
ev,handedness,LvL,bin_15,9145,0.04067796610169491,0.03927487111185386,-0.00140309498984105,-0.03449275183359248
ev,handedness,LvL,bin_16,9145,0.04428649535265172,0.03844068173887885,-0.005845813613772871,-0.13199991480976025
ev,handedness,LvL,bin_17,9145,0.03761618370694368,0.035813268348630044,-0.0018029153583136379,-0.04792924695284366
ev,handedness,LvL,bin_18,9145,0.03903772553307819,0.03722691758241567,-0.0018108079506625185,-0.046386102825794764
ev,handedness,LvL,bin_19,9145,0.03728813559322034,0.03812288479342604,0.0008347492002057019,0.02238645582369837
ev,handedness,LvL,bin_20,9145,0.03335155822854018,0.034728829468281944,0.0013772712397417605,0.04129555897520787
ev,handedness,LvL,bin_21,9145,0.035757244395844726,0.03620664668727248,0.0004494022914277515,0.012568146651702713
ev,handedness,LvL,bin_22,9145,0.03991252050300711,0.03778162063916363,-0.0021308998638434815,-0.053389258232462024
ev,handedness,LvL,bin_23,9145,0.043958447238928375,0.037785981138043934,-0.006172466100884441,-0.14041592659847815
ev,handedness,LvR,bin_0,42343,0.03653496445693503,0.036484186213899074,-5.0778243035953796e-05,-0.0013898533580293418
ev,handedness,LvR,bin_1,42343,0.038070046997142386,0.03735106288451533,-0.0007189841126270524,-0.018885821514247694
ev,handedness,LvR,bin_2,42343,0.03877854663108424,0.0373371942640325,-0.0014413523670517361,-0.03716880833012891
ev,handedness,LvR,bin_3,42343,0.039392579647167185,0.0399725824345094,0.0005800027873422153,0.014723655889946896
ev,handedness,LvR,bin_4,42343,0.041588928512386936,0.04015427279034566,-0.001434655722041274,-0.034496097239292256
ev,handedness,LvR,bin_5,42343,0.04038447913468578,0.0411751860543378,0.0007907069196520233,0.019579475496389255
ev,handedness,LvR,bin_6,42343,0.040809578915050895,0.03979568891562555,-0.001013889999425345,-0.02484441217920566
ev,handedness,LvR,bin_7,42343,0.044139527194577616,0.04269545413264429,-0.0014440730619333236,-0.032716097197133615
ev,handedness,LvR,bin_8,42343,0.042061261601681506,0.040494184338786314,-0.0015670772628951918,-0.03725701995663734
ev,handedness,LvR,bin_9,42343,0.044682710247266375,0.04328572745863479,-0.0013969827886315817,-0.03126450434409464
ev,handedness,LvR,bin_10,42343,0.03818813026946603,0.041214026149409534,0.0030258958799435076,0.07923655488215704
ev,handedness,LvR,bin_11,42343,0.037267080745341616,0.03890898034047658,0.0016418995951349644,0.04405763913612154
ev,handedness,LvR,bin_12,42343,0.043879743995465605,0.04399898392051402,0.00011923992504841302,0.0027174252671286073
ev,handedness,LvR,bin_13,42343,0.042769761235623364,0.04049507035640517,-0.002274690879218194,-0.053184558751372714
ev,handedness,LvR,bin_14,42343,0.046619275913374114,0.044956400738729814,-0.0016628751746443002,-0.03566926216816798
ev,handedness,LvR,bin_15,42343,0.042675294617764446,0.04328955506386498,0.0006142604461005369,0.014393818521989505
ev,handedness,LvR,bin_16,42343,0.042391894764187706,0.043224191051706856,0.0008322962875191506,0.019633382564024176
ev,handedness,LvR,bin_17,42343,0.041588928512386936,0.04030925397827744,-0.0012796745341094942,-0.03076959613730739
ev,handedness,LvR,bin_18,42343,0.04121106204095128,0.043025201682345776,0.0018141396413944993,0.044020696180840854
ev,handedness,LvR,bin_19,42343,0.045296743263349315,0.04469132952342877,-0.0006054137399205475,-0.013365502601384641
ev,handedness,LvR,bin_20,42343,0.039250879720378815,0.041034524614901875,0.0017836448945230607,0.045442163519127526
ev,handedness,LvR,bin_21,42343,0.041966794983822595,0.04375091260001431,0.0017841176161917174,0.04251260113810123
ev,handedness,LvR,bin_22,42343,0.045225893299955126,0.0462607868872842,0.0010348935873290763,0.02288276718969978
ev,handedness,LvR,bin_23,42343,0.045225893299955126,0.046095243360449706,0.0008693500604945795,0.019222396663980148
ev,handedness,RvL,bin_0,23703,0.039573049824916676,0.036493048502484506,-0.00308000132243217,-0.0778307796861511
ev,handedness,RvL,bin_1,23703,0.03991055984474539,0.03763116023002957,-0.0022793996147158213,-0.057112694574639654
ev,handedness,RvL,bin_2,23703,0.03851833101295195,0.037956703996650874,-0.0005616270163010736,-0.014580772362962046
ev,handedness,RvL,bin_3,23703,0.041218411171581655,0.04028993959080148,-0.0009284715807801741,-0.022525651872295258
ev,handedness,RvL,bin_4,23703,0.040838712399274356,0.04038921333066354,-0.00044949906861081745,-0.011006690519919633
ev,handedness,RvL,bin_5,23703,0.03940429481500232,0.040921155458514394,0.0015168606435120718,0.03849480496056385
ev,handedness,RvL,bin_6,23703,0.03999493734970257,0.0393200143336381,-0.0006749230160644701,-0.016875211233941072
ev,handedness,RvL,bin_7,23703,0.04307471628063958,0.042144411662167175,-0.0009303046184724051,-0.02159746363530991
ev,handedness,RvL,bin_8,23703,0.04147154368645319,0.039233928797990134,-0.002237614888463059,-0.05395542797684627
ev,handedness,RvL,bin_9,23703,0.04585917394422647,0.04223996012777146,-0.003619213816455011,-0.07892017027730738
ev,handedness,RvL,bin_10,23703,0.0394886723199595,0.03945103535817706,-3.763696178243903e-05,-0.0009531078046251626
ev,handedness,RvL,bin_11,23703,0.03417288950765726,0.03814108095775741,0.0039681914501001475,0.1161210394342269
ev,handedness,RvL,bin_12,23703,0.04526853140952622,0.042148516343004386,-0.0031200150665218335,-0.0689223831516934
ev,handedness,RvL,bin_13,23703,0.03742142344850863,0.03837106532802008,0.0009496418795114508,0.025376957688906333
ev,handedness,RvL,bin_14,23703,0.04387630257773278,0.04348088304087909,-0.0003954195368536875,-0.009012143540425918
ev,handedness,RvL,bin_15,23703,0.042315318736024975,0.041058546078691124,-0.0012567726573338503,-0.029700181751529664
ev,handedness,RvL,bin_16,23703,0.040669957389359995,0.042653193556583785,0.0019832361672237897,0.04876415650591856
ev,handedness,RvL,bin_17,23703,0.03885584103278066,0.039777415239956856,0.0009215742071761943,0.023717777885664856
ev,handedness,RvL,bin_18,23703,0.044382567607475845,0.04292751162909467,-0.0014550559783811784,-0.03278440290453334
ev,handedness,RvL,bin_19,23703,0.04256845125089651,0.04510833764424026,0.0025398863933437446,0.05966593377742991
ev,handedness,RvL,bin_20,23703,0.042188752478589206,0.042475880789916355,0.00028712831132714917,0.006805802363387417
ev,handedness,RvL,bin_21,23703,0.0429903387756824,0.046601690537946786,0.0036113517622643823,0.084003798646666
ev,handedness,RvL,bin_22,23703,0.04801080032063452,0.049576491845967345,0.0015656915253328269,0.032611235698562384
ev,handedness,RvL,bin_23,23703,0.04792642281567734,0.05160881580333524,0.0036823929876578995,0.07683429664300633
ev,handedness,RvR,bin_0,47125,0.04676923076923077,0.04655298397817898,-0.00021624679105178984,-0.004623697834988927
ev,handedness,RvR,bin_1,47125,0.04594164456233422,0.04516294026245741,-0.000778704299876809,-0.01694985687376195
ev,handedness,RvR,bin_2,47125,0.0446684350132626,0.043092899543023234,-0.0015755354702393642,-0.03527178576485988
ev,handedness,RvR,bin_3,47125,0.042779840848806365,0.043591834723003285,0.0008119938741969202,0.018980759584092195
ev,handedness,RvR,bin_4,47125,0.04190981432360743,0.04233434826751988,0.0004245339439124529,0.010129702332594604
ev,handedness,RvR,bin_5,47125,0.04224933687002653,0.041841130343451105,-0.0004082065265754234,-0.00966184458305717
ev,handedness,RvR,bin_6,47125,0.04055172413793103,0.039490741120868755,-0.0010609830170622767,-0.02616369684932485
ev,handedness,RvR,bin_7,47125,0.042907161803713526,0.0417897323416126,-0.0011174294621009231,-0.026042959150101883
ev,handedness,RvR,bin_8,47125,0.03864190981432361,0.03847120160894068,-0.00017070820538293147,-0.004417695869670865
ev,handedness,RvR,bin_9,47125,0.04063660477453581,0.04113580581739135,0.0004992010428555363,0.012284516524578145
ev,handedness,RvR,bin_10,47125,0.0373474801061008,0.03816419811933536,0.0008167180132345603,0.021868088848681053
ev,handedness,RvR,bin_11,47125,0.03437665782493369,0.037599741024580295,0.0032230831996466064,0.09375789863169526
ev,handedness,RvR,bin_12,47125,0.04203713527851459,0.04044307563949087,-0.0015940596390237177,-0.03792027283644255
ev,handedness,RvR,bin_13,47125,0.0380053050397878,0.03700091837942688,-0.0010043866603609217,-0.026427538453103534
ev,handedness,RvR,bin_14,47125,0.04216445623342175,0.04142647711800291,-0.0007379791154188409,-0.017502398497288817
ev,handedness,RvR,bin_15,47125,0.03902387267904509,0.03927844467255424,0.00025457199350914506,0.006523493852157945
ev,handedness,RvR,bin_16,47125,0.04241909814323607,0.04041990491681338,-0.0019991932264226894,-0.04712955517517221
ev,handedness,RvR,bin_17,47125,0.03751724137931035,0.037997333695155275,0.000480092315844928,0.01279657827160194
ev,handedness,RvR,bin_18,47125,0.04116710875331565,0.04116740387895282,2.9512563717165596e-07,7.168966830780561e-06
ev,handedness,RvR,bin_19,47125,0.043671087533156495,0.04348563308525154,-0.00018545444790495774,-0.004246618492478685
ev,handedness,RvR,bin_20,47125,0.040445623342175066,0.0409094187109391,0.00046379536876403615,0.01146713365844974
ev,handedness,RvR,bin_21,47125,0.04449867374005305,0.044474326916745896,-2.4346823307153098e-05,-0.0005471359314971816
ev,handedness,RvR,bin_22,47125,0.0450079575596817,0.04664119309124611,0.0016332355315644143,0.03628770599951581
ev,handedness,RvR,bin_23,47125,0.04526259946949602,0.047528312708836465,0.002265713239340446,0.050057072856970704
ev,handedness,LvL,expected_bin_index,9145,10.906178239475123,10.749844036092522,-0.15633420338260073,-0.014334462535808012
ev,handedness,LvR,expected_bin_index,42343,11.750938762014973,11.840720089022742,0.08978132700776875,0.007640353577365902
ev,handedness,RvL,expected_bin_index,23703,11.760536640931528,11.963077381763993,0.20254074083246465,0.017222066221667057
ev,handedness,RvR,expected_bin_index,47125,11.448679045092838,11.510167185168612,0.061488140075773856,0.005370762848149635
ev,two_strike,0,bin_0,75318,0.03992405533869726,0.03933380377055893,-0.000590251568138328,-0.01478435903193967
ev,two_strike,0,bin_1,75318,0.03819804030908946,0.0383584090607722,0.00016036875168274484,0.004198350239569335
ev,two_strike,0,bin_2,75318,0.039764730874425766,0.03819123700299121,-0.0015734938714345587,-0.03957008728170554
ev,two_strike,0,bin_3,75318,0.03980456199049364,0.040683263129335984,0.000878701138842343,0.022075387716920476
ev,two_strike,0,bin_4,75318,0.04030908946068669,0.04048116383606873,0.00017207437538203918,0.0042688727948038295
ev,two_strike,0,bin_5,75318,0.040269258344618815,0.04042181571255854,0.0001525573679397249,0.003788432521755424
ev,two_strike,0,bin_6,75318,0.03952574417801853,0.0382806602184042,-0.0012450839596143334,-0.03150058235479757
ev,two_strike,0,bin_7,75318,0.041331421439762074,0.04095417312650938,-0.0003772483132526913,-0.00912739751287061
ev,two_strike,0,bin_8,75318,0.039207095249475556,0.03814861420485794,-0.0010584810446176152,-0.026997180940910782
ev,two_strike,0,bin_9,75318,0.04176956371650867,0.04078024429242448,-0.0009893194240841868,-0.023685174946971643
ev,two_strike,0,bin_10,75318,0.0377067898775857,0.03871057113641225,0.0010037812588265457,0.026620703117006258
ev,two_strike,0,bin_11,75318,0.03394938792851642,0.03662605807412677,0.002676670145610349,0.07884295738251088
ev,two_strike,0,bin_12,75318,0.042194428954565974,0.04115585593548337,-0.0010385730190826045,-0.02461398447176325
ev,two_strike,0,bin_13,75318,0.03891500039831116,0.03795237140216312,-0.0009626289961480392,-0.0247367078580273
ev,two_strike,0,bin_14,75318,0.0435885180169415,0.04254661651247968,-0.0010419015044618243,-0.023903118340863748
ev,two_strike,0,bin_15,75318,0.04076050877612258,0.04062962542688855,-0.0001308833492340289,-0.0032110332565500285
ev,two_strike,0,bin_16,75318,0.042526354921798244,0.04157511919306902,-0.0009512357287292245,-0.022368146305472285
ev,two_strike,0,bin_17,75318,0.03977800791311506,0.03926122337418273,-0.0005167845389323286,-0.012991714920996371
ev,two_strike,0,bin_18,75318,0.04376111951990228,0.04275671756970594,-0.0010044019501963403,-0.02295192538983251
ev,two_strike,0,bin_19,75318,0.04465068111208476,0.04563538895090452,0.000984707838819758,0.022053590545413778
ev,two_strike,0,bin_20,75318,0.04198199633553732,0.0432192683734904,0.0012372720379530827,0.029471491256973525
ev,two_strike,0,bin_21,75318,0.046124432406596035,0.04766076724035734,0.0015363348337613034,0.03330848215579558
ev,two_strike,0,bin_22,75318,0.05071828779309063,0.05162345575084083,0.0009051679577502039,0.017846973885295776
ev,two_strike,0,bin_23,75318,0.05324092514405587,0.05501357664114922,0.0017726514970933457,0.033294904104258505
ev,two_strike,1,bin_0,46998,0.047172220094472105,0.04561540729983662,-0.001556812794635487,-0.03300274592795607
ev,two_strike,1,bin_1,46998,0.04904464019745521,0.04647686774997379,-0.002567772447481423,-0.052355821903137485
ev,two_strike,1,bin_2,46998,0.04429975743648666,0.04389191288457206,-0.0004078445519146018,-0.009206473703593877
ev,two_strike,1,bin_3,46998,0.04421464743180561,0.044144013005451704,-7.063442635390355e-05,-0.0015975345379118184
ev,two_strike,1,bin_4,46998,0.04406570492361377,0.043169830522695844,-0.0008958744009179287,-0.020330422546760412
ev,two_strike,1,bin_5,46998,0.042874164858079065,0.043846072907412895,0.0009719080493338292,0.02266885086977236
ev,two_strike,1,bin_6,46998,0.04283160985573854,0.04226160329122337,-0.0005700065645151756,-0.013308081728308108
ev,two_strike,1,bin_7,46998,0.04602323503127793,0.04467024952787709,-0.001352985503400836,-0.029397879190398744
ev,two_strike,1,bin_8,46998,0.04278905485339802,0.041748028601972596,-0.0010410262514254226,-0.024329264925157638
ev,two_strike,1,bin_9,46998,0.04589557002425635,0.04459863796016494,-0.0012969320640914134,-0.02825832783874281
ev,two_strike,1,bin_10,46998,0.03917187965445338,0.04091283218109405,0.0017409525266406725,0.04444393636450751
ev,two_strike,1,bin_11,46998,0.03732073705264054,0.04075219798325316,0.003431460930612626,0.09194515439961927
ev,two_strike,1,bin_12,46998,0.04489552746925401,0.04358973467637733,-0.001305792792876681,-0.029085142028255098
ev,two_strike,1,bin_13,46998,0.039533597174347845,0.039528906640658557,-4.690533689288845e-06,-0.00011864677197481009
ev,two_strike,1,bin_14,46998,0.04470402995872165,0.04392682064776015,-0.0007772093109615005,-0.017385665490989338
ev,two_strike,1,bin_15,46998,0.041512404783182265,0.04162397594327591,0.00011157116009364448,0.0026876583198775514
ev,two_strike,1,bin_16,46998,0.04170390229371462,0.04183632909692825,0.00013242680321362554,0.0031754055599152926
ev,two_strike,1,bin_17,46998,0.03825694710413209,0.03852756887464612,0.00027062177051402625,0.007073794199453952
ev,two_strike,1,bin_18,46998,0.03825694710413209,0.040415135498355854,0.002158188394223763,0.05641298006214039
ev,two_strike,1,bin_19,46998,0.04176773479722541,0.04090165344836173,-0.0008660813488636787,-0.02073565523886662
ev,two_strike,1,bin_20,46998,0.03640580450231925,0.03690781150300165,0.0005020070006824043,0.013789202231485468
ev,two_strike,1,bin_21,46998,0.03715051704327844,0.03818021056089368,0.0010296935176152405,0.02771680179890096
ev,two_strike,1,bin_22,46998,0.03657602451168135,0.038070466622442053,0.0014944421107607048,0.04085851676645236
ev,two_strike,1,bin_23,46998,0.0335333418443338,0.03440373247906783,0.0008703906347340348,0.025955976555349095
ev,two_strike,0,expected_bin_index,75318,11.941474813457607,12.007364933594333,0.06589012013672679,0.005517753976457835
ev,two_strike,1,expected_bin_index,46998,10.98297799906379,11.091656541812862,0.10867854274907174,0.009895179864544544
la,overall,all,bin_0,122316,0.04799045096307924,0.05038498000369295,0.002394529040613713,0.049895947892965406
la,overall,all,bin_1,122316,0.03822067431897708,0.04244865604691738,0.004227981727940304,0.11062028086304732
la,overall,all,bin_2,122316,0.04284803296379869,0.04483558278065491,0.0019875498168562197,0.046386022400035365
la,overall,all,bin_3,122316,0.030756401451976847,0.03471305641703943,0.003956654965062582,0.12864492522769666
la,overall,all,bin_4,122316,0.03670819843683574,0.03750016846228702,0.0007919700254512829,0.021574745129866173
la,overall,all,bin_5,122316,0.04102488635992021,0.043280723434763094,0.0022558370748428855,0.0549870401846318
la,overall,all,bin_6,122316,0.047099316524412176,0.0467488545124426,-0.00035046201196957394,-0.007440915024487139
la,overall,all,bin_7,122316,0.0395614637496321,0.039286021434500905,-0.0002754423151311927,-0.006962389381605078
la,overall,all,bin_8,122316,0.02762516759867883,0.02838593607921266,0.00076076848053383,0.027538963440359852
la,overall,all,bin_9,122316,0.04213676052192681,0.042500549206586725,0.0003637886846599159,0.008633522846888295
la,overall,all,bin_10,122316,0.04355930540567056,0.04348075601063945,-7.854939503110919e-05,-0.0018032747377299458
la,overall,all,bin_11,122316,0.04373099185715687,0.044423529189805744,0.0006925373326488737,0.01583630517485131
la,overall,all,bin_12,122316,0.02957094738219039,0.029785120757043412,0.00021417337485302168,0.00724269574744877
la,overall,all,bin_13,122316,0.044663004022368294,0.04483404511220878,0.000171041089840486,0.003829592155396098
la,overall,all,bin_14,122316,0.044932797017561074,0.04412192483850785,-0.0008108721790532208,-0.018046332142116768
la,overall,all,bin_15,122316,0.029227574479217765,0.028474428905002905,-0.0007531455742148599,-0.02576832281277337
la,overall,all,bin_16,122316,0.04367376303999477,0.04187875219689785,-0.0017950108430969183,-0.04110043921457182
la,overall,all,bin_17,122316,0.04048530036953465,0.0398391183895914,-0.0006461819799432472,-0.01596090368714423
la,overall,all,bin_18,122316,0.048726250040877724,0.04900032344246731,0.00027407340158958765,0.005624758756515437
la,overall,all,bin_19,122316,0.04224304261094215,0.041548997417916664,-0.0006940451930254887,-0.01642981068900826
la,overall,all,bin_20,122316,0.0348441741064129,0.035438362840868924,0.0005941887344560262,0.0170527426662889
la,overall,all,bin_21,122316,0.046870401255763756,0.0467162790765431,-0.00015412217922065874,-0.0032882624234352163
la,overall,all,bin_22,122316,0.045848458092154744,0.045645954705506156,-0.00020250338664858786,-0.004416798188535784
la,overall,all,bin_23,122316,0.06765263743091664,0.0547278786966192,-0.012924758734297437,-0.19104589599327196
la,overall,all,expected_bin_index,122316,11.960037934530233,11.647827940189508,-0.3122099943407246,-0.0261044317793786
la,count,0-0,bin_0,20078,0.04163761330809842,0.04629040192040933,0.004652788612310908,0.11174484420810815
la,count,0-0,bin_1,20078,0.03615897997808547,0.03934156059730195,0.003182580619216481,0.08801632737276653
la,count,0-0,bin_2,20078,0.03800179300727164,0.04189674131121985,0.003894948303948209,0.10249380346877084
la,count,0-0,bin_3,20078,0.030580735132981374,0.032466932779319335,0.0018861976463379615,0.06167927743187881
la,count,0-0,bin_4,20078,0.03436597270644486,0.03521872275516687,0.0008527500487220049,0.024813790548174515
la,count,0-0,bin_5,20078,0.039844606036457814,0.04184709386526028,0.0020024878288024683,0.05025743828336995
la,count,0-0,bin_6,20078,0.0456220739117442,0.045166869175232584,-0.0004552047365116163,-0.009977730021484969
la,count,0-0,bin_7,20078,0.038051598764817215,0.03880806804960933,0.0007564692847921162,0.019880092015780244
la,count,0-0,bin_8,20078,0.02769200119533818,0.028460898663104264,0.0007688974677660838,0.027766049204689624
la,count,0-0,bin_9,20078,0.042334893913736425,0.04209740970236408,-0.00023748421137234632,-0.00560965646580467
la,count,0-0,bin_10,20078,0.044476541488196034,0.04320872741897437,-0.0012678140692216622,-0.028505230550764316
la,count,0-0,bin_11,20078,0.041587807550552844,0.04468743294782451,0.0030996253972716686,0.07453207033104259
la,count,0-0,bin_12,20078,0.029983066042434506,0.029698937958922315,-0.00028412808351219176,-0.009476285150760442
la,count,0-0,bin_13,20078,0.04452634724574161,0.04531761586290779,0.000791268617166184,0.017770795632508548
la,count,0-0,bin_14,20078,0.04612013148719992,0.04442080092696175,-0.0016993305602381742,-0.03684574404801518
la,count,0-0,bin_15,20078,0.028837533618886343,0.02869293533875068,-0.00014459828013566392,-0.0050142388058097755
la,count,0-0,bin_16,20078,0.04691702360792908,0.04230106828049717,-0.004615955327431906,-0.09838551068384056
la,count,0-0,bin_17,20078,0.04168741906564399,0.04110313650447554,-0.0005842825611684435,-0.014015800792281971
la,count,0-0,bin_18,20078,0.05035362087857356,0.05078456537405431,0.00043094449548074926,0.008558361602633515
la,count,0-0,bin_19,20078,0.04462595876083275,0.04341372483940597,-0.0012122339214267822,-0.027164322181257736
la,count,0-0,bin_20,20078,0.034565195736627155,0.03737386967908067,0.0028086739424535156,0.08125728446193327
la,count,0-0,bin_21,20078,0.04861041936447853,0.049485545112772276,0.0008751257482937438,0.018002843006395274
la,count,0-0,bin_22,20078,0.04875983663711525,0.049206063072552056,0.0004462264354368056,0.009151516211133998
la,count,0-0,bin_23,20078,0.07465883056081284,0.058710877452564064,-0.015947953108248772,-0.21361107572209395
la,count,0-1,bin_0,15676,0.050650676192906356,0.05401687598620719,0.003366199793300835,0.06645912841282606
la,count,0-1,bin_1,15676,0.03891298800714468,0.04404758821434694,0.005134600207202258,0.13195080794770916
la,count,0-1,bin_2,15676,0.044845623883643784,0.04627929530194413,0.0014336714183003432,0.03196903720238432
la,count,0-1,bin_3,15676,0.03195968359275325,0.03587572752438026,0.003916043931627006,0.12253074784867254
la,count,0-1,bin_4,15676,0.03559581525899464,0.03852191193078417,0.00292609667178953,0.08220338965407288
la,count,0-1,bin_5,15676,0.04191120183720337,0.044484013933112264,0.0025728120959088926,0.061387218288383255
la,count,0-1,bin_6,15676,0.04905588160244961,0.047725160339059554,-0.0013307212633900528,-0.027126640474515563
la,count,0-1,bin_7,15676,0.03967848941056392,0.03986858867400336,0.00019009926343943606,0.004790990439994533
la,count,0-1,bin_8,15676,0.029599387598877265,0.02861358107706939,-0.0009858065218078735,-0.033304963439353935
la,count,0-1,bin_9,15676,0.040507782597601426,0.04294249984747408,0.0024347172498726533,0.06010492536850979
la,count,0-1,bin_10,15676,0.04401633069660628,0.04390106182872155,-0.00011526886788473106,-0.0026187750332768754
la,count,0-1,bin_11,15676,0.047269711661138046,0.044554496018798975,-0.002715215642339071,-0.057440918231183906
la,count,0-1,bin_12,15676,0.028833886195458024,0.02978773595037274,0.0009538497549147172,0.033080860084166164
la,count,0-1,bin_13,15676,0.04650421025771881,0.04494651070243948,-0.0015576995552793321,-0.03349588234370207
la,count,0-1,bin_14,15676,0.047269711661138046,0.04397003644315409,-0.003299675217983959,-0.06980527492188468
la,count,0-1,bin_15,15676,0.029726971166113805,0.02818194177684187,-0.001545029389271934,-0.051973992931817245
la,count,0-1,bin_16,15676,0.042995662158713956,0.04142055657588695,-0.0015751055828270022,-0.036634058036195974
la,count,0-1,bin_17,15676,0.040954325082929316,0.039212326788132724,-0.0017419982947965915,-0.042535148394441384
la,count,0-1,bin_18,15676,0.05014034192396019,0.04819403710470009,-0.0019463048192601001,-0.03881714293475996
la,count,0-1,bin_19,15676,0.03910436335799949,0.04066869223663027,0.001564328878630783,0.04000394698436567
la,count,0-1,bin_20,15676,0.031640724674661905,0.03398761248247105,0.002346887807809145,0.07417301063551644
la,count,0-1,bin_21,15676,0.04471804031640725,0.045036245434422244,0.00031820511801499557,0.007115810884455165
la,count,0-1,bin_22,15676,0.04446287318193417,0.04289183657918883,-0.0015710366027453376,-0.03533367257480045
la,count,0-1,bin_23,15676,0.05964531768308242,0.05087166742698183,-0.008773650256100593,-0.1470970496413186
la,count,0-2,bin_0,8443,0.056378064668956535,0.057691766725711205,0.0013137020567546703,0.02330165223777244
la,count,0-2,bin_1,8443,0.04417860949899325,0.04766766526541696,0.003489055766423707,0.07897613360835216
la,count,0-2,bin_2,8443,0.051285088238777685,0.048991969995409446,-0.002293118243368239,-0.04471315780313636
la,count,0-2,bin_3,8443,0.035058628449603224,0.03785056218550518,0.002791933735901954,0.07963613693317634
la,count,0-2,bin_4,8443,0.04109913537841999,0.039702642961385586,-0.0013964924170344062,-0.033978632498621014
la,count,0-2,bin_5,8443,0.04500769868530143,0.04489127873599648,-0.00011641994930495364,-0.0025866674525834832
la,count,0-2,bin_6,8443,0.04571834655927988,0.04849927714418271,0.0027809305849028285,0.060827453182213935
la,count,0-2,bin_7,8443,0.03920407438114414,0.04025309892921329,0.0010490245480691482,0.02675804912189673
la,count,0-2,bin_8,8443,0.027596825772829563,0.028421077331176933,0.0008242515583473699,0.029867621918999332
la,count,0-2,bin_9,8443,0.0390856330688144,0.042909789582865475,0.0038241565140510747,0.09784046499434311
la,count,0-2,bin_10,8443,0.042875755063366106,0.04379709624224726,0.0009213411788811521,0.02148862865550709
la,count,0-2,bin_11,8443,0.04109913537841999,0.04428211014536769,0.003182974766947698,0.07744627077043059
la,count,0-2,bin_12,8443,0.030676299893402818,0.02996576885144063,-0.0007105310419621876,-0.023162214622728765
la,count,0-2,bin_13,8443,0.04453393343598247,0.04440542373799282,-0.00012850969798965106,-0.0028856579258686806
la,count,0-2,bin_14,8443,0.04595522918393936,0.04351766202004772,-0.002437567163891638,-0.05304221537303376
la,count,0-2,bin_15,8443,0.02878123889612697,0.02789951910157144,-0.0008817197945555286,-0.030635227265153612
la,count,0-2,bin_16,8443,0.041572900627738954,0.040962652687234084,-0.0006102479405048697,-0.014678983936417707
la,count,0-2,bin_17,8443,0.035769276323581664,0.03793368573546953,0.002164409411887863,0.06051029359128884
la,count,0-2,bin_18,8443,0.04690275968257728,0.04632647181159757,-0.0005762878709797137,-0.012286864885559906
la,count,0-2,bin_19,8443,0.04038848750444155,0.03918891099184782,-0.0011995765125937322,-0.029700951600671203
la,count,0-2,bin_20,8443,0.031979154329029966,0.03271854080674811,0.0007393864777181444,0.023120889005089976
la,count,0-2,bin_21,8443,0.04263887243870662,0.042911735295897944,0.0002728628571913236,0.006399391953517625
la,count,0-2,bin_22,8443,0.03955939831813336,0.0407326763555476,0.0011732780374142382,0.029658642125414414
la,count,0-2,bin_23,8443,0.06265545422243278,0.0484786168984363,-0.01417683732399648,-0.22626661158128977
la,count,1-0,bin_0,10561,0.04090521730896696,0.045464618134424165,0.004559400825457208,0.11146257434642029
la,count,1-0,bin_1,10561,0.03399299308777578,0.03802593451525563,0.004032941427479848,0.11864037441675399
la,count,1-0,bin_2,10561,0.039958337278666795,0.041252297134036435,0.0012939598553696405,0.032382725195636904
la,count,1-0,bin_3,10561,0.028501088912034844,0.032247223344234174,0.00374613443219933,0.13143829148989078
la,count,1-0,bin_4,10561,0.03541331313322602,0.03535563594593155,-5.767718729447063e-05,-0.0016286865642163217
la,count,1-0,bin_5,10561,0.03853801723321655,0.041521126200115645,0.0029831089668990937,0.07740691351209172
la,count,1-0,bin_6,10561,0.04346179339077739,0.04524312212199588,0.0017813287312184942,0.04098608437995319
la,count,1-0,bin_7,10561,0.03910614525139665,0.0383556566182717,-0.0007504886331249488,-0.019191066475623693
la,count,1-0,bin_8,10561,0.02594451283022441,0.028142321940708273,0.0021978091104838636,0.08471190516722658
la,count,1-0,bin_9,10561,0.04014771328472683,0.0420357466589661,0.0018880333742392758,0.04702717090882309
la,count,1-0,bin_10,10561,0.04298835337562731,0.042996478262577215,8.124886949907595e-06,0.0001890020508325421
la,count,1-0,bin_11,10561,0.04459804942713758,0.04443122061012677,-0.00016682881701081398,-0.003740720034928251
la,count,1-0,bin_12,10561,0.027932960893854747,0.029583122380435423,0.0016501614865806757,0.059075781219588196
la,count,1-0,bin_13,10561,0.0446927374301676,0.045308162642489234,0.0006154252123216353,0.01377013912569659
la,count,1-0,bin_14,10561,0.04819619354227819,0.04467720633955984,-0.0035189872027183502,-0.07301379930826817
la,count,1-0,bin_15,10561,0.032856737051415584,0.028843952593500855,-0.004012784457914729,-0.12212973100875346
la,count,1-0,bin_16,10561,0.043556481393807404,0.04253210375681323,-0.0010243776369941726,-0.0235183744006423
la,count,1-0,bin_17,10561,0.04497680143925765,0.041383624048454554,-0.0035931773908030942,-0.0798895714195189
la,count,1-0,bin_18,10561,0.050658081621058615,0.05111844357879639,0.0004603619577377774,0.009087631094707787
la,count,1-0,bin_19,10561,0.04147334532714705,0.04345050510395656,0.0019771597768095117,0.047673023750879576
la,count,1-0,bin_20,10561,0.03569737714231607,0.03743810156690657,0.0017407244245905007,0.04876337041936413
la,count,1-0,bin_21,10561,0.05113152163620869,0.049796257788804824,-0.0013352638474038656,-0.026114299060059677
la,count,1-0,bin_22,10561,0.04980588959378847,0.04986217123814291,5.6281644354443106e-05,0.0011300198593674404
la,count,1-0,bin_23,10561,0.07546633841492283,0.06093496727843819,-0.014531371136484637,-0.19255434199801036
la,count,1-1,bin_0,13873,0.049881063937144095,0.053553244403851286,0.003672180466707191,0.07361872776680471
la,count,1-1,bin_1,13873,0.03741079795285807,0.042809972542390926,0.005399174589532853,0.144321289172619
la,count,1-1,bin_2,13873,0.04353780725149571,0.045094766680666865,0.0015569594291711536,0.03576108967035002
la,count,1-1,bin_3,13873,0.03049088156851438,0.03461487669455301,0.004123995126038629,0.13525339097762154
la,count,1-1,bin_4,13873,0.0359691487061198,0.038063286616368625,0.0020941379102488236,0.05822039124024435
la,count,1-1,bin_5,13873,0.03964535428530239,0.04415500539747266,0.0045096511121702765,0.11374979978025135
la,count,1-1,bin_6,13873,0.04901607438910113,0.04756573229626564,-0.0014503420928354896,-0.02958911154986286
la,count,1-1,bin_7,13873,0.04224032292943127,0.039786860319176644,-0.002453462610254628,-0.058083424559833535
la,count,1-1,bin_8,13873,0.026165933828299574,0.02866241769713057,0.0024964838688309975,0.09540969893193507
la,count,1-1,bin_9,13873,0.04404238448785411,0.043064880050728824,-0.0009775044371252845,-0.02219463020661059
la,count,1-1,bin_10,13873,0.0472140128306783,0.043965369384010744,-0.0032486434466675526,-0.06880676417651749
la,count,1-1,bin_11,13873,0.04483529157356015,0.04471581082706791,-0.00011948074649224122,-0.0026648816657345057
la,count,1-1,bin_12,13873,0.030418799106177466,0.029814835603421564,-0.0006039635027559019,-0.019854942354816652
la,count,1-1,bin_13,13873,0.04440279679953867,0.044906803371474305,0.0005040065719356321,0.011350784370881533
la,count,1-1,bin_14,13873,0.044474879261875586,0.044053634100973266,-0.0004212451609023199,-0.009471530173740493
la,count,1-1,bin_15,13873,0.028977149859439198,0.028317067799894707,-0.0006600820595444902,-0.0227793990349769
la,count,1-1,bin_16,13873,0.0413032509190514,0.04158804867470532,0.0002847977556539247,0.006895286673973642
la,count,1-1,bin_17,13873,0.03892452966193325,0.03938855147482167,0.00046402181288841826,0.011921064092964864
la,count,1-1,bin_18,13873,0.04916023931377496,0.04850368896804977,-0.0006565503457251903,-0.013355312237896724
la,count,1-1,bin_19,13873,0.041519498306062136,0.04094978514761133,-0.0005697131584508075,-0.013721580984701479
la,count,1-1,bin_20,13873,0.03568081885677215,0.03471423536447435,-0.0009665834922977998,-0.027089722805348233
la,count,1-1,bin_21,13873,0.04476320911122324,0.045719613891254715,0.0009564047800314779,0.021365867171299024
la,count,1-1,bin_22,13873,0.04252865277877892,0.04388103724189704,0.0013523844631181184,0.03179937229972484
la,count,1-1,bin_23,13873,0.06739710228501405,0.052110475509831534,-0.01528662677518252,-0.22681430294343005
la,count,1-2,bin_0,14249,0.05698645518983789,0.05854702360322146,0.0015605684133835757,0.027384900643229765
la,count,1-2,bin_1,14249,0.044353989753666924,0.04791616438241557,0.0035621746287486447,0.08031238336240418
la,count,1-2,bin_2,14249,0.046599761386763985,0.04918741177763773,0.002587650390873747,0.05552926268006027
la,count,1-2,bin_3,14249,0.034177837041195876,0.03819745760130709,0.004019620560111216,0.11760898020744294
la,count,1-2,bin_4,14249,0.038739560670924274,0.040069932400205434,0.00133037172928116,0.03434142530892618
la,count,1-2,bin_5,14249,0.04203803775703558,0.045217257483382074,0.003179219726346494,0.07562721515978496
la,count,1-2,bin_6,14249,0.04975787774580672,0.04861487951681726,-0.0011429982289894586,-0.022971201360889697
la,count,1-2,bin_7,14249,0.0411256930310899,0.04034910579528273,-0.0007765872358071677,-0.018883261984669508
la,count,1-2,bin_8,14249,0.02891430977612464,0.028568328372087372,-0.0003459814040372676,-0.011965750063415112
la,count,1-2,bin_9,14249,0.04245911993824128,0.04305542243754021,0.0005963024992989285,0.014044155888446996
la,count,1-2,bin_10,14249,0.04407326829952979,0.04392976743461723,-0.00014350086491255604,-0.0032559615034060685
la,count,1-2,bin_11,14249,0.04386272720892694,0.04427414961875565,0.00041142240982870726,0.009379772668238799
la,count,1-2,bin_12,14249,0.030317917046810302,0.029938121660700326,-0.00037979538610997607,-0.01252709364972465
la,count,1-2,bin_13,14249,0.04386272720892694,0.04427882979553719,0.000416102586610248,0.009486473210575079
la,count,1-2,bin_14,14249,0.04582777738788687,0.04337111849551394,-0.002456658892372926,-0.05360632857185578
la,count,1-2,bin_15,14249,0.0261772755982876,0.027884643849897695,0.0017073682516100946,0.06522329816941619
la,count,1-2,bin_16,14249,0.04456453084426977,0.04080793568481309,-0.0037565951594566785,-0.08429562901905231
la,count,1-2,bin_17,14249,0.03747631412730718,0.037764613079032665,0.0002882989517254825,0.007692831017109362
la,count,1-2,bin_18,14249,0.04344164502772124,0.04618633102057582,0.00274468599285458,0.06318098661096108
la,count,1-2,bin_19,14249,0.03852901958032143,0.03898811654484382,0.0004590969645223916,0.011915615022731436
la,count,1-2,bin_20,14249,0.03249350831637308,0.0327437773989577,0.00025026908258462405,0.007702125610687491
la,count,1-2,bin_21,14249,0.04512597375254404,0.04265474347068568,-0.002471230281858361,-0.054762924239813035
la,count,1-2,bin_22,14249,0.0419678573935013,0.04022056588657372,-0.0017472915069275813,-0.04163404127460051
la,count,1-2,bin_23,14249,0.05712681591690645,0.04723430255508772,-0.009892513361818733,-0.17316759569109966
la,count,2-0,bin_0,3616,0.03982300884955752,0.038410197519279404,-0.0014128113302781173,-0.0354772622936505
la,count,2-0,bin_1,3616,0.034015486725663714,0.03455735069618906,0.0005418639705253442,0.01592991965381825
la,count,2-0,bin_2,3616,0.03622787610619469,0.03892271996246403,0.0026948438562693355,0.0743859189638925
la,count,2-0,bin_3,3616,0.025719026548672565,0.030095280338310153,0.004376253789637588,0.1701562763798873
la,count,2-0,bin_4,3616,0.04065265486725664,0.034064498427407705,-0.006588156439848933,-0.1620596849421343
la,count,2-0,bin_5,3616,0.040376106194690266,0.040217954629235816,-0.00015815156545444936,-0.003916959319748554
la,count,2-0,bin_6,3616,0.041482300884955754,0.04436188876388769,0.002879587878931937,0.0694172651347859
la,count,2-0,bin_7,3616,0.03816371681415929,0.03774047362400127,-0.00042324319015801803,-0.011090198373995604
la,count,2-0,bin_8,3616,0.02627212389380531,0.02811359965069207,0.0018414757568867603,0.07009238249371079
la,count,2-0,bin_9,3616,0.04120575221238938,0.04183426798040796,0.0006285157680185754,0.015253107497685697
la,count,2-0,bin_10,3616,0.03982300884955752,0.04282898312066313,0.0030059742711056117,0.07548335391887426
la,count,2-0,bin_11,3616,0.04424778761061947,0.04487734934594952,0.0006295617353300545,0.014228095218459231
la,count,2-0,bin_12,3616,0.025165929203539824,0.029871944589562577,0.004706015386022753,0.1869994685259151
la,count,2-0,bin_13,3616,0.04535398230088496,0.04595820746954307,0.0006042251686581152,0.01332242810894966
la,count,2-0,bin_14,3616,0.03926991150442478,0.045698678663681505,0.006428767159256728,0.16370719752022767
la,count,2-0,bin_15,3616,0.032079646017699116,0.029668134868132304,-0.002411511149566812,-0.07517262342097923
la,count,2-0,bin_16,3616,0.0459070796460177,0.04371415789215719,-0.002192921753860509,-0.04776870519252772
la,count,2-0,bin_17,3616,0.04811946902654867,0.04308693651254729,-0.005032532514001382,-0.10458412396913218
la,count,2-0,bin_18,3616,0.051161504424778764,0.05301355067145391,0.0018520462466751486,0.03619999582690452
la,count,2-0,bin_19,3616,0.04424778761061947,0.04504798628863883,0.0008001986780193648,0.018084490123237644
la,count,2-0,bin_20,3616,0.03650442477876106,0.03931536595853211,0.0028109411797710496,0.07700275231857663
la,count,2-0,bin_21,3616,0.051161504424778764,0.051750382719856776,0.0005888782950780116,0.011510183324335621
la,count,2-0,bin_22,3616,0.05282079646017699,0.05296920100685066,0.00014840454667366942,0.002809585553780045
la,count,2-0,bin_23,3616,0.08019911504424779,0.06388088930978321,-0.016318225734464578,-0.2034713939855997
la,count,2-1,bin_0,7875,0.045714285714285714,0.04478803341902006,-0.0009262522952656546,-0.020261768958936194
la,count,2-1,bin_1,7875,0.03504761904761905,0.039894242023306326,0.004846622975687276,0.13828679686064238
la,count,2-1,bin_2,7875,0.038476190476190476,0.042958976121781955,0.004482785645591479,0.11650804276908547
la,count,2-1,bin_3,7875,0.027936507936507936,0.03336285289214362,0.005426344955635685,0.19423848420741371
la,count,2-1,bin_4,7875,0.03606349206349206,0.03668620224886884,0.0006227101853767819,0.017267051795218865
la,count,2-1,bin_5,7875,0.03923809523809524,0.04260044710129677,0.0033623518632015306,0.08569100622236911
la,count,2-1,bin_6,7875,0.04673015873015873,0.04618546994241132,-0.0005446887877474105,-0.011656044031279504
la,count,2-1,bin_7,7875,0.03987301587301587,0.03884317897904723,-0.0010298368939686414,-0.025827915732493795
la,count,2-1,bin_8,7875,0.02653968253968254,0.028327293442177867,0.001787610902495327,0.06735615242655837
la,count,2-1,bin_9,7875,0.04634920634920635,0.04243654181422954,-0.003912664534976809,-0.08441707729573253
la,count,2-1,bin_10,7875,0.04126984126984127,0.04348297646906899,0.0022131351992277226,0.053625968288979434
la,count,2-1,bin_11,7875,0.04419047619047619,0.044725430063079184,0.0005349538726029945,0.012105637203300523
la,count,2-1,bin_12,7875,0.02907936507936508,0.02990512532286257,0.0008257602434974913,0.028396776932501065
la,count,2-1,bin_13,7875,0.04812698412698413,0.04523186548472297,-0.002895118642261156,-0.060155829308196844
la,count,2-1,bin_14,7875,0.04114285714285714,0.044781782349629796,0.0036389252067726557,0.08844609877572428
la,count,2-1,bin_15,7875,0.031619047619047616,0.028983412163991792,-0.0026356354550558236,-0.08335594059664503
la,count,2-1,bin_16,7875,0.04419047619047619,0.04261983369502409,-0.0015706424954521,-0.035542556470360025
la,count,2-1,bin_17,7875,0.0419047619047619,0.04080923474350545,-0.0010955271612564516,-0.026143261802710777
la,count,2-1,bin_18,7875,0.048634920634920635,0.050327835578410904,0.0016929149434902688,0.03480862971275683
la,count,2-1,bin_19,7875,0.04114285714285714,0.04261616389874169,0.00147330675588455,0.035809539205527256
la,count,2-1,bin_20,7875,0.03796825396825397,0.03667493129915896,-0.001293322669095008,-0.03406326427800398
la,count,2-1,bin_21,7875,0.04609523809523809,0.04823402221658473,0.002138784121346639,0.04639924230194155
la,count,2-1,bin_22,7875,0.04596825396825397,0.047533327708735695,0.0015650737404817247,0.03404683896766183
la,count,2-1,bin_23,7875,0.0766984126984127,0.05799082156009969,-0.01870759113831301,-0.24391105995730952
la,count,2-2,bin_0,14250,0.05340350877192983,0.05315788281611228,-0.0002456259558175494,-0.004599434783705754
la,count,2-2,bin_1,14250,0.040280701754385966,0.04580550078443545,0.005524799030049488,0.1371574672094167
la,count,2-2,bin_2,14250,0.04680701754385965,0.04776794433599468,0.000960926792135032,0.020529545409181716
la,count,2-2,bin_3,14250,0.031087719298245615,0.036744932746191984,0.005657213447946369,0.18197582761452766
la,count,2-2,bin_4,14250,0.03796491228070176,0.03931244162821391,0.001347529347512151,0.03549407246219621
la,count,2-2,bin_5,14250,0.042035087719298245,0.044342217814408065,0.0023071300951098203,0.054885816119056664
la,count,2-2,bin_6,14250,0.04870175438596491,0.047626301950448306,-0.0010754524355166065,-0.022082416723503806
la,count,2-2,bin_7,14250,0.04056140350877193,0.039666441495066686,-0.0008949620137052444,-0.02206437490536286
la,count,2-2,bin_8,14250,0.028982456140350877,0.02831378730278607,-0.0006686688375648064,-0.023071503475299012
la,count,2-2,bin_9,14250,0.04182456140350877,0.042579218201595055,0.0007546567980862839,0.018043388209277762
la,count,2-2,bin_10,14250,0.04245614035087719,0.04351042875662607,0.0010542884057488794,0.024832412862680217
la,count,2-2,bin_11,14250,0.04224561403508772,0.043938670993582424,0.0016930569584947056,0.04007651438297268
la,count,2-2,bin_12,14250,0.030596491228070174,0.029758764152015556,-0.0008377270760546174,-0.027379841361876833
la,count,2-2,bin_13,14250,0.044,0.04409618312013519,9.618312013519315e-05,0.0021859800030725714
la,count,2-2,bin_14,14250,0.04343859649122807,0.04349510297087571,5.6506479647638885e-05,0.0013008357592550147
la,count,2-2,bin_15,14250,0.029052631578947368,0.028138992120368862,-0.0009136394585785058,-0.03144773498730365
la,count,2-2,bin_16,14250,0.042596491228070174,0.041284008455398674,-0.0013124827726715,-0.030811992603902594
la,count,2-2,bin_17,14250,0.03796491228070176,0.03851751929137505,0.0005526070106732922,0.014555729948418509
la,count,2-2,bin_18,14250,0.046385964912280704,0.04730429973062347,0.0009183348183427684,0.01979768708227602
la,count,2-2,bin_19,14250,0.04343859649122807,0.04002273538490485,-0.0034158611063232203,-0.07863654404702082
la,count,2-2,bin_20,14250,0.036491228070175435,0.03401971990904164,-0.002471508161133798,-0.06772882941568582
la,count,2-2,bin_21,14250,0.04603508771929825,0.044750525087517944,-0.0012845626317803047,-0.027903990095837407
la,count,2-2,bin_22,14250,0.04231578947368421,0.0433019891142911,0.000986199640606894,0.023305712899914163
la,count,2-2,bin_23,14250,0.06133333333333333,0.05254439200210985,-0.00878894133122348,-0.14329795648733937
la,count,3-0,bin_0,283,0.0176678445229682,0.020080036557235923,0.0024121920342677246,0.1365300691395532
la,count,3-0,bin_1,283,0.024734982332155476,0.025806131130355896,0.0010711487982004199,0.04330501569867412
la,count,3-0,bin_2,283,0.0353356890459364,0.029594153752213165,-0.005741535293723232,-0.16248544881236746
la,count,3-0,bin_3,283,0.03180212014134275,0.02601347856845562,-0.005788641572887134,-0.182020618347451
la,count,3-0,bin_4,283,0.0176678445229682,0.027848509378285334,0.010180664855317136,0.5762256308109499
la,count,3-0,bin_5,283,0.045936395759717315,0.0346913366928588,-0.011245059066858513,-0.2447962858400738
la,count,3-0,bin_6,283,0.04240282685512368,0.039469368090028725,-0.0029334587650949526,-0.06918073587682262
la,count,3-0,bin_7,283,0.04240282685512368,0.03406434931895982,-0.00833847753616386,-0.19664909522786436
la,count,3-0,bin_8,283,0.024734982332155476,0.027325442259104483,0.002590459926949007,0.10472859418950986
la,count,3-0,bin_9,283,0.04240282685512368,0.0393268338469591,-0.003075993008164579,-0.07254216844254799
la,count,3-0,bin_10,283,0.04946996466431095,0.04163582929510413,-0.007834135369206824,-0.15836145067753796
la,count,3-0,bin_11,283,0.053003533568904596,0.04580827207344028,-0.007195261495464317,-0.13575060021442678
la,count,3-0,bin_12,283,0.024734982332155476,0.02958610136548959,0.004851119033334114,0.19612381234765064
la,count,3-0,bin_13,283,0.04240282685512368,0.045473452317676515,0.0030706254625528367,0.0724155838252044
la,count,3-0,bin_14,283,0.04946996466431095,0.04446909460897291,-0.005000870055338044,-0.10108901611861904
la,count,3-0,bin_15,283,0.028268551236749116,0.030596730434220586,0.0023281791974714694,0.08235933911055324
la,count,3-0,bin_16,283,0.045936395759717315,0.04477053262826464,-0.0011658631314526782,-0.02537994355393138
la,count,3-0,bin_17,283,0.02120141342756184,0.046836243746571846,0.025634830319010007,1.2091094967133051
la,count,3-0,bin_18,283,0.06713780918727916,0.056602633416705336,-0.01053517577057382,-0.1569186706880206
la,count,3-0,bin_19,283,0.045936395759717315,0.05025814974173746,0.004321753982020143,0.0940812597624385
la,count,3-0,bin_20,283,0.03180212014134275,0.04449043502823808,0.012688314886895327,0.39897701255459755
la,count,3-0,bin_21,283,0.04240282685512368,0.06075158150160731,0.018348754646483632,0.4327247970795723
la,count,3-0,bin_22,283,0.0706713780918728,0.06901087749699236,-0.0016605005948804319,-0.02349608341755811
la,count,3-0,bin_23,283,0.10247349823321555,0.08549042876087176,-0.016983069472343792,-0.16573133312666527
la,count,3-1,bin_0,3356,0.03367103694874851,0.033055680597311225,-0.0006153563514372865,-0.01827553907454454
la,count,3-1,bin_1,3356,0.028903456495828365,0.03434577514809452,0.005442318652266152,0.1882930040928372
la,count,3-1,bin_2,3356,0.0366507747318236,0.038794952348887274,0.002144177617063675,0.05850292750297312
la,count,3-1,bin_3,3356,0.026221692491060787,0.03035581980405805,0.004134127312997261,0.15766058252748646
la,count,3-1,bin_4,3356,0.035458879618593564,0.03391134624980103,-0.001547533368792535,-0.043643041896367626
la,count,3-1,bin_5,3356,0.03694874851013111,0.03968459926118949,0.00273585075105838,0.07404447677864455
la,count,3-1,bin_6,3356,0.04439809296781883,0.043855726595514836,-0.0005423663723039956,-0.012215983526524895
la,count,3-1,bin_7,3356,0.03933253873659118,0.037032515420198926,-0.002300023316392251,-0.05847635037736663
la,count,3-1,bin_8,3356,0.02532777115613826,0.027767232803657196,0.0024394616475189347,0.0963156857538064
la,count,3-1,bin_9,3356,0.04469606674612634,0.0410503582865945,-0.0036457084595318406,-0.08156665060125905
la,count,3-1,bin_10,3356,0.04201430274135876,0.04221181734445117,0.0001975146030924052,0.004701127716156822
la,count,3-1,bin_11,3356,0.04231227651966627,0.04436344382033748,0.0020511673006712097,0.048476883528539294
la,count,3-1,bin_12,3356,0.033075089392133494,0.029703110309612007,-0.003371979082521487,-0.10194920541389288
la,count,3-1,bin_13,3356,0.04410011918951132,0.045542472402697834,0.0014423532131865105,0.032706333671986006
la,count,3-1,bin_14,3356,0.04052443384982122,0.04552695032103739,0.005002516471216169,0.1234444505691284
la,count,3-1,bin_15,3356,0.02443384982121573,0.02983678505186702,0.005402935230651287,0.2211250077325088
la,count,3-1,bin_16,3356,0.04558998808104887,0.044044191051438336,-0.0015457970296105308,-0.03390650216583622
la,count,3-1,bin_17,3356,0.03903456495828367,0.043567641424016555,0.004533076465732887,0.11612980625190511
la,count,3-1,bin_18,3356,0.052145411203814065,0.053409326554453865,0.0012639153506397993,0.024238285238555236
la,count,3-1,bin_19,3356,0.049761620977353996,0.04562346552097091,-0.004138155456383089,-0.08315957911150686
la,count,3-1,bin_20,3356,0.04052443384982122,0.04080285752227505,0.0002784236724538286,0.006870513564375358
la,count,3-1,bin_21,3356,0.05572109654350417,0.053401734925667875,-0.002319361617836295,-0.041624479088013935
la,count,3-1,bin_22,3356,0.05810488676996425,0.055720376338934105,-0.0023845104310301415,-0.04103803593095977
la,count,3-1,bin_23,3356,0.08104886769964244,0.06639182044621318,-0.014657047253429256,-0.18084209772981097
la,count,3-2,bin_0,10056,0.0442521877486078,0.047390958326353275,0.0031387705777454755,0.0709291616400191
la,count,3-2,bin_1,10056,0.03768894192521877,0.04143071998416848,0.0037417780589497074,0.0992805281287553
la,count,3-2,bin_2,10056,0.04156722354813047,0.04408766827649324,0.0025204447283627696,0.06063538801056462
la,count,3-2,bin_3,10056,0.028540175019888623,0.034076373321053295,0.005536198301164672,0.1939791293258256
la,count,3-2,bin_4,10056,0.03719172633253779,0.037221549581019496,2.98232484817057e-05,0.0008018785741498195
la,count,3-2,bin_5,10056,0.04315831344470963,0.04238468879823537,-0.0007736246464742566,-0.017925275218767567
la,count,3-2,bin_6,10056,0.04663882259347653,0.04595270741288131,-0.0006861151805952204,-0.01471124574854059
la,count,3-2,bin_7,10056,0.03609785202863962,0.03856248756387277,0.002464635535233149,0.06827651499257452
la,count,3-2,bin_8,10056,0.026650755767700877,0.02795028568285219,0.001299529915151313,0.04876146577149852
la,count,3-2,bin_9,10056,0.042462211614956245,0.04194781746266947,-0.0005143941522867748,-0.012114162986875428
la,count,3-2,bin_10,10056,0.04146778042959427,0.04297288291258005,0.0015051024829857776,0.036295708798333284
la,count,3-2,bin_11,10056,0.04385441527446301,0.043880099703920844,2.568442945783539e-05,0.0005856748812426137
la,count,3-2,bin_12,10056,0.02794351630867144,0.02970091945843718,0.0017574031497657391,0.06289126716741734
la,count,3-2,bin_13,10056,0.04186555290373906,0.04431691417148042,0.002451361267741356,0.05855318030500493
la,count,3-2,bin_14,10056,0.042462211614956245,0.044170059854996425,0.00170784824004018,0.04022042599963478
la,count,3-2,bin_15,10056,0.0294351630867144,0.028774628725403362,-0.0006605343613110375,-0.02244031600453984
la,count,3-2,bin_16,10056,0.041766109785202864,0.04254956135312336,0.0007834515679204929,0.0187580689690678
la,count,3-2,bin_17,10056,0.04375497215592681,0.04033523163525731,-0.003419740520669498,-0.07815661517239199
la,count,3-2,bin_18,10056,0.05051710421638823,0.049623023101167625,-0.0008940811152206019,-0.01769858207609916
la,count,3-2,bin_19,10056,0.04683770883054893,0.04210202708960272,-0.004735681740946206,-0.10110831334809987
la,count,3-2,bin_20,10056,0.0368933969769292,0.0364387111729148,-0.0004546858040144,-0.012324313868379531
la,count,3-2,bin_21,10056,0.04862768496420048,0.04805643587320561,-0.0005712490909948742,-0.01174740461972281
la,count,3-2,bin_22,10056,0.05101431980906921,0.04784122797645777,-0.003173091832611441,-0.062200022356219596
la,count,3-2,bin_23,10056,0.06931185361972951,0.05823302073433378,-0.011078832885395733,-0.1598403780423809
la,count,0-0,expected_bin_index,20078,12.317959956170933,11.975429083029528,-0.3425308731414045,-0.02780743518895811
la,count,0-1,expected_bin_index,15676,11.719826486348559,11.4194589309913,-0.30036755535725845,-0.025629010438604306
la,count,0-2,expected_bin_index,8443,11.39689683761696,11.163853529027513,-0.23304330858944766,-0.020447961573211534
la,count,1-0,expected_bin_index,10561,12.421929741501751,12.053243277900181,-0.36868646360156987,-0.02968028891435329
la,count,1-1,expected_bin_index,13873,11.854177178692424,11.509705794056242,-0.3444713846361829,-0.0290590717047288
la,count,1-2,expected_bin_index,14249,11.395466348515685,11.113008843608476,-0.28245750490720845,-0.024786831558148554
la,count,2-0,expected_bin_index,3616,12.577986725663717,12.384180817098303,-0.19380590856541424,-0.015408341000231694
la,count,2-1,expected_bin_index,7875,12.228190476190477,11.895809161986955,-0.3323813142035217,-0.027181561724173475
la,count,2-2,expected_bin_index,14250,11.671368421052632,11.392056282249913,-0.27931213880271955,-0.02393139593630689
la,count,3-0,expected_bin_index,283,13.279151943462898,13.580060945969487,0.3009090025065895,0.022660257506483455
la,count,3-1,expected_bin_index,3356,12.843861740166865,12.558483593291344,-0.2853781468755212,-0.022219029809629018
la,count,3-2,expected_bin_index,10056,12.198389021479713,11.82384295045741,-0.3745460710223032,-0.030704552081654245
la,handedness,LvL,bin_0,9145,0.06364133406232914,0.0653525222880168,0.0017111882256876654,0.02688800055655275
la,handedness,LvL,bin_1,9145,0.04373974849644614,0.05063690345136623,0.00689715495492009,0.15768620515686058
la,handedness,LvL,bin_2,9145,0.04516129032258064,0.05112252443446587,0.005961234111885226,0.13199875533460145
la,handedness,LvL,bin_3,9145,0.03389830508474576,0.03802559672681204,0.00412729164206628,0.12175510344095528
la,handedness,LvL,bin_4,9145,0.04045926735921269,0.04029250387458804,-0.0001667634846246463,-0.004121762342952406
la,handedness,LvL,bin_5,9145,0.04406779661016949,0.04657041541685922,0.002502618806689727,0.05679019599795919
la,handedness,LvL,bin_6,9145,0.05215965008201203,0.048973727979023364,-0.003185922102988667,-0.061080204678891734
la,handedness,LvL,bin_7,9145,0.03991252050300711,0.04051335019038729,0.0006008296873801847,0.015053664359155585
la,handedness,LvL,bin_8,9145,0.0320393657736468,0.029137983615633488,-0.0029013821580133117,-0.09055679124584211
la,handedness,LvL,bin_9,9145,0.044505194095133954,0.042791818288490845,-0.0017133758066431096,-0.03849833354238633
la,handedness,LvL,bin_10,9145,0.0419901585565883,0.043310138540607994,0.001319979984019691,0.03143546081734394
la,handedness,LvL,bin_11,9145,0.040568616730453796,0.044166928724106505,0.0035983119936527086,0.08869693580041516
la,handedness,LvL,bin_12,9145,0.03236741388737015,0.02933251499797082,-0.003034898889399326,-0.09376402143093526
la,handedness,LvL,bin_13,9145,0.04548933843630399,0.0434919378919352,-0.0019974005443687895,-0.04390920187079947
la,handedness,LvL,bin_14,9145,0.041662110442864955,0.04199577050568209,0.00033366006281713295,0.008008717255807561
la,handedness,LvL,bin_15,9145,0.028212137780207765,0.02670357304312391,-0.0015085647370838562,-0.05347218806446459
la,handedness,LvL,bin_16,9145,0.04242755604155276,0.03919585586916452,-0.0032317001723882396,-0.0761698404033259
la,handedness,LvL,bin_17,9145,0.03739748496446146,0.03635934427863711,-0.0010381406858243486,-0.027759639099016572
la,handedness,LvL,bin_18,9145,0.0448332422088573,0.04440549543471834,-0.00042774677413896095,-0.009540839632928774
la,handedness,LvL,bin_19,9145,0.03685073810825588,0.03802254597379079,0.0011718078655349115,0.03179876240450079
la,handedness,LvL,bin_20,9145,0.02832148715144888,0.03171257979582245,0.0033910926443735667,0.11973568429651069
la,handedness,LvL,bin_21,9145,0.04155276107162384,0.04154691673552389,-5.8443360999513305e-06,-0.00014064856219488136
la,handedness,LvL,bin_22,9145,0.04100601421541826,0.039501123971685356,-0.0015048902437329037,-0.03669925674383308
la,handedness,LvL,bin_23,9145,0.05773646801530891,0.04683792801286541,-0.010898540002443502,-0.18876353848929134
la,handedness,LvR,bin_0,42343,0.043076777743664835,0.04601122279466677,0.0029344450510019326,0.0681212756549204
la,handedness,LvR,bin_1,42343,0.03511796518905132,0.03924338707367391,0.004125421884622595,0.11747326083428011
la,handedness,LvR,bin_2,42343,0.04038447913468578,0.04241643297836867,0.0020319538436828904,0.050315217311733704
la,handedness,LvR,bin_3,42343,0.029709751316628487,0.032592910773097526,0.0028831594564690394,0.0970442137243788
la,handedness,LvR,bin_4,42343,0.033913515811350166,0.036305228757643235,0.002391712946293069,0.07052388668864026
la,handedness,LvR,bin_5,42343,0.03896747986680207,0.04260705705479775,0.0036395771879956865,0.09340037386139477
la,handedness,LvR,bin_6,42343,0.045462059844602415,0.046291621013369914,0.0008295611687674995,0.01824732912681674
la,handedness,LvR,bin_7,42343,0.040030229317714855,0.03905170120370113,-0.0009785281140137284,-0.024444729163234983
la,handedness,LvR,bin_8,42343,0.027253619252296718,0.02866770782574429,0.0014140885734475715,0.051886267301118304
la,handedness,LvR,bin_9,42343,0.042415511418652435,0.04234611105612826,-6.940036252417459e-05,-0.0016362024222500693
la,handedness,LvR,bin_10,42343,0.045391209881208226,0.04360513536773602,-0.0017860745134722078,-0.039348466765844796
la,handedness,LvR,bin_11,42343,0.04489526013744893,0.0453534539589317,0.00045819382148277327,0.010205839549208348
la,handedness,LvR,bin_12,42343,0.0296389013532343,0.030304763137442563,0.0006658617842082611,0.022465805202175615
la,handedness,LvR,bin_13,42343,0.045721843043714426,0.0457239106376609,2.0675939464767645e-06,4.522114177462068e-05
la,handedness,LvR,bin_14,42343,0.04472994355619583,0.04509359483528309,0.00036365127908726674,0.008129929308549175
la,handedness,LvR,bin_15,42343,0.030087617788064142,0.029265049630306756,-0.0008225681577573862,-0.027339092232277085
la,handedness,LvR,bin_16,42343,0.045249509954419856,0.04308739869634095,-0.0021621112580789068,-0.0477819817332125
la,handedness,LvR,bin_17,42343,0.041943178329357865,0.04103128586496978,-0.000911892464388088,-0.02174113886237883
la,handedness,LvR,bin_18,42343,0.051035590298278345,0.05069222706547484,-0.00034336323280350495,-0.006727917337620921
la,handedness,LvR,bin_19,42343,0.044517393666013275,0.04359275022411606,-0.000924643441897216,-0.020770385814458257
la,handedness,LvR,bin_20,42343,0.0373379307087358,0.03659486762375259,-0.0007430630849832101,-0.01990102479914236
la,handedness,LvR,bin_21,42343,0.049028174668776424,0.048224295640054135,-0.0008038790287222888,-0.016396266721188765
la,handedness,LvR,bin_22,42343,0.046548425949979925,0.04717889820315666,0.0006304722531767365,0.013544437654115959
la,handedness,LvR,bin_23,42343,0.06754363176912359,0.0547189886526039,-0.012824643116519693,-0.18987198023873894
la,handedness,RvL,bin_0,23703,0.04442475635995444,0.04645789849223387,0.002033142132279432,0.045765971473332744
la,handedness,RvL,bin_1,23703,0.03691515841876556,0.04038004681143056,0.003464888392664997,0.0938608566529582
la,handedness,RvL,bin_2,23703,0.04151373243893178,0.04294500157543437,0.0014312691365025929,0.034477004413131056
la,handedness,RvL,bin_3,23703,0.028941484200312197,0.0338484902221129,0.004907006021800702,0.16954921827221872
la,handedness,RvL,bin_4,23703,0.0355651183394507,0.03703633590579097,0.0014712175663402632,0.04136686829770256
la,handedness,RvL,bin_5,23703,0.04180905370628191,0.042765063952587175,0.000956010246305268,0.022866105820558796
la,handedness,RvL,bin_6,23703,0.047293591528498505,0.04634662770807297,-0.0009469638204255351,-0.020023089594599874
la,handedness,RvL,bin_7,23703,0.039151162300130785,0.03946668958636873,0.000315527286237946,0.008059206105278055
la,handedness,RvL,bin_8,23703,0.028730540437919252,0.028329747089669517,-0.0004007933482497346,-0.013950080372339881
la,handedness,RvL,bin_9,23703,0.041218411171581655,0.043015028813914016,0.0017966176423323613,0.04358774613736332
la,handedness,RvL,bin_10,23703,0.04269501750833228,0.04393953711981954,0.0012445196114872561,0.02914905963545695
la,handedness,RvL,bin_11,23703,0.04235750748850357,0.04475170585139551,0.002394198362891946,0.05652358943787628
la,handedness,RvL,bin_12,23703,0.02982744800236257,0.0301535136744138,0.00032606567205122755,0.010931732142334153
la,handedness,RvL,bin_13,23703,0.04598574020166224,0.0454415608953497,-0.0005441793063125366,-0.01183365330048262
la,handedness,RvL,bin_14,23703,0.047968611568155926,0.044716382604884794,-0.0032522289632711324,-0.06779910564328553
la,handedness,RvL,bin_15,23703,0.028857106695355017,0.02906795348313381,0.00021084678777879423,0.007306581009825673
la,handedness,RvL,bin_16,23703,0.04332784879551112,0.04261200097307173,-0.000715847822439386,-0.01652165621741068
la,handedness,RvL,bin_17,23703,0.040248069864574104,0.04069583107661583,0.00044776121204172237,0.011125035648873108
la,handedness,RvL,bin_18,23703,0.04944521790490655,0.0500427020352373,0.0005974841303307485,0.012083759676817176
la,handedness,RvL,bin_19,23703,0.04391849133021136,0.04169417934843055,-0.002224311981780809,-0.050646365902161886
la,handedness,RvL,bin_20,23703,0.03573387334936506,0.03609967599785694,0.0003658026484918836,0.010236859713344884
la,handedness,RvL,bin_21,23703,0.049909294182171035,0.04754660202618552,-0.0023626921559855157,-0.04733972288531249
la,handedness,RvL,bin_22,23703,0.04720921402354132,0.04650167772268813,-0.0007075363008531912,-0.014987250169010896
la,handedness,RvL,bin_23,23703,0.06695355018352107,0.0561457470720541,-0.010807803111466972,-0.16142240526219384
la,handedness,RvR,bin_0,47125,0.051161803713527854,0.05338558351303553,0.0022237797995076775,0.04346562548809593
la,handedness,RvR,bin_1,47125,0.04059416445623342,0.04478014519978969,0.004185980743556271,0.10311779536857776
la,handedness,RvR,bin_2,47125,0.045283819628647214,0.04674014352254238,0.0014563238938951686,0.032159917291382296
la,handedness,RvR,bin_3,47125,0.032,0.03641009532180133,0.004410095321801331,0.1378154788062916
la,handedness,RvR,bin_4,47125,0.03906631299734748,0.03826527504382262,-0.0008010379535248607,-0.020504570103128224
la,handedness,RvR,bin_5,47125,0.041888594164456235,0.04350700458185315,0.0016184104173969163,0.03863606429575971
la,handedness,RvR,bin_6,47125,0.04749071618037135,0.04693024766137262,-0.0005604685189987343,-0.011801643859613653
la,handedness,RvR,bin_7,47125,0.03927851458885941,0.03916751794073859,-0.000110996648120823,-0.0028258871111257614
la,handedness,RvR,bin_8,47125,0.026546419098143235,0.028015077974919485,0.00146865887677625,0.05532418031021646
la,handedness,RvR,bin_9,47125,0.041888594164456235,0.042324018887613175,0.0004354247231569408,0.010394827800795762
la,handedness,RvR,bin_10,47125,0.042652519893899205,0.04317134939026815,0.0005188294963689444,0.012164099510640052
la,handedness,RvR,bin_11,47125,0.0439893899204244,0.0434726970486929,-0.0005166928717314986,-0.011745852185406115
la,handedness,RvR,bin_12,47125,0.028838196286472148,0.029220746115834865,0.0003825498293627168,0.013265386834965438
la,handedness,RvR,bin_13,47125,0.04288594164456233,0.043989356475124294,0.0011034148305619634,0.02572905684821006
la,handedness,RvR,bin_14,47125,0.044222811671087534,0.04336245165577693,-0.0008603600153106045,-0.019455117908595124
la,handedness,RvR,bin_15,47125,0.028838196286472148,0.027809153794337776,-0.0010290424921343723,-0.0356833167342401
la,handedness,RvR,bin_16,47125,0.0426737400530504,0.0409445807899918,-0.0017291592630585967,-0.040520452646263735
la,handedness,RvR,bin_17,47125,0.039893899204244035,0.039012294538433634,-0.000881604665810401,-0.022098733976763374
la,handedness,RvR,bin_18,47125,0.04704509283819629,0.04784747309206793,0.0008023802538716443,0.017055556817185943
la,handedness,RvR,bin_19,47125,0.04040318302387268,0.04032394757355931,-7.923545031336687e-05,-0.001961119010513348
la,handedness,RvR,bin_20,47125,0.033421750663129975,0.034789605242252906,0.0013678545791229318,0.04092707748645597
la,handedness,RvR,bin_21,47125,0.04443501326259947,0.04594680912183749,0.0015117958592380173,0.03402262648834363
la,handedness,RvR,bin_22,47125,0.04547480106100796,0.045030609302079354,-0.000444191758928604,-0.009767865907377726
la,handedness,RvR,bin_23,47125,0.070026525198939,0.05555381601298494,-0.014472709185954058,-0.20667467284487423
la,handedness,LvL,expected_bin_index,9145,11.210388190267906,10.901468001486037,-0.3089201887818689,-0.027556600497568168
la,handedness,LvR,expected_bin_index,42343,12.219020853505892,11.873705538262795,-0.3453153152430968,-0.028260473517730235
la,handedness,RvL,expected_bin_index,23703,12.112981479137662,11.80564170661128,-0.3073397725263831,-0.025372760047203752
la,handedness,RvR,expected_bin_index,47125,11.795883289124669,11.510331214433132,-0.2855520746915374,-0.02420777382180485
la,two_strike,0,bin_0,75318,0.04482328261504554,0.04789688761364901,0.0030736049986034714,0.06857161767915174
la,two_strike,0,bin_1,75318,0.03607371411880294,0.04033004836260639,0.00425633424380345,0.11798990893440864
la,two_strike,0,bin_2,75318,0.04061446135054037,0.043091421855750864,0.0024769605052104918,0.060987156368566144
la,two_strike,0,bin_3,75318,0.029860060012214876,0.033402732906657136,0.00354267289444226,0.11864252426127263
la,two_strike,0,bin_4,75318,0.03552935553254202,0.03646143722019721,0.0009320816876551841,0.02623412875590925
la,two_strike,0,bin_5,75318,0.039910778300007964,0.042652621750277266,0.0027418434502693018,0.06869932301642824
la,two_strike,0,bin_6,75318,0.046509466528585466,0.046139898096638814,-0.00036956843194665273,-0.007946090538783325
la,two_strike,0,bin_7,75318,0.0395788523327757,0.03900112202659493,-0.0005777303061807737,-0.014596944381389974
la,two_strike,0,bin_8,75318,0.02725776042911389,0.028419306788450477,0.0011615463593365877,0.04261341874939752
la,two_strike,0,bin_9,75318,0.04243341565097321,0.04240861410572353,-2.480154524967665e-05,-0.000584481472188719
la,two_strike,0,bin_10,75318,0.0440266602936881,0.04342254297906734,-0.0006041173146207543,-0.013721624819844985
la,two_strike,0,bin_11,75318,0.04426564699009533,0.04463193178555078,0.000366284795455446,0.008274696527928399
la,two_strike,0,bin_12,75318,0.029328978464643246,0.029752153712555084,0.0004231752479118382,0.014428570992405536
la,two_strike,0,bin_13,75318,0.04532781008523859,0.04519577690854926,-0.00013203317668933345,-0.002912851435819337
la,two_strike,0,bin_14,75318,0.045261424891792135,0.044443869080860655,-0.0008175558109314793,-0.018062971125766252
la,two_strike,0,bin_15,75318,0.029860060012214876,0.02867383642389154,-0.0011862235883233346,-0.039726095253595786
la,two_strike,0,bin_16,75318,0.044199261796648875,0.04220698892758834,-0.001992272869060535,-0.045074799625083026
la,two_strike,0,bin_17,75318,0.04162351629092647,0.04062898358011782,-0.0009945327108086474,-0.023893529413934834
la,two_strike,0,bin_18,75318,0.05013409809076184,0.05007016567758839,-6.39324131734495e-05,-0.0012752281502642663
la,two_strike,0,bin_19,75318,0.04231392230276959,0.042512965776710814,0.00019904347394122252,0.0047039712489190455
la,two_strike,0,bin_20,75318,0.035024828062348974,0.03638786713396434,0.0013630390716153629,0.038916367246370695
la,two_strike,0,bin_21,75318,0.047598183701107306,0.04810412742068685,0.0005059437195795435,0.01062947533369374
la,two_strike,0,bin_22,75318,0.047266257733875036,0.04737349680768351,0.00010723907380847525,0.0022688293710973985
la,two_strike,0,bin_23,75318,0.07117820441328766,0.05679120301309389,-0.01438700140019377,-0.20212650092516216
la,two_strike,1,bin_0,46998,0.05306608791863483,0.054372344202878654,0.0013062562842438216,0.024615650700437502
la,two_strike,1,bin_1,46998,0.0416613472913741,0.045843891877525814,0.004182544586151714,0.10039388685391126
la,two_strike,1,bin_2,46998,0.046427507553512916,0.04763073816049922,0.001203230606986301,0.025916330003273227
la,two_strike,1,bin_3,46998,0.03219285927060726,0.0368129531393462,0.004620093868738934,0.1435130017468555
la,two_strike,1,bin_4,46998,0.03859738712285629,0.03916481716418328,0.0005674300413269912,0.014701255282406797
la,two_strike,1,bin_5,46998,0.04281033235456828,0.044287305899380805,0.001476973544812528,0.03450039893593399
la,two_strike,1,bin_6,46998,0.04804459764245287,0.04772475517471566,-0.0003198424677372108,-0.006657199423699483
la,two_strike,1,bin_7,46998,0.039533597174347845,0.03974259519518568,0.00020899802083783336,0.005286592563690254
la,two_strike,1,bin_8,46998,0.02821396655176816,0.02833245688694121,0.00011849033517305138,0.004199704956608649
la,two_strike,1,bin_9,46998,0.0416613472913741,0.04264788245325285,0.0009865351618787502,0.0236798669754737
la,two_strike,1,bin_10,46998,0.04281033235456828,0.04357404698284993,0.0007637146282816545,0.01783949309144195
la,two_strike,1,bin_11,46998,0.042874164858079065,0.044089547601092946,0.0012153827430138806,0.028347671541521766
la,two_strike,1,bin_12,46998,0.02995872164772969,0.029837953044731653,-0.00012076860299803718,-0.004031166763992722
la,two_strike,1,bin_13,46998,0.043597599897867996,0.04425434139211916,0.0006567414942511632,0.015063707538709696
la,two_strike,1,bin_14,46998,0.04440614494233797,0.04360598381026137,-0.0008001611320766003,-0.018019153275196962
la,two_strike,1,bin_15,46998,0.02821396655176816,0.02815486263606265,-5.910391570550927e-05,-0.002094846025888028
la,two_strike,1,bin_16,46998,0.04283160985573854,0.041352726960033594,-0.0014788828957049485,-0.03452783821775517
la,two_strike,1,bin_17,46998,0.03866121962636708,0.038573297154218214,-8.792247214886584e-05,-0.002274177405642486
la,two_strike,1,bin_18,46998,0.04647006255585344,0.04728581692166112,0.0008157543658076777,0.01755440644882291
la,two_strike,1,bin_19,46998,0.04212945231711988,0.04000416213029469,-0.002125290186825189,-0.0504466607072779
la,two_strike,1,bin_20,46998,0.034554661900506406,0.03391670735877691,-0.0006379545417294977,-0.018462184453326928
la,two_strike,1,bin_21,46998,0.045704072513723985,0.04449214269660737,-0.001211929817116618,-0.02651688898735885
la,two_strike,1,bin_22,46998,0.04357632239669773,0.04287743229919539,-0.0006988900975023402,-0.016038299219929192
la,two_strike,1,bin_23,46998,0.06200263841014511,0.05142123882113001,-0.010581399589015099,-0.1706604728498736
la,two_strike,0,expected_bin_index,75318,12.15276560715898,11.828151002976742,-0.3246146041822371,-0.02671117132309475
la,two_strike,1,expected_bin_index,46998,11.651176645814715,11.358846016639376,-0.29233062917533914,-0.025090223765541216
spray,overall,all,bin_0,121153,0.050894323706387794,0.05092913503198362,3.481132559582378e-05,0.0006839923013154133
spray,overall,all,bin_1,121153,0.040032025620496396,0.04285440137456598,0.0028223757540695865,0.07050294633665827
spray,overall,all,bin_2,121153,0.03857931706189694,0.04026998535816431,0.001690668296267371,0.043823178454788364
spray,overall,all,bin_3,121153,0.038868207968436604,0.04024242441407571,0.0013742164456391065,0.03535579635559878
spray,overall,all,bin_4,121153,0.038983764331052474,0.04040954279963436,0.0014257784685818842,0.036573647851810505
spray,overall,all,bin_5,121153,0.040444726915553064,0.04204178145362021,0.001597054538067147,0.03948733641845899
spray,overall,all,bin_6,121153,0.04024663029392586,0.04215220511587664,0.0019055748219507784,0.04734743773662893
spray,overall,all,bin_7,121153,0.04180664118924005,0.042603991338112004,0.0007973501488719517,0.01907233219867395
spray,overall,all,bin_8,121153,0.040106311853606594,0.04215871124241859,0.002052399388811993,0.05117397471758374
spray,overall,all,bin_9,121153,0.03833995031076407,0.04043951398082113,0.002099563670057057,0.05476177337318034
spray,overall,all,bin_10,121153,0.03875265160582074,0.04023014804083483,0.001477496435014089,0.03812633132934226
spray,overall,all,bin_11,121153,0.04289617260818965,0.0419857196120322,-0.0009104529961574473,-0.021224574147289437
spray,overall,all,bin_12,121153,0.04174886300793212,0.04248900325741548,0.0007401402494833648,0.017728392970671827
spray,overall,all,bin_13,121153,0.041443464049590185,0.04180673411408483,0.0003632700644946446,0.008765436790224991
spray,overall,all,bin_14,121153,0.040651077563081395,0.04082673261755592,0.00017565505447452584,0.004321043008071518
spray,overall,all,bin_15,121153,0.040634569511279126,0.040284767683082166,-0.0003498018281969592,-0.008608478751075807
spray,overall,all,bin_16,121153,0.03965234042904427,0.03932723570340578,-0.00032510472563848647,-0.008198878606427883
spray,overall,all,bin_17,121153,0.040106311853606594,0.04000333724823102,-0.00010297460537557479,-0.002567541132962958
spray,overall,all,bin_18,121153,0.04117108119485279,0.04042575905757551,-0.0007453221372772795,-0.018103049899269093
spray,overall,all,bin_19,121153,0.043729829224204105,0.040080163487953284,-0.0036496657362508206,-0.0834594097667036
spray,overall,all,bin_20,121153,0.04342443026586217,0.039849487493487414,-0.003574942772374759,-0.08232561142397248
spray,overall,all,bin_21,121153,0.04316030143702591,0.04067589439547833,-0.002484407041547579,-0.057562319048501405
spray,overall,all,bin_22,121153,0.0446707881769333,0.04144853647778709,-0.0032222516991462086,-0.072133307484601
spray,overall,all,bin_23,121153,0.0496562198212178,0.046464788772145424,-0.0031914310490723727,-0.06427051959578876
spray,overall,all,expected_bin_index,121153,11.657656021724597,11.391901710460695,-0.26575431126390114,-0.02279654767379097
spray,count,0-0,bin_0,19868,0.05199315482182404,0.052556875535416894,0.0005637207135928551,0.010842210201028893
spray,count,0-0,bin_1,19868,0.04253070263740689,0.04326613256499891,0.0007354299275920198,0.01729174177680266
spray,count,0-0,bin_2,19868,0.03981276424401047,0.04068797541073643,0.0008752111667259602,0.02198318010178429
spray,count,0-0,bin_3,19868,0.037044493658143746,0.03986353115612917,0.002819037497985427,0.07609869158963922
spray,count,0-0,bin_4,19868,0.038604791624723175,0.04067592566574115,0.002071134041017976,0.05364966248623878
spray,count,0-0,bin_5,19868,0.03935977451177773,0.04268757415714901,0.0033277996453712766,0.08454823958342267
spray,count,0-0,bin_6,19868,0.03865512381719348,0.04272899878377165,0.00407387496657817,0.10539029666142588
spray,count,0-0,bin_7,19868,0.041121401248238376,0.04310269969711114,0.0019812984488727647,0.04818168614712862
spray,count,0-0,bin_8,19868,0.04081940809341655,0.04285069540542357,0.002031287312007024,0.04976278213927936
spray,count,0-0,bin_9,19868,0.03679283269579223,0.04083230527915693,0.004039472583364706,0.1097896597623666
spray,count,0-0,bin_10,19868,0.038856452587074694,0.04052237848829201,0.0016659259012173147,0.04287385467018861
spray,count,0-0,bin_11,19868,0.04253070263740689,0.04283383890268615,0.00030313626527925935,0.0071274690160571886
spray,count,0-0,bin_12,19868,0.04207771290517415,0.04348875072511484,0.0014110378199406956,0.03353409019926046
spray,count,0-0,bin_13,19868,0.041524058788000806,0.042264117343679235,0.0007400585556784287,0.01782240410208366
spray,count,0-0,bin_14,19868,0.04127239782564929,0.04040791044910409,-0.0008644873765451949,-0.020945896581951135
spray,count,0-0,bin_15,19868,0.042883027984699014,0.03978514202816123,-0.003097885956537781,-0.07224037345597727
spray,count,0-0,bin_16,19868,0.03946043889671834,0.03864869260994312,-0.0008117462867752168,-0.02057114186945154
spray,count,0-0,bin_17,19868,0.03910811354942621,0.039524743514152624,0.00041662996472641156,0.010653287180417432
spray,count,0-0,bin_18,19868,0.0414233944030602,0.04010511108582262,-0.00131828331723758,-0.03182460868393224
spray,count,0-0,bin_19,19868,0.042782363599758406,0.03868425885079265,-0.004098104748965756,-0.09578958253229604
spray,count,0-0,bin_20,19868,0.04434266156633783,0.03875864366751664,-0.005584017898821188,-0.12592879411325694
spray,count,0-0,bin_21,19868,0.04212804509764445,0.03979187703732443,-0.0023361680603200194,-0.05545398688463339
spray,count,0-0,bin_22,19868,0.046406281457620296,0.04099857582036425,-0.005407705637256045,-0.11652960477332223
spray,count,0-0,bin_23,19868,0.04846990134890276,0.044933245843050175,-0.0035366555058525817,-0.07296601411243935
spray,count,0-1,bin_0,15556,0.04904859861146824,0.051032027231399754,0.0019834286199315113,0.040438028324580065
spray,count,0-1,bin_1,15556,0.041463101054255595,0.043542957502269164,0.0020798564480135687,0.05016162310899081
spray,count,0-1,bin_2,15556,0.041013113911031115,0.04065198946017929,-0.0003611244508518255,-0.008805097111992158
spray,count,0-1,bin_3,15556,0.038763178194908716,0.04060853688814564,0.0018453586932369245,0.04760596987063615
spray,count,0-1,bin_4,15556,0.03985600411416817,0.04071297838244362,0.0008569742682754539,0.021501760834343485
spray,count,0-1,bin_5,15556,0.04030599125739265,0.04227384733347764,0.0019678560760849895,0.048822917256105415
spray,count,0-1,bin_6,15556,0.042041655952687065,0.04269442374854592,0.0006527677958588565,0.015526690875199346
spray,count,0-1,bin_7,15556,0.04217022370789406,0.0429251987411972,0.000754975033303136,0.017903036003145707
spray,count,0-1,bin_8,15556,0.041013113911031115,0.042426322107814864,0.0014132081967837481,0.034457471330984306
spray,count,0-1,bin_9,15556,0.039020313705322704,0.04056690665552901,0.0015465929502063089,0.039635584733788046
spray,count,0-1,bin_10,15556,0.03940601697094369,0.04009656524651773,0.0006905482755740419,0.017523929812120385
spray,count,0-1,bin_11,15556,0.04326304962715351,0.04218276505227314,-0.0010802845748803663,-0.024970143903178275
spray,count,0-1,bin_12,15556,0.042491643095911545,0.04276126979991045,0.0002696267039989028,0.006345405457499141
spray,count,0-1,bin_13,15556,0.0412702494214451,0.04207318617755633,0.0008029367561112263,0.019455582831878874
spray,count,0-1,bin_14,15556,0.03972743635896117,0.04110511137721519,0.0013776750182540182,0.03467817570219985
spray,count,0-1,bin_15,15556,0.04062741064541013,0.0405276679010118,-9.974274439832759e-05,-0.0024550603352221263
spray,count,0-1,bin_16,15556,0.03927744921573669,0.039496858668387036,0.00021940945265034456,0.0055861431185413426
spray,count,0-1,bin_17,15556,0.038184623296477246,0.03978165309481106,0.0015970297983338155,0.0418238982203381
spray,count,0-1,bin_18,15556,0.04062741064541013,0.04019329178621457,-0.00043411885919555915,-0.010685368629186896
spray,count,0-1,bin_19,15556,0.04287734636153253,0.03947138366812317,-0.003405962693409363,-0.07943501598002406
spray,count,0-1,bin_20,15556,0.04184880431987657,0.039096517251477086,-0.0027522870683994866,-0.06576740036255363
spray,count,0-1,bin_21,15556,0.041141681666238106,0.03973153282437986,-0.0014101488418582428,-0.03427543028741691
spray,count,0-1,bin_22,15556,0.04551298534327591,0.04048533878631731,-0.005027646556958594,-0.11046620033905069
spray,count,0-1,bin_23,15556,0.04904859861146824,0.04556167031172307,-0.0034869282997451734,-0.0710912930941493
spray,count,0-2,bin_0,8346,0.05631440210879463,0.05470451776767947,-0.0016098843411151628,-0.028587435555206698
spray,count,0-2,bin_1,8346,0.0439731607955907,0.04627335347829329,0.0023001926827025884,0.05230901397775423
spray,count,0-2,bin_2,8346,0.04037862449077402,0.043193280737509124,0.0028146562467351033,0.06970659060905393
spray,count,0-2,bin_3,8346,0.045890246824826265,0.043577207098484436,-0.00231303972634183,-0.050403732522320915
spray,count,0-2,bin_4,8346,0.04253534627366403,0.04340614037874367,0.0008707941050796406,0.020472246763365298
spray,count,0-2,bin_5,8346,0.04205607476635514,0.044477406261734735,0.0024213314953795972,0.05757388222347043
spray,count,0-2,bin_6,8346,0.04037862449077402,0.04401018893856404,0.003631564447790017,0.0899377948998679
spray,count,0-2,bin_7,8346,0.04433261442607237,0.0441248811931954,-0.00020773323287696932,-0.004685788004300502
spray,count,0-2,bin_8,8346,0.04469206805655404,0.04288354931260744,-0.0018085187439466008,-0.04046621296777032
spray,count,0-2,bin_9,8346,0.04085789599808291,0.04069334736119879,-0.0001645486368841223,-0.0040273399514219495
spray,count,0-2,bin_10,8346,0.039539899352983465,0.04004439494478343,0.0005044955917999638,0.012759152148977267
spray,count,0-2,bin_11,8346,0.0439731607955907,0.041480651503013034,-0.0024925092925776673,-0.05668251377616679
spray,count,0-2,bin_12,8346,0.03930026359932902,0.04227297651686946,0.002972712917540442,0.0756410427127821
spray,count,0-2,bin_13,8346,0.039180445722501796,0.04175166176425914,0.002571216041757342,0.06562498190980666
spray,count,0-2,bin_14,8346,0.04085789599808291,0.04091329357103537,5.539757295245501e-05,0.0013558596594169781
spray,count,0-2,bin_15,8346,0.03822190270788402,0.040054671154989084,0.0018327684471050668,0.047950738117676764
spray,count,0-2,bin_16,8346,0.040258806613946804,0.03854667789930957,-0.0017121287146372316,-0.04252805432250695
spray,count,0-2,bin_17,8346,0.03726335969326623,0.038406197084381435,0.0011428373911152034,0.0306691989268408
spray,count,0-2,bin_18,8346,0.038102084831056794,0.038263368759069265,0.0001612839280124706,0.0042329423370820116
spray,count,0-2,bin_19,8346,0.04037862449077402,0.037736679097971064,-0.0026419453928029565,-0.06542930637487679
spray,count,0-2,bin_20,8346,0.039899352983465135,0.03712163588700739,-0.0027777170964577436,-0.06961809875986885
spray,count,0-2,bin_21,8346,0.03618499880182123,0.03684205443961121,0.0006570556377899772,0.018158232956937585
spray,count,0-2,bin_22,8346,0.04073807812125569,0.036432569735748634,-0.004305508385507056,-0.10568756760424086
spray,count,0-2,bin_23,8346,0.04469206805655404,0.04278929529512505,-0.0019027727614289933,-0.042575178195405836
spray,count,1-0,bin_0,10453,0.05357313689849804,0.05016044962586109,-0.0034126872726369523,-0.06370146439441797
spray,count,1-0,bin_1,10453,0.03424854108868267,0.040629905148591265,0.0063813640599085925,0.18632513552576682
spray,count,1-0,bin_2,10453,0.03281354635033005,0.038260004937397014,0.005446458587066966,0.16598201635746646
spray,count,1-0,bin_3,10453,0.03587486845881565,0.03773154601226679,0.00185667755345114,0.05175426790993272
spray,count,1-0,bin_4,10453,0.039318855830861955,0.0385042541074586,-0.0008146017234033562,-0.020717838965292657
spray,count,1-0,bin_5,10453,0.039988520042093176,0.040678891929806116,0.00069037188771294,0.017264252014984122
spray,count,1-0,bin_6,10453,0.04037118530565388,0.041555956344972056,0.0011847710393181748,0.02934694709476986
spray,count,1-0,bin_7,10453,0.03922318951497178,0.04212491947087704,0.0029017299559052634,0.0739799590953115
spray,count,1-0,bin_8,10453,0.039031856883191426,0.04225394006606573,0.0032220831828743066,0.08255008703574786
spray,count,1-0,bin_9,10453,0.038744857935520904,0.04027731183756269,0.0015324539020417846,0.0395524460198587
spray,count,1-0,bin_10,10453,0.04046685162154406,0.040137094286100086,-0.0003297573354439712,-0.008148826069493688
spray,count,1-0,bin_11,10453,0.04257151057112791,0.04264402466527758,7.251409414966992e-05,0.0017033479239247182
spray,count,1-0,bin_12,10453,0.04161484741222615,0.043196907168601105,0.0015820597563749525,0.038016714099741104
spray,count,1-0,bin_13,10453,0.04247584425523773,0.04190078623980578,-0.0005750580154319507,-0.013538471701149054
spray,count,1-0,bin_14,10453,0.0391275231990816,0.040549939833513064,0.0014224166344314615,0.03635335227313464
spray,count,1-0,bin_15,10453,0.04132784846455563,0.04025757625179902,-0.001070272212756608,-0.025897119073946352
spray,count,1-0,bin_16,10453,0.03549220319525495,0.03953718716816267,0.004044983972907722,0.11396824115580705
spray,count,1-0,bin_17,10453,0.039701521094422654,0.04079267373059933,0.0010911526361766788,0.027483900014348972
spray,count,1-0,bin_18,10453,0.045824165311393855,0.0414534704354385,-0.004370694875955358,-0.09537969423457487
spray,count,1-0,bin_19,10453,0.04534583373194298,0.04096771835253797,-0.004378115379405009,-0.09654945160531765
spray,count,1-0,bin_20,10453,0.04496316846838228,0.04090066395665545,-0.004062504511726829,-0.09035182906612882
spray,count,1-0,bin_21,10453,0.04687649478618578,0.04249024044716418,-0.004386254339021602,-0.09357044205263838
spray,count,1-0,bin_22,10453,0.04467616952071176,0.04403571677662125,-0.0006404527440905111,-0.014335444398240069
spray,count,1-0,bin_23,10453,0.05634746005931312,0.04895882123862303,-0.007388638820690088,-0.13112638640521815
spray,count,1-1,bin_0,13746,0.052597119161938016,0.05141866603124888,-0.001178453130689136,-0.02240527902413951
spray,count,1-1,bin_1,13746,0.03717445074930889,0.04239924194956334,0.005224791200254451,0.1405479057508761
spray,count,1-1,bin_2,13746,0.03521024297977594,0.039502534359545344,0.004292291379769407,0.1219046225336989
spray,count,1-1,bin_3,13746,0.03841117415975556,0.03939473738364296,0.0009835632238873945,0.025606174385522967
spray,count,1-1,bin_4,13746,0.03768368980066929,0.039419840206681114,0.0017361504060118271,0.04607166695181192
spray,count,1-1,bin_5,13746,0.04103011785246617,0.04105453105557787,2.4413203111695037e-05,0.0005950068971158865
spray,count,1-1,bin_6,13746,0.03964789757020224,0.04144282579482567,0.0017949282246234322,0.04527171261591504
spray,count,1-1,bin_7,13746,0.040957369416557546,0.04184949641134189,0.0008921269947843452,0.021781843108890957
spray,count,1-1,bin_8,13746,0.038702167903390074,0.04161147922469867,0.0029093113213085955,0.0751717921479473
spray,count,1-1,bin_9,13746,0.039429652262476356,0.0399992286739588,0.0005695764114824475,0.014445382568704288
spray,count,1-1,bin_10,13746,0.03659246326203987,0.03984188414341987,0.0032494208813799996,0.08880027720765303
spray,count,1-1,bin_11,13746,0.045176778699257965,0.04176897473409148,-0.0034078039651664824,-0.07543264622411992
spray,count,1-1,bin_12,13746,0.04459479121198894,0.04225564561633942,-0.0023391455956495236,-0.05245333663588638
spray,count,1-1,bin_13,13746,0.040229885057471264,0.04177409749153298,0.0015442124340617133,0.038384709075248304
spray,count,1-1,bin_14,13746,0.03892041321111596,0.04107789024936016,0.0021574770382442043,0.05543304554711184
spray,count,1-1,bin_15,13746,0.03812018041612105,0.04075461319681051,0.0026344327806894566,0.06910861260182685
spray,count,1-1,bin_16,13746,0.04008438818565401,0.04003141944118039,-5.29687444736221e-05,-0.001321430783184046
spray,count,1-1,bin_17,13746,0.042703331878364614,0.04056960726039916,-0.002133724617965453,-0.04996623270622337
spray,count,1-1,bin_18,13746,0.0429215771860905,0.04115238543401605,-0.0017691917520744477,-0.04121916919324637
spray,count,1-1,bin_19,13746,0.04415830059653717,0.04086292121286892,-0.003295379383668251,-0.07462649918929783
spray,count,1-1,bin_20,13746,0.045322275571075224,0.040551100441032564,-0.00477117513004266,-0.1052721883428032
spray,count,1-1,bin_21,13746,0.043139822493816385,0.0414997213266877,-0.0016401011671286839,-0.038018264154048714
spray,count,1-1,bin_22,13746,0.04648625054561327,0.042485586262373615,-0.004000664283239655,-0.08606123824321173
spray,count,1-1,bin_23,13746,0.05070565982831369,0.04728157230773408,-0.0034240875205796065,-0.06752870453068475
spray,count,1-2,bin_0,14139,0.049013367281986,0.05221446578080931,0.0032010984988233085,0.06531072391755087
spray,count,1-2,bin_1,14139,0.04109201499398826,0.04528580182773136,0.0041937868337431,0.1020584372500752
spray,count,1-2,bin_2,14139,0.039253129641417354,0.04256123997020862,0.003308110328791268,0.08427634583563917
spray,count,1-2,bin_3,14139,0.04130419407313106,0.04309906882841362,0.0017948747552825606,0.043455024255034454
spray,count,1-2,bin_4,14139,0.043850343022844615,0.04276085236374344,-0.001089490659101175,-0.02484565875650244
spray,count,1-2,bin_5,14139,0.042930900346559164,0.0438864683157862,0.0009555679692270364,0.022258279270018232
spray,count,1-2,bin_6,14139,0.04187000495084518,0.043348329394465306,0.0014783244436201229,0.03530748193977182
spray,count,1-2,bin_7,14139,0.04250654218827357,0.04352184173305013,0.0010152995447765614,0.02388572423227255
spray,count,1-2,bin_8,14139,0.03932385600113162,0.04238160202403051,0.003057746022898891,0.07775804139886228
spray,count,1-2,bin_9,14139,0.039111676921988824,0.04048871474887238,0.0013770378268835592,0.03520784418500297
spray,count,1-2,bin_10,14139,0.03996039323856001,0.0400272349133094,6.684167474939329e-05,0.0016726981226224279
spray,count,1-2,bin_11,14139,0.0385458660442747,0.041220875844967926,0.002675009800693226,0.06939809829725051
spray,count,1-2,bin_12,14139,0.04172855223141665,0.04178509008596273,5.653785454607513e-05,0.0013548961447914511
spray,count,1-2,bin_13,14139,0.0428601739868449,0.04134001691807438,-0.0015201570687705182,-0.03546782309463095
spray,count,1-2,bin_14,14139,0.04222363674941651,0.04064818612440453,-0.0015754506250119787,-0.03731205424965556
spray,count,1-2,bin_15,14139,0.041374920432845325,0.03991682202555616,-0.0014580984072891656,-0.03524111689001968
spray,count,1-2,bin_16,14139,0.039253129641417354,0.03873280624214264,-0.0005203233992747136,-0.013255590166387705
spray,count,1-2,bin_17,14139,0.04087983591484546,0.03891328785853659,-0.0019665480563088727,-0.048105576069465666
spray,count,1-2,bin_18,14139,0.037838602447132046,0.0390453840408769,0.0012067815937448559,0.03189286907281966
spray,count,1-2,bin_19,14139,0.04257726854798784,0.0388562810707643,-0.0037209874772235405,-0.08739375737618545
spray,count,1-2,bin_20,14139,0.04087983591484546,0.03843790940220861,-0.0024419265126368467,-0.0597342542598138
spray,count,1-2,bin_21,14139,0.0426479949077021,0.03847285880894444,-0.004175136098757665,-0.09789759419624315
spray,count,1-2,bin_22,14139,0.04187000495084518,0.03844536717071565,-0.0034246377801295316,-0.08179215130616799
spray,count,1-2,bin_23,14139,0.047103755569700825,0.04460949465627419,-0.002494260913426638,-0.05295248506747633
spray,count,2-0,bin_0,3576,0.04837807606263982,0.04699351726565925,-0.0013845587969805728,-0.02861955062429207
spray,count,2-0,bin_1,3576,0.03411633109619687,0.03789921455403849,0.0037828834578416196,0.11088189545280025
spray,count,2-0,bin_2,3576,0.039149888143176735,0.03629890114799234,-0.002850986995184393,-0.07282235353413849
spray,count,2-0,bin_3,3576,0.034395973154362415,0.03601512720541105,0.0016191540510486352,0.047073942167072516
spray,count,2-0,bin_4,3576,0.03243847874720358,0.03708090768509719,0.004642428937893614,0.1431148782923066
spray,count,2-0,bin_5,3576,0.039149888143176735,0.0394329334794137,0.0002830453362369645,0.007229786588452749
spray,count,2-0,bin_6,3576,0.03523489932885906,0.040325307610836164,0.005090408281977106,0.14447063505039787
spray,count,2-0,bin_7,3576,0.03942953020134228,0.0411973971742343,0.0017678669728920168,0.044836115567814555
spray,count,2-0,bin_8,3576,0.035794183445190156,0.04174540170047915,0.0059512182552889925,0.16626216000713623
spray,count,2-0,bin_9,3576,0.04194630872483222,0.04026155666536659,-0.0016847520594656246,-0.04016448909766049
spray,count,2-0,bin_10,3576,0.03691275167785235,0.040360097615320445,0.0034473459374680937,0.0933917353968629
spray,count,2-0,bin_11,3576,0.045022371364653244,0.04290029265983207,-0.002122078704821173,-0.047133872350562205
spray,count,2-0,bin_12,3576,0.04809843400447427,0.043406744131436095,-0.004691689873038175,-0.09754350573246812
spray,count,2-0,bin_13,3576,0.04082774049217002,0.04216177650566252,0.0013340360134924956,0.03267474509759702
spray,count,2-0,bin_14,3576,0.04138702460850112,0.04093307664061082,-0.00045394796789029884,-0.010968364413349382
spray,count,2-0,bin_15,3576,0.041666666666666664,0.04102423601477538,-0.0006424306518912834,-0.015418335645390802
spray,count,2-0,bin_16,3576,0.04138702460850112,0.04021986606687759,-0.0011671585416235322,-0.02820107395166048
spray,count,2-0,bin_17,3576,0.03887024608501118,0.04206698558069421,0.0031967394956830264,0.08224129810476621
spray,count,2-0,bin_18,3576,0.04194630872483222,0.04264683625251462,0.0007005275276824041,0.016700576259948512
spray,count,2-0,bin_19,3576,0.0447427293064877,0.04257611706559962,-0.0021666122408880786,-0.04842378358384856
spray,count,2-0,bin_20,3576,0.0447427293064877,0.0425747963400311,-0.0021679329664565997,-0.048453301800305
spray,count,2-0,bin_21,3576,0.05229306487695749,0.04462413444739428,-0.007668930429563216,-0.14665291559421423
spray,count,2-0,bin_22,3576,0.05201342281879195,0.046173907868966704,-0.005839514949825243,-0.11226938419664016
spray,count,2-0,bin_23,3576,0.05005592841163311,0.051080869157622666,0.0010249407459895568,0.02047591121597014
spray,count,2-1,bin_0,7801,0.04819894885271119,0.04998144892083945,0.0017825000681282593,0.03698213572199083
spray,count,2-1,bin_1,7801,0.03704653249583387,0.04095733451382462,0.003910802017990753,0.1055645901119234
spray,count,2-1,bin_2,7801,0.03858479682092039,0.03870239330892662,0.00011759648800623024,0.003047741537995356
spray,count,2-1,bin_3,7801,0.03935392898346366,0.03865307528708056,-0.0007008536963830983,-0.017808989203532733
spray,count,2-1,bin_4,7801,0.03473913600820407,0.03886913868404699,0.004130002675842917,0.11888616558764059
spray,count,2-1,bin_5,7801,0.03973849506473529,0.04069158747525299,0.0009530924105176988,0.023984109336930865
spray,count,2-1,bin_6,7801,0.03832841943340597,0.04105040615594503,0.002721986722539059,0.07101745291815117
spray,count,2-1,bin_7,7801,0.04460966542750929,0.0416727077399748,-0.0029369576875344916,-0.06583680149556485
spray,count,2-1,bin_8,7801,0.03858479682092039,0.04166264788569626,0.0030778510647758717,0.07976849221367634
spray,count,2-1,bin_9,7801,0.03820023073964876,0.040183768085217314,0.0019835373455685534,0.051924747761007674
spray,count,2-1,bin_10,7801,0.036918343802076654,0.04022329590014897,0.003304952098072314,0.08952059485091016
spray,count,2-1,bin_11,7801,0.045122420202538135,0.042012017442583476,-0.00311040275995466,-0.06893253389319973
spray,count,2-1,bin_12,7801,0.04140494808357903,0.04220860416584534,0.0008036560822663116,0.01940966284136067
spray,count,2-1,bin_13,7801,0.042302268939879505,0.04150994793721702,-0.0007923210026624869,-0.018729988308394122
spray,count,2-1,bin_14,7801,0.04012306114600692,0.04077312857070768,0.0006500674247007579,0.016201840191982786
spray,count,2-1,bin_15,7801,0.037302909883348286,0.040472353097739146,0.00316944321439086,0.08496503957203816
spray,count,2-1,bin_16,7801,0.03832841943340597,0.03990570643172942,0.0015772869983234489,0.04115189255492049
spray,count,2-1,bin_17,7801,0.04243045763363671,0.04082392672950746,-0.0016065309041292525,-0.03786268151997674
spray,count,2-1,bin_18,7801,0.044481476733752086,0.041489020917626296,-0.00299245581612579,-0.06727420121497776
spray,count,2-1,bin_19,7801,0.04627611844635303,0.04153276933156404,-0.004743349114788992,-0.10250101508163137
spray,count,2-1,bin_20,7801,0.04255864632739392,0.041213495298684136,-0.0013451510287097873,-0.03160699751495497
spray,count,2-1,bin_21,7801,0.04614792975259582,0.042592673233649146,-0.003555256518946677,-0.07704043362306397
spray,count,2-1,bin_22,7801,0.04601974105883861,0.04393304642010155,-0.0020866946387370633,-0.04534346762336443
spray,count,2-1,bin_23,7801,0.053198307909242404,0.04888550683650471,-0.004312801072737696,-0.08107026787572714
spray,count,2-2,bin_0,14103,0.04991845706587251,0.049823704852873484,-9.47522129990247e-05,-0.00189813985784836
spray,count,2-2,bin_1,14103,0.042544139544777704,0.043463437701693086,0.0009192981569153824,0.021608103178296065
spray,count,2-2,bin_2,14103,0.03970786357512586,0.040835406565145616,0.0011275429900197559,0.02839596212187253
spray,count,2-2,bin_3,14103,0.039778770474367155,0.04126706292141349,0.0014882924470463327,0.03741423953777973
spray,count,2-2,bin_4,14103,0.03928242217967808,0.040844223782547436,0.0015618016028693532,0.03975828159795395
spray,count,2-2,bin_5,14103,0.04204779125008863,0.04212082250000025,7.303124991162036e-05,0.0017368629300229038
spray,count,2-2,bin_6,14103,0.04020421186981493,0.04184538764353996,0.0016411757737250302,0.04082099107027178
spray,count,2-2,bin_7,14103,0.042756860242501596,0.04239152994281488,-0.00036533029968671693,-0.008544366859837095
spray,count,2-2,bin_8,14103,0.04020421186981493,0.04158659128450235,0.0013823794146874194,0.034383945124050574
spray,count,2-2,bin_9,14103,0.03488619442671772,0.04019694544795121,0.00531075102123349,0.1522307350659673
spray,count,2-2,bin_10,14103,0.041622349854640854,0.04008059206234846,-0.0015417577922923961,-0.03704158457359397
spray,count,2-2,bin_11,14103,0.042756860242501596,0.041188057765941415,-0.0015688024765601813,-0.036691245981638865
spray,count,2-2,bin_12,14103,0.0407714670637453,0.04167747676777765,0.0009060097040323525,0.02222166061907525
spray,count,2-2,bin_13,14103,0.04190597745160604,0.0415520254949542,-0.00035395195665183926,-0.008446335777768002
spray,count,2-2,bin_14,14103,0.042118698149329926,0.0409734945388319,-0.0011452036104980245,-0.02718990996440007
spray,count,2-2,bin_15,14103,0.03928242217967808,0.04032111660881161,0.001038694429133527,0.026441710350307096
spray,count,2-2,bin_16,14103,0.0407714670637453,0.03936965699946,-0.0014018100642853026,-0.034382134498461954
spray,count,2-2,bin_17,14103,0.04062965326526271,0.039821727128674,-0.0008079261365887061,-0.01988513491153669
spray,count,2-2,bin_18,14103,0.038856980784230305,0.040196006963259624,0.0013390261790293193,0.03446037628257389
spray,count,2-2,bin_19,14103,0.04481316032049919,0.040523379866670366,-0.004289780453828822,-0.09572590781700613
spray,count,2-2,bin_20,14103,0.04282776714174289,0.04037206065537572,-0.0024557064863671707,-0.0573391201609871
spray,count,2-2,bin_21,14103,0.04204779125008863,0.04086712505010732,-0.0011806661999813131,-0.028079149103434165
spray,count,2-2,bin_22,14103,0.041976884350847336,0.041327129078400755,-0.000649755272446581,-0.015478882782625224
spray,count,2-2,bin_23,14103,0.048287598383322694,0.047355038158942576,-0.0009325602243801176,-0.019312623853792656
spray,count,3-0,bin_0,282,0.024822695035460994,0.04051783656342705,0.015695141527966056,0.6322899872694896
spray,count,3-0,bin_1,282,0.03546099290780142,0.030313870834384003,-0.0051471220734174185,-0.1451488424703712
spray,count,3-0,bin_2,282,0.03546099290780142,0.030506389738631876,-0.004954603169169545,-0.13971980937058115
spray,count,3-0,bin_3,282,0.024822695035460994,0.027542051222527907,0.002719356187066913,0.10955120639326707
spray,count,3-0,bin_4,282,0.031914893617021274,0.03084253091307304,-0.0010723627039482334,-0.033600698057044645
spray,count,3-0,bin_5,282,0.02127659574468085,0.032346888358006254,0.011070292613325403,0.5203037528262939
spray,count,3-0,bin_6,282,0.03900709219858156,0.03307291355577681,-0.005934178642804752,-0.15213076157008545
spray,count,3-0,bin_7,282,0.03546099290780142,0.03639046884107185,0.0009294759332704322,0.026211221318226185
spray,count,3-0,bin_8,282,0.03546099290780142,0.03847997876029488,0.0030189858524934596,0.08513540104031556
spray,count,3-0,bin_9,282,0.031914893617021274,0.03822048681256434,0.006305593195543066,0.19757525346034943
spray,count,3-0,bin_10,282,0.02127659574468085,0.03852350517103435,0.017246909426353502,0.8106047430386146
spray,count,3-0,bin_11,282,0.024822695035460994,0.041212461214241776,0.016389766178780782,0.6602734374880258
spray,count,3-0,bin_12,282,0.03900709219858156,0.041452775917392465,0.0024456837188109037,0.06269843715497044
spray,count,3-0,bin_13,282,0.03546099290780142,0.043481618383938964,0.008020625476137543,0.2261816384270787
spray,count,3-0,bin_14,282,0.04964539007092199,0.0429133636520264,-0.006732026418895587,-0.13560224643775395
spray,count,3-0,bin_15,282,0.03900709219858156,0.04428316520837446,0.005276073009792902,0.13525932625105438
spray,count,3-0,bin_16,282,0.05319148936170213,0.04087716899151709,-0.012314320370185039,-0.23150922295947873
spray,count,3-0,bin_17,282,0.06382978723404255,0.0448646977855923,-0.018965089448450247,-0.2971197346923872
spray,count,3-0,bin_18,282,0.0425531914893617,0.04862421649468548,0.006071025005323777,0.14266908762510877
spray,count,3-0,bin_19,282,0.06382978723404255,0.04736314853694594,-0.01646663869709661,-0.2579773395878469
spray,count,3-0,bin_20,282,0.07446808510638298,0.051591616939234794,-0.02287646816714818,-0.3071982868159899
spray,count,3-0,bin_21,282,0.04964539007092199,0.05625973036223758,0.006614340291315593,0.13323171158221409
spray,count,3-0,bin_22,282,0.06382978723404255,0.05839774782743787,-0.00543203940660468,-0.08510195070347333
spray,count,3-0,bin_23,282,0.06382978723404255,0.061921369465155085,-0.0019084177688874632,-0.029898545045903592
spray,count,3-1,bin_0,3324,0.04632972322503008,0.04663970617701007,0.0003099829519799882,0.006690800859620006
spray,count,3-1,bin_1,3324,0.03580024067388688,0.03937593540011836,0.003575694726231482,0.09987906949574325
spray,count,3-1,bin_2,3324,0.040312876052948254,0.037643604767390954,-0.002669271285557301,-0.06621386382979454
spray,count,3-1,bin_3,3324,0.03580024067388688,0.03730842571013497,0.00150818503624809,0.042127790424274385
spray,count,3-1,bin_4,3324,0.0351985559566787,0.03785856010891959,0.002660004152240887,0.07557140001751032
spray,count,3-1,bin_5,3324,0.03941034897713598,0.039826378590170027,0.00041602961303404545,0.010556354455917306
spray,count,3-1,bin_6,3324,0.04061371841155235,0.04021784319374169,-0.0003958752178106553,-0.00974732758520458
spray,count,3-1,bin_7,3324,0.04302045728038508,0.04132749332008165,-0.0016929639603034327,-0.039352532895444825
spray,count,3-1,bin_8,3324,0.036101083032490974,0.04167344807458747,0.005572365042096496,0.15435451166607292
spray,count,3-1,bin_9,3324,0.03580024067388688,0.04067161024298612,0.00487136956909924,0.13607086090492332
spray,count,3-1,bin_10,3324,0.04332129963898917,0.04098998246967757,-0.002331317169311599,-0.053814571324942745
spray,count,3-1,bin_11,3324,0.04001203369434416,0.04239873427930053,0.0023867005849563666,0.05964956950672905
spray,count,3-1,bin_12,3324,0.04362214199759326,0.04211708216632144,-0.0015050598312718183,-0.03450219916653465
spray,count,3-1,bin_13,3324,0.04091456077015644,0.041245296999348285,0.0003307362291918442,0.00808358254289478
spray,count,3-1,bin_14,3324,0.03850782190132371,0.04088808147347692,0.0023802595721532094,0.06181236576435365
spray,count,3-1,bin_15,3324,0.0421179302045728,0.04087368760666989,-0.0012442425979029142,-0.029541874253066338
spray,count,3-1,bin_16,3324,0.04061371841155235,0.0403709307070092,-0.0002427877045431473,-0.005977972814084604
spray,count,3-1,bin_17,3324,0.03700361010830325,0.042257628748069404,0.005254018639766156,0.14198665006977806
spray,count,3-1,bin_18,3324,0.03790613718411552,0.042476841815895186,0.004570704631779665,0.12057954123837784
spray,count,3-1,bin_19,3324,0.04542719614921781,0.042944336759350055,-0.002482859389867753,-0.05465579213192326
spray,count,3-1,bin_20,3324,0.04843561973525872,0.04270596927086191,-0.0057296504643968085,-0.11829414996059001
spray,count,3-1,bin_21,3324,0.049338146811071,0.04453308196457041,-0.00480506484650059,-0.09739046066931682
spray,count,3-1,bin_22,3324,0.048736462093862815,0.04547403096789317,-0.0032624311259696476,-0.06694025347359944
spray,count,3-1,bin_23,3324,0.05565583634175692,0.04818130952635635,-0.007474526815400569,-0.13429906559130536
spray,count,3-2,bin_0,9959,0.05120996083944171,0.04811092017825045,-0.003099040661191259,-0.06051636459765441
spray,count,3-2,bin_1,9959,0.040465910231951,0.04152234581355443,0.0010564355816034265,0.026106803863991376
spray,count,3-2,bin_2,9959,0.03825685309770057,0.03931179908165085,0.001054945983950277,0.027575346598847267
spray,count,3-2,bin_3,9959,0.03845767647354152,0.040032353043365124,0.001574676569823602,0.04094570224248891
spray,count,3-2,bin_4,9959,0.03665026609097299,0.03982915080235333,0.0031788847113803434,0.08673565161818313
spray,count,3-2,bin_5,9959,0.037252736218495834,0.041420433565823894,0.00416769734732806,0.11187627461466347
spray,count,3-2,bin_6,9959,0.042172908926599056,0.04136054309887861,-0.0008123658277204432,-0.01926274113873308
spray,count,3-2,bin_7,9959,0.040465910231951,0.04221135270783919,0.0017454424758881898,0.043133651656006154
spray,count,3-2,bin_8,9959,0.04167085048699669,0.041704989726040226,3.413923904353744e-05,0.0008192594738182876
spray,count,3-2,bin_9,9959,0.03996385179234863,0.04054539716318453,0.0005815453708358995,0.014551784794358598
spray,count,3-2,bin_10,9959,0.03333668038959735,0.04089834317927104,0.007561662789673691,0.22682710759747077
spray,count,3-2,bin_11,9959,0.044683201124610904,0.04176790903169547,-0.002915292092915432,-0.06524358191762875
spray,count,3-2,bin_12,9959,0.03705191284265488,0.04202150982262884,0.004969596979973956,0.1341252474893242
spray,count,3-2,bin_13,9959,0.04126920373531479,0.041738803472341456,0.000469599737026663,0.01137893864002077
spray,count,3-2,bin_14,9959,0.04096796867155337,0.0410686619467807,0.0001006932752273329,0.002457853745071099
spray,count,3-2,bin_15,9959,0.04357867255748569,0.0402236242143603,-0.0033550483431253886,-0.07698830979075057
spray,count,3-2,bin_16,9959,0.04257455567828095,0.039495745930737375,-0.0030788097475435774,-0.07231572234855303
spray,count,3-2,bin_17,9959,0.04147002711115574,0.0405636677240797,-0.0009063593870760403,-0.021855770304819094
spray,count,3-2,bin_18,9959,0.04297620242996285,0.040897071965098106,-0.0020791304648647424,-0.04837864555978497
spray,count,3-2,bin_19,9959,0.04408073099708806,0.04168147940631462,-0.002399251590773442,-0.05442857993738658
spray,count,3-2,bin_20,9959,0.044884024500451855,0.04134726022724967,-0.003536764273202188,-0.07879784205105277
spray,count,3-2,bin_21,9959,0.044783612812531376,0.042295118448100216,-0.0024884943644311597,-0.055567074832667984
spray,count,3-2,bin_22,9959,0.042875790742042376,0.042876541900244716,7.511582023403407e-07,1.751940172624696e-05
spray,count,3-2,bin_23,9959,0.048900492017270814,0.047074977242258884,-0.00182551477501193,-0.0373312148754493
spray,count,0-0,expected_bin_index,19868,11.646164686933762,11.292374128115195,-0.3537905588185666,-0.030378289190388708
spray,count,0-1,expected_bin_index,15556,11.563319619439445,11.327060459432007,-0.23625916000743885,-0.02043177632228175
spray,count,0-2,expected_bin_index,8346,11.138749101365924,10.999207490540389,-0.1395416108255354,-0.01252758362322962
spray,count,1-0,expected_bin_index,10453,11.926432603080455,11.593351204081983,-0.33308139899847156,-0.027927999099449118
spray,count,1-1,expected_bin_index,13746,11.785683107813181,11.483446793047836,-0.30223631476534507,-0.02564436121356267
spray,count,1-2,expected_bin_index,14139,11.473017893769008,11.149587301668566,-0.32343059210044167,-0.028190541938934544
spray,count,2-0,expected_bin_index,3576,12.085850111856823,11.838130981504877,-0.24771913035194615,-0.020496624404510964
spray,count,2-1,expected_bin_index,7801,11.868991154980131,11.592661920061705,-0.27632923491842654,-0.0232816109903731
spray,count,2-2,expected_bin_index,14103,11.551868396795008,11.40219077589183,-0.14967762090317827,-0.012957005374533644
spray,count,3-0,expected_bin_index,282,13.4822695035461,12.844452299979602,-0.6378172035664971,-0.04730785150072388
spray,count,3-1,expected_bin_index,3324,11.998495788206979,11.753357386339777,-0.2451384018672016,-0.020430761171591358
spray,count,3-2,expected_bin_index,9959,11.731197911436892,11.533222399219627,-0.1979755122172655,-0.01687598433781913
spray,handedness,LvL,bin_0,9054,0.04550474928208527,0.04759109316283383,0.002086343880748562,0.04584892596188708
spray,handedness,LvL,bin_1,9054,0.04009277667329357,0.04082199626374949,0.0007292195904559165,0.01818830350409881
spray,handedness,LvL,bin_2,9054,0.03810470510271703,0.03757027673294957,-0.0005344283697674632,-0.014025259303984381
spray,handedness,LvL,bin_3,9054,0.03810470510271703,0.03996715194466886,0.0018624468419518314,0.048877083208788065
spray,handedness,LvL,bin_4,9054,0.0390987408880053,0.04198117028963605,0.0028824294016307483,0.07372179605187795
spray,handedness,LvL,bin_5,9054,0.0437375745526839,0.045584662439252,0.001847087886568101,0.04223114577017067
spray,handedness,LvL,bin_6,9054,0.04683013032913629,0.046257856677166156,-0.0005722736519701357,-0.01222020199277738
spray,handedness,LvL,bin_7,9054,0.0429644356085708,0.04441714899932609,0.0014527133907552905,0.033811997531872494
spray,handedness,LvL,bin_8,9054,0.040976364037994255,0.04351691613075001,0.002540552092755756,0.06200042762213104
spray,handedness,LvL,bin_9,9054,0.03865694720565496,0.03856154495425458,-9.540225140038106e-05,-0.0024679199547972858
spray,handedness,LvL,bin_10,9054,0.0421912966644577,0.04005654194003158,-0.002134754724426119,-0.050597039986790784
spray,handedness,LvL,bin_11,9054,0.04362712613209631,0.042926544972211905,-0.0007005811598844031,-0.016058384358464267
spray,handedness,LvL,bin_12,9054,0.039982328252705986,0.042999734218984106,0.003017405966278121,0.07546849065934283
spray,handedness,LvL,bin_13,9054,0.03479125248508946,0.03789194217337368,0.003100689688284218,0.08912268075468352
spray,handedness,LvL,bin_14,9054,0.033797216699801194,0.035366393295351184,0.0015691765955499898,0.04642916632715558
spray,handedness,LvL,bin_15,9054,0.03490170090567705,0.035840228720270935,0.0009385278145938869,0.026890603902952698
spray,handedness,LvL,bin_16,9054,0.03655842721449083,0.03717094752176047,0.0006125203072696386,0.016754558495526612
spray,handedness,LvL,bin_17,9054,0.039982328252705986,0.04110490941502948,0.0011225811623234924,0.02807693326982569
spray,handedness,LvL,bin_18,9054,0.04694057874972388,0.042692389305246096,-0.00424818944447778,-0.09050142877718076
spray,handedness,LvL,bin_19,9054,0.04616743980561078,0.04123916647499286,-0.004928273330617919,-0.10674781515649436
spray,handedness,LvL,bin_20,9054,0.043295780870333554,0.03959810052011669,-0.0036976803502168643,-0.08540509666036604
spray,handedness,LvL,bin_21,9054,0.03954053457035565,0.03894978400226459,-0.0005907505680910544,-0.01494037889244806
spray,handedness,LvL,bin_22,9054,0.042301745085045285,0.042332131285801544,3.038620075625914e-05,0.0007183202653973114
spray,handedness,LvL,bin_23,9054,0.061851115529047936,0.055561368847918895,-0.006289746681129041,-0.10169172580525417
spray,handedness,LvR,bin_0,41973,0.04674433564434279,0.045624637914758716,-0.0011196977295840765,-0.02395365586331929
spray,handedness,LvR,bin_1,41973,0.036618778738712984,0.03816890666686704,0.001550127928154059,0.04233150262095661
spray,handedness,LvR,bin_2,41973,0.034879565434922453,0.035950958100386975,0.0010713926654645212,0.030716915537938757
spray,handedness,LvR,bin_3,41973,0.03518928835203583,0.03738527277789922,0.002195984425863391,0.06240491151439684
spray,handedness,LvR,bin_4,41973,0.03738117361160746,0.03934754859856237,0.0019663749869549066,0.05260335075045143
spray,handedness,LvR,bin_5,41973,0.04050222762251924,0.04250409093492707,0.0020018633124078283,0.04942600518334928
spray,handedness,LvR,bin_6,41973,0.03978748242918066,0.04309448334897983,0.003307000919799165,0.08311661653097625
spray,handedness,LvR,bin_7,41973,0.04460010006432707,0.04229177727301354,-0.00230832279131353,-0.05175600027767244
spray,handedness,LvR,bin_8,41973,0.04112167345674601,0.04214312358286723,0.0010214501261212247,0.024839702284870313
spray,handedness,LvR,bin_9,41973,0.03554666094870512,0.03797210794096158,0.0024254469922564553,0.06823276582170254
spray,handedness,LvR,bin_10,41973,0.03711910037404999,0.03946280321591635,0.0023437028418663644,0.06314007662494024
spray,handedness,LvR,bin_11,41973,0.04026397922473971,0.04169040575998533,0.0014264265352456201,0.03542686447565942
spray,handedness,LvR,bin_12,41973,0.040121030186072,0.04150635865037132,0.0013853284642993194,0.03452873612353642
spray,handedness,LvR,bin_13,41973,0.03516546351225788,0.03770987863324272,0.0025444151209848345,0.07235551210914394
spray,handedness,LvR,bin_14,41973,0.03218735854001382,0.03493924884717015,0.002751890307156335,0.0854959969372856
spray,handedness,LvR,bin_15,41973,0.03402187120291616,0.03543341946315397,0.001411548260237809,0.04148943636341846
spray,handedness,LvR,bin_16,41973,0.03745264813094132,0.037154467635501155,-0.0002981804954401632,-0.007961533037601762
spray,handedness,LvR,bin_17,41973,0.042598813522979055,0.04115983108217491,-0.0014389824408041485,-0.03377987135787054
spray,handedness,LvR,bin_18,41973,0.04626783884878374,0.04410702459188415,-0.002160814256899596,-0.04670229495615177
spray,handedness,LvR,bin_19,41973,0.049174469301693946,0.04357378103391816,-0.005600688267775787,-0.11389422900356255
spray,handedness,LvR,bin_20,41973,0.0468396350034546,0.04296244458242294,-0.0038771904210316635,-0.08277584615562666
spray,handedness,LvR,bin_21,41973,0.046696685964786884,0.044525213381104184,-0.0021714725836827,-0.04650164222189489
spray,handedness,LvR,bin_22,41973,0.05150930359993329,0.04843743235242358,-0.003071871247509711,-0.059637211781556475
spray,handedness,LvR,bin_23,41973,0.06821051628427799,0.06285478375954899,-0.005355732524728998,-0.07851769516606714
spray,handedness,RvL,bin_0,23510,0.053253934495959165,0.05447997460963441,0.0012260401136752475,0.023022526415738872
spray,handedness,RvL,bin_1,23510,0.04253509145044662,0.04601573605659031,0.003480644606143689,0.08182995469043812
spray,handedness,RvL,bin_2,23510,0.040578477243726076,0.04319642854346203,0.0026179512997359516,0.06451576001760191
spray,handedness,RvL,bin_3,23510,0.040153126329221606,0.041733508529795606,0.001580382200574,0.039358882982515615
spray,handedness,RvL,bin_4,23510,0.03857932794555508,0.040386717250068094,0.0018073893045130116,0.046848646691401215
spray,handedness,RvL,bin_5,23510,0.038451722671203746,0.04106391697860461,0.002612194307400867,0.06793438956525927
spray,handedness,RvL,bin_6,23510,0.03925988940876223,0.040996490063004314,0.001736600654242082,0.044233457617802105
spray,handedness,RvL,bin_7,23510,0.039897915780518926,0.042432101652454896,0.002534185871935969,0.0635167482401009
spray,handedness,RvL,bin_8,23510,0.037048064653339007,0.04201860079812514,0.004970536144786132,0.13416452900565093
spray,handedness,RvL,bin_9,23510,0.03930242450021267,0.041981825703225284,0.0026794012030126116,0.06817394186453085
spray,handedness,RvL,bin_10,23510,0.037303275202041686,0.04063552936596444,0.003332254163922757,0.08932872906935464
spray,handedness,RvL,bin_11,23510,0.04381114419396002,0.04180664488741851,-0.0020044993065415073,-0.0457531832007678
spray,handedness,RvL,bin_12,23510,0.04474691620586984,0.04225974488050805,-0.0024871713253617894,-0.05558307781298068
spray,handedness,RvL,bin_13,23510,0.04678860059549128,0.04390344785605796,-0.002885152739433322,-0.061663582640070366
spray,handedness,RvL,bin_14,23510,0.04640578477243726,0.04440716743631135,-0.001998617336125906,-0.043068280084619666
spray,handedness,RvL,bin_15,23510,0.04372607401105912,0.0436768302649645,-4.924374609462101e-05,-0.001126187228292354
spray,handedness,RvL,bin_16,23510,0.04325818800510421,0.04096122022103678,-0.002296967784067433,-0.0530990291085795
spray,handedness,RvL,bin_17,23510,0.038451722671203746,0.03969754922777926,0.0012458265565755133,0.032399759231294595
spray,handedness,RvL,bin_18,23510,0.03717566992769034,0.03833028050421277,0.0011546105765224274,0.03105823186961358
spray,handedness,RvL,bin_19,23510,0.041088898341131434,0.03861042102961795,-0.0024784773115134814,-0.060319877426171786
spray,handedness,RvL,bin_20,23510,0.04330072309655466,0.0384962382509622,-0.004804484845592462,-0.11095622664035243
spray,handedness,RvL,bin_21,23510,0.04355593364525734,0.03909552244752921,-0.00446041119772813,-0.10240651099471516
spray,handedness,RvL,bin_22,23510,0.043215652913653764,0.038121141434235395,-0.005094511479418369,-0.11788579220583253
spray,handedness,RvL,bin_23,23510,0.03811144193960017,0.03569296192216892,-0.0024184800174312515,-0.0634581084930901
spray,handedness,RvR,bin_0,46616,0.05448772953492363,0.05456282411114083,7.509457621719673e-05,0.001378192427142064
spray,handedness,RvR,bin_1,46616,0.04183113094216578,0.045873594073750565,0.004042463131584788,0.0966376724830546
spray,handedness,RvR,bin_2,46616,0.040994508323322465,0.04320728185930197,0.002212773535979505,0.05397731614506573
spray,handedness,RvR,bin_3,46616,0.04168096790801441,0.042116462405380646,0.0004354944973662331,0.010448281775205518
spray,handedness,RvR,bin_4,46616,0.040608374806933245,0.041072023406666755,0.0004636485997335099,0.011417561080389486
spray,handedness,RvR,bin_5,46616,0.04075853784108461,0.04143057142926834,0.0006720335881837333,0.016488167235143635
spray,handedness,RvR,bin_6,46616,0.039879011498198044,0.04108922346535049,0.0012102119671524442,0.030347090403861396
spray,handedness,RvR,bin_7,46616,0.04002917453234941,0.04261963742528258,0.0025904628929331736,0.0647143720348193
spray,handedness,RvR,bin_8,46616,0.04056547108288999,0.04197961115491076,0.0014141400720207656,0.0348606840810788
spray,handedness,RvR,bin_9,46616,0.04030804873863051,0.042248073631667125,0.0019400248930366154,0.04812996296636236
spray,handedness,RvR,bin_10,46616,0.04028659687660889,0.04075033593810569,0.00046373906149679844,0.011511001113277292
spray,handedness,RvR,bin_11,46616,0.04466277672902008,0.04215920129807484,-0.0025035754309452388,-0.05605507794857985
spray,handedness,RvR,bin_12,46616,0.04204564956238201,0.0433902013097262,0.001344551747344186,0.031978379721528866
spray,handedness,RvR,bin_13,46616,0.045692466106058004,0.04519844728670359,-0.0004940188193544165,-0.010811822198603513
spray,handedness,RvR,bin_14,46616,0.046700703621074306,0.04538261999375086,-0.0013180836273234478,-0.028224063560546554
spray,handedness,RvR,bin_15,46616,0.046142955208512096,0.04380542804227826,-0.002337527166233838,-0.05065837581643729
spray,handedness,RvR,bin_16,46616,0.04041530804873863,0.04087832655850431,0.0004630185097656836,0.01145651319067787
spray,handedness,RvR,bin_17,46616,0.03872061094903038,0.03890229739647412,0.00018168644744374213,0.0046922412376938965
spray,handedness,RvR,bin_18,46616,0.03747640295177621,0.03772773417889892,0.00025133122712271,0.006706386081025901
spray,handedness,RvR,bin_19,46616,0.039685944740003434,0.037450646216930956,-0.002235298523072478,-0.05632468970353872
spray,handedness,RvR,bin_20,46616,0.040436759910760255,0.037777898327852784,-0.0026588615829074708,-0.06575357641846931
spray,handedness,RvR,bin_21,46616,0.0404796636348035,0.03834225963944538,-0.0021374039953581184,-0.052801920851941735
spray,handedness,RvR,bin_22,46616,0.039707396602025054,0.036662241290212456,-0.0030451553118125974,-0.07668987575119181
spray,handedness,RvR,bin_23,46616,0.03640380985069504,0.035373059615431135,-0.0010307502352639025,-0.028314350599329453
spray,handedness,LvL,expected_bin_index,9054,11.729953611663353,11.494102462688947,-0.2358511489744064,-0.020106741832286053
spray,handedness,LvR,expected_bin_index,41973,12.187477664212707,11.909397392508037,-0.2780802717046704,-0.02281688462258478
spray,handedness,RvL,expected_bin_index,23510,11.465078689919183,11.106722289712188,-0.3583564002069952,-0.03125634022225113
spray,handedness,RvR,expected_bin_index,46616,11.263686287969795,11.0499246276683,-0.21376166030149513,-0.018977948678294044
spray,two_strike,0,bin_0,74606,0.050786799989277,0.05084836200802515,6.156201874814998e-05,0.001212165735213639
spray,two_strike,0,bin_1,74606,0.03885746454708736,0.04207382818669406,0.003216363639606694,0.08277337899154778
spray,two_strike,0,bin_2,74606,0.03808004718119186,0.03952975762380024,0.0014497104426083804,0.03807008000043676
spray,two_strike,0,bin_3,74606,0.03750368603061416,0.03916234281545795,0.0016586567848437886,0.04422650038958388
spray,two_strike,0,bin_4,74606,0.037919202208937616,0.03962401681883809,0.0017048146099004763,0.04495913707537467
spray,two_strike,0,bin_5,74606,0.03991636061442779,0.041487717913754475,0.0015713572993266839,0.03936624670032458
spray,two_strike,0,bin_6,74606,0.03967509315604643,0.0418813485450986,0.0022062553890521697,0.055608070795819656
spray,two_strike,0,bin_7,74606,0.041390772860091685,0.04235248070508257,0.000961707844990882,0.023234836620268696
spray,two_strike,0,bin_8,74606,0.03951424818379219,0.04220409993840949,0.0026898517546172993,0.06807295793927348
spray,two_strike,0,bin_9,74606,0.03834812213494893,0.040433513261760985,0.002085391126812053,0.05438052792972388
spray,two_strike,0,bin_10,74606,0.038616197088706,0.04022845805116421,0.0016122609624582146,0.041750899467253584
spray,two_strike,0,bin_11,74606,0.04338793126558186,0.04236702976195831,-0.0010209015036235503,-0.023529619270725544
spray,two_strike,0,bin_12,74606,0.04283837761037986,0.04286238224446975,2.4004634089885846e-05,0.0005603534827628359
spray,two_strike,0,bin_13,74606,0.041363965364715975,0.04195856138243802,0.0005945960177220419,0.014374734445291852
spray,two_strike,0,bin_14,74606,0.04001018684824277,0.040790849090539635,0.0007806622422968645,0.01951158701802341
spray,two_strike,0,bin_15,74606,0.04062675924188403,0.04038153025151719,-0.0002452289903668442,-0.006036144525011144
spray,two_strike,0,bin_16,74606,0.039058520762405166,0.039496695434439996,0.00043817467203483007,0.011218414406942531
spray,two_strike,0,bin_17,74606,0.03999678310055491,0.04034811992570352,0.00035133682514860987,0.008784127070052678
spray,two_strike,0,bin_18,74606,0.04234243894592928,0.04090977938211448,-0.0014326595638148032,-0.03383507420638405
spray,two_strike,0,bin_19,74606,0.044071522397662384,0.040276729560325734,-0.0037947928373366496,-0.0861053267707841
spray,two_strike,0,bin_20,74606,0.044218963622228775,0.04012344379971781,-0.004095519822510968,-0.09261908210920075
spray,two_strike,0,bin_21,74606,0.04403131115459882,0.041269990985127646,-0.002761320169471178,-0.06271264918221209
spray,two_strike,0,bin_22,74606,0.046390370747661044,0.04241113696317736,-0.003979233784483685,-0.08577714987725797
spray,two_strike,0,bin_23,74606,0.051054874943034075,0.04697782549824865,-0.004077049444785423,-0.07985622233595728
spray,two_strike,1,bin_0,46547,0.05106666380217844,0.05105859884759891,-8.064954579528605e-06,-0.00015792992882344048
spray,two_strike,1,bin_1,46547,0.04191462392850238,0.04410551193495382,0.0021908880064514455,0.05227025322208889
spray,two_strike,1,bin_2,46547,0.03937955185081745,0.0414564298196756,0.0020768779688581512,0.05274001026537936
spray,two_strike,1,bin_3,46547,0.041055277461490534,0.041973590069144286,0.0009183126076537512,0.022367711642312486
spray,two_strike,1,bin_4,46547,0.04069005521301051,0.04166859174636102,0.0009785365333505117,0.024048542776064552
spray,two_strike,1,bin_5,46547,0.04129159773991879,0.04292984007082912,0.001638242330910325,0.03967495617943959
spray,two_strike,1,bin_6,46547,0.041162695769867017,0.042586336753135036,0.0014236409832680194,0.03458570816710673
spray,two_strike,1,bin_7,46547,0.04247319913206007,0.04300711511166978,0.0005339159796097157,0.012570656096557125
spray,two_strike,1,bin_8,46547,0.041055277461490534,0.042085961783740314,0.0010306843222497794,0.0251047949491159
spray,two_strike,1,bin_9,46547,0.03832685242872795,0.04044913199371565,0.0021222795649877,0.05537317651988929
spray,two_strike,1,bin_10,46547,0.03897136227898683,0.04023285677328516,0.0012614944942983333,0.03236978182254935
spray,two_strike,1,bin_11,46547,0.04210797688358004,0.04137455186662675,-0.0007334250169532888,-0.017417721563328947
spray,two_strike,1,bin_12,46547,0.040002578039401035,0.04189054765967191,0.0018879696202708726,0.04719619866527836
spray,two_strike,1,bin_13,46547,0.04157088534169764,0.04156338384053856,-7.501501159079549e-06,-0.00018045083950990996
spray,two_strike,1,bin_14,46547,0.04167830365007412,0.040884247095751655,-0.0007940565543224642,-0.019052036306210177
spray,two_strike,1,bin_15,46547,0.040647087889659914,0.04012967566467789,-0.0005174122249820209,-0.012729379934586749
spray,two_strike,1,bin_16,46547,0.04060412056630932,0.03905562394123983,-0.0015484966250694926,-0.03813644042704216
spray,two_strike,1,bin_17,46547,0.04028186564117988,0.03945071610324823,-0.0008311495379316469,-0.02063334268912233
spray,two_strike,1,bin_18,46547,0.03929361720411627,0.03964996641073352,0.00035634920661724995,0.00906888273396016
spray,two_strike,1,bin_19,46547,0.043182159967344834,0.039765105409120725,-0.0034170545582241085,-0.07913116344361074
spray,two_strike,1,bin_20,46547,0.04215094420693063,0.039410387569053525,-0.0027405566378771035,-0.06501768084773983
spray,two_strike,1,bin_21,46547,0.0417642382967753,0.039723670403225865,-0.002040567893549436,-0.048859214887369135
spray,two_strike,1,bin_22,46547,0.04191462392850238,0.03990567073320579,-0.0020089531952965853,-0.04792964858096881
spray,two_strike,1,bin_23,46547,0.04741444131737813,0.04564248834488577,-0.0017719529724923647,-0.03737158813348532
spray,two_strike,0,expected_bin_index,74606,11.760877141248693,11.460944280176822,-0.29993286107187167,-0.02550259283127132
spray,two_strike,1,expected_bin_index,46547,11.492212172642706,11.281239584947958,-0.21097258769474792,-0.018357874404457106
