pitcher,p_throws,n_pitches,n_fb,fb_velo,fb_height,brk_share,bf,fb_velo_tercile,fb_height_tercile,brk_share_tercile
112526,R,9976,8321,88.21127268357169,2.506589046937464,0.07768644747393745,2814,0,1,0
115629,R,554,415,93.69710843373495,2.5412722616014625,0.16606498194945848,161,1,1,0
150116,L,623,301,88.78106312292358,2.500405151247432,0.3996789727126806,161,0,1,2
150302,R,772,451,88.3159645232816,2.0986435445833087,0.19430051813471502,208,0,0,0
150359,R,2459,1508,91.56452254641908,2.5618869467020176,0.29605530703538024,680,0,1,1
218596,R,1829,995,88.70582914572864,2.34491618884421,0.11755057408419901,501,0,0,0
276351,R,2449,1563,93.3167626359565,3.0179916390836397,0.3401388321763985,575,1,2,2
276514,R,211,130,91.54461538461538,2.363318184151984,0.11374407582938388,51,0,0,0
276520,R,1136,387,84.09793281653747,2.2460182557705193,0.4876760563380282,314,0,0,2
276542,R,2704,1427,94.81534688156972,2.8742322170152392,0.1734467455621302,670,2,2,0
279571,R,2748,1537,90.8783344176968,2.506589535365849,0.42503639010189226,740,0,1,2
279824,L,2798,1413,84.00474168435952,2.5071688609567917,0.08577555396711938,823,0,1,0
282332,L,12096,4929,89.8186650436194,2.40921318692891,0.27132936507936506,3241,0,0,1
285064,R,3669,1939,91.25569881382155,2.419725198820233,0.3654946852003271,926,0,0,2
285079,R,8817,1181,83.01617273497037,2.4065516709410306,0.0,2389,0,0,0
329092,L,399,245,84.22367346938775,2.0672378134079885,0.38596491228070173,116,0,0,2
346793,L,560,372,91.00806451612904,2.1083592856433073,0.2357142857142857,163,0,0,1
346798,R,2699,1242,89.71763285024154,2.4262816196415757,0.33049277510188957,684,0,0,1
346847,L,686,493,87.45780933062879,2.3182493252894987,0.17055393586005832,196,0,0,0
407793,R,8606,5107,91.91325631486195,2.6129723625684296,0.10190564722286777,2295,0,1,0
407819,L,866,608,93.55115131578947,2.6834124107029997,0.1420323325635104,246,2,2,0
407822,L,6571,2330,91.96206008583691,2.326007508138395,0.07670065439050373,1659,1,0,0
407845,R,5189,3275,94.57920610687023,2.445973633631659,0.008864906533050684,1286,2,0,0
407890,R,4899,2502,88.28333333333333,2.4289100417993668,0.4186568687487242,1331,0,0,2
407908,R,978,500,90.25439999999999,2.5669423800344657,0.18200408997955012,237,0,1,0
408061,R,2167,1040,89.73884615384615,2.166773839174657,0.1116751269035533,569,0,0,0
408241,R,3721,1729,90.06084441873917,2.5738505336553024,0.14565976887933352,935,0,1,0
421685,R,2811,1903,89.76694692590647,2.505999951769055,0.21629313411597295,731,0,1,0
424144,L,3550,1959,91.86421643695763,2.555062141357931,0.44253521126760564,909,1,1,2
425386,R,2506,1168,92.41909246575342,2.480654383694751,0.2174780526735834,672,0,0,0
425426,R,833,701,92.12710413694721,2.4735935253315744,0.11284513805522209,231,0,0,0
425492,R,3555,2155,95.18454756380511,2.5258221205177858,0.07454289732770746,967,2,1,0
425532,R,2239,1123,90.53633125556546,2.1795678990809075,0.05895489057615007,620,0,0,0
425626,L,1174,526,89.15247148288972,2.37836582280797,0.3083475298126065,295,0,0,1
425657,L,978,685,85.00934306569343,1.8239751520761587,0.24335378323108384,261,0,0,1
425786,R,337,113,90.66637168141592,2.681482867779873,0.6646884272997032,87,0,2,2
425794,R,17998,7108,89.32953010692178,2.4833796810090396,0.31759084342704746,4680,0,0,1
425840,L,1059,501,90.6497005988024,2.5522596528703403,0.5146364494806421,264,0,1,2
425844,R,23221,10941,90.32432136002194,2.393518135693618,0.3061883639808794,5978,0,0,1
425856,R,693,395,93.0179746835443,2.46132247569438,0.2987012987012987,179,1,0,1
429400,L,516,324,91.9324074074074,2.686357157387256,0.28875968992248063,121,1,2,1
429717,R,2876,1184,86.42787162162162,2.3447477125029037,0.14221140472879,748,0,0,0
429719,R,6327,3096,93.09576873385014,2.3957857072759623,0.31895052947684527,1630,1,0,1
429722,R,9532,4937,92.82122746607251,2.530696403296227,0.3917331095258078,2518,1,1,2
429780,L,578,237,89.65822784810126,2.332635161735044,0.11245674740484429,157,0,0,0
429781,R,413,152,88.73486842105264,2.448337439889111,0.387409200968523,110,0,0,2
429783,R,697,429,91.37319347319347,2.573224516419368,0.17073170731707318,174,0,1,0
430580,R,4136,1895,93.38696569920843,2.3330697764290833,0.09477756286266925,1109,1,0,0
430589,R,1504,891,91.4253647586981,2.1646493906431945,0.39228723404255317,418,0,0,2
430599,R,3176,1223,91.20539656582174,2.512290659403532,0.4688287153652393,810,0,1,2
430630,R,541,326,92.56656441717791,2.5187059368865965,0.19038817005545286,124,0,1,0
430641,R,3082,1800,93.15688888888889,2.393460582466222,0.4042829331602855,832,1,0,2
430661,R,2710,1678,94.53611442193088,2.3651054264075015,0.3051660516605166,717,2,0,1
430911,R,487,323,92.06006191950465,2.836193202579482,0.25256673511293637,126,0,2,1
430912,R,4575,2390,90.24744769874476,2.714661149658944,0.3510382513661202,1181,0,2,2
430935,L,14307,6973,92.35301878674889,2.518740549894385,0.14160900258614664,3731,1,1,0
431148,L,5498,3130,91.93150159744408,2.4162496725601073,0.13423062931975263,1383,1,0,0
431162,R,381,235,89.42765957446808,2.517845661578015,0.2152230971128609,100,0,1,0
432934,R,4162,2162,87.55360777058279,2.8936164853889785,0.4550696780394041,1052,0,2,2
433579,L,3276,1463,89.74764183185235,2.389747664572999,0.12179487179487179,868,0,0,0
433584,R,1475,825,89.57078787878787,2.180554723198719,0.15050847457627117,395,0,0,0
433585,L,400,188,86.59840425531915,2.292300606133971,0.365,100,0,0,2
433586,R,3349,1939,93.85575038679731,2.3218312919144832,0.3774260973424903,873,1,0,2
433587,R,10565,4786,90.76776013372336,2.2324777475762674,0.306389020350213,2845,0,0,1
433589,R,7207,3334,88.99274145170965,2.4218819647149417,0.2163174691272374,1992,0,0,0
434137,R,331,178,92.3005617977528,2.5583935754150655,0.4259818731117825,85,0,1,2
434378,R,21220,11742,94.58258388690172,2.8723187024549452,0.39660697455230914,5319,2,2,2
434442,L,1810,988,86.54534412955466,2.4058214379697223,0.39723756906077345,454,0,0,2
434538,L,10792,5186,92.90688391824142,2.39950446288642,0.31764269829503333,2778,1,0,2
434622,R,8073,4733,90.70642298753434,2.3507243450487105,0.221850613154961,2069,0,0,0
434628,R,10373,5328,92.38243243243242,2.6188824226826095,0.44789356984478934,2715,0,1,2
434643,L,1587,963,88.90404984423677,2.4891590750786077,0.34215500945179583,392,0,1,2
434665,R,390,263,92.57604562737643,2.345522324255423,0.19230769230769232,111,1,0,0
434671,R,13887,6053,91.0050718651908,2.5688801643916337,0.1784402678764312,3571,0,1,0
434672,R,1405,687,86.43580786026202,2.1246091558804965,0.25551601423487547,350,0,0,1
434718,R,1473,620,88.92677419354838,2.451649131234001,0.361846571622539,375,0,0,2
435043,L,3597,1943,89.39114770972722,2.080523798829024,0.3803169307756464,928,0,0,2
435045,R,251,130,93.23615384615385,2.2762288794377556,0.3665338645418327,72,1,0,2
435221,R,3670,1731,93.04754477180819,2.348117495171316,0.2651226158038147,938,1,0,1
435400,R,1896,1161,94.86528854435832,2.7279875608796362,0.020569620253164556,476,2,2,0
444436,R,960,558,92.27491039426523,2.260388151099196,0.24166666666666667,280,0,0,1
444446,R,278,201,92.55124378109453,2.435886719235896,0.20503597122302158,75,0,0,0
444468,R,5180,3157,96.70205891669308,2.5311060901691063,0.3521235521235521,1318,2,1,2
444520,L,1816,1021,90.00156709108718,2.351713141067511,0.21145374449339208,501,0,0,1
444857,R,4926,1744,90.25711009174312,2.44472246129458,0.2574096630125863,1242,0,0,1
444935,L,455,333,94.58018018018018,2.6868716083134694,0.0945054945054945,124,2,2,0
445060,R,6844,3334,90.92327534493101,2.423581469671965,0.40575686732904737,1773,0,0,2
445163,R,600,291,88.8618556701031,2.298212086402228,0.22333333333333333,165,0,0,0
445170,R,278,206,90.55922330097087,2.739276559725663,0.23741007194244604,72,0,2,1
445197,L,3203,1841,93.70081477457904,2.5689081749359572,0.4239775210739931,779,2,1,2
445213,R,4744,3774,92.76489136195019,2.311042612373192,0.10792580101180438,1273,1,0,0
445276,R,8177,1210,93.84404958677686,2.564038672800283,0.10333863275039745,2086,1,1,0
445590,L,750,376,87.90212765957446,2.5240053370514377,0.2946666666666667,185,0,1,1
445612,R,613,443,92.4864559819413,2.810961152274811,0.18923327895595432,156,0,2,0
445926,R,11359,5141,91.85819879400894,2.320032715740897,0.13346245268069373,2885,0,0,0
445968,L,518,252,89.90634920634922,2.2073693198809234,0.4555984555984556,138,0,0,2
446099,R,3656,2632,96.05178571428571,2.5208505071679426,0.2759846827133479,886,2,1,1
446321,L,4889,2942,91.91295037389531,2.4343242092066775,0.14072407445285334,1269,1,0,0
446372,R,17786,7520,92.11988031914893,2.6518784713312185,0.3212639154391094,4815,0,2,1
446399,L,2884,1242,91.73397745571658,2.8050525476051704,0.36789181692094314,800,1,2,2
446899,R,3711,2359,84.20809665112336,1.7558087873741706,0.16895715440582054,1062,0,0,0
447714,L,1302,901,90.80288568257491,2.1575921042227484,0.2880184331797235,373,0,0,1
447755,R,713,454,93.87643171806168,2.6064383370469897,0.0967741935483871,168,1,1,0
448159,L,492,296,93.13682432432432,2.3843095451334175,0.3394308943089431,128,2,0,2
448178,R,2337,1534,94.35567144719687,2.6548784546574127,0.2610183996576808,586,1,2,1
448179,L,15076,7172,89.02748187395426,2.873566759150649,0.45031838684001063,3822,0,2,2
448281,L,4349,3763,93.83021525378686,2.9623913553364525,0.07472982294780409,1105,2,2,0
448306,R,11691,4682,90.59451089278086,2.2967611093453377,0.18484304165597468,3020,0,0,0
448609,L,3269,1624,91.24008620689655,2.4135621677665764,0.3303762618537779,818,0,0,2
448614,R,3716,1768,92.76323529411765,2.4227411615614303,0.14370290635091496,964,1,0,0
448802,L,8149,4868,90.59897288414133,2.2810118508260198,0.2099644128113879,2218,0,0,1
448855,R,8382,5250,93.3476380952381,2.3576898145702967,0.17871629682653303,2125,1,0,0
449097,R,1455,945,91.85947089947089,2.74619138569174,0.17938144329896907,410,0,2,0
449104,R,644,527,94.00037950664137,2.7438311933566344,0.18167701863354038,153,1,2,0
449170,R,216,143,98.53706293706293,2.382485036825242,0.3194444444444444,55,2,0,1
449173,R,959,563,92.1721136767318,2.3941670928892584,0.3368091762252346,236,0,0,1
450172,R,8355,4407,93.89410029498525,2.365223729975711,0.22788749251944942,2176,1,0,0
450203,R,19758,10066,94.59227101132525,2.468999076933208,0.3440125518777204,5036,2,0,2
450212,R,3110,1382,89.99616497829233,2.539199323127591,0.5019292604501607,817,0,1,2
450275,R,1657,897,94.35919732441471,2.5520139932279235,0.452021726010863,438,1,1,2
450282,L,1001,687,93.76622998544396,2.7435633657087037,0.30569430569430567,284,2,2,1
450306,L,7808,3915,85.63892720306514,2.435542801244388,0.1726434426229508,2001,0,0,0
450308,R,5875,2628,83.61971080669711,2.7018157323938463,0.35931914893617023,1612,0,2,2
450351,L,2102,1123,90.80552092609084,2.5247259790774437,0.22454804947668885,551,0,1,1
450665,R,1496,872,91.32798165137615,2.5280099766088813,0.23663101604278075,385,0,1,1
450729,R,7243,4689,87.88844103220303,2.480103370384805,0.13143724975838741,1884,0,0,0
451085,L,1032,561,91.02210338680928,2.488255645363964,0.30523255813953487,257,0,1,1
451532,R,568,340,91.2579411764706,2.5564009438691935,0.11971830985915492,162,0,1,0
451584,R,5628,2775,94.37196396396396,2.4897600814108283,0.19900497512437812,1349,1,1,0
451596,R,9251,4630,91.39414686825054,2.4889997105839914,0.40968543941195545,2311,0,1,2
451661,R,2894,2045,95.15779951100245,3.0078211908545143,0.2453351762266759,739,2,2,1
451775,R,1633,1083,94.00572483841182,2.8771598324961962,0.12308634415186773,405,1,2,0
451788,R,559,203,85.9448275862069,2.318744009863992,0.1073345259391771,142,0,0,0
452027,L,1448,929,87.97556512378902,2.520761213294093,0.2755524861878453,360,0,1,1
452657,L,18834,9569,91.08636221130735,2.2775842896059766,0.13672082404162683,4631,0,0,0
452666,R,2313,1244,95.49091639871382,2.1532764805855074,0.3925637699956766,587,2,0,2
452718,R,2354,1047,89.685482330468,2.487836514894571,0.08623619371282923,656,0,1,0
452733,L,739,431,91.33526682134571,2.392501560823138,0.3017591339648173,199,0,0,1
453156,R,566,304,93.99407894736842,2.384493312668187,0.13074204946996468,146,1,0,0
453172,R,5382,4277,92.57827916764087,1.8894666083294007,0.1527313266443701,1469,1,0,0
453178,R,14319,9298,92.64627876962787,2.6674555706912138,0.20078217752636357,3537,1,2,0
453192,L,5377,2199,93.38176443838108,2.4961984784923117,0.5902919843779059,1371,2,1,2
453214,R,4988,594,83.8483164983165,2.779327530102809,0.1343223736968725,1334,0,2,0
453222,R,634,385,90.38000000000001,2.021532053911462,0.15930599369085174,172,0,0,0
453249,R,1291,681,91.95638766519824,2.208588816143727,0.4632068164213788,333,0,0,2
453265,L,6001,3514,93.36494023904383,2.5259159274856473,0.1356440593234461,1645,2,1,0
453268,R,3498,1815,96.84969696969698,2.722387566215023,0.44139508290451684,887,2,2,2
453281,L,7532,2497,86.70708850620746,2.4920953540619752,0.10276155071694106,2035,0,1,0
453284,R,4563,2407,92.08799335272123,2.552494685167701,0.12075388998465922,1117,0,1,0
453286,R,24755,12456,94.4699421965318,2.6851537103692094,0.2860028277115734,6136,2,2,1
453311,R,2111,937,88.05272145144076,2.6766341883613767,0.22122216958787305,516,0,2,0
453329,R,6432,2618,91.6488922841864,2.463898172799346,0.1730410447761194,1726,0,0,0
453343,R,6547,582,92.04725085910653,2.335017572846347,0.29922101725981365,1754,0,0,1
453344,R,1781,1062,96.48173258003767,2.71914466205434,0.21448624368332397,478,2,2,0
453385,L,7720,5362,90.56870570682581,2.2151795293353276,0.2173575129533679,2155,0,0,1
453562,R,16585,9507,93.29515094141159,2.3973082295352706,0.3363883026831474,4224,1,0,1
453646,R,2104,892,88.80997757847534,2.531398652063492,0.43298479087452474,559,0,1,2
455009,R,2255,1465,94.42040955631398,2.452280527474752,0.3419068736141907,590,1,0,2
455119,R,4464,2414,95.18599834299917,2.5896494492856603,0.1292562724014337,1161,2,1,0
455374,L,2483,1717,92.52859638905068,2.5323020216580865,0.22915827627869512,583,1,1,1
456027,R,1512,929,94.1254036598493,2.643559988201068,0.24404761904761904,369,1,1,1
456034,L,14486,7650,93.39917647058823,2.6151787711227312,0.057434764600303743,3811,2,1,0
456051,R,1099,547,93.49067641681901,2.8280544071719174,0.34394904458598724,274,1,2,2
456068,R,7280,3767,91.50066365808335,2.6414970443104187,0.32362637362637364,1937,0,1,1
456071,L,1117,583,91.32246998284734,2.2881266704070953,0.2864816472694718,304,0,0,1
456167,R,3371,1821,87.84371224601867,2.7167646783684125,0.3358053989913972,845,0,2,1
456379,R,1383,595,93.69697478991596,2.5707985375263247,0.5574837310195228,354,1,1,2
456496,R,472,220,94.85954545454545,2.6440083566873955,0.5317796610169492,112,2,1,2
456501,R,16238,7780,91.92710796915168,2.8078261445248955,0.19589850966867842,4224,0,2,0
456696,R,4382,2532,93.98305687203792,2.5750263613264415,0.26106800547695114,1127,1,1,1
456701,R,6880,3645,93.09459533607682,2.4892355406349167,0.2549418604651163,1766,1,1,1
456713,R,3460,2151,97.1676429567643,2.4971895290413526,0.288150289017341,900,2,1,1
456776,L,634,379,92.36992084432717,2.4395205948498595,0.03470031545741325,152,1,0,0
457117,R,498,265,92.53811320754717,2.5533182203080975,0.40160642570281124,131,0,1,2
457429,L,1970,906,93.56832229580573,2.4588713706254652,0.5248730964467005,503,2,0,2
457435,L,403,278,92.96330935251798,2.35244548511198,0.1761786600496278,100,2,0,0
457448,L,270,184,86.9445652173913,2.0787747554813483,0.06296296296296296,67,0,0,0
457711,R,1518,873,90.22829324169531,2.4842543503803527,0.27931488801054016,415,0,0,1
457732,R,995,576,92.78142361111111,2.702788626634122,0.15175879396984926,240,1,2,0
457744,L,494,214,90.34672897196262,2.197293125838895,0.48380566801619435,137,0,0,2
457754,R,596,329,94.55775075987842,2.3705587578247704,0.44798657718120805,148,2,0,2
457768,R,1588,833,94.74621848739497,2.2026689997072437,0.12342569269521411,444,2,0,0
457915,R,2573,1467,92.63306066803,2.671469174673285,0.35755926933540616,670,1,2,2
457918,L,17466,12258,91.70031815956926,2.4933190533839973,0.18515973892133286,4391,1,1,1
458006,R,4019,2637,92.32669700417141,2.1797332100610745,0.2284150286140831,1028,0,0,0
458537,L,218,131,92.19160305343512,2.67336172428193,0.3348623853211009,53,1,1,2
458584,L,2120,838,88.76957040572792,2.2834992835388195,0.3589622641509434,536,0,0,2
458676,R,1319,531,90.23634651600753,2.73210586733208,0.24639878695981804,324,0,2,1
458677,L,5851,3894,95.26538263995891,2.524893772449884,0.07639719706033157,1386,2,1,0
458678,R,369,229,95.24061135371178,2.5123816077829257,0.3685636856368564,98,2,1,2
458681,R,21547,15156,92.87519134336236,2.583147479034896,0.09277393604678146,5350,1,1,0
458690,R,1115,726,91.85110192837465,2.3417557803078606,0.2591928251121076,299,0,0,1
458708,R,9240,3185,88.42329670329671,2.55508200535492,0.20443722943722945,2564,0,1,0
458730,R,504,359,93.86880222841226,2.4662850306680943,0.2619047619047619,139,1,0,1
458919,R,921,704,93.54275568181819,2.1461807833120834,0.11074918566775244,248,1,0,0
458924,L,718,547,93.09762340036563,2.1195955462261935,0.21448467966573817,194,2,0,1
459429,L,5731,4878,94.45371053710538,2.5054631025723335,0.1481416855697086,1467,2,1,0
459967,R,302,170,87.9,2.395311050442934,0.23178807947019867,83,0,0,0
459987,L,1568,658,89.8063829787234,2.143240618801211,0.42538265306122447,431,0,0,2
460024,R,1447,555,95.06198198198199,2.609336995568412,0.19972356599861782,365,2,1,0
460059,R,6917,4671,93.1584029115821,2.54202918498895,0.17941304033540553,1801,1,1,0
460156,R,938,371,91.54097035040431,2.7413077691625576,0.3752665245202559,245,0,2,2
460283,L,3013,1443,89.08177408177409,2.3742352061174152,0.44971788914702954,736,0,0,2
460701,L,651,355,90.44901408450704,2.545485720880889,0.2642089093701997,172,0,1,1
461325,R,6367,2691,90.83924191750279,2.904357390024412,0.05669860216742579,1588,0,2,0
461829,L,14323,8436,90.73944997629208,2.599636172534549,0.2051944425050618,3482,0,1,1
461833,R,4601,2594,90.86264456437934,2.5669581964881325,0.18735057596174745,1306,0,1,0
461872,R,3558,1714,93.92467911318553,2.6742718582344525,0.5171444631815627,892,1,2,2
462136,R,11765,5838,89.23221993833505,2.6684179437602418,0.08992775180620484,2983,0,2,0
462382,R,4064,2833,93.83183903988704,2.3426880941277894,0.24606299212598426,1080,1,0,1
462515,R,1143,494,90.96578947368421,2.4866884515594156,0.2458442694663167,296,0,0,1
462945,L,371,243,89.54979423868312,2.1697273307499203,0.1293800539083558,90,0,0,0
462985,L,999,681,92.90455212922173,2.3943957704931,0.28428428428428426,273,1,0,1
464416,R,276,167,89.38023952095809,2.6331437747375914,0.358695652173913,82,0,1,2
465629,R,776,363,91.02782369146006,2.6126872060472555,0.18298969072164947,223,0,1,0
465657,R,6431,3839,92.71888512633498,2.4904799556247763,0.21178665837350336,1584,1,1,0
465679,R,365,57,88.40701754385965,2.2257888421228356,0.3780821917808219,96,0,0,2
466948,R,962,513,93.2103313840156,2.3253901705474194,0.10706860706860707,284,1,0,0
467008,R,4485,2022,95.32181008902077,2.3665897477175504,0.3859531772575251,1143,2,0,2
467094,L,1253,718,91.34150417827297,2.423793074517161,0.1300877893056664,328,0,0,0
467100,R,12107,7622,92.87488848071372,2.38755115726578,0.23440984554390024,3390,1,0,1
467785,R,386,276,95.00760869565217,2.664748635846452,0.20466321243523317,102,2,2,0
468396,R,1753,1087,94.9165593376265,2.3528512950587643,0.2772390188248717,432,2,0,1
468504,R,12513,6167,90.9221177233663,2.211509937866852,0.3963078398465596,3185,0,0,2
469134,R,578,319,94.02413793103449,2.326768243028405,0.39965397923875434,153,1,0,2
471822,R,2303,1498,97.32443257676903,2.66179167853192,0.2935301780286583,567,2,2,1
471911,R,18106,8722,93.8598027975235,2.516348765893878,0.30757759858610406,4816,1,1,1
472551,L,2980,1684,91.70534441805225,2.5380658239225626,0.2181208053691275,744,1,1,1
472610,R,6862,3807,97.23961124244812,2.452835097146679,0.3369280093267269,1851,2,0,2
473879,R,4810,3172,95.13631778058009,2.235473145831095,0.0735966735966736,1373,2,0,0
474029,R,1382,340,91.04941176470588,2.1563406597378174,0.000723589001447178,354,0,0,0
474284,R,832,362,92.3524861878453,2.725573197327783,0.3088942307692308,201,0,2,1
474463,L,9774,5181,90.43765682300715,2.2464712067270693,0.28995293636177616,2678,0,0,1
474521,R,1814,1170,93.55119658119658,2.4924774893385515,0.16427783902976847,466,1,1,0
474668,L,781,567,88.87460317460318,2.5490623905475616,0.1946222791293214,212,0,1,1
474699,R,3657,2209,89.69719330013581,2.403459745130927,0.21137544435329506,983,0,0,0
475054,R,3200,1413,92.70127388535032,2.633683953046608,0.5090625,819,1,1,2
475115,R,7317,3750,92.03247999999999,2.4699670246448338,0.4112341123411234,1825,0,0,2
475243,L,4397,2734,90.0487929773226,2.453792505560329,0.11007505117125313,1085,0,0,0
475416,R,1008,668,87.73278443113773,2.1994351093798485,0.29464285714285715,273,0,0,1
475479,R,6610,3435,92.85455604075692,2.602021115779613,0.2556732223903177,1599,1,1,1
475857,R,515,346,94.3543352601156,2.4682531829560648,0.2543689320388349,130,1,0,1
476451,R,9970,4797,90.33548050865124,2.2694916972140464,0.19608826479438315,2572,0,0,0
476454,R,5096,2371,97.713369886124,2.7397267162054844,0.533359497645212,1230,2,2,2
476570,R,244,153,92.94444444444444,2.22495676071124,0.29098360655737704,67,1,0,1
476589,R,5800,2340,92.83995726495726,2.5885088926066864,0.4505172413793103,1373,1,1,2
476594,R,1253,744,97.25053763440859,2.5579061863140153,0.31444533120510776,322,2,1,1
477003,L,4627,2514,89.6175815433572,2.2620020895521544,0.1417765290685109,1271,0,0,0
477132,L,19245,8549,92.09460755643936,2.512689333994213,0.5486100285788517,5076,1,1,2
477569,R,3963,2424,91.13444719471947,2.8288477016898472,0.2031289427201615,1002,0,2,0
487675,L,272,70,89.86428571428571,2.662901496020449,0.6691176470588235,64,0,1,2
488674,R,1042,611,89.18265139116203,2.3151849335366386,0.15163147792706333,279,0,0,0
488748,L,4058,2970,92.53996632996633,2.6149029584195382,0.15672745194677182,982,1,1,0
488768,R,13191,8186,93.86733447349133,2.447646097034211,0.23910241831551815,3356,1,0,1
488786,R,1749,836,89.31794258373206,2.5128287742655617,0.5140080045740423,435,0,1,2
488846,L,2719,1401,91.76502498215561,2.3659440209249434,0.3324751746965796,695,1,0,2
488984,R,4470,2159,95.2658175081056,2.5534909816264855,0.21029082774049218,1233,2,1,0
489002,R,414,343,89.19154518950438,2.4359256068803807,0.13768115942028986,104,0,0,0
489119,L,18313,6721,90.8481327183455,2.299349855087093,0.17927155572544096,4680,0,0,0
489265,R,6097,1897,86.31602530311018,2.1417499622436367,0.5838937182220765,1528,0,0,2
489294,R,897,585,95.37128205128205,2.514481394767999,0.31215161649944256,232,2,1,1
489295,R,289,251,94.07808764940239,2.18571432147004,0.05536332179930796,77,1,0,0
489334,R,6056,3716,91.94913885898816,2.142275785440976,0.15852047556142668,1618,0,0,0
489446,R,5474,3163,93.6538729054695,2.5921749183901746,0.14084764340518816,1308,1,1,0
490063,R,5931,3875,92.73460645161289,2.446290526882451,0.302647108413421,1561,1,0,1
491159,L,407,279,84.71362007168459,2.6082236994039247,0.1597051597051597,100,0,1,0
491624,R,1460,387,86.82945736434108,2.2991494305899174,0.06095890410958904,407,0,0,0
491646,R,3382,2049,91.74714494875549,2.192326629759744,0.18894145476049676,897,0,0,0
491703,R,2670,1792,95.90262276785714,2.726580201637859,0.24119850187265918,643,2,2,1
491708,R,2202,1467,98.59468302658486,2.3130076484564337,0.22025431425976386,590,2,0,0
493157,R,2057,1057,87.24304635761588,2.9453273660466346,0.027224112785610113,522,0,2,0
493159,L,526,320,88.999375,2.3942518525713217,0.19391634980988592,129,0,0,1
493200,R,3841,2186,92.6259835315645,2.7637832042770696,0.1614162978391044,937,1,2,0
493247,R,2223,1248,90.22884615384616,2.1401331323102006,0.4089068825910931,602,0,0,2
493603,R,7622,3479,94.09039954009774,2.558069542752361,0.43440041983731303,1854,1,1,2
497807,R,279,177,94.09152542372881,2.5624551345306155,0.34050179211469533,68,1,1,2
500610,R,2848,1280,90.98375,2.331487098692032,0.16853932584269662,709,0,0,0
500721,R,389,249,93.38232931726908,2.3369133343557724,0.33161953727506427,95,1,0,1
500724,R,4145,2451,95.99436964504284,2.4611629069696375,0.39879372738238844,1122,2,0,2
500765,R,408,264,94.15265151515152,2.210026513261816,0.23284313725490197,93,1,0,0
500779,L,20722,12734,91.75442123449035,2.616081137259039,0.27280185310298233,5246,1,1,1
500872,R,1084,647,95.17511591962906,2.4623696585347017,0.3837638376383764,269,2,0,2
501381,R,12114,5992,92.88292723631508,2.561958442332896,0.339854713554565,3197,1,1,2
501563,R,774,532,93.33364661654136,2.453611956743869,0.30103359173126615,199,1,0,1
501593,L,3638,1546,92.35381630012937,2.4588394959427324,0.10582737768004398,895,1,0,0
501625,L,6038,3218,91.34841516469858,2.473681225634835,0.2283868830738655,1620,1,1,1
501697,R,2053,1397,95.10229062276306,2.3244707661293798,0.24744276668290308,558,2,0,1
501789,R,5091,231,92.98354978354979,2.5379275054865733,0.3119230013749755,1280,1,1,1
501817,R,2374,816,92.89522058823529,2.493374969816308,0.18155012636899748,607,1,1,0
501822,R,3061,1664,95.42704326923078,2.6004684309105457,0.1875204181639987,765,2,1,0
501925,R,4712,3077,87.86919077023074,2.1796294239492062,0.32788624787775894,1273,0,0,1
501955,R,884,433,94.27875288683602,2.5498756244799603,0.4920814479638009,210,1,1,2
501957,R,8068,4447,91.718619293906,2.639163341369697,0.27243430837878035,2036,0,1,1
501985,L,12388,5613,91.98658471405666,2.7894392568534543,0.33968356474007105,3165,1,2,2
501992,R,4907,2697,92.740489432703,2.4996032367236984,0.3262685958834318,1248,1,1,1
502004,R,3285,1037,91.3205400192864,2.3890689973001105,0.22161339421613394,883,0,0,0
502009,R,3218,1274,91.47967032967034,2.5038738096754507,0.2175264139216905,846,0,1,0
502010,R,308,193,92.07098445595855,2.523826616368361,0.3246753246753247,80,0,1,1
502026,R,5441,3501,95.08971722365038,2.1747870580609945,0.23966182687006066,1424,2,0,1
502028,R,2765,1499,96.34429619746498,2.430151373359452,0.37142857142857144,700,2,0,2
502032,R,5488,3033,94.28789976920541,2.4118671717954165,0.2552842565597668,1362,1,0,1
502042,R,16890,8087,94.91237789044145,2.825558166025092,0.42190645352279454,4218,2,2,2
502043,R,23964,12111,92.35306745933448,2.408484263390626,0.2799198798197296,6255,0,0,1
502046,L,5380,3360,91.87276785714286,2.4449811572926206,0.10483271375464684,1395,1,0,0
502051,R,663,434,96.9589861751152,2.4990635044125056,0.3167420814479638,164,2,1,1
502083,R,3997,3041,95.29605392962841,2.659787229885827,0.16337252939704777,1007,2,2,0
502085,R,6678,175,93.06571428571428,2.0195565951521806,0.42932015573525006,1680,1,0,2
502087,L,239,125,91.72,2.7659635512867684,0.35564853556485354,64,1,2,2
502154,L,4718,4220,95.59436018957346,1.8306883258359312,0.10279779567613395,1247,2,0,0
502171,R,13153,6149,92.8711497804521,2.558588612620082,0.22147038698395805,3457,1,1,0
502179,R,4217,2176,88.77141544117647,2.532049367561326,0.4365662793455063,1085,0,1,2
502188,R,13795,7017,93.77950691178567,2.612635498280505,0.2663283798477709,3499,1,1,1
502190,R,13812,6277,90.19389835908873,2.22408073894777,0.20207066319142775,3845,0,0,0
502202,R,6399,3744,92.41399572649573,2.486089986011704,0.1400218784185029,1559,0,0,0
502211,R,2968,324,88.64043209876543,2.6426400200306124,0.5266172506738545,766,0,1,2
502212,R,1944,852,89.89166666666667,2.5435933415592396,0.39454732510288065,502,0,1,2
502239,R,7926,3421,91.61262788658287,2.367245859374206,0.21196063588190764,1996,0,0,0
502260,R,245,190,90.37368421052632,2.7347777438591425,0.2,60,0,2,0
502264,R,335,251,94.44661354581673,2.043183607398891,0.23582089552238805,82,2,0,1
502272,R,1831,968,93.43863636363636,2.609640759682018,0.4664117968323321,487,1,1,2
502304,R,448,307,95.29218241042345,2.5093710329753787,0.30357142857142855,126,2,1,1
502327,L,10682,6774,91.18855919692945,2.7168558908841676,0.11112151282531361,2607,0,2,0
502381,R,2967,1608,89.44359452736317,2.0513719253136693,0.4287158746208291,815,0,0,2
502462,R,258,107,92.81588785046728,2.5302532692005797,0.5852713178294574,71,1,1,2
502522,R,2733,1872,93.72500000000001,2.6589755864799898,0.3044273691913648,677,1,2,1
502578,R,571,341,94.13548387096775,2.5547252766050925,0.38704028021015763,146,1,1,2
502593,R,2445,1681,94.55282569898868,2.22090890892095,0.1280163599182004,657,2,0,0
502624,R,15556,8084,92.41939633844632,2.569948641038246,0.14656724093597326,3800,0,1,0
502706,L,11075,6334,92.02145563624882,2.647483442492934,0.3313769751693002,2801,1,1,2
502748,R,5626,3035,92.21825370675454,2.2267091482239008,0.41237113402061853,1384,0,0,2
503285,R,3832,2070,86.88618357487923,2.777372924589695,0.45589770354906056,937,0,2,2
503444,R,992,509,92.03045186640472,2.216999188968953,0.24495967741935484,270,0,0,1
503449,R,8458,4967,95.11437487416951,2.293324303899471,0.3076377394183022,2151,2,0,1
503569,R,1013,643,94.73219284603422,2.31720534315782,0.21816386969397827,256,2,0,0
504083,R,370,232,96.14181034482759,2.395929109888403,0.32432432432432434,100,2,0,1
504186,R,470,270,92.2562962962963,2.444212288484845,0.30851063829787234,126,0,0,1
504379,R,6061,4137,94.64111675126904,2.6611547593601794,0.29681570697904636,1454,2,2,1
506433,R,17236,6785,94.32343404568903,2.3982736877512143,0.47203527500580184,4341,1,0,2
506693,R,558,308,91.6396103896104,2.3313410091893094,0.15232974910394265,163,0,0,0
514669,R,306,217,89.33917050691244,2.677997408369842,0.24509803921568626,68,0,2,1
514981,R,271,118,95.36525423728814,2.6785236509040082,0.2177121771217712,71,2,2,0
515052,R,567,331,93.6012084592145,2.7668303203632423,0.36507936507936506,155,1,2,2
516414,R,539,319,92.30721003134796,2.478591996919528,0.3358070500927644,129,0,0,1
516589,R,351,158,91.0386075949367,2.2397718428248448,0.19943019943019943,89,0,0,0
516714,L,852,356,92.79325842696629,2.43650399322032,0.5610328638497653,214,1,0,2
516910,R,1227,679,95.17908689248895,2.473245786243911,0.04808475957620212,336,2,0,0
516969,R,4788,3160,97.4001582278481,2.677161693679211,0.13596491228070176,1257,2,2,0
516970,R,413,257,91.91750972762645,2.612003583199979,0.2179176755447942,110,0,1,0
517008,R,7913,3055,94.72360065466448,2.5520588689707133,0.014280298243396942,2105,2,1,0
517414,R,3838,2086,93.36845637583893,2.312331988922824,0.2232933819697759,928,1,0,0
517448,R,261,180,91.2061111111111,2.3506737748779147,0.1724137931034483,65,0,0,0
517593,R,7269,4764,95.30860621326616,2.6704023824028624,0.14211033154491676,1791,2,2,0
518397,L,4048,3371,92.89308810442004,2.001921386418661,0.11758893280632411,1123,1,0,0
518420,R,233,122,88.0483606557377,2.215949985047528,0.2703862660944206,55,0,0,1
518445,L,1305,746,92.87520107238605,2.530083904039461,0.13946360153256704,329,1,1,0
518452,R,8533,4496,91.83416370106762,2.378538584682185,0.20496894409937888,2234,0,0,0
518468,R,1890,943,93.58738069989396,2.3732471181420918,0.4830687830687831,479,1,0,2
518489,R,3967,2287,96.02632269348491,2.8201101681295064,0.35795311318376605,1027,2,2,2
518516,L,19742,8233,91.31674966597839,2.785978462799274,0.1883294499037585,5065,0,2,1
518553,R,7754,4427,90.49530155861757,2.498398820501037,0.41991230332731494,1914,0,1,2
518560,R,1187,769,92.41196358907672,2.3922540062622932,0.3100252737994945,300,0,0,1
518566,R,1514,582,93.106529209622,2.4297111226200365,0.2952443857331572,376,1,0,1
518585,R,1378,466,94.29420600858369,2.8168597937307904,0.03701015965166909,343,1,2,0
518603,R,1433,824,92.11881067961164,2.47233032718859,0.31751570132588974,351,0,0,1
518617,L,8022,5201,95.67944626033454,2.5038640535147105,0.31849912739965097,1907,2,1,2
518633,L,14159,7916,93.6571374431531,2.610025269148877,0.27664383077900984,3662,2,1,1
518693,L,2841,1672,94.89718899521532,2.3621584738379284,0.1650827173530447,715,2,0,0
518703,L,297,156,91.85576923076923,2.4133024364126023,0.4444444444444444,82,1,0,2
518715,R,3705,1893,91.7216587427364,2.1896283066504623,0.3765182186234818,984,0,0,2
518716,R,3433,1565,90.3484984025559,2.7766374152404247,0.17302650742790562,935,0,2,0
518748,R,3410,1760,94.80198863636363,2.470951011204601,0.48035190615835777,838,2,0,2
518771,R,431,232,95.31422413793103,2.4481203182479354,0.037122969837587005,121,2,0,0
518774,R,11805,6773,94.58988631330283,2.6354040229521813,0.3083439220669208,3075,2,1,1
518790,R,3015,1818,89.36837183718373,2.330290115649673,0.272636815920398,781,0,0,1
518813,R,4508,1937,93.0404233350542,2.483004862895407,0.5658828748890861,1164,1,0,2
518858,R,2859,1717,96.87268491555038,2.6174937346390776,0.3885974116824064,752,2,1,2
518863,R,246,162,91.95246913580246,2.5603469865923514,0.22357723577235772,72,0,1,0
518875,R,3663,1824,92.16803728070175,2.7952979015734334,0.5001365001365001,940,0,2,2
518876,R,11672,5430,92.11414364640883,2.3150498144033618,0.1757196710075394,3031,0,0,0
518883,L,405,229,87.83449781659388,2.2446131593184306,0.23703703703703705,112,0,0,1
518886,R,8042,5346,97.0230078563412,2.7445984670389887,0.33461825416563046,1898,2,2,1
518927,L,1709,904,90.06803097345133,2.2659125618364517,0.366296079578701,457,0,0,2
519008,L,5199,3573,90.40389028827315,1.8653467061878848,0.15483746874398924,1462,0,0,0
519043,L,12343,6788,92.82787271655863,2.598370128009278,0.21591185287207323,3204,1,1,1
519076,R,9363,5791,93.86377136936625,2.626250717956703,0.36569475595428813,2420,1,1,2
519085,L,1862,1081,89.4931544865865,2.432716136185568,0.15843179377013963,486,0,0,0
519096,R,3872,2993,90.1721349816238,2.260472454458693,0.1056301652892562,1089,0,0,0
519141,L,11391,6239,91.79104023080623,2.9240431061745955,0.35212009481169343,2748,1,2,2
519144,R,16463,9523,90.86262732332249,2.725889062561567,0.30887444572678124,4343,0,2,1
519151,R,7439,3092,95.43053040103493,2.462660393872501,0.5648608683962898,1991,2,0,2
519166,R,2555,1417,93.95758645024699,2.7536216407021104,0.4395303326810176,608,1,2,2
519168,R,914,538,91.6089219330855,2.7224097522313766,0.350109409190372,224,0,2,2
519169,L,330,184,93.82989130434783,2.370103433234123,0.396969696969697,79,2,0,2
519186,L,355,175,88.31314285714285,2.584378347105607,0.30985915492957744,90,0,1,1
519240,L,2102,1207,92.16114333057166,2.0126287652984094,0.31303520456707895,566,1,0,2
519242,L,17525,8799,94.2376974656211,2.7752764993759396,0.30385164051355207,4470,2,2,1
519263,R,1482,876,92.45867579908676,2.405866788390899,0.05668016194331984,386,0,0,0
519267,R,1234,620,91.21129032258065,2.468706110680855,0.28282009724473256,321,0,0,1
519293,L,6698,3072,92.73271484375,2.454675329357375,0.5326963272618692,1727,1,0,2
519294,L,1465,861,94.67073170731707,2.730607854857449,0.25051194539249144,361,2,2,1
519301,L,2179,1411,93.87888022678952,2.7480693200819766,0.22625057365764112,550,2,2,1
519322,R,2626,1236,92.51666666666667,2.576009027528427,0.37014470677837014,695,0,1,2
519326,R,5987,3880,95.88788659793815,2.571237259239045,0.3091698680474361,1551,2,1,1
519344,R,363,201,88.87512437810946,2.769914331030684,0.418732782369146,95,0,2,2
519381,L,485,204,83.07647058823528,2.2983315176564303,0.5257731958762887,121,0,0,2
519381,R,747,355,86.01042253521128,2.3409626087829474,0.48326639892904955,188,0,0,2
519393,R,1759,675,93.82177777777777,2.33336345263792,0.3189312109152928,456,1,0,1
519437,R,644,350,94.20142857142856,2.5149971240402085,0.062111801242236024,157,1,1,0
519443,R,3402,1265,92.10339920948617,3.241335198285592,0.40652557319223986,852,0,2,2
519455,R,11509,6103,92.23049320006554,2.7144738968120827,0.43444261013120167,3067,0,2,2
520980,R,5617,3647,96.69972580202906,2.9729727760721856,0.16521274701798114,1384,2,2,0
521230,R,7515,5220,95.92331417624521,2.6608821789330586,0.2958083832335329,1859,2,2,1
521655,R,2819,1756,94.3874145785877,2.76958015221925,0.2930117062788223,651,1,2,1
523260,R,8469,4731,97.42563939970408,2.672898147596214,0.342897626638328,2084,2,2,2
523848,R,663,490,96.16897959183675,2.22950088295698,0.18552036199095023,172,2,0,0
523989,R,3963,2402,94.97901748542881,2.3753131266282086,0.21372697451425687,1027,2,0,0
525768,L,527,269,92.36505576208178,2.3851876208996967,0.4098671726755218,137,1,0,2
527048,L,19532,9858,92.87739906674783,2.308293963637244,0.1216977268072906,5332,1,0,0
527054,R,16767,10147,90.67601261456588,2.5770971126243714,0.28902009900399594,4188,0,1,1
527055,R,2899,1829,97.82602515035538,2.384659936209133,0.3435667471541911,758,2,0,2
528748,R,1675,832,90.24338942307692,2.669002195482832,0.23940298507462687,432,0,2,1
532077,R,4669,2725,95.97453211009174,2.6819297491873666,0.18333690297708288,1227,2,2,0
533167,R,8182,4050,91.4196049382716,2.5679456669615126,0.17648496700073332,2200,0,1,0
534737,L,1151,642,90.09174454828661,2.3492854494829554,0.3353605560382276,300,0,0,2
534812,R,2750,1822,90.97085620197585,2.8315227504372165,0.3250909090909091,660,0,2,1
534910,R,3907,2559,93.56334505666275,2.453709556911057,0.25646275915024314,1035,1,0,1
534947,R,3159,1997,90.49959939909866,2.583621094749062,0.16429249762583095,790,0,1,0
541640,R,9268,4489,91.70846513700155,2.402179862412793,0.14145446698316788,2578,0,0,0
541652,R,2070,1174,97.41064735945486,2.5829359839530586,0.3685990338164251,518,2,1,2
542266,R,507,358,92.5913407821229,2.5576389134035633,0.17357001972386588,122,1,1,0
542432,R,1945,1218,96.44121510673234,2.563814346941925,0.20359897172236505,486,2,1,0
542585,R,3630,2276,96.11761862917399,2.4645854509590546,0.20055096418732782,922,2,0,0
542587,L,1152,701,93.26704707560627,2.5653869878510007,0.3402777777777778,282,2,1,2
542609,R,1233,684,96.42763157894737,2.4008637575880876,0.41524736415247365,298,2,0,2
542669,R,233,137,93.94379562043795,2.7285752749825694,0.23605150214592274,58,1,2,1
542674,R,1433,830,94.4978313253012,2.279795994030633,0.07606420097697139,350,2,0,0
542866,R,1157,752,97.02859042553192,2.63713085663461,0.2696629213483146,317,2,1,1
542881,L,14919,6752,90.84395734597156,2.5897395486983332,0.018231784972183123,3878,0,1,0
542882,R,8358,4013,92.1370047346125,2.70401831301781,0.2048336922708782,2173,0,2,0
542888,R,4854,2811,94.15638562789042,2.6795534122492026,0.11186650185414092,1209,1,2,0
542914,R,4754,2193,94.63233014135888,2.3884716350157977,0.42406394615061,1274,2,0,2
542924,L,475,307,89.59413680781759,2.6074623190339934,0.18736842105263157,111,0,1,1
542947,L,4546,2691,89.191044221479,2.1648256749329438,0.11086669599648043,1371,0,0,0
542953,L,1479,685,91.73824817518248,2.4088707829141636,0.42258282623394183,396,1,0,2
542960,R,6717,3862,94.35919212843086,2.4425084152697227,0.15512877772815245,1633,1,0,0
543001,L,1104,527,89.8910815939279,2.7325411630187673,0.39402173913043476,303,0,2,2
543017,L,848,335,93.35194029850747,2.2268334190193877,0.5860849056603774,204,2,0,2
543022,R,9066,5892,93.95736591989139,2.304393528331721,0.08669755129053607,2258,1,0,0
543031,R,350,194,90.23556701030928,2.258641226650313,0.12,89,0,0,0
543037,R,25684,14488,96.7046521258973,2.688833984031731,0.34215854228313347,6341,2,2,2
543045,L,7146,4429,92.26170693158726,2.499071191672896,0.1766022949902043,1830,1,1,0
543054,R,2708,1820,93.79857142857142,2.4134621283591704,0.21602658788774004,646,1,0,0
543056,L,3905,1249,90.64659727782227,2.611373856760237,0.5677336747759283,996,0,1,2
543101,R,14151,7533,93.71468206557812,2.540348966023066,0.4003957317504063,3685,1,1,2
543118,R,3513,1629,92.21147943523634,2.8012104727425604,0.02618844292627384,864,0,2,0
543135,R,15346,6476,96.8785052501544,2.683972528120006,0.24931578261436205,3942,2,2,1
543144,R,2478,1074,93.21405959031657,2.874125800864396,0.12873284907183213,621,1,2,0
543169,L,2584,1701,92.02063492063492,2.2784782991455597,0.32469040247678016,703,1,0,2
543184,L,3085,1503,90.50698602794411,2.674522716158933,0.40875202593192866,805,0,2,2
543193,R,606,332,91.91204819277108,2.490449718464129,0.15181518151815182,168,0,1,0
543208,R,4673,2401,88.50583090379008,2.366183615019262,0.38390755403381127,1267,0,0,2
543219,L,1856,770,88.6887012987013,2.4464335291600388,0.3485991379310345,475,0,0,2
543238,L,503,335,97.54716417910447,2.7183345235352476,0.3320079522862823,116,2,2,2
543242,R,1086,719,95.34325452016691,2.4391589620389484,0.3268876611418048,292,2,0,1
543243,R,20529,11321,92.95054323822984,2.390148427393542,0.37527400263042526,5300,1,0,2
543258,R,345,122,89.8688524590164,2.372232049220364,0.48695652173913045,93,0,0,2
543261,L,318,175,91.36285714285714,2.488684040079653,0.3081761006289308,89,1,1,1
543272,L,9471,5147,92.9767437342141,2.3535648540375007,0.43649033892936334,2408,2,0,2
543278,L,4066,1476,88.67134146341463,2.705001804497006,0.16232169208066896,1072,0,2,0
543294,R,20932,12362,87.32895971525645,2.504431753510315,0.08823810433785591,5464,0,1,0
543331,R,2378,1519,93.11882817643186,2.6899861933551543,0.3317914213624895,564,1,2,1
543334,L,369,213,89.4530516431925,2.170769666437509,0.24119241192411925,97,0,0,1
543339,R,6980,4380,96.2516210045662,2.5654564857473323,0.25315186246418336,1739,2,1,1
543351,R,1442,585,94.1940170940171,2.75903353593186,0.5811373092926491,361,1,2,2
543359,L,4165,2389,91.76559229803264,2.2024096934317825,0.42088835534213687,1070,1,0,2
543380,R,2561,1728,92.06354166666667,2.302718687922923,0.25888324873096447,614,0,0,1
543391,R,921,553,91.06184448462929,2.376777380685988,0.25732899022801303,255,0,0,1
543408,R,7253,3737,92.68092052448488,2.452534268681776,0.4218943885288846,1842,1,0,2
543424,L,2350,1265,90.54877470355731,2.424216786814333,0.1102127659574468,568,0,0,0
543456,L,1444,887,87.34272829763246,2.3496376525955656,0.07479224376731301,397,0,0,0
543475,R,16428,8192,92.40458984375,2.749467164235654,0.38403944485025565,4280,0,2,2
543483,R,2139,1171,94.67865072587531,2.604011110068151,0.4273024777933614,543,2,1,2
543506,R,3701,1851,96.08811453268504,2.4026780320812278,0.3531477978924615,929,2,0,2
543507,R,7058,4090,94.91706601466993,2.870829304359393,0.2657976763955795,1722,2,2,1
543508,R,509,317,94.10157728706625,2.501849269568531,0.33398821218074654,132,1,1,1
543518,R,1371,722,93.58130193905816,2.512766851269885,0.11597374179431072,335,1,1,0
543521,R,12979,3877,90.95003868970853,2.7762180354954187,0.37522151167270207,3306,0,2,2
543532,R,893,384,91.17343749999999,2.5712450290116338,0.5195968645016797,220,0,1,2
543542,R,1689,994,95.78772635814889,2.4097046476485073,0.3724097098875074,421,2,0,2
543548,L,7526,3804,87.48362250262882,2.414690812199771,0.1587828859952166,1988,0,0,0
543557,L,8577,4060,92.3498275862069,2.2780144609626785,0.21079631572811006,2256,1,0,1
543594,L,1052,499,89.12204408817635,2.586291674760623,0.15019011406844107,272,0,1,0
543606,R,18274,9909,91.99208800080734,3.082702994745371,0.1363138885848747,4388,0,2,0
543607,L,238,146,93.14178082191782,2.3888447529433225,0.14285714285714285,67,2,0,0
543652,R,384,209,89.17559808612441,2.560438061888522,0.3307291666666667,95,0,1,1
543699,R,15121,8913,92.21187030180636,2.645834081238034,0.298855895774089,3704,0,1,1
543716,L,638,393,92.56870229007633,2.652303738592471,0.1786833855799373,164,1,1,0
543726,L,2123,1224,93.32181372549019,2.629542156449491,0.38389072067828545,541,2,1,2
543734,L,5500,2513,90.31941902109034,2.384119380964513,0.07418181818181818,1493,0,0,0
543746,R,1476,1003,93.85712861415753,2.195777291403279,0.296070460704607,406,1,0,1
543766,R,8842,195,93.80410256410256,2.2019575571109153,0.182650983940285,2235,1,0,0
543779,L,2997,2073,93.88326097443318,2.4502334763056752,0.10977644310977644,732,2,0,0
543859,R,3320,2213,94.17293267058292,2.653158339197967,0.32469879518072287,835,1,2,1
543867,L,691,404,93.80569306930693,2.7399613950732347,0.38929088277858176,179,2,2,2
543881,R,774,403,92.97915632754342,2.6269318565838535,0.4315245478036176,206,1,1,2
543883,R,4340,2144,89.63749999999999,2.8145557475609735,0.15691244239631336,1175,0,2,0
543900,R,561,370,95.02972972972972,2.333456733481516,0.22459893048128343,156,2,0,0
543901,R,2848,1548,89.5139534883721,2.3571106860690167,0.2580758426966292,805,0,0,1
543903,R,740,416,92.58076923076922,2.3177112987809716,0.23243243243243245,199,1,0,0
543921,R,242,143,91.2986013986014,2.5961026184515257,0.23140495867768596,61,0,1,0
543935,R,4200,2179,92.57599816429556,2.4572345693612205,0.4595238095238095,1132,1,0,2
543964,R,1156,671,95.27287630402384,2.3738505333801374,0.40657439446366783,309,2,0,2
544150,R,1904,1035,92.85391304347826,2.4919503627794493,0.33771008403361347,471,1,1,2
544365,L,2116,1009,91.65728444003965,2.6526171625733688,0.4045368620037807,524,1,1,2
544727,R,7566,5365,96.40495806150979,2.2669974123968513,0.2338091461802802,1961,2,0,0
544759,R,894,603,96.3849087893864,2.3866501597521586,0.12527964205816555,240,2,0,0
544836,L,2604,1790,97.12189944134079,2.6350266136696177,0.184715821812596,646,2,1,0
544928,L,3015,1384,90.40043352601155,2.405385858881844,0.43913764510779435,798,0,0,2
544931,R,13057,7077,94.90272714427017,2.6357074606112185,0.28352607796584206,3217,2,1,1
544993,R,1562,1022,92.86379647749511,2.6894218474384357,0.1939820742637644,380,1,2,0
545064,R,1642,965,96.75046632124352,2.361410527198343,0.4123020706455542,459,2,0,2
545332,R,1615,1020,95.4421568627451,2.3969392698794265,0.32260061919504646,416,2,0,1
545333,R,18507,8763,94.0148921602191,2.80593481233837,0.2790295563840709,4613,1,2,1
545343,R,1091,504,93.64642857142857,2.8210821145249825,0.5132905591200734,272,1,2,2
545346,R,262,144,90.01666666666667,2.5392672047619436,0.16030534351145037,63,0,1,0
545348,R,264,169,95.18106508875739,3.1229255505991764,0.056818181818181816,67,2,2,0
545357,L,326,232,92.99094827586208,2.1418222116308074,0.13803680981595093,84,2,0,0
545363,R,1241,831,94.8638989169675,2.208293346281479,0.24093473005640612,335,2,0,1
546276,L,446,337,92.39762611275964,2.276850976258124,0.19282511210762332,113,1,0,1
547001,R,992,431,94.00348027842227,2.7095277233950257,0.2923387096774194,240,1,2,1
547007,R,605,395,89.58025316455695,2.2542358810402265,0.27603305785123966,148,0,0,1
547179,R,11746,5770,95.20221837088388,2.44224776189136,0.25302230546569043,3037,2,0,1
547184,R,336,97,94.65051546391753,2.6224930223379785,0.7113095238095238,87,2,1,2
547749,R,3243,1815,93.1710743801653,2.6801931154849834,0.20968239284613013,823,1,2,0
547874,R,5257,2497,88.36888265919103,2.382422047568362,0.24386532242723988,1480,0,0,1
547888,R,13925,4282,91.69850537132182,2.418134197978514,0.35842010771992816,3749,0,0,2
547942,L,2382,1033,89.34898354307842,2.3957180935687745,0.4563392107472712,583,0,0,2
547943,L,11105,4236,89.98694523135033,2.6949052610248287,0.154975236380009,2863,0,2,0
547973,L,7799,5524,99.3813359884142,2.6153521438966956,0.23451724580074368,1853,2,1,1
548337,R,2386,1331,90.73846731780615,2.378085553952319,0.32062028499580886,619,0,0,1
548357,R,2549,1213,89.54006595218468,2.5476294801815667,0.3385641428010985,672,0,1,2
548384,L,3014,709,90.36361071932299,2.3428226867337916,0.3745852687458527,744,0,0,2
548389,R,12061,5043,91.62226849097759,2.846427024702,0.40809219799353286,3116,0,2,2
552640,R,3199,1634,94.6313341493268,2.34975376846063,0.4635823694904658,894,2,0,2
553878,L,5335,3420,97.48605263157894,2.608541253965065,0.1971883786316776,1342,2,1,1
553970,R,377,190,94.90578947368421,2.5003439178915055,0.06896551724137931,98,2,1,0
554234,R,2696,1938,91.38864809081528,2.4579616110584848,0.13353115727002968,717,0,0,0
554340,R,5627,2993,94.79231540260609,2.745488052803489,0.4039452639061667,1430,2,2,2
554374,R,432,288,97.89548611111111,2.339100743192839,0.26851851851851855,105,2,0,1
554430,R,17290,10417,96.11461073245657,2.62212264146684,0.13279352226720648,4408,2,1,0
554431,L,2643,1716,94.83199300699302,2.769416111855573,0.30230798335225123,664,2,2,1
570240,R,4225,2310,92.64714285714285,2.549578111704596,0.3517159763313609,1111,1,1,2
570257,L,2679,1558,93.41302952503209,2.3549891906018607,0.12840612168719673,696,2,0,0
570488,R,1769,804,92.67611940298508,2.5735432823220328,0.08140192198982477,461,1,1,0
570632,R,13847,8172,95.35932452276064,2.317349098870779,0.23463566115404058,3557,2,0,1
570649,R,5673,3171,96.99457584358247,2.4303455195835357,0.2469592808038075,1503,2,0,1
570663,R,7198,4468,96.1085496866607,2.5434515212288096,0.23659349819394276,1791,2,1,1
570666,R,6716,2750,94.2264,2.5026774606821647,0.4539904705181656,1806,1,1,2
570702,R,339,177,91.94011299435029,2.318640039205304,0.4778761061946903,95,0,0,2
570714,R,597,383,89.92976501305483,2.516460763511091,0.2931323283082077,148,0,1,1
570810,R,641,316,92.10822784810127,2.544437845741815,0.23400936037441497,166,0,1,0
571035,R,457,191,90.5586387434555,2.556099973676905,0.3785557986870897,112,0,1,2
571057,L,670,374,91.37272727272727,2.441670876725594,0.30895522388059704,171,1,0,1
571439,R,443,279,94.55197132616487,2.306906211825908,0.24153498871331827,113,2,0,1
571473,L,583,434,89.35898617511522,2.563129981234456,0.22298456260720412,138,0,1,1
571476,R,2263,1259,94.68427323272438,2.672857953746433,0.28501988510826337,594,2,2,1
571479,R,1841,845,94.06875739644971,2.619829819422345,0.44758283541553506,458,1,1,2
571510,L,14637,7578,91.56757719714965,2.732786594584629,0.34105349456855916,3725,1,2,2
571521,L,1627,1042,94.73857965451056,2.3669198164846357,0.35709895513214507,397,2,0,2
571527,R,1218,729,89.92537722908094,2.3820598060251075,0.12151067323481117,331,0,0,0
571539,R,901,560,95.15732142857142,2.310158310817586,0.0,235,2,0,0
571561,L,2836,2407,93.92525965932697,2.6293544088081884,0.12447108603667137,694,2,1,0
571577,R,271,176,90.8125,2.4518867998060476,0.25461254612546125,74,0,0,1
571578,L,22501,12698,92.01789258150889,2.394295789175032,0.37327229900893294,5912,1,0,2
571584,R,601,315,93.00063492063492,2.6257584468529673,0.46589018302828616,160,1,1,2
571616,L,512,274,91.96751824817518,2.658015887490061,0.396484375,138,1,1,2
571656,R,7599,3982,93.75964339527876,2.6779739207427915,0.23608369522305567,1898,1,2,1
571666,R,14916,7592,89.72207586933614,2.7686460855032715,0.27755430410297666,3907,0,2,1
571670,R,5343,3418,93.08779988297249,2.5505447764744247,0.23020774845592365,1414,1,1,0
571676,R,359,139,91.60863309352519,2.459606114752441,0.40947075208913647,96,0,0,2
571704,R,4934,2709,97.43735695828718,2.639518857285151,0.4483177948925821,1285,2,1,2
571710,R,7785,5012,94.87875099760575,2.5521790497522727,0.20783558124598586,1913,2,1,0
571735,R,2894,1702,91.88213866039953,2.336579799463706,0.18313752591568763,751,0,0,0
571760,L,13699,8130,92.17487084870848,2.763181756117235,0.2447623914154318,3507,1,2,1
571787,L,1596,824,87.91565533980582,2.515137838618625,0.2706766917293233,407,0,1,1
571800,R,5725,3408,92.46455399061033,2.694023742985918,0.29502183406113536,1512,0,2,1
571858,R,793,459,96.11677559912853,2.4491912327856946,0.3203026481715006,203,2,0,1
571863,R,2544,1131,92.16083112290008,2.6142035279165037,0.15959119496855345,690,0,1,0
571871,L,2612,1432,94.04280726256982,2.6834635532051494,0.40084226646248083,646,2,2,2
571882,R,4459,1780,94.05691011235955,2.6071568827328635,0.4119757793227181,1120,1,1,2
571893,L,1441,983,92.94577822990844,2.6553134377670653,0.13601665510062458,361,2,1,0
571901,L,5687,3303,92.17299424765366,2.2464394878939573,0.08457886407596273,1514,1,0,0
571917,R,521,248,95.49274193548388,2.2813654240086088,0.5124760076775432,123,2,0,2
571927,L,15084,8441,93.93349129250089,2.86727557369817,0.2450941394855476,3676,2,2,1
571945,R,12796,6382,93.398417424005,2.6632840997360336,0.4559237261644264,3359,1,2,2
571946,R,7574,4865,94.23453237410072,2.6145267621276083,0.14272511222603643,1912,1,1,0
571948,L,3493,1864,88.74898068669528,2.533580017555274,0.3217864300028629,874,0,1,2
571951,R,2740,1493,95.09819156061621,2.485716201554603,0.23138686131386862,750,2,0,0
572020,L,12604,7870,95.57927573062263,2.503713851610204,0.18732148524278008,3138,2,1,1
572021,L,2134,1712,94.49865654205608,2.522359247739313,0.19540768509840675,556,2,1,1
572038,R,498,268,95.29291044776119,2.608107413164669,0.44779116465863456,127,2,1,2
572044,R,889,423,92.6130023640662,2.727134451170747,0.45219347581552305,218,1,2,2
572070,R,9542,4474,95.45914170764416,2.566749362334086,0.4071473485642423,2497,2,1,2
572086,R,307,150,90.74266666666666,2.41080851196619,0.3745928338762215,73,0,0,2
572096,R,3714,2761,98.16001448750453,2.645291179196848,0.12520193861066237,861,2,1,0
572102,R,1821,1097,93.09762989972653,2.293466852523879,0.2872048325096101,415,1,0,1
572119,L,215,97,88.34432989690721,2.3811814881309235,0.4325581395348837,54,0,0,2
572125,L,1332,654,90.48195718654434,2.7374014533144586,0.509009009009009,307,0,2,2
572140,L,5772,3293,91.8480109322806,2.6990694490440523,0.29902979902979904,1450,1,2,1
572143,R,2678,1729,93.20011567379989,2.632099316862163,0.19902912621359223,694,1,1,0
572193,R,5807,2998,94.22471647765177,2.464411291309308,0.18890993628379543,1503,1,0,0
572308,R,921,533,96.02195121951219,2.2231993409065662,0.3963083604777416,242,2,0,2
572309,R,258,123,91.96178861788617,2.3961110198663014,0.3875968992248062,68,0,0,2
572362,L,3430,1912,90.18158995815901,2.592315224067308,0.26151603498542275,915,0,1,1
572383,L,244,139,83.16115107913669,2.733193445235244,0.430327868852459,60,0,2,2
572403,R,4582,2442,93.86289926289926,2.4538607419518192,0.3784373635966827,1206,1,0,2
572703,R,1324,587,93.7221465076661,2.7017526782312387,0.4690332326283988,334,1,2,2
572728,R,442,157,91.25286624203822,2.7755485857807485,0.06108597285067873,136,0,2,0
572750,R,4152,2666,93.67828207051762,2.3402308771747853,0.20785163776493257,1085,1,0,0
572788,R,1197,670,91.67164179104478,2.4211930113799216,0.24812030075187969,299,0,0,1
572831,L,770,360,91.15833333333333,2.448574163817547,0.4922077922077922,204,0,0,2
572888,R,6320,2968,93.56378032345013,2.422592141523847,0.28132911392405063,1687,1,0,1
572955,R,3552,1388,95.05914985590779,3.0932917896306606,0.5596846846846847,854,2,2,2
572971,L,18917,9803,88.82858308681016,2.0817867218789052,0.15996193899666966,4982,0,0,0
572990,R,357,161,95.73354037267082,2.3434167389571523,0.14285714285714285,91,2,0,0
572998,R,637,323,90.79102167182663,2.526209035738376,0.49293563579277866,167,0,1,2
573009,L,2204,1037,90.37107039537126,2.5485029278232734,0.2980943738656987,622,0,1,1
573046,R,2541,1084,91.69391143911439,2.501911984392061,0.2097599370326643,708,0,1,0
573064,L,3170,966,89.73447204968944,2.520557779907721,0.5290220820189274,829,0,1,2
573109,R,3766,1489,92.46386836803224,2.3762338194030184,0.3616569304301646,929,0,0,2
573124,L,6735,3393,93.96430887120543,2.4288237035681983,0.4846325167037862,1785,2,0,2
573127,L,1259,631,92.93565768621237,2.6026814858209244,0.4948371723590151,302,2,1,2
573185,R,9403,4735,90.18496304118268,2.680071064442643,0.3119217271083697,2299,0,2,1
573186,R,18389,9374,92.53668657990185,2.2134221541560413,0.2625482625482625,4839,0,0,1
573188,R,255,110,91.94090909090909,2.5823540261900355,0.11764705882352941,75,0,1,0
573204,L,3010,1528,91.88736910994764,2.7949069768406725,0.4867109634551495,733,1,2,2
573244,L,337,185,88.21135135135135,2.367945614561453,0.2403560830860534,84,0,0,1
573589,R,1135,669,93.9594917787743,2.6159315262944123,0.35330396475770925,276,1,1,2
573668,R,3198,1891,94.5206768905341,2.562460127353671,0.1910569105691057,778,2,1,0
579328,L,10609,4704,94.31904761904762,2.5788324664282847,0.343953247242907,2735,2,1,2
580792,R,2679,1372,91.8597667638484,2.824940990115153,0.48450914520343413,660,0,2,2
582494,L,1010,566,88.48445229681978,2.36843647397015,0.36237623762376237,244,0,0,2
584171,R,2739,1588,90.80050377833754,2.6682060017258955,0.17488134355604235,712,0,2,0
591693,R,2629,1135,94.20757709251102,2.7317176932650997,0.5408900722708254,654,1,2,2
592091,R,794,359,91.29526462395543,2.3426568223491917,0.11586901763224182,218,0,0,0
592094,R,3288,1459,94.42933516106922,2.9826612331537903,0.32086374695863745,800,2,2,1
592102,R,5033,2981,94.37071452532706,2.693738357735323,0.40433141267633615,1237,1,2,2
592127,R,841,448,94.43214285714285,2.5654377981132046,0.4351961950059453,223,2,1,2
592130,R,2072,1383,91.92704266088215,2.749745782761657,0.07625482625482626,513,0,2,0
592135,R,4790,2659,93.86261752538549,2.6479447521133945,0.3933194154488518,1208,1,2,2
592145,L,1804,982,94.1001018329939,2.5853319908351686,0.4556541019955654,468,2,1,2
592165,R,870,453,94.36070640176601,2.168495441819588,0.06896551724137931,239,1,0,0
592169,R,2810,1678,93.60965435041716,2.5667429413925777,0.37935943060498223,727,1,1,2
592170,R,1920,984,92.15884146341463,2.236997525529369,0.2109375,543,0,0,0
592181,R,217,154,95.1461038961039,2.4385030106339722,0.2903225806451613,53,2,0,1
592222,L,5125,2573,85.98643606684804,2.049181702870159,0.18302439024390244,1414,0,0,0
592229,R,5151,2800,93.83449999999999,2.3204350493619343,0.22170452339351582,1378,1,0,0
592233,R,1516,984,92.4484756097561,2.2914888959833424,0.32717678100263853,410,0,0,1
592254,R,1210,739,93.10541271989173,2.653330857311658,0.1206611570247934,302,1,2,0
592279,R,310,165,92.47090909090909,2.5470013013481907,0.44516129032258067,84,0,1,2
592280,R,202,98,91.86530612244897,2.736386997046767,0.37623762376237624,50,0,2,2
592288,L,240,127,91.53228346456693,2.5516701498026615,0.2833333333333333,68,1,1,1
592314,R,13499,7843,95.35250541884483,2.62614755083871,0.34217349433291355,3347,2,1,2
592329,R,492,316,93.86044303797469,2.5374497857319414,0.27235772357723576,132,1,1,1
592332,R,22714,13133,94.78316454732354,2.425748570878581,0.11090076604737166,5724,2,0,0
592340,R,2249,1135,92.68607929515419,2.750983984206934,0.17963539350822588,556,1,2,0
592341,R,609,322,94.4444099378882,2.318913398000627,0.4482758620689655,168,2,0,2
592346,R,4844,2715,92.03613259668508,2.3056976468304717,0.22295623451692817,1244,0,0,0
592351,R,17991,9143,95.47249261730285,2.529922931410522,0.4227113556778389,4602,2,1,2
592390,R,6015,3472,94.61028225806453,2.7277851763540215,0.4146300914380715,1473,2,2,2
592422,R,218,159,94.70251572327045,2.295271772438948,0.2706422018348624,54,2,0,1
592426,R,5148,2077,95.17289359653347,2.6245968531410573,0.5878010878010878,1335,2,1,2
592433,R,875,556,91.84640287769784,2.155681881788278,0.2,225,0,0,0
592454,R,4543,2299,96.709351892127,2.7418509254807475,0.05987233105877174,1102,2,2,0
592464,L,307,52,89.4076923076923,2.672579164422566,0.8273615635179153,82,0,1,2
592468,R,2302,1215,91.93679012345679,2.4093244025366607,0.20199826238053867,582,0,0,0
592473,L,2258,1728,88.99369212962964,2.155368009101118,0.1120460584588131,632,0,0,0
592499,R,898,468,92.35555555555555,2.7784757483191544,0.40757238307349664,240,0,2,2
592527,R,463,255,93.36117647058823,2.4856887590684504,0.4017278617710583,120,1,0,2
592533,R,941,559,89.13076923076923,2.497886933352307,0.31562167906482463,260,0,1,1
592547,R,924,536,93.15298507462687,2.3969297195405335,0.3181818181818182,231,1,0,1
592570,R,403,207,92.55893719806764,2.5845692330277785,0.14392059553349876,105,0,1,0
592593,L,3061,1646,89.88371810449576,2.330217781022931,0.12022214962430579,848,0,0,0
592612,L,3586,1451,95.28766368022053,2.4613304563816487,0.11126603457891801,956,2,0,0
592614,L,855,403,89.0741935483871,2.4761918006342363,0.14502923976608187,229,0,1,0
592644,R,4586,2493,91.16574408343362,2.844564934057666,0.18403837767117315,1176,0,2,0
592662,L,20708,12526,93.91474532971421,2.673424044227784,0.3686015066640912,4940,2,2,2
592665,R,4196,2833,92.37740910695376,2.441816316798667,0.30195424213536703,1092,0,0,1
592677,L,251,93,89.38709677419355,2.660510814355077,0.5139442231075697,62,0,1,2
592705,R,588,313,93.64984025559106,2.5656390161259814,0.20068027210884354,154,1,1,0
592712,R,636,308,96.22824675324675,2.7495117580491883,0.5,165,2,2,2
592716,R,4709,2788,92.17266857962697,2.590155262408694,0.2365682735187938,1249,0,1,1
592717,R,10616,7114,94.2947708743323,2.62377324274994,0.18735870384325545,2825,1,1,0
592741,L,6125,2886,91.77262647262647,2.4799966825760285,0.1510204081632653,1479,1,1,0
592761,L,7906,4086,91.91505139500735,2.849889862649903,0.3203895775360486,1880,1,2,2
592767,L,12831,5992,91.5441922563418,2.7205510928196026,0.35390850284467307,3222,1,2,2
592773,R,5901,3503,97.85732229517556,2.8856030166531754,0.21792916454838163,1460,2,2,0
592779,R,2302,1343,93.37088607594937,2.556085612252422,0.1898349261511729,578,1,1,0
592789,R,14620,8056,96.97285253227409,2.5017256160269676,0.2734610123119015,3808,2,1,1
592791,R,14970,8104,94.54552073050345,2.597692580308607,0.3241816967267869,3864,2,1,1
592804,R,3103,1838,93.80087051142546,2.7382483500571553,0.24202384788913955,722,1,2,1
592811,R,2881,1405,89.75024911032028,2.3310728389377338,0.48385977091287746,742,0,0,2
592815,R,2087,1276,95.34278996865203,2.5045249989773932,0.3881169142309535,538,2,1,2
592826,R,13278,8167,93.89576343822701,2.581865581238651,0.2971079981924989,3185,1,1,1
592831,R,248,82,90.0219512195122,2.5941184317890014,0.024193548387096774,64,0,1,0
592833,R,288,211,95.09431279620854,2.7646299452154555,0.1875,76,2,2,0
592836,R,16596,8910,93.95379349046016,2.763558870599301,0.16118341769100988,4220,1,2,0
592848,R,449,146,94.27739726027397,2.8298072196199318,0.6525612472160356,118,1,2,2
592858,R,2542,1504,95.04753989361703,2.7956854844206256,0.2871754523996853,642,2,2,1
592865,R,1760,1072,95.30438432835821,2.4637806849092065,0.3778409090909091,446,2,0,2
592866,R,14153,9114,90.87008997147247,2.4234649101638857,0.22193174591959303,3621,0,0,0
592869,R,2245,1439,90.32612925642808,2.530029964630829,0.24142538975501113,632,0,1,1
592872,R,457,193,91.97098445595856,2.5536450888283806,0.07221006564551423,110,0,1,0
592879,R,3617,1991,91.73159216474134,2.8912208429755992,0.26403096488802874,896,0,2,1
593140,R,4652,3196,95.21120150187734,2.564467811901781,0.26504729148753225,1090,2,1,1
593144,R,3718,2988,93.04759036144578,2.835036622187779,0.1947283485745024,933,1,2,0
593334,R,8251,3572,93.50162374020157,2.520659491435166,0.36601624045570236,2179,1,1,2
593372,R,13299,7004,95.36206453455169,2.4771132905382456,0.2560342882923528,3498,2,0,1
593417,R,822,525,94.39466666666667,2.330914480795419,0.17274939172749393,211,1,0,0
593423,R,9636,5638,96.2352429939695,2.435733838363804,0.1922997094229971,2517,2,0,0
593576,R,8891,4634,94.18347000431592,2.6177851638846,0.038578337644809356,2236,1,1,0
593604,L,214,129,93.84263565891473,2.437993049901582,0.34579439252336447,49,2,0,2
593619,R,1278,941,97.42667375132838,2.2942039231145506,0.16040688575899845,319,2,0,0
593679,R,2669,1492,93.7014745308311,2.392961770858786,0.32521543649306855,711,1,0,1
593958,L,18610,10816,93.13161057692308,2.657679172904057,0.08194519075765717,4648,2,1,0
593969,L,266,129,88.84108527131782,2.2416238313255654,0.10150375939849623,68,0,0,0
593974,L,5584,2448,95.65453431372549,2.3934936607340247,0.21651146131805157,1480,2,0,1
594027,R,2040,1615,98.81250773993808,2.6427577743398154,0.19705882352941176,488,2,1,0
594056,L,703,428,94.73434579439252,2.559208441793114,0.3911806543385491,186,2,1,2
594311,R,1451,983,96.44211597151578,2.3881940923199148,0.32253618194348727,381,2,0,1
594577,R,4534,2100,94.501,2.788125048304722,0.3689898544331716,1147,2,2,2
594580,L,2069,1123,93.4773820124666,2.5703867070791118,0.444659255679072,534,2,1,2
594736,R,2463,1377,93.4955700798838,2.4152383704241442,0.11246447421843281,679,1,0,0
594742,R,2013,1203,90.67880299251871,2.3418756883780474,0.1957277694982613,516,0,0,0
594760,R,1275,729,91.4809327846365,2.28255933308617,0.21098039215686273,328,0,0,0
594772,R,441,227,89.34757709251102,2.2807689639257624,0.3741496598639456,131,0,0,2
594792,R,897,550,93.68036363636364,2.4731225275426825,0.34225195094760313,224,1,0,2
594795,L,1798,1297,91.50200462606014,3.086443569397646,0.25695216907675195,426,1,2,1
594798,R,18482,10080,96.15105158730158,2.7997495968924375,0.32453197705875986,4613,2,2,1
594815,R,375,220,93.64,2.69288126313953,0.128,99,1,2,0
594835,L,13469,5450,89.02790825688074,2.690775923799171,0.16994580147004232,3605,0,2,0
594840,L,2662,1800,91.10366666666667,2.3188822294465847,0.26859504132231404,762,0,0,1
594857,L,622,429,92.63263403263403,2.4348191354699495,0.2958199356913183,158,1,0,1
594867,R,267,161,89.67888198757764,2.317904696017819,0.3258426966292135,71,0,0,1
594902,R,3334,1945,91.18930591259641,2.7635131084328455,0.33203359328134374,895,0,2,1
594943,R,1660,923,90.08916576381365,2.3709142581566947,0.05060240963855422,473,0,0,0
594951,L,804,363,90.73498622589533,2.4228139935818236,0.4228855721393035,203,0,0,2
594965,R,2733,1855,93.16522911051213,3.001765857839903,0.09476765459202342,622,1,2,0
594977,L,232,147,89.07142857142857,2.39191067383853,0.2413793103448276,64,0,0,1
594985,R,256,133,80.33082706766918,2.417020840184705,0.46484375,68,0,0,2
594986,L,3374,1828,89.23353391684901,2.264889197262279,0.09217545939537641,878,0,0,0
594987,R,1775,649,92.94884437596302,2.1190610397514344,0.2952112676056338,464,1,0,1
594992,R,676,409,94.43227383863082,2.5553609513214073,0.39349112426035504,174,2,1,2
595001,R,3273,1346,90.94873699851412,2.433125570150728,0.4922089825847846,819,0,0,2
595014,R,6896,4258,96.93405354626586,2.248966647082036,0.261745939675174,1854,2,0,1
595032,R,1402,620,89.99758064516129,2.5966041924852217,0.2703281027104137,389,0,1,1
595191,R,7346,3661,90.91625239005737,2.5731722746467236,0.46692077320991016,1904,0,1,2
595234,R,459,290,90.5496551724138,2.857779833630759,0.25272331154684097,116,0,2,1
595235,R,220,129,93.45426356589148,2.4132133320842524,0.15,55,1,0,0
595307,R,1608,1053,89.37730294396961,2.3044604149104955,0.12935323383084577,445,0,0,0
595345,L,3335,1326,92.95279034690799,2.747136362754744,0.5442278860569715,809,2,2,2
595411,L,827,541,91.17744916820702,2.0882056146458106,0.3349455864570738,221,0,0,2
595465,R,2754,906,92.99812362030906,2.576035218925685,0.13870733478576616,679,1,1,0
595798,R,332,169,93.41597633136094,2.5459076633920747,0.3493975903614458,83,1,1,2
595881,R,3281,1732,94.57621247113164,2.586350418628189,0.2541907954891801,821,2,1,1
595897,R,297,163,97.26564417177913,2.734127449458719,0.4511784511784512,74,2,2,2
595918,R,3590,1673,92.8866706515242,2.555046660765083,0.4587743732590529,879,1,1,2
595928,R,1714,969,94.36790505675954,2.6866592619352234,0.42998833138856474,444,1,2,2
595939,R,581,275,93.59745454545454,2.920589217954187,0.43717728055077454,151,1,2,2
596001,R,11445,5213,91.46061768655285,2.4892927548742243,0.454084753167322,3071,0,1,2
596027,R,1092,466,95.81180257510731,2.5284821132895803,0.5732600732600732,254,2,1,2
596035,R,452,351,93.63960113960114,2.111256197194464,0.168141592920354,124,1,0,0
596043,R,5104,2724,91.98961086637298,2.493050700877057,0.2623432601880878,1326,0,1,1
596049,L,318,154,91.00324675324676,2.4013806477713877,0.22327044025157233,81,0,0,1
596057,L,9926,5208,92.02398233486943,2.7500243960970705,0.2839008664114447,2490,1,2,1
596064,L,1458,855,89.57953216374268,2.720507586751801,0.1522633744855967,375,0,2,0
596071,L,3393,1719,91.34746945898777,2.7679523107806903,0.28735632183908044,863,0,2,1
596074,L,595,369,89.71571815718157,3.1463205377284993,0.13109243697478992,142,0,2,0
596082,R,493,235,90.52340425531915,2.5874153920768403,0.49898580121703856,126,0,1,2
596101,R,987,553,93.45714285714286,2.535605756220338,0.27760891590678827,251,1,1,1
596112,R,6009,2721,94.96868798235943,2.709037314570963,0.3917457147611915,1541,2,2,2
596133,R,10159,5525,93.73509502262444,2.7251301272698267,0.1438133674574269,2459,1,2,0
596271,R,2108,1092,90.65540293040293,2.2013550419384758,0.3164136622390892,571,0,0,1
596295,L,7773,3407,91.39057822130907,2.696887608151319,0.40061752219220376,2035,1,2,2
596331,R,310,200,95.81450000000001,2.4764520862942176,0.35161290322580646,84,2,0,2
596720,R,1481,769,96.2005201560468,2.5166499271799876,0.2687373396353815,359,2,1,1
596816,R,273,154,94.72597402597403,2.5188328743262445,0.36996336996337,73,2,1,2
597113,R,662,399,93.44185463659149,2.530902549618569,0.3685800604229607,153,1,1,2
598264,R,8033,4337,96.02079778648836,2.9763800571569847,0.4164073198058011,1922,2,2,2
598271,L,3004,1408,88.36619318181819,2.858839038075019,0.5093209054593875,764,0,2,2
598286,L,2472,849,89.51625441696113,2.2121037704249615,0.12702265372168284,654,0,0,0
598287,R,4911,1855,89.6645283018868,2.684233422232678,0.3135817552433313,1251,0,2,1
599683,R,1844,901,92.54528301886793,2.5091603696104503,0.4452277657266811,486,0,1,2
599998,R,634,320,93.41499999999999,2.434583538458092,0.416403785488959,160,1,0,2
600526,L,1098,847,94.68984651711925,2.5537996053659073,0.17577413479052822,293,2,1,0
600887,L,369,209,93.96985645933015,2.158128143324158,0.4092140921409214,95,2,0,2
600917,R,5117,2359,95.86791013141162,2.7528460628596574,0.36701192104748875,1229,2,2,2
600921,R,2483,1595,95.44564263322883,2.461318961306454,0.17801047120418848,645,2,0,0
600944,R,810,380,92.84394736842104,2.9042191696611206,0.3814814814814815,193,1,2,2
600965,R,334,212,95.27830188679245,2.7002682413327155,0.3652694610778443,91,2,2,2
600968,L,1102,682,93.34032258064516,2.255722470266115,0.3502722323049002,295,2,0,2
600986,R,534,393,96.85979643765904,2.4218703469830323,0.2247191011235955,135,2,0,0
601713,R,15305,8403,94.36644055694394,2.7677198851246807,0.37987585756288794,3721,1,2,2
602083,R,369,197,96.13299492385786,2.5836332046024246,0.2845528455284553,87,2,1,1
605121,R,1942,889,95.97682789651293,2.613287307788186,0.5381050463439753,457,2,1,2
605130,R,5644,1914,93.91896551724138,2.575261089145587,0.6582211197732105,1395,1,1,2
605135,R,14436,7786,92.87304135628051,2.547477359928801,0.228318093654752,3777,1,1,0
605138,L,846,395,91.10962025316456,2.553424832953689,0.15011820330969267,209,0,1,0
605143,R,730,493,97.84868154158215,2.6490479773190607,0.32465753424657534,178,2,2,1
605151,R,8487,6071,94.3956020424971,2.444205421403108,0.22269353128313893,2076,1,0,0
605154,R,4895,2534,94.03804262036306,2.9068141388801285,0.4733401430030644,1250,1,2,2
605156,R,2957,1633,92.02455603184323,2.5634554819491386,0.23571187013865405,783,0,1,1
605164,R,15032,7853,91.55512542977206,2.7000075154552716,0.31918573709419906,3877,0,2,1
605169,R,631,401,96.95162094763091,2.5066487225166076,0.3613312202852615,167,2,1,2
605177,L,7067,4641,92.80971773324715,2.282305905486475,0.33493703127210983,1826,1,0,2
605182,R,13052,6769,93.88525631555622,2.5653841592642563,0.31259577076310147,3230,1,1,1
605194,R,3858,1795,92.98311977715878,2.6827478553008612,0.26127527216174184,994,1,2,1
605195,R,3396,1937,94.981930820857,2.489727047947657,0.36012956419316844,812,2,1,2
605200,R,17283,9387,89.19798657718121,2.20977192247618,0.09390730775906961,4354,0,0,0
605218,R,4845,3425,94.66402919708028,2.7506635745405275,0.24437564499484005,1161,2,2,1
605222,R,217,125,90.5856,2.3203989471850273,0.39631336405529954,61,0,0,2
605226,L,277,172,93.53488372093024,2.691772622764716,0.24187725631768953,72,2,2,1
605228,R,3896,2099,96.00223916150549,2.581158677275443,0.3311088295687885,964,2,1,1
605232,L,4222,2810,92.40476868327401,2.4393225701230206,0.22382756987209854,1061,1,0,1
605240,L,2535,822,92.2205596107056,2.3066342479331317,0.20315581854043394,615,1,0,1
605242,R,10737,5676,95.36985553206485,2.7019326778851096,0.08112135605848933,2823,2,2,0
605254,R,1956,1025,91.82214634146341,2.1988772709704283,0.37372188139059304,513,0,0,2
605255,R,529,277,91.97509025270757,2.332847064794768,0.4763705103969754,142,0,0,2
605260,R,658,352,93.11079545454545,2.5155961867683057,0.3662613981762918,166,1,1,2
605276,R,3652,2157,92.53694946685212,2.6483100173703034,0.3146221248630887,947,0,2,1
605280,R,4496,3055,95.76366612111293,2.2848675328859334,0.3018238434163701,1176,2,0,1
605288,R,8989,6053,93.60525359325953,2.4068470354456584,0.2415174101679831,2263,1,0,1
605301,L,480,282,94.84964539007092,2.4781218666963536,0.2520833333333333,118,2,1,1
605304,R,1202,806,91.18449131513647,2.3841333414570003,0.2562396006655574,295,0,0,1
605309,R,3874,2276,96.32811950790861,2.5955741123061795,0.3729994837377388,930,2,1,2
605333,L,331,280,91.78821428571429,2.7447588318491327,0.09667673716012085,76,1,2,0
605347,R,8069,4458,95.15296096904441,2.502033631813296,0.331639608377742,2126,2,1,1
605359,R,2430,1104,93.6990036231884,2.443547621365056,0.22757201646090536,628,1,0,0
605374,L,458,337,93.7053412462908,2.580879020852571,0.25109170305676853,129,2,1,1
605388,L,6031,2589,91.6303978370027,2.399403145008603,0.37672027856076934,1553,1,0,2
605396,R,679,442,94.13235294117646,2.4577269353237563,0.3269513991163476,173,1,0,1
605397,R,14935,5757,92.77074865381275,2.5563794732474663,0.3927686642115835,3898,1,1,2
605400,R,22226,11359,92.22239633770577,2.548582684864154,0.3020336542787726,5670,0,1,1
605441,R,1712,1081,95.90342275670676,2.573813739843926,0.308411214953271,440,2,1,1
605446,R,3776,1898,91.07207586933613,2.6959507004063044,0.18246822033898305,977,0,2,0
605447,R,3474,1836,96.82445533769064,2.9427332684524368,0.47150259067357514,890,2,2,2
605452,R,7054,4068,93.32212389380531,2.7289990543284453,0.3434930535866175,1845,1,2,2
605463,R,946,448,94.08950892857142,2.455733168102145,0.4820295983086681,240,1,0,2
605469,R,318,150,92.12866666666666,2.6713393397580467,0.42138364779874216,84,0,2,2
605476,R,1478,762,92.83818897637795,2.20491235461125,0.44113667117726657,386,1,0,2
605479,L,327,207,90.24975845410628,2.303826552456552,0.363914373088685,74,0,0,2
605482,R,674,214,92.5214953271028,2.805149347184518,0.2344213649851632,176,0,2,1
605483,L,17465,9126,95.21848564540872,2.792685750341188,0.31537360435156025,4095,2,2,2
605488,L,4728,2193,91.86146830825354,2.9073844325142417,0.22694585448392554,1177,1,2,1
605498,L,3688,1886,92.24310710498409,2.365941098957528,0.352765726681128,958,1,0,2
605501,L,868,484,92.12169421487603,2.2336697972172477,0.434331797235023,217,1,0,2
605507,R,3256,1192,92.18464765100671,2.760010170256859,0.1947174447174447,849,0,2,0
605513,R,5215,3312,93.84689009661837,2.4771141041686997,0.3071907957813998,1311,1,0,1
605521,R,1063,440,94.11136363636363,2.9570065988038303,0.5860771401693321,267,1,2,2
605525,R,2657,1638,94.37661782661782,2.363470021206603,0.2472713586751976,679,1,0,1
605538,R,8240,3601,93.20805331852263,2.5772403807380373,0.5240291262135922,2104,1,1,2
605540,R,10994,6807,96.0194064933157,2.6185254695430347,0.22812443150809533,2674,2,1,0
605541,R,4944,3127,93.30054365206267,2.5413848208129983,0.29328478964401294,1257,1,1,1
605795,R,208,101,95.99900990099009,2.5508541632562958,0.13942307692307693,54,2,1,0
605894,R,1154,716,91.76396648044692,2.418201702783445,0.22010398613518198,287,0,0,0
606131,R,7278,4394,94.07510241238052,2.27269816914044,0.29266281945589445,2007,1,0,1
606149,R,4997,2633,94.03835928598556,2.8019643158306424,0.4390634380628377,1238,1,2,2
606160,R,6710,4065,94.94659286592866,2.6047047161952586,0.18137108792846499,1641,2,1,0
606162,R,1700,874,92.62482837528604,2.7397490454211466,0.21588235294117647,419,1,2,0
606167,L,2757,1543,92.50103694102398,2.4806451326564214,0.2647805585781647,690,1,1,1
606273,L,3700,2001,93.05897051474263,2.458948631588661,0.20810810810810812,991,2,0,1
606291,R,640,454,100.73788546255507,2.4609229431932986,0.1734375,162,2,0,0
606303,R,3007,1540,94.80584415584416,2.6323571251279363,0.372796807449285,762,2,1,2
606424,L,4945,2338,93.31685201026518,2.493864971870183,0.2972699696663296,1304,2,1,1
606478,R,540,264,92.15530303030303,2.399212006924917,0.20555555555555555,134,0,0,0
606625,R,2960,1585,96.53375394321766,2.306065464489381,0.4135135135135135,713,2,0,2
606930,R,4557,2366,95.3698224852071,2.469087947636511,0.045205178845731844,1143,2,0,0
606944,R,455,313,95.94536741214058,2.612323407838011,0.25934065934065936,105,2,1,1
606959,R,705,461,91.98481561822126,2.4696014323063817,0.11914893617021277,160,0,0,0
606965,R,5888,2423,93.80862567065621,2.7774734307232736,0.2066915760869565,1514,1,2,0
606983,R,902,364,96.46373626373627,2.871535741944004,0.49889135254988914,232,2,2,2
606995,R,205,147,96.35986394557823,2.2645159504051624,0.2780487804878049,49,2,0,1
606996,L,259,107,89.08785046728971,2.7670809694967904,0.4015444015444015,67,0,2,2
607067,R,4601,2482,92.6060032232071,2.470766098298247,0.18235166268202566,1162,1,0,0
607074,L,15478,9346,94.30445110207576,2.684360238276359,0.30320454839126504,3846,2,2,1
607179,R,2008,1127,96.25430346051465,2.8090239698646315,0.34063745019920316,485,2,2,2
607188,R,3652,2102,92.01555661274976,2.7630797157133253,0.23357064622124862,894,0,2,0
607192,R,8696,5170,96.16398452611219,2.569528794582313,0.37568997240110397,2178,2,1,2
607200,R,8142,3836,93.1456204379562,2.351302122685369,0.23434045689019897,1957,1,0,1
607215,L,1862,1129,91.03383525243578,2.446579419356874,0.2738990332975295,487,0,0,1
607216,R,1236,455,94.56043956043956,2.5014865531519512,0.052588996763754045,309,2,1,0
607219,R,4564,2922,94.56919917864477,2.580413735784096,0.30148992112182293,1185,2,1,1
607229,R,5962,3608,93.76798780487806,2.400880155842956,0.2988929889298893,1571,1,0,1
607231,R,6363,3445,93.14145137880986,2.4233074489034414,0.137985227094138,1565,1,0,0
607237,L,5561,2933,94.00565973406069,2.3163126965619756,0.43373493975903615,1407,2,0,2
607259,R,7991,4036,91.96072844400396,2.4868277882029055,0.21574271054936803,2122,0,1,0
607309,R,702,401,91.88104738154614,2.7952239278696913,0.3475783475783476,172,0,2,2
607320,L,444,135,87.56370370370371,2.8546066713267146,0.1373873873873874,126,0,2,0
607352,R,5533,3117,94.16259223612448,2.4197091145149137,0.1973612868245075,1458,1,0,0
607359,R,1878,1142,92.75490367775832,2.51429523987283,0.33386581469648563,465,1,1,1
607374,R,3654,1762,91.03217934165721,2.332504599864725,0.2545155993431856,936,0,0,1
607391,R,1367,529,91.37939508506615,2.4838534713045877,0.27066569129480617,357,0,0,1
607455,L,2116,1180,94.1414406779661,2.720354242542453,0.10964083175803403,539,2,2,0
607457,R,5209,2959,94.58894896924637,2.4858484771513587,0.3618736801689384,1239,2,0,2
607473,R,1608,954,90.66027253668763,2.4324195080682047,0.35634328358208955,439,0,0,2
607481,L,4667,2982,94.70160965794769,2.1671433678473524,0.24769659310049283,1162,2,0,1
607536,L,15712,7676,90.99907503908285,2.59775859182073,0.1167897148676171,4160,0,1,0
607555,L,310,190,93.19947368421053,2.37506309051894,0.10967741935483871,87,2,0,0
607560,R,1816,604,88.52499999999999,2.281405491060302,0.6607929515418502,481,0,0,2
607572,L,1725,738,92.80555555555556,2.939065210705861,0.5582608695652174,409,1,2,2
607625,R,10208,5302,93.37578272350056,2.563165212864361,0.3974333855799373,2612,1,1,2
607644,L,6271,3073,92.3759192971038,2.8206537599382684,0.22978791261361825,1536,1,2,1
607755,L,1139,181,89.09889502762431,2.774524079246833,0.8252853380158033,293,0,2,2
607968,R,1149,598,91.71605351170568,2.635447751640519,0.19843342036553524,305,0,1,0
608032,R,6410,4374,97.42654320987654,2.718559520816068,0.2112324492979719,1603,2,2,0
608328,R,3083,1517,91.96552406064602,2.946612088834574,0.4417774894583198,786,0,2,2
608331,L,11103,5632,93.68433948863635,2.6363651265082897,0.4067369179501036,2844,2,1,2
608334,R,2633,1273,93.13951296150826,2.284995209021557,0.11963539688568173,650,1,0,0
608335,R,1503,932,95.52446351931331,2.5106876368723854,0.30538922155688625,379,2,1,1
608337,R,17002,8581,93.24556578487355,2.751589987640018,0.2416774497117986,4248,1,2,1
608344,L,7253,4106,90.78494885533365,2.694458518468115,0.18943885288845994,2042,0,2,1
608349,R,5235,3611,96.31534201052341,2.6739009226814856,0.3063992359121299,1237,2,2,1
608371,R,4477,2067,93.47837445573295,2.934573398614981,0.4905070359615814,1078,1,2,2
608379,R,18189,8864,93.78358528880865,2.620268514580061,0.10099510693276156,4613,1,1,0
608566,R,15788,8784,95.12478369763205,2.4943321628709647,0.40112743856093236,4175,2,1,2
608601,R,650,334,93.17814371257485,2.677338458879963,0.28307692307692306,159,1,2,1
608638,R,3063,1552,96.16585051546392,2.206735779670821,0.47567744041789095,796,2,0,2
608641,L,471,224,90.13794642857144,2.435393323351547,0.28662420382165604,127,0,0,1
608648,R,7851,4191,92.00849439274636,2.560456022942878,0.41943701439307096,2031,0,1,2
608650,L,446,266,93.2703007518797,3.0683554501738453,0.05605381165919283,109,2,2,0
608652,R,1920,963,91.70207684319834,2.8372544511005486,0.46145833333333336,457,0,2,2
608665,R,10324,6559,93.87115413935051,2.2313889222868686,0.13628438589693917,2751,1,0,0
608678,R,5625,2679,94.65248226950355,2.584486969624556,0.2174222222222222,1479,2,1,0
608716,R,3369,2411,94.59381999170469,2.7921675469847695,0.19323241317898487,815,2,2,0
608717,R,9235,4860,92.14088477366255,2.628557707158179,0.35863562533838655,2316,0,1,2
608718,L,7374,5184,86.50707947530864,2.8771144826380732,0.13303498779495526,1889,0,2,0
608723,R,5219,2699,93.0899592441645,2.6295787100388948,0.3249664686721594,1292,1,1,1
611093,R,1720,991,93.27558022199798,2.776648709005605,0.17383720930232557,432,1,2,0
612434,R,7459,3781,96.63520232742661,2.2003633142715344,0.32591500201099344,1929,2,0,1
612672,L,8711,5206,91.434978870534,2.597649830128473,0.30065434508093214,2269,1,1,1
613317,L,240,129,91.21782945736435,2.5524551504478583,0.4625,65,0,1,2
613534,R,2127,459,94.58148148148149,2.7012351362662503,0.7842031029619182,512,2,2,2
614179,R,3874,2133,96.66038443506798,2.755007099871607,0.32034073309241096,980,2,2,1
615698,R,9130,4541,94.05122219775379,2.6870116324288853,0.12475355969331874,2390,1,2,0
617228,R,1775,833,95.9937575030012,2.388806197539723,0.1447887323943662,452,2,0,0
620454,L,685,386,94.7821243523316,2.941804616893613,0.43503649635036495,165,2,2,2
620982,R,616,356,95.39662921348314,2.484562940318931,0.13474025974025974,157,2,0,0
621016,R,1849,1225,92.77485714285714,2.569413940674955,0.3055705786911844,472,1,1,1
621051,R,1805,791,94.79936788874842,2.9085890823845015,0.5135734072022161,433,2,2,2
621052,R,2533,1468,96.94448228882834,2.753932162622893,0.2874062376628504,616,2,2,1
621056,R,1514,803,93.9098381070984,2.7220471624116676,0.37846763540290623,393,1,2,2
621057,R,852,444,94.684009009009,2.849669762401161,0.11737089201877934,219,2,2,0
621058,R,993,519,91.00462427745666,2.7446456343446344,0.28298086606243705,263,0,2,1
621074,R,2097,869,94.74200230149597,2.730585530385798,0.34954697186456846,531,2,2,2
621076,R,5397,3051,93.24614880367093,2.725765356156458,0.3157309616453585,1374,1,2,1
621078,R,374,178,90.35224719101124,2.4230036982907297,0.3342245989304813,91,0,0,1
621082,R,298,202,93.11237623762376,2.3245601810532106,0.2483221476510067,74,1,0,1
621086,R,329,176,90.49602272727272,2.352332418521865,0.26443768996960487,84,0,0,1
621097,R,1728,850,91.762,2.852650587505584,0.1753472222222222,425,0,2,0
621098,R,247,150,95.048,2.53287226571417,0.2388663967611336,60,2,1,1
621107,R,12825,6939,93.19978383052313,2.3973109321248405,0.3132943469785575,3425,1,0,1
621111,R,9844,5457,96.0631115997801,2.7013560076794305,0.2720438845997562,2482,2,2,1
621112,R,5942,2680,91.15317164179105,2.3811893674909936,0.23409626388421406,1531,0,0,0
621114,R,1249,688,94.75116279069768,2.6520838424137767,0.1313050440352282,320,2,2,0
621121,R,11945,4809,94.30707007693907,2.5240581490150533,0.45835077438258687,3014,1,1,2
621129,R,576,285,94.58666666666667,2.562624727873094,0.3732638888888889,147,2,1,2
621139,R,393,205,95.08341463414634,2.453726334830176,0.09669211195928754,103,2,0,0
621141,R,875,447,92.6440715883669,2.672784753469083,0.23314285714285715,248,1,2,0
621142,R,1931,1110,96.66144144144144,2.836499339433798,0.27239772138788193,490,2,2,1
621199,R,3074,1796,91.78129175946549,2.151483019777625,0.21307742355237475,784,0,0,0
621209,R,590,314,91.57484076433121,2.3455620309973297,0.3644067796610169,148,0,0,2
621219,R,4131,2444,89.43330605564648,2.3740706472365027,0.23989348825950133,1078,0,0,1
621237,L,4924,3441,98.48575995350188,2.465057608166905,0.07757920389926888,1213,2,1,0
621242,R,6581,4057,97.85245255114617,2.6874871127304236,0.38170490806868257,1630,2,2,2
621244,R,19350,10928,93.59622071742314,2.524579435298676,0.2958139534883721,5114,1,1,1
621248,R,996,471,89.89554140127389,2.4695449513313217,0.29518072289156627,280,0,0,1
621249,R,3127,1338,94.42683109118087,2.564313814595262,0.20370962583946275,822,1,1,0
621261,R,1535,974,90.85112936344969,2.628962868569419,0.19022801302931597,400,0,1,0
621281,R,385,146,90.33013698630137,2.1160061310257894,0.12207792207792208,103,0,0,0
621289,R,678,516,94.96550387596899,2.6608503584460865,0.21238938053097345,146,2,2,0
621290,R,225,77,90.68311688311688,2.421274155181416,0.6577777777777778,57,0,0,2
621294,R,867,429,94.73543123543124,2.5305832037845684,0.27566320645905423,220,2,1,1
621295,R,5483,3420,92.38894736842106,2.5320871782188488,0.15830749589640708,1387,0,1,0
621345,L,5273,2420,96.20694214876032,2.662841051291367,0.00018964536317087047,1297,2,1,0
621348,L,895,598,92.27190635451505,2.105984554671241,0.23575418994413408,240,1,0,1
621363,L,2759,2117,92.91388757675958,2.8784925734715214,0.22798115259151866,698,2,2,1
621366,L,3350,1681,92.90452111838192,2.3873091364293897,0.32417910447761195,889,1,0,2
621368,L,4195,2679,94.69548338932438,2.64509089143578,0.25148986889153757,1050,2,1,1
621381,L,6397,3537,93.21439072660446,2.805127140758246,0.17351883695482256,1624,2,2,0
621383,L,1899,784,92.70522959183673,2.7201517852550587,0.4049499736703528,472,1,2,2
621385,L,1949,1066,93.1077861163227,2.808161703295169,0.37249871729091844,493,2,2,2
621389,L,7028,4055,90.08409371146732,2.406927605056439,0.13659647125782584,1894,0,0,0
621397,L,1550,696,88.2110632183908,2.282260890912719,0.39741935483870966,413,0,0,2
621408,L,477,302,92.98079470198675,2.741473957089605,0.33752620545073375,123,2,2,2
621593,R,731,372,95.05053763440861,2.391149230969626,0.4746922024623803,179,2,0,2
621962,L,405,215,90.55488372093023,2.681615802501906,0.10864197530864197,96,0,2,0
622065,L,4325,1552,90.18659793814433,2.173713482322547,0.23630057803468207,1128,0,0,1
622072,L,15469,7576,91.01259239704329,2.529455430472302,0.281013640183593,3969,0,1,1
622075,R,3428,1666,95.20522208883553,2.3900277542907853,0.43903150525087514,887,2,0,2
622088,R,1209,445,95.9265168539326,2.7377888699930244,0.6178660049627791,288,2,2,2
622092,R,1738,918,94.76165577342047,2.6192886783713694,0.44016110471806674,416,2,1,2
622097,R,1986,1155,91.3178354978355,2.4838533824559077,0.23464249748237664,508,0,0,1
622098,R,3007,1761,95.38381601362862,2.983832836227166,0.27968074492850015,740,2,2,1
622103,R,720,520,96.70923076923077,2.7478730051970683,0.2777777777777778,176,2,2,1
622161,R,674,412,93.22985436893204,2.685106377359385,0.28635014836795253,178,1,2,1
622217,L,680,278,87.38776978417266,2.618355956640298,0.07352941176470588,166,0,1,0
622250,R,2556,1251,96.64324540367706,2.7865585016443615,0.5105633802816901,628,2,2,2
622251,R,2977,1950,96.62461538461538,2.7759357771580118,0.3406113537117904,729,2,2,2
622253,R,2744,1536,94.61614583333333,2.3876973489711903,0.10021865889212828,736,2,0,0
622259,R,1534,873,96.2615120274914,2.490648842068631,0.4302477183833116,373,2,1,2
622382,L,731,312,89.8125,2.812976863236106,0.18604651162790697,185,0,2,1
622446,R,2103,1436,94.5350974930362,2.4371175072697913,0.2253922967189729,532,2,0,0
622491,R,17257,9668,96.63236450144807,2.6102434951075995,0.1838674161209944,4254,2,1,0
622492,R,493,349,94.82263610315186,2.3402710313219544,0.2210953346855984,140,2,0,0
622503,R,2760,755,89.95602649006624,2.51923935497172,0.22934782608695653,722,0,1,0
622505,R,1260,934,93.3815845824411,2.0967673956594126,0.09365079365079365,340,1,0,0
622554,R,3080,2066,97.79370764762827,2.4587523576911545,0.2766233766233766,774,2,0,1
622608,R,11079,6851,94.11046562545614,2.5429565516017254,0.3128441195053705,2889,1,1,1
622663,R,12061,6120,96.98575163398694,2.6702981360049076,0.3051156620512395,3015,2,2,1
622694,R,4883,2719,90.92203015814638,2.698684457987496,0.3188613557239402,1211,0,2,1
622766,R,2174,1196,95.23076923076923,2.5800034300356347,0.15823367065317387,532,2,1,0
622772,R,1802,1223,97.21349141455438,2.307469683338062,0.18035516093229745,495,2,0,0
622774,L,248,120,93.57416666666667,2.741403491934923,0.5161290322580645,68,2,2,2
622780,L,919,583,94.20909090909092,2.714485036529999,0.2763873775843308,214,2,2,1
622783,R,279,175,94.98285714285714,2.650743640974059,0.21505376344086022,70,2,2,0
622786,R,1141,670,94.36820895522388,2.054122698875797,0.4040315512708151,282,1,0,2
622795,L,852,479,92.09436325678496,2.676039548231438,0.19131455399061034,210,1,2,1
622797,R,416,194,93.52474226804124,2.5290583031632377,0.33653846153846156,102,1,1,1
622864,R,1231,785,95.74433121019109,2.5033835637065143,0.25751421608448416,317,2,1,1
623149,R,5734,3427,91.64120221768312,2.6938157910066374,0.3793163585629578,1390,0,2,2
623167,R,8071,3545,92.33007052186177,2.7502660131408185,0.12266138025027877,2121,0,2,0
623184,R,4201,2393,95.4181362306728,2.5369965123230718,0.3620566531778148,1081,2,1,2
623211,R,1637,597,96.57688442211055,2.3090205261663534,0.0,398,2,0,0
623352,L,6523,4913,95.55408100956646,2.8473149674996536,0.21845776483213245,1533,2,2,1
623354,L,370,84,88.95595238095238,2.3950694068868366,0.7621621621621621,95,0,0,2
623364,L,1034,807,93.21263940520447,2.7744259097527304,0.21663442940038685,245,2,2,1
623381,L,2003,1232,89.10487012987012,2.6008495183785523,0.2126809785322017,520,0,1,1
623395,R,1931,1465,98.19754266211604,2.711762549944466,0.16261004660797515,460,2,2,0
623402,R,538,312,90.36923076923077,2.5817957739528246,0.137546468401487,150,0,1,0
623406,R,219,131,96.28473282442748,2.682068853833859,0.3105022831050228,55,2,2,1
623430,R,2848,1552,91.25818298969072,2.5531322880779888,0.3728932584269663,705,0,1,2
623433,R,1983,1153,95.31942758022551,2.881552542460726,0.41805345436207764,486,2,2,2
623434,R,269,146,91.06506849315069,2.3051657431234323,0.34944237918215615,75,0,0,2
623437,R,1370,693,95.45670995670996,2.386132603748777,0.29781021897810217,367,2,0,1
623439,R,1107,563,92.80603907637656,2.9568201503655747,0.17886178861788618,275,1,2,0
623451,R,2239,1326,93.9024886877828,2.651795895162655,0.3202322465386333,562,1,2,1
623454,R,782,420,92.62880952380952,2.90751252312278,0.319693094629156,201,1,2,1
623465,R,3132,1349,95.0547071905115,2.4438608057365223,0.37962962962962965,790,2,0,2
623470,R,1277,642,93.62757009345795,2.396825682133923,0.4643696162881754,315,1,0,2
623474,R,2217,813,91.52964329643297,2.8367224357088836,0.5764546684709067,584,0,2,2
623485,R,1045,510,92.64784313725491,2.6784681924061493,0.3014354066985646,271,1,2,1
623913,L,548,239,91.53179916317991,2.564293054947122,0.4124087591240876,138,1,1,2
624133,L,7249,4168,92.83135796545105,2.4070460122801594,0.13891571251207063,1893,1,0,0
624418,R,866,426,92.16971830985916,2.386017683617949,0.3648960739030023,216,0,0,2
624427,L,592,345,90.15536231884057,2.613414105197041,0.2668918918918919,140,0,1,1
624522,R,3309,1654,93.59685610640871,2.560611012266599,0.22635237231792082,846,1,1,0
624586,R,1780,676,92.84363905325444,2.6513478136245885,0.5410112359550562,445,1,2,2
624647,L,1346,805,94.56,2.2035754066498265,0.37444279346210996,367,2,0,2
625643,R,11414,6784,95.90200471698112,2.7011777109653656,0.27615209391974765,2881,2,2,1
626929,L,1010,493,90.29898580121704,2.7792087867127044,0.3831683168316832,267,0,2,2
627894,L,729,413,95.49370460048426,2.6012319902960184,0.36213991769547327,201,2,1,2
628317,R,13861,5299,91.29097943008115,2.494321635866224,0.40567058653776783,3472,0,1,2
628318,R,457,343,80.33002915451895,2.6593295008104763,0.22319474835886213,144,0,2,0
628333,R,4574,2578,92.13432893716059,2.527327797719811,0.14473108876257104,1156,0,1,0
628452,R,9510,5005,94.61222777222777,2.4061838096296917,0.2827549947423764,2427,2,0,1
628708,R,1551,918,97.44128540305012,2.2151952686057865,0.40683430045132174,396,2,0,2
628711,L,11281,5779,93.66104862432947,2.835039710011501,0.30821735661732114,2862,2,2,1
629496,R,371,196,93.16377551020408,2.523502104106939,0.18328840970350405,90,1,1,0
630023,R,4904,2749,93.42590032739177,2.3059511890304325,0.2300163132137031,1348,1,0,0
635903,R,319,182,88.92857142857143,2.401306573150504,0.21003134796238246,95,0,0,0
639373,R,287,197,97.37715736040609,2.6322827044269568,0.2961672473867596,74,2,1,1
640444,R,3908,1686,93.74460260972717,2.489143406569783,0.3523541453428864,915,1,1,2
640448,R,3771,2713,96.43649096940656,2.660820205320613,0.133916732962079,954,2,2,0
640451,R,2039,1385,98.1327797833935,2.8108709038401187,0.16282491417361453,491,2,2,0
640455,L,15882,9290,91.80073196986007,2.735236709542928,0.1633925198337741,4186,1,2,0
640462,L,2456,1476,96.25372628726288,2.4988713845304913,0.376628664495114,635,2,1,2
640463,R,1731,964,92.21701244813278,2.248147613566404,0.24321201617562102,438,0,0,1
640464,R,1246,761,92.07174770039423,2.248539351351368,0.2520064205457464,328,0,0,1
640470,R,3694,1683,94.36821152703506,2.550964365601624,0.41932864103952355,939,1,1,2
641149,R,802,462,93.2943722943723,2.160400420648511,0.3516209476309227,204,1,0,2
641154,R,11197,5598,93.77181136120042,2.529286725421341,0.18004822720371527,2870,1,1,0
641302,L,5410,2291,90.3034919249236,2.5748141329127723,0.15064695009242143,1445,0,1,0
641312,R,2302,1184,92.83234797297297,2.673549665934755,0.4209383145091225,609,1,2,2
641329,R,1978,1120,95.99125,2.818548095298022,0.2724974721941355,481,2,2,1
641341,R,1071,684,95.91315789473686,2.7916485730144567,0.28104575163398693,271,2,2,1
641360,R,3013,2060,93.8471359223301,2.863685996862353,0.30667109193494857,764,1,2,1
641386,L,661,467,92.4541755888651,2.5440566496366595,0.1059001512859304,170,1,1,0
641394,L,1258,750,96.77506666666667,2.3513138257418493,0.28696343402225755,316,2,0,1
641401,R,2348,903,95.47131782945738,2.8571317605070115,0.0,591,2,2,0
641420,R,420,199,96.42964824120602,2.7246469864051712,0.3952380952380952,106,2,2,2
641427,R,1078,698,95.4756446991404,2.6279702078544807,0.3172541743970315,275,2,1,1
641438,R,1206,563,94.650621669627,2.38252570003666,0.3615257048092869,321,2,0,2
641447,L,1441,543,89.65911602209945,2.4552064417252835,0.2886884108258154,388,0,0,1
641482,L,6616,3240,90.86867283950617,2.7496983044598764,0.22082829504232165,1621,0,2,1
641490,L,776,531,89.13483992467043,2.401946470626994,0.24355670103092783,201,0,0,1
641501,R,943,438,90.66278538812786,2.179904329033687,0.39236479321314954,239,0,0,2
641540,R,7690,3335,90.41463268365817,2.289866635766489,0.27724317295188555,2046,0,0,1
641541,R,938,559,91.83381037567084,2.3728550605359886,0.31449893390191896,226,0,0,1
641571,R,1771,932,92.33776824034335,2.4926083953140745,0.3190287972896669,450,0,1,1
641582,R,1924,1110,93.6754054054054,2.6765315385570543,0.20893970893970895,476,1,2,0
641585,R,2200,941,93.0518597236982,2.825644716448521,0.22818181818181818,581,1,2,0
641627,R,4083,2700,95.09196296296295,2.5537307041667745,0.14744060739652218,1047,2,1,0
641632,R,446,214,95.88971962616823,2.4460743139138126,0.4304932735426009,121,2,0,2
641656,R,1218,614,95.75162866449512,2.7067807900448764,0.48932676518883417,303,2,2,2
641672,R,1149,543,94.87108655616943,2.476471143724908,0.0,309,2,0,0
641682,R,681,309,95.87411003236245,2.39899668426544,0.527165932452276,178,2,0,2
641703,R,1017,486,94.68786008230454,2.939443256430679,0.17404129793510326,256,2,2,0
641712,R,7539,4475,92.7437094972067,2.3836219996675703,0.37697307335190344,1976,1,0,2
641726,R,881,440,92.89500000000001,2.505010862424524,0.12372304199772985,243,1,1,0
641729,R,5720,3626,95.23083287369002,2.6356360154547023,0.28024475524475523,1402,2,1,1
641743,L,1594,922,94.10585683297181,2.927435827195929,0.24215809284818068,393,2,2,1
641745,R,11247,6909,93.66733246490085,2.5999176364795824,0.3374233128834356,2939,1,1,2
641755,R,3252,1395,95.70157706093191,2.5398814216479186,0.5464329643296433,837,2,1,2
641771,R,10547,5531,94.31063098897125,2.4949207460693863,0.40390632407319615,2650,1,1,2
641778,L,10078,4928,92.0898133116883,2.763613453790083,0.24846199642786268,2505,1,2,1
641793,R,4158,2079,94.01159211159211,2.950957102387351,0.3891293891293891,1096,1,2,2
641816,R,11067,6293,93.28428412521849,2.8907202564651024,0.22228246137164542,2630,1,2,0
641835,L,4233,2911,93.8050498110615,2.4530990855778705,0.31230805575242143,1076,2,0,2
641838,R,2868,1796,91.92939866369711,2.2004456536494774,0.1600418410041841,825,0,0,0
641851,R,1139,446,90.96726457399103,2.3555033102770757,0.5847234416154522,279,0,0,2
641853,R,656,412,93.47718446601941,2.5047772185554384,0.3719512195121951,150,1,1,2
641871,R,3262,1669,96.06405032953865,2.7738641867455764,0.30717351318209685,823,2,2,1
641907,R,732,479,96.42901878914405,2.7297358514003967,0.3360655737704918,186,2,2,1
641927,R,4645,2332,91.73700686106346,3.2841769339455302,0.2884822389666308,1183,0,2,1
641941,R,6464,3897,94.87338978701565,2.708274341121152,0.01608910891089109,1621,2,2,0
642003,L,2350,1164,93.43161512027491,2.3663932920514927,0.38893617021276594,595,2,0,2
642008,R,814,537,95.71098696461826,2.7751657482360965,0.18427518427518427,210,2,2,0
642028,L,1419,758,90.06569920844328,2.7259933294762537,0.33051444679351655,380,0,2,2
642048,L,1264,596,92.89513422818791,2.12279299382506,0.32832278481012656,331,1,0,2
642067,R,460,202,91.64108910891089,2.7946390617191033,0.5521739130434783,103,0,2,2
642068,R,493,312,96.20352564102564,2.552547924227633,0.1926977687626775,122,2,1,0
642073,R,981,393,93.37760814249364,2.8787358444329807,0.5524974515800204,248,1,2,2
642083,R,1436,881,91.06469920544835,2.521941829896688,0.2876044568245125,385,0,1,1
642092,R,1312,769,92.95630689206762,2.4833236737115567,0.19207317073170732,360,1,0,0
642098,R,3080,1829,93.50661563696009,2.6054563858331514,0.2883116883116883,821,1,1,1
642100,L,1452,907,94.16019845644983,2.626239729563844,0.3560606060606061,389,2,1,2
642121,R,2309,1202,92.9846921797005,2.92216267853307,0.1563447379818103,557,1,2,0
642130,L,1390,1025,93.1450731707317,2.7860881362396053,0.260431654676259,349,2,2,1
642152,R,4553,2444,96.49063011456629,2.5073318928920574,0.13068306611025698,1220,2,1,0
642203,R,1894,1255,93.19402390438248,2.4779818120397876,0.1890179514255544,482,1,0,0
642207,R,3687,1460,94.89842465753425,2.893508363954473,0.01844317873609981,863,2,2,0
642216,R,533,254,89.80590551181102,2.573810212879064,0.24765478424015008,141,0,1,1
642229,R,967,482,89.91307053941908,2.473785514454821,0.30610134436401243,260,0,0,1
642231,R,2330,1493,93.7602143335566,2.5586419189316576,0.2974248927038627,605,1,1,1
642232,L,10497,2493,87.86077015643802,2.6764166910422564,0.17223968752977042,2807,0,2,0
642233,R,901,616,87.16720779220779,1.9768755441232606,0.290788013318535,236,0,0,1
642239,L,1061,534,90.77621722846442,2.608947592466582,0.22431668237511782,260,0,1,1
642397,L,4683,3223,97.49367049332919,2.4028320990846037,0.2944693572496263,1163,2,0,1
642528,R,3552,2175,97.48445977011495,2.416773848875479,0.23648648648648649,901,2,0,1
642545,R,7538,3251,91.93568132882191,2.707314487148749,0.43181215176439375,1958,0,2,2
642546,R,1879,864,97.57337962962963,2.2884396018438213,0.3932943054816392,481,2,0,2
642547,R,10033,6091,93.09993432933837,2.8293681218661098,0.30848200936908204,2359,1,2,1
642558,R,2987,1957,92.1643331630046,2.3305365174479764,0.22597924338801473,800,0,0,0
642564,R,1024,565,95.58176991150442,2.4325100177793892,0.3681640625,249,2,0,2
642571,R,437,194,93.67577319587627,2.000228128896883,0.33638443935926776,103,1,0,1
642578,R,416,200,93.29,2.7372037464680257,0.3557692307692308,104,1,2,2
642584,R,228,123,94.34146341463415,2.4423470471795903,0.2807017543859649,58,1,0,1
642585,R,1980,1303,99.33883346124328,2.8345213270602696,0.08535353535353535,490,2,2,0
642607,R,1142,772,91.09041450777202,2.348462251171681,0.18914185639229422,309,0,0,0
642701,R,2570,1207,95.59850869925434,2.207077590844607,0.3568093385214008,661,2,0,2
642758,R,1348,596,92.95369127516778,2.6979369670634954,0.34124629080118696,357,1,2,2
642770,R,1124,801,97.81498127340825,2.3886290896326883,0.2775800711743772,300,2,0,1
642840,R,415,302,95.19437086092715,2.8130157825816777,0.24819277108433735,97,2,2,1
643230,L,6300,3959,91.93086638039908,2.4052276885020736,0.13587301587301587,1548,1,0,0
643256,R,4335,2959,86.24494761743831,2.5355167605223405,0.3174163783160323,1242,0,1,1
643290,R,2339,1229,92.40048820179007,2.5021721506191543,0.4322359982898675,583,0,1,2
643297,L,205,109,87.41192660550459,2.093835921955276,0.21951219512195122,53,0,0,1
643316,L,3182,1665,91.706006006006,2.4389209594844523,0.45631678189817726,788,1,0,2
643320,R,246,162,94.3074074074074,2.816288609148361,0.3048780487804878,63,1,2,1
643327,R,9245,3287,90.67155460906602,2.2111385975584223,0.3584640346133045,2401,0,0,2
643329,R,262,158,96.35126582278481,2.5221291895080844,0.2595419847328244,62,2,1,1
643338,R,6701,4771,95.83223642842171,2.7356299550792693,0.24339650798388301,1573,2,2,1
643354,L,1457,737,87.62306648575304,2.287669273459938,0.34317089910775567,386,0,0,2
643355,L,253,159,93.11069182389937,2.6504521052848293,0.31620553359683795,65,2,1,2
643361,R,529,221,92.18823529411765,2.5609581787789506,0.15879017013232513,135,0,1,0
643377,R,3582,1342,94.4962742175857,2.6790581396557043,0.490787269681742,920,2,2,2
643400,R,377,112,90.25267857142856,2.558491658969932,0.1856763925729443,93,0,1,0
643410,R,4086,1973,91.02726811961479,2.6110096788077857,0.13925599608418993,1050,0,1,0
643466,L,900,522,90.97509578544062,2.394381547013,0.2788888888888889,228,0,0,1
643478,L,390,223,93.67309417040359,2.793385636980734,0.2846153846153846,95,2,2,1
643493,R,4722,1943,91.67555326814205,2.6775411417936477,0.4813638288860652,1304,0,2,2
643511,R,4114,2299,82.81200521966072,2.2272526274925335,0.4411764705882353,1148,0,0,2
643615,R,1120,584,92.35924657534247,2.1309321698967447,0.23482142857142857,283,0,0,1
643617,R,1090,665,94.10255639097744,2.4423778462829375,0.3678899082568807,287,1,0,2
643778,L,2111,1350,90.14222222222222,2.819021272733403,0.17006158218853623,522,0,2,0
644364,R,1846,837,93.78016726403823,2.5249460744371603,0.5243770314192849,487,1,1,2
644428,R,476,255,87.91058823529411,2.7937658022002037,0.3004201680672269,120,0,2,1
645261,R,13449,7073,97.08666760921815,2.60311583278063,0.03435199643096141,3612,2,1,0
646242,L,632,319,89.5755485893417,2.4326649300656675,0.3370253164556962,167,0,0,2
647315,R,1654,1151,95.84317984361425,2.097080892048226,0.2992744860943168,454,2,0,1
647336,R,3662,2280,92.51385964912281,2.322315673016526,0.2476788640087384,994,0,0,1
648737,R,606,383,93.58798955613577,2.3810010645355666,0.24752475247524752,146,1,0,1
649144,L,820,411,88.49075425790754,3.086165671925944,0.35609756097560974,213,0,2,2
650204,R,365,161,93.10683229813665,2.1628499179453513,0.38082191780821917,94,1,0,2
650347,R,214,85,89.75882352941177,2.221731268973711,0.5,55,0,0,2
650382,L,1789,1299,94.9777521170131,2.580948616418015,0.2738960313024036,412,2,1,1
650496,R,1252,730,93.34767123287672,2.2031690777957214,0.3266773162939297,302,1,0,1
650530,R,1504,841,93.92413793103448,2.3864328269777553,0.2526595744680851,402,1,0,1
650556,R,3139,1345,96.8150185873606,2.7276504116207114,0.56928958266964,748,2,2,2
650633,R,3961,2359,94.35722763883001,2.497038491741944,0.2345367331481949,1034,1,1,1
650644,R,7544,2431,91.78148909913615,2.867862129771718,0.29347826086956524,1947,0,2,1
650668,R,622,370,92.18594594594596,2.5452909319507455,0.2652733118971061,146,0,1,1
650671,L,2081,1609,93.90727159726538,3.03879850701315,0.09274387313791446,483,2,2,0
650828,R,1822,1099,94.57452229299362,2.4135882062880976,0.3787047200878156,519,2,0,2
650893,L,3627,2061,96.61984473556527,2.6423718155866904,0.21202095395643783,920,2,1,1
650895,R,4256,1809,96.68546158098397,2.4060349384277604,0.5714285714285714,1097,2,0,2
650911,L,2318,1199,92.59207673060884,2.193077976978957,0.2006039689387403,629,1,0,1
650959,R,634,382,93.56623036649215,2.752178417201732,0.2886435331230284,150,1,2,1
650960,R,648,355,94.94985915492957,2.4059629900103796,0.20987654320987653,150,2,0,0
655889,R,503,345,96.58028985507245,2.584074532597048,0.3081510934393638,139,2,1,1
656061,R,2433,1365,97.77509157509158,2.346843390809251,0.30209617755856966,607,2,0,1
656186,R,1951,1125,96.71431111111112,2.5307876836884526,0.42337262942080983,494,2,1,2
656212,L,650,286,89.77272727272727,2.6941802442331686,0.2676923076923077,175,0,2,1
656222,L,4734,2103,93.08987161198289,2.8794195349572043,0.1111111111111111,1207,2,2,0
656232,R,3036,1612,92.88424317617866,2.5520113600333434,0.2388010540184453,773,1,1,1
656234,R,2133,1254,94.61180223285486,2.3556558514058454,0.2301922175339897,592,2,0,0
656257,R,2118,997,94.65797392176529,2.9486236862410933,0.45561850802644005,497,2,2,2
656266,R,385,182,94.5010989010989,2.2521786490799194,0.42597402597402595,111,2,0,2
656271,L,2698,1808,94.28445796460176,2.7943660443330627,0.2005189028910304,698,2,2,1
656288,R,5661,2211,93.8898236092266,2.8720274872876903,0.3953365129835718,1433,1,2,2
656290,R,519,348,91.46551724137932,2.644218935678835,0.20423892100192678,135,0,1,0
656302,R,11768,5277,96.44576463899944,2.9212058207912355,0.4965159755268525,2816,2,2,2
656322,R,1842,1207,97.30687655343827,2.6469584520019964,0.1753528773072747,458,2,1,0
656353,L,2104,893,92.42575587905935,2.3970277097495223,0.5228136882129277,571,1,0,2
656354,L,2728,1345,93.68869888475837,2.802555490679416,0.33614369501466274,659,2,2,2
656382,R,427,199,94.20552763819096,2.37096870402983,0.13348946135831383,120,1,0,0
656412,R,1998,1002,92.79471057884231,2.5295719174031617,0.3663663663663664,506,1,1,2
656420,R,1478,741,92.95047233468287,2.970342695452367,0.2861975642760487,356,1,2,1
656427,R,11434,6136,93.24379074315516,2.5206305024349285,0.4163897148854294,2717,1,1,2
656457,L,1415,556,90.03651079136691,2.7902636524686666,0.10247349823321555,368,0,2,0
656458,L,1523,1042,93.5996161228407,2.765269903198937,0.3020354563361786,371,2,2,1
656464,R,2819,1643,95.23743152769325,2.8040952511919457,0.41433132316424265,681,2,2,2
656529,L,3039,1642,95.13934226552983,2.4199181149847493,0.45771635406383676,785,2,0,2
656546,R,7048,3916,94.41636874361593,2.6233218131913563,0.30192962542565266,1742,1,1,1
656547,R,2908,1456,92.42335164835164,2.817817140755207,0.2998624484181568,760,0,2,1
656548,R,727,324,95.57253086419753,2.5571608983908463,0.5281980742778541,165,2,1,2
656557,R,4064,1960,93.93428571428572,2.4260650504448726,0.3826279527559055,1057,1,0,2
656578,R,1350,590,94.55084745762711,2.8183378197201745,0.20592592592592593,345,2,2,0
656605,R,8742,4698,94.59774372073223,2.729006483373333,0.25520475863646763,2262,2,2,1
656629,R,5818,3621,95.4941452637393,2.8965071080786293,0.33533860433138535,1438,2,2,1
656638,R,2825,979,96.08120531154239,2.206088205908623,0.5058407079646018,721,2,0,2
656657,L,1193,597,90.19212730318257,2.8922691620799665,0.16764459346186086,306,0,2,0
656685,L,2892,1479,93.58329952670724,2.402308925809208,0.48858921161825725,816,2,0,2
656686,R,1139,684,94.45336257309941,2.8150221101074364,0.257243195785777,277,2,2,1
656713,L,875,500,93.69439999999999,2.741335969305003,0.26171428571428573,214,2,2,1
656725,R,711,409,92.4838630806846,2.170989748122624,0.3206751054852321,179,0,0,1
656730,R,1827,1161,98.01429801894919,2.6880880448397146,0.3645320197044335,458,2,2,2
656731,R,4558,2586,94.9344547563805,2.6501546968621796,0.25625274243089075,1127,2,2,1
656738,R,368,244,91.56557377049181,2.524434589753299,0.23641304347826086,97,0,1,1
656756,L,11963,5559,92.6147148767764,2.576490756959757,0.26899607121959374,3132,1,1,1
656786,L,366,78,92.79743589743589,2.586386510171764,0.4808743169398907,99,1,1,2
656793,R,1979,950,96.18084210526317,2.7228132436240418,0.2248610409297625,494,2,2,0
656794,L,7685,4726,93.73899703766399,2.675422534157138,0.22108002602472349,1815,2,2,1
656798,R,649,403,92.93498759305211,2.687562448306284,0.2357473035439137,184,1,2,1
656803,R,928,563,96.90390763765542,2.526416196904246,0.11745689655172414,213,2,1,0
656805,R,243,143,89.5972027972028,2.6980115741968795,0.2345679012345679,65,0,2,1
656814,R,562,268,94.13432835820896,2.7571338177567024,0.4306049822064057,149,1,2,2
656818,R,941,447,91.25615212527964,2.6116825701887008,0.2784272051009564,242,0,1,1
656849,L,5752,3032,92.64739445910291,2.6616361256467616,0.29694019471488176,1426,1,1,1
656876,R,4407,2149,96.23908794788274,2.848086520673474,0.27093260721579304,1135,2,2,1
656887,R,2109,1225,93.83591836734693,2.8325778021868873,0.31199620673304884,499,1,2,1
656945,L,5293,2577,96.74004656577416,2.4391287587617483,0.5131305497827319,1304,2,0,2
656954,L,3242,1540,92.30967532467533,2.527702656784285,0.33590376310919184,849,1,1,2
656970,L,2531,1038,89.01396917148362,2.7014902763012354,0.2512840774397471,678,0,2,1
656977,R,870,506,96.07826086956521,2.646076095992681,0.4091954022988506,212,2,1,2
656981,R,463,245,92.67265306122448,2.725108882898271,0.2678185745140389,122,1,2,1
656986,L,504,234,94.18760683760685,2.8175396108693604,0.5357142857142857,130,2,2,2
657006,L,5659,3651,92.13812654067378,2.735735968419417,0.3389291394239265,1471,1,2,2
657024,R,3603,1938,93.63720330237358,3.000148648312162,0.18623369414376909,892,1,2,0
657031,L,2111,1134,94.3236331569665,2.720096490690846,0.46234012316437706,523,2,2,2
657044,R,2014,1199,90.73619683069224,2.262883278179548,0.3788480635551142,550,0,0,2
657053,R,4558,2237,93.11734465802414,2.3622423527971095,0.3036419482229048,1132,1,0,1
657093,R,2683,1159,91.0481449525453,2.771607422136632,0.23108460678345136,735,0,2,0
657097,R,2192,1084,94.6200184501845,2.718743582872563,0.21578467153284672,553,2,2,0
657117,R,201,102,93.71470588235293,2.5940861278894043,0.4427860696517413,49,1,1,2
657140,R,4504,2051,94.32910775231595,2.6268893720390296,0.413854351687389,1215,1,1,2
657141,R,1751,827,91.28186215235793,2.442799186620042,0.29811536264991434,412,0,0,1
657205,L,721,426,91.73333333333333,2.478741546418984,0.29958391123439665,180,1,1,1
657228,R,681,387,94.4857881136951,2.44911302430957,0.2907488986784141,173,2,0,1
657240,R,2086,963,97.6238836967809,2.7743447258722713,0.44247363374880155,532,2,2,2
657248,R,2856,1404,92.25584045584046,2.7554759044002775,0.44502801120448177,749,0,2,2
657265,R,1253,679,92.53888070692194,2.9675952642554155,0.29848363926576216,311,0,2,1
657272,R,495,303,93.48151815181518,2.505098278599475,0.2868686868686869,130,1,1,1
657277,R,10034,4169,92.43626769009354,2.4538969259328867,0.25662746661351404,2629,0,0,1
657376,R,3897,1132,93.94452296819787,2.3610698068638607,0.4870413138311522,999,1,0,2
657424,L,301,158,93.30316455696202,3.1795250265638666,0.4717607973421927,77,2,2,2
657508,R,1833,928,95.91314655172413,2.9009643968483516,0.46208401527550463,472,2,2,2
657514,L,903,507,90.94280078895464,2.396720064206883,0.42524916943521596,229,0,0,2
657566,R,327,150,92.24199999999999,2.8540302433561426,0.13761467889908258,88,0,2,0
657571,L,3581,2555,94.82747553816047,2.786179923639323,0.17146048589779392,888,2,2,0
657585,R,859,499,95.8625250501002,2.5871877990892678,0.1478463329452852,213,2,1,0
657610,R,2112,950,89.14305263157894,2.1456786348119206,0.21448863636363635,590,0,0,0
657611,R,291,141,92.14539007092199,2.857863412207564,0.5154639175257731,72,0,2,2
657612,L,4137,3440,90.57281976744186,2.5630374998474315,0.14720812182741116,1089,0,1,0
657624,R,1883,1162,96.90972461273667,2.6323569113503344,0.22304832713754646,461,2,1,0
657649,L,652,320,89.2734375,2.4325164344354206,0.37423312883435583,177,0,0,2
657670,L,323,179,87.63631284916201,2.3822894465467352,0.26625386996904027,85,0,0,1
657681,L,357,183,86.49508196721311,2.5092636053572077,0.06162464985994398,93,0,1,0
657746,R,5465,3222,92.08094351334574,2.9750220457685628,0.2170173833485819,1376,0,2,0
657756,R,1971,1072,92.47714552238806,2.8248960497240643,0.30948756976154235,517,0,2,1
657770,L,497,183,91.91256830601093,2.901630317417001,0.5030181086519114,126,1,2,2
658305,R,1069,543,93.81786372007366,2.257549112070558,0.46024321796071094,255,1,0,2
658431,R,632,298,93.03422818791947,2.3740228311089164,0.3401898734177215,163,1,0,2
658551,R,980,480,97.65104166666667,2.431500171854303,0.26632653061224487,247,2,0,1
658648,R,1125,574,93.66114982578397,2.491478713746544,0.21066666666666667,279,1,1,0
658792,R,634,333,89.54864864864865,2.9953541645942243,0.35331230283911674,150,0,2,2
659262,R,375,288,93.86145833333333,2.5545168907290403,0.216,85,1,1,0
659275,R,6091,3119,95.54979159987175,2.5666585409136213,0.46347069446724676,1530,2,1,2
660261,R,1404,795,98.39710691823899,2.534284634958274,0.07407407407407407,357,2,1,0
660271,R,7585,2917,96.44134384641757,2.439064897418422,0.3882663150955834,1951,2,0,2
660365,L,589,269,89.92490706319703,2.462652630556029,0.26825127334465193,159,0,0,1
660494,R,332,161,90.89565217391305,2.91309716428856,0.2319277108433735,75,0,2,0
660546,R,478,307,95.45211726384365,2.8353184505438795,0.07531380753138076,120,2,2,0
660593,R,479,202,91.90445544554456,2.996242028911586,0.27139874739039666,121,0,2,1
660600,R,672,463,95.46393088552917,2.7593588211852165,0.3005952380952381,157,2,2,1
660623,R,2077,950,96.21378947368422,2.5650657455696404,0.46894559460760715,507,2,1,2
660730,R,580,309,93.17022653721682,2.718033198545911,0.33448275862068966,153,1,2,1
660761,L,5525,2515,92.2996421471173,2.5677782382985916,0.265158371040724,1437,1,1,1
660787,R,842,513,95.11988304093568,2.449624637066212,0.3087885985748218,216,2,0,1
660813,R,2555,1477,99.25646580907244,2.7296464024328007,0.2532289628180039,731,2,2,1
660825,R,558,253,94.19762845849803,2.411769752152607,0.4659498207885305,144,1,0,2
660853,R,3084,1912,95.11867154811715,2.707053357031788,0.25551232166018156,768,2,2,1
660896,R,1657,717,96.76555090655508,2.6824527236859375,0.4212432106216053,415,2,2,2
660906,L,635,343,92.65160349854227,2.393113529123041,0.33858267716535434,150,1,0,2
661255,R,1683,931,96.07303974221267,2.7016174487904934,0.4206773618538324,477,2,2,2
661269,R,2492,1193,93.11391450125733,2.773134420388407,0.3900481540930979,652,1,2,2
661309,R,1955,1067,93.82999062792878,2.5101222550165057,0.1979539641943734,500,1,1,0
661383,R,941,513,95.91052631578947,2.4563821777222254,0.45483528161530284,249,2,0,2
661395,R,2030,955,101.29256544502617,2.9416896717458227,0.31182266009852216,521,2,2,1
661403,R,3415,52,99.78846153846153,2.2681359408112334,0.31947291361639824,946,2,0,1
661440,R,1108,619,94.67011308562198,2.4582876676921255,0.3944043321299639,277,2,0,2
661527,R,1411,789,91.06958174904942,2.4534092434672576,0.27852586817859676,366,0,0,1
661563,R,615,333,96.19969969969969,2.992943384242368,0.38699186991869916,148,2,2,2
662253,R,2285,1079,99.5840593141798,2.681209881349028,0.5256017505470459,560,2,2,2
663158,R,1249,801,97.60449438202247,2.5513404598606604,0.04723779023218575,299,2,1,0
663362,R,673,297,91.30269360269361,2.5265653615286894,0.16047548291233285,173,0,1,0
663366,R,377,214,93.13504672897197,2.764231432783578,0.3129973474801061,88,1,2,1
663372,R,2587,1352,94.18261834319526,2.628645110028273,0.3880943177425589,662,1,1,2
663378,L,371,231,94.15367965367966,2.6941212810592394,0.2857142857142857,86,2,2,1
663385,R,585,361,95.3628808864266,2.178614428057258,0.358974358974359,145,2,0,2
663399,L,262,132,92.64242424242424,2.6022780222167516,0.41603053435114506,65,1,1,2
663423,R,4907,2206,93.21631912964642,2.8195127985506074,0.3525575708171999,1237,1,2,2
663432,R,2586,1753,97.09372504278379,2.410271165344748,0.31322505800464034,612,2,0,1
663436,R,1039,480,93.99979166666667,2.712529256143798,0.4292589027911453,269,1,2,2
663455,L,1076,684,92.1561403508772,2.7189150332866,0.15055762081784388,266,1,2,0
663460,L,5638,2894,91.41326883206635,2.7542723325718765,0.1951046470379567,1432,1,2,1
663462,R,477,223,95.01390134529147,2.816759512185071,0.5303983228511531,120,2,2,2
663465,L,4190,2032,91.46062992125984,2.611405093409703,0.10071599045346062,1077,1,1,0
663474,R,5616,3263,92.35384615384615,2.8455738430605506,0.40527065527065526,1434,0,2,2
663485,R,1014,507,92.38579881656804,2.8332696652732667,0.21400394477317555,244,0,2,0
663531,L,1665,733,92.7212824010914,2.773823375894528,0.38078078078078076,434,1,2,2
663546,R,988,532,94.30432330827068,2.5868215382697706,0.409919028340081,254,1,1,2
663554,R,3055,1585,93.59514195583596,2.793294897728405,0.30474631751227493,789,1,2,1
663556,L,6221,2434,96.62777321281841,2.629564718181066,0.4079729946953866,1626,2,1,2
663558,L,1577,767,93.23846153846154,2.54027951602184,0.04946100190234623,386,2,1,0
663559,L,3138,1875,91.14410666666667,2.8188344422816902,0.34703632887189295,832,0,2,2
663562,R,632,325,93.51938461538461,2.394621398649346,0.24050632911392406,153,1,0,1
663567,R,3136,1521,92.9267587113741,2.5482003142009337,0.2971938775510204,805,1,1,1
663574,R,1221,580,95.48189655172413,2.8156414216323573,0.48484848484848486,299,2,2,2
663623,R,2142,1374,94.22998544395924,2.681422067550047,0.3062558356676004,530,1,2,1
663629,L,225,130,91.45692307692308,2.8172511159716556,0.035555555555555556,56,1,2,0
663658,R,681,289,93.20103806228373,2.6690779917746066,0.36123348017621143,160,1,2,2
663687,L,1107,519,92.58516377649325,2.706627744441111,0.13821138211382114,284,1,2,0
663704,R,340,123,94.0260162601626,2.5013688872856528,0.6323529411764706,90,1,1,2
663734,R,801,393,91.75903307888042,2.8308807480092097,0.36953807740324596,208,0,2,2
663738,L,4485,2140,93.65943925233645,2.884998590056234,0.328428093645485,1134,2,2,2
663752,R,568,243,94.76707818930042,2.8454730515306785,0.0897887323943662,138,2,2,0
663753,R,872,444,93.40765765765765,2.5242787383571734,0.1444954128440367,213,1,1,0
663765,R,3115,1785,91.99596638655461,2.5186063124428903,0.365008025682183,777,0,1,2
663770,R,574,349,91.2461318051576,3.1120951938462555,0.16202090592334495,134,0,2,0
663773,R,1389,876,93.88253424657535,2.2858555372830196,0.29301655867530596,365,1,0,1
663776,L,7805,3071,93.12204493650276,2.585044074409287,0.3424727738629084,1976,2,1,2
663804,R,1506,710,96.02788732394366,2.5945074213811714,0.17928286852589642,373,2,1,0
663855,R,4079,2925,100.11825641025642,2.523618371379017,0.2561902427065457,1037,2,1,1
663878,R,1362,809,97.53918417799753,2.7108134721853796,0.3876651982378855,334,2,2,2
663903,R,8317,4558,93.18685827117157,2.5156048376348012,0.39377179271371887,2172,1,1,2
663941,R,1297,476,94.68781512605042,2.6870994053264488,0.6291441788743254,354,2,2,2
663947,L,1342,532,91.31109022556392,2.724889218431332,0.1736214605067064,363,0,2,0
663978,R,5524,3298,94.20003032140691,2.788624085958893,0.11422881969587255,1339,1,2,0
663986,R,3356,1741,95.89483055715105,2.8824025905182173,0.27264600715137066,843,2,2,1
663992,L,1073,583,92.53722126929674,2.630168669127098,0.45013979496738116,280,1,1,2
664028,R,803,538,91.89330855018586,2.592875496713799,0.1706102117061021,206,0,1,0
664042,R,1570,585,93.49948717948718,2.624328608675386,0.21528662420382166,391,1,1,0
664045,R,1575,724,86.06008287292818,2.3496904185372216,0.3898412698412698,430,0,0,2
664054,R,1125,572,91.25664335664337,2.7691862830208267,0.4497777777777778,301,0,2,2
664062,R,6037,2528,93.36368670886075,2.6542076878557896,0.3165479542819281,1489,1,2,1
664074,R,975,418,93.16794258373206,2.5106316758531975,0.28923076923076924,236,1,1,1
664076,L,920,497,95.53480885311872,2.7394501866840275,0.4597826086956522,228,2,2,2
664092,R,1127,637,94.35792778649922,2.230945383183645,0.37533274179236914,299,1,0,2
664123,R,1033,496,90.52560483870967,2.5916691141040156,0.38044530493707646,286,0,1,2
664126,R,2730,1470,97.91034013605443,2.6761767487338983,0.4545787545787546,676,2,2,2
664129,R,1333,837,94.93882915173238,2.2578850601777587,0.3090772693173293,332,2,0,1
664139,R,2514,1160,95.34318965517242,2.8818757438681866,0.2243436754176611,630,2,2,0
664141,R,5101,2476,93.19781906300484,2.742519887840989,0.46030190158792395,1371,1,2,2
664157,L,735,531,91.46308851224106,3.1377748799378278,0.2585034013605442,164,1,2,1
664161,R,656,256,90.530859375,2.590903114300612,0.5914634146341463,153,0,1,2
664180,L,908,554,89.78194945848375,2.418046465782198,0.31277533039647576,215,0,0,2
664192,L,6107,3910,90.33613810741687,2.527372989425683,0.3425577206484362,1560,0,1,2
664196,R,652,439,92.65968109339407,2.2875994138320292,0.23159509202453987,176,1,0,0
664199,R,4880,2193,94.58463292293662,2.6573956495262645,0.3944672131147541,1199,2,2,2
664202,R,250,123,94.369918699187,2.6117426046244887,0.004,61,1,1,0
664208,R,5806,2702,91.54914877868245,2.946168623776502,0.4149156045470203,1502,0,2,2
664285,L,10873,5860,93.6329180887372,2.3152953764366373,0.34415524694196636,2978,2,0,2
664294,R,1628,634,95.56608832807571,2.9531325869102436,0.4772727272727273,413,2,2,2
664299,R,8098,4822,93.19952301949398,3.082215096064022,0.3560138305754507,1910,1,2,2
664337,R,834,296,92.19695945945946,2.752990041564517,0.31534772182254195,213,0,2,1
664350,R,557,267,97.5629213483146,2.742571920229781,0.08258527827648116,158,2,2,0
664353,R,6468,3362,93.16052944675789,2.8400903696840265,0.27690166975881264,1659,1,2,1
664641,L,3645,2108,92.30569259962049,2.6789711656957698,0.2299039780521262,932,1,2,1
664682,R,572,294,91.17108843537414,2.4378735872671795,0.4405594405594406,136,0,0,2
664701,R,464,308,92.4762987012987,2.76441604615159,0.24568965517241378,105,0,2,1
664714,R,529,285,92.08140350877193,2.6081432557767315,0.22495274102079396,138,0,1,0
664747,R,2205,1241,95.16680096696213,2.930401410734088,0.43718820861678004,541,2,2,2
664776,R,997,406,95.36576354679804,2.5843043457771517,0.5827482447342026,228,2,1,2
664849,L,261,126,88.73174603174604,2.395032956530227,0.5057471264367817,67,0,0,2
664854,R,3134,1741,98.58937392303274,2.539251768816152,0.4278876834716018,790,2,1,2
664856,R,844,488,91.95758196721312,2.5884478241688056,0.36729857819905215,198,0,1,2
664871,R,531,330,95.31363636363636,2.463215308350688,0.3032015065913371,137,2,0,1
664875,R,2256,1227,95.63259983700081,2.14390365582358,0.45611702127659576,603,2,0,2
664918,R,888,519,94.5028901734104,2.809607648547471,0.41103603603603606,210,2,2,2
664942,R,433,240,91.70541666666666,2.391261074592949,0.34872979214780603,117,0,0,2
664944,L,207,94,93.05531914893618,2.7999607707374508,0.3719806763285024,48,2,2,2
664948,L,1920,591,93.92639593908629,2.941493210645674,0.3020833333333333,495,2,2,1
665001,R,971,578,89.5015570934256,2.757448730483938,0.36766220391349125,234,0,2,2
665048,R,350,121,94.09834710743802,2.973327945922544,0.0,91,1,2,0
665093,R,500,250,91.76960000000001,2.1305041697724043,0.176,119,0,0,0
665152,R,6183,3038,93.38209348255431,2.742279940204389,0.1363415817564289,1575,1,2,0
665620,R,972,541,92.83253234750462,2.832603729472506,0.2551440329218107,251,1,2,1
665621,R,1332,788,92.9266497461929,2.5009751684680634,0.29354354354354356,314,1,1,1
665622,R,1943,1083,95.91486611265005,2.5389656808123697,0.35512094698919194,495,2,1,2
665625,R,1280,604,96.08559602649007,2.096995060277674,0.528125,346,2,0,2
665645,R,439,310,93.5883870967742,2.8280140313196998,0.2505694760820046,113,1,2,1
665665,L,1515,640,90.30421874999999,2.4360974520103005,0.24554455445544554,371,0,0,1
665733,R,309,190,94.52368421052631,2.7526113827716694,0.23948220064724918,79,2,2,1
665734,R,270,154,95.00389610389611,2.5782846694808566,0.35555555555555557,64,2,1,2
665759,R,338,217,94.08018433179724,2.738056011823197,0.31952662721893493,80,1,2,1
665795,R,3485,1234,96.1921393841167,2.629234635269338,0.33916786226685797,838,2,1,2
665854,R,577,290,94.32793103448276,2.3817294364820434,0.43500866551126516,144,1,0,2
665871,R,2393,1216,92.74983552631579,2.494247338246798,0.17216882574174677,615,1,1,0
665896,R,522,279,96.01290322580644,2.218612870805441,0.05938697318007663,124,2,0,0
666120,R,4719,2249,94.27114273010227,2.779751368484044,0.20131383767747404,1141,1,2,0
666129,L,4636,2011,90.63669816011934,2.4355723440007004,0.46893874029335636,1217,0,0,2
666142,L,2283,942,95.08917197452229,2.852721767500481,0.17696014016644765,566,2,2,0
666154,R,580,301,90.18205980066445,2.257138059921371,0.16896551724137931,158,0,0,0
666157,L,2320,1320,94.02007575757575,2.771489018542873,0.32112068965517243,607,2,2,2
666159,R,3582,2003,93.4025461807289,2.6637919285378326,0.35790061418202124,963,1,2,2
666168,R,1676,1189,95.36198486122792,2.4896225320987426,0.2834128878281623,459,2,1,1
666200,L,7444,3717,96.10454667742803,2.571982148975047,0.2841214400859753,1858,2,1,1
666201,R,6463,3940,93.30926395939086,2.76037240308871,0.2806746093145598,1659,1,2,1
666204,R,978,372,93.62204301075269,2.707406167755951,0.6165644171779141,247,1,2,2
666205,L,2347,1135,93.57365638766521,2.493624600114605,0.44951001278227526,580,2,1,2
666214,L,2476,1106,93.10623869801086,2.8058199642374864,0.14378029079159935,627,2,2,0
666277,R,882,357,94.6,2.63182789264987,0.3786848072562358,228,2,1,2
666364,R,391,186,95.08763440860214,2.9398532255922194,0.43478260869565216,108,2,2,2
666374,R,2230,811,97.59173859432798,2.823213403707203,0.6098654708520179,530,2,2,2
666619,R,1162,535,98.72841121495327,2.311729829823385,0.5283993115318416,319,2,0,2
666720,R,296,164,97.24329268292682,2.5660117018966337,0.375,70,2,1,2
666721,R,1032,475,93.10589473684212,2.5479964950602927,0.23062015503875968,259,1,1,0
666745,R,1441,709,95.90930888575458,2.8854973445284835,0.21790423317140875,372,2,2,0
666808,R,2707,636,98.14701257861635,2.4433974267305314,0.4296268932397488,676,2,0,2
666818,R,963,465,96.52021505376345,2.590982006633965,0.2118380062305296,245,2,1,0
666974,R,1407,761,96.09973718791063,2.3796480147350647,0.17057569296375266,380,2,0,0
667297,R,1198,593,94.65817875210793,2.5792648534843505,0.505008347245409,319,2,1,2
667376,R,678,257,94.1727626459144,2.532269530340209,0.10324483775811209,178,1,1,0
667427,R,1252,696,94.0308908045977,2.710897430522817,0.43370607028753994,282,1,2,2
667463,L,2140,1184,92.7164695945946,2.292993438558039,0.1411214953271028,623,1,0,0
667465,L,380,214,91.8873831775701,2.2182089160752705,0.21052631578947367,101,1,0,1
667498,R,1519,765,90.51071895424836,2.3938073927738257,0.4338380513495721,400,0,0,2
667755,R,667,259,98.45559845559846,2.3486368770697403,0.46326836581709147,185,2,0,2
668338,R,528,331,91.33383685800604,2.495474022663696,0.2803030303030303,140,0,1,1
668665,R,1052,587,94.54344122657581,2.707983654882546,0.20437262357414449,258,2,2,0
668674,R,1052,618,97.98139158576052,2.4136655092785753,0.1473384030418251,251,2,0,0
668676,R,7366,3253,92.7550261297264,2.705769798678339,0.33763236491990223,1950,1,2,2
668678,R,10745,5264,93.55074088145896,2.581195215756663,0.23052582596556537,2665,1,1,0
668820,R,744,364,94.30082417582418,2.864632530736232,0.4435483870967742,195,1,2,2
668868,L,1735,934,93.96531049250535,2.72803889912357,0.4201729106628242,423,2,2,2
668873,R,363,225,93.90622222222223,2.71324666593409,0.14049586776859505,89,1,2,0
668881,R,4273,2315,98.6183585313175,2.889264248241164,0.40627194008893047,1029,2,2,2
668909,R,1386,767,95.66114732724903,2.845072231102041,0.3903318903318903,345,2,2,2
668933,R,4070,594,96.93484848484849,2.2808921258477337,0.32997542997543,1088,2,0,1
668941,L,1152,598,94.87491638795986,2.525014432898783,0.21961805555555555,304,2,1,1
668948,L,570,220,92.51318181818182,3.036563851352328,0.13508771929824562,159,1,2,0
668970,R,751,468,93.65982905982906,2.7800751539066537,0.340878828229028,186,1,2,2
668984,R,231,148,94.27027027027027,2.9441376131252768,0.2943722943722944,61,1,2,1
669022,L,3708,2221,94.89500225123818,2.7658186259776625,0.3635382955771305,891,2,2,2
669060,R,4891,2881,93.06605345366192,2.6150359964743073,0.18871396442445307,1320,1,1,0
669084,L,637,337,95.84510385756677,2.82317726733872,0.28885400313971743,145,2,2,1
669093,R,353,286,96.01538461538462,2.863704602111467,0.1671388101983003,81,2,2,0
669145,L,2542,1088,90.5841911764706,2.8435905121446443,0.3103855232100708,695,0,2,1
669160,R,2998,1721,97.29535153980244,2.365018180118314,0.1694462975316878,767,2,0,0
669169,R,2261,1102,93.48284936479129,2.7899759238002244,0.30782839451570104,587,1,2,1
669194,R,2603,1456,94.41909340659342,2.783133970119434,0.19669611986169805,688,1,2,0
669203,R,11371,1934,95.73081695966907,2.2221393482703524,0.2808020402778999,2826,2,0,1
669211,L,3937,2224,92.62153776978417,2.668633892491627,0.2524765049530099,984,1,1,1
669212,R,3609,1721,91.57890761185357,3.039121234038431,0.2460515378221114,934,0,2,1
669214,L,752,376,91.27420212765956,2.511498089858633,0.4375,183,0,1,2
669270,R,1340,759,95.79407114624506,2.6833197718023554,0.29402985074626864,368,2,2,1
669276,L,1165,509,92.05599214145383,2.7533847722612936,0.47124463519313303,311,1,2,2
669294,R,464,214,92.70794392523365,2.7254140779037646,0.47844827586206895,120,1,2,2
669302,R,8033,4187,95.71609744447098,2.798576838620035,0.37096974978214864,2039,2,2,2
669330,R,4434,1922,93.60582726326743,3.0844541926622706,0.15877311682453765,1117,1,2,0
669358,R,642,286,96.35874125874125,2.929461725211989,0.4797507788161994,166,2,2,2
669373,L,6241,3252,94.6389298892989,2.792436778351713,0.30988623618009936,1554,2,2,1
669387,R,617,309,95.69514563106796,2.9361224346525012,0.22042139384116693,152,2,2,0
669395,R,1695,902,97.23481152993348,2.5885981770695254,0.40766961651917405,410,2,1,2
669424,R,1769,800,94.049125,2.797133758210151,0.4087054833239118,444,1,2,2
669432,L,4983,2809,94.34215023139906,2.5771659804457046,0.06983744732089103,1206,2,1,0
669438,R,950,287,91.13937282229965,2.9704041860090182,0.4305263157894737,253,0,2,2
669456,R,12623,5197,92.54918222051182,2.5867583180446037,0.4426839895428979,3367,0,1,2
669459,L,1657,531,91.97871939736346,2.8700189851807876,0.5896197948098975,445,1,2,2
669461,L,1704,951,93.90820189274447,2.816839568251065,0.34800469483568075,436,2,2,2
669467,R,2886,1895,95.53646437994723,2.402533701027382,0.34303534303534305,759,2,0,2
669618,R,1151,438,94.34452054794521,2.828634566070994,0.6194613379669852,301,1,2,2
669622,R,1246,683,97.0484626647145,2.7561951913982363,0.43418940609951845,325,2,2,2
669674,L,2240,1019,93.79764474975467,2.606808424944424,0.35580357142857144,546,2,1,2
669684,L,864,335,93.92268656716418,2.8309218416759556,0.5486111111111112,212,2,2,2
669711,R,530,304,94.35723684210525,2.4115407082275344,0.30754716981132074,135,1,0,1
669713,R,1967,953,93.45393494228752,2.5389134594302973,0.35231316725978645,511,1,1,2
669721,R,218,116,93.40086206896552,2.872918709529002,0.3577981651376147,52,1,2,2
669735,R,504,329,95.76626139817628,2.227184253093305,0.2996031746031746,134,2,0,1
669796,L,858,284,94.61830985915492,2.664531867786002,0.5594405594405595,223,2,1,2
669854,R,1025,419,94.57875894988067,2.9230813569385754,0.5034146341463415,258,2,2,2
669912,L,1079,578,93.26851211072663,2.322068479790231,0.3799814643188137,296,2,0,2
669920,R,1153,704,92.44275568181818,2.197667602535412,0.23156981786643538,321,0,0,0
669923,R,4902,2917,95.67199177236887,2.9689230349114655,0.2727458180334557,1299,2,2,1
669935,R,573,314,93.56114649681528,2.651232720429665,0.29668411867364747,135,1,2,1
669947,R,1443,628,92.76003184713376,2.7033391139729246,0.5308385308385308,377,1,2,2
669952,R,2761,1400,93.93178571428571,2.685332467474151,0.465773270554147,702,1,2,2
670036,R,1623,763,92.47509829619922,2.6961528795294716,0.5194085027726433,403,0,2,2
670046,L,735,320,90.736875,2.553795953369035,0.10204081632653061,193,0,1,0
670056,L,704,550,93.28327272727273,2.71380726977512,0.21732954545454544,185,2,2,1
670059,R,1359,682,97.3391495601173,2.2369937566527107,0.33112582781456956,358,2,0,1
670090,R,731,474,91.94198312236287,2.439897859964555,0.35157318741450067,190,0,0,2
670102,R,546,282,94.41134751773049,2.748951764730605,0.47985347985347987,139,1,2,2
670124,R,1704,743,93.44683714670256,2.961221362405684,0.24061032863849766,438,1,2,1
670167,R,2421,1340,92.84850746268657,2.473512799299754,0.3638992152003304,603,1,0,2
670174,R,2568,1173,95.10537084398977,2.5328346339876937,0.23753894080996885,683,2,1,1
670241,R,307,102,89.79803921568627,2.58987201501977,0.08143322475570032,84,0,1,0
670280,R,3189,1762,96.49233825198638,3.025549249035151,0.25337096268422704,804,2,2,1
670329,R,677,390,94.69205128205128,2.5729036482323657,0.16100443131462333,167,2,1,0
670426,L,374,188,90.79148936170212,2.449882031769702,0.4893048128342246,87,0,0,2
670456,R,742,434,94.1626728110599,2.841141699439411,0.41509433962264153,172,1,2,2
670550,R,300,156,92.37948717948719,2.747094351823688,0.4,77,0,2,2
670766,R,257,115,88.33478260869565,2.6515649509396533,0.4163424124513619,65,0,2,2
670810,R,450,210,95.33761904761906,2.696903855521709,0.33555555555555555,120,2,2,1
670912,R,5477,2535,95.56741617357002,2.5923108816491847,0.4798247215628994,1409,2,1,2
670950,R,8611,4179,91.64673366834171,2.794978245725445,0.10962722099639996,2100,0,2,0
670955,R,702,345,93.20753623188405,2.704118978560464,0.14957264957264957,173,1,2,0
670970,L,1250,775,96.51664516129031,2.6840380609876933,0.2728,326,2,2,1
670990,R,2179,1403,95.32451888809693,2.3635852864242977,0.34465351078476364,551,2,0,2
671096,L,1885,942,92.7328025477707,2.7886833257709824,0.3363395225464191,459,1,2,2
671106,L,2127,959,91.40187695516163,2.852935056707818,0.24729666196520922,537,1,2,1
671111,L,378,135,89.81777777777778,2.672600723073131,0.2724867724867725,90,0,1,1
671131,R,346,207,95.55265700483092,2.781779383886484,0.2745664739884393,88,2,2,1
671212,R,240,140,97.82285714285715,2.94071183609898,0.4166666666666667,60,2,2,2
671345,R,2202,1533,96.67651663405088,2.290513663626025,0.2075386012715713,577,2,0,0
671737,R,1814,816,96.12303921568626,2.8421723514541997,0.16703417861080486,460,2,2,0
671790,R,855,494,93.98663967611337,2.462394628987171,0.3730994152046784,217,1,0,2
672282,L,5145,2269,93.71573380343764,3.015798596317497,0.48027210884353744,1284,2,2,2
672335,L,2733,1708,96.29069086651054,2.5641842917849478,0.349432857665569,706,2,1,2
672391,R,921,594,96.05959595959597,2.700497982837618,0.2942453854505972,244,2,2,1
672578,R,3968,2145,97.62741258741258,2.814150954254083,0.35408266129032256,991,2,2,2
672582,L,928,537,94.40055865921788,2.6606824137407945,0.24245689655172414,246,2,1,1
672710,R,2769,1256,95.14968152866243,2.722999972121406,0.5135427952329361,722,2,2,2
672715,R,2484,1540,95.50662337662338,2.563298818862257,0.29106280193236717,615,2,1,1
672773,R,635,351,94.07236467236467,2.4467066789151506,0.2551181102362205,159,1,0,1
672851,R,2214,1370,94.80197080291971,2.626450118462565,0.27822944896115626,573,2,1,1
672911,R,202,118,94.20254237288135,2.901167581158528,0.3712871287128713,46,1,2,2
673258,R,643,373,95.88284182305631,2.788736954801341,0.07465007776049767,161,2,2,0
673540,R,2787,1031,95.66721629485936,2.6343747042291024,0.14244707570864729,694,2,1,0
673633,R,2271,1143,91.10192475940508,2.5346998777444223,0.006164685160722149,556,0,1,0
674003,L,968,527,90.37703984819734,2.7568320447519037,0.04338842975206612,234,0,2,0
674072,L,2153,1102,91.01960072595281,2.753226083477477,0.3283790060380864,586,0,2,2
674285,R,239,151,93.15761589403974,2.5724980549673,0.3179916317991632,61,1,1,1
674370,R,938,482,94.6765560165975,2.539660955399983,0.3624733475479744,236,2,1,2
674444,R,244,160,97.55875,2.3055774195625025,0.27459016393442626,62,2,0,1
674944,L,355,201,93.03432835820897,3.097014332993099,0.3436619718309859,98,2,2,2
675540,R,1657,819,92.47643467643468,2.7733994677142633,0.46469523234761617,451,0,2,2
675627,R,1614,661,94.6105900151286,2.601911001809919,0.540272614622057,435,2,1,2
675911,R,5409,3376,97.66694312796209,2.7164379032471118,0.31410611943057865,1300,2,2,1
675912,L,670,360,90.71944444444445,2.8826743103070562,0.2865671641791045,166,0,2,1
675916,R,2993,1796,95.45367483296214,3.193442667423308,0.39993317741396595,697,2,2,2
675921,R,2137,1217,94.24535743631883,2.5863625985402297,0.29106223678053345,534,1,1,1
675989,R,452,246,95.2239837398374,2.5379845129541723,0.28982300884955753,107,2,1,1
676050,L,1010,556,91.91924460431655,2.736903608635892,0.17425742574257425,264,1,2,0
676051,R,1414,830,96.37373493975903,2.5912559261037695,0.2369165487977369,372,2,1,1
676083,R,515,257,92.5260700389105,2.66065585676194,0.44854368932038835,141,0,2,2
676092,R,948,464,95.8176724137931,2.2161211532429803,0.4430379746835443,246,2,0,2
676130,R,829,462,93.81818181818181,2.9164123296683955,0.2195416164053076,202,1,2,0
676194,R,365,211,94.55639810426541,2.800340650560302,0.07671232876712329,96,2,2,0
676206,R,297,153,95.25816993464052,3.003672492815491,0.3501683501683502,68,2,2,2
676220,R,452,303,93.6,2.623310176485541,0.3252212389380531,103,1,1,1
676254,R,1075,532,94.82406015037594,2.5543948836258354,0.5051162790697674,263,2,1,2
676265,R,1892,954,91.9353249475891,2.862494641934302,0.48414376321353064,479,0,2,2
676272,R,1952,937,98.93180362860193,2.620009416858951,0.35911885245901637,505,2,1,2
676395,L,518,251,94.33625498007969,2.5263774337854805,0.2413127413127413,127,2,1,1
676440,R,2319,1093,94.90622140896615,2.938659515279953,0.09314359637774904,585,2,2,0
676477,R,3503,2075,95.10867469879518,2.6108511616198933,0.18755352554952898,913,2,1,0
676534,R,946,327,95.2,2.676434028610978,0.48308668076109934,221,2,2,2
676596,L,3501,1730,90.9085549132948,2.1075597257247862,0.09111682376463867,968,0,0,0
676604,R,917,475,94.37157894736842,2.8263856293601153,0.40239912758996726,222,1,2,2
676606,L,1885,1132,89.13348056537103,2.620877168737086,0.32785145888594164,480,0,1,2
676637,R,214,54,89.29444444444444,2.6530444704483527,0.7476635514018691,57,0,2,2
676641,R,360,134,92.80820895522388,2.5760155775931306,0.08333333333333333,99,1,1,0
676664,L,3933,2043,93.10137053352912,2.832229995863195,0.32214594457157386,1023,2,2,2
676680,L,831,391,91.52941176470588,2.596442284281627,0.5258724428399518,205,1,1,2
676684,R,2461,1374,94.76419213973799,2.778771712188188,0.308411214953271,627,2,2,1
676710,R,3445,1347,93.97327394209354,2.938871944052283,0.2397677793904209,874,1,2,1
676714,L,1185,607,93.18533772652388,2.6748011959429756,0.47848101265822784,303,2,2,2
676760,R,1647,794,94.13954659949623,2.796308555303755,0.14268366727383122,386,1,2,0
676775,R,590,243,95.78436213991769,2.9205905467569533,0.03559322033898305,172,2,2,0
676831,R,746,401,93.58329177057357,2.829832264049364,0.1581769436997319,175,1,2,0
676840,R,1460,981,93.32395514780836,2.25485888377881,0.2589041095890411,419,1,0,1
676879,L,2396,882,95.83015873015873,2.4984152170801472,0.42237061769616024,605,2,1,2
676886,R,484,282,95.20283687943262,2.828422924958514,0.26859504132231404,114,2,2,1
676969,R,906,505,93.79485148514851,2.324880762506114,0.19205298013245034,237,1,0,0
676979,L,1283,839,96.87091775923719,2.6694280588646118,0.2720187061574435,315,2,1,1
677020,L,218,143,94.56013986013986,2.7766940186488966,0.3302752293577982,48,2,2,2
677053,L,1329,817,94.52435740514075,2.9735193390216375,0.3619262603461249,320,2,2,2
677161,R,403,189,94.54761904761905,2.5510449952740344,0.14392059553349876,102,2,1,0
677651,R,5621,2409,93.57862183478622,2.554357724555867,0.2077922077922078,1438,1,1,0
677865,L,1023,222,88.73873873873873,2.274271660192704,0.2727272727272727,293,0,0,1
677944,R,417,245,94.12530612244898,2.817717923413068,0.3669064748201439,111,1,2,2
677960,L,2766,1641,94.33418647166361,2.608542250931562,0.26174981923355023,663,2,1,1
677976,R,1929,1065,91.85708920187794,2.048016937120397,0.32918610679108345,546,0,0,1
678061,L,514,254,95.94566929133859,2.791136076969399,0.4085603112840467,135,2,2,2
678394,R,3610,2027,95.5508633448446,2.4667940455098836,0.18975069252077562,936,2,0,0
678606,L,555,398,95.46733668341709,2.4826958156024217,0.018018018018018018,142,2,1,0
679525,R,1336,593,94.22276559865092,2.6939853228584423,0.406437125748503,342,1,2,2
679885,R,236,142,100.58028169014084,2.3077732230793218,0.1906779661016949,57,2,0,0
680570,R,2103,1042,97.36381957773513,2.9292465368602794,0.23680456490727533,515,2,2,1
680686,R,6594,2687,94.06166728693711,2.7099422433253273,0.49014255383682137,1643,1,2,2
680689,R,330,173,96.23179190751445,2.819445149056138,0.17575757575757575,81,2,2,0
680694,R,4623,2179,94.55314364387333,2.77921971465005,0.46052346960847934,1180,2,2,2
680702,R,233,152,93.30657894736842,2.786847243861696,0.34763948497854075,62,1,2,2
680704,R,2342,1119,93.2520107238606,2.6503982934693626,0.4735269000853971,560,1,2,2
680723,L,669,458,89.50764192139738,2.5846845966786653,0.23617339312406577,170,0,1,1
680735,L,575,280,91.48392857142858,2.789380258824285,0.16869565217391305,149,1,2,0
680739,R,1670,618,94.16391585760519,2.8821055901060024,0.45209580838323354,434,1,2,2
681190,R,668,323,94.3139318885449,2.55804337561322,0.23203592814371257,166,1,1,0
681217,R,1379,669,94.95470852017937,2.7159996913742717,0.25453226976069615,350,2,2,1
681402,R,402,201,95.63432835820896,2.80217474267558,0.4502487562189055,103,2,2,2
681806,R,1969,887,93.70462232243517,3.164753696263441,0.25088877602844084,484,1,2,1
681810,R,571,299,93.57725752508361,2.625701623121863,0.4290718038528897,160,1,1,2
681857,R,1742,843,94.77212336892052,2.4536694182831056,0.36452353616532723,422,2,0,2
681867,R,638,233,88.46952789699571,2.2177700082222236,0.3495297805642633,174,0,0,2
681882,R,436,202,96.58316831683167,2.4767607653172363,0.536697247706422,114,2,0,2
681911,L,2575,1739,93.97970097757333,2.969810826871374,0.2683495145631068,627,2,2,1
681982,R,594,269,92.92118959107806,2.6177005319043523,0.4983164983164983,154,1,1,2
682010,R,339,165,94.49333333333333,2.690527669454052,0.5132743362831859,92,2,2,2
682051,R,1326,773,92.27503234152653,2.7630082983445763,0.3054298642533937,343,0,2,1
682120,L,504,237,96.53248945147679,2.6915927888052193,0.5297619047619048,121,2,2,2
682171,R,1221,573,88.80680628272252,2.6909933302701114,0.5307125307125307,330,0,2,2
682175,L,433,274,91.31058394160583,2.1406630613233433,0.34872979214780603,122,0,0,2
682227,L,1934,719,92.80083449235049,2.899370784838939,0.16597724922440538,490,1,2,0
682243,R,2087,1369,95.10971512052593,2.7814762730240736,0.28318160038332535,537,2,2,1
682842,R,517,350,99.498,2.183088851019622,0.3230174081237911,127,2,0,1
682847,R,1732,936,96.36004273504274,2.2326704253311846,0.33371824480369516,469,2,0,1
682990,R,862,458,93.2617903930131,2.4407915148461568,0.3619489559164733,234,1,0,2
683175,R,379,240,96.4,2.4967759257333926,0.35356200527704484,96,2,1,2
683232,R,959,602,95.69817275747509,2.97896320554093,0.37017726798748696,227,2,2,2
683769,R,855,364,93.41978021978022,2.8903419677068634,0.36257309941520466,222,1,2,2
685410,R,550,245,90.82734693877552,2.7800082953940235,0.10727272727272727,146,0,2,0
685493,R,498,203,90.76600985221675,2.708323170622638,0.19678714859437751,120,0,2,0
685503,R,1077,427,90.74332552693208,2.190789282122452,0.18012999071494892,285,0,0,0
686218,R,1028,618,95.43673139158577,2.9777983484742916,0.22762645914396887,248,2,2,0
686294,R,460,287,95.81811846689895,2.616109496256894,0.30434782608695654,116,2,1,1
686610,L,3131,1715,93.4866472303207,2.8638225024371975,0.29096135419993613,785,2,2,1
686613,R,3024,1417,95.80677487649966,2.877227879636439,0.2605820105820106,745,2,2,1
686651,R,223,107,94.35794392523364,2.9623233902723367,0.4439461883408072,55,1,2,2
686654,R,206,90,96.61222222222223,2.760830629565607,0.5631067961165048,58,2,2,2
686730,R,289,122,93.0967213114754,2.8075389518138443,0.21107266435986158,64,1,2,0
686747,L,539,271,88.14354243542437,2.452351868746407,0.3821892393320965,145,0,0,2
686752,R,1384,744,93.95564516129032,2.7288143234816133,0.16473988439306358,319,1,2,0
686753,R,1042,613,95.67194127243067,2.587336773167737,0.2965451055662188,272,2,1,1
686826,R,369,193,95.34196891191709,2.525113813817976,0.3604336043360434,92,2,1,2
686839,R,649,257,94.14124513618677,2.4964733431218646,0.5947611710323575,177,1,1,2
686973,R,1499,672,94.88184523809524,2.749852924810243,0.4296197464976651,389,2,2,2
687330,R,1066,525,90.59104761904763,2.29578063928072,0.4090056285178236,276,0,0,2
687396,L,493,277,91.68339350180506,2.652877260443914,0.38336713995943206,117,1,1,2
687798,R,390,207,95.24927536231884,2.77367850479377,0.15128205128205127,106,2,2,0
687830,R,336,143,93.06083916083917,2.3509499083204526,0.31845238095238093,82,1,0,1
687888,L,365,111,91.29909909909911,2.5969944680614416,0.22465753424657534,106,0,1,1
689225,R,1907,1055,94.98957345971564,2.453496071445673,0.21919244887257472,491,2,0,0
689266,L,565,276,92.14166666666667,2.561501044228534,0.2867256637168142,164,1,1,1
690829,R,202,161,100.92484472049689,2.331369421992956,0.20297029702970298,48,2,0,0
690986,L,587,357,93.54761904761905,2.899106883272982,0.2657580919931857,147,2,2,1
691587,R,1529,694,97.53544668587897,2.553161462590327,0.44800523217789406,374,2,1,2
693433,R,1445,1045,95.08468899521532,2.635038965353649,0.24013840830449826,371,2,1,1
693821,R,3708,1968,90.02896341463415,2.347224661016078,0.3333333333333333,959,0,0,1
694037,R,491,329,98.39908814589666,2.7707458483722016,0.31771894093686354,119,2,2,1
694297,R,1605,889,93.5474690663667,2.666569827794989,0.32585669781931464,421,1,2,1
694363,L,859,377,91.37029177718833,2.632715011728535,0.32945285215366704,230,1,1,2
694813,R,544,229,94.23144104803494,2.4830922627954175,0.06801470588235294,152,1,0,0
695243,R,608,341,98.26686217008798,2.813374906936601,0.2450657894736842,139,2,2,1
696136,L,580,279,91.78637992831541,2.3494731927997083,0.12586206896551724,147,1,0,0
696147,R,316,121,96.85454545454544,3.0404492076647407,0.6012658227848101,77,2,2,2
700363,R,454,245,94.4604081632653,2.5898097145801655,0.35462555066079293,105,2,1,2
701643,R,638,298,94.7241610738255,2.421938493366044,0.31504702194357365,158,2,0,1
