{
  "means": {
    "release_speed": 88.78508703317817,
    "plate_x": 0.024710557776150104,
    "plate_z": 2.2600712085284487,
    "pfx_x": -0.12773369471117732,
    "pfx_z": 0.6688980855867236,
    "effective_speed": 88.53415319644678,
    "release_spin_rate": 2222.659592947972,
    "release_extension": 6.152641347320423,
    "release_pos_x": -0.7882310103151682,
    "release_pos_y": 54.35640058841798,
    "release_pos_z": 5.887114023333258
  },
  "stds": {
    "release_speed": 5.985562745694729,
    "plate_x": 0.8663084174343468,
    "plate_z": 0.9601943832821673,
    "pfx_x": 0.882775602791734,
    "pfx_z": 0.7480075377712123,
    "effective_speed": 6.234727675996692,
    "release_spin_rate": 334.62430347751445,
    "release_extension": 0.5156431717411317,
    "release_pos_x": 1.8992776154565443,
    "release_pos_y": 0.45087001524552467,
    "release_pos_z": 0.5187698932504978
  },
  "categories": {
    "pitch_type": [
      "CH",
      "CS",
      "CU",
      "EP",
      "FA",
      "FC",
      "FF",
      "FO",
      "FS",
      "IN",
      "KC",
      "KN",
      "SC",
      "SI",
      "SL",
      "ST",
      "SV"
    ],
    "p_throws": [
      "L",
      "R"
    ],
    "stand": [
      "L",
      "R"
    ],
    "balls": [
      "0",
      "1",
      "2",
      "3"
    ],
    "strikes": [
      "0",
      "1",
      "2"
    ]
  },
  "fit_seasons": [
    2015,
    2016,
    2017,
    2018,
    2019,
    2020,
    2021,
    2022,
    2023
  ]
}