batter,season,p_throws,pred_woba,rate_bb,rate_k,rate_hbp,rate_bip
621438,2024,L,0.3319010144789093,0.06918340624887541,0.2141627161896731,0.00848656117325784,0.7081673168008235
502110,2024,L,0.3715194718176636,0.06608534327349784,0.23349813831476418,0.008382656513598616,0.6920338630624395
624413,2024,L,0.38633274208814294,0.07199716881028304,0.21517554194643881,0.00862424473511302,0.7042030458418103
570482,2024,L,0.3418198490869947,0.043509053250860165,0.15979567669269576,0.007377345984561375,0.7893179245311608
657656,2024,L,0.31906122779120116,0.09660314666761785,0.2509204847306085,0.009064081945573753,0.6434122872127611
624585,2024,L,0.36576208399643767,0.09382012290817689,0.24287813202788058,0.008673936137788767,0.6546278079063395
621566,2024,L,0.34368169373682556,0.08703111253219421,0.25691822802033937,0.01408799090305979,0.6419626683532685
607043,2024,L,0.3112821686784047,0.12640563875292019,0.24510032681836774,0.014862116501520372,0.6136319177959574
542303,2024,L,0.3803236042673681,0.06284424048797432,0.18763608919849675,0.007848002898712694,0.7416716677921873
645277,2024,L,0.3232770704044669,0.038145579608225656,0.15355728091661963,0.007289777778456248,0.8010073623236246
671739,2024,L,0.3061528985416607,0.050339215014347335,0.2319130634351631,0.012476456699977228,0.7052712638434973
606115,2024,L,0.30217276638814855,0.0657913327895441,0.1957314329803662,0.008162754294037568,0.7303144803353752
669221,2024,L,0.3478765119207186,0.09607595048509128,0.2239879860977178,0.008914739857085576,0.6710213230017615
664983,2024,L,0.2655637879968152,0.07639100410375903,0.23904198217809522,0.012873079681916219,0.671693934890766
444482,2024,L,0.30070888062328016,0.05769813155215423,0.21037955239907016,0.012442049603846813,0.7194802664820138
630105,2024,L,0.3034355650465307,0.09782587862419904,0.19197091919732634,0.013772781597290019,0.6964304210757063
682998,2024,L,0.3253427169744188,0.09318028393548801,0.1992409336641972,0.014051386900226823,0.693527394669486
606466,2024,L,0.332298960128442,0.0668931133142545,0.14878970825031523,0.007982174830673792,0.7763350027916022
672695,2024,L,0.30032275323498137,0.11969274552052889,0.1701932870439275,0.0086970110788104,0.7014169567826712
672515,2024,L,0.34079901681949293,0.0985729700511202,0.17378082778053863,0.008934419759933032,0.718711780870035
553993,2024,L,0.3355659612430947,0.11081970617323982,0.2638043296246898,0.009361496178637983,0.6160144686221192
545341,2024,L,0.34188445996937544,0.05937446633430476,0.2436100349293852,0.008215833093853453,0.6887996664129364
572233,2024,L,0.35232828612161915,0.08557376588325812,0.22135054934483364,0.008713978475851297,0.6843617058673042
666971,2024,L,0.34778137483845517,0.05656196774653912,0.17407745927446605,0.0076964876712376515,0.7616640843642422
518595,2024,L,0.3397472956425978,0.07260500365551235,0.19411484927425002,0.008025298250466162,0.7252548501344744
669004,2024,L,0.31577144640838045,0.09551620321972601,0.2555945242441776,0.014166223963057703,0.6347230482267178
493329,2024,L,0.34403391030488356,0.052794700408701704,0.0996744575280318,0.007200983405674186,0.8403298591862641
686681,2024,L,0.30080239672093745,0.057119056637434246,0.21957902496325404,0.012573383478565483,0.7107285348740072
687093,2024,L,0.3036766799197487,0.06400613166970275,0.19780757279150346,0.008193971125217261,0.7299923253532589
680776,2024,L,0.29285739343256045,0.07611739742747188,0.24413179478038105,0.012838733624945689,0.6669120740041506
665839,2024,L,0.2962779889333297,0.08981697155678664,0.20721458297943005,0.014304726618135175,0.6886637189936317
681508,2024,L,0.3187085513333693,0.07595235884821686,0.228093692946251,0.008530313912864438,0.6874236344180563
678882,2024,L,0.2866289611656707,0.06733865726889766,0.28071282851298957,0.008650545098915585,0.6432979689066289
686765,2024,L,0.3187085513333693,0.07595235884821686,0.228093692946251,0.008530313912864438,0.6874236344180563
677800,2024,L,0.3030259552755566,0.09250334625678161,0.3148609641227339,0.015012650786532465,0.5776230390582272
657136,2024,L,0.29914072255730995,0.07389848769731015,0.30324075698443864,0.009127941263346605,0.6137328137305874
671213,2024,L,0.3216457854854619,0.10461377167982508,0.2780776855444779,0.013975140495261261,0.603333401058209
682829,2024,L,0.31575761898496185,0.07755225990525441,0.2832142426519912,0.008425045612507254,0.6308084538376458
663697,2024,L,0.3236116287978044,0.12473977131759699,0.2238668544723517,0.009432817973005967,0.6419605570370229
571912,2024,L,0.29311309974929384,0.08730274114716005,0.24457126077294625,0.00892123372778337,0.6592047642374002
664023,2024,L,0.31895739160573144,0.08861643860503493,0.2676762938783797,0.008477368436340671,0.6352298989468206
676679,2024,L,0.3187085513333693,0.07595235884821686,0.228093692946251,0.008530313912864438,0.6874236344180563
682634,2024,L,0.3187085513333693,0.07595235884821686,0.228093692946251,0.008530313912864438,0.6874236344180563
542194,2024,L,0.31485557226703376,0.03923091173083794,0.2295132784900077,0.0074758376586404746,0.7237799707974414
691718,2024,L,0.224891158895586,0.10328586536340648,0.4536257837513509,0.01609886272523153,0.4269894884746739
571771,2024,L,0.3390213753206161,0.08356271750793909,0.18184526842769197,0.008372447728415867,0.7262195659574202
669242,2024,L,0.3084752691682675,0.06774818815906095,0.1560795325585294,0.007776347553473411,0.7683959317054297
571970,2024,L,0.3351271359937282,0.11544372821881238,0.2582861026111817,0.01489574583946995,0.6113744244128921
595909,2024,L,0.2688950148837528,0.08267293802805452,0.3160185584952724,0.014073597976421099,0.5872349055149513
656541,2024,L,0.26659536293137115,0.0898059400151459,0.36151252992922533,0.014074473700666569,0.5346070566118112
666134,2024,L,0.27873770741945403,0.10447189083774215,0.36155517832503786,0.01502445998378513,0.518948470723137
669911,2024,L,0.26498938415568896,0.07596204338245974,0.37623537264095713,0.009064023673679963,0.5387385603945084
641857,2024,L,0.2954387687798422,0.09199419484020381,0.3085566738009522,0.013962649450851464,0.5854864812632992
678662,2024,L,0.30348556430451296,0.05530405681669019,0.2525134700492987,0.008609241842264612,0.683573232095585
453568,2024,L,0.2992018893098882,0.06679293035119667,0.18856532282355312,0.013051449860616153,0.7315902970016468
679529,2024,L,0.361336746530403,0.08881854806371385,0.20110525865054485,0.008666634411137714,0.7014095585449509
628451,2024,L,0.3144737720648175,0.06832758129051189,0.16149378443846002,0.007906363058393397,0.7622722706499674
672761,2024,L,0.3187085513333693,0.07595235884821686,0.228093692946251,0.008530313912864438,0.6874236344180563
682985,2024,L,0.3085806526141706,0.09424847742121495,0.28742065704403263,0.014459498091460458,0.603871366556785
664056,2024,L,0.30286632715058576,0.08573700805005371,0.22786283987346906,0.008858407934323239,0.6775417446251778
668901,2024,L,0.3405548224363657,0.060654508537228514,0.260722306704476,0.008442954220751354,0.6701802314615167
578428,2024,L,0.29727737127673187,0.05013354734318883,0.13205195770195033,0.007531106212713782,0.8102833868790785
596019,2024,L,0.3473252117131066,0.06068770086424967,0.1398975209006109,0.007844911316340424,0.7915698669442842
686555,2024,L,0.3187085513333693,0.07595235884821686,0.228093692946251,0.008530313912864438,0.6874236344180563
606992,2024,L,0.3026718654667746,0.06784509447495142,0.2933871123212869,0.008713490654822607,0.6300543014921386
641343,2024,L,0.28197364413460674,0.09344176733664274,0.27495616229644765,0.013144430180718017,0.6184576404372453
682626,2024,L,0.34258867223049,0.09226709476611357,0.23315912276386686,0.008478410803488634,0.6660953722921151
516782,2024,L,0.32498094640700986,0.05431635032620703,0.18874309417592663,0.008173443288554894,0.7487671126067571
642715,2024,L,0.32336837092505727,0.09672390659916318,0.25688783430116907,0.009049276702439676,0.6373389822865082
694192,2024,L,0.3187085513333693,0.07595235884821686,0.228093692946251,0.008530313912864438,0.6874236344180563
668930,2024,L,0.2728012530031604,0.0981237303294349,0.2410677500354011,0.013055973471312347,0.6477525483011082
687401,2024,L,0.3087461665863672,0.06453330001599011,0.2217122762882175,0.007988450245267347,0.7057659730070285
596142,2024,L,0.35169201271638595,0.07942629277748353,0.2555072031558815,0.008811301852174411,0.6562552022743366
663368,2024,L,0.2898511776448177,0.1491493606262389,0.268833558879295,0.009851942842677328,0.5721651374443955
680737,2024,L,0.3187085513333693,0.07595235884821686,0.228093692946251,0.008530313912864438,0.6874236344180563
700250,2024,L,0.2842433495273012,0.08204454215358206,0.25958564044351884,0.013989972575448406,0.6443798449055649
683011,2024,L,0.32896826511116317,0.10730593628765965,0.23898849156695878,0.009117651366712227,0.6445879218566473
641943,2024,L,0.2942506044846321,0.08382225176483193,0.20779610688498346,0.014084776037038726,0.6942968651730018
663698,2024,L,0.2937804072090821,0.08180833190252647,0.3286369312617913,0.009295744730789672,0.5802589918151602
665833,2024,L,0.30810413668688175,0.08037400951927107,0.31720357267165344,0.01357747648884941,0.5888449410538157
657077,2024,L,0.32332393454811675,0.08411269288141114,0.15189161236330664,0.013293378467858078,0.7507023160476244
542932,2024,L,0.3229170802123958,0.12466125962318547,0.2071737697098629,0.009060390260375245,0.6591045818772593
691176,2024,L,0.3153132119506405,0.0834663367631093,0.21234053606112485,0.00796139715792232,0.6962317289643853
519317,2024,L,0.3782571272131684,0.07462826166430399,0.2708278580760466,0.008509277181705018,0.6460346027316188
663757,2024,L,0.2971750095343106,0.12250285768890352,0.26970165754947173,0.015106532267510794,0.5926889517092176
650402,2024,L,0.34506146604788307,0.0855033687731696,0.1970718581354075,0.008446541966684581,0.708978230165475
624431,2024,L,0.3188472962510131,0.059784591490819765,0.1471969135482365,0.0066356515773321675,0.7863828440377068
666149,2024,L,0.30523802985827697,0.11169360915568166,0.26775533542240354,0.008913736983086406,0.6116373174791253
624424,2024,L,0.3048487792222472,0.09350091586558837,0.25673054418977653,0.014562936643043084,0.6352056029357518
669477,2024,L,0.3299502965805098,0.05885360447741085,0.1927133301720488,0.007591810204023144,0.7408412562349551
622268,2024,L,0.26678613947164287,0.06886281799841211,0.24280047690595952,0.01288183999575686,0.6754548654947223
663457,2024,L,0.3103699208578103,0.1190599626498048,0.24884322176302054,0.014426085772755066,0.6176707292651898
663609,2024,L,0.3423732342448479,0.10308958048470063,0.29397909875163475,0.009255158931036088,0.5936761613570276
668942,2024,L,0.28234780182157226,0.1056557591698753,0.23763520724763235,0.013768212788082431,0.6429408198045845
664238,2024,L,0.31075214357868103,0.12468172045687644,0.27671157374310856,0.009661244180014105,0.5889454611675634
571745,2024,L,0.34004855145030033,0.08800800282101157,0.23358328860267627,0.008455974158728837,0.6699527341528123
649966,2024,L,0.30119205591267684,0.11335677897265273,0.23005278659279677,0.009346897983397637,0.6472435362103087
670042,2024,L,0.29193195379535253,0.06557766579931405,0.2905377732732659,0.012979365360202241,0.6309051944633646
668227,2024,L,0.3315044874914514,0.10314973478812334,0.24188085434216444,0.009074176760967669,0.6458952348314925
663728,2024,L,0.32505422947883733,0.06737843744358345,0.25599687591100395,0.008595086423321624,0.6680296006295428
680474,2024,L,0.3187085513333693,0.07595235884821686,0.228093692946251,0.008530313912864438,0.6874236344180563
668832,2024,L,0.2842433495273012,0.08204454215358206,0.25958564044351884,0.013989972575448406,0.6443798449055649
663527,2024,L,0.3271121778194126,0.10046620244274981,0.20178388312848758,0.008976920495429211,0.6887729936249148
680869,2024,L,0.3128668784491345,0.09458972530160456,0.2812444546779353,0.008988391241837684,0.6151774278207435
664913,2024,L,0.30925023369467564,0.07771063362607222,0.27280399215113454,0.013719990701509624,0.6357653837684661
691016,2024,L,0.2745948346494106,0.06601880587883661,0.31262533223843614,0.011899121626895891,0.6094567404204552
667670,2024,L,0.339942010333052,0.09419403313280315,0.3068650761843417,0.009296126204924196,0.58964476420527
663743,2024,L,0.3452412485062832,0.08142039670942824,0.13496638029926908,0.007643033537505513,0.7759701889232925
665052,2024,L,0.2842433495273012,0.08204454215358206,0.25958564044351884,0.013989972575448406,0.6443798449055649
672640,2024,L,0.35547049652817425,0.10129916384199415,0.11246190515172176,0.007879461183368838,0.7783594706061808
667472,2024,L,0.3461998966126863,0.08444416241447546,0.22978475999540623,0.008697628211381795,0.6770734496886269
660821,2024,L,0.2944498858264784,0.07223861835269021,0.2865532200569683,0.013098091598887121,0.6281100693776702
681146,2024,L,0.31857702799635457,0.12147174382816588,0.15718527671729246,0.008938778983360995,0.712404200508321
665782,2024,L,0.3187085513333693,0.07595235884821686,0.228093692946251,0.008530313912864438,0.6874236344180563
676914,2024,L,0.311990548288605,0.14900557555404206,0.3498624835708166,0.009969243823277582,0.4911626961893324
676391,2024,L,0.3084265123752123,0.052720707967697664,0.12123605699238511,0.007166317395036248,0.8188769167327018
687462,2024,L,0.27027157782603867,0.07056227762595708,0.21233003601600262,0.013485307876208167,0.7036223784174621
682729,2024,L,0.3187085513333693,0.07595235884821686,0.228093692946251,0.008530313912864438,0.6874236344180563
665489,2024,L,0.39026420075289275,0.07238014072822498,0.15009456727692422,0.007601853560905369,0.7699234377157455
623168,2024,L,0.261616403970606,0.07462499387814002,0.16549176421858397,0.008292953183473967,0.751590289183497
694388,2024,L,0.2842433495273012,0.08204454215358206,0.25958564044351884,0.013989972575448406,0.6443798449055649
669364,2024,L,0.2831492271423649,0.09210546684841663,0.17568758905433954,0.008359744615857269,0.7238471987776487
669394,2024,L,0.3350548855807722,0.06264165115338313,0.27466550546530744,0.00831271434619118,0.6543801278588585
672642,2024,L,0.3187085513333693,0.07595235884821686,0.228093692946251,0.008530313912864438,0.6874236344180563
681393,2024,L,0.3187085513333693,0.07595235884821686,0.228093692946251,0.008530313912864438,0.6874236344180563
656448,2024,L,0.3037113230380681,0.07923349389884125,0.289652199200018,0.009097976657503797,0.6220163296635481
686611,2024,L,0.3187085513333693,0.07595235884821686,0.228093692946251,0.008530313912864438,0.6874236344180563
677588,2024,L,0.27009985725343866,0.13905939487320673,0.347638198336968,0.015860659979300612,0.49744174647330075
660766,2024,L,0.3098674228702792,0.06712422006212823,0.22263691897409776,0.008899897816949236,0.7013389629621922
695578,2024,L,0.2842433495273012,0.08204454215358206,0.25958564044351884,0.013989972575448406,0.6443798449055649
671277,2024,L,0.2967065761305405,0.04795445701868146,0.1711490276192605,0.008586785712956884,0.7723097303856822
683083,2024,L,0.3187085513333693,0.07595235884821686,0.228093692946251,0.008530313912864438,0.6874236344180563
696285,2024,L,0.3136295512461982,0.08651143841591337,0.1654762013827772,0.008257628362900254,0.7397547314230961
686452,2024,L,0.29619728006035617,0.10739610547080188,0.22525264938416206,0.008519704697305027,0.6588315399456681
608336,2024,L,0.31714131129859174,0.08896918131068897,0.3888791578628436,0.01459027661415724,0.5075613848340388
596117,2024,L,0.24580620461534047,0.09602486737591936,0.26467118606290774,0.014731726809164519,0.624572220129404
624641,2024,L,0.28429534102563003,0.053351965799058265,0.23714629863920808,0.008646299870086856,0.7008554360255345
665019,2024,L,0.28730429437287075,0.08253547738633606,0.27205286348458607,0.013873509545972966,0.6315381496875011
669016,2024,L,0.29072117219061094,0.09732279997522186,0.3281970704607565,0.014810956546745774,0.5596691732906691
664761,2024,L,0.35614768827976045,0.0766506386231253,0.1765832058735038,0.00818381513980217,0.7385823402343201
681082,2024,L,0.29878001369894214,0.08556235783759149,0.17791316092492188,0.011932493478987935,0.7245919870741991
605137,2024,L,0.3467808443428891,0.08507101194067844,0.2080675277127934,0.008391529250597166,0.6984699318643692
642180,2024,L,0.2556380228363925,0.10040067513192794,0.25117457196495674,0.014466994233250902,0.633957757950804
663604,2024,L,0.3187085513333693,0.07595235884821686,0.228093692946251,0.008530313912864438,0.6874236344180563
543309,2024,L,0.33300424802930073,0.06447809730330684,0.23114619222183885,0.008072300006731904,0.6963034107613836
456781,2024,L,0.33200857351760255,0.07169839963335253,0.19116150962650993,0.008476559367847924,0.728663531754103
595777,2024,L,0.3230482684397905,0.09887687346318484,0.1597935682590283,0.008583710649155215,0.7327458484389546
605113,2024,L,0.2906153039289438,0.06971358118556428,0.20315507592740178,0.008217147971220747,0.7189141927714978
593428,2024,L,0.3418812626712111,0.0801322642955662,0.16364163197324008,0.008224863819244616,0.7480012390621713
592518,2024,L,0.3865092739479156,0.06483541853980927,0.15886696317460403,0.007838000262364933,0.7684596182122967
670623,2024,L,0.3355517816353522,0.09337754924446577,0.15363962137334375,0.008614586959452311,0.744368241696764
673548,2024,L,0.36530253183078865,0.12906645601056774,0.20091971661078714,0.009325037313068971,0.6606887899516075
641355,2024,L,0.3136204243931233,0.0767890075254894,0.23597099199632557,0.013706248779648805,0.6735337501746592
701305,2024,L,0.3187085513333693,0.07595235884821686,0.228093692946251,0.008530313912864438,0.6874236344180563
572138,2024,L,0.2846720633420046,0.0954168050762187,0.27348178817097607,0.01407178972447034,0.6170296169936679
605170,2024,L,0.329444816803551,0.08230575079177589,0.1920628831105757,0.008302884964192753,0.7173284817085204
663656,2024,L,0.3624931490538993,0.07913311699415358,0.16369875857382604,0.012951629172263326,0.7442164932787472
687597,2024,L,0.3187085513333693,0.07595235884821686,0.228093692946251,0.008530313912864438,0.6874236344180563
691011,2024,L,0.3187085513333693,0.07595235884821686,0.228093692946251,0.008530313912864438,0.6874236344180563
668845,2024,L,0.3187085513333693,0.07595235884821686,0.228093692946251,0.008530313912864438,0.6874236344180563
676070,2024,L,0.30015871158615753,0.08544662030492085,0.1368528681737611,0.0077223105147537505,0.7699782017495301
642020,2024,L,0.2779359620945958,0.06236036558540415,0.266492088012442,0.008156523278990113,0.6629910215018334
666150,2024,L,0.2733097812672131,0.0857879763634194,0.2317457679762352,0.014032070732126273,0.6684341861236327
663993,2024,L,0.3289440866652083,0.10213088200787565,0.23236681454513008,0.01360199118537471,0.6519003125343305
622110,2024,L,0.3235638366517671,0.07618684572140667,0.15225757647526988,0.007910598619326168,0.7636449803313412
694671,2024,L,0.3187085513333693,0.07595235884821686,0.228093692946251,0.008530313912864438,0.6874236344180563
669701,2024,L,0.2879472127354418,0.11549280444536052,0.25502615287674507,0.01489765136468674,0.614583391136266
543760,2024,L,0.3433530145593641,0.10370888736483354,0.1720291722231308,0.008602087737340067,0.7156598527743043
677649,2024,L,0.31207992198994555,0.06540206069827974,0.2481367269254826,0.008454157518855717,0.6780070539039741
641680,2024,L,0.3328597131889949,0.06666403051027092,0.15595221070577076,0.00785522318478247,0.7695285351614696
608348,2024,L,0.3205208661683692,0.10199132133418506,0.21041616599890814,0.008945739875448869,0.6786467729906168
665750,2024,L,0.3163707367155146,0.07524891304671703,0.22805675807438505,0.00802490011955373,0.6886694284528029
607680,2024,L,0.3223359598959343,0.040751715893452375,0.1518574665687524,0.0075062934768056495,0.7998845228139543
676572,2024,L,0.3187085513333693,0.07595235884821686,0.228093692946251,0.008530313912864438,0.6874236344180563
605346,2024,L,0.18554932122078524,0.03298567325743113,0.4508547708666785,0.008267802832091579,0.5078917531612069
621493,2024,L,0.3573801676793929,0.10709439813741634,0.20545332668217997,0.008681544105250062,0.6787707301552905
683021,2024,L,0.30221218052843396,0.10248590488856392,0.11014565789778644,0.007838669603541161,0.7795297685714245
694359,2024,L,0.2842433495273012,0.08204454215358206,0.25958564044351884,0.013989972575448406,0.6443798449055649
672569,2024,L,0.3187085513333693,0.07595235884821686,0.228093692946251,0.008530313912864438,0.6874236344180563
681351,2024,L,0.3324016237052599,0.07251809940922374,0.21787633356126848,0.00826890687905521,0.7013366602568047
592273,2024,L,0.32962209884889404,0.06624038487216145,0.22071176837604053,0.008274256784206959,0.7047735899969706
655316,2024,L,0.33198633533189553,0.13060957702912976,0.17612192984504843,0.009282969685953367,0.6839855240524513
669003,2024,L,0.2656836210480404,0.10867903042621391,0.3450045997808168,0.014752676101371863,0.5315636932840078
656555,2024,L,0.3679308717875343,0.11810762449103661,0.23023972565369466,0.009407406231284901,0.6422452425067705
661388,2024,L,0.3348851779717602,0.08944594157032049,0.25064443157216926,0.008757672434594972,0.6511519535826223
571657,2024,L,0.3061842715530742,0.06090805307138914,0.19849908155075519,0.008327176532505524,0.7322656903021919
680777,2024,L,0.3202157193603081,0.09494975002798647,0.28973246459725777,0.009010691781020744,0.606307093367435
467793,2024,L,0.34854867776308757,0.0999044699621509,0.153061581745832,0.00832913117149539,0.7387048160601818
680577,2024,L,0.2842433495273012,0.08204454215358206,0.25958564044351884,0.013989972575448406,0.6443798449055649
686797,2024,L,0.3187085513333693,0.07595235884821686,0.228093692946251,0.008530313912864438,0.6874236344180563
668885,2024,L,0.3187085513333693,0.07595235884821686,0.228093692946251,0.008530313912864438,0.6874236344180563
666397,2024,L,0.3058829109873861,0.14611843583821163,0.296724805460831,0.015012364364092434,0.5421443945281913
650489,2024,L,0.28590715367110553,0.041143845224655994,0.2393385124672418,0.007833938522276918,0.7116837035798902
668904,2024,L,0.3700603850649588,0.07882964746277557,0.17604565971506453,0.00807237421094721,0.7370523199167635
622534,2024,L,0.3262207359631558,0.07857894325054446,0.1608425890013502,0.008263494462865397,0.7523149728523253
669224,2024,L,0.3104292978017199,0.05409963027466878,0.24144937134525404,0.011863124417842182,0.6925878725095752
592450,2024,L,0.4070047346439092,0.10593304596292501,0.2842158680776897,0.009135890954166892,0.6007151946929319
665742,2024,L,0.36602511316477715,0.1131545391578795,0.19389911764258674,0.014210080330464316,0.6787362639307475
665828,2024,L,0.30252345581426904,0.07168319545637541,0.2067275910749072,0.00836263666025932,0.7132265762617593
693304,2024,L,0.3060554104505255,0.09866690116632443,0.2349801780334632,0.008736460222024114,0.6576164616484439
668804,2024,L,0.34733823043496304,0.07894351619937398,0.1972402873682861,0.008202770775816201,0.7156134259039454
519203,2024,L,0.3326270309056969,0.06628808663790764,0.18392466749179354,0.01337408616950293,0.7364131596313908
687529,2024,L,0.2842433495273012,0.08204454215358206,0.25958564044351884,0.013989972575448406,0.6443798449055649
689172,2024,L,0.24495384939164844,0.08985932528431018,0.3261927936082635,0.014623479225264633,0.5693244009365881
672275,2024,L,0.31425898587746337,0.09674984211457623,0.24692418607450792,0.008571582694945066,0.6477543901027594
666464,2024,L,0.27894834153746717,0.061851310825439355,0.37232128255890307,0.008308000737967038,0.5575194052204201
680977,2024,L,0.3211736745820592,0.11598121648460408,0.17626333924548088,0.014557550206314688,0.6931978939493464
502671,2024,L,0.36937080908643466,0.09381690784538059,0.22670663012975328,0.008929775059802084,0.6705466884774935
676475,2024,L,0.32271390296251856,0.05319360342353271,0.13626149215793656,0.011567606054410873,0.7989772992023695
457759,2024,L,0.3616268934850628,0.08853881031511708,0.14995557653153122,0.008584041864976796,0.7529215707354859
641487,2024,L,0.30133439571681697,0.11428892748060698,0.19681295548595032,0.014672980785524177,0.6742251368412226
645302,2024,L,0.29636587082900784,0.08571440505992155,0.22517804163635474,0.008706414449403862,0.6804011380987678
671732,2024,L,0.28268089724944806,0.08129274169255112,0.2902755532779172,0.012736497069315393,0.6156952068703958
640902,2024,L,0.3187085513333693,0.07595235884821686,0.228093692946251,0.008530313912864438,0.6874236344180563
691594,2024,L,0.3187085513333693,0.07595235884821686,0.228093692946251,0.008530313912864438,0.6874236344180563
547180,2024,L,0.34617799573290614,0.06994348823799505,0.23692237262092766,0.013438913220162446,0.6796952256254631
607208,2024,L,0.35122013137240937,0.07561552707745754,0.17769087738787215,0.00812745758781057,0.7385661383105164
656941,2024,L,0.32862743996935145,0.10031190657128906,0.3069046120428267,0.014662092248007418,0.5781213893273929
642215,2024,L,0.2964510834353201,0.13831004370956945,0.3378753490719306,0.00952689075732217,0.514287715547118
592663,2024,L,0.34667161634302057,0.06760858469323974,0.194178756193408,0.008509824772533828,0.7297028342061711
592206,2024,L,0.32828181107706683,0.051414743188564094,0.2256232198693978,0.008039250678750916,0.7149227862032913
701538,2024,L,0.2842433495273012,0.08204454215358206,0.25958564044351884,0.013989972575448406,0.6443798449055649
650333,2024,L,0.3319195158182998,0.09684228066724186,0.09753214208808027,0.013653591103585435,0.7919719871063664
677951,2024,L,0.3715970529459548,0.05370697288620162,0.17305762338571554,0.007799897042675735,0.7654355071597243
502054,2024,L,0.3601008151225508,0.12351146859118516,0.2196609973287772,0.008883368010006968,0.647944166869148
672580,2024,L,0.36736637352114054,0.10284917005057238,0.1647079543588898,0.008006292821600045,0.7244365815894384
641658,2024,L,0.2834426268252398,0.10093345436823566,0.2449119917834166,0.008998795231125224,0.6451557587863149
592669,2024,L,0.34050937719151464,0.06887437786937123,0.23452035593479353,0.00840283783702827,0.6882024287369456
543257,2024,L,0.3222147296139098,0.1265517165848728,0.21118564224016964,0.00889047111118993,0.6533721702747683
521692,2024,L,0.35306845120407887,0.025895335694237676,0.19899066909184765,0.00786358887459952,0.7672504055741621
664728,2024,L,0.2860808586521866,0.08199543858428647,0.22809639993333158,0.01279684659557381,0.6771113139453965
663853,2024,L,0.30849042256665926,0.0616551556425695,0.27834622296657585,0.008311719687998374,0.6516869010138011
807799,2024,L,0.31543455941866144,0.08431423825934277,0.15869943614992174,0.01311397517640667,0.7438723505758118
666624,2024,L,0.3128804419808882,0.08397628766745548,0.3190965769055635,0.008499925905401003,0.5884272108888926
676609,2024,L,0.26465614909567187,0.10324510716374252,0.24685433003324297,0.009374941106991828,0.6405256221488747
680700,2024,L,0.2963145955691123,0.0970532990210602,0.14532932102163,0.013778103637008711,0.7438392766350703
677587,2024,L,0.23996231009934652,0.062047961945135975,0.2913046026810134,0.008261784657984016,0.6383856508792962
682657,2024,L,0.3187085513333693,0.07595235884821686,0.228093692946251,0.008530313912864438,0.6874236344180563
678877,2024,L,0.3187085513333693,0.07595235884821686,0.228093692946251,0.008530313912864438,0.6874236344180563
681807,2024,L,0.2976233230921861,0.05102688903533023,0.24252310778400452,0.008409929468580407,0.6980400735112462
657041,2024,L,0.3281218699849432,0.10859152072070388,0.21367909594247994,0.008774153405612871,0.668955229097043
647304,2024,L,0.3199438778912306,0.049387414393255336,0.15021141486104597,0.011510363610466229,0.7888908070744663
643289,2024,L,0.3089644112791406,0.047960781412405215,0.14374511617666655,0.007687771043137017,0.800606330696763
676694,2024,L,0.31145143886865534,0.08438590287843781,0.2275335820305642,0.008294869837110228,0.6797856447712292
673237,2024,L,0.34390238707221876,0.03144292863908717,0.198826592155017,0.0073324120410221,0.7623980662496372
514888,2024,L,0.33075734905511006,0.06572272992636621,0.12929423931902392,0.00735882211127396,0.797624208860841
666197,2024,L,0.2852618428275129,0.10729401987805424,0.3164204739710347,0.009256430429351679,0.567029075243009
608324,2024,L,0.35997318641715564,0.10871402750088444,0.12444770916247494,0.008176365969766997,0.7586618974427104
606192,2024,L,0.3425565392373534,0.08216675832595471,0.27067704586136876,0.008973761642420577,0.6381824342897138
666158,2024,L,0.2895821664206753,0.10015497904582084,0.25133163527704894,0.014019756104226542,0.6344936293846034
595281,2024,L,0.2734782196714487,0.05713540472250668,0.21163375850796282,0.012439821625009135,0.7187910157233259
660271,2024,L,0.3416986421195249,0.07934063661311035,0.2803990666359611,0.01284296747911877,0.6274173297102509
643217,2024,L,0.3062982139917982,0.07870307629497442,0.19394051674835605,0.013758774687385787,0.7135976335152985
676113,2024,L,0.2842433495273012,0.08204454215358206,0.25958564044351884,0.013989972575448406,0.6443798449055649
678246,2024,L,0.3245546756496048,0.12544781740542085,0.1959818141962831,0.009145552953116691,0.669424814239085
669234,2024,L,0.3187085513333693,0.07595235884821686,0.228093692946251,0.008530313912864438,0.6874236344180563
663837,2024,L,0.34982413158370956,0.08831903889848979,0.1766353142638488,0.008733702134185083,0.7263119444716883
678009,2024,L,0.31196985322389054,0.10054231119098006,0.25223819866799585,0.014581040092979973,0.6326384491061652
668670,2024,L,0.3017578475241267,0.11048781017326302,0.30563224699345354,0.009114212397630947,0.5747657309595956
700242,2024,L,0.2842433495273012,0.08204454215358206,0.25958564044351884,0.013989972575448406,0.6443798449055649
670032,2024,L,0.26547964175541955,0.08847727243538878,0.15370024589784054,0.013263804806231247,0.7445586766897061
686676,2024,L,0.26146532710244347,0.056173349198492845,0.2825488240295514,0.008185690434888017,0.6530921365931031
682868,2024,L,0.3187085513333693,0.07595235884821686,0.228093692946251,0.008530313912864438,0.6874236344180563
672820,2024,L,0.31087023413291714,0.04732394042066436,0.21797487658399614,0.008331128639476782,0.7263700542758694
657757,2024,L,0.29227712775651443,0.08057139577381203,0.23152320367746282,0.013055782912400582,0.6748496171904119
683734,2024,L,0.3533069291573362,0.06664548671227567,0.17363635122936036,0.008074105590771399,0.7516440574622987
666969,2024,L,0.33728433691018384,0.06570165688850053,0.2676071054022999,0.008582619132977294,0.6581086190456303
686217,2024,L,0.26665261812505875,0.11177997705486033,0.18095185153720594,0.014495041802932832,0.6927731300390022
543877,2024,L,0.3173963235698981,0.06824833964389358,0.1673765026883034,0.008038310090616783,0.7563368486875763
681297,2024,L,0.2823995748674264,0.12724280680367608,0.33454558441498355,0.01568013442379094,0.522531475023851
623993,2024,L,0.34507917492325896,0.06696512764592032,0.19592978545912168,0.007979922191864665,0.7291251648462014
676059,2024,L,0.35411579776892765,0.0923905646584447,0.20378760498454393,0.008058007756914015,0.6957638243654596
683002,2024,L,0.328975150995906,0.08608250654633685,0.24807475675580004,0.012716374683822574,0.6531263624958716
602104,2024,L,0.327542285716681,0.09930959356596841,0.21115727401777237,0.008782987165209727,0.6807501450430468
656775,2024,L,0.30237973490608744,0.08242264672119118,0.1899422760957894,0.014165256836674384,0.7134698209549958
663624,2024,L,0.35026700313395454,0.05068236287906892,0.2245303545218848,0.00814010364415223,0.7166471786690447
656896,2024,L,0.34979288331657377,0.07195247991097521,0.18201589044851457,0.008143682466023585,0.7378879466829114
668939,2024,L,0.35415985924997306,0.09513492500862926,0.15888109435039408,0.008718598193306608,0.7372653830648124
621043,2024,L,0.36060566461457233,0.08911036681794322,0.19585460966305526,0.008466780235836215,0.7065682445495517
621439,2024,L,0.3271705056053257,0.07065387920449778,0.27120456805967047,0.008729576195752793,0.6494119763366711
665862,2024,L,0.29501450474100976,0.08167122511433547,0.27327713775178947,0.013612761697548235,0.6314388747054474
695257,2024,L,0.3187085513333693,0.07595235884821686,0.228093692946251,0.008530313912864438,0.6874236344180563
694377,2024,L,0.3187085513333693,0.07595235884821686,0.228093692946251,0.008530313912864438,0.6874236344180563
656582,2024,L,0.31923641256108676,0.12303571892534075,0.20618776994229435,0.009044916940242533,0.6617315947388828
643396,2024,L,0.3172974527455341,0.08030181637897661,0.1322908757267077,0.00801762669586257,0.7793896810857387
650559,2024,L,0.35013344334084484,0.06537080988422,0.1966847169212545,0.00835677589417358,0.7295876968182883
457705,2024,L,0.3461363454412017,0.11989549289476255,0.21362662215683215,0.009009210974160095,0.6574686747119596
573262,2024,L,0.31381575299949316,0.1077089676282593,0.23636406752345748,0.01479480189629677,0.6411321637809664
691026,2024,L,0.3198815721722618,0.10936113702746465,0.18390403160447857,0.008970358424801424,0.6977644745658412
672279,2024,L,0.236500728375216,0.11756715227972714,0.329765606258919,0.015586336919138643,0.5370809055122081
691023,2024,L,0.34752603541537636,0.06522552842160736,0.20483352908606672,0.007735648689074682,0.7222052936033168
572761,2024,L,0.32034197505111184,0.1290556445493884,0.27161932488890944,0.015497100076146823,0.5838279316129973
671056,2024,L,0.34619125532066025,0.12898497805134884,0.2532618818256022,0.00950881085276306,0.6082443286011593
641598,2024,L,0.35225703084713944,0.12534054620407817,0.23800755796726444,0.00940448661302568,0.6272474080894175
668709,2024,L,0.2874523205844554,0.11242159950146631,0.27023885555122745,0.014463012726669592,0.6028765314493851
677594,2024,L,0.35274148242483166,0.06320038572145245,0.2381710099211033,0.008041947124111111,0.6905866587203966
660844,2024,L,0.3187085513333693,0.07595235884821686,0.228093692946251,0.008530313912864438,0.6874236344180563
663662,2024,L,0.3078516464489677,0.09639513127978934,0.25864261715310594,0.008564395389810431,0.6363978551616973
664770,2024,L,0.2931862163328232,0.08801320103142377,0.24840423887539964,0.014349949835656895,0.649232610060479
543807,2024,L,0.3499013856329961,0.09948375508653556,0.20041060401679653,0.008627995240495989,0.6914776468680401
677870,2024,L,0.3187085513333693,0.07595235884821686,0.228093692946251,0.008530313912864438,0.6874236344180563
669065,2024,L,0.30182995890249037,0.05621711058590341,0.2644785739601782,0.012767233450727134,0.6665370824897076
545121,2024,L,0.29499995615265523,0.06444219758565183,0.11017962572743208,0.007492357681860824,0.8178858187645259
660688,2024,L,0.32831561148289884,0.04404000469981551,0.09242005694858957,0.006392594864053315,0.8571473435745226
673357,2024,L,0.3377580169984986,0.04767743553619157,0.25329541131799993,0.008330297748036708,0.6906968558858938
696100,2024,L,0.32368035895387626,0.06360921923430339,0.2789362634969439,0.008185091174613912,0.6492694263210799
687363,2024,L,0.2842433495273012,0.08204454215358206,0.25958564044351884,0.013989972575448406,0.6443798449055649
665877,2024,L,0.31093751768960787,0.10395609883907166,0.12545351203057203,0.008746269946270074,0.7618441190953295
686780,2024,L,0.3187085513333693,0.07595235884821686,0.228093692946251,0.008530313912864438,0.6874236344180563
695336,2024,L,0.3187085513333693,0.07595235884821686,0.228093692946251,0.008530313912864438,0.6874236344180563
690993,2024,L,0.2842433495273012,0.08204454215358206,0.25958564044351884,0.013989972575448406,0.6443798449055649
621035,2024,L,0.3207666138669766,0.11706977482496925,0.2705904881838149,0.009329966140175937,0.6030097721473237
605141,2024,L,0.38573540535941486,0.10726145091324171,0.12706954270318002,0.008299735422610125,0.757369270662697
518692,2024,L,0.34121538325821604,0.07474840333105427,0.20600619139273774,0.013766805486627287,0.7054786002264438
681624,2024,L,0.3187085513333693,0.07595235884821686,0.228093692946251,0.008530313912864438,0.6874236344180563
596103,2024,L,0.31403516140426224,0.105357001869778,0.2712258433933772,0.009086076268278698,0.6143310801777175
677008,2024,L,0.2748489070742287,0.06800986030885554,0.3202202911192263,0.013039947448856453,0.5987299015801284
666023,2024,L,0.33603084686744505,0.06817161024604593,0.18603298232328627,0.007952778676072487,0.7378426280847701
657557,2024,L,0.31084767515621237,0.07353995337446295,0.2605587765896594,0.008945060071062338,0.6569562103446284
656305,2024,L,0.35843246770431514,0.10490181826226369,0.2591253684334445,0.00917096531625233,0.6268018470854589
592192,2024,L,0.32975699542905507,0.10924096645970402,0.21287976872175052,0.009378523523984824,0.6685007399825202
642136,2024,L,0.2891415581222338,0.11511074221140881,0.27494127124833284,0.014478721706133076,0.5954692672324893
687263,2024,L,0.32923976031966734,0.08138809331416154,0.21586826431774314,0.008369346491937336,0.6943742957839583
668715,2024,L,0.33025863972291963,0.10517197797363904,0.22086473871342927,0.008995767302887748,0.6649675154790082
663886,2024,L,0.33569256574543116,0.11403348979010569,0.2061885099870223,0.008615761889586116,0.6711622377757033
670770,2024,L,0.2896098019950015,0.1076011685572397,0.20492894599416595,0.014561072550928597,0.672908812565046
694362,2024,L,0.3187085513333693,0.07595235884821686,0.228093692946251,0.008530313912864438,0.6874236344180563
682622,2024,L,0.3378393456777059,0.08101049603011427,0.19701566966703832,0.007983481931892578,0.7139903529080999
669289,2024,L,0.32376105715694176,0.0820223193247709,0.12206281783347397,0.007791279904871856,0.788123583000091
641584,2024,L,0.2800963126526117,0.09632231496185745,0.2596308979999378,0.014597030467195628,0.629449755305986
686668,2024,L,0.28050461106224356,0.07289617982080418,0.3222875802380253,0.008649583240686896,0.5961666552030669
571448,2024,L,0.3521232721051943,0.04980427521565244,0.15478335175783306,0.0075963328271527195,0.7878160413738805
664040,2024,L,0.3075642672062104,0.07369430415693896,0.28728281406194317,0.013659441948354632,0.6253634388865427
666185,2024,L,0.29934854760344903,0.08761321211326452,0.23215935810477276,0.008848952286710983,0.6713784771636071
686482,2024,L,0.2842433495273012,0.08204454215358206,0.25958564044351884,0.013989972575448406,0.6443798449055649
666139,2024,L,0.295774711757372,0.0728392335442511,0.26230618793143406,0.012834963978023296,0.6520196149181807
694376,2024,L,0.3187085513333693,0.07595235884821686,0.228093692946251,0.008530313912864438,0.6874236344180563
518792,2024,L,0.3072347419594563,0.07167539619729045,0.18436637082240417,0.013492253831281666,0.7304659795911776
663967,2024,L,0.23565259691947824,0.06263930951654466,0.3008645689731141,0.013621183633742434,0.622874938722871
593871,2024,L,0.33907199847130626,0.07310969457840219,0.15973486999800462,0.008159534146430943,0.7589959003254794
680716,2024,L,0.27669304167807984,0.1323372572672008,0.3099909118420408,0.009857789081052998,0.5478140423994796
679822,2024,L,0.3187085513333693,0.07595235884821686,0.228093692946251,0.008530313912864438,0.6874236344180563
805779,2024,L,0.3187085513333693,0.07595235884821686,0.228093692946251,0.008530313912864438,0.6874236344180563
669127,2024,L,0.31727733785327733,0.07960664916471805,0.3067629166069558,0.008952140941795996,0.6046782927470862
687231,2024,L,0.3187085513333693,0.07595235884821686,0.228093692946251,0.008530313912864438,0.6874236344180563
660758,2024,L,0.3187085513333693,0.07595235884821686,0.228093692946251,0.008530313912864438,0.6874236344180563
621020,2024,L,0.3350034249393816,0.08530861531491819,0.22679394577806242,0.00872145483285317,0.6791759832174054
665804,2024,L,0.31303574150888847,0.10005783495110902,0.25960360683628625,0.00918414623745694,0.6311544120616436
663538,2024,L,0.3283184563678532,0.06752306961050164,0.11093806348420927,0.007879566928966703,0.8136592988410861
621550,2024,L,0.32442245036905765,0.08930762028908007,0.3332422139912368,0.009231690192892677,0.5682184759026112
678894,2024,L,0.3039363772803418,0.07391686486512793,0.24052812342051902,0.00843021729888351,0.6771247966386097
518735,2024,L,0.32185246521098154,0.10632818216815121,0.27178673833655326,0.009119034732707964,0.612766044840181
669707,2024,L,0.2917610023903288,0.10363938508508548,0.2800727901382347,0.00922103157902145,0.6070667923446502
664774,2024,L,0.32069637857981054,0.11279043479056783,0.20071010128582564,0.01468437135592256,0.6718150934052268
671218,2024,L,0.3117519698137245,0.08021572981674857,0.27485781118770297,0.008809094979290262,0.6361173640233507
666310,2024,L,0.2937314130652112,0.09916052562152203,0.24150701954531867,0.013740081335812206,0.6455923746031244
665926,2024,L,0.27216605902609503,0.049630083487925955,0.19906890784244116,0.012430245801245346,0.7388707635659462
691406,2024,L,0.3796247851718956,0.05964646473362417,0.17371583878305952,0.0073912567995107386,0.7592464398780048
676356,2024,L,0.26400670589369574,0.04987399005724068,0.17640813259858246,0.007648144037752231,0.7660697324563742
656716,2024,L,0.2852402512465164,0.08311093907685442,0.22770483656331775,0.013916883993311601,0.6752673408645932
650490,2024,L,0.38358439453125864,0.11355012299076953,0.14151191248853726,0.008427078559647997,0.7365108871467844
670764,2024,L,0.29108919454262844,0.11467425803306962,0.21840170445018345,0.008894167186412715,0.6580298717897757
642350,2024,L,0.2990882636090497,0.06615681258398692,0.31992914679136725,0.008688333623454147,0.6052257062301704
666163,2024,L,0.2656172498643726,0.09554195197754443,0.31022353175585704,0.014321484213406368,0.5799130328049596
500743,2024,L,0.32093756506450993,0.06717686821905662,0.11583975154901899,0.007576267794599128,0.8094071117086824
669257,2024,L,0.3639762065680795,0.10309765113035665,0.17725683048485466,0.008949866481830007,0.7106956530819264
669304,2024,L,0.3282940545398027,0.05604252103362334,0.1793850720436163,0.007771779620545009,0.7568006272406891
643565,2024,L,0.29285172436365825,0.12512210183017475,0.2675366676191697,0.015098352937708191,0.5922428759886267
679032,2024,L,0.2675513683438577,0.04981753990848748,0.23142256110041592,0.008254138716102609,0.7105057609686654
669720,2024,L,0.32780150978647343,0.061483500844505566,0.1807751122341401,0.007785385968019695,0.7499560015350233
683737,2024,L,0.30061116724053566,0.08993541531199417,0.2837348610161285,0.014315628959383299,0.6120140940727317
596115,2024,L,0.33057904442544184,0.07896744195742116,0.2634190885763188,0.009020188309005316,0.6485932812998824
680118,2024,L,0.30154795575387155,0.08978766585029896,0.2600337750971619,0.008636316173604157,0.6415422431810117
702358,2024,L,0.3187085513333693,0.07595235884821686,0.228093692946251,0.008530313912864438,0.6874236344180563
592200,2024,L,0.30326148004063336,0.12120955832957823,0.26096164390525917,0.009086517581622286,0.6087422815178842
645444,2024,L,0.27130355153759006,0.11633979038487732,0.23000102776820736,0.009003262300375802,0.6446559197866151
672386,2024,L,0.37876618089913305,0.09242591982254357,0.12133000573321338,0.008030488572491,0.7782135861430868
641933,2024,L,0.34397182110922475,0.08346565693092313,0.2784644449692713,0.008712367952574468,0.6293575300992118
656811,2024,L,0.3103890581980588,0.08158774116490158,0.26054965192868945,0.013498931150279638,0.644363676011172
643376,2024,L,0.35146430576924004,0.09551766660875963,0.1749293749903644,0.00838298203020388,0.7211699752004476
665953,2024,L,0.3187085513333693,0.07595235884821686,0.228093692946251,0.008530313912864438,0.6874236344180563
694384,2024,L,0.2831656960803487,0.10827521832517473,0.2018834952224314,0.01401484680120126,0.6758264388323074
656537,2024,L,0.2903149420581833,0.06143689342569663,0.25343571084340566,0.007736596190974575,0.6773907988019702
660644,2024,L,0.2918443179190031,0.08200944410441555,0.18330893147793315,0.008058162194251865,0.726623462952867
592626,2024,L,0.3195508144347561,0.07870956965034087,0.2556361770933399,0.01391755396310222,0.6517366992852138
656976,2024,L,0.3007495381478213,0.09881762233966035,0.20251147716502738,0.01363800167400878,0.685032897766184
665487,2024,L,0.3627185914850901,0.0713899950375082,0.22783605510372607,0.008331324344907399,0.6924426251115497
666018,2024,L,0.27563891944102276,0.09977242178117557,0.24394456046601762,0.014426405189315325,0.641856612694913
650391,2024,L,0.36093722918184623,0.049222427130959624,0.19763424949153555,0.007473997484520665,0.7456693256548123
693307,2024,L,0.3187085513333693,0.07595235884821686,0.228093692946251,0.008530313912864438,0.6874236344180563
702616,2024,L,0.2842433495273012,0.08204454215358206,0.25958564044351884,0.013989972575448406,0.6443798449055649
666181,2024,L,0.2848669058459395,0.11449368111353596,0.3115059547368247,0.014191072587211915,0.559809292128237
666160,2024,L,0.25190310128688603,0.03964621995871351,0.3327427118499599,0.012096078808847594,0.6155149904666682
665161,2024,L,0.3200519418211542,0.05879381494678954,0.1972483055971483,0.007709647741467499,0.7362482313549349
670541,2024,L,0.3755053260036406,0.0825703220824238,0.23035974548790472,0.013860304469209795,0.6732096279611954
676439,2024,L,0.2842433495273012,0.08204454215358206,0.25958564044351884,0.013989972575448406,0.6443798449055649
665506,2024,L,0.28675047500267886,0.07040380739139644,0.2587563581608573,0.008261986581940306,0.662577847903917
682668,2024,L,0.3187085513333693,0.07595235884821686,0.228093692946251,0.008530313912864438,0.6874236344180563
669397,2024,L,0.2835096172305941,0.08007557955638965,0.16253388086711995,0.007951991414166528,0.7494385477362128
664702,2024,L,0.31392160385933093,0.10723765730468866,0.1413498316133915,0.008529818158475996,0.7428826932853121
608070,2024,L,0.3571773439767974,0.07386810532535841,0.11425076258313664,0.007914521549101087,0.8039666108669459
680718,2024,L,0.2842433495273012,0.08204454215358206,0.25958564044351884,0.013989972575448406,0.6443798449055649
642133,2024,L,0.3131460554653544,0.07574867461146341,0.25183444993929216,0.012755540065298325,0.6596613351575482
664034,2024,L,0.34271286235065634,0.07396341662793181,0.17190328571095043,0.008421543644935506,0.7457117537398569
624428,2024,L,0.3017318949185078,0.08117601105527966,0.13942596074936198,0.013820805055938844,0.7655772218543456
682617,2024,L,0.302172707908025,0.11302937644956863,0.2950503649076347,0.008481343410224431,0.5834389156287662
663898,2024,L,0.33787936508001326,0.07768623540655456,0.19278402371631664,0.008065785573867194,0.7214639562236368
620443,2024,L,0.30913205039829794,0.08933793988723021,0.22170326481628555,0.008621020933459178,0.6803377745361313
682177,2024,L,0.2842433495273012,0.08204454215358206,0.25958564044351884,0.013989972575448406,0.6443798449055649
686823,2024,L,0.28470664340366164,0.05481679360518024,0.14422087639057302,0.01168476776130461,0.7892775605122682
682928,2024,L,0.28618909855771935,0.05365417396082616,0.18438553266589353,0.012477146565534737,0.749483146276559
594807,2024,L,0.3225327634398663,0.06514994399005374,0.27188205278557687,0.008819656959888894,0.6541483456132814
642201,2024,L,0.27253941081629984,0.10310565871047551,0.32590115887200727,0.009289180237430007,0.5617040026964012
624415,2024,L,0.3003389022261489,0.13329525535678857,0.26774671518200904,0.015002023914678309,0.5839560046675747
593160,2024,L,0.31998088099284155,0.061514197356616306,0.14184435744411944,0.007836100944044772,0.7888053444693718
642708,2024,L,0.31016669735692637,0.04498256820419523,0.17753765168621788,0.00772754884813085,0.7697522309595051
670242,2024,L,0.31725460151393114,0.09375579041434219,0.3372202693230654,0.014571332475361437,0.5544526067093036
595978,2024,L,0.27704216483047767,0.06070999785792404,0.2620090213554715,0.008587492203122795,0.6686934888297459
700932,2024,L,0.2842433495273012,0.08204454215358206,0.25958564044351884,0.013989972575448406,0.6443798449055649
677941,2024,L,0.26425468602473257,0.04601383026634164,0.2844119913188944,0.007516242148274183,0.6620579357722123
608701,2024,L,0.3450973276975099,0.11533488875670563,0.19008007787946934,0.008776696278922962,0.685808336614386
607732,2024,L,0.3150748157320589,0.09102040487350696,0.18656880471013196,0.008352938251648338,0.7140578515802638
681481,2024,L,0.29729522763911,0.07249506797622611,0.22877081448136902,0.013687912374901764,0.685046205509724
660162,2024,L,0.31970696289976885,0.08927135811774232,0.2527202518645431,0.008756922274740635,0.6492514667074796
553869,2024,L,0.31628114239857674,0.07330804413166021,0.19118523384850303,0.008279488302602115,0.7272272345905705
646240,2024,L,0.3282506253656797,0.049676006319850606,0.20723788329707246,0.012547951773253524,0.7305381590482397
670869,2024,L,0.25948327852281183,0.08878649540069633,0.23698629063926424,0.014121888601622078,0.6601053254365282
691723,2024,L,0.3187085513333693,0.07595235884821686,0.228093692946251,0.008530313912864438,0.6874236344180563
657193,2024,L,0.26077941119862225,0.08287603846255051,0.276820733596343,0.015040855262611742,0.6252623715444604
680728,2024,L,0.2842433495273012,0.08204454215358206,0.25958564044351884,0.013989972575448406,0.6443798449055649
621028,2024,L,0.3119492363438476,0.06296638860830615,0.10819964553807805,0.007346719257319391,0.8214872475376243
667452,2024,L,0.31569178672859577,0.07811038745127796,0.20752447696736717,0.008495333955958652,0.7058698005151941
641779,2024,L,0.3361434210396578,0.11743300419561853,0.26805606643324004,0.008882226820038168,0.6056287033017442
663616,2024,L,0.2853414617406535,0.08862604410560225,0.35798862318532326,0.013817254134499872,0.5395680774881165
671083,2024,L,0.30528816544892795,0.11567778468310666,0.2044553914742637,0.00838234723968656,0.6714844774045835
572191,2024,L,0.2990932478485196,0.07297763985091299,0.2750109235638714,0.00857537342182289,0.6434360636693788
661531,2024,L,0.2590031644994525,0.06402093571863116,0.2591803235161076,0.008600147491039604,0.6681985931677042
682073,2024,L,0.31579220098309,0.12491980338852478,0.2771899606444881,0.00899660275666781,0.5888936326504538
641645,2024,L,0.30248924311948816,0.12746429163749418,0.17222935963480535,0.015006401716872512,0.685299946436145
672284,2024,L,0.302099073043438,0.076262966986727,0.2709834375020044,0.013526161693135462,0.639227434043978
592325,2024,L,0.28492146167669913,0.09539919617651853,0.27739451609839133,0.014438385593830672,0.6127679019847334
677956,2024,L,0.3187085513333693,0.07595235884821686,0.228093692946251,0.008530313912864438,0.6874236344180563
605244,2024,L,0.2750900235184382,0.06993605763234484,0.30288883493339336,0.00885020935995399,0.6183248968487836
670276,2024,L,0.2614769052491326,0.13383542908801319,0.24953636403285956,0.015095926805886778,0.6015322800120216
673962,2024,L,0.3538110517535791,0.06766445465385809,0.24091143886360183,0.007896548958721106,0.6835275579056362
695238,2024,L,0.2842433495273012,0.08204454215358206,0.25958564044351884,0.013989972575448406,0.6443798449055649
671289,2024,L,0.3160840127164298,0.07337329682714502,0.15178260605221996,0.008207327671509649,0.7666367678988371
680757,2024,L,0.30798836422603915,0.1107630476357825,0.11967708419811672,0.014101932150720427,0.7554579364748681
669137,2024,L,0.3187085513333693,0.07595235884821686,0.228093692946251,0.008530313912864438,0.6874236344180563
676116,2024,L,0.30395084570063274,0.1281393076945678,0.3486092734639761,0.015415723997604705,0.5078356963656288
682641,2024,L,0.326189346187217,0.08260847053298785,0.13123055029730854,0.007797783028461992,0.7783631968704681
676801,2024,L,0.30938509460703917,0.09361315953126466,0.26037133854397887,0.00899719916130842,0.6370183020826671
605131,2024,L,0.31573998052431285,0.12349543165582777,0.21978153230416925,0.009013189938448709,0.6477098463613281
662139,2024,L,0.28878860322489586,0.0809324061404935,0.25534563220786544,0.014486684260947832,0.6492352767333971
663897,2024,L,0.2615845409989017,0.0814049451542494,0.2509109998978903,0.008840797500598253,0.6588432578862169
675961,2024,L,0.2653766072323574,0.07148158200098928,0.28816738938757125,0.008786938895470974,0.6315640894786465
608671,2024,L,0.2567248164407502,0.11629249016065249,0.2642730666555653,0.014580419356340728,0.6048540251627551
669326,2024,L,0.3187085513333693,0.07595235884821686,0.228093692946251,0.008530313912864438,0.6874236344180563
656484,2024,L,0.3129536734583184,0.06078005022821727,0.2408078858979171,0.013748202273708826,0.6846638617064176
543685,2024,L,0.37549094703130526,0.10374280886353167,0.1565153938728105,0.008716349397433753,0.7310254470210904
643446,2024,L,0.3098792257734985,0.0643173607614169,0.1346711417948927,0.012661370405480607,0.7883501283296777
608385,2024,L,0.3130823883935534,0.09410497260755338,0.19093734882940513,0.013773189750208572,0.701184487145377
668952,2024,L,0.29771200401810927,0.10943732987679548,0.25347865905937106,0.008359791166962399,0.6287242199093624
666176,2024,L,0.28770893470954934,0.07641673914414307,0.33782173680584093,0.009356444317789191,0.5764050801851904
670156,2024,L,0.2999305741099889,0.1208153793005816,0.21989150070022784,0.014773243195251556,0.6445198775404429
680779,2024,L,0.3386217790252254,0.09391264017626506,0.22339942771322766,0.008752257367484159,0.6739356746589468
690291,2024,L,0.2842433495273012,0.08204454215358206,0.25958564044351884,0.013989972575448406,0.6443798449055649
678489,2024,L,0.3187085513333693,0.07595235884821686,0.228093692946251,0.008530313912864438,0.6874236344180563
681460,2024,L,0.3187085513333693,0.07595235884821686,0.228093692946251,0.008530313912864438,0.6874236344180563
676551,2024,L,0.15353455009681663,0.10507600017944688,0.6534593527124826,0.010380647720072684,0.2310839997067412
518934,2024,L,0.3632315612550989,0.09145367413772784,0.14201924102635227,0.008288600867261133,0.7582384841483463
608369,2024,L,0.35619403637132696,0.054006533042435835,0.18012904274671077,0.011828353712423972,0.7540360704208077
543510,2024,L,0.307970691223751,0.06785208917807788,0.2507048727047949,0.008368482881975723,0.6730745561745611
596146,2024,L,0.33117471165624135,0.0782806938382451,0.1854196304158934,0.013362376080363223,0.7229372999670554
672701,2024,L,0.2453765874993834,0.042254571010004065,0.22897713542957052,0.012833706440647245,0.7159345874282165
679845,2024,L,0.3276895520762879,0.07325770267800624,0.13135133451458256,0.007213033155659904,0.7881779306313458
642086,2024,L,0.29412699957366045,0.06671783730215287,0.2207903700837938,0.013257239332834132,0.6992345525955347
694355,2024,L,0.3187085513333693,0.07595235884821686,0.228093692946251,0.008530313912864438,0.6874236344180563
669200,2024,L,0.09093869420529548,0.05289155982030328,0.7754343885910897,0.009085762097085916,0.1625882891804483
669134,2024,L,0.3207398666423547,0.05243978397589947,0.15791948178485812,0.007846734202715963,0.7817939997430202
669369,2024,L,0.2582275936530195,0.08566389848810604,0.28980446144617933,0.00854716210705378,0.6159844787050055
656577,2024,L,0.24720064375414688,0.052166395827488325,0.47629408004198587,0.009124042223220297,0.46241548314630987
642731,2024,L,0.3144006946564857,0.06879390846833484,0.17851908363148594,0.00795750512280761,0.7447295032517852
666152,2024,L,0.2557658479315482,0.12466161905416914,0.2942199842381196,0.014499625355058445,0.5666187718947981
641856,2024,L,0.28200525008707555,0.093573305169326,0.27346971500257333,0.014378257066435257,0.6185787201632996
686469,2024,L,0.3494998659778751,0.07154577269452984,0.13674928791239735,0.012703287604917679,0.7790016511991746
645305,2024,L,0.27334647137580925,0.06707482244462314,0.28953829632186523,0.008397960645358431,0.634988921940869
669743,2024,L,0.33108052871327703,0.1307263861643434,0.18873285928599923,0.00914565389307471,0.6713951004037895
575929,2024,L,0.3248161654037724,0.07219625535471759,0.26026749273832084,0.008668589773897752,0.6588676607344488
609280,2024,L,0.33826599570285903,0.04896369871639616,0.13761410788084166,0.007478166544954834,0.805944026499807
656413,2024,L,0.29442616178827263,0.11092972524700986,0.28830949966642627,0.009023179123333785,0.5917375952773278
678225,2024,L,0.2825345869390582,0.09555140388824461,0.25344253270078504,0.014628052605244262,0.6363780114312421
623520,2024,L,0.32742030074393763,0.0869517630784887,0.2791738068937299,0.008945609161094834,0.6249288209057992
595879,2024,L,0.31463589652616464,0.039932277370799595,0.2645407515534956,0.007501460002359379,0.6880255103454047
672724,2024,L,0.2979354199723606,0.09372836197572613,0.24236443547765182,0.008384447634288915,0.6555227533375566
656180,2024,L,0.3140317010005718,0.10460865303018206,0.30222437661074064,0.009668576606558888,0.5834983930646508
647351,2024,L,0.3220527236159172,0.07518105785696973,0.16724475694729768,0.008365562231259694,0.749208623058045
669222,2024,L,0.3186723981040971,0.07353248738947105,0.18532888254930174,0.007952486009756126,0.733186142393266
694175,2024,L,0.3187085513333693,0.07595235884821686,0.228093692946251,0.008530313912864438,0.6874236344180563
663905,2024,L,0.2897879469467423,0.05989484055766584,0.2275149615110929,0.012237589892351432,0.7003526083547058
686527,2024,L,0.29754961932428786,0.045767093169971844,0.2213017093973624,0.012544152850665888,0.7203870439108944
600869,2024,L,0.32284686236906474,0.07983350610204318,0.20181959646356068,0.008473711509764907,0.7098731864199961
673490,2024,L,0.32623466606259455,0.11823542320361106,0.17752944923962619,0.008909969146394504,0.6953251582693902
672012,2024,L,0.2842433495273012,0.08204454215358206,0.25958564044351884,0.013989972575448406,0.6443798449055649
663647,2024,L,0.3481258720527663,0.07573632224520568,0.1832282854743129,0.008387358439458285,0.732648033730242
663586,2024,L,0.3646089701292245,0.06804483674231278,0.24275683245601828,0.008378806159615757,0.6808195247885988
676632,2024,L,0.2669191262141125,0.08038372359666088,0.2916299932485133,0.01361160647330882,0.6143746769493277
678554,2024,L,0.3016596501581257,0.07687738041331407,0.2120855329978907,0.008392206232463957,0.7026448806511989
677950,2024,L,0.28024120128977215,0.07203512713111576,0.20843737994605144,0.013206761813948462,0.7063207308008154
592178,2024,L,0.336924599105318,0.08658928631002523,0.22474896466604496,0.008579215206762691,0.6800825341422861
665966,2024,L,0.3187085513333693,0.07595235884821686,0.228093692946251,0.008530313912864438,0.6874236344180563
669357,2024,L,0.31405826374497425,0.08092587877728882,0.31193608728383143,0.013615892121619677,0.5935221418410245
668723,2024,L,0.282298941644811,0.05400732576214391,0.19926014944396134,0.007523432860829114,0.7392090910355635
669208,2024,L,0.3187085513333693,0.07595235884821686,0.228093692946251,0.008530313912864438,0.6874236344180563
623912,2024,L,0.32361577619807347,0.037867785703722144,0.17333799877257816,0.007809193657018477,0.7809850212748228
656883,2024,L,0.3453500189394554,0.06721648688850168,0.15759219453843298,0.008566815141812751,0.766624503257517
686894,2024,L,0.3101325481545522,0.09849866328532668,0.2577227322459384,0.008644197781371932,0.6351344062440901
670224,2024,L,0.2842433495273012,0.08204454215358206,0.25958564044351884,0.013989972575448406,0.6443798449055649
624503,2024,L,0.298253205846278,0.04749648604646914,0.21284313919222514,0.013040156471423741,0.7266202181425894
650859,2024,L,0.30215871696644087,0.07032376324077878,0.17948079878239184,0.008035351091441182,0.7421600862348964
805373,2024,L,0.3187085513333693,0.07595235884821686,0.228093692946251,0.008530313912864438,0.6874236344180563
681584,2024,L,0.3165283925854538,0.12229442002905153,0.27951373546207103,0.009140753134222426,0.5890510916158336
695391,2024,L,0.3187085513333693,0.07595235884821686,0.228093692946251,0.008530313912864438,0.6874236344180563
543063,2024,L,0.28870234989056726,0.06365409247972496,0.22589909998627358,0.012644005871850978,0.6978028023857183
687799,2024,L,0.2882756050419469,0.10440293820371402,0.2934615105677984,0.014259005911671632,0.5878765454833298
682988,2024,L,0.3187085513333693,0.07595235884821686,0.228093692946251,0.008530313912864438,0.6874236344180563
642197,2024,L,0.3187085513333693,0.07595235884821686,0.228093692946251,0.008530313912864438,0.6874236344180563
641432,2024,L,0.32028048966691264,0.07028403065317201,0.14196947223644774,0.01289558440336933,0.7748509121221118
592696,2024,L,0.2832603489696316,0.039103067339805606,0.18819425271241674,0.010587456387097311,0.762115224074996
681546,2024,L,0.29248041477395964,0.10204939665984511,0.3374151097654801,0.014971748786579524,0.5455637452852242
613564,2024,L,0.26101293906024975,0.08139438972425869,0.327523615533807,0.013309951854470734,0.5777720426093599
621466,2024,L,0.28921424713184996,0.08228856579782887,0.27872128279877373,0.014320434849174637,0.6246697170305053
671221,2024,L,0.2917691436326195,0.07987767512428835,0.2948469348455719,0.008607254101075944,0.6166681358024274
605204,2024,L,0.3296850849873123,0.0916805836871497,0.2613470755458056,0.00859181662568013,0.6383805244520797
527038,2024,L,0.3266300269038286,0.06900241908764175,0.1374558309464526,0.008145880119492379,0.7853958692677792
663330,2024,L,0.3329582467410248,0.12402302856350647,0.23680256970155414,0.008760416542728038,0.6304139846750308
592885,2024,L,0.32309753445831696,0.0905779802666319,0.24259824695092502,0.013804866840880156,0.6530189067247384
660636,2024,L,0.3054248684398585,0.07117106815732337,0.20986248855563744,0.007883020893644262,0.7110834232783303
665856,2024,L,0.3187085513333693,0.07595235884821686,0.228093692946251,0.008530313912864438,0.6874236344180563
649557,2024,L,0.33652181457960656,0.06586723065916045,0.15012660409820283,0.007729921363928852,0.7762762435247843
669374,2024,L,0.2976338321115587,0.08640043884974898,0.3705246121854065,0.00971563627634458,0.5333593126370111
622761,2024,L,0.31704402784018143,0.06205089832713474,0.22157741668519174,0.008152945653083115,0.7082187389212758
656248,2024,L,0.3226477483603374,0.10869123735523137,0.26174977551493694,0.00908317797589877,0.6204758087747924
624512,2024,L,0.26319591505977624,0.06834542363807802,0.2090550342394909,0.0122434251612896,0.7103561176878678
621458,2024,L,0.2789214734566414,0.07495934279810139,0.36062204218855676,0.01374452861426164,0.5506740877157253
642851,2024,L,0.28249866398222906,0.07939224353849876,0.22143810155622662,0.008803445089786439,0.6903662099642616
621512,2024,L,0.27048153042659406,0.04189722597948271,0.2682164111566916,0.00792522616357662,0.6819611366622628
669261,2024,L,0.3099091343735123,0.11998109768556535,0.31220705103081253,0.015100639355982978,0.5527112117761144
664901,2024,L,0.2903979769468383,0.10199715544108359,0.2318029589705733,0.009183262956280384,0.6570166237869371
665561,2024,L,0.26310868787861136,0.049168141924634576,0.16712138890288636,0.00703590416791731,0.776674564573204
672744,2024,L,0.24910095701334464,0.05406009535296047,0.3700258451878514,0.008771657443460697,0.5671424017037916
668800,2024,L,0.291748662447371,0.0634399102273749,0.22808108125242357,0.008402919216284537,0.7000760905544471
666182,2024,L,0.382833320113799,0.06037860963282525,0.17320216152088475,0.008260725407623806,0.7581585049570035
681962,2024,L,0.26852989005103844,0.11519744480905157,0.22952569442248377,0.009215365238039223,0.6460614953833055
658668,2024,L,0.31419312855494264,0.07909762472396041,0.18289156270503262,0.00844981338584542,0.729560999315904
605361,2024,L,0.2879970910203448,0.1075177867298912,0.22110338054214485,0.014391185199876049,0.6569876485871424
663550,2024,L,0.22130407220074289,0.03856821449949617,0.41842800626935894,0.012291051517723077,0.5307127270383362
593934,2024,L,0.36259779530803027,0.09521570372195548,0.3168519788395039,0.009176790176295368,0.5787555281817751
672356,2024,L,0.307475400062951,0.07464101298058184,0.31635406361696317,0.008582033511354078,0.6004228890187058
608841,2024,L,0.34450747504526125,0.06650172555754082,0.18150606522984294,0.008165723408985649,0.7438264846213061
455117,2024,L,0.29205332578139875,0.09339660447073085,0.2860402272197249,0.009100959035083992,0.6114622085691858
668731,2024,L,0.26142922126942214,0.09105669854133785,0.28167489087449765,0.013901242809098517,0.6133671662506152
670097,2024,L,0.2980477589110241,0.12779798095354597,0.2590743593481945,0.009397047527156671,0.6037306125324061
673995,2024,L,0.3187085513333693,0.07595235884821686,0.228093692946251,0.008530313912864438,0.6874236344180563
621311,2024,L,0.2486768380745212,0.04726697751828437,0.2990735338001297,0.011920913922404611,0.6417385748640055
641313,2024,L,0.2986104962496329,0.04294486183064788,0.21765532673404422,0.007853949618752456,0.731545861953192
682119,2024,L,0.3187085513333693,0.07595235884821686,0.228093692946251,0.008530313912864438,0.6874236344180563
677942,2024,L,0.3187085513333693,0.07595235884821686,0.228093692946251,0.008530313912864438,0.6874236344180563
664954,2024,L,0.2677767409634086,0.07521772610974714,0.21976496528678832,0.01287216723357626,0.6921451411713008
571466,2024,L,0.2634843322481306,0.08563813548820365,0.24641060315027946,0.01410538095440586,0.6538458801530478
669450,2024,L,0.3005999172276224,0.11706968809719187,0.25387204691675486,0.00874411387994193,0.6203141502723744
657088,2024,L,0.2946430026742136,0.1385243530468016,0.2563732149540181,0.015352005416041606,0.5897504262141334
641511,2024,L,0.27100062763243227,0.08700424233806121,0.2585267886978164,0.009043607080089177,0.64542536228943
666703,2024,L,0.2781483021897566,0.0887075029019038,0.24795327853147953,0.008992308677706028,0.6543469087945534
671286,2024,L,0.3187085513333693,0.07595235884821686,0.228093692946251,0.008530313912864438,0.6874236344180563
676369,2024,L,0.3305700150476838,0.08662721451488424,0.28222134418317635,0.008376445833803625,0.6227749954829362
666915,2024,L,0.322425767236245,0.07742840800782032,0.3261890298780321,0.008919844368491657,0.5874627165684926
676701,2024,L,0.28638885369542183,0.07526626018150769,0.2320967769116492,0.008373272441553463,0.684263689471889
660707,2024,L,0.279572704914437,0.052598482900315734,0.305326478269288,0.008513623280207577,0.6335614153648326
691182,2024,L,0.3187085513333693,0.07595235884821686,0.228093692946251,0.008530313912864438,0.6874236344180563
669087,2024,L,0.29684660190408835,0.06861662709605053,0.34011373293347374,0.008053334328696819,0.583216307109559
693049,2024,L,0.2782037093419564,0.05411017007664195,0.2793109173996436,0.013119505610106464,0.6534594068630403
543228,2024,L,0.309144592830855,0.05065658919210615,0.21399838699480658,0.008109594120864294,0.727235428173726
664874,2024,L,0.26318728271963465,0.09712189413808818,0.3791306813857924,0.009810167340942533,0.5139372576889254
605119,2024,L,0.3255847841992095,0.08400557369414388,0.23670344138582156,0.00868209623270748,0.6706088877845068
640492,2024,L,0.2952589358326149,0.0417385882802604,0.21878382954777648,0.007824418744138611,0.7316531632100425
547989,2024,L,0.3571312075526371,0.05534043422177602,0.2108958511773604,0.00871054768973138,0.7250531663559717
686554,2024,L,0.2842433495273012,0.08204454215358206,0.25958564044351884,0.013989972575448406,0.6443798449055649
643265,2024,L,0.35147132374635004,0.06253994292520985,0.21904836224247481,0.008089081684866868,0.7103226127713683
677347,2024,L,0.2862430460936832,0.10471146880043268,0.3119909253076136,0.009166327926088534,0.574131277593256
657061,2024,L,0.27564886618365186,0.07950052172882242,0.23983700483568615,0.008205525158848091,0.6724569468941737
668752,2024,L,0.2842433495273012,0.08204454215358206,0.25958564044351884,0.013989972575448406,0.6443798449055649
674441,2024,L,0.2842433495273012,0.08204454215358206,0.25958564044351884,0.013989972575448406,0.6443798449055649
621545,2024,L,0.23849737625483858,0.07964626819728543,0.30084812561652213,0.008972504390628659,0.6105331014169177
680911,2024,L,0.3174650950685489,0.07113070078153619,0.1788463317069402,0.008342469936608981,0.7416804960519996
553882,2024,L,0.28250176023393236,0.09674112725099265,0.21508201681681285,0.014579721886034928,0.673597134052259
683146,2024,L,0.29807388790340383,0.07713763580581587,0.27681848568648687,0.01367313041582546,0.6323707471024222
667428,2024,L,0.3187085513333693,0.07595235884821686,0.228093692946251,0.008530313912864438,0.6874236344180563
663611,2024,L,0.3126783527571751,0.07747090466615901,0.08601519248333972,0.00776616220191059,0.828747739913845
663630,2024,L,0.29950187053230415,0.09700261912826712,0.3027821275602781,0.008758454341267664,0.591456797108839
660670,2024,L,0.39696219603093547,0.0990099123273157,0.21156305668648911,0.00862317523148735,0.6808038555516657
645801,2024,L,0.3034930524367816,0.09798851970013826,0.2559449676439916,0.01317548516940408,0.6328910264655605
664314,2024,L,0.25373970265235596,0.09317079122457528,0.33509491656658397,0.013900621083978533,0.5578336714190198
669699,2024,L,0.18183821727578045,0.04158373064815018,0.3891591423294569,0.012690793246879306,0.5565663332005371
665923,2024,L,0.26339972603805994,0.073540906857912,0.20892803135826366,0.00834844311584634,0.7091826190882116
542364,2024,L,0.28706430700624225,0.09159735080835564,0.20273539824437534,0.014156980867556235,0.6915102705737382
596129,2024,L,0.3049873866223812,0.12309340947826859,0.2824440081336626,0.01490378038506015,0.5795588023445011
592348,2024,L,0.2974174853042967,0.07894289789940834,0.2872034140604097,0.008810881502684342,0.6250428057246419
621563,2024,L,0.28436067639718815,0.06686998599191074,0.18268904610176867,0.012668290086207802,0.7377726779179281
664059,2024,L,0.2863210003579372,0.08688174354978513,0.2410973389310373,0.008502162466554006,0.6635187562226051
666165,2024,L,0.25420279793240175,0.07895708428893448,0.3585883531035966,0.012142463759959126,0.5503120998765231
694497,2024,L,0.2903245383982827,0.1353858403859328,0.3125488623733314,0.01510034006762164,0.5369649577653163
501303,2024,L,0.3016087856960076,0.08284102730191278,0.17363200088565414,0.008131507969755857,0.7353954642341455
808982,2024,L,0.2842433495273012,0.08204454215358206,0.25958564044351884,0.013989972575448406,0.6443798449055649
644433,2024,L,0.26319664475696447,0.04938760037886653,0.2777768927462342,0.007620417887747319,0.6652150877454167
687952,2024,L,0.3444787769298657,0.06345558424960433,0.2751413613682189,0.00885539499215854,0.6525476594529334
608596,2024,L,0.3023398958292,0.08599976801265724,0.32278279914468827,0.009142442728235469,0.5820749907508197
666135,2024,L,0.2901146737423661,0.06265108631603346,0.23465112856972972,0.013537843491758959,0.6891599408112218
545361,2024,L,0.40067942351670743,0.10983352101111156,0.2265768277101337,0.00924954852234818,0.6543401022211451
543305,2024,L,0.3169960915167805,0.09897129610276464,0.20973591814178388,0.008315115173539564,0.6829776698287384
666211,2024,L,0.2551429957095632,0.09299681124114643,0.36142670982890324,0.01466131596956504,0.530915163572501
670223,2024,L,0.31021989491124163,0.07170930803080805,0.2863618859055199,0.013718925335395798,0.6282098804130025
541645,2024,L,0.32622344726929503,0.047283042184856856,0.24890216859260883,0.007937739567822118,0.6958770496453645
622569,2024,L,0.3270234146640404,0.09785078153485717,0.16989180635908735,0.008584798297882485,0.7236726127045336
669352,2024,L,0.24955709429936607,0.0692083693382702,0.25806965555633,0.00816524441492602,0.664556731714079
664058,2024,L,0.30419521267855276,0.08364184336612468,0.08659053823442914,0.007541912313735643,0.8222257048578251
688363,2024,L,0.2842433495273012,0.08204454215358206,0.25958564044351884,0.013989972575448406,0.6443798449055649
650907,2024,L,0.2987887746553475,0.06914128717703577,0.30997932389801874,0.009258108615457231,0.6116212804458979
607054,2024,L,0.2775313369911071,0.10934063151003366,0.2529000087099682,0.014699534851535086,0.6230598243231664
676946,2024,L,0.2811198169340426,0.09410347632783446,0.24121055730022112,0.008927730312934815,0.6557582359186366
665120,2024,L,0.29298925888054705,0.07329412431929917,0.26225929407713455,0.0127203205975086,0.6517262608343513
669392,2024,L,0.27848587630574834,0.07812287646808902,0.2713649366079499,0.008939447805344978,0.6415727379149296
668853,2024,L,0.2842433495273012,0.08204454215358206,0.25958564044351884,0.013989972575448406,0.6443798449055649
518595,2024,R,0.3206441343943159,0.07097482005370014,0.20819378267562647,0.01256917666422083,0.7082622215863414
657656,2024,R,0.3080437975446202,0.08981218422912901,0.26268726243492246,0.01418117283367895,0.6333193803423178
642201,2024,R,0.2650072993126096,0.10134759863734771,0.33061490642164293,0.014228646764723317,0.5538088473828291
621566,2024,R,0.3869042527387298,0.10163869177496951,0.24410476707471204,0.009519556275964378,0.6447369853253924
657193,2024,R,0.28920152939111105,0.0884063597462018,0.2581788397485265,0.009703169822652331,0.6437116305585634
578428,2024,R,0.28169552405167025,0.0451678715925644,0.13880817039918242,0.012052722622672962,0.8039712360109654
596019,2024,R,0.344612387234485,0.0760623986385724,0.16470850905090842,0.008708832258436269,0.7505202597175276
516782,2024,R,0.31032522979152194,0.05042754936715474,0.1997784364781841,0.012946467340234035,0.7368475466504196
682626,2024,R,0.32494167848609795,0.08766801878529665,0.24738632999205484,0.013241035289836939,0.6517046161984524
542303,2024,R,0.3589661566608024,0.06227994512383564,0.20926143208837528,0.012608304825261953,0.7158503185524275
645277,2024,R,0.31379155698250977,0.053278204095786916,0.19052442391860805,0.008534943948003212,0.7476624282024719
671739,2024,R,0.3520190228288146,0.053862142900409,0.21327792655684535,0.008243922361348867,0.7246160080636875
672284,2024,R,0.338881415435256,0.0896657116928727,0.25038330128807934,0.009161719264956007,0.650789267945043
570482,2024,R,0.32393437547598836,0.05124743280357938,0.17383917828949086,0.012110122218906656,0.762803266121309
607043,2024,R,0.346741162240686,0.1500708030746869,0.2294201264025318,0.0097301228659586,0.6107789475479336
668901,2024,R,0.32314789177737013,0.05992562207644708,0.2721887308979133,0.01281983578626467,0.6550658114356165
621438,2024,R,0.3172763600925347,0.06712406143815754,0.22682735035607723,0.013050758481218215,0.6929978298921594
502110,2024,R,0.35427196290104696,0.06708220688794098,0.258921177737547,0.012857251636517143,0.6611393640177141
624413,2024,R,0.3655253664699004,0.06422292806016172,0.22590692956962405,0.013343337167984482,0.6965268049913782
606115,2024,R,0.2868352436350811,0.06227876077186869,0.20249943226896547,0.012633269899799017,0.7225885377206865
624585,2024,R,0.35128512676202944,0.08750019899619153,0.2601458670130542,0.013603130825738727,0.6387508040347301
664056,2024,R,0.2854399304830773,0.07964148435036926,0.23688385322867628,0.013663832999009804,0.6698108291640247
682668,2024,R,0.30150217432446047,0.0723480269073938,0.2432826628356525,0.013245537001352349,0.6711237726509842
620443,2024,R,0.29873966103156296,0.09313999715667932,0.23605168482239333,0.013607263467509461,0.6572010550155766
669221,2024,R,0.3383925103366359,0.08749187592844034,0.22800299399917973,0.013468732622535144,0.6710363977430631
444482,2024,R,0.3415160081629535,0.06767506417541876,0.18843036421906875,0.008278016613863293,0.7356165550189753
630105,2024,R,0.33659996258329783,0.1025302688309581,0.1605068743160589,0.008756648290422329,0.7282062086447355
665487,2024,R,0.3524631259262932,0.06485306153097083,0.23754830635044943,0.012896111850911177,0.684702520729911
553993,2024,R,0.3251456138754433,0.09841851918074895,0.2725711697239494,0.014620041595335542,0.6143902696258199
545341,2024,R,0.32312528205014884,0.05765356013888565,0.2506402712171397,0.01283038377357651,0.6788757849306306
572233,2024,R,0.3422908816904435,0.08440024316060243,0.2284189088658392,0.013650781280292967,0.6735300663626521
666971,2024,R,0.3378128095949679,0.06093615621826054,0.18243713882004325,0.012137907181366748,0.7444887977215435
682998,2024,R,0.3649977326444771,0.10310409079986327,0.19128368347696234,0.00900426480776802,0.696607961497484
456781,2024,R,0.31265851926220944,0.06894225475695996,0.211792241990428,0.013474253948704466,0.7057912493681969
663604,2024,R,0.30150217432446047,0.0723480269073938,0.2432826628356525,0.013245537001352349,0.6711237726509842
642180,2024,R,0.2832921785333265,0.11514762771012109,0.23055012075018438,0.009406469148636756,0.644895782493425
606466,2024,R,0.3406469328853668,0.08813590146451422,0.16399795558455885,0.008613368073415586,0.7392527747853546
672695,2024,R,0.3002262616565272,0.14576815521271,0.19745114136105285,0.009772129177458323,0.647008574390947
672515,2024,R,0.3229147318844237,0.08974518400841741,0.18097713688328798,0.01431253291309025,0.7149651463195372
664983,2024,R,0.296551793798596,0.08105305252944409,0.20526231199469377,0.008566738707227026,0.705117895586949
553869,2024,R,0.3002179290924401,0.06923861273663147,0.2026865026004308,0.013151450216879162,0.7149234347175818
605113,2024,R,0.275149028846016,0.06567938108990486,0.21618067980937966,0.012565568154854713,0.7055743714637654
701538,2024,R,0.3212973808375605,0.09235285556821772,0.2373285050122407,0.009191937460597753,0.6611267017111829
650333,2024,R,0.3491695751196599,0.09437904954823413,0.07819911823570701,0.008384366004911006,0.8190374668369983
592669,2024,R,0.32005039089322357,0.06516589172863083,0.2492967627312884,0.01270652754167254,0.6728308185049869
677951,2024,R,0.35033311580789317,0.05546005783803566,0.19063877956280995,0.01217421220183224,0.7417269495506966
502054,2024,R,0.3421177905078882,0.11730962616135263,0.23955467922223503,0.014295258091714001,0.6288404367535037
664728,2024,R,0.320550679750659,0.09385012203133883,0.20547703731710254,0.008657013914674442,0.6920158264308447
672580,2024,R,0.34828185685324575,0.10515844817125163,0.18748349531804626,0.013085280041863332,0.694272775865053
666023,2024,R,0.3192192964046729,0.07397670336160986,0.20570307440440747,0.012470220400185554,0.7078500016556802
669004,2024,R,0.3495065037916958,0.11275287542708706,0.25705727989150406,0.009517193711481988,0.6206726513083688
493329,2024,R,0.3316628847689268,0.05357150891798488,0.10863957498852016,0.011504675172543598,0.8262842418132632
686681,2024,R,0.33346771717067053,0.06327791145969977,0.2076168584753869,0.008663829857835,0.7204414001957266
680700,2024,R,0.3220224987177421,0.11498630544514488,0.1462086741493475,0.008904028530887117,0.7299009915268053
686482,2024,R,0.3212973808375605,0.09235285556821772,0.2373285050122407,0.009191937460597753,0.6611267017111829
676609,2024,R,0.2506604561571814,0.0921187947492183,0.25588267014870564,0.014519180525428855,0.637479355346397
666185,2024,R,0.3056332361277771,0.10104793241221453,0.2247902696846419,0.009382798119181808,0.6647790000013318
686765,2024,R,0.3212973808375605,0.09235285556821772,0.2373285050122407,0.009191937460597753,0.6611267017111829
677800,2024,R,0.3444983195616852,0.10620052275180192,0.2965545575963508,0.00985926998910062,0.5873856500916551
657136,2024,R,0.2871377449912532,0.07106865668648497,0.31138737383185927,0.013957671199806974,0.6035862986572622
671213,2024,R,0.36776468766981907,0.11702563457220518,0.23258894287869855,0.009397757534512044,0.6409876649682476
676356,2024,R,0.24918228782543675,0.04822557709622405,0.1938997783544205,0.01221933563541526,0.7456553097090188
666139,2024,R,0.33349893066267355,0.08407707885020671,0.2365578422121835,0.00898378490086637,0.6703812938016835
666624,2024,R,0.29380202318972426,0.07885805599364122,0.33015561802011545,0.012976554995127867,0.578009770816516
666018,2024,R,0.30569607370630025,0.10434820473642789,0.24419953340148626,0.009254698055717766,0.6421975645863396
691406,2024,R,0.3593469675674483,0.05763658707516136,0.19124847214428037,0.011704745599527267,0.7394101947989377
665839,2024,R,0.322124642512415,0.09613573317635452,0.1948293876170015,0.009309374675535791,0.6997255036334671
681508,2024,R,0.3212973808375605,0.09235285556821772,0.2373285050122407,0.009191937460597753,0.6611267017111829
678882,2024,R,0.273927273003832,0.06014943042369623,0.27800731456086303,0.012911353661031093,0.6489319017903497
687093,2024,R,0.28649112265036547,0.054971483127025475,0.21023295100849163,0.01274277961153419,0.722052786033895
680776,2024,R,0.3307420283332121,0.09203097743440865,0.22286647306871016,0.008792728659918963,0.6763098206865495
683737,2024,R,0.34128162368680987,0.10551757559379193,0.2669080045712149,0.009461475524849652,0.6181129444373146
673548,2024,R,0.35093070993915765,0.12202121158917527,0.21695870766288375,0.014972438617258393,0.6460476423134759
663538,2024,R,0.31224668731014665,0.06541786403911082,0.1299911343978383,0.012676482476846065,0.7919145189600587
664023,2024,R,0.3268022421078571,0.10886761315152423,0.27722837758260366,0.009430824701015528,0.6044731848096787
670770,2024,R,0.31365552359123444,0.11458302373763636,0.17571861910778463,0.009235157046750082,0.700463200437064
668715,2024,R,0.31605235203310394,0.10462960611538133,0.22713250041274627,0.014358224372035504,0.6538796686262834
663886,2024,R,0.32018622450338435,0.1131170608497901,0.2271187717921172,0.01373252765315727,0.6460316402384708
682829,2024,R,0.324980907677828,0.0957216045666284,0.2895712503133391,0.009296779636077245,0.6054103651434869
663697,2024,R,0.3087337133238957,0.10780096582636585,0.232067721262952,0.014808109772591015,0.6453232030976823
571912,2024,R,0.2798956301903939,0.0830079368684286,0.25300489764215767,0.013969102408208025,0.6500180624726649
676679,2024,R,0.30150217432446047,0.0723480269073938,0.2432826628356525,0.013245537001352349,0.6711237726509842
643565,2024,R,0.3300847899065137,0.1419258972524503,0.242074490447095,0.009845313061978079,0.6061542984603103
542194,2024,R,0.29558183612241656,0.03751632588721903,0.24383682476879126,0.011296591914778237,0.7073502568169456
682622,2024,R,0.31485948007791775,0.07583935671056097,0.2162943740156215,0.012626173570706516,0.6952400962021702
641584,2024,R,0.30958745472278854,0.10400768009576793,0.22979584808533499,0.009399306184267521,0.6567971651074158
664034,2024,R,0.330614383487367,0.07094037549338182,0.1799245408451219,0.013188646914163245,0.7359464363435402
691718,2024,R,0.25241087575614474,0.11324897908410293,0.44052217847218317,0.01091017686893592,0.4353186654942427
670623,2024,R,0.3222177620899055,0.0929214464224977,0.16706719542673712,0.013937133345200713,0.7260742244548272
682634,2024,R,0.30150217432446047,0.0723480269073938,0.2432826628356525,0.013245537001352349,0.6711237726509842
668845,2024,R,0.30150217432446047,0.0723480269073938,0.2432826628356525,0.013245537001352349,0.6711237726509842
595909,2024,R,0.3072348819935487,0.0883072121027191,0.2854641132652356,0.009315045325309666,0.6169136292067434
656541,2024,R,0.3030757645738628,0.10975553289661735,0.3421724959258981,0.009847089226202912,0.5382248816187593
666134,2024,R,0.3289242928692694,0.11453063207379184,0.3280557572367043,0.010168826715025989,0.5472447845184756
571771,2024,R,0.3176429894990056,0.07642654278529624,0.2015010072373673,0.013269667945308357,0.7088027821246982
669242,2024,R,0.3091848216980766,0.08621887072431132,0.160982060213878,0.00823282372328964,0.7445662450406475
571970,2024,R,0.3658483737282046,0.1440580574442544,0.25341156585520386,0.00989663646079317,0.5926337403986437
669911,2024,R,0.2855901687120572,0.10172254873780506,0.36707656968617075,0.009594205756990933,0.5216066760064935
641857,2024,R,0.33478410314030355,0.10597355851638524,0.2926481961199669,0.009440904380188079,0.5919373401551884
678662,2024,R,0.2915324199948169,0.04792273403833586,0.25726300208665615,0.013052961786645912,0.6817613023017971
606192,2024,R,0.3320092918872422,0.07570101661195683,0.2797155041516781,0.013690185463875598,0.6308932938042222
681546,2024,R,0.32398428383239186,0.12485361797849706,0.32988289027687756,0.010001693802185978,0.535261798122698
660271,2024,R,0.39466403484424334,0.09494427111424729,0.25498276021329347,0.00895908441849943,0.641113884747415
605131,2024,R,0.30068242677742335,0.12390250161138555,0.23361372299363578,0.014708641280207218,0.6277751341737134
681624,2024,R,0.30150217432446047,0.0723480269073938,0.2432826628356525,0.013245537001352349,0.6711237726509842
621035,2024,R,0.30801068614611254,0.10588927700398823,0.2859995208305539,0.014438949532381982,0.5936722528608908
687597,2024,R,0.30150217432446047,0.0723480269073938,0.2432826628356525,0.013245537001352349,0.6711237726509842
691011,2024,R,0.3212973808375605,0.09235285556821772,0.2373285050122407,0.009191937460597753,0.6611267017111829
605141,2024,R,0.3655792281506393,0.09908637769011301,0.13934699665827963,0.013841912107264017,0.7477247141021437
453568,2024,R,0.33236123901435644,0.06863956198965399,0.17625805945831988,0.008492227788073112,0.7466101514528839
681481,2024,R,0.33291963957560583,0.07516763547970454,0.22013446833947786,0.009027525811078546,0.6956703706681857
678009,2024,R,0.3477089697137034,0.10803889943299512,0.217024625898386,0.009488822600366898,0.665447651617248
656716,2024,R,0.31519682623198025,0.08871766741724166,0.2091295656908479,0.008942420036034932,0.6932103462583682
676070,2024,R,0.28443784392119453,0.09038676078836008,0.15942510195033072,0.012383163426823409,0.7378049743258114
666150,2024,R,0.31236555632129454,0.08873009370829839,0.20075537052059125,0.008958936412339668,0.7015555997317274
686676,2024,R,0.2454094396900218,0.05322888098198459,0.2939766277443888,0.011976587647535857,0.6408179031690225
700242,2024,R,0.3212973808375605,0.09235285556821772,0.2373285050122407,0.009191937460597753,0.6611267017111829
679529,2024,R,0.343928128431906,0.09020257454642612,0.22100286595833246,0.013882354353952684,0.6749122052482749
690291,2024,R,0.3212973808375605,0.09235285556821772,0.2373285050122407,0.009191937460597753,0.6611267017111829
672761,2024,R,0.3212973808375605,0.09235285556821772,0.2373285050122407,0.009191937460597753,0.6611267017111829
682985,2024,R,0.36089413619855454,0.09966704702569246,0.24022974399167346,0.009378677259835877,0.6507245321223435
663837,2024,R,0.33233253208881863,0.08686539447219553,0.18957440650673102,0.013864532137388407,0.7096956669576345
682868,2024,R,0.30150217432446047,0.0723480269073938,0.2432826628356525,0.013245537001352349,0.6711237726509842
672820,2024,R,0.2969162987497248,0.05133467457280413,0.2304374657225356,0.012914177212602709,0.7053136830300232
683734,2024,R,0.3331182674421671,0.06529192106283198,0.18268579575741978,0.012845156610089115,0.7391771271590322
676113,2024,R,0.3212973808375605,0.09235285556821772,0.2373285050122407,0.009191937460597753,0.6611267017111829
673357,2024,R,0.3287085824738439,0.03985359392160389,0.25880885082533006,0.01201923569884457,0.6893183201824089
668670,2024,R,0.28502985520348584,0.10650998556934049,0.31977630597366885,0.014277229911595385,0.5594364784412217
678246,2024,R,0.3153231760877195,0.11421051374130761,0.19373909636419653,0.01429909753950451,0.6777512918970124
690993,2024,R,0.3212973808375605,0.09235285556821772,0.2373285050122407,0.009191937460597753,0.6611267017111829
694359,2024,R,0.3212973808375605,0.09235285556821772,0.2373285050122407,0.009191937460597753,0.6611267017111829
672569,2024,R,0.3212973808375605,0.09235285556821772,0.2373285050122407,0.009191937460597753,0.6611267017111829
642136,2024,R,0.32383338611394324,0.13265960191065856,0.26183467087881446,0.009469833539196936,0.5960358933046127
592273,2024,R,0.31201722493569883,0.06783165242280606,0.23308847832477664,0.012982027345950749,0.6860978415521464
607680,2024,R,0.3012913621064896,0.037259540239883045,0.1711655282873987,0.011631878439798413,0.7799430530651041
665750,2024,R,0.3179245070264302,0.08753137118227045,0.22890131635587008,0.008707688152125814,0.6748596241975409
641680,2024,R,0.33110419761178245,0.08436366073308822,0.17739643766435734,0.008806046178982094,0.7294338552129813
663993,2024,R,0.3718569076650094,0.11058096192736644,0.2102243336931412,0.00902621648150992,0.6701684887352144
694671,2024,R,0.30150217432446047,0.0723480269073938,0.2432826628356525,0.013245537001352349,0.6711237726509842
669701,2024,R,0.32363832334101483,0.1261136922036174,0.2289277234613107,0.009416446114763177,0.6355421385039113
543760,2024,R,0.3293186414130895,0.09827062747959944,0.17826866999916163,0.013894641236478518,0.7095660620143837
677649,2024,R,0.29428270576858157,0.05920024007447108,0.2509578985148248,0.012738934782072574,0.6771029261511027
687957,2024,R,0.3212973808375605,0.09235285556821772,0.2373285050122407,0.009191937460597753,0.6611267017111829
676572,2024,R,0.30150217432446047,0.0723480269073938,0.2432826628356525,0.013245537001352349,0.6711237726509842
605346,2024,R,0.1839577949999658,0.028296797895258973,0.4348345166743511,0.012574657785390563,0.5242940277418486
621493,2024,R,0.3384829923160173,0.10616109670335128,0.2256642180891103,0.013898501859947806,0.6542761834312106
608671,2024,R,0.2890711888182371,0.12888247775681702,0.21137629529404495,0.009371303340419397,0.6503699242081554
683021,2024,R,0.2912442711529378,0.10175057090811582,0.11968022607840902,0.013015983923920319,0.7655532188669185
686555,2024,R,0.3212973808375605,0.09235285556821772,0.2373285050122407,0.009191937460597753,0.6611267017111829
669003,2024,R,0.3046397049141732,0.12879803843567567,0.3205295470013367,0.009827881241618808,0.5408445328239234
641343,2024,R,0.31842601750998495,0.11768290645422702,0.2599049187730154,0.009350103807171425,0.6130620697037098
655316,2024,R,0.32151415055291943,0.12411633639408619,0.1881945036690322,0.01476002036966559,0.6729291391316646
694192,2024,R,0.30150217432446047,0.0723480269073938,0.2432826628356525,0.013245537001352349,0.6711237726509842
668930,2024,R,0.3060628429299344,0.11290446603660136,0.20878893703580875,0.009398479703438968,0.6689081170126134
687401,2024,R,0.2856798042838612,0.0706210746089979,0.24881250133853403,0.012743787349920212,0.6678226364718282
596142,2024,R,0.3298588813587105,0.06823712821468321,0.2607088582707228,0.013582365205140837,0.6574716481778705
663368,2024,R,0.2975260445041403,0.17356029341103485,0.2727053245381858,0.010695588321696863,0.5430387940409022
543877,2024,R,0.3021685829740167,0.07012896069771955,0.1757373779368211,0.013307531932851863,0.7408261293158075
622534,2024,R,0.3096293429031231,0.07085228561360413,0.17234478280531254,0.013150700952509113,0.7436522306620378
571657,2024,R,0.29322968216477246,0.05254821837112406,0.19787639000519752,0.01275196902016115,0.736823423257011
467793,2024,R,0.35127955499513547,0.11779979740551147,0.17874709984793968,0.009184381992381216,0.694268720927789
676059,2024,R,0.3277701036573036,0.08720246044992871,0.23199024690749473,0.012835091671021074,0.6679722010734296
702616,2024,R,0.3212973808375605,0.09235285556821772,0.2373285050122407,0.009191937460597753,0.6611267017111829
543510,2024,R,0.28622823790501495,0.0564385355098245,0.2645038096100769,0.012661754575117938,0.6663958999194115
656896,2024,R,0.3329728823034174,0.0731684516795461,0.1997082824401809,0.013087971855512182,0.7140352943856476
668904,2024,R,0.3478119030451897,0.07387617963916539,0.18594915166033685,0.012492202052492067,0.7276824666063946
686797,2024,R,0.3212973808375605,0.09235285556821772,0.2373285050122407,0.009191937460597753,0.6611267017111829
668885,2024,R,0.30150217432446047,0.0723480269073938,0.2432826628356525,0.013245537001352349,0.6711237726509842
666397,2024,R,0.34401644467248216,0.16937838800612665,0.2621300882776233,0.009537267039011149,0.5589542565415557
596103,2024,R,0.29312843697291613,0.10182120251689357,0.2999474911003662,0.014148426387986555,0.5840828797051145
677008,2024,R,0.3206587422372077,0.07430399172799372,0.27337108051358977,0.00892934523417853,0.6433955829403766
663624,2024,R,0.33316460787782776,0.052684853731571925,0.24309866576096129,0.01214257811859921,0.6920739027383406
681297,2024,R,0.3147798150548819,0.13330576373224118,0.30778989851045263,0.010409452432089994,0.5484948848699117
668939,2024,R,0.36727378995558674,0.10898658827839684,0.16073917178033623,0.009277883641107558,0.7209963565467828
656775,2024,R,0.32997615384333867,0.09073112091390713,0.18864245804049903,0.009206368385719671,0.7114200528569221
656811,2024,R,0.3513157220439061,0.08523905376506194,0.2308198075374484,0.00906910100635319,0.6748720378867964
680577,2024,R,0.3212973808375605,0.09235285556821772,0.2373285050122407,0.009191937460597753,0.6611267017111829
683002,2024,R,0.3729375517774589,0.10179118911504892,0.22896062878179282,0.00887153514079617,0.6603766461360285
602104,2024,R,0.3151269745976263,0.0971310251031783,0.22191779628836233,0.013906994623735501,0.6670441844963778
665833,2024,R,0.3616955670636317,0.08729512183825042,0.2651484174827437,0.009004985151306896,0.6385514756247513
668804,2024,R,0.35253808315130064,0.09922543023676642,0.21904491820768268,0.009016115749993834,0.672713534794289
693304,2024,R,0.2953619525047916,0.09179471697371969,0.24064255500470397,0.013770162941429779,0.6537925645134383
683011,2024,R,0.3159678906894203,0.09714635370224427,0.2469433132445517,0.014222697573064146,0.6416876349503692
657077,2024,R,0.3543787518213078,0.08700033760515291,0.13939974657342227,0.008482599567438614,0.7651173155986265
542932,2024,R,0.30975829650400577,0.11751259707687128,0.2172939718050633,0.014404173699703248,0.6507892573140899
691176,2024,R,0.3163679915864205,0.10386611188161457,0.22438425824888925,0.00862061999388272,0.6631290096602775
669224,2024,R,0.3542559624736907,0.06239067429896148,0.21078724659386283,0.008164714146514167,0.7186573651028789
663757,2024,R,0.33234267491456143,0.14109443251775536,0.2526830376029488,0.009837477884148913,0.5963850512947604
650402,2024,R,0.3275571378363002,0.07845309688114516,0.2110383956728842,0.013231117368978957,0.6972773910115578
678894,2024,R,0.28917567523081605,0.07162519155224036,0.26459106175879155,0.012669890556536756,0.6511138566611
695257,2024,R,0.30150217432446047,0.0723480269073938,0.2432826628356525,0.013245537001352349,0.6711237726509842
694377,2024,R,0.30150217432446047,0.0723480269073938,0.2432826628356525,0.013245537001352349,0.6711237726509842
669707,2024,R,0.2770840985579764,0.096042396046012,0.2987029781357909,0.01407278200058243,0.5911818445866126
624431,2024,R,0.29480819132481273,0.06230759921156977,0.1718691331431785,0.010993764489122997,0.7548295026098035
641943,2024,R,0.324497624033573,0.0897536164517459,0.1988338495019188,0.009063953938239817,0.7023485799742744
663698,2024,R,0.28379382247201845,0.07071270120302478,0.32461662729590135,0.014189713358683303,0.5904809578862715
700250,2024,R,0.3212973808375605,0.09235285556821772,0.2373285050122407,0.009191937460597753,0.6611267017111829
663609,2024,R,0.3296377455631416,0.09811786726073059,0.3099108068246632,0.014194712617730913,0.5777766132222354
676475,2024,R,0.36103015402272226,0.060094216488339486,0.1279312065748062,0.007793942145522625,0.804180635195523
680977,2024,R,0.35702862141415176,0.12297025373282383,0.14994961825245845,0.009123315615634866,0.7179568123785074
665877,2024,R,0.2998564212243784,0.10235248070033955,0.1338699591333994,0.01429431635614596,0.7494832448500327
666464,2024,R,0.2661567921775675,0.05569624875087131,0.3734763938354136,0.012126401343426298,0.5587009556907673
682641,2024,R,0.3092394701704589,0.07544767267709307,0.13873746870767487,0.012298042101108063,0.7735168159896766
687529,2024,R,0.3212973808375605,0.09235285556821772,0.2373285050122407,0.009191937460597753,0.6611267017111829
686780,2024,R,0.30150217432446047,0.0723480269073938,0.2432826628356525,0.013245537001352349,0.6711237726509842
695336,2024,R,0.30150217432446047,0.0723480269073938,0.2432826628356525,0.013245537001352349,0.6711237726509842
691023,2024,R,0.3263588373079966,0.0610251464462571,0.23261652746487793,0.011606669753193315,0.694751655571007
592200,2024,R,0.2905787090710973,0.11731708037124929,0.27396690889897185,0.014397721239212501,0.5943182888135571
689172,2024,R,0.2794996473689161,0.09344985450131033,0.28808208363494703,0.009497419995186752,0.6089706415106543
666149,2024,R,0.2870032500666303,0.10617185088355227,0.29077351175540217,0.013901443550115276,0.5891531937659867
624424,2024,R,0.3445622101597177,0.10630125856317718,0.2291518216229211,0.009441975311624003,0.6551049446703521
669477,2024,R,0.3036772717529069,0.05392914184128484,0.21981213883867765,0.011595853957889419,0.7146628662150966
672279,2024,R,0.26219458026595355,0.12424867344608714,0.29334209913168935,0.010175365500999418,0.5722338615033502
663457,2024,R,0.35342648004842275,0.1314765601097908,0.20466443286165362,0.009311272694715152,0.6545477344896721
622268,2024,R,0.2994648663118349,0.07807920288048986,0.2120531916747384,0.008692138162891362,0.701175467122744
664774,2024,R,0.3514443955826765,0.1335395197728449,0.1925435333554791,0.009565559070986647,0.6643513880407254
573262,2024,R,0.3470050520784118,0.118277941731944,0.23108812790703145,0.009699467234468804,0.640934462648248
502671,2024,R,0.35128402038833784,0.09010184365006361,0.24035158712482035,0.013802136977143125,0.6557444321116129
656305,2024,R,0.3451664778496616,0.11028270276157447,0.267467517162206,0.01448912019446524,0.6077606603555336
572761,2024,R,0.3554418785977606,0.13938759565345485,0.2501697249885444,0.010123675836966136,0.6003190034475181
680474,2024,R,0.30150217432446047,0.0723480269073938,0.2432826628356525,0.013245537001352349,0.6711237726509842
668832,2024,R,0.3212973808375605,0.09235285556821772,0.2373285050122407,0.009191937460597753,0.6611267017111829
687231,2024,R,0.30150217432446047,0.0723480269073938,0.2432826628356525,0.013245537001352349,0.6711237726509842
680869,2024,R,0.3053347142395249,0.08688863226337996,0.27549040086646515,0.013304488214740786,0.6243164788598816
664913,2024,R,0.34349282082308646,0.08422566010725362,0.24493660708996767,0.009075570496548696,0.6617621634105876
691016,2024,R,0.3115943640580028,0.07772448472842447,0.29196269895396426,0.008818277416929102,0.621494538843215
667670,2024,R,0.3227519085131111,0.08679577333043866,0.32386593431632765,0.014319450635626592,0.5750188418448412
668709,2024,R,0.31621768930667365,0.12895643705508678,0.24819682371840038,0.00950575961665237,0.6133409789795181
669397,2024,R,0.2729706144499625,0.08493097760213905,0.18363850925819064,0.013092169745670344,0.718338344602231
660844,2024,R,0.3212973808375605,0.09235285556821772,0.2373285050122407,0.009191937460597753,0.6611267017111829
645302,2024,R,0.2834512791590222,0.07827367255110688,0.2330143710096153,0.013397487866973427,0.6753144692979678
668942,2024,R,0.31587844774603085,0.11594573057610509,0.20770645403680246,0.009022686656629012,0.6673251288040531
641487,2024,R,0.33349332045630664,0.12227457804081641,0.16866923075007315,0.009269942948473374,0.6997862484050982
593871,2024,R,0.34363179748442535,0.09260893261454355,0.1841404707776884,0.009070668962642832,0.7141799278471902
663662,2024,R,0.28565941489315005,0.0898950236927456,0.2779243631970741,0.013361676949558114,0.618818937020164
457759,2024,R,0.34775470556849075,0.08587490703259335,0.15681819397273972,0.013578539320586941,0.7437283599502834
670042,2024,R,0.327393500715298,0.07889335634851555,0.2745592437825038,0.008755272012788338,0.6377921278905222
668227,2024,R,0.3186638771980548,0.09010024530837064,0.23545743798990976,0.014215217089852008,0.6602270998544043
663728,2024,R,0.33557404398411084,0.08519584453163843,0.2730173398214309,0.009485236999219309,0.6323015791785429
677594,2024,R,0.33953169849146725,0.05983940613534272,0.2450584893160311,0.012463401292150438,0.6826387030141127
663527,2024,R,0.3149308109329999,0.09898367583502915,0.21376357589639655,0.014124175240382685,0.6731285730607661
694388,2024,R,0.3212973808375605,0.09235285556821772,0.2373285050122407,0.009191937460597753,0.6611267017111829
672642,2024,R,0.3212973808375605,0.09235285556821772,0.2373285050122407,0.009191937460597753,0.6611267017111829
680718,2024,R,0.3212973808375605,0.09235285556821772,0.2373285050122407,0.009191937460597753,0.6611267017111829
676914,2024,R,0.2950601301497446,0.1384169696044226,0.35845475415946776,0.01562653334631352,0.4875017425499904
676391,2024,R,0.2933112509093925,0.05226547435549821,0.1281728819319193,0.010938091313035858,0.8086235523298871
687462,2024,R,0.3003425173458174,0.07641633403111243,0.18205142097425253,0.008345386693061306,0.7331868581861516
682729,2024,R,0.3212973808375605,0.09235285556821772,0.2373285050122407,0.009191937460597753,0.6611267017111829
665489,2024,R,0.3736869268070311,0.06598691284538473,0.16286367862598408,0.012198615996161385,0.7589507929253367
623168,2024,R,0.259460706572937,0.08673243636376489,0.1907253080207298,0.009257493283868724,0.713284762842728
681393,2024,R,0.30150217432446047,0.0723480269073938,0.2432826628356525,0.013245537001352349,0.6711237726509842
669364,2024,R,0.2961432175731891,0.10754364337383061,0.1647146273958994,0.008796259551255962,0.7189454702517097
669394,2024,R,0.31433307561156365,0.05900914221831298,0.29014653289519315,0.012468656250035718,0.6383756685269296
663743,2024,R,0.3278200388662716,0.08301156864720258,0.1532888702131975,0.01216324568457243,0.7515363161810924
665052,2024,R,0.3212973808375605,0.09235285556821772,0.2373285050122407,0.009191937460597753,0.6611267017111829
672640,2024,R,0.33412535955657496,0.10197488564246399,0.14218355790443998,0.013379427139462113,0.7424621293516541
667472,2024,R,0.32942242584933423,0.08189870204779151,0.23927294812072883,0.01341227137439367,0.6654160782946569
660821,2024,R,0.3457043962851793,0.08361910331390839,0.24960258268412416,0.008882132261576444,0.6578961819833155
681146,2024,R,0.30448433740498687,0.11782982440892206,0.17273531745453607,0.014638637094044242,0.694796221367598
660766,2024,R,0.3013381212438808,0.06587233758902254,0.22079388134045147,0.013489618459399085,0.6998441625225842
695578,2024,R,0.3212973808375605,0.09235285556821772,0.2373285050122407,0.009191937460597753,0.6611267017111829
671277,2024,R,0.32912278936026473,0.05075502072203811,0.13893521576283546,0.007116787612482626,0.8031929766847081
671117,2024,R,0.3212973808375605,0.09235285556821772,0.2373285050122407,0.009191937460597753,0.6611267017111829
696285,2024,R,0.29422440153618823,0.08506318883436413,0.1885753106745018,0.013194164685537926,0.7131673354426542
686452,2024,R,0.3014783602355763,0.12065882530176764,0.22557966048224876,0.009128492130547096,0.6446330221293892
671083,2024,R,0.2874369090516963,0.11450619819976636,0.2362716475324344,0.0131623045250738,0.6360598502730553
656941,2024,R,0.37108299052903376,0.11458856055450975,0.28765212437802257,0.009818971550496455,0.5879403431812493
596117,2024,R,0.2642458818536436,0.10261418607643846,0.2600598122093334,0.009623091879183504,0.6277029104448315
624641,2024,R,0.278198646163679,0.0450963098117466,0.22688073855620094,0.012944542180148856,0.7150784089437128
665019,2024,R,0.32515398229399506,0.09102768754804155,0.260404590191242,0.009356431190500218,0.6392112903710947
669016,2024,R,0.3389806190662742,0.10010641464083757,0.2868080821624645,0.009592431393789293,0.6034930723326355
664761,2024,R,0.3363985394760601,0.07363246530930374,0.195437614571491,0.01262989057824781,0.7183000300460876
681082,2024,R,0.3299726465513486,0.0885918567253268,0.15860009387498614,0.00819528571732897,0.7446127635859834
642215,2024,R,0.27868447965101684,0.12852905178488735,0.3603644942686502,0.014631612471366136,0.4964748416494261
607208,2024,R,0.33116030463117263,0.07340219096217751,0.1975849022634654,0.01291404711941821,0.7160988598378504
686611,2024,R,0.30150217432446047,0.0723480269073938,0.2432826628356525,0.013245537001352349,0.6711237726509842
677588,2024,R,0.29788451379256103,0.14366112040967596,0.31567905092798687,0.010279812348512024,0.5303800164661119
683083,2024,R,0.3212973808375605,0.09235285556821772,0.2373285050122407,0.009191937460597753,0.6611267017111829
608336,2024,R,0.35072680675455736,0.10690922381590119,0.37364353473353473,0.0100086932095445,0.509438547634013
592206,2024,R,0.31462293996581475,0.0534909433140192,0.2495664520794896,0.012452054042844364,0.6844905508151315
592518,2024,R,0.3714543250441352,0.062303375967357286,0.1736539680340741,0.012306790933046954,0.7517358649225042
595777,2024,R,0.32136710390041634,0.11104830432646513,0.17790062218226768,0.009394263260069523,0.7016568098945797
593428,2024,R,0.32260219800116663,0.06741167887468286,0.17801476807585906,0.012544033316771355,0.7420295194986105
592626,2024,R,0.35816471385928944,0.08867745324481235,0.23852544782165036,0.009345707016238753,0.6634513915898875
521692,2024,R,0.34422616737440975,0.025960346770448665,0.20281793503541987,0.012033805644760434,0.7591879125399315
624428,2024,R,0.3252815341829562,0.08699477114893651,0.1276048535731796,0.008642199213514324,0.776758175521179
641658,2024,R,0.26642287597489733,0.09320987133854863,0.2688048732475932,0.014097971082541289,0.6238872850379019
543257,2024,R,0.33049997680046284,0.13886791584583394,0.21892141638420048,0.00947376060608247,0.6327369066915116
657557,2024,R,0.3014952200846289,0.07270831461024754,0.26874813541515546,0.013760711700589732,0.6447828376804301
680118,2024,R,0.2958072837745751,0.08310090669637651,0.26194497937145905,0.013355050804587099,0.641599063345094
663853,2024,R,0.2886100009692869,0.06067099809763546,0.2948895940806819,0.012598584645516954,0.6318408238532415
641933,2024,R,0.3258305696226899,0.08001969428252516,0.29085082031604736,0.013743509723691101,0.6153859762115712
596115,2024,R,0.31776971105588303,0.07346242497041959,0.26684472069286974,0.013800501367171876,0.64589235174831
664040,2024,R,0.34690831585001575,0.08654238647239523,0.2674929676752994,0.009080110002615306,0.6368845354387833
650490,2024,R,0.37165644970627704,0.1030018380541604,0.1446560130067069,0.01357942108584445,0.7387627278472978
670764,2024,R,0.3024742037539867,0.14136871236315063,0.2226740630978408,0.009541912855542423,0.626415312105645
666163,2024,R,0.30521894996718946,0.11146033594289752,0.27601222604844855,0.009395331513634534,0.6031321076695711
643376,2024,R,0.3379575929104135,0.09442775319447988,0.1819820249345896,0.013550352985856787,0.7100398689080184
642350,2024,R,0.2905034540746449,0.05927686938392271,0.31402147655116003,0.013442695540310894,0.6132589579591027
665804,2024,R,0.2979949174815986,0.09242193095973762,0.27409873739166124,0.014041376068470505,0.6194379555517614
621020,2024,R,0.31963857808800883,0.08126941274142273,0.2395898191304995,0.013421408335510959,0.6657193595939148
669289,2024,R,0.3072298950181764,0.08033717819181399,0.14040603004412408,0.012404003140936353,0.7668527887567022
621550,2024,R,0.3103658242115244,0.09291194373951828,0.34263595682712816,0.014465127478724688,0.5499869717224107
641355,2024,R,0.3449249880465788,0.08472354217565643,0.22734798385591656,0.00929516526305726,0.6786333081624784
677587,2024,R,0.24785494395041138,0.06831856925811844,0.26510244701567665,0.008832882408136709,0.6577461015746333
678877,2024,R,0.30150217432446047,0.0723480269073938,0.2432826628356525,0.013245537001352349,0.6711237726509842
666310,2024,R,0.32939906405132713,0.10907150387256954,0.2231085986608922,0.009477526690380133,0.65834237004619
518792,2024,R,0.3384075407966559,0.0726636254944375,0.16041960728995466,0.008456114977660382,0.7584606519338566
701305,2024,R,0.30150217432446047,0.0723480269073938,0.2432826628356525,0.013245537001352349,0.6711237726509842
572138,2024,R,0.31494436734859066,0.10266763901841068,0.23777197982663326,0.009167098711672188,0.6503932819907772
665926,2024,R,0.297765476510356,0.058251714572210476,0.20605204375530417,0.008553975832429912,0.7271422664406642
657041,2024,R,0.3131998203301526,0.10350483651502837,0.22211045231635174,0.013935616693402956,0.6604490935446881
647304,2024,R,0.3560655907851761,0.055925581005244515,0.1373701383244325,0.0077499991959156505,0.7989542809993975
608070,2024,R,0.35712903848270494,0.09135258671345343,0.1345426270337462,0.00895486791264455,0.7651499187790403
605170,2024,R,0.3325990677077958,0.10064008025157974,0.19924568399346052,0.00910423738938107,0.6910100001478012
663656,2024,R,0.39759978980982646,0.09141265223823894,0.14880138125980538,0.008377038627162514,0.7514089284426405
665161,2024,R,0.30110092814403483,0.056673315832546214,0.21988169031388796,0.011985690667414279,0.7114593029965313
700932,2024,R,0.3212973808375605,0.09235285556821772,0.2373285050122407,0.009191937460597753,0.6611267017111829
686823,2024,R,0.3183512255614264,0.057093695744127086,0.13005186010969808,0.007507611168980485,0.8053468329301716
666197,2024,R,0.27705513522633296,0.10670634140731836,0.3136864374685572,0.014463387248234216,0.5651438338989208
676694,2024,R,0.29190818533422863,0.08863270283432971,0.25525875775229073,0.013019104362691995,0.6430894343337934
643289,2024,R,0.2968684144709491,0.05063723254240644,0.14876608319965642,0.011770968628364829,0.7888257161430308
669257,2024,R,0.35068964365701866,0.10377844400832696,0.19031221448812716,0.014221668907774442,0.6916876724090315
666158,2024,R,0.3286760208464932,0.1106792350591265,0.21746178132050997,0.00903136945953337,0.6628276139216482
696100,2024,R,0.3012414920346436,0.06317552851695712,0.29669084231822757,0.012518812473648663,0.62761481718867
595281,2024,R,0.30407779052473555,0.07125707316918074,0.20754217202971573,0.008320507115770329,0.7128802475877601
628451,2024,R,0.3023122545415301,0.06518728432343361,0.16375667078177078,0.012769386107023419,0.758286659054087
669234,2024,R,0.30150217432446047,0.0723480269073938,0.2432826628356525,0.013245537001352349,0.6711237726509842
693307,2024,R,0.30150217432446047,0.0723480269073938,0.2432826628356525,0.013245537001352349,0.6711237726509842
643217,2024,R,0.3395870748874731,0.0823520001012895,0.1669745408393874,0.008695012155331252,0.7419784466417122
642020,2024,R,0.26547811256170784,0.0565446972175033,0.26447439894944547,0.012336009309118674,0.6666448946510327
681351,2024,R,0.3158701138435061,0.06764799953690889,0.23970709390069778,0.012740814334265202,0.6799040923013235
608348,2024,R,0.3069702938039633,0.09590848571376906,0.22381396196094466,0.013984074631326334,0.6662934774152871
680716,2024,R,0.26130406399437817,0.12395093197511833,0.33046617916081583,0.015141919661576193,0.5304409690677427
666969,2024,R,0.3304795658155496,0.06155811658303959,0.2635515415305476,0.013088239083723863,0.6618021027322233
656555,2024,R,0.34915826737037875,0.10562248392818686,0.24326307617111664,0.01477711421857115,0.6363373257977656
642715,2024,R,0.3089616550038938,0.08594054341777659,0.2674228862859283,0.013872646854560912,0.6327639229524787
661388,2024,R,0.3170883384697747,0.08336498418719324,0.26676705462028344,0.013576673114527336,0.636291287101221
680777,2024,R,0.3073497708115045,0.08771486967241075,0.29369699786735926,0.013551878329112903,0.6050362543828719
623993,2024,R,0.33681916042481863,0.07086210104897432,0.20333689151725534,0.009064795524334647,0.7167362121043392
643396,2024,R,0.29993690494773295,0.07896466656549403,0.14957539168333278,0.012966455872706948,0.7584934853754578
518735,2024,R,0.3290906364739818,0.11388218174397799,0.25712168520406387,0.009593647405914079,0.6194024856640488
665862,2024,R,0.3381627002107423,0.09357257740339184,0.2449245430809328,0.009082472367716638,0.6524204072865344
519317,2024,R,0.3526549482006581,0.07626683514617236,0.29692654552675884,0.013356478573275207,0.6134501408205302
592450,2024,R,0.3874207343786446,0.098769296910107,0.3098951778295034,0.013559348389257828,0.5777761769797818
665742,2024,R,0.39844755511969393,0.14202317886471133,0.19384876763796907,0.00925411185247165,0.6548739414048866
665828,2024,R,0.30363740692442226,0.09140877428241626,0.21667803302958144,0.00911264293796903,0.6828005499807194
519203,2024,R,0.37006382728770587,0.07628715030834025,0.17829960584580276,0.008969190212136307,0.7364440533742456
691026,2024,R,0.3070630331670901,0.10583104774995082,0.19469972899039972,0.014424054840041278,0.685045168235057
671218,2024,R,0.30012359133758143,0.07222195314409496,0.2863063536084863,0.013392216061072697,0.6280794765308855
672275,2024,R,0.31820716751597444,0.10906774257342346,0.25333399536432866,0.009296815543034971,0.6283014469784536
592192,2024,R,0.3164794740063919,0.09834128095770926,0.21552740643744245,0.014572080065847388,0.6715592325862566
571745,2024,R,0.31763554839896024,0.08439642096636585,0.25645302862395,0.013577602293290709,0.6455729480008437
669127,2024,R,0.301279469346206,0.06932943146443271,0.31217265093491187,0.013440510724139038,0.6050574068026764
671732,2024,R,0.32473826915994797,0.10221972342629466,0.25968951148043024,0.009033050445250804,0.6290577147079668
805779,2024,R,0.30150217432446047,0.0723480269073938,0.2432826628356525,0.013245537001352349,0.6711237726509842
664238,2024,R,0.29574411076663415,0.1158052072466828,0.28871245301797277,0.014927488260808358,0.5805548516546761
672386,2024,R,0.36189778617332186,0.09964366749833187,0.13720676172198612,0.013804898216525158,0.7493446728769856
664770,2024,R,0.33498552712444,0.09046717023604799,0.2041927154407063,0.00910170599406544,0.6962384079315589
543807,2024,R,0.3409246470117628,0.09002547232105076,0.2061785757912464,0.013600366646540173,0.6901955851912578
640902,2024,R,0.30150217432446047,0.0723480269073938,0.2432826628356525,0.013245537001352349,0.6711237726509842
691594,2024,R,0.30150217432446047,0.0723480269073938,0.2432826628356525,0.013245537001352349,0.6711237726509842
592663,2024,R,0.3326529908107674,0.06912158381239225,0.20753225555193816,0.013284458343449327,0.710061702267323
660688,2024,R,0.3317290232925423,0.056199180800424076,0.10685353408079026,0.0075392146623737685,0.8294080707113799
677950,2024,R,0.3136256750988239,0.07736310374459013,0.19771241071765852,0.00861354254049102,0.7163109422905702
656976,2024,R,0.33747164644504957,0.10533493716024997,0.15737326708240454,0.008691155763361056,0.7286006394543773
543309,2024,R,0.309186276898351,0.06647718739818577,0.2586680780485695,0.01229846069699088,0.6625562734532894
807799,2024,R,0.3527965731387184,0.08877564747897795,0.12498174475391412,0.008212928387635116,0.778029678810955
666181,2024,R,0.3224251687154748,0.13704656525433714,0.2884577208414052,0.009633007343752383,0.5648627069527692
680757,2024,R,0.3302301318325384,0.12074814530753254,0.09277905032141641,0.008819955419969704,0.7776528493421634
682177,2024,R,0.3212973808375605,0.09235285556821772,0.2373285050122407,0.009191937460597753,0.6611267017111829
608324,2024,R,0.3455093991513561,0.10462655888207707,0.13352030905248335,0.01354103347278051,0.7483120988837183
514888,2024,R,0.30991298129815636,0.06281438041821584,0.1366996876738554,0.012367963304287672,0.7881179688804673
673237,2024,R,0.33003356406587203,0.03110100782206709,0.19757647187244284,0.01108479083143611,0.7602377294107836
663898,2024,R,0.31520189191488196,0.07048100675095992,0.20857241261921278,0.012512398856884372,0.7084341818251152
607732,2024,R,0.2993119130916288,0.09288847578120361,0.20623201043037945,0.013392882672014255,0.6874866312115946
686668,2024,R,0.2719902778257125,0.07335123534131488,0.3265731599811328,0.013050642159499859,0.587024962396377
657757,2024,R,0.32153182456620183,0.08212234683394372,0.19715812368613372,0.009161391701189734,0.7115581379359988
670032,2024,R,0.2887847554789196,0.09921325812958504,0.14270120777636344,0.008435331155260883,0.7496502041181454
622110,2024,R,0.3044288179417469,0.08005113009040923,0.18289652475774865,0.012872986256361595,0.7241793595860663
608385,2024,R,0.3494111493993372,0.10757707035908604,0.1779127946790605,0.00879659896700759,0.7057135348825873
621439,2024,R,0.3151028661940405,0.062207043078419046,0.2714203526492513,0.013381385633474917,0.652991218790042
621043,2024,R,0.33773449009900175,0.07647479497868626,0.21163997737196744,0.012949923680840561,0.6989353038363655
650559,2024,R,0.33832240938928726,0.06482009153605456,0.20600566986211558,0.012833982911355736,0.7163402567511237
457705,2024,R,0.33700528977457966,0.11400576458522195,0.2165837976664754,0.014324474650536226,0.6550859627198082
671056,2024,R,0.3309754543942522,0.12721342264445265,0.27003189021551643,0.015449351137140546,0.5873053363596443
571448,2024,R,0.337343647945094,0.05103228659807106,0.15671648369538552,0.012341521140001943,0.7799097082964245
660644,2024,R,0.2981133332436375,0.09953255270218885,0.19490721343970058,0.009007705799582794,0.6965525271444098
669065,2024,R,0.3342616962008091,0.06783334050553197,0.25773849485209094,0.00852632292264085,0.6659018416901717
677870,2024,R,0.30150217432446047,0.0723480269073938,0.2432826628356525,0.013245537001352349,0.6711237726509842
669720,2024,R,0.30597043372279475,0.06093028027557336,0.20368720936617762,0.01230188696493783,0.7230806243081571
545121,2024,R,0.29868941825467293,0.08019442650869228,0.11077467167091147,0.007970378421004311,0.8010605232317656
656448,2024,R,0.29478101477796476,0.07509781340353076,0.2966371192318033,0.013263798207316617,0.6150012692557828
547180,2024,R,0.38723704641048434,0.08880683148174046,0.22801312885399305,0.009072985532056627,0.6741070539265415
666160,2024,R,0.281792352360991,0.04622945192715532,0.32523639374661695,0.008819335621375204,0.6197148180508225
687263,2024,R,0.3115305709099723,0.08241524475291692,0.2348928906087681,0.013276905605242645,0.6694149585358596
687363,2024,R,0.3212973808375605,0.09235285556821772,0.2373285050122407,0.009191937460597753,0.6611267017111829
518692,2024,R,0.3778064111694446,0.07685078102880548,0.18411635428355289,0.00891592573088633,0.7301169377562083
650489,2024,R,0.2848740623460263,0.05976469208471492,0.2633227501894615,0.008750744445300926,0.668161813129142
663616,2024,R,0.3313916345842828,0.10365114712529022,0.314737900736649,0.00961363800034632,0.5719973140290429
656537,2024,R,0.26984654618969,0.0668191269094348,0.27839712981011805,0.01210291470786917,0.6426808279807656
606992,2024,R,0.2871756925047442,0.06243283709620582,0.30093009908398455,0.013230233242490983,0.6234068306870454
686217,2024,R,0.29231556864050484,0.11755318412459037,0.15670294329874837,0.009168591687228347,0.716575280583633
694384,2024,R,0.30852061643175527,0.11879463036719322,0.17064950216480568,0.008947136742476079,0.7016087319398567
694362,2024,R,0.30150217432446047,0.0723480269073938,0.2432826628356525,0.013245537001352349,0.6711237726509842
694376,2024,R,0.30150217432446047,0.0723480269073938,0.2432826628356525,0.013245537001352349,0.6711237726509842
641598,2024,R,0.3355897868446014,0.11741711539616562,0.25181181006245207,0.014851039245274299,0.6159200359066114
500743,2024,R,0.30038770084066063,0.06127686547136466,0.13934377222689953,0.012348314179933746,0.7870310476265342
679822,2024,R,0.30150217432446047,0.0723480269073938,0.2432826628356525,0.013245537001352349,0.6711237726509842
621028,2024,R,0.2934964874535882,0.06006560819736644,0.12551417674214996,0.01205015734617937,0.80237005713257
605137,2024,R,0.3573378193247687,0.08817226447376791,0.19390676355297715,0.008757562889409399,0.7091634089230092
664702,2024,R,0.3038843048576715,0.12061060246407858,0.1722846174659548,0.014203407739599072,0.692901372562075
642708,2024,R,0.29439846231056893,0.04657434294524108,0.18713697453269698,0.012221538846576225,0.7540671430747184
682657,2024,R,0.3212973808375605,0.09235285556821772,0.2373285050122407,0.009191937460597753,0.6611267017111829
669304,2024,R,0.31101742638850083,0.060537489011728646,0.18948898625194885,0.012646324753211563,0.7373271998930744
670242,2024,R,0.35591551035597513,0.11355198418149937,0.32702281306738246,0.0097696972753401,0.5496555058454414
679032,2024,R,0.25164484389348735,0.04535385740948492,0.23561974551213358,0.012259910808925578,0.7067664859453706
645444,2024,R,0.27602995815995346,0.13757520632243173,0.24149392352135046,0.009538092241504212,0.6113927780777778
670156,2024,R,0.33058153181474986,0.13351523908944604,0.1985277339303881,0.00961188433437961,0.6583451429162549
702358,2024,R,0.30150217432446047,0.0723480269073938,0.2432826628356525,0.013245537001352349,0.6711237726509842
642133,2024,R,0.3587477681157729,0.08072770393947641,0.22136076573957533,0.008838608918198185,0.6890729214919431
670541,2024,R,0.427434448612232,0.09101439631790517,0.20664936184770022,0.009078007640279474,0.6932582343132295
676116,2024,R,0.33946244547424714,0.15383643775979608,0.3275944470140869,0.010083263727550914,0.5084858506678918
595978,2024,R,0.2603656001296663,0.054809153651168306,0.2714971333973428,0.013174746228549994,0.6605189667088585
665782,2024,R,0.30150217432446047,0.0723480269073938,0.2432826628356525,0.013245537001352349,0.6711237726509842
669288,2024,R,0.28263130250649493,0.07526366933863486,0.34529589673037636,0.009537436484670229,0.5699029985367748
670869,2024,R,0.281191821562583,0.09428811578837064,0.21448057930017506,0.00912712380469932,0.6821041807989648
656582,2024,R,0.3011808214891162,0.11657575364478726,0.2330232164433637,0.014200320029074743,0.6362007099850072
663967,2024,R,0.2592391556926658,0.06877739827648789,0.28677143136962824,0.009006180933911758,0.6354449889014364
676439,2024,R,0.3212973808375605,0.09235285556821772,0.2373285050122407,0.009191937460597753,0.6611267017111829
670276,2024,R,0.2901528282769585,0.1483812575118147,0.21897745910574698,0.009564218773587367,0.6230770647867694
681807,2024,R,0.28432093448375473,0.053104910199750936,0.24730541963478817,0.013109968444972865,0.6864797026287505
691723,2024,R,0.30150217432446047,0.0723480269073938,0.2432826628356525,0.013245537001352349,0.6711237726509842
646240,2024,R,0.37518205915407116,0.058120525822326095,0.2038574974238869,0.008516507671980391,0.7295054689636603
665953,2024,R,0.30150217432446047,0.0723480269073938,0.2432826628356525,0.013245537001352349,0.6711237726509842
682928,2024,R,0.3191321086749642,0.05502220104081344,0.16026486687554406,0.008078962542368775,0.7766339695632827
682617,2024,R,0.28359061520009465,0.11125191079635409,0.32476460286176223,0.01325006684440184,0.5507334197266232
665506,2024,R,0.2717935876409967,0.07082447082075306,0.27475882806799873,0.012913865899434182,0.64150283515096
677956,2024,R,0.30150217432446047,0.0723480269073938,0.2432826628356525,0.013245537001352349,0.6711237726509842
593160,2024,R,0.30552311642362184,0.06245786540162529,0.16054660802131096,0.012695564260252977,0.7642999621968715
677941,2024,R,0.2493596729375553,0.051602829169687864,0.3012901865073391,0.011977494031939923,0.6351294901153716
641779,2024,R,0.3137829577072812,0.1159554600900472,0.2907598945161522,0.013836933972965728,0.5794477106442414
668853,2024,R,0.3212973808375605,0.09235285556821772,0.2373285050122407,0.009191937460597753,0.6611267017111829
673962,2024,R,0.3328658591754974,0.06705279920391165,0.2578688804843796,0.011700408186834932,0.6633779110227941
641645,2024,R,0.3254019608037493,0.13744206485550817,0.15595442331932768,0.009568640236815985,0.6970348709165347
649966,2024,R,0.29160187761800466,0.10313187379361147,0.22336664613167487,0.014550818956536196,0.658950660105087
572191,2024,R,0.284155996042032,0.07300434808051923,0.2894616875304423,0.013292264379102282,0.6242417002172153
666182,2024,R,0.3648345032115392,0.05540619425485518,0.184048359734403,0.012232258146151672,0.7483131881040624
594807,2024,R,0.30781936836171214,0.05867327851065426,0.2773316533904599,0.013208882668338993,0.6507861851354194
624415,2024,R,0.33163771774673373,0.15073483894665002,0.24286829855675127,0.009630653074673118,0.5967662097235618
667452,2024,R,0.29880767701151567,0.0814896949304772,0.22934161379805124,0.01366942401309758,0.6754992680358891
650391,2024,R,0.34103186985425593,0.05179203262472008,0.22144962240713076,0.011593063578236702,0.7151652814766554
661531,2024,R,0.2459414038001663,0.0559399113607126,0.25393683783820914,0.012977167993550589,0.6771460827144032
680728,2024,R,0.3212973808375605,0.09235285556821772,0.2373285050122407,0.009191937460597753,0.6611267017111829
695238,2024,R,0.3212973808375605,0.09235285556821772,0.2373285050122407,0.009191937460597753,0.6611267017111829
592325,2024,R,0.3254011037647074,0.09910139071521025,0.22876373001043768,0.00908468423152918,0.6630501949493744
605244,2024,R,0.2593331175386522,0.06551996337820838,0.315163048297868,0.013523839374704725,0.6057931496669965
662139,2024,R,0.3257026309077485,0.0883696866767908,0.23647609023570254,0.009539328814619859,0.6656148941873932
608701,2024,R,0.3285459891109562,0.11113504751962663,0.21032097446324233,0.01414901541787339,0.6643949620720849
669137,2024,R,0.30150217432446047,0.0723480269073938,0.2432826628356525,0.013245537001352349,0.6711237726509842
669326,2024,R,0.30150217432446047,0.0723480269073938,0.2432826628356525,0.013245537001352349,0.6711237726509842
682073,2024,R,0.29780566816088294,0.13567893938352732,0.3129597809939597,0.014687827262733138,0.5366734526596825
621466,2024,R,0.3196395756359137,0.10249983337717676,0.28045825702535937,0.009519920511685074,0.6075219888950737
663897,2024,R,0.24369454353817538,0.07151324413863672,0.27129457710504,0.013629390917700697,0.6435627877983443
675961,2024,R,0.2518662081425502,0.07458204540782183,0.3130827350888565,0.013429435302804714,0.5989057830243882
665155,2024,R,0.31977035162258427,0.11369826504011436,0.25471599702483877,0.009738438116825633,0.6218472991549437
676801,2024,R,0.301355923786788,0.09269758292946062,0.2599709909965467,0.014223712418465966,0.6331077136261198
671289,2024,R,0.3037261856292852,0.06751183267150311,0.15637418214870308,0.013054524330442392,0.7630594605655968
668952,2024,R,0.27683618102427854,0.10225271461349345,0.28165431786387884,0.012010207180079795,0.6040827600549792
656484,2024,R,0.3335990951169064,0.07037790006507273,0.22345566716917062,0.008963409808923743,0.6972030231261185
669200,2024,R,0.09113897355772088,0.047145171648247094,0.7664391500012979,0.01431049055916528,0.1721051874876857
669134,2024,R,0.30792179829552413,0.05330225455610129,0.15574007115743535,0.012197244047598692,0.7787604306566891
543685,2024,R,0.36148238605016475,0.10775759728789908,0.1688143823773422,0.014351955415539044,0.7090760647920824
666176,2024,R,0.2785178652287737,0.07086217764018224,0.334591291758042,0.013926454313827934,0.5806200756357335
641856,2024,R,0.31319839967316043,0.10309248435860241,0.25492760601920383,0.00930773976064099,0.6326721695354126
678489,2024,R,0.3212973808375605,0.09235285556821772,0.2373285050122407,0.009191937460597753,0.6611267017111829
680779,2024,R,0.3245149886441223,0.09017725831088236,0.23388667387574238,0.013916096445539733,0.6620199719547473
643446,2024,R,0.3357226154847328,0.06850345628896626,0.12368740971872307,0.007982841867614224,0.7998262915737617
668752,2024,R,0.3212973808375605,0.09235285556821772,0.2373285050122407,0.009191937460597753,0.6611267017111829
608369,2024,R,0.38948156785835536,0.07120208482793342,0.17775886289619694,0.008023336297437612,0.7430157160555808
642086,2024,R,0.32916827876195254,0.06810317783605568,0.19899274721689555,0.008706312687577274,0.7241977627450877
596146,2024,R,0.3672978743598376,0.08815973115554811,0.1684177293237184,0.008442279103833472,0.73498025971795
672701,2024,R,0.27089954863899984,0.045606147013972545,0.22050842182049143,0.008691843054747685,0.7251935886806
645305,2024,R,0.2638405094257528,0.06719724050087175,0.29547285691738046,0.011854077080303541,0.6254758258894295
656577,2024,R,0.2476119911770288,0.05328035359709961,0.46201780805168646,0.013816478047351385,0.47088536037443857
686469,2024,R,0.3827389241098116,0.0780037813816809,0.11707782345349638,0.008168390749064442,0.7967500044816724
642731,2024,R,0.2974685162185549,0.06387852855650228,0.19134949909176982,0.012271551856233985,0.7325004203160066
666152,2024,R,0.29230955070502174,0.1317307118436621,0.23663920672281247,0.00907119502701412,0.6225588868624965
595284,2024,R,0.28447096669130606,0.10444562259239631,0.3150618672857775,0.009805290276961195,0.5706872199625844
681460,2024,R,0.3212973808375605,0.09235285556821772,0.2373285050122407,0.009191937460597753,0.6611267017111829
518934,2024,R,0.3454541083535825,0.09085099297612088,0.15926167464733115,0.013405009783486126,0.7364823230503919
694355,2024,R,0.30150217432446047,0.0723480269073938,0.2432826628356525,0.013245537001352349,0.6711237726509842
678225,2024,R,0.32174005437767017,0.11030696951905668,0.22258390796186708,0.009472747948298938,0.6576363741444383
686527,2024,R,0.33300213134288315,0.04697367558403961,0.20363489345353758,0.008264659159214835,0.7411267720698016
575929,2024,R,0.3103341219625576,0.06390260694510151,0.2665721856918693,0.013491110199837616,0.6560340969668188
647351,2024,R,0.31785387093097567,0.08779493055667269,0.17677923766695025,0.00887273745524586,0.7265530938373835
609280,2024,R,0.32128097848057285,0.048346285586567686,0.14620148483004958,0.012046331759404621,0.7934058972594394
542963,2024,R,0.24350855773861926,0.044141296952479175,0.25656954381721525,0.007943012827023161,0.691346145913218
656413,2024,R,0.28222086185756884,0.09824549322434455,0.30130544189648095,0.01390169061270186,0.5865473743745474
595879,2024,R,0.2945966791442998,0.03277750167722022,0.2702452544789425,0.010809463521458012,0.6861677807578689
670224,2024,R,0.3212973808375605,0.09235285556821772,0.2373285050122407,0.009191937460597753,0.6611267017111829
669743,2024,R,0.3159332205167958,0.12913828487052575,0.20220438867471718,0.014937812946816648,0.6537195142349732
663550,2024,R,0.2512857843344353,0.043556396116747775,0.3919333034872259,0.008606544523269926,0.555903756623605
672724,2024,R,0.28247347821550167,0.07891202385765302,0.25033003658379477,0.012992196720872358,0.6577657429331341
669369,2024,R,0.26503099000786795,0.10846360412359682,0.30139599751841184,0.009200077620728669,0.5809403203502264
672012,2024,R,0.3212973808375605,0.09235285556821772,0.2373285050122407,0.009191937460597753,0.6611267017111829
669357,2024,R,0.3479872154762285,0.0965155598828301,0.3077181844177308,0.009482891354511816,0.586283364643111
600869,2024,R,0.32387070827760855,0.09081333202063892,0.21718624593723865,0.009317387291567666,0.6826830336915992
673490,2024,R,0.3104380264898389,0.11508047573149499,0.18841725945365426,0.014403848169206588,0.6820984164745366
694175,2024,R,0.30150217432446047,0.0723480269073938,0.2432826628356525,0.013245537001352349,0.6711237726509842
663586,2024,R,0.350100781086082,0.06766592604653414,0.25649821951595353,0.013131016863959273,0.6627048368128607
663905,2024,R,0.321149533810259,0.06560591076632458,0.21933318811599695,0.008462080848820358,0.7065988201419505
677942,2024,R,0.30150217432446047,0.0723480269073938,0.2432826628356525,0.013245537001352349,0.6711237726509842
663647,2024,R,0.32953277991023866,0.07999139957957728,0.20170344593107348,0.013592335707500996,0.7047128194047667
676632,2024,R,0.30386312814477234,0.09274088780306722,0.24936363032108547,0.009228243845367102,0.6486672372818216
668731,2024,R,0.2969242080116842,0.10493039907230507,0.2552240472058346,0.00927011008890679,0.6305754433504059
641432,2024,R,0.34693997330934595,0.07516183264028664,0.12378163222457063,0.00827661069575847,0.7927799244185646
678554,2024,R,0.28660041527429087,0.07342157177957932,0.22221036055056234,0.01275607695702667,0.6916119912099756
656180,2024,R,0.2980408157612646,0.0883724708223408,0.314698733026314,0.014479842099928877,0.5824489542280716
592178,2024,R,0.319893787219436,0.07938521886749977,0.24297247506411662,0.013242128038362947,0.6644001776602049
543063,2024,R,0.31747827493159264,0.07772902440560651,0.21910821081723642,0.00860730485166625,0.6945554591978831
665966,2024,R,0.30150217432446047,0.0723480269073938,0.2432826628356525,0.013245537001352349,0.6711237726509842
668723,2024,R,0.2648034466805192,0.053656941829436186,0.23432659258795682,0.012287413053820166,0.6997290532976009
623912,2024,R,0.31089202337809174,0.03574173114698464,0.17758372908454678,0.0119229152035709,0.774751624642244
656883,2024,R,0.3406852833030476,0.05818040461803703,0.1429508071552595,0.013334166470579946,0.7855346220941306
592696,2024,R,0.31410317537333976,0.04085288412772612,0.17945033283045805,0.007533845237821737,0.772162936529364
687799,2024,R,0.3173621094762984,0.11620586230987186,0.2819786105732177,0.009636041340696273,0.5921794854219633
669222,2024,R,0.30275243867292667,0.08192120821914857,0.20583397624423633,0.012875661891808074,0.6993691529391279
613564,2024,R,0.2915722514791906,0.09233575850301018,0.30997621311778695,0.009236547964366612,0.5884514815683823
624503,2024,R,0.3290720481626396,0.04843437425739347,0.20958792640024956,0.008462387049751812,0.7335153133580031
650859,2024,R,0.3020271414740464,0.08502510998941985,0.1856494517850004,0.008656215039702743,0.7206692230601048
657088,2024,R,0.32431365509501764,0.1485876877865511,0.2170927796066292,0.01012783028925743,0.6241917019255622
687066,2024,R,0.30150217432446047,0.0723480269073938,0.2432826628356525,0.013245537001352349,0.6711237726509842
805373,2024,R,0.30150217432446047,0.0723480269073938,0.2432826628356525,0.013245537001352349,0.6711237726509842
695391,2024,R,0.30150217432446047,0.0723480269073938,0.2432826628356525,0.013245537001352349,0.6711237726509842
642197,2024,R,0.30150217432446047,0.0723480269073938,0.2432826628356525,0.013245537001352349,0.6711237726509842
669261,2024,R,0.35184924116814104,0.13254861551355673,0.28435839977935373,0.009946238207538975,0.5731467468257857
682988,2024,R,0.30150217432446047,0.0723480269073938,0.2432826628356525,0.013245537001352349,0.6711237726509842
623520,2024,R,0.3113529337360223,0.07850529972397646,0.2803500951502741,0.013990961718163374,0.6271536437174018
681584,2024,R,0.30290395766866446,0.11801828094038165,0.2952723747346944,0.014517608729706703,0.5721917364028798
642851,2024,R,0.2699363496143791,0.07641289740754681,0.23606422988374653,0.013835998318429849,0.6736868744698961
679845,2024,R,0.3051469194853265,0.07403921930559981,0.1595604699179348,0.0117300506177503,0.7546702604031909
668800,2024,R,0.2785504721945168,0.06765374171345866,0.23759056940930584,0.012854066360662766,0.681901622845268
670097,2024,R,0.288844648030883,0.12512770281001662,0.2595510396424776,0.014959079206742098,0.6003621778092992
621512,2024,R,0.26077749587858,0.04184462076169086,0.2775452945115843,0.011876461703630199,0.6687336228313704
624512,2024,R,0.28865136286531484,0.0731093482978314,0.19555538170625988,0.008379262106341132,0.722956008334287
671221,2024,R,0.29737375177364095,0.09171038316454755,0.3081954582620988,0.009861241275568033,0.5902329167990399
592885,2024,R,0.36655526669335303,0.10751067055557198,0.21305542873766156,0.009045795198623524,0.670388104698477
622761,2024,R,0.2963257906870508,0.05846092163009418,0.24661789495369546,0.012141056435322147,0.6827801274757888
649557,2024,R,0.32121630622296254,0.056963568273704704,0.15457480428298848,0.01223956090452917,0.7762220660340992
660636,2024,R,0.2914806641422301,0.07162626665655103,0.22117650547975584,0.012437364367910052,0.694759864148752
663330,2024,R,0.31604453608016014,0.12281006207086088,0.25485192868518797,0.014163463830596428,0.6081745454361634
669374,2024,R,0.29522560861041974,0.07581296372226982,0.3594922037150772,0.014632578487682199,0.5500622544470563
656248,2024,R,0.30905686029692425,0.10713350610126578,0.2727902880797316,0.014279143633883787,0.6057970618292835
455117,2024,R,0.28078498991698264,0.0790886487849596,0.2864003408887843,0.013842358839455952,0.6206686514550863
527038,2024,R,0.31857999698068684,0.07690146004194169,0.14452487754540994,0.01309228345545993,0.7654813791186004
672744,2024,R,0.24166984589857815,0.050290916225988164,0.373585553543557,0.013007999628060362,0.5631155312251935
664901,2024,R,0.2800683252516868,0.10202695519958713,0.23810212638330583,0.014288712755827009,0.6455822051456753
665561,2024,R,0.2577974718323586,0.06656412474577243,0.18609781896120592,0.008366061128327043,0.7389719945697953
664954,2024,R,0.2966057317383786,0.07975277365056552,0.20258914986039792,0.008520260380370553,0.7091378159376807
621458,2024,R,0.324570874734156,0.08212423750746548,0.32235091877800626,0.009413530268049712,0.5861113134766939
681962,2024,R,0.25558438491522056,0.10399360848856373,0.24819622389473361,0.01467103158685399,0.6331391362638699
621311,2024,R,0.2817576700515086,0.05197972427325674,0.2828768236612057,0.008470276097740847,0.6566731760466534
605361,2024,R,0.32170980186281994,0.11544139230843196,0.19678620741583613,0.00928765121726083,0.6784847496458322
672356,2024,R,0.2960784181460244,0.0764320294264776,0.3248641498622699,0.01260798331764331,0.5860958374766893
593934,2024,R,0.34684923487590824,0.09622012625996428,0.3383190434728402,0.01447752466011285,0.5509833058223131
669208,2024,R,0.30150217432446047,0.0723480269073938,0.2432826628356525,0.013245537001352349,0.6711237726509842
608841,2024,R,0.33020023897342793,0.06930523779437064,0.2007386622361509,0.012754186866400978,0.7172019131649483
658668,2024,R,0.3005476560865037,0.0700983397054359,0.18757431348721817,0.012801259984903307,0.7295260868524035
680769,2024,R,0.3212973808375605,0.09235285556821772,0.2373285050122407,0.009191937460597753,0.6611267017111829
666703,2024,R,0.2632094599643104,0.08976982603181459,0.2795552862261851,0.014215820087348306,0.6164590668777357
571466,2024,R,0.29398611402787245,0.09172623472847823,0.21868287685684137,0.008926383415623691,0.680664505442439
673995,2024,R,0.30150217432446047,0.0723480269073938,0.2432826628356525,0.013245537001352349,0.6711237726509842
641313,2024,R,0.28520860015958704,0.04321946201760843,0.2254846693277051,0.01262607029731041,0.7186697982276543
660707,2024,R,0.26251862333936266,0.04983818974088001,0.33013066074246455,0.013103362668291709,0.6069277871378502
605204,2024,R,0.3184662523557435,0.08979784818283432,0.26842840328488765,0.013603559330979698,0.62817018950114
682119,2024,R,0.30150217432446047,0.0723480269073938,0.2432826628356525,0.013245537001352349,0.6711237726509842
641511,2024,R,0.2567042189430493,0.08417934654594035,0.2809656188238967,0.013622208939588936,0.6212328255296444
671286,2024,R,0.30150217432446047,0.0723480269073938,0.2432826628356525,0.013245537001352349,0.6711237726509842
676701,2024,R,0.2709134901331826,0.0697374413119246,0.24109333027407553,0.012450996121778144,0.6767182321631013
670092,2024,R,0.3212973808375605,0.09235285556821772,0.2373285050122407,0.009191937460597753,0.6611267017111829
676369,2024,R,0.3108805453507132,0.0873873331509507,0.30317658091116545,0.012921837422781452,0.5965142482972866
640492,2024,R,0.28022859623048346,0.04819167336127113,0.23064137660225417,0.012102822075918913,0.7090641289929773
682619,2024,R,0.30150217432446047,0.0723480269073938,0.2432826628356525,0.013245537001352349,0.6711237726509842
693049,2024,R,0.3163655651362226,0.061144676580996676,0.2580768083114726,0.008958406054512345,0.6718201092329302
669450,2024,R,0.299728824559676,0.1360932091584729,0.2713372981359967,0.009574888281986148,0.5829946050825081
691182,2024,R,0.3212973808375605,0.09235285556821772,0.2373285050122407,0.009191937460597753,0.6611267017111829
674441,2024,R,0.3212973808375605,0.09235285556821772,0.2373285050122407,0.009191937460597753,0.6611267017111829
675659,2024,R,0.3212973808375605,0.09235285556821772,0.2373285050122407,0.009191937460597753,0.6611267017111829
669087,2024,R,0.2762425168235292,0.06409832233166954,0.3602465205617202,0.011978435754045783,0.5636767215145564
666915,2024,R,0.3080088346894345,0.07221777387713854,0.33454610157689046,0.013166014615345167,0.5800701101018211
679881,2024,R,0.2812605926635998,0.09961345818085872,0.2891589096213991,0.009652626372889694,0.6015750061892807
657061,2024,R,0.27655675076037756,0.09812541688039257,0.24601309200150906,0.009105213719899101,0.6467562784805752
543228,2024,R,0.2968748904685466,0.05128111441284527,0.21665884048143294,0.012851450135408274,0.7192085948309059
686554,2024,R,0.3212973808375605,0.09235285556821772,0.2373285050122407,0.009191937460597753,0.6611267017111829
596129,2024,R,0.34830104084004876,0.13056491545901502,0.23913315980143093,0.00988907814498721,0.6204128468298344
547989,2024,R,0.34559894453556295,0.04973939533262747,0.21737735127271193,0.013313546709758617,0.7195697063170308
666135,2024,R,0.32362750662683426,0.06568841249700752,0.21804291199612483,0.008824556332172776,0.7074441191186821
643265,2024,R,0.3348865573577708,0.07001830264079466,0.2374754738963079,0.013091326934231469,0.6794148971277615
683146,2024,R,0.34313304597131544,0.08647038476096641,0.24535730777916637,0.008943989218417941,0.6592283176894331
605119,2024,R,0.31235002591785244,0.07916680197581359,0.24850199749547547,0.013495884874163793,0.6588353150913477
677347,2024,R,0.2717691814777379,0.0942537331773067,0.34396641895401203,0.01425495561314318,0.5475248929568024
667428,2024,R,0.30150217432446047,0.0723480269073938,0.2432826628356525,0.013245537001352349,0.6711237726509842
621545,2024,R,0.2286482095669913,0.08254760264625043,0.313617103612414,0.014078287034266432,0.5897570066046532
664874,2024,R,0.25782205273545933,0.08061048732335101,0.36799043545830473,0.014316996981949536,0.5370820808286295
663611,2024,R,0.29839553971314015,0.07497494838243002,0.09893740487561525,0.013155371999836058,0.8129322748618116
553882,2024,R,0.3089053616584768,0.10104141689833618,0.19089279552856978,0.009323878554124117,0.6987419084643388
645801,2024,R,0.33651560312706347,0.11825325812979132,0.2349912408624212,0.009187141908259422,0.6375683587839767
680911,2024,R,0.29852514241941897,0.06823776331712818,0.19683202152481596,0.012855064423707938,0.7220751508209577
664314,2024,R,0.2858334566473405,0.11242748184944837,0.3121243295011147,0.009453795425637538,0.5659943934661354
694497,2024,R,0.33298537490261193,0.1547656950270925,0.2696711762227653,0.009813160188030447,0.5657499683553808
663630,2024,R,0.2871758133910667,0.09955318859657705,0.31792830158492813,0.013810556284656413,0.5687079539463555
660670,2024,R,0.38367040089147186,0.08961963074213461,0.21702327822524772,0.013781090756350403,0.6795759997057846
644433,2024,R,0.24588472301303668,0.05705624080358028,0.300188652342247,0.012157545768222183,0.630597561746247
665923,2024,R,0.25108990538029946,0.06974015723294541,0.2205092243961661,0.013206557693657948,0.6965440607330604
666165,2024,R,0.28975208035009126,0.09768526872716998,0.33127989426589693,0.009271394167797096,0.5617634427364824
668843,2024,R,0.2985181243990409,0.11173732910451463,0.2214888483999667,0.009265274460129981,0.6575085479452756
669699,2024,R,0.2119974305226488,0.048427073053667634,0.3563043080664196,0.0086403029300818,0.5866283159156254
676896,2024,R,0.30150217432446047,0.0723480269073938,0.2432826628356525,0.013245537001352349,0.6711237726509842
542364,2024,R,0.3183973880960813,0.09844256842855906,0.1814894454824279,0.009085038716121515,0.710982947148436
621563,2024,R,0.31898668789712525,0.06585675518798999,0.161082755336788,0.007903076249283469,0.7651574140002448
664059,2024,R,0.2886708310241065,0.10666702249853569,0.24584852969096224,0.009087237816140088,0.6383972103870653
592348,2024,R,0.2997200874559562,0.08852761604457589,0.2935496758646184,0.009597183669280512,0.6083255238798569
808982,2024,R,0.3212973808375605,0.09235285556821772,0.2373285050122407,0.009191937460597753,0.6611267017111829
687952,2024,R,0.3392627790837287,0.05871725575513884,0.27099455129026195,0.013141117581732975,0.6571470749687931
501303,2024,R,0.30561343106004396,0.10460511879437674,0.19574226099072578,0.009115344818071427,0.6905372758882915
670223,2024,R,0.3486760937977601,0.08468260820386375,0.26321835713411323,0.009001081919047934,0.6430979529894267
608596,2024,R,0.28540771777777996,0.07635182905619267,0.3354613548708164,0.013876075266130194,0.5743107413013829
686894,2024,R,0.29261096732027464,0.09137055296776166,0.27218531384378886,0.01364365731896164,0.6228004763875081
688363,2024,R,0.3212973808375605,0.09235285556821772,0.2373285050122407,0.009191937460597753,0.6611267017111829
545361,2024,R,0.38726374189674634,0.10258015552201034,0.24161748601806585,0.014780270020643497,0.6410220895376826
650907,2024,R,0.29142798246318735,0.060183647922209524,0.30672835755935957,0.013975478382103008,0.6191125162034309
543305,2024,R,0.31343393327578956,0.11557084881516928,0.22186479404509646,0.009261056458375421,0.6533033000660916
622569,2024,R,0.3101796411752217,0.09340892676922122,0.17366731674112146,0.013872973960003698,0.719050782155004
666211,2024,R,0.28735692367862176,0.10853646604831992,0.3352743376750433,0.009786131825659742,0.5464030646208787
664058,2024,R,0.28615940473547097,0.07820133155024535,0.10683678537020237,0.012060040437028895,0.8029018429438457
669352,2024,R,0.23708613783472113,0.06810938214741431,0.2749890990856756,0.012254672055906347,0.6446468469275111
541645,2024,R,0.3180056364456474,0.0422044660221357,0.25248699326995927,0.01183895383864224,0.6934695865435186
665856,2024,R,0.30150217432446047,0.0723480269073938,0.2432826628356525,0.013245537001352349,0.6711237726509842
607054,2024,R,0.3089026644746187,0.12304984877116211,0.234455694375052,0.00946114905100591,0.6330333078205018
676946,2024,R,0.2676912348638629,0.09303625618766374,0.2495615220249185,0.013766556895392218,0.6436356645625301
675915,2024,R,0.30150217432446047,0.0723480269073938,0.2432826628356525,0.013245537001352349,0.6711237726509842
665120,2024,R,0.3360059228689784,0.08580147994919157,0.24044549083831335,0.008884295041891376,0.6648687343594406
643393,2024,R,0.2978864154108002,0.10253850244581482,0.15540752337150568,0.008959298040960382,0.7330946759463336
660162,2024,R,0.33656016657679877,0.1103840236279815,0.2742385421313723,0.009510064343514597,0.6058673698552779
669392,2024,R,0.2670032009612905,0.07737087440084751,0.28262885671499083,0.014070993879429996,0.6259292750371783
