batter,season,p_throws,pred_woba,rate_bb,rate_k,rate_hbp,rate_bip
621438,2024,L,0.32767105551769693,0.0688788565177287,0.20460519867417581,0.008496535717507093,0.7180194084935468
502110,2024,L,0.37562780325800604,0.06993002930650907,0.23768779617513258,0.008498969625340217,0.6838832044599621
624413,2024,L,0.3825399755614196,0.07560372982712299,0.2305834098807572,0.008801596131568511,0.6850112638447599
570482,2024,L,0.33716775820148603,0.04243292521109108,0.1696302549497291,0.007180109398042523,0.7807567097677348
657656,2024,L,0.3223329561608075,0.10589059891046428,0.24690362732087087,0.009365012604065992,0.6378407612431516
624585,2024,L,0.3660486585186007,0.09726935764559086,0.2469811906478605,0.008858424247037361,0.6468910284758479
621566,2024,L,0.3491648215037448,0.08314514996823967,0.2506746237450077,0.0140535197162376,0.6521267068187249
607043,2024,L,0.3179464552737403,0.12914507338920977,0.2290691236420201,0.014754633558631517,0.6270311692268334
542303,2024,L,0.3704525119323921,0.06313894118271589,0.1958590795721206,0.007918014532196824,0.7330839650740892
645277,2024,L,0.33245490902606467,0.036762111533927846,0.141939302997694,0.007245797616805212,0.8140527884063553
671739,2024,L,0.3040530821610444,0.04857432275042825,0.2463643363604109,0.012066106642778815,0.6929952341138829
606115,2024,L,0.29980655262609984,0.06913126647503617,0.19657295743688352,0.008209266526536764,0.7260865091877552
669221,2024,L,0.35523823105094077,0.09757549664128697,0.21986379217786584,0.008767408143793816,0.6737933029565295
664983,2024,L,0.26176179809181516,0.07961859438551344,0.2511481024968182,0.013135033961514159,0.6560982689995041
444482,2024,L,0.3061652405797547,0.06717361715721125,0.2105538988063051,0.012682869067015056,0.7095896148061794
630105,2024,L,0.30677624549443433,0.09686378205485714,0.18383734583941994,0.013652731059329092,0.7056461404177642
682998,2024,L,0.31702534197418814,0.09320815948318752,0.20741197515787296,0.014021559858999392,0.6853583055810948
606466,2024,L,0.3392885822114837,0.058018388881677055,0.1469552905782911,0.007851562952353142,0.7871747580087196
672695,2024,L,0.2950749966855328,0.1266401833774396,0.1768981668059746,0.008815815188454043,0.6876458354808511
672515,2024,L,0.3460828859141617,0.09724824781055048,0.15860553236239183,0.008846297793095622,0.7352999202836493
553993,2024,L,0.3254086723538621,0.11153045588861342,0.2728209332884088,0.00939795613255851,0.6062506559816262
545341,2024,L,0.33676376675669634,0.05530056026823083,0.24214738641927092,0.008186844382031704,0.6943652088565326
572233,2024,L,0.3553073200259126,0.08734269743195872,0.2165979348608866,0.008816517286796288,0.6872428505789981
666971,2024,L,0.3483124959200287,0.06158493437857499,0.16667866560433267,0.0076872226531148335,0.7640491768081468
518595,2024,L,0.3385532510001873,0.07805958166128012,0.19098887199956768,0.008273360216674306,0.7226781859761022
669004,2024,L,0.3127459223777441,0.08838250576950125,0.24037034399471452,0.013768803438753707,0.657478347444641
493329,2024,L,0.3416047074273044,0.05640356504306797,0.10568693461165035,0.007136420239060658,0.8307730794641003
686681,2024,L,0.2995004665958386,0.05890483266378111,0.22888504618298708,0.012861394572922458,0.6993487268251461
687093,2024,L,0.311585712376489,0.06926371111312246,0.19703576551952884,0.008195725037905784,0.725504798782428
680776,2024,L,0.29162308505397794,0.07512359166275269,0.2547413678666276,0.012828200347627904,0.6573068414558052
665839,2024,L,0.2964032820643332,0.08289985183911097,0.20312112057552842,0.014206434073906394,0.6997725929191729
681508,2024,L,0.29988498119062373,0.07800823190055294,0.25509266740769715,0.008576965354987106,0.6583221357379039
678882,2024,L,0.285506376786187,0.0699311062845603,0.29366918974230893,0.008935374703929305,0.6274643293941355
686765,2024,L,0.29988498119062373,0.07800823190055294,0.25509266740769715,0.008576965354987106,0.6583221357379039
677800,2024,L,0.3129182244126878,0.0920406195956025,0.30263471360588773,0.014917418243715556,0.5904072488388272
657136,2024,L,0.292408790339309,0.07403279911123872,0.3075763607556751,0.009023830437510918,0.6093670091518534
671213,2024,L,0.318191595215606,0.10632426835457509,0.2780775175673514,0.013654501338300751,0.6019437132537971
682829,2024,L,0.2872424064905912,0.0811750107477966,0.32559483380708787,0.008487895796828729,0.5847422597751807
663697,2024,L,0.3281492557213,0.1268700943160243,0.22072020780407584,0.00939981517573876,0.6430098831852102
571912,2024,L,0.28472940855883,0.08677683481588942,0.25166322068113595,0.008695928834717363,0.6528640175718372
664023,2024,L,0.31400843280420665,0.08775996037013961,0.26804665670840006,0.008445356064213903,0.6357480251748467
676679,2024,L,0.29988498119062373,0.07800823190055294,0.25509266740769715,0.008576965354987106,0.6583221357379039
682634,2024,L,0.29988498119062373,0.07800823190055294,0.25509266740769715,0.008576965354987106,0.6583221357379039
542194,2024,L,0.30969281081789757,0.04532367948576431,0.2351730215457976,0.007682161688377589,0.7118211374341599
691718,2024,L,0.2289208929185497,0.09203505480555164,0.4245655629831871,0.01602647465873295,0.4673729077838545
571771,2024,L,0.3345487261826461,0.08971524073516794,0.18064247090907978,0.008571454415218623,0.7210708328443466
669242,2024,L,0.30895055341050015,0.06591446715671084,0.15198147948469978,0.007701780159874057,0.7744022736414439
571970,2024,L,0.3285273750733089,0.1079168413845293,0.2623987092657513,0.014775103382539933,0.6149093458692662
595909,2024,L,0.2709041523626373,0.07170045199903155,0.31224633813916036,0.013818226778574371,0.6022349828143786
656541,2024,L,0.2585369824726357,0.08912042618022269,0.3691669929406269,0.014064862484745103,0.5276477175493326
666134,2024,L,0.2847025421289505,0.1105975920790693,0.352450681210585,0.014997511441810761,0.5219542156302012
669911,2024,L,0.2721662820500741,0.0739137276020406,0.3570730470749556,0.008773395762400731,0.5602398289951078
641857,2024,L,0.298534694175163,0.08705150210110556,0.29827859545829866,0.01412044983723185,0.6005494531750114
678662,2024,L,0.3066509734001928,0.05813960663218625,0.25862102275261983,0.008758663133783956,0.6744807084097996
453568,2024,L,0.299867881565075,0.060579827924373754,0.1928782790484597,0.013240880306716224,0.7333010124351736
679529,2024,L,0.36169456515424736,0.08881481778372911,0.20092360720393063,0.008697710915901541,0.701563863284894
628451,2024,L,0.3180201621215798,0.06759112004224249,0.15327152654324927,0.007861084891133035,0.7712762697018485
672761,2024,L,0.29988498119062373,0.07800823190055294,0.25509266740769715,0.008576965354987106,0.6583221357379039
682985,2024,L,0.30905632820258433,0.08689710412993062,0.2879051892874094,0.014316768006961232,0.6108809383207716
664056,2024,L,0.3006645263230156,0.07998009637670288,0.22576149601316203,0.008801637203581179,0.6854567718163483
668901,2024,L,0.33567302397603616,0.06142839160229945,0.2697106388341003,0.008507912397429571,0.6603530577346605
578428,2024,L,0.3071061869126607,0.05397798310396509,0.11954701722992578,0.007465311381402273,0.8190096898117403
596019,2024,L,0.3487260610071737,0.06307792378072406,0.14249500869165202,0.008010950988697661,0.7864161171494881
686555,2024,L,0.29988498119062373,0.07800823190055294,0.25509266740769715,0.008576965354987106,0.6583221357379039
606992,2024,L,0.29775086317006483,0.07153118307990672,0.29614672365662115,0.009042814968453518,0.6232792777370134
641343,2024,L,0.27913852779767717,0.09263930049464712,0.28383938836764094,0.013014038811011425,0.6105072714038865
682626,2024,L,0.33818377843732694,0.09839438972285189,0.241035509530708,0.008420034380541275,0.6521500665646898
516782,2024,L,0.32568938264551844,0.0525765992611672,0.1871101092919741,0.00831564823152412,0.7519976431181601
642715,2024,L,0.31896339792687756,0.10282982749271495,0.265469464806432,0.009280874160544687,0.6224198327325096
694192,2024,L,0.29988498119062373,0.07800823190055294,0.25509266740769715,0.008576965354987106,0.6583221357379039
668930,2024,L,0.26627229414537834,0.1066821294223531,0.2574234392683519,0.013113308630915954,0.6227811233271237
687401,2024,L,0.2957954759387006,0.05441647536345709,0.24850968667382123,0.007692161365662782,0.6893816765322489
596142,2024,L,0.35542546916392814,0.08415315629336843,0.25816361013494465,0.00889394814470417,0.6487892858045455
663368,2024,L,0.2798874421732547,0.14942025644307555,0.27775275004127475,0.009732645521425855,0.563094348995066
680737,2024,L,0.29988498119062373,0.07800823190055294,0.25509266740769715,0.008576965354987106,0.6583221357379039
700250,2024,L,0.273913158637308,0.08055801327047821,0.2857655614393899,0.01388511573872385,0.6197913105712415
683011,2024,L,0.32528532228539686,0.10771905240567349,0.25467327036042753,0.009150624041792059,0.6284570535599593
641943,2024,L,0.2928821194305195,0.08315365018996619,0.21091274867315313,0.013962024259605816,0.6919715770320056
663698,2024,L,0.2947252929366902,0.07616065625227791,0.3271273546198231,0.008991078080839009,0.5877209109930406
665833,2024,L,0.289181367800171,0.07987280095785956,0.3522180651289171,0.013930517507612069,0.5539786156109302
657077,2024,L,0.3165019873624646,0.08127067791386827,0.15564705115042723,0.013504050568678906,0.7495782212712737
542932,2024,L,0.3149703495023831,0.12076041858488061,0.21501084360321684,0.00898163003437587,0.655247107157008
691176,2024,L,0.27837539882896206,0.10121416330837463,0.23745692455375486,0.008019259759112536,0.6533096531160021
519317,2024,L,0.37394773155534794,0.06914146093424478,0.28538299084591234,0.008470192055964828,0.6370053558425085
663757,2024,L,0.29440361997193126,0.1230725114370747,0.2774127656678099,0.015251545178892078,0.5842631793425935
650402,2024,L,0.347433667019075,0.0896253905690803,0.1938214829467595,0.008563874201253366,0.7079892517020326
624431,2024,L,0.31444231422810026,0.06126622531137797,0.1537918158867826,0.006718248554291463,0.778223709571936
666149,2024,L,0.3016188206331252,0.12039403452869624,0.2800800472027781,0.009254817412806343,0.5902710998731006
624424,2024,L,0.30907279661805004,0.09177793412965005,0.24731999789247938,0.014498324513026687,0.646403743488816
669477,2024,L,0.31801340080910223,0.06871384760955926,0.2002739313129078,0.007683393722234821,0.723328827068966
622268,2024,L,0.2590683639434717,0.0702872858090634,0.23909018964577272,0.013164846404760748,0.6774576776312532
663457,2024,L,0.30574748183477507,0.12198684420989654,0.26073848680919726,0.014149219419739095,0.6031254493140509
663609,2024,L,0.34913676620375395,0.09891977450303603,0.2941845658514368,0.009306869267324758,0.5975887904495736
668942,2024,L,0.2829987563161431,0.10832903295175964,0.23965933840385745,0.014049867515914864,0.6379617612304962
664238,2024,L,0.3100578065201,0.12458587212328008,0.2716753032379441,0.009505436543875583,0.5942333868192601
571745,2024,L,0.34028305279182397,0.08851757866400854,0.23422117520987268,0.008407454825532594,0.6688537919022631
649966,2024,L,0.31146140429236985,0.11568668597176106,0.21756400221128128,0.00938119260751461,0.6573681195708102
670042,2024,L,0.2935629132077963,0.06608884122195435,0.2890222736199449,0.012765384185912788,0.6321234997725163
668227,2024,L,0.32676581524653764,0.09492979495017803,0.2431968561938826,0.008962286639272673,0.6529110621858569
663728,2024,L,0.31651704449861157,0.06800877632759579,0.26586051845309794,0.008569112787231789,0.6575615925629534
680474,2024,L,0.29988498119062373,0.07800823190055294,0.25509266740769715,0.008576965354987106,0.6583221357379039
668832,2024,L,0.273913158637308,0.08055801327047821,0.2857655614393899,0.01388511573872385,0.6197913105712415
663527,2024,L,0.3210747490067357,0.10573711427450959,0.20592742334615524,0.009024072265640056,0.6793113903491308
680869,2024,L,0.3108376681990619,0.09280063620183016,0.27797662639007287,0.008850788685704342,0.6203719480266247
664913,2024,L,0.30033080770380377,0.0756554629713005,0.282632132248541,0.013821560902015086,0.6278908433531837
691016,2024,L,0.2623165978369505,0.06579917179262991,0.3464959229573424,0.011211180131102347,0.5764937259122538
667670,2024,L,0.34714597887176696,0.10371033104827806,0.3029336931130036,0.009335435009458132,0.5840205395365893
663743,2024,L,0.3289348496081686,0.08378951540970464,0.1511913879671126,0.007706060393415704,0.757313037406237
665052,2024,L,0.273913158637308,0.08055801327047821,0.2857655614393899,0.01388511573872385,0.6197913105712415
672640,2024,L,0.3406218590602959,0.10004884895733643,0.13919041652512942,0.00796928017521152,0.752791453713553
667472,2024,L,0.35331896649436895,0.08419178071213494,0.2573050692450692,0.008580844218431933,0.6499223062827058
660821,2024,L,0.2839865253225133,0.06658827802562974,0.2921907568933482,0.012699763210352703,0.6285212030224706
681146,2024,L,0.31988903294834514,0.12093035457613355,0.15042222526461466,0.009111147094073594,0.719536272068616
665782,2024,L,0.29988498119062373,0.07800823190055294,0.25509266740769715,0.008576965354987106,0.6583221357379039
676914,2024,L,0.30918290119756275,0.14576732838952053,0.3599703259448342,0.009803920140495543,0.4844584260798318
676391,2024,L,0.3042731904521528,0.06229340612594317,0.1157506893300678,0.007250096978894325,0.8147058062827228
687462,2024,L,0.26742561916961577,0.06981220554150598,0.21642773906575477,0.013262933113571325,0.7004971227232785
682729,2024,L,0.29988498119062373,0.07800823190055294,0.25509266740769715,0.008576965354987106,0.6583221357379039
665489,2024,L,0.3954338697716663,0.0769779430072787,0.1479686431450889,0.007820973911600923,0.7672324391349405
623168,2024,L,0.2707659084559843,0.07951402661231562,0.14850573393352245,0.008084039223455129,0.7638962009348914
694388,2024,L,0.273913158637308,0.08055801327047821,0.2857655614393899,0.01388511573872385,0.6197913105712415
669364,2024,L,0.27159224825388084,0.08418275387684912,0.19091173235667033,0.007959083455374072,0.7169464307731729
669394,2024,L,0.3572393793410201,0.07544878801609045,0.26317694495602517,0.008380455864924464,0.6529938132093221
672642,2024,L,0.29988498119062373,0.07800823190055294,0.25509266740769715,0.008576965354987106,0.6583221357379039
681393,2024,L,0.29988498119062373,0.07800823190055294,0.25509266740769715,0.008576965354987106,0.6583221357379039
656448,2024,L,0.3126348507665142,0.07759471556464909,0.2764913806229831,0.008788697756564575,0.6371252066872181
686611,2024,L,0.29988498119062373,0.07800823190055294,0.25509266740769715,0.008576965354987106,0.6583221357379039
677588,2024,L,0.26406945665485954,0.12639773184644412,0.34012667597014057,0.015384244485611666,0.5180913472017369
660766,2024,L,0.2985453373810574,0.06475714307547722,0.22163726498508632,0.008933027488868697,0.7046725649137859
695578,2024,L,0.273913158637308,0.08055801327047821,0.2857655614393899,0.01388511573872385,0.6197913105712415
671277,2024,L,0.2904205524810465,0.046135014684439694,0.1809663147786507,0.007597552819182414,0.7653011177202456
683083,2024,L,0.29988498119062373,0.07800823190055294,0.25509266740769715,0.008576965354987106,0.6583221357379039
696285,2024,L,0.3068385060849319,0.08993418309618582,0.16807262419881114,0.008457326960424292,0.7335358671424131
686452,2024,L,0.2942012978185726,0.11623600125293355,0.23914158311057726,0.008811289999387623,0.635811126057328
608336,2024,L,0.33180804614801146,0.09616867527988983,0.3828266443015807,0.014363069579676672,0.5066416113961107
596117,2024,L,0.23765067694314393,0.09577247756856658,0.2674603706584641,0.014212121183068247,0.6225550310121759
624641,2024,L,0.27553539584403364,0.052578129473421165,0.24073800672622386,0.008184790726963107,0.6984990728797575
665019,2024,L,0.2839782175882416,0.07993176961989734,0.2555821468741172,0.013746996037706988,0.6507390866951047
669016,2024,L,0.2868846688169124,0.09054921395507161,0.3261882136111545,0.014667181459459276,0.5685953920009875
664761,2024,L,0.3561419149107264,0.07482557687770316,0.17784303216431702,0.008142200853843875,0.7391891909428089
681082,2024,L,0.29348984417928353,0.07953444977898912,0.17769027909305823,0.01158062835360489,0.7311946428746913
605137,2024,L,0.3378338805360686,0.08340003185296598,0.20816259880940136,0.00845788770662881,0.699979480786542
642180,2024,L,0.25270070413715406,0.09714035277921049,0.25377366827027176,0.014466730851054072,0.6346192475333688
663604,2024,L,0.29988498119062373,0.07800823190055294,0.25509266740769715,0.008576965354987106,0.6583221357379039
543309,2024,L,0.331404600044642,0.06291122851340128,0.22783147150737112,0.007864899362961341,0.7013924002242672
456781,2024,L,0.33347853204793987,0.07012212107716731,0.19310361735811585,0.008231562332628003,0.7285426980335123
595777,2024,L,0.3214844236845474,0.10201515270537076,0.15185946428265884,0.008640366139971404,0.7374850164199619
605113,2024,L,0.28764763923623743,0.06918340368059565,0.19837112667783133,0.008180888465895873,0.7242645806258998
593428,2024,L,0.3506066393044202,0.09047249562466614,0.16183894171043114,0.008307390604165112,0.7393811717093154
592518,2024,L,0.39071185037322426,0.0638341001079844,0.16362155500874295,0.007862710552275533,0.7646816341632455
670623,2024,L,0.3315094886849426,0.0937562637602179,0.14581561081177585,0.008737335246129845,0.751690789178289
673548,2024,L,0.36081706353116166,0.12427687575249687,0.20690581998983715,0.009470944861655823,0.6593463598672763
641355,2024,L,0.31349842401658695,0.07377154112066293,0.226688199905013,0.013803900205353827,0.685736359647605
701305,2024,L,0.29988498119062373,0.07800823190055294,0.25509266740769715,0.008576965354987106,0.6583221357379039
572138,2024,L,0.2744095902837804,0.0995661706358797,0.2872079920204188,0.014311803141036526,0.5989140338669975
605170,2024,L,0.3155633540703409,0.0859993846294757,0.21472158722371582,0.00851306653121389,0.6907659611682176
663656,2024,L,0.36205433862260444,0.07724228144298403,0.15770324881264491,0.01284192392730746,0.7522125448108944
687597,2024,L,0.29988498119062373,0.07800823190055294,0.25509266740769715,0.008576965354987106,0.6583221357379039
691011,2024,L,0.29988498119062373,0.07800823190055294,0.25509266740769715,0.008576965354987106,0.6583221357379039
668845,2024,L,0.29988498119062373,0.07800823190055294,0.25509266740769715,0.008576965354987106,0.6583221357379039
676070,2024,L,0.27206460125724435,0.06438888169277855,0.19663077723965583,0.007195846903538474,0.7317844940432922
642020,2024,L,0.2829208764965245,0.0612158507677407,0.27667683249852243,0.00833254537687467,0.6537747730327814
666150,2024,L,0.2694690099432328,0.07880719708540185,0.2425508834531433,0.013699831566379245,0.6649420869203427
663993,2024,L,0.3273345990052259,0.09988015156087934,0.2341927123081231,0.01361967231498874,0.6523074638299309
622110,2024,L,0.32317452771751787,0.0801224097273054,0.15667759753049193,0.008079837681269787,0.7551201557023786
694671,2024,L,0.29988498119062373,0.07800823190055294,0.25509266740769715,0.008576965354987106,0.6583221357379039
669701,2024,L,0.28886897612504364,0.11844077286626611,0.2466933581935331,0.014749450310845694,0.6201164186564779
543760,2024,L,0.33900065109510685,0.10552220829851965,0.17369556676430067,0.008704668843288936,0.7120775555076351
677649,2024,L,0.30466157716253783,0.0633929474538942,0.2537746988080809,0.008418453935558654,0.6744139001622277
641680,2024,L,0.3289091544273427,0.06415120636807964,0.15605285388267634,0.007876669114473572,0.7719192703044656
608348,2024,L,0.3178720427140875,0.10787102301021056,0.21816702955035075,0.009176198042382422,0.6647857494004596
665750,2024,L,0.29186614345775824,0.07743270883188925,0.2509597773904439,0.008173849545537532,0.6634336651438719
607680,2024,L,0.31871826583978513,0.04251227765508815,0.15601390129899498,0.007529061124287435,0.7939447600703409
676572,2024,L,0.29988498119062373,0.07800823190055294,0.25509266740769715,0.008576965354987106,0.6583221357379039
605346,2024,L,0.1982619788791348,0.03926468670023489,0.42956533460484264,0.00856882082233619,0.5226011569929235
621493,2024,L,0.3463194947034268,0.09969821214237033,0.2071186740929933,0.00848798838472353,0.6846951264147089
683021,2024,L,0.29564620589549007,0.09218489890206635,0.11240151501370245,0.007672419986906286,0.7877411659086428
694359,2024,L,0.273913158637308,0.08055801327047821,0.2857655614393899,0.01388511573872385,0.6197913105712415
672569,2024,L,0.29988498119062373,0.07800823190055294,0.25509266740769715,0.008576965354987106,0.6583221357379039
681351,2024,L,0.32831140061453257,0.0775345779226558,0.21498227214234603,0.008323954320825661,0.6991591955204468
592273,2024,L,0.3259585355912173,0.06104296404053035,0.21619901021494378,0.008204919787073372,0.7145531067974489
655316,2024,L,0.3288585113675846,0.13055760717920384,0.18693849031159626,0.009354229588281604,0.6731496724685285
669003,2024,L,0.2642928126574801,0.10701934978064073,0.3376744926593064,0.014655911159794522,0.5406502455438341
656555,2024,L,0.3690723727980456,0.11338082569512517,0.22695227839813767,0.00937993853284805,0.6502869568368342
661388,2024,L,0.33857105091931894,0.09499182510092755,0.24833283610150472,0.008821094388947733,0.6478542445711035
571657,2024,L,0.30643886079759775,0.0667720491630748,0.20714635463393147,0.008593971818058212,0.7174876238696901
680777,2024,L,0.3176987000284224,0.10045575978511892,0.2933077709125596,0.009156568442126603,0.5970799008410015
467793,2024,L,0.346124619342911,0.1057513838833794,0.15735865269465066,0.00838524122657951,0.728504722053383
680577,2024,L,0.273913158637308,0.08055801327047821,0.2857655614393899,0.01388511573872385,0.6197913105712415
686797,2024,L,0.29988498119062373,0.07800823190055294,0.25509266740769715,0.008576965354987106,0.6583221357379039
668885,2024,L,0.29988498119062373,0.07800823190055294,0.25509266740769715,0.008576965354987106,0.6583221357379039
666397,2024,L,0.3015973490306181,0.14709807324032528,0.3156054498257466,0.015181584854506531,0.5221148914985865
650489,2024,L,0.284306132004068,0.04644842947989638,0.2460298481209794,0.008305417447849732,0.6992163050475714
668904,2024,L,0.3661197419733121,0.08248107361062874,0.17597899315419654,0.008072415526656824,0.733467518969493
622534,2024,L,0.3246739778594879,0.08602254607594702,0.16107045073162862,0.008257285688806335,0.7446497159064073
669224,2024,L,0.31598335275765105,0.05532658776215217,0.2283219798121183,0.011769780582899333,0.7045816519786228
592450,2024,L,0.4124105972048027,0.10410838405739298,0.28936273136251145,0.00897249327805457,0.597556390104257
665742,2024,L,0.36662327166017655,0.11409397187314659,0.1884858825711235,0.014076828943994866,0.6833433153348205
665828,2024,L,0.2884690533121102,0.0724310326106162,0.21837342612530447,0.00841023971181038,0.7007853013007787
693304,2024,L,0.2968785239656757,0.1021363758823897,0.24414648344179832,0.008856258605610408,0.6448608822931905
668804,2024,L,0.3434231389512419,0.08372655350616089,0.20496148875024853,0.008292819620400361,0.7030191371523219
519203,2024,L,0.33636376113752775,0.07101342494947599,0.1797896124563462,0.013655490942474735,0.7355414726538466
687529,2024,L,0.273913158637308,0.08055801327047821,0.2857655614393899,0.01388511573872385,0.6197913105712415
689172,2024,L,0.23987617981459583,0.08778109987211691,0.3267193944750014,0.014601139358193045,0.5708983672237035
672275,2024,L,0.30619260140584104,0.10288011988008999,0.2526592048338412,0.008636247689955799,0.6358244288533011
666464,2024,L,0.28997925725375556,0.07458690472897468,0.36464671674487825,0.008624022552754088,0.552142355197981
680977,2024,L,0.3206437983242853,0.11052636503680556,0.1766923766081178,0.014582721004444875,0.6981985378882262
502671,2024,L,0.3726617490193412,0.09744922263325582,0.2264485435195277,0.00896253748268895,0.6671396971606004
676475,2024,L,0.3204122538705447,0.05368265991977611,0.14215069844834546,0.011674549402381761,0.7924920926758593
457759,2024,L,0.36181908747831326,0.08796007320863952,0.15442300714580384,0.008637274598200611,0.7489796440240458
641487,2024,L,0.300442676246331,0.1120105663676731,0.19355139407902425,0.014616850989087597,0.6798211877157265
645302,2024,L,0.2883657885308122,0.08604308788930291,0.2278925327798689,0.008619279056383829,0.6774451000201152
671732,2024,L,0.26731095821452944,0.07625618982076762,0.3052351147582337,0.012285862780451056,0.6062228332831894
640902,2024,L,0.29988498119062373,0.07800823190055294,0.25509266740769715,0.008576965354987106,0.6583221357379039
691594,2024,L,0.29988498119062373,0.07800823190055294,0.25509266740769715,0.008576965354987106,0.6583221357379039
547180,2024,L,0.3499759417590457,0.07430372277334077,0.2341364912073494,0.013275637212168907,0.6782841488655608
607208,2024,L,0.3525071221392801,0.07703117365547485,0.1772595264718516,0.00820683114470452,0.7375024694304577
656941,2024,L,0.32663866324852125,0.09934566229716836,0.3040317511931471,0.014634403222530009,0.5819881849278455
642215,2024,L,0.28086095909398295,0.1471548333739821,0.3561625802406324,0.00992293166348215,0.48675965569531154
592663,2024,L,0.3441265245912681,0.06604358012176773,0.198964164596784,0.008553472227104186,0.7264387839356957
592206,2024,L,0.33104723284965437,0.05179037485473878,0.2263282185728069,0.00823217705357898,0.7136492290332849
701538,2024,L,0.273913158637308,0.08055801327047821,0.2857655614393899,0.01388511573872385,0.6197913105712415
650333,2024,L,0.3361618304110176,0.09743971759821565,0.08966328930219525,0.013514619406156827,0.7993823744252099
677951,2024,L,0.3671241108887399,0.05470703731186335,0.1783119798522699,0.007931029114733373,0.7590499539411708
502054,2024,L,0.3550552972583745,0.12741934935242608,0.23064884157425358,0.008992836488448262,0.6329389717743819
672580,2024,L,0.35913271054088036,0.10236827752661505,0.17642439370620583,0.008128368261442634,0.7130789599756686
641658,2024,L,0.2822482272866384,0.10544485410302801,0.257811036574699,0.00900830817444982,0.6277358018007476
592669,2024,L,0.34186053884346884,0.07108844371374949,0.2357227328882253,0.008445621071885272,0.684743202272531
543257,2024,L,0.31350133013106357,0.1345904634566657,0.22407296745076488,0.009016694447782747,0.6323198752874912
521692,2024,L,0.34797498697641654,0.02487433503177697,0.2061180178330041,0.007893972783294767,0.7611136746990435
664728,2024,L,0.2809373946477478,0.08066971298111424,0.23770427564782343,0.012685677907401745,0.6689403317401618
663853,2024,L,0.3032074481993991,0.06106639427447206,0.2925815808037619,0.008202665163843386,0.6381493604150223
807799,2024,L,0.31036715390711983,0.08538956070135455,0.16679706432639027,0.013484240585427448,0.7343291338646745
666624,2024,L,0.3155295962596235,0.08764194354123162,0.3223941930732922,0.008633053362803362,0.5813308098224135
676609,2024,L,0.27350765761138207,0.10846448031862335,0.22030933873012098,0.009250325834239466,0.6619758548231695
680700,2024,L,0.29835353342195037,0.0957906497954605,0.13691430061019866,0.013925294035427268,0.7533697561279709
677587,2024,L,0.2425561843117465,0.06777066207771884,0.28405390585594226,0.00758675575839498,0.6405886760155559
682657,2024,L,0.29988498119062373,0.07800823190055294,0.25509266740769715,0.008576965354987106,0.6583221357379039
678877,2024,L,0.29988498119062373,0.07800823190055294,0.25509266740769715,0.008576965354987106,0.6583221357379039
681807,2024,L,0.29607601383695403,0.05949099539182512,0.23273566953487237,0.008800292362250718,0.698973042258848
657041,2024,L,0.3256911503436081,0.1084458151476293,0.21225547365606962,0.008720994472119622,0.6705777164121277
647304,2024,L,0.3196465323173482,0.05303018552081767,0.16605233091968774,0.011719365823536958,0.7691981183244356
643289,2024,L,0.311322397893005,0.053627555374568606,0.1463026850442707,0.007746983050708344,0.7923227764450925
676694,2024,L,0.30053014764660446,0.08845280233052424,0.23428443326288467,0.008404070776707238,0.668858694180826
673237,2024,L,0.3425190262866553,0.03468231587375674,0.19757839662591128,0.007711117887919405,0.760028168337909
514888,2024,L,0.3329616163636833,0.06837165907520115,0.13275431302138924,0.007289692678495463,0.7915843350281535
666197,2024,L,0.2729179459663752,0.09807423980836935,0.30337341376367216,0.009006486753116768,0.5895458607770928
608324,2024,L,0.3546275905096388,0.1107793458027716,0.13272880842247756,0.008173879007905475,0.7483179668627403
606192,2024,L,0.34874706179827325,0.08154400591306399,0.2691360642962537,0.008909836732868014,0.6404100924312301
666158,2024,L,0.2835517796204422,0.10152435543230233,0.2484872109281496,0.013979353789603395,0.6360090807893947
595281,2024,L,0.26882233274628337,0.05893752292981169,0.22636378937837973,0.012597228022327118,0.7021014602193809
660271,2024,L,0.35220505253846496,0.07753625545913269,0.25853520241896216,0.01262202282356611,0.6513065199246162
643217,2024,L,0.30590882284778775,0.0806523404080255,0.19971936051120134,0.01385933776002475,0.7057689609287428
676113,2024,L,0.273913158637308,0.08055801327047821,0.2857655614393899,0.01388511573872385,0.6197913105712415
678246,2024,L,0.32501058601457367,0.12950252407081714,0.19244542778221807,0.008951832503797818,0.6691002151690152
669234,2024,L,0.29988498119062373,0.07800823190055294,0.25509266740769715,0.008576965354987106,0.6583221357379039
663837,2024,L,0.3490274755516959,0.08628849465214695,0.1795379932694652,0.008702978482941685,0.7254705331368029
678009,2024,L,0.31143420395980803,0.0940236166054904,0.2532778011101359,0.014366652585609832,0.63833192919385
668670,2024,L,0.29945327925479037,0.10958122106840687,0.30639249687149295,0.008971639952180201,0.5750546420628404
700242,2024,L,0.273913158637308,0.08055801327047821,0.2857655614393899,0.01388511573872385,0.6197913105712415
670032,2024,L,0.2685032479641025,0.08690061606376734,0.1561543701115642,0.013039477385492751,0.7439055366842563
686676,2024,L,0.24360243304418083,0.06105527259574148,0.2941109914851935,0.00874059930392281,0.6360931363493774
682868,2024,L,0.29988498119062373,0.07800823190055294,0.25509266740769715,0.008576965354987106,0.6583221357379039
672820,2024,L,0.30060532290301173,0.049245151496879934,0.2294761640638314,0.008400973485759508,0.7128777105243046
657757,2024,L,0.2870681477987199,0.0828861257988797,0.2296245729325603,0.013436629674728844,0.6740526717706903
683734,2024,L,0.35522537930396547,0.06699746350153071,0.17121495960262248,0.008024428396381258,0.7537631479006182
666969,2024,L,0.3296357255096296,0.06867086215983964,0.26550589939409486,0.008630986392148892,0.657192251416894
686217,2024,L,0.2667182910624724,0.11499698013987622,0.18301840393489704,0.014380866895782218,0.6876037489975022
543877,2024,L,0.31253963038841964,0.0665987554759289,0.17325466027299044,0.008045655793828252,0.7521009278221508
681297,2024,L,0.2887538882558888,0.13003441413772576,0.3104028297691122,0.01565782249130777,0.5439049331813138
623993,2024,L,0.333615979051083,0.07648784781059037,0.21066065276288082,0.008242103068851299,0.7046093965283645
676059,2024,L,0.35317416820110165,0.09559288915526064,0.20967598708497473,0.008094814087496745,0.6866363089693893
683002,2024,L,0.3296447600950932,0.0853023532954337,0.25157377084010407,0.01257262388521637,0.6505512510840221
602104,2024,L,0.3252326927928727,0.10212176122297184,0.21355123225837228,0.008681981685148788,0.6756450249557496
656775,2024,L,0.302123584835796,0.08543648508432153,0.1837339054192318,0.01401946352194396,0.7168101460214682
663624,2024,L,0.34718921990536084,0.053540420884849664,0.22524403404158172,0.008161484744886061,0.7130540598193937
656896,2024,L,0.3370717513451091,0.07025396207176278,0.1876513939798816,0.008106181480290341,0.7339884625980663
668939,2024,L,0.3592795685160433,0.10136354878010115,0.156880262687951,0.008876666869017186,0.7328795226126089
621043,2024,L,0.3665995072288115,0.09263236836069946,0.19187533269982932,0.008458578103713758,0.7070337209925085
621439,2024,L,0.3249190545562605,0.07032983112207844,0.26906658039411485,0.00859939416885536,0.6520041942619883
665862,2024,L,0.2857327139592346,0.07778740493247895,0.2736418294128072,0.013663192190610322,0.6349075729321919
695257,2024,L,0.29988498119062373,0.07800823190055294,0.25509266740769715,0.008576965354987106,0.6583221357379039
694377,2024,L,0.29988498119062373,0.07800823190055294,0.25509266740769715,0.008576965354987106,0.6583221357379039
656582,2024,L,0.3221262859481498,0.13386530366270308,0.20831377575801,0.009145179805981892,0.648675741219211
643396,2024,L,0.31166942476796583,0.08190547257244239,0.14329823681212672,0.008203174138890686,0.7665931174302641
650559,2024,L,0.3474763264352544,0.06553620590220986,0.19867359943223087,0.008385386950325535,0.7274048078750868
457705,2024,L,0.3541318528643116,0.11883899382619742,0.20539240221501268,0.008935351088970294,0.6668332540645318
573262,2024,L,0.30787508113959544,0.10125046369724265,0.24967744050780027,0.014718758435637773,0.6343533374750885
691026,2024,L,0.29383743540332535,0.09532881848725508,0.2041569055197914,0.008554494479105317,0.691959780956168
672279,2024,L,0.22887386608768678,0.12321285411887455,0.32336664142572147,0.01570639114105441,0.537714113167944
691023,2024,L,0.3467924306718563,0.07221072834344053,0.21360328217665997,0.00760402069960836,0.7065819695866657
572761,2024,L,0.3298502936010579,0.13532798581650865,0.2657165635710224,0.015415096111790804,0.5835403540812385
671056,2024,L,0.34679372054453167,0.11763498595569238,0.27545816096710696,0.00939353545504076,0.5975133182460851
641598,2024,L,0.35554907116937257,0.12628920736304305,0.24184807975410483,0.00950362497749692,0.6223590880834667
668709,2024,L,0.27973626185845396,0.10653070233343895,0.26530935788721827,0.013960596030756854,0.614199344445707
677594,2024,L,0.35208232380498655,0.06287376051620433,0.23648739908996985,0.008196253242569774,0.6924425867568933
660844,2024,L,0.29988498119062373,0.07800823190055294,0.25509266740769715,0.008576965354987106,0.6583221357379039
663662,2024,L,0.2937521036774099,0.08629220574358631,0.2718175170151211,0.0083381859943476,0.6335520899461536
664770,2024,L,0.2835621598286187,0.09898076852245774,0.2796104076605236,0.014707547237804952,0.6067012754554895
543807,2024,L,0.3608815656815151,0.10204993434102838,0.20024767967494755,0.00855122570299753,0.6891511596442843
677870,2024,L,0.29988498119062373,0.07800823190055294,0.25509266740769715,0.008576965354987106,0.6583221357379039
669065,2024,L,0.29781152479914463,0.05369801291930153,0.2818432119270117,0.012455979777637996,0.6520027946451681
545121,2024,L,0.2925541498875415,0.06529320088731914,0.11096290317624606,0.007532721786158406,0.8162111738622458
660688,2024,L,0.3206975520619493,0.04741126359811844,0.09388512217929129,0.00642908919661756,0.8522745257474982
673357,2024,L,0.335801580816954,0.053638865221472494,0.259714710037215,0.008445718990517482,0.6782007048005945
696100,2024,L,0.3252111276378995,0.06691381348641835,0.2904110436544956,0.008019455069275304,0.6346556879117041
687363,2024,L,0.273913158637308,0.08055801327047821,0.2857655614393899,0.01388511573872385,0.6197913105712415
665877,2024,L,0.30012915516584854,0.09936839838003053,0.11003509997507807,0.008554096334026375,0.7820424067206149
686780,2024,L,0.29988498119062373,0.07800823190055294,0.25509266740769715,0.008576965354987106,0.6583221357379039
695336,2024,L,0.29988498119062373,0.07800823190055294,0.25509266740769715,0.008576965354987106,0.6583221357379039
690993,2024,L,0.273913158637308,0.08055801327047821,0.2857655614393899,0.01388511573872385,0.6197913105712415
621035,2024,L,0.31836387575526753,0.11848594284920491,0.2773816117972176,0.00938202158783167,0.5947504241104588
605141,2024,L,0.3866641909292978,0.10927540082458218,0.12943323815386223,0.008380888297577969,0.7529104735112032
518692,2024,L,0.3500128322642915,0.07386765642183298,0.1978037941514315,0.01388188998708268,0.7144466602334423
681624,2024,L,0.29988498119062373,0.07800823190055294,0.25509266740769715,0.008576965354987106,0.6583221357379039
596103,2024,L,0.318570471235912,0.10859904847997162,0.2700140544748391,0.009070363256093474,0.6123165341947405
677008,2024,L,0.2841999677464845,0.07126115258853714,0.3306721114507086,0.012735265972721099,0.5853314701623812
666023,2024,L,0.32685296472713576,0.06796581531515813,0.19467929916652266,0.008310816533560503,0.7290440694296109
657557,2024,L,0.3061618079007131,0.07616102031070615,0.27171828792184016,0.009161872756827219,0.6429588203211446
656305,2024,L,0.35742603952102964,0.10854080333738482,0.25534673006461145,0.009252103871894192,0.6268603625833026
592192,2024,L,0.33718112384221877,0.1086957897550984,0.19893385116059023,0.009247905086411526,0.6831224533258825
642136,2024,L,0.28683390202427816,0.10958901843103373,0.2790704427590204,0.014198752982430942,0.5971417862545864
687263,2024,L,0.3277214571773863,0.07568588493558603,0.21449915675525816,0.008393168432400623,0.7014217889466947
668715,2024,L,0.31709702162460773,0.09738083281066215,0.2220878845472371,0.009002941519238505,0.6715283421226134
663886,2024,L,0.3348940047525891,0.10941019242784288,0.20735716718478578,0.008699187834067203,0.6745334514280178
670770,2024,L,0.28930464501666125,0.11115442576464958,0.20748369691186733,0.01457889204038665,0.6667829864490954
694362,2024,L,0.29988498119062373,0.07800823190055294,0.25509266740769715,0.008576965354987106,0.6583221357379039
682622,2024,L,0.32976685488275814,0.08373229933424449,0.20557043694682225,0.0080898544076151,0.7026074094617993
669289,2024,L,0.3204272006274382,0.07803953583565922,0.12191542648947695,0.007822196533713344,0.7922228409730466
641584,2024,L,0.2779003554514563,0.10275685010522223,0.26398629947342606,0.014716250401216902,0.6185405990797403
686668,2024,L,0.26254803020661216,0.07028873901359764,0.33256939370534333,0.008773346860661592,0.5883685201637507
571448,2024,L,0.3514996546584964,0.04540826160814603,0.14839770892201554,0.0074690693138450975,0.7987249606726823
664040,2024,L,0.3100638408008878,0.07152848901471269,0.2790156356896608,0.013259167439981361,0.6361967067620239
666185,2024,L,0.29222820306261077,0.08822700254873589,0.2235485009486592,0.008892183513481935,0.6793323118026379
686482,2024,L,0.273913158637308,0.08055801327047821,0.2857655614393899,0.01388511573872385,0.6197913105712415
666139,2024,L,0.2880407363311213,0.0715142850509974,0.2620649273293263,0.012911683280813883,0.6535091048115317
694376,2024,L,0.29988498119062373,0.07800823190055294,0.25509266740769715,0.008576965354987106,0.6583221357379039
518792,2024,L,0.30910156711415837,0.0734684308178729,0.18274620288054813,0.01339729423410006,0.7303880712819847
663967,2024,L,0.22716525911439334,0.058107569459321703,0.3004615139492998,0.01404679892633636,0.6273841172178583
593871,2024,L,0.3319304714145934,0.06552087752734431,0.17082268745742718,0.00805127803432677,0.7556051565030074
680716,2024,L,0.2502290089048643,0.10197686935496368,0.3318272538340755,0.010152327473307106,0.5560435491823481
679822,2024,L,0.29988498119062373,0.07800823190055294,0.25509266740769715,0.008576965354987106,0.6583221357379039
805779,2024,L,0.29988498119062373,0.07800823190055294,0.25509266740769715,0.008576965354987106,0.6583221357379039
669127,2024,L,0.304237819101479,0.08546326240475839,0.30686235800508654,0.009200553014856151,0.5984738266254069
687231,2024,L,0.29988498119062373,0.07800823190055294,0.25509266740769715,0.008576965354987106,0.6583221357379039
660758,2024,L,0.29988498119062373,0.07800823190055294,0.25509266740769715,0.008576965354987106,0.6583221357379039
621020,2024,L,0.3400777196329224,0.08526948171750313,0.22125768921609498,0.008654124090226976,0.684818704679059
665804,2024,L,0.31419154103999014,0.10265547011594595,0.25907309861737166,0.009104616315860204,0.6291668139652393
663538,2024,L,0.33782404176534,0.07064796348501244,0.1055810662001423,0.007807991556747767,0.815962978329179
621550,2024,L,0.3290701793303225,0.09489605840800067,0.3308823363679469,0.009538733195407767,0.5646828717768689
678894,2024,L,0.28787813686984304,0.07648018747916532,0.2576228275016019,0.008713970244491437,0.6571830138487443
518735,2024,L,0.31866199501426906,0.11024770741335028,0.26395125942059167,0.008902978893431857,0.6168980538122246
669707,2024,L,0.2942770576647132,0.10581166310264403,0.2745324210980802,0.009132526796845434,0.6105233899171747
664774,2024,L,0.31681228091788355,0.11797671222432936,0.20740193939830456,0.014667964754550246,0.6599533836841404
671218,2024,L,0.30483801470257466,0.07824245391757906,0.2755243702893761,0.008890725116902577,0.6373424513148954
666310,2024,L,0.284787676752912,0.09013261034544123,0.22875378839527716,0.013642141779390762,0.667471460224545
665926,2024,L,0.27519131093725063,0.055572896939660055,0.20177619601234298,0.01240852206298388,0.7302423852414404
691406,2024,L,0.3616866448874661,0.0664362998820827,0.18202460911757004,0.007692498582458356,0.7438465924221138
676356,2024,L,0.25196670614571026,0.050048422777630476,0.1987998431573054,0.0078005952511502425,0.743351138916423
656716,2024,L,0.2864114417400039,0.08614286288906269,0.22877717428168354,0.013806020697238113,0.6712739438672463
650490,2024,L,0.3871708709862663,0.1092657116277048,0.14277396301878909,0.008250582481890142,0.7397097429738885
670764,2024,L,0.2908042343897794,0.11213848619673099,0.21503693162127024,0.008779934642878115,0.6640446470828869
642350,2024,L,0.30526688907060107,0.06992599431567986,0.3153838362876692,0.008635078828085228,0.606055089795099
666163,2024,L,0.2596806142523796,0.09301201003303154,0.3220259688349316,0.014125861703126496,0.5708361599506976
500743,2024,L,0.3235099908888288,0.069134307264317,0.1101544465157269,0.007743229442569276,0.8129680158360209
669257,2024,L,0.36113325998647383,0.10374453075585942,0.17806136046335022,0.009003270658741892,0.7091908371811558
669304,2024,L,0.3247455803554063,0.05545245391276333,0.17524211210707027,0.00783573491933672,0.7614696992147229
643565,2024,L,0.28858202433382796,0.11875490529553538,0.271554034177493,0.015185720861953,0.5945053377221419
679032,2024,L,0.26594821748469305,0.049031621927176666,0.23377708164068023,0.007918690939172506,0.7092726056602839
669720,2024,L,0.32551243625540666,0.062446051787420444,0.17692924263194157,0.007816999634083515,0.7528077068998311
683737,2024,L,0.28674881322323253,0.08594546482540212,0.2943215986957465,0.0145077158519083,0.6052252202979861
596115,2024,L,0.3307945809412057,0.07115413871904569,0.26475832422420836,0.008869018761504236,0.655218518004645
680118,2024,L,0.28696186936220924,0.08906545202548062,0.2753663779118393,0.008825068193434291,0.6267431021972492
702358,2024,L,0.29988498119062373,0.07800823190055294,0.25509266740769715,0.008576965354987106,0.6583221357379039
592200,2024,L,0.30369528008911817,0.11598104735102324,0.2560013564470688,0.008897070930358084,0.6191205255259176
645444,2024,L,0.26115733164587046,0.1176776812635647,0.23893917876329743,0.00882063494698391,0.6345625056043718
672386,2024,L,0.3805036658792802,0.10198055933581211,0.12081633263906118,0.008263983438685795,0.768939125159183
641933,2024,L,0.34346789191231264,0.0875323840999334,0.28107311807370594,0.008903583545806417,0.6224909148214849
656811,2024,L,0.30460876958507077,0.07756755858412501,0.26547147764536666,0.013669142956722223,0.6432918201247536
643376,2024,L,0.34521107219637653,0.0935221128304928,0.18034592313849965,0.00837332542149717,0.7177586377040235
665953,2024,L,0.29988498119062373,0.07800823190055294,0.25509266740769715,0.008576965354987106,0.6583221357379039
694384,2024,L,0.2936024777364866,0.11839328208024232,0.18702864040217884,0.014072911535172811,0.6805051668883859
656537,2024,L,0.27723243184512425,0.06206674623024503,0.2629956950345926,0.00783812889262112,0.6670994290011552
660644,2024,L,0.28614771125223354,0.08785250119965042,0.1895613723820254,0.008158735201614937,0.7144273905673585
592626,2024,L,0.3152890229665991,0.0798071215234528,0.26142895444816877,0.01384637143688479,0.6449175522170753
656976,2024,L,0.30237995452537575,0.10378715332678445,0.2067263546410441,0.01356111214971043,0.6759253804563473
665487,2024,L,0.37055547917100246,0.07867061928280795,0.23265671484870004,0.008403665570297007,0.680269001999706
666018,2024,L,0.2809615157279013,0.10217464875968144,0.2453072984974488,0.01462139144618645,0.6378966617116751
650391,2024,L,0.35834096637170476,0.05735063576313559,0.20682775823534166,0.007824451269999628,0.727997155807198
693307,2024,L,0.29988498119062373,0.07800823190055294,0.25509266740769715,0.008576965354987106,0.6583221357379039
702616,2024,L,0.273913158637308,0.08055801327047821,0.2857655614393899,0.01388511573872385,0.6197913105712415
666181,2024,L,0.27816690285601214,0.10935905728190841,0.3150628628307776,0.013919217328334637,0.5616588623410165
666160,2024,L,0.2464593596884519,0.041395172294098934,0.3443531203163549,0.011470425152772273,0.6027812816929036
665161,2024,L,0.3210753861240852,0.05678433127076663,0.19517413886252621,0.00787657271038067,0.7401649562642021
670541,2024,L,0.37944091947884656,0.08239117387092723,0.23190870085826398,0.013902427907373874,0.6717976968898309
676439,2024,L,0.273913158637308,0.08055801327047821,0.2857655614393899,0.01388511573872385,0.6197913105712415
665506,2024,L,0.2822744261936241,0.07134806558071055,0.2569634228687035,0.008285841529079041,0.6634026709110422
682668,2024,L,0.29988498119062373,0.07800823190055294,0.25509266740769715,0.008576965354987106,0.6583221357379039
669397,2024,L,0.28501011387233355,0.0871551455127741,0.16639184936731788,0.008241045508888795,0.7382119597259997
664702,2024,L,0.31139318719270276,0.11170990286500099,0.14496052620865726,0.008678421112282562,0.7346511496410023
608070,2024,L,0.35568874493243474,0.06593421922063297,0.1149470554958518,0.008001557488963872,0.8111171677248418
680718,2024,L,0.273913158637308,0.08055801327047821,0.2857655614393899,0.01388511573872385,0.6197913105712415
642133,2024,L,0.3115960181594173,0.07379117976029702,0.25608998681764183,0.012952198840174727,0.6571666344589363
664034,2024,L,0.33996034242538015,0.07635915076133293,0.1740159723415621,0.008551434301011138,0.7410734431729598
624428,2024,L,0.3022155569572325,0.08603111144979307,0.14454986227097794,0.013954637735434346,0.7554643875621753
682617,2024,L,0.29562371800576076,0.11869619161549597,0.31030552350193713,0.0087823515425898,0.5622159334425623
663898,2024,L,0.3299975304168086,0.07822959518749786,0.2027912988504878,0.008188790401800788,0.7107903154182051
620443,2024,L,0.31223072287756304,0.08625652475689698,0.21862362183571318,0.008634630906790635,0.6864852209316971
682177,2024,L,0.273913158637308,0.08055801327047821,0.2857655614393899,0.01388511573872385,0.6197913105712415
686823,2024,L,0.27743156307449046,0.04925837288818889,0.14598114992143954,0.011734133287341433,0.7930263438323433
682928,2024,L,0.27065694458576633,0.05490506203049758,0.20599231406563365,0.01255748369427202,0.7265451408467694
594807,2024,L,0.32281833470336485,0.06688493899125787,0.2747241694543983,0.00880711507208882,0.6495837752281228
642201,2024,L,0.26833682516058727,0.09987022368019274,0.311908416127469,0.00924102391930745,0.5789803369080034
624415,2024,L,0.2977201583639834,0.13114542244128446,0.2695530830188075,0.015019555214031097,0.584281939742602
593160,2024,L,0.3205007758280443,0.06217513642072428,0.14412261481330602,0.007831766333325767,0.7858704812006967
642708,2024,L,0.3078452207793977,0.048749625505522635,0.1787954210519393,0.007768763731914364,0.7646861891588167
670242,2024,L,0.3097491387107276,0.09006579976250473,0.3409820877486753,0.014507192490140255,0.554444921120073
595978,2024,L,0.27355593164905767,0.06146560696839404,0.2590091343023435,0.008419748743289964,0.6711055091372149
700932,2024,L,0.273913158637308,0.08055801327047821,0.2857655614393899,0.01388511573872385,0.6197913105712415
677941,2024,L,0.2455100031698339,0.0457229723078649,0.31833014496421186,0.007752508952188267,0.6281943735585719
608701,2024,L,0.3371642921593444,0.1106713293489844,0.20590656925680156,0.00861024583165606,0.6748118554015251
607732,2024,L,0.3125733521290658,0.08927835289266539,0.18923912117173064,0.008309796877041377,0.7131727288758634
681481,2024,L,0.2940480704126585,0.05832836403778402,0.2301650929526012,0.013262306258604214,0.6982442357854616
660162,2024,L,0.3116572332449882,0.0984776256523277,0.2724051698256525,0.009057783221595804,0.6200594206469089
553869,2024,L,0.32038775730766267,0.07075288928787739,0.185980590475053,0.008294704234657885,0.7349718155984049
646240,2024,L,0.32961555162203965,0.05024417437191089,0.21482421823765155,0.012650727174278365,0.7222808794365555
670869,2024,L,0.2596612689317625,0.07478152083937983,0.22810896054750415,0.013562466535349555,0.6835470512965188
691723,2024,L,0.29988498119062373,0.07800823190055294,0.25509266740769715,0.008576965354987106,0.6583221357379039
657193,2024,L,0.2566379775696415,0.06984414621529124,0.27466393740205347,0.014638625846546158,0.6408532913087116
680728,2024,L,0.273913158637308,0.08055801327047821,0.2857655614393899,0.01388511573872385,0.6197913105712415
621028,2024,L,0.31241306255683227,0.0684106108162728,0.11034375057743627,0.0075349727468927005,0.8137106669902666
667452,2024,L,0.32385617495263797,0.07231661404753692,0.19340739104950844,0.008187639744634784,0.7260883537343028
641779,2024,L,0.3249185838676044,0.11221785687149564,0.25836146932909937,0.00880695412526747,0.6206137194262452
663616,2024,L,0.285597950570944,0.0841349714251396,0.35847818838932444,0.013718437053738158,0.5436684034563275
671083,2024,L,0.303355010585649,0.12109883786888484,0.21257034681248202,0.008480277142310652,0.6578505384096365
572191,2024,L,0.3007531261882929,0.07752003329140028,0.27627832107432737,0.008727072786477271,0.6374745730921677
661531,2024,L,0.2520387237878565,0.05713926527329822,0.24918806510830757,0.008758459439999013,0.684914209090325
682073,2024,L,0.29943542293314446,0.10705942319123743,0.27218581900900296,0.00888150421837329,0.6118732530790327
641645,2024,L,0.301181195242462,0.11440987352104078,0.16394979386156347,0.014856756482314888,0.7067835775986795
672284,2024,L,0.2938937325039678,0.06987609172948453,0.2813526144287397,0.013466404851615243,0.6353048886468945
592325,2024,L,0.2800986759247572,0.08699186828482604,0.2771969055596919,0.014267604027716844,0.6215436202618907
677956,2024,L,0.29988498119062373,0.07800823190055294,0.25509266740769715,0.008576965354987106,0.6583221357379039
605244,2024,L,0.26365312407633823,0.06533682482019997,0.30459043584897594,0.008813456330568736,0.6212592826491271
670276,2024,L,0.264357157732533,0.1393499574326174,0.2518627253385396,0.015143088396319962,0.5936442288463737
673962,2024,L,0.3454591786903197,0.06552370642805216,0.2538441007190115,0.007913622204220695,0.6727185700709736
695238,2024,L,0.273913158637308,0.08055801327047821,0.2857655614393899,0.01388511573872385,0.6197913105712415
671289,2024,L,0.31464440030885377,0.06663107820396841,0.15446109477554687,0.008177684825663629,0.7707301432354531
680757,2024,L,0.3074144512093379,0.1034579064833013,0.11548716022958798,0.013922414119293746,0.7671325194569557
669137,2024,L,0.29988498119062373,0.07800823190055294,0.25509266740769715,0.008576965354987106,0.6583221357379039
676116,2024,L,0.302361437717026,0.125128181912572,0.3426033656121327,0.01551518753810333,0.5167532655118354
682641,2024,L,0.3187974063076034,0.07730377475821767,0.13977144183326745,0.007680209606663111,0.7752445741285479
676801,2024,L,0.3158568304839982,0.09829308825178612,0.2678678598793887,0.008745758428896506,0.6250932924680167
605131,2024,L,0.2995049379024761,0.12273119986835135,0.23229658485035187,0.008991661739012557,0.6359805534016815
662139,2024,L,0.29313210919651617,0.0828956973180664,0.2488637956649055,0.014541948288449262,0.6536985584787356
663897,2024,L,0.26771887802375904,0.08843380535508032,0.2408011284800722,0.008874376422248812,0.6618906904693093
675961,2024,L,0.26168962544696506,0.06983227786854256,0.28218768133854705,0.008786232729688278,0.6391938083457406
608671,2024,L,0.25584883659231233,0.11744040377454074,0.2821274924531999,0.014567839750461671,0.5858642625291016
669326,2024,L,0.29988498119062373,0.07800823190055294,0.25509266740769715,0.008576965354987106,0.6583221357379039
656484,2024,L,0.3313310391848024,0.058730672922250655,0.26725205707869426,0.014277611266448604,0.6597396580757908
543685,2024,L,0.37655963170023854,0.10196926545383037,0.15200613464272839,0.008643247767038996,0.7373813531467827
643446,2024,L,0.3162019541497682,0.07285549742910959,0.1190849807379706,0.012956997528390198,0.7951025241015427
608385,2024,L,0.3209865782545449,0.10145027881004322,0.1892504017385426,0.013818563578201331,0.6954807568862285
668952,2024,L,0.2985673866177243,0.12077172393818701,0.25177233540264343,0.008419455213130488,0.6190364852386007
666176,2024,L,0.2806868193284344,0.06824888655069622,0.3333776843959039,0.009483379504416281,0.5888900482019721
670156,2024,L,0.28551840684253477,0.11047215634111199,0.24498459516391122,0.014485580251019963,0.6300576680421903
680779,2024,L,0.32319419592137855,0.09169705405775369,0.23244004177190072,0.00883120331816135,0.6670317006729649
690291,2024,L,0.273913158637308,0.08055801327047821,0.2857655614393899,0.01388511573872385,0.6197913105712415
678489,2024,L,0.29988498119062373,0.07800823190055294,0.25509266740769715,0.008576965354987106,0.6583221357379039
681460,2024,L,0.29988498119062373,0.07800823190055294,0.25509266740769715,0.008576965354987106,0.6583221357379039
676551,2024,L,0.18055638764371523,0.1276019208818766,0.634538694397092,0.010639839594094173,0.22721954515719675
518934,2024,L,0.36299102534227234,0.0973436313809423,0.15119607035366425,0.008264010330965648,0.7431962881261623
608369,2024,L,0.35097649777730483,0.05354087323496024,0.19602362814582577,0.0121147582969139,0.7383207405058656
543510,2024,L,0.3073151466970356,0.06986771105166446,0.25513905557569094,0.008358536583684621,0.6666346974236333
596146,2024,L,0.32624194717312244,0.08083277347356008,0.18979379729615722,0.01318345330767001,0.7161899744687246
672701,2024,L,0.24375763350370067,0.05318284909628154,0.25359369557010514,0.013437910317012202,0.6797855444244564
679845,2024,L,0.32341944163811115,0.07938134509000061,0.14346744979506082,0.007364644235365612,0.7697865619269164
642086,2024,L,0.29045022562292944,0.06609768660684406,0.22641973000532303,0.013443812717659617,0.6940387713205224
694355,2024,L,0.29988498119062373,0.07800823190055294,0.25509266740769715,0.008576965354987106,0.6583221357379039
669200,2024,L,0.0960890455990309,0.0740583531507684,0.8011128116453278,0.010696340731592997,0.11413249448711175
669134,2024,L,0.32195218138339626,0.052175623736587025,0.16525646876654096,0.00780454697009626,0.7747633607224629
669369,2024,L,0.2501504567099802,0.0818537469039703,0.29064506834664006,0.008169994529943264,0.6193311892078548
656577,2024,L,0.2587716170727091,0.049082220917870165,0.4562273560041989,0.008858915326674714,0.48583150692994526
642731,2024,L,0.3011864286148214,0.06757408336704167,0.1833224544907561,0.008100103087413315,0.7410033577404367
666152,2024,L,0.2535681198898635,0.12620603216831616,0.30181474712133705,0.01448970880797288,0.5574895118011642
641856,2024,L,0.28550058802029454,0.08780055678699875,0.2591507900316133,0.013960173876611803,0.6390884786449947
686469,2024,L,0.35368436507816015,0.0794439008975169,0.14350180889403732,0.012768592908374333,0.7642856973605271
645305,2024,L,0.23746762835639018,0.06265158031587861,0.3283089349666867,0.008570233037066619,0.6004692509721301
669743,2024,L,0.3179602962722179,0.12784881300065892,0.19022979898738504,0.009189838206918172,0.6727315499307231
575929,2024,L,0.33618714378869485,0.07779314592103967,0.2487480883149935,0.008765205383654839,0.6646935592249049
609280,2024,L,0.3226595943397208,0.04858975815954123,0.14532676169681108,0.007481565900140201,0.7986019132914459
656413,2024,L,0.3002001730336704,0.118455410428184,0.28561021426861116,0.00907362257759154,0.5868607525429864
678225,2024,L,0.267117960959712,0.08524374668233423,0.26492911130896885,0.014305163849990957,0.6355219781941479
623520,2024,L,0.33255687957710056,0.08244785855021293,0.28219460836201676,0.008834810612482443,0.6265227221496126
595879,2024,L,0.31875556083930234,0.03950446441491994,0.2637728509663549,0.007530715368291592,0.6891919686366529
672724,2024,L,0.28264872165003607,0.1018672807671627,0.2491419360545865,0.008524245118031779,0.6404665380809261
656180,2024,L,0.31454928394307785,0.09961139930908457,0.30104006515173287,0.009338492699167181,0.590010043749127
647351,2024,L,0.30791450133606324,0.07312643696913242,0.17083832365898843,0.00840167688939945,0.7476335643235943
669222,2024,L,0.3156314800591819,0.07862722499516318,0.18906530829977944,0.008077683725026095,0.724229782103035
694175,2024,L,0.29988498119062373,0.07800823190055294,0.25509266740769715,0.008576965354987106,0.6583221357379039
663905,2024,L,0.2650102877274563,0.059141661431740704,0.2790630911621438,0.01182577865367775,0.6499694699062291
686527,2024,L,0.2876121539594178,0.04884303105775253,0.22776390341583624,0.012072852866236789,0.7113202130356213
600869,2024,L,0.32190104299745287,0.0836619689795522,0.21008746241577525,0.008576758382590676,0.6976738094227902
673490,2024,L,0.3156357509090411,0.11036997751550447,0.17747525418198198,0.008698037733792057,0.703456730742871
672012,2024,L,0.273913158637308,0.08055801327047821,0.2857655614393899,0.01388511573872385,0.6197913105712415
663647,2024,L,0.34685257356430266,0.07497678325274869,0.1811186087144863,0.008377538839148576,0.7355270690874397
663586,2024,L,0.3580232858434071,0.0704523510991236,0.24679576266771966,0.008542455069460346,0.6742094308273265
676632,2024,L,0.2563310277562777,0.07788185557267197,0.3006447190998,0.013099632081454772,0.6083737924160674
678554,2024,L,0.2855343522749341,0.06860927327926808,0.20883832248590925,0.008059908684958992,0.7144924955586995
677950,2024,L,0.26742926617772816,0.06875134024048989,0.22029032168852833,0.013027297092337794,0.6979310406557888
592178,2024,L,0.34376008045545764,0.09278430210702743,0.22601125490784554,0.008636764365631443,0.6725676774553723
665966,2024,L,0.29988498119062373,0.07800823190055294,0.25509266740769715,0.008576965354987106,0.6583221357379039
669357,2024,L,0.3156549426267666,0.07487855604958671,0.3136174304416153,0.013278099620738167,0.5982259137406413
668723,2024,L,0.2767193960686782,0.055759638766569405,0.18045713391561463,0.00746508324604519,0.7563181442713631
669208,2024,L,0.29988498119062373,0.07800823190055294,0.25509266740769715,0.008576965354987106,0.6583221357379039
623912,2024,L,0.3305063846482581,0.0403879072743022,0.16080263489491312,0.007667586344154116,0.7911418703663291
656883,2024,L,0.3612743820318578,0.06002972688646487,0.15978231254323616,0.008187193080705462,0.7720007689280219
686894,2024,L,0.2995161275748515,0.09402898387646247,0.2603573077430292,0.008544953610767111,0.6370687544308813
670224,2024,L,0.273913158637308,0.08055801327047821,0.2857655614393899,0.01388511573872385,0.6197913105712415
624503,2024,L,0.29754609026637446,0.050036497577982855,0.21889428705314332,0.013149873617907726,0.7179193426329775
650859,2024,L,0.29948861925184417,0.062410472285217095,0.16929786003571684,0.007781155081911267,0.7605105125880011
805373,2024,L,0.29988498119062373,0.07800823190055294,0.25509266740769715,0.008576965354987106,0.6583221357379039
681584,2024,L,0.30431314999321746,0.11368954830543473,0.28783915699187496,0.009109386884856555,0.5893619072953897
695391,2024,L,0.29988498119062373,0.07800823190055294,0.25509266740769715,0.008576965354987106,0.6583221357379039
543063,2024,L,0.28674649190943546,0.06271040374804134,0.23451874811910048,0.012853070324733495,0.6899177788744025
687799,2024,L,0.28030797553874587,0.09949437430604288,0.3005802781881237,0.013730979841152267,0.5861943682194651
682988,2024,L,0.29988498119062373,0.07800823190055294,0.25509266740769715,0.008576965354987106,0.6583221357379039
642197,2024,L,0.29988498119062373,0.07800823190055294,0.25509266740769715,0.008576965354987106,0.6583221357379039
641432,2024,L,0.3129142955183843,0.06698106263050546,0.14882112992970012,0.012900337634517369,0.7712974692124562
592696,2024,L,0.284438501684314,0.040082195217010945,0.19089274349322022,0.01032983929418213,0.758695221981525
681546,2024,L,0.28585823649957187,0.10272946004300613,0.334494063547353,0.014922687627692272,0.5478537894756886
613564,2024,L,0.2606551064041384,0.07765425937414631,0.3078484981195204,0.0132304298897183,0.6012668118746084
621466,2024,L,0.28651161661576896,0.09258301722054091,0.2853639546358053,0.014628274507601777,0.6074247543617783
671221,2024,L,0.28687598722494373,0.07536333504587445,0.30135415047534375,0.008422682909462569,0.614859832335989
605204,2024,L,0.3397060909697597,0.09671229692082543,0.2578392596498479,0.008802759814661486,0.6366456846043088
527038,2024,L,0.3260456919441518,0.07334712158817423,0.13605463556787756,0.008258199889509201,0.7823400430726398
663330,2024,L,0.322143597845546,0.11890669779635323,0.24201779553724992,0.008898642437235618,0.6301768637437337
592885,2024,L,0.3296609977341172,0.08656723603433233,0.2437159772797866,0.01384172971052532,0.6558750570174031
660636,2024,L,0.3057057317333033,0.07408829318951281,0.2026876520106245,0.007829839513639152,0.7153942149528058
665856,2024,L,0.29988498119062373,0.07800823190055294,0.25509266740769715,0.008576965354987106,0.6583221357379039
649557,2024,L,0.336548514020102,0.06918262029548566,0.14642152730154595,0.0077821413742138815,0.7766137103686762
669374,2024,L,0.2999580873129797,0.08859514299988161,0.3781510231997601,0.009584239102991977,0.5236695957630226
622761,2024,L,0.30777937504218766,0.06923264141201317,0.232436415908615,0.008449210805647554,0.6898817316690842
656248,2024,L,0.3323350428259532,0.10224554310965868,0.26138014538467663,0.008808313186109229,0.6275659979079518
624512,2024,L,0.2645830517385911,0.07932136534885438,0.22443151645167744,0.01237726119292538,0.6838698576627892
621458,2024,L,0.27976375368621487,0.07101347693652156,0.3503888378296465,0.013631668441182585,0.5649660183764841
642851,2024,L,0.28516527326636776,0.08370531160250316,0.2149501331694838,0.008853475149922215,0.6924910797467481
621512,2024,L,0.27434135335430576,0.04767292118233062,0.26892356980921983,0.007994509490345181,0.675408999469509
669261,2024,L,0.30311715510123377,0.11523157576480492,0.31358705719924096,0.014990350538606458,0.5561910161499051
664901,2024,L,0.2907010267009413,0.0989360892597257,0.22362814439619444,0.009117910368722549,0.6683178562387333
665561,2024,L,0.238673066599504,0.04084634837490495,0.18541186966230822,0.00652020981907032,0.7672215709190418
672744,2024,L,0.2470845004590126,0.053706269844920135,0.3933500039114733,0.00920753194803617,0.543736194001813
668800,2024,L,0.28489208778966096,0.06410508790431581,0.22491616314160426,0.008295823717663187,0.7026829252613941
666182,2024,L,0.3812827628336382,0.06009624090355133,0.1785836298767897,0.008236906548979536,0.7530832232990643
681962,2024,L,0.2648632714746747,0.10167835802319224,0.22225310065329262,0.008993055366298318,0.6670754860104867
658668,2024,L,0.30704948309606334,0.0816846244697975,0.1778144911710766,0.008545164712833108,0.7319557189065525
605361,2024,L,0.2838892069225177,0.10332437709438752,0.23149985932182227,0.014062682435029526,0.651113080454146
663550,2024,L,0.20331450079906258,0.03563316610861128,0.4402413733737451,0.011376795761880363,0.5127486643733935
593934,2024,L,0.35513281524067664,0.09117129483892904,0.3226261824239013,0.009112752193548812,0.5770897718787165
672356,2024,L,0.294824973747374,0.07350885476947877,0.32333059341222214,0.008687292506347326,0.5944732596990329
608841,2024,L,0.3351819665286219,0.06586229316525594,0.18919831191623496,0.008378030773577648,0.7365613642950917
455117,2024,L,0.2910675642941096,0.09838241895777498,0.2751106063325233,0.00909714715431131,0.6174098288378267
668731,2024,L,0.26088387900849475,0.09674745029416566,0.27211938980880596,0.013951494152668033,0.6171816651517663
670097,2024,L,0.2922857086559706,0.12977961428401752,0.258376363873026,0.00940941515520463,0.6024346069453025
673995,2024,L,0.29988498119062373,0.07800823190055294,0.25509266740769715,0.008576965354987106,0.6583221357379039
621311,2024,L,0.2567096465613565,0.05073383685508014,0.296355461440667,0.01197511163498191,0.6409355898100835
641313,2024,L,0.298777553115022,0.03913229737760741,0.22442781995928324,0.007784656790301935,0.7286552259994165
682119,2024,L,0.29988498119062373,0.07800823190055294,0.25509266740769715,0.008576965354987106,0.6583221357379039
677942,2024,L,0.29988498119062373,0.07800823190055294,0.25509266740769715,0.008576965354987106,0.6583221357379039
664954,2024,L,0.2709870859850792,0.08410394460973313,0.23490031019700677,0.013060616733472469,0.6679351295633709
571466,2024,L,0.2636043923759461,0.08900149334456307,0.25298276959866584,0.014247782112363647,0.6437679547969638
669450,2024,L,0.29004748147700576,0.12284110321777497,0.26076833337154876,0.008740860536367058,0.6076497031406387
657088,2024,L,0.30511308140749294,0.13353266744766593,0.2247360249565353,0.014895521277729045,0.6268357865938557
641511,2024,L,0.27322480660395787,0.08615269522234156,0.2525294877920323,0.008941049211237822,0.6523767695541604
666703,2024,L,0.2681978271852921,0.08339372226797824,0.24340383884157624,0.00902474543394286,0.6641776933272405
671286,2024,L,0.29988498119062373,0.07800823190055294,0.25509266740769715,0.008576965354987106,0.6583221357379039
676369,2024,L,0.31496599768347366,0.09718295594151283,0.2945587432796074,0.008786763536551027,0.5994715367208755
666915,2024,L,0.32202401283747184,0.07795919998255674,0.3268945566819249,0.008863069758757685,0.5862831737984504
676701,2024,L,0.28358029468797913,0.07744294785399679,0.2382984550337644,0.008443309473098019,0.6758152869064002
660707,2024,L,0.2783974610656661,0.054239253100432434,0.3041000990417953,0.008673236585449913,0.6329874111621909
691182,2024,L,0.29988498119062373,0.07800823190055294,0.25509266740769715,0.008576965354987106,0.6583221357379039
669087,2024,L,0.2999478013061638,0.07383875298311814,0.34252952345640947,0.008019723807524868,0.5756120004440448
693049,2024,L,0.2717611075525417,0.052086223096136065,0.2939666806996777,0.013164322051557759,0.6407827749789704
543228,2024,L,0.31330421470196423,0.053841541026690184,0.2192593259842928,0.007991078851662274,0.7189080531279806
664874,2024,L,0.2648937943406702,0.1012481414549288,0.37481060625616563,0.00983878987685619,0.5141024623491127
605119,2024,L,0.32584890646749587,0.08653792420606582,0.2356459821825929,0.008585335829484,0.6692307579001237
640492,2024,L,0.29781085315859884,0.040478531076069836,0.21340361610184752,0.007665774300527615,0.7384520795086491
547989,2024,L,0.3581874208143137,0.05403134627193208,0.21633160975242108,0.008929785170497794,0.7207072583615193
686554,2024,L,0.273913158637308,0.08055801327047821,0.2857655614393899,0.01388511573872385,0.6197913105712415
643265,2024,L,0.355462499590704,0.06681861559595263,0.22437860952402794,0.007814114771593876,0.7009886616019196
677347,2024,L,0.2864930555721465,0.1064188637905082,0.3317086837555973,0.009350244837646932,0.5525222081832869
657061,2024,L,0.26211124955420545,0.08746623617097771,0.26054139336067833,0.008405375783972007,0.6435869938232266
668752,2024,L,0.273913158637308,0.08055801327047821,0.2857655614393899,0.01388511573872385,0.6197913105712415
674441,2024,L,0.273913158637308,0.08055801327047821,0.2857655614393899,0.01388511573872385,0.6197913105712415
621545,2024,L,0.22574398279500277,0.07467913249597942,0.28943326522030927,0.00887527739930517,0.6270123246919865
680911,2024,L,0.30622116601987254,0.07191284303504804,0.1884956356084069,0.008432887313938615,0.7311586342372314
553882,2024,L,0.28765302398304743,0.09516456443194043,0.2089791393517303,0.014532093979692772,0.6813242030984096
683146,2024,L,0.30386934746464217,0.07658785551190371,0.2672509963151362,0.013565514009288116,0.6425956341332922
667428,2024,L,0.29988498119062373,0.07800823190055294,0.25509266740769715,0.008576965354987106,0.6583221357379039
663611,2024,L,0.3134203213755756,0.07820191252115836,0.08437358657995217,0.00771392811351988,0.8297105717973093
663630,2024,L,0.29148290477014227,0.10201573210736825,0.3064995634498041,0.008886638341039052,0.58259806613272
660670,2024,L,0.4012909995819689,0.09741772237178,0.21459425114227654,0.008784616946126311,0.6792034085019197
645801,2024,L,0.30171925060135846,0.10131910241103897,0.2560770779034176,0.013647053423364761,0.6289567661896612
664314,2024,L,0.23948091290868007,0.08334506408567373,0.3398366371447661,0.0132596687911708,0.5635586304922234
669699,2024,L,0.15406101441207914,0.046387074751765275,0.4316733736590295,0.011872355279131948,0.5100671967462356
665923,2024,L,0.2658771769728582,0.07771627527538456,0.2033126782573315,0.00833120258002602,0.7106398432087837
542364,2024,L,0.28794994816817493,0.09025762083890951,0.19205187663636739,0.014079608705450556,0.7036108947209909
596129,2024,L,0.30517266077964955,0.12506846508337227,0.2703753294678095,0.01504688956596585,0.5895093155913849
592348,2024,L,0.2944311315222937,0.08841852999137131,0.2910878691351856,0.008878704481122941,0.611614897541366
621563,2024,L,0.2864400085385893,0.07542874157179397,0.18935670076270245,0.013025073497495486,0.7221894849435015
664059,2024,L,0.28178695621488437,0.09315298008076489,0.2481046221607923,0.008632056555136693,0.6501103415717001
666165,2024,L,0.2651949077607934,0.08278497326914343,0.3441242293401874,0.011724705315932546,0.5613660927715804
694497,2024,L,0.28589643155537925,0.13356392947332307,0.3238724948549263,0.014944993161404215,0.5276185827914873
501303,2024,L,0.29905938892619294,0.09171943729868638,0.18342671068899333,0.008292296570364857,0.7165615561039015
808982,2024,L,0.273913158637308,0.08055801327047821,0.2857655614393899,0.01388511573872385,0.6197913105712415
644433,2024,L,0.24598867689538015,0.0478654391869013,0.278181493043689,0.007453943191592005,0.6664991248723648
687952,2024,L,0.35027255883010017,0.06256766280120186,0.2729858992773774,0.008846219642015108,0.6556002181240114
608596,2024,L,0.30465873085494627,0.08495072216359097,0.32149515549335766,0.009140292157254346,0.5844138307156964
666135,2024,L,0.29886935008277676,0.06385997282043489,0.22414556190559687,0.013251456550567338,0.6987430097616731
545361,2024,L,0.40682312451232017,0.11142295586551405,0.23174099776784385,0.009367569905922,0.6474684767920585
543305,2024,L,0.31550611806069045,0.0961330821806609,0.20809557748562282,0.008319441428474095,0.6874518995147902
666211,2024,L,0.24044463536418154,0.08721708183459786,0.3599820932814315,0.01403530880670855,0.538765516266223
670223,2024,L,0.2885031761294639,0.06720899184073195,0.3036796399326151,0.013637186753644908,0.6154741807747051
541645,2024,L,0.32780937744785954,0.05195254817572123,0.24754460038067452,0.008039917528465943,0.6924629336047824
622569,2024,L,0.31972673598833545,0.09355664747805231,0.1678754124920064,0.008706582342480883,0.7298613568532348
669352,2024,L,0.2373278134206885,0.07306899223764449,0.2573563455584025,0.00837104254002353,0.6612036205399395
664058,2024,L,0.3055315917980518,0.08638737042408628,0.08689017702946358,0.0074028904016154,0.8193195627273775
688363,2024,L,0.273913158637308,0.08055801327047821,0.2857655614393899,0.01388511573872385,0.6197913105712415
650907,2024,L,0.30324817803619797,0.0673862264960999,0.30443089474692975,0.008864093461559214,0.6193187854250023
607054,2024,L,0.2814869048311824,0.11383155641729223,0.2439482830227523,0.014735203789220755,0.6274849567429174
676946,2024,L,0.2710060628069093,0.09910241314501446,0.24785129058187988,0.00890213215401208,0.6441441646681101
665120,2024,L,0.2948982792492756,0.07058966957249259,0.2605142370701252,0.01253631967899891,0.6563597737999732
669392,2024,L,0.2659008192050221,0.0726017676041074,0.2977704422496241,0.009148279613536044,0.6204795106072182
668853,2024,L,0.273913158637308,0.08055801327047821,0.2857655614393899,0.01388511573872385,0.6197913105712415
518595,2024,R,0.32095890368274554,0.07242335140564886,0.20083603784583035,0.012612311421165525,0.7141282993543329
657656,2024,R,0.3102687251532169,0.08989495925082426,0.2588903015172043,0.014331366194434871,0.6368833732631215
642201,2024,R,0.26321083234968495,0.09942430273474626,0.3169177918626667,0.014281710792155062,0.5693761943642107
621566,2024,R,0.3902251677416446,0.09794104066007976,0.23975948384606732,0.009498404118339347,0.6528010723602976
657193,2024,R,0.28172809380504477,0.0829596134533033,0.2576049747734304,0.009545923815078225,0.649889488162163
578428,2024,R,0.2917711456435638,0.04969151532459488,0.12832250953756572,0.012099179663001154,0.8098867956619622
596019,2024,R,0.3473033432183638,0.0726173299824086,0.15700014585352037,0.008734696521295606,0.761647827591115
516782,2024,R,0.31287880543763047,0.05042397527941955,0.19297856724049267,0.013186085589907153,0.7434113715494334
682626,2024,R,0.3212144921177089,0.09686720976791548,0.2510062194856149,0.013237866098832655,0.6388887053683192
542303,2024,R,0.35187067761195046,0.06169280599880824,0.2158333366572893,0.01272935844929602,0.7097444986060385
645277,2024,R,0.325435203329312,0.05431143233077269,0.17982071699325095,0.008633277139228346,0.757234573082565
671739,2024,R,0.350701568213947,0.05682919236816118,0.21985267195905944,0.008071225597963467,0.715246910442841
672284,2024,R,0.3326235966187919,0.08929715715075277,0.2602976440946967,0.009300868786058715,0.641104329803725
570482,2024,R,0.32375899283794723,0.05356233590924598,0.17543705647721178,0.012265403084092958,0.7587352037527861
607043,2024,R,0.34784825300886907,0.14785797343235424,0.21717105489033375,0.009635787458262593,0.6253351834787328
668901,2024,R,0.31820764462577744,0.060728365883022405,0.2793280074061265,0.01312783168112057,0.6468157950078497
621438,2024,R,0.31398867334355596,0.06731603054221202,0.22090565409792393,0.013088930043687828,0.698689385421543
502110,2024,R,0.3605381438132156,0.06868857412365963,0.2552295555110504,0.012924656480381677,0.6631572137386598
624413,2024,R,0.36600200472168337,0.06214345989266298,0.23388226852472888,0.013334797385221468,0.6906394740477061
606115,2024,R,0.2831847431676663,0.059572077292908074,0.2001838722289171,0.012595622692898205,0.7276484278142127
624585,2024,R,0.3517269184857154,0.0897819665723043,0.2638994635237289,0.013850830356178807,0.6324677395315073
664056,2024,R,0.281993175170293,0.07891494120640771,0.24255041208133576,0.013822918971305206,0.6647117282255759
682668,2024,R,0.28582346365281885,0.07311392370245502,0.26898164108008765,0.013255684560400025,0.6446487504182142
620443,2024,R,0.30229988356446225,0.09643214291337644,0.24178395339207925,0.013860392456387193,0.6479235114284789
669221,2024,R,0.3416784214353995,0.09419862385634473,0.22287672338289163,0.013464307227169592,0.6694603457301874
444482,2024,R,0.34566809114381913,0.07290492753068303,0.18551548799725623,0.008230826528052333,0.7333487574327452
630105,2024,R,0.3366706803117173,0.10236003833600534,0.15868092792065985,0.008778079783789186,0.730180953482077
665487,2024,R,0.36043781051662827,0.0641212316733471,0.23820126477231965,0.012711789514655392,0.6849657146209431
553993,2024,R,0.31578490521382724,0.09130229101118623,0.2764289482297978,0.014524622665437782,0.6177441377358404
545341,2024,R,0.3240565235579313,0.05503202198149843,0.25036382688326886,0.012895787413070865,0.6817083636630078
572233,2024,R,0.3438985818591734,0.08379649010772856,0.2221878157727424,0.013704552802886709,0.680311140553416
666971,2024,R,0.3336865368969012,0.06357414175106242,0.17780228290897437,0.012102620783918053,0.7465209542759351
682998,2024,R,0.35851129141201526,0.10258627666176316,0.1908268101797475,0.008916858609606743,0.6976700552820407
456781,2024,R,0.31553866034733674,0.07354078054881916,0.21736911126165154,0.013560870264762189,0.6955292384229766
663604,2024,R,0.28582346365281885,0.07311392370245502,0.26898164108008765,0.013255684560400025,0.6446487504182142
642180,2024,R,0.278316870970548,0.1110255216091351,0.2338926700974093,0.009409061260089311,0.6456727466720881
606466,2024,R,0.33286553225975407,0.09019627021411557,0.16121027930522908,0.008713415118684686,0.7398800358700945
672695,2024,R,0.30084282954402686,0.1414303987875337,0.19152778247144236,0.009756572682081117,0.6572852462893112
672515,2024,R,0.32957033076947645,0.09389883106407079,0.16002744876887265,0.014381772362478784,0.731691947725207
664983,2024,R,0.29603583312919557,0.08449389949626594,0.20889319271230117,0.008762256660241144,0.6978506515559266
553869,2024,R,0.29836715697059335,0.06524076845376751,0.2043740659713214,0.013232689114484834,0.7171524767277224
605113,2024,R,0.2738042245891591,0.06236712915403803,0.20741347628815898,0.012492749421278052,0.7177266458277727
701538,2024,R,0.30832095810659416,0.09110936068525406,0.26281011648316605,0.00918395887389124,0.6368965637072819
650333,2024,R,0.35527900205019114,0.09273569649578618,0.07006049512218578,0.008220996972725523,0.8289828112050812
592669,2024,R,0.3226197197773502,0.06684079277359746,0.2510685810453384,0.012740847471105652,0.669349779047802
677951,2024,R,0.3495246368556014,0.05697702115438154,0.18782960580525251,0.012321712885443536,0.7428716599521177
502054,2024,R,0.3384859489440429,0.11284505569313713,0.2438808777020818,0.014282359970729625,0.6289917068555283
664728,2024,R,0.3188236738655029,0.09031874740329311,0.19935927786779015,0.008716694915808076,0.7016052794250308
672580,2024,R,0.3459990230878278,0.1010574554606895,0.19123859847697963,0.013111362114352744,0.694592583896218
666023,2024,R,0.31724988001378596,0.0696111776145957,0.20936598680774687,0.012531294515277763,0.708491540919636
669004,2024,R,0.3434073047472714,0.11153269122955928,0.2455886797338493,0.00944424402309038,0.6334343857040302
493329,2024,R,0.3288568749396011,0.055544042112770205,0.11524263446351078,0.011451698070762588,0.8177616254514525
686681,2024,R,0.33337152574605305,0.06147969351824394,0.2086146385279215,0.00886553536484927,0.7210401328499392
680700,2024,R,0.3239868388035661,0.1109348879842662,0.12970684077211886,0.008953963369591866,0.7504043081178315
686482,2024,R,0.30832095810659416,0.09110936068525406,0.26281011648316605,0.00918395887389124,0.6368965637072819
676609,2024,R,0.2593835511990286,0.09905919879402943,0.23509243980174344,0.014423782601248611,0.6514245788669084
666185,2024,R,0.3022075237503143,0.09819653773149886,0.21860999472521744,0.009481431542905684,0.6737120356621235
686765,2024,R,0.30832095810659416,0.09110936068525406,0.26281011648316605,0.00918395887389124,0.6368965637072819
677800,2024,R,0.36118291365537136,0.11059599252234775,0.27151139836077925,0.00981394301262724,0.608078666051609
657136,2024,R,0.2836798554983625,0.06777052581595155,0.3152191099845915,0.013879967359740545,0.6031303964250747
671213,2024,R,0.3651116430581673,0.11971400616611035,0.22868869443444914,0.009273150752301652,0.6423241488188772
676356,2024,R,0.2420640768880937,0.0482388260686664,0.20980204500582747,0.012190561365879742,0.7297685667606474
666139,2024,R,0.3302267599800019,0.08177773923729006,0.2272100483146095,0.008925124080774683,0.6820870876632417
666624,2024,R,0.3053698361531758,0.08060252246874224,0.3315899891555635,0.013004791525488396,0.5748026967478429
666018,2024,R,0.3087477906597036,0.10016754226038513,0.23242647673843006,0.009316856684816062,0.6580891239041199
691406,2024,R,0.3428797818306859,0.06682323154644587,0.18200338250675657,0.012032191534056543,0.7391411945446963
665839,2024,R,0.3252452909487237,0.09620158672928159,0.18826084860002704,0.009236539790708116,0.7063010250553067
681508,2024,R,0.30832095810659416,0.09110936068525406,0.26281011648316605,0.00918395887389124,0.6368965637072819
678882,2024,R,0.27937879685024164,0.060104878733338904,0.2815093303202844,0.013052156089128547,0.6453336347083443
687093,2024,R,0.2953141636948405,0.060341711760985454,0.209718784094716,0.012705852150643822,0.7172336512932681
680776,2024,R,0.3277128623459367,0.08655931171757225,0.22790291124984005,0.008646326308038488,0.67689145063935
683737,2024,R,0.31951735947420495,0.10254089859409464,0.27838721959663876,0.009690534933522564,0.6093813467745859
673548,2024,R,0.34552892673259394,0.11772356278519927,0.2219311159359785,0.01520994803523059,0.6451353728700446
663538,2024,R,0.32204680703471716,0.07307831379965558,0.1262121626940293,0.012796980616759327,0.787912542657207
664023,2024,R,0.3261153305070333,0.11216614942533218,0.27262588587321895,0.009476288018892595,0.6057316768916211
670770,2024,R,0.31655094555016483,0.11155546316501617,0.16818663461719505,0.009097172492418133,0.7111607300385299
668715,2024,R,0.30797749708367517,0.1042650387003734,0.22996337590804905,0.014588394232917972,0.6511831914133144
663886,2024,R,0.32200963297580126,0.11292894167280475,0.22988182206514635,0.013985725588239328,0.6432035111811085
682829,2024,R,0.31664747324325176,0.09598429664543219,0.3047580317264918,0.00932009908937199,0.5899375724267121
663697,2024,R,0.31452491950705963,0.11197506481610632,0.22430227660200597,0.014778748578819183,0.6489439096952446
571912,2024,R,0.2735324065403717,0.08328406117645897,0.26787876058176613,0.013926791322618473,0.6349103862426487
676679,2024,R,0.28582346365281885,0.07311392370245502,0.26898164108008765,0.013255684560400025,0.6446487504182142
643565,2024,R,0.3225502628156834,0.13487519923463834,0.24172025821211013,0.00980688766057825,0.6135976548625036
542194,2024,R,0.29542905402058517,0.03891540452022661,0.24233486527023626,0.011348158313081117,0.7074015723533303
682622,2024,R,0.30855893853225763,0.08311755385875659,0.22315429305642992,0.012823597634625396,0.6809045551857704
641584,2024,R,0.3107907400545868,0.10620276395966931,0.22792442434687263,0.009339555985666157,0.6565332558509736
664034,2024,R,0.3338018470388246,0.07413302095112476,0.1755707633710596,0.013347135139327417,0.7369490795404159
691718,2024,R,0.24858319808335771,0.09741045720386257,0.43331760264304536,0.01089979135641368,0.45837214925851705
670623,2024,R,0.31788214149909266,0.08990995842101947,0.1535327932497972,0.013988984008560006,0.742568264452895
682634,2024,R,0.28582346365281885,0.07311392370245502,0.26898164108008765,0.013255684560400025,0.6446487504182142
668845,2024,R,0.28582346365281885,0.07311392370245502,0.26898164108008765,0.013255684560400025,0.6446487504182142
595909,2024,R,0.30145369132602917,0.08232405043360302,0.2948391637404956,0.009304019252588802,0.6135327664202843
656541,2024,R,0.29952446148522527,0.11369558451633227,0.3451569930551112,0.009982656526602995,0.5311647658125619
666134,2024,R,0.33659899624607237,0.11995652290709204,0.3221832831003373,0.010217939064041814,0.5476422549065509
571771,2024,R,0.3141482042210383,0.07241763696629135,0.1939384681881696,0.013074582574093585,0.7205693116214323
669242,2024,R,0.3066633695141002,0.08672513811083275,0.16588705370832743,0.008316415261632267,0.7390713929507448
571970,2024,R,0.36595909100158425,0.14246941210461123,0.2553203162877613,0.009904364670403431,0.5923059070950619
669911,2024,R,0.2864934668676959,0.09269925688090785,0.36049681564377467,0.009192858970368017,0.5376110674755936
641857,2024,R,0.3313334796684811,0.09757849014194198,0.2924257501733522,0.00946322645346976,0.6005325332661544
678662,2024,R,0.2965425028157045,0.04875169735803,0.2552073855248322,0.012981225091151308,0.6830596923643572
606192,2024,R,0.3358169242004063,0.07276268652451054,0.27827802380113226,0.013619109642096684,0.6353401809388906
681546,2024,R,0.32412175043888986,0.12553793267313357,0.32252038174556097,0.009975908123580039,0.5419657774871043
660271,2024,R,0.4003671073201691,0.09578278673286285,0.24524841260091856,0.009088873095029395,0.6498799276532267
605131,2024,R,0.28640744056579553,0.11553961522417439,0.24305864136214556,0.01455399934396688,0.6268477441569318
681624,2024,R,0.28582346365281885,0.07311392370245502,0.26898164108008765,0.013255684560400025,0.6446487504182142
621035,2024,R,0.30629153464136877,0.1057586233911355,0.2945940096452296,0.014535667450052027,0.5851117001490996
687597,2024,R,0.28582346365281885,0.07311392370245502,0.26898164108008765,0.013255684560400025,0.6446487504182142
691011,2024,R,0.30832095810659416,0.09110936068525406,0.26281011648316605,0.00918395887389124,0.6368965637072819
605141,2024,R,0.36645791099510605,0.0997995851867151,0.14150530226516048,0.013882694139516384,0.7448124187440415
453568,2024,R,0.3292378509553077,0.06297026645546049,0.18493546482404621,0.008570302712156601,0.7435239661875104
681481,2024,R,0.3240091466208986,0.0702270348078215,0.22981019462762287,0.009101600168532266,0.6908611712196528
678009,2024,R,0.3495507464382956,0.10404582305565775,0.21633502476113212,0.009334563028524461,0.670284588939358
656716,2024,R,0.31496122420741995,0.09115187450541572,0.21232819420429108,0.008801508524346196,0.6877184234438516
676070,2024,R,0.26008690165855874,0.07714976845187067,0.2183934247543746,0.01185534778589502,0.6926014592641004
666150,2024,R,0.3083900392292113,0.08359273070132266,0.19585120405381617,0.008802511911986595,0.7117535526328814
686676,2024,R,0.23898875423979457,0.05670362878913398,0.2920675277835461,0.012380644387742838,0.6388481982534385
700242,2024,R,0.30832095810659416,0.09110936068525406,0.26281011648316605,0.00918395887389124,0.6368965637072819
679529,2024,R,0.3475076898348018,0.0938341679567558,0.22188659832587662,0.014035408676145276,0.6702438249057286
690291,2024,R,0.30832095810659416,0.09110936068525406,0.26281011648316605,0.00918395887389124,0.6368965637072819
672761,2024,R,0.30832095810659416,0.09110936068525406,0.26281011648316605,0.00918395887389124,0.6368965637072819
682985,2024,R,0.3587602310607734,0.09459763089175577,0.2485234087828991,0.009329514564186249,0.6475494457033342
663837,2024,R,0.3334833637525163,0.09066041426747054,0.19191340476565508,0.014121414844526592,0.7033047663634395
682868,2024,R,0.28582346365281885,0.07311392370245502,0.26898164108008765,0.013255684560400025,0.6446487504182142
672820,2024,R,0.28961058387407185,0.05096097326722597,0.23854279555150276,0.012928481921628382,0.6975677489947425
683734,2024,R,0.33085187092413737,0.0695606131111144,0.18676496859054634,0.012920601950983024,0.7307538163121055
676113,2024,R,0.30832095810659416,0.09110936068525406,0.26281011648316605,0.00918395887389124,0.6368965637072819
673357,2024,R,0.3327839336438627,0.046786608687373894,0.25892918469289733,0.01213304950512163,0.6821511572292106
668670,2024,R,0.28516583079875935,0.10607968539218865,0.32466707847849313,0.014247961033923074,0.5550052745924033
678246,2024,R,0.315305447219077,0.116437050679887,0.18600905158710132,0.014103555941111635,0.6834503423037482
690993,2024,R,0.30832095810659416,0.09110936068525406,0.26281011648316605,0.00918395887389124,0.6368965637072819
694359,2024,R,0.30832095810659416,0.09110936068525406,0.26281011648316605,0.00918395887389124,0.6368965637072819
672569,2024,R,0.30832095810659416,0.09110936068525406,0.26281011648316605,0.00918395887389124,0.6368965637072819
642136,2024,R,0.31967040375019296,0.1312522191645217,0.26144792248077986,0.009357003095344523,0.5979428544074638
592273,2024,R,0.30951209833958526,0.06509694922494698,0.230175228496571,0.01307160548946991,0.6916562163982922
607680,2024,R,0.29852975576192137,0.04044235007275879,0.1777918649820046,0.011711080472128058,0.7700547048402537
665750,2024,R,0.31070933222766,0.08571328385762954,0.22235470560549747,0.008564459599589309,0.6833675516501178
641680,2024,R,0.32986930212787474,0.08136103415766915,0.1698402949306009,0.008772385093421506,0.7400262861262387
663993,2024,R,0.36873552335025017,0.10791653645231472,0.2088719229860682,0.008989037187867668,0.6742225035998601
694671,2024,R,0.28582346365281885,0.07311392370245502,0.26898164108008765,0.013255684560400025,0.6446487504182142
669701,2024,R,0.31754097445013396,0.12494459381697828,0.22866923619884677,0.009358745660382185,0.6370274240056759
543760,2024,R,0.32392338711723545,0.09093231021301648,0.1747623613565855,0.01386222943003015,0.7204430989836776
677649,2024,R,0.29408375293647043,0.05691835745644373,0.2561326348515846,0.012643941940773316,0.6743050652075994
687957,2024,R,0.30832095810659416,0.09110936068525406,0.26281011648316605,0.00918395887389124,0.6368965637072819
676572,2024,R,0.28582346365281885,0.07311392370245502,0.26898164108008765,0.013255684560400025,0.6446487504182142
605346,2024,R,0.19386157801346188,0.03179668802862418,0.4186150405505337,0.012573127772972769,0.537015143026004
621493,2024,R,0.32984864240913364,0.10054094951570293,0.23185352280101398,0.01382970518936976,0.6537758224344541
608671,2024,R,0.2915715558624196,0.1291371311247368,0.2170776326510837,0.009343612032158765,0.6444416246408485
683021,2024,R,0.2901121669983264,0.10239607937650783,0.1237323042213682,0.013215702742373707,0.7606559137818599
686555,2024,R,0.30832095810659416,0.09110936068525406,0.26281011648316605,0.00918395887389124,0.6368965637072819
669003,2024,R,0.2990497355016875,0.12066515575374655,0.31297978398606263,0.009589566814819839,0.5567654938793345
641343,2024,R,0.317758227713925,0.1136046446278022,0.2589000774379627,0.009067142737690747,0.6184281346042879
655316,2024,R,0.31553370336748937,0.11536935046244276,0.19365889815717727,0.014535762259113058,0.6764359894820103
694192,2024,R,0.28582346365281885,0.07311392370245502,0.26898164108008765,0.013255684560400025,0.6446487504182142
668930,2024,R,0.2995085581567721,0.11194410078492228,0.2062149657594878,0.009180489729836077,0.6726604437519573
687401,2024,R,0.27914466898950846,0.06759492892175357,0.2677707636784957,0.01291459934339548,0.6517197081589893
596142,2024,R,0.33667478454205,0.06958451015744915,0.262480526221728,0.0136004446485111,0.6543345187201816
663368,2024,R,0.29111593497357086,0.17225024636787267,0.27160462075239516,0.01059139065650587,0.5455537416600674
543877,2024,R,0.2991562872419175,0.06674187919635476,0.18120011143569706,0.0132167352327308,0.7388412740953705
622534,2024,R,0.30496702703141726,0.07020739288653917,0.17384204722070243,0.013051001458845345,0.7428995581139805
571657,2024,R,0.2970310371488366,0.050061723347835756,0.2017505690606879,0.012614847366294446,0.7355728602110578
467793,2024,R,0.35130867338394267,0.11353932693830482,0.173591108696847,0.00915771168777775,0.7037118528939339
676059,2024,R,0.3347441652925917,0.08875214074629668,0.22687687562478473,0.012781418307462919,0.6715895649716642
702616,2024,R,0.30832095810659416,0.09110936068525406,0.26281011648316605,0.00918395887389124,0.6368965637072819
543510,2024,R,0.28816745095508517,0.052934151798560584,0.26788560787516535,0.01248891186403741,0.6666913279413641
656896,2024,R,0.3242376849666108,0.07140286524742016,0.20003403357531266,0.013075082947355009,0.7154880189896042
668904,2024,R,0.3462160722189719,0.08141599051498404,0.18138024649510626,0.01258295501783361,0.7246208073352832
686797,2024,R,0.30832095810659416,0.09110936068525406,0.26281011648316605,0.00918395887389124,0.6368965637072819
668885,2024,R,0.28582346365281885,0.07311392370245502,0.26898164108008765,0.013255684560400025,0.6446487504182142
666397,2024,R,0.3436175691659067,0.1684950739039951,0.28080469298511906,0.009660392721331974,0.5410398413481928
596103,2024,R,0.3004987022814642,0.10700259408937939,0.2990189871160933,0.014229659101102125,0.5797487597715888
677008,2024,R,0.3399351902899117,0.07039010462331134,0.27009825364395695,0.008435306403733831,0.6510763351627229
663624,2024,R,0.33685964841044264,0.054347904350037814,0.24134671108817574,0.012124378082656382,0.692181006675902
681297,2024,R,0.32232514568737697,0.1338348861843642,0.2819397565156673,0.010375236906023776,0.5738501204928038
668939,2024,R,0.3740733065794646,0.1062945446427306,0.14848671685920467,0.009263179561809002,0.7359555592643237
656775,2024,R,0.32509331066458946,0.09030854078017578,0.1790525361409943,0.009035238957017834,0.7216036834582551
656811,2024,R,0.342439837264289,0.07816212688205192,0.23449860388377008,0.008967137597433674,0.678372131175952
680577,2024,R,0.30832095810659416,0.09110936068525406,0.26281011648316605,0.00918395887389124,0.6368965637072819
683002,2024,R,0.371446778978419,0.09665352027637097,0.2274269261973335,0.008717177761680817,0.6672023752115518
602104,2024,R,0.31390661880905274,0.09992629518879496,0.22523600630033222,0.013846138832103831,0.6609915599586899
665833,2024,R,0.3530586259035537,0.08295732668720082,0.27341847919800455,0.009101980561116017,0.634522213696968
668804,2024,R,0.3494716774647421,0.10009819880318052,0.21399805847330014,0.00897695649399455,0.6769267861097905
693304,2024,R,0.2885432252090261,0.0932681925994055,0.2424520183087829,0.01385547764748934,0.6504243110428148
683011,2024,R,0.31278909459224064,0.10017303867163765,0.2601182904868048,0.014281252946044385,0.6254274182527763
657077,2024,R,0.3505565389890365,0.08237663446974033,0.135875198209358,0.00854349954739034,0.7732046680648262
542932,2024,R,0.30757551351674767,0.11522446732765733,0.22102639782908096,0.014345712903318625,0.6494034218501971
691176,2024,R,0.29449889456230793,0.0983544855761413,0.22968435786040192,0.008175150328378846,0.6637860065790749
669224,2024,R,0.3617994445853727,0.06146773112988248,0.20211739631044937,0.008164602221516198,0.7282502705887831
663757,2024,R,0.32983990574060407,0.13861376928017574,0.2515214997034412,0.009844277435931786,0.6000204532376385
650402,2024,R,0.3310240034753434,0.07781321074113738,0.1992624787944541,0.01317583344563128,0.7097484772805217
678894,2024,R,0.27532506394937944,0.07396482272807231,0.2786926442958372,0.012797236228277805,0.6345452962105196
695257,2024,R,0.28582346365281885,0.07311392370245502,0.26898164108008765,0.013255684560400025,0.6446487504182142
694377,2024,R,0.28582346365281885,0.07311392370245502,0.26898164108008765,0.013255684560400025,0.6446487504182142
669707,2024,R,0.2813321193442697,0.09867490735673216,0.2920454332088565,0.01397960830116254,0.5953000508918894
624431,2024,R,0.292574069822468,0.06241603632746001,0.17964878420839303,0.010773517407872791,0.7471616621246312
641943,2024,R,0.3226971868268764,0.08795028924125393,0.19318054746411087,0.008866036377216691,0.7100031267793298
663698,2024,R,0.28527636951092594,0.07471263358420427,0.3359240919517662,0.014215415058752167,0.5751478593310849
700250,2024,R,0.30832095810659416,0.09110936068525406,0.26281011648316605,0.00918395887389124,0.6368965637072819
663609,2024,R,0.33943740654542803,0.10249211076663385,0.3162857569146168,0.014627687332994405,0.5665944454051826
676475,2024,R,0.3583733040140676,0.0616663189929124,0.1273994039527894,0.007922301138671267,0.8030119760133906
680977,2024,R,0.35391913413640474,0.12221732076668414,0.15686481971295665,0.009353735571835583,0.7115641236230237
665877,2024,R,0.2902453586078166,0.09364600125732468,0.1152126203711548,0.013992556999291828,0.7771488206612278
666464,2024,R,0.27678487630038284,0.05938226875036486,0.3566063812473376,0.012165412562996547,0.5718459372924068
682641,2024,R,0.3053720780750347,0.07455058125562575,0.1450856356386688,0.012323509333611742,0.7680402743271655
687529,2024,R,0.30832095810659416,0.09110936068525406,0.26281011648316605,0.00918395887389124,0.6368965637072819
686780,2024,R,0.28582346365281885,0.07311392370245502,0.26898164108008765,0.013255684560400025,0.6446487504182142
695336,2024,R,0.28582346365281885,0.07311392370245502,0.26898164108008765,0.013255684560400025,0.6446487504182142
691023,2024,R,0.3276160871833483,0.07263204546554118,0.24379325462016033,0.011625246279033854,0.6719494536075244
592200,2024,R,0.2912993736687799,0.11663996761766754,0.2765062322977858,0.014393341686647479,0.592460458314736
689172,2024,R,0.2722121788003922,0.0891539284261305,0.2841954592939618,0.009474175256555266,0.6171764367526648
666149,2024,R,0.2890063179649812,0.10928749392744519,0.2985591481623424,0.014219125594487026,0.5779342320836512
624424,2024,R,0.3460300642237816,0.10250487503362672,0.22362090470227106,0.009422795796041107,0.6644514245290841
669477,2024,R,0.3000516056219481,0.05801073773918576,0.22004995847858183,0.011316114119500216,0.710623189400813
672279,2024,R,0.2524274290865774,0.1316718053818255,0.283030168476664,0.010236235577881721,0.575061790058146
663457,2024,R,0.35239346174487424,0.13458075285218077,0.2051996862043705,0.009226563948699265,0.6509929968916439
622268,2024,R,0.289067991234548,0.07813160445368336,0.20450106390680947,0.00883492700115864,0.708532405880642
664774,2024,R,0.34792365530053065,0.13172811018124564,0.19043189241191535,0.009404686520632696,0.6684353102731322
573262,2024,R,0.33768787516602966,0.11128522768876552,0.24310556830879212,0.00959022147822488,0.6360189824015823
502671,2024,R,0.35302740842190383,0.09261281805269134,0.24592047299854877,0.013883322016712505,0.647583386816512
656305,2024,R,0.34550498368237137,0.10989170980266222,0.2574779349641273,0.01459587300370685,0.6180344830277487
572761,2024,R,0.36271456628082666,0.14422017163704937,0.24960888709940138,0.010083251692096827,0.5960876893287752
680474,2024,R,0.28582346365281885,0.07311392370245502,0.26898164108008765,0.013255684560400025,0.6446487504182142
668832,2024,R,0.30832095810659416,0.09110936068525406,0.26281011648316605,0.00918395887389124,0.6368965637072819
687231,2024,R,0.28582346365281885,0.07311392370245502,0.26898164108008765,0.013255684560400025,0.6446487504182142
680869,2024,R,0.30275658918420245,0.0849743967027212,0.27558623609502164,0.013180579266976732,0.6262587878373783
664913,2024,R,0.3386077013898237,0.07738918809529259,0.24813257273174083,0.008909938963433933,0.6655683000289505
691016,2024,R,0.3027918840926848,0.07962129703355628,0.3153649181158746,0.008759755924137929,0.5962540285261737
667670,2024,R,0.3328283089291193,0.08776720073117084,0.31925094198534565,0.014186142577991856,0.5787957139312117
668709,2024,R,0.3111396112964917,0.1316606638253963,0.2461802077249385,0.009421489864288564,0.6127376392989338
669397,2024,R,0.27549363277967753,0.08563176206396737,0.18211513950574437,0.013223094928635031,0.7190300031173326
660844,2024,R,0.30832095810659416,0.09110936068525406,0.26281011648316605,0.00918395887389124,0.6368965637072819
645302,2024,R,0.2802158429354943,0.08122170215728085,0.23172674991737693,0.013334464028979413,0.6737170832876835
668942,2024,R,0.3173567270516216,0.11274609347004355,0.1994714838438478,0.008909790933451952,0.6788726316811148
641487,2024,R,0.32992140168820383,0.12366736846312286,0.1701691402826413,0.009294392730751555,0.6968690988616278
593871,2024,R,0.33630362545405734,0.09847332854306347,0.18610377314746898,0.009130108422566898,0.7062927899536372
663662,2024,R,0.2786205269369791,0.08333649969285001,0.2842996101044547,0.01336072897003713,0.6190031612070822
457759,2024,R,0.3494193190238137,0.0817904356413146,0.15531281552534965,0.013526814234309402,0.7493699343228961
670042,2024,R,0.33249543418837,0.08046918291274632,0.2687730973457253,0.008738821254982116,0.6420188978661237
668227,2024,R,0.3126506243994791,0.08713139072180116,0.23753579309010367,0.014229552717831846,0.6611032643539237
663728,2024,R,0.3315253183970499,0.08425811198555117,0.27186546255466004,0.0093307545968583,0.6345456711401279
677594,2024,R,0.33835954711495236,0.061813731118531105,0.2448876302518502,0.01271555976267278,0.6805830789269924
663527,2024,R,0.3102996704022612,0.09972986058152555,0.2155056511872364,0.014031188124584225,0.6707333000742417
694388,2024,R,0.30832095810659416,0.09110936068525406,0.26281011648316605,0.00918395887389124,0.6368965637072819
672642,2024,R,0.30832095810659416,0.09110936068525406,0.26281011648316605,0.00918395887389124,0.6368965637072819
680718,2024,R,0.30832095810659416,0.09110936068525406,0.26281011648316605,0.00918395887389124,0.6368965637072819
676914,2024,R,0.3006740212345968,0.13529399798649766,0.3643503875458778,0.015273856573203468,0.48508175759585276
676391,2024,R,0.29444878742207486,0.06469349311305309,0.11773944578672012,0.011344384199054147,0.8062226763816583
687462,2024,R,0.2937310126064538,0.07379313837252412,0.1934885541803108,0.008210737645945407,0.7245075699998385
682729,2024,R,0.30832095810659416,0.09110936068525406,0.26281011648316605,0.00918395887389124,0.6368965637072819
665489,2024,R,0.3730325695942135,0.06731952890858346,0.15892365311839243,0.012301752887630803,0.7614550649494237
623168,2024,R,0.2685047561279134,0.09354333718766489,0.16378205356989703,0.009234420224614445,0.7334401897512025
681393,2024,R,0.28582346365281885,0.07311392370245502,0.26898164108008765,0.013255684560400025,0.6446487504182142
669364,2024,R,0.28967029944999706,0.09936659240225887,0.1643279166807033,0.008373866109067181,0.7279316251394617
669394,2024,R,0.33715889540951677,0.05991737680506335,0.2865542262971329,0.012076591627625505,0.6414518046938202
663743,2024,R,0.31468274131925034,0.08220459558771438,0.16708004999996687,0.012083340042520194,0.7386320143176589
665052,2024,R,0.30832095810659416,0.09110936068525406,0.26281011648316605,0.00918395887389124,0.6368965637072819
672640,2024,R,0.32310500422610344,0.09698855857106378,0.16319933687463464,0.01327121362967531,0.7265408909469637
667472,2024,R,0.33495954730850513,0.08011429318118996,0.2710426406447983,0.013187883168720922,0.6356551827929025
660821,2024,R,0.33746473159693163,0.08088613515281536,0.25056922635029044,0.008765912868906265,0.6597787255300072
681146,2024,R,0.3035700200823133,0.11295626559477195,0.16885638087622143,0.014575337025587661,0.703612016501133
660766,2024,R,0.291711866860207,0.06895744918035455,0.22144886235226624,0.013702200154323831,0.6958914887179813
695578,2024,R,0.30832095810659416,0.09110936068525406,0.26281011648316605,0.00918395887389124,0.6368965637072819
671277,2024,R,0.32730953569566545,0.053345510279674345,0.14203129781678886,0.00706388461740647,0.7975593075245268
671117,2024,R,0.30832095810659416,0.09110936068525406,0.26281011648316605,0.00918395887389124,0.6368965637072819
696285,2024,R,0.2915481808430627,0.08472377158170037,0.1873872701537918,0.013254767855693855,0.714634190659042
686452,2024,R,0.3028187380692934,0.12243221914924136,0.2274257984481947,0.00931485674789928,0.6408271253106164
671083,2024,R,0.2872388163418334,0.11610446251958402,0.2419814669294505,0.013176856140301556,0.6287372144438153
656941,2024,R,0.37558285877234476,0.11056293478165097,0.27849086652642585,0.009658600071048077,0.6012875989630807
596117,2024,R,0.2591552439027355,0.11094933766660474,0.2556277761455333,0.009368522506832674,0.6240543635571874
624641,2024,R,0.2713788344757618,0.05046834057673094,0.23289089890155043,0.012913537246841475,0.7037272240917078
665019,2024,R,0.3164257531842562,0.0919803118376865,0.24750856940880245,0.009503959163350943,0.6510071595390863
669016,2024,R,0.3261668539797247,0.09316909776500468,0.2994631873550528,0.00945346323129798,0.5979142515932333
664761,2024,R,0.33966001066719737,0.06892491269782035,0.19476321199090404,0.01252200795781459,0.723789867642644
681082,2024,R,0.32650836332083755,0.08746220157740278,0.15254440864717816,0.00830716042618581,0.751686228975956
642215,2024,R,0.26952282534477534,0.13278504368216235,0.375217933926924,0.01504957850278346,0.4769474445283113
607208,2024,R,0.3302636077478847,0.07224172537586174,0.1956028636526606,0.012988125153231377,0.7191672860370398
686611,2024,R,0.28582346365281885,0.07311392370245502,0.26898164108008765,0.013255684560400025,0.6446487504182142
677588,2024,R,0.29090998220897063,0.13712611804097208,0.3137258923775107,0.009955705110140798,0.5391922846443257
683083,2024,R,0.30832095810659416,0.09110936068525406,0.26281011648316605,0.00918395887389124,0.6368965637072819
608336,2024,R,0.37894726294362807,0.11456917423734196,0.364000893446001,0.00993796707426181,0.511491964638329
592206,2024,R,0.32009278396975843,0.056716601282528346,0.24068869394800277,0.012591964537753712,0.6900027399069262
592518,2024,R,0.3703655790692205,0.06183460075227175,0.180139791252407,0.012286217495150905,0.7457393911179537
595777,2024,R,0.32197370786468804,0.10626692828473858,0.16459560829309988,0.009356109841891455,0.7197813543184278
593428,2024,R,0.3263895721367067,0.07328341541096464,0.1704736998568293,0.012616741475808433,0.7436261435514496
592626,2024,R,0.35910192360175747,0.0889325782439716,0.23885906605521046,0.009310079665953833,0.6628982766702469
521692,2024,R,0.3398363308980754,0.024286029462414975,0.20972608289835734,0.012030061799364177,0.753957825208857
624428,2024,R,0.329328715528281,0.08904316938620066,0.1271838163779628,0.008732762975992927,0.7750402502682494
641658,2024,R,0.2683791425718328,0.09321378982999588,0.2709784478515284,0.01393557739003308,0.6218721846209444
543257,2024,R,0.3232593941077598,0.13154031282457015,0.2186712762634612,0.009333113971435797,0.6404552976436382
657557,2024,R,0.30277860103512183,0.06956086634388906,0.2691561557995105,0.013881637392767609,0.6474013405709111
680118,2024,R,0.2889620153291765,0.08992753899113654,0.2710895919950407,0.013728743585452789,0.6252541258011993
663853,2024,R,0.2845406424866123,0.057571899184854065,0.3063870150144661,0.012414472152709811,0.6236266139557488
641933,2024,R,0.3287065688779238,0.08138526376896243,0.291034103416147,0.013808930693481275,0.6137717009144005
596115,2024,R,0.316903472697004,0.06967417797452707,0.2738177799567658,0.013732807019479588,0.6427752349314931
664040,2024,R,0.35155534541404354,0.08887747955209445,0.2592847240140943,0.00900516464120322,0.642832631721151
650490,2024,R,0.3679642908321469,0.1040973588547234,0.14916913110275715,0.01358352065199169,0.7331499884893194
670764,2024,R,0.30054206476884854,0.13600223337049855,0.22422331827957886,0.009419329091590635,0.6303551193492699
666163,2024,R,0.3057190719560511,0.1104537508821397,0.27872892461851745,0.00936170340540646,0.6014556212280111
643376,2024,R,0.33474117414515164,0.09522542284966606,0.1868885489029226,0.013582541757352715,0.7043034866690915
642350,2024,R,0.297015557967484,0.06400550193583653,0.31498771642109663,0.013401121122603984,0.6076056600933254
665804,2024,R,0.3033045994939523,0.09714423377561346,0.2699392625649886,0.013881220572049503,0.6190352832721453
621020,2024,R,0.3267982509089653,0.08295157086000582,0.23299420565219717,0.013443249859114942,0.670610973510894
669289,2024,R,0.3088045313073871,0.08054514920102585,0.1374627563977382,0.012611244961896315,0.7693808493166023
621550,2024,R,0.3222933081031058,0.09358181538993039,0.33570346663792777,0.014683294061528643,0.5560314242512654
641355,2024,R,0.34554352812632655,0.08285937768926611,0.21659947155869635,0.009399837318672968,0.6911413131028805
677587,2024,R,0.2512496985624871,0.06826012351795803,0.2627094757918721,0.00859070311339386,0.6604396972327835
678877,2024,R,0.28582346365281885,0.07311392370245502,0.26898164108008765,0.013255684560400025,0.6446487504182142
666310,2024,R,0.30774021788991035,0.10123474837065827,0.22187447190854606,0.009513113477762377,0.6673776663319974
518792,2024,R,0.33895664267902376,0.07540354771875739,0.15596019812637102,0.008356374692591047,0.7602798794826819
701305,2024,R,0.28582346365281885,0.07311392370245502,0.26898164108008765,0.013255684560400025,0.6446487504182142
572138,2024,R,0.30426597040688763,0.10245141043772561,0.2406352953626681,0.009179304232144614,0.6477339900480708
665926,2024,R,0.30146651284819137,0.06527020504845228,0.20605256122104404,0.008739433697539703,0.7199378012434458
657041,2024,R,0.3124037696216196,0.10267248366099486,0.22352230397658043,0.013931657784926657,0.6598735550571836
647304,2024,R,0.3598860680867621,0.055560416277950164,0.14090181164459684,0.007696148231465948,0.7958416230379477
608070,2024,R,0.34699119645491555,0.08449545207246652,0.12606607275098444,0.009033151974113236,0.780405321900293
605170,2024,R,0.330144011175796,0.09582475346790242,0.19803820551001813,0.008935140770962816,0.6972018997933855
663656,2024,R,0.39528516038234635,0.09044934723528184,0.14679590167232884,0.00839382301033294,0.7543609271008541
665161,2024,R,0.30605670569755616,0.06273245634623906,0.22160306203373734,0.012454459066940236,0.7032100232595176
700932,2024,R,0.30832095810659416,0.09110936068525406,0.26281011648316605,0.00918395887389124,0.6368965637072819
686823,2024,R,0.3100621445442395,0.0534257641406065,0.12809885656531697,0.007425250123292185,0.8110501298774824
666197,2024,R,0.2693603482689209,0.0961902003230432,0.29946365291392013,0.014082640806643898,0.5902635052924734
676694,2024,R,0.2912883509187982,0.09893219000029393,0.25606727583438027,0.013384624524251853,0.6316159088332336
643289,2024,R,0.3006657206920313,0.05355508774629778,0.1514816498001585,0.011735519370986639,0.7832277429981358
669257,2024,R,0.3490724152008483,0.10466882251898199,0.18785817875415411,0.014297974544437167,0.6931750238377915
666158,2024,R,0.3230860288786783,0.11154428914515548,0.21128419520739972,0.00900238018974841,0.6681691358627688
696100,2024,R,0.3024600709223736,0.06228397733570601,0.30576894040170727,0.011849058634790532,0.6200980234286502
595281,2024,R,0.29970262054067787,0.0713400151560783,0.20922517734948204,0.008294876134064827,0.711139931840979
628451,2024,R,0.30651448935760023,0.07118563285788165,0.1609359027064119,0.012966743151533488,0.7549117218081486
669234,2024,R,0.28582346365281885,0.07311392370245502,0.26898164108008765,0.013255684560400025,0.6446487504182142
693307,2024,R,0.28582346365281885,0.07311392370245502,0.26898164108008765,0.013255684560400025,0.6446487504182142
643217,2024,R,0.3390997390808941,0.08172021855449646,0.169730419730625,0.008699186882989825,0.7398501751880139
642020,2024,R,0.2743209438548492,0.05748353407999995,0.27207908653055685,0.012510204003260358,0.657927175815435
681351,2024,R,0.3173297418438476,0.07008554000409326,0.23183993049885912,0.012681572725904281,0.6853929565529179
608348,2024,R,0.305566223685592,0.09559803719919754,0.22759918143375818,0.014104333145004441,0.6626984479516542
680716,2024,R,0.23651453348218388,0.10029527902715556,0.35444535013948447,0.014731794655496976,0.530527576192874
666969,2024,R,0.3239732062989215,0.06142108029197793,0.2600344587953371,0.013107794732425246,0.6654366661995582
656555,2024,R,0.34737965771037516,0.10094969328300954,0.2426396481979882,0.014825141922105784,0.6415855158923899
642715,2024,R,0.30968305378626265,0.08419110023105164,0.2678125697497376,0.013915988828396831,0.6340803411782188
661388,2024,R,0.3188880551710136,0.08483786088546158,0.25248571322887475,0.013542989923548333,0.6491334349972429
680777,2024,R,0.30403903715032676,0.09006708070209217,0.30243449243675513,0.013639334667153002,0.5938590918830947
623993,2024,R,0.34495407168421244,0.06489343711254011,0.18748008262444332,0.008833976440192832,0.738792503368605
643396,2024,R,0.29769325432640914,0.07595387458133411,0.1538590528050074,0.013082068724606304,0.7571050045351915
518735,2024,R,0.33246136216465655,0.11659844649274631,0.25461516246517313,0.009384811712182034,0.6194015788093375
665862,2024,R,0.3257377164389717,0.0901245885574386,0.25025070834788526,0.009219899986493819,0.6504048030226783
519317,2024,R,0.35018880919460876,0.07512386292105952,0.30934357037430055,0.013633356887338868,0.6018992097938239
592450,2024,R,0.3929100311226688,0.09542706603309851,0.3169185760020691,0.013428495968763539,0.574225861834304
665742,2024,R,0.40209809837682997,0.14570820989850491,0.18118712117239827,0.009184640050672831,0.6639200291859828
665828,2024,R,0.29739738344593203,0.08693645176824771,0.2243777919487955,0.008981292968895278,0.6797044630785335
519203,2024,R,0.37266046846807965,0.0736814140933099,0.1750676084800995,0.008874695175324163,0.742376283239179
691026,2024,R,0.2849072152047067,0.10192623352258867,0.22236126082295088,0.014156996936070492,0.661555508349225
671218,2024,R,0.2946745826991477,0.0677939230544142,0.2899901261348126,0.01334995794276031,0.6288659931076073
672275,2024,R,0.31690208527373465,0.10317833210560161,0.24418256243689782,0.00907516005949634,0.6435639462996454
592192,2024,R,0.32203976834644493,0.10250985172731814,0.20313695361760215,0.0145786646775783,0.679774529727772
571745,2024,R,0.31826512798374873,0.08515271236205743,0.25811185221288246,0.013523480935050795,0.6432119545719416
669127,2024,R,0.2964469741730591,0.06983239468459614,0.303046701367922,0.013333263613309592,0.6137876411907784
671732,2024,R,0.3117855476056472,0.10000743551843796,0.263788319353105,0.009006624121954052,0.6271976211086782
805779,2024,R,0.28582346365281885,0.07311392370245502,0.26898164108008765,0.013255684560400025,0.6446487504182142
664238,2024,R,0.2952236649903874,0.12009499203190031,0.2910039649672773,0.014875185684145718,0.5740258579780781
672386,2024,R,0.3619648220965953,0.09954222498637744,0.1317211958769992,0.01380880502215965,0.75492777425762
664770,2024,R,0.32399941424669315,0.08858152687324655,0.21968042202008473,0.009076668899037745,0.6826613826446525
543807,2024,R,0.34720845831186037,0.09050356236501099,0.2051397948749661,0.013534221315297574,0.6908224210904218
640902,2024,R,0.28582346365281885,0.07311392370245502,0.26898164108008765,0.013255684560400025,0.6446487504182142
691594,2024,R,0.28582346365281885,0.07311392370245502,0.26898164108008765,0.013255684560400025,0.6446487504182142
592663,2024,R,0.32932295708413184,0.06652556435423145,0.20647959345486405,0.013363212054698814,0.7136316311335237
660688,2024,R,0.3242439897384487,0.056136687702898244,0.09894656065004827,0.007433386964029352,0.8374833646709374
677950,2024,R,0.30164111032900537,0.08008546242340965,0.20226241785876084,0.008649505234623779,0.7090026143007182
656976,2024,R,0.33883728935992674,0.10445659199758905,0.15620102999838936,0.008492799627736925,0.7308495776037686
543309,2024,R,0.31414057655959804,0.06886409133338103,0.25996832503798045,0.012146680092536966,0.6590209029043868
807799,2024,R,0.3499031319595785,0.08763297719534253,0.12307744377161901,0.008293249357585205,0.7809963297260241
666181,2024,R,0.3143239318991263,0.13548679206498468,0.29243135746635646,0.009593359669387107,0.5624884904214641
680757,2024,R,0.33398524536178364,0.1218367776658903,0.09064908698457556,0.008964342770269378,0.7785497926435261
682177,2024,R,0.30832095810659416,0.09110936068525406,0.26281011648316605,0.00918395887389124,0.6368965637072819
608324,2024,R,0.34270622347867197,0.10231981416062438,0.14275358291794596,0.013463458272759419,0.7414631441655685
514888,2024,R,0.31287769078996863,0.0636242439509291,0.13302145878933425,0.012197295362673787,0.7911570017109578
673237,2024,R,0.3333899741287357,0.03132294527003084,0.19394736205446256,0.011163021877955029,0.7635666709168549
663898,2024,R,0.31347868032962367,0.06878297862673496,0.2117984619198985,0.012544036422232356,0.7068745227094164
607732,2024,R,0.29778782679421023,0.09176214813047262,0.2102972661743182,0.013450131458317388,0.6844904548757258
686668,2024,R,0.26025926801922217,0.07274341506172223,0.33839471178526925,0.013349792458206914,0.5755120807761895
657757,2024,R,0.31975766488825974,0.07737772014183164,0.18329444974883188,0.00910629157542542,0.7302215389236487
670032,2024,R,0.29321895744394644,0.10548186394259877,0.1412677903571518,0.008553660547333539,0.7446966858384316
622110,2024,R,0.30603623099311733,0.07544243519811711,0.1781270078781439,0.012761235397056906,0.7336693215309422
608385,2024,R,0.35438254611767306,0.11274767790503493,0.17458164011841582,0.008811618775202076,0.7038590633076717
621439,2024,R,0.312681490294783,0.06409946551976761,0.27336604780268503,0.013329551814674838,0.6492049355088996
621043,2024,R,0.3460621046104966,0.08038978875701563,0.21025005247453168,0.012941349006815386,0.6964188095087165
650559,2024,R,0.3350989713182154,0.060423400806877955,0.20546416139637,0.012835746784003203,0.7212766913990386
457705,2024,R,0.34012291320760246,0.11469870669743697,0.21647483760962435,0.014427152440154932,0.6543993033469421
671056,2024,R,0.32716153473156506,0.12443947286962824,0.29534157604691635,0.015555412561562081,0.5646635387334414
571448,2024,R,0.3309657152451529,0.04989159734765316,0.15490793025658423,0.012423339287161566,0.7827771325273875
660644,2024,R,0.2919400167941522,0.09399754591029273,0.19468998056269424,0.008884269776662746,0.7024282041394
669065,2024,R,0.3336672029950314,0.06827304376771388,0.2594060142824486,0.008410353306783991,0.663910588110122
677870,2024,R,0.28582346365281885,0.07311392370245502,0.26898164108008765,0.013255684560400025,0.6446487504182142
669720,2024,R,0.308895654416313,0.06155170404164926,0.20108996852069008,0.012300521292557562,0.725057805953592
545121,2024,R,0.29191551156494544,0.08052535695944071,0.10362471488039281,0.007916704886651086,0.8079332235094561
656448,2024,R,0.3019743404544704,0.0773694454362189,0.29332305743788584,0.012979489119162772,0.6163280084270256
547180,2024,R,0.3943017310976116,0.09356411375419868,0.2227065495930367,0.009046301261177492,0.6746830353738579
666160,2024,R,0.283793641510987,0.04858676264571792,0.32621679531846826,0.008737297216044704,0.6164591449266227
687263,2024,R,0.31133711236234,0.08208607450009964,0.23723106081658865,0.01345923076197648,0.6672236334610111
687363,2024,R,0.30832095810659416,0.09110936068525406,0.26281011648316605,0.00918395887389124,0.6368965637072819
518692,2024,R,0.3856359536909093,0.07801433117634737,0.18070163743711962,0.008948866705937242,0.7323351651573518
650489,2024,R,0.28997852006803854,0.061674458734593214,0.25382817839516486,0.008974557943357723,0.6755228044627107
663616,2024,R,0.3343424882304324,0.10496380018823981,0.3187110495758701,0.009563533772485403,0.5667616162034398
656537,2024,R,0.2661326183031565,0.06852278335294326,0.2839290075647358,0.012336045936547869,0.6352121635217253
606992,2024,R,0.2899344042258791,0.06349029306148286,0.29491521465557496,0.013332984946104161,0.628261506925279
686217,2024,R,0.28903409012222636,0.12093478373816957,0.15800865572373546,0.009215529992489199,0.7118410301160849
694384,2024,R,0.3221733513939669,0.12175619917126519,0.1483997650190303,0.008895921201661114,0.7209481151429177
694362,2024,R,0.28582346365281885,0.07311392370245502,0.26898164108008765,0.013255684560400025,0.6446487504182142
694376,2024,R,0.28582346365281885,0.07311392370245502,0.26898164108008765,0.013255684560400025,0.6446487504182142
641598,2024,R,0.3387272839423521,0.11794082985700363,0.25860956123873297,0.014963880398049027,0.6084857284335751
500743,2024,R,0.30370553475567863,0.06367327523480193,0.13532413420344608,0.012499227073259083,0.788503363229828
679822,2024,R,0.28582346365281885,0.07311392370245502,0.26898164108008765,0.013255684560400025,0.6446487504182142
621028,2024,R,0.2981123355511705,0.06194112910995923,0.12406111871981394,0.0120588455459276,0.8019389066676541
605137,2024,R,0.35387247180068915,0.08561603340368118,0.19067197561482827,0.008720537487550424,0.7149914540105898
664702,2024,R,0.30761267732653735,0.12355926309211704,0.16296473213477816,0.01427694941648079,0.6991990565337141
642708,2024,R,0.29310167683631466,0.05007635136936592,0.18942197108261508,0.012362758313688065,0.7481389199645156
682657,2024,R,0.30832095810659416,0.09110936068525406,0.26281011648316605,0.00918395887389124,0.6368965637072819
669304,2024,R,0.3085470586289213,0.060927752324444216,0.18403033688952503,0.012747866071127264,0.7422940449539055
670242,2024,R,0.3566323683998807,0.11456848931613954,0.3316094383150795,0.00976762165605705,0.5440544506923571
679032,2024,R,0.25202581557363274,0.04232673607802547,0.24835383631903418,0.011881276362612747,0.6974381517369613
645444,2024,R,0.27045313532826415,0.12684548036056048,0.23272796000464047,0.009152781809874283,0.631273778089258
670156,2024,R,0.32178025451817494,0.1360697031574666,0.21131899912624505,0.00967312426927162,0.6429381740803309
702358,2024,R,0.28582346365281885,0.07311392370245502,0.26898164108008765,0.013255684560400025,0.6446487504182142
642133,2024,R,0.36238563069509605,0.07968879225326374,0.2182402800389732,0.0089816332376419,0.6930892943730383
670541,2024,R,0.4338871835124049,0.08994853304957834,0.20804997211794027,0.0090739899870213,0.6929275048210575
676116,2024,R,0.3431627140124875,0.15175668588110985,0.326407795930082,0.010218894331200311,0.511616624359238
595978,2024,R,0.2606858658157669,0.05481764742435521,0.27082188867101553,0.01296225706529364,0.6613982073954324
665782,2024,R,0.28582346365281885,0.07311392370245502,0.26898164108008765,0.013255684560400025,0.6446487504182142
669288,2024,R,0.2493997330331669,0.07494134324960848,0.3445810655067843,0.009525877556990725,0.570951713772694
670869,2024,R,0.2816707022636485,0.08910454843539116,0.21810009958116153,0.009214439673087564,0.6835809116296759
656582,2024,R,0.30523379465006373,0.11759259946639695,0.22741673689989247,0.014026131699071135,0.6409645319427824
663967,2024,R,0.25093803981115437,0.0646255240021516,0.2846765099940155,0.009419261807758995,0.6412787042693372
676439,2024,R,0.30832095810659416,0.09110936068525406,0.26281011648316605,0.00918395887389124,0.6368965637072819
670276,2024,R,0.28656512993762207,0.14754469216015495,0.22382005027806692,0.009537083227902978,0.6190981744972387
681807,2024,R,0.2855712967020949,0.056784817762423744,0.2356113703365395,0.01324312115313319,0.6943606909454747
691723,2024,R,0.28582346365281885,0.07311392370245502,0.26898164108008765,0.013255684560400025,0.6446487504182142
646240,2024,R,0.3814204344153206,0.0542489485525759,0.2010055617246942,0.0083844703447505,0.7363610193203621
665953,2024,R,0.28582346365281885,0.07311392370245502,0.26898164108008765,0.013255684560400025,0.6446487504182142
682928,2024,R,0.3073773319597395,0.05499443770512602,0.16560834578838243,0.008006296908849605,0.771390919210557
682617,2024,R,0.28211016846509435,0.11507920040770518,0.3339676895602117,0.013686270899958516,0.5372668387949735
665506,2024,R,0.27068601642243967,0.0720438727988064,0.2816433602097354,0.013001737901401115,0.6333110300399021
677956,2024,R,0.28582346365281885,0.07311392370245502,0.26898164108008765,0.013255684560400025,0.6446487504182142
593160,2024,R,0.30689900861685543,0.06318372704327327,0.16323968788801113,0.012556845397510726,0.7610197395193331
677941,2024,R,0.2389842015074954,0.049195841046025916,0.32232601300693836,0.011969302062523684,0.6165088433734122
641779,2024,R,0.3090580028416799,0.11500642193719417,0.27953588225785037,0.013883782621719288,0.5915739139348751
668853,2024,R,0.30832095810659416,0.09110936068525406,0.26281011648316605,0.00918395887389124,0.6368965637072819
673962,2024,R,0.3313815628543889,0.06690025761683789,0.2693844662788011,0.01188093323919229,0.6518343423801083
641645,2024,R,0.32753000032719276,0.1291300850799725,0.14381214231203482,0.009516500177044031,0.7175412726353874
649966,2024,R,0.3033658015690267,0.10728030822426206,0.2122109464636772,0.014627394776798038,0.6658813500524139
572191,2024,R,0.2876560632640283,0.0720269889887924,0.2840238002301087,0.013399959922896994,0.63054925023535
666182,2024,R,0.3643769060444028,0.05668441480168512,0.1841367269886367,0.012306402571393016,0.7468724558181725
594807,2024,R,0.31414387689154605,0.05873167894833873,0.2816589577267995,0.013025809903794525,0.6465835530755981
624415,2024,R,0.3310056709012524,0.1481915282481928,0.2434556655551523,0.009662684412059494,0.5986901218114363
667452,2024,R,0.30450585420863546,0.08300690891271895,0.21808114753608132,0.01371624925741347,0.6851956941287419
650391,2024,R,0.3423740526760756,0.053676550724805094,0.2228738621433135,0.011623944901804168,0.7118256421972546
661531,2024,R,0.24331010689051932,0.05696847545494867,0.25029016236595236,0.01342615649778347,0.6793152064350305
680728,2024,R,0.30832095810659416,0.09110936068525406,0.26281011648316605,0.00918395887389124,0.6368965637072819
695238,2024,R,0.30832095810659416,0.09110936068525406,0.26281011648316605,0.00918395887389124,0.6368965637072819
592325,2024,R,0.31783290759359106,0.09466207278565904,0.2330340202690034,0.0090565912594084,0.6632473164170654
605244,2024,R,0.252095026596142,0.05834367963116437,0.32020178096986385,0.013310277237421559,0.6081442628935882
662139,2024,R,0.3302246822463039,0.08820792494005483,0.2258999535334907,0.009544171233755528,0.6763479509768118
608701,2024,R,0.32119344416949025,0.1100324707781905,0.2221227092434904,0.01409112117227625,0.6537536994205912
669137,2024,R,0.28582346365281885,0.07311392370245502,0.26898164108008765,0.013255684560400025,0.6446487504182142
669326,2024,R,0.28582346365281885,0.07311392370245502,0.26898164108008765,0.013255684560400025,0.6446487504182142
682073,2024,R,0.29063684924967514,0.12741510784042964,0.3029891795813418,0.014764508108539064,0.5548312045588166
621466,2024,R,0.3252162650693238,0.10689103837770471,0.2739799044427787,0.009625623532991135,0.6095034337626704
663897,2024,R,0.25238021332352795,0.07499254098547675,0.25714865662265884,0.013578911970407703,0.6542798904100878
675961,2024,R,0.2567717688092992,0.07648428797502105,0.29495263191652416,0.013655183452448766,0.6149078967531371
665155,2024,R,0.31331406052959787,0.11678839534238479,0.25459207513109805,0.009763459570458601,0.6188560695447954
676801,2024,R,0.30524613681820123,0.09612424702700975,0.2694065473685074,0.014066778002273864,0.6204024276084525
671289,2024,R,0.303657397865461,0.07337314158313732,0.15310355646584828,0.013539979445317655,0.7599833217895374
668952,2024,R,0.2781805466359642,0.10297072674954252,0.2699290978792176,0.011716892347754302,0.615383283617648
656484,2024,R,0.3799452194104805,0.07153457256564519,0.23226669203993006,0.009325240146800268,0.6868734953711458
669200,2024,R,0.10316241703785879,0.06996012910902243,0.7814367465617893,0.015586093688529663,0.13301703060818776
669134,2024,R,0.31154783490808635,0.05675855374955895,0.1640555422018297,0.012335740877568594,0.7668501631744084
543685,2024,R,0.36465363942628976,0.10955244432981948,0.16205129077964112,0.014417599379042882,0.7139786654409065
666176,2024,R,0.2779798049420752,0.06959253119306444,0.33199721439992846,0.014451139163538608,0.5839591155055871
641856,2024,R,0.31531833606338266,0.10746650651876272,0.2493897100424989,0.009390955580490983,0.6337528274548935
678489,2024,R,0.30832095810659416,0.09110936068525406,0.26281011648316605,0.00918395887389124,0.6368965637072819
680779,2024,R,0.31288687841768453,0.08673551744905787,0.24191017361582456,0.013899842802736309,0.6574544666178451
643446,2024,R,0.34021332004358024,0.06817659963279381,0.1115949979776879,0.00800952148922913,0.8122188806161361
668752,2024,R,0.30832095810659416,0.09110936068525406,0.26281011648316605,0.00918395887389124,0.6368965637072819
608369,2024,R,0.39150702747837196,0.06943756905784781,0.17908499068335426,0.008026140261149542,0.7434512995445411
642086,2024,R,0.32195926133920516,0.06575881189494187,0.2051730726971022,0.008651058203931975,0.7204170569276255
596146,2024,R,0.36451621188550337,0.09265922251738692,0.16844669900478332,0.008378952041418941,0.7305151266602214
672701,2024,R,0.27014522055631945,0.04801930377465925,0.23480323313677798,0.008735710929349286,0.7084417518818132
645305,2024,R,0.23813594670318222,0.061440545261061755,0.3059101707401844,0.01158297484155362,0.6210663090931278
656577,2024,R,0.25752516529448033,0.05112233331920596,0.4518668945890089,0.013804871915006914,0.48320590032137894
686469,2024,R,0.3908849247638152,0.08122568599182742,0.11097322026228769,0.008055776172953838,0.7997453169848139
642731,2024,R,0.2878160298867467,0.06157982725834025,0.19577362273077195,0.012378851439673428,0.7302676978838167
666152,2024,R,0.284790670627146,0.12869571962635984,0.24520833476652334,0.009317602908500222,0.6167783430445681
595284,2024,R,0.2887005461991709,0.10156820796931278,0.3155147986621192,0.009674785934778149,0.5732422077147799
681460,2024,R,0.30832095810659416,0.09110936068525406,0.26281011648316605,0.00918395887389124,0.6368965637072819
518934,2024,R,0.34767277445609307,0.09591488361438182,0.16419276147286566,0.013416652548457036,0.7264757021376451
694355,2024,R,0.28582346365281885,0.07311392370245502,0.26898164108008765,0.013255684560400025,0.6446487504182142
678225,2024,R,0.3039105776039988,0.10660554490837636,0.22729308155212816,0.009295991284208249,0.6568053825932135
686527,2024,R,0.32761812643386207,0.04995670687819808,0.2007470842564399,0.008130760052559168,0.7411654489327459
575929,2024,R,0.3205183744009031,0.06957200182276198,0.2591944330951309,0.013622586519369567,0.6576109788578759
647351,2024,R,0.30941139919975197,0.08638071169065378,0.17550958824483703,0.008953893063217994,0.7291558063689034
609280,2024,R,0.30871874637771485,0.04436836494330132,0.15223166771278585,0.011955780904910372,0.791444187459628
542963,2024,R,0.2456677837848356,0.046473689841308674,0.2729380309334949,0.008432233968437279,0.6721560461310133
656413,2024,R,0.2911887142393431,0.09780067047672664,0.2881101738165109,0.013835959415855538,0.6002531966590615
595879,2024,R,0.3016114997096977,0.031254080335704544,0.26888501477843174,0.010801584644688925,0.6890593204825864
670224,2024,R,0.30832095810659416,0.09110936068525406,0.26281011648316605,0.00918395887389124,0.6368965637072819
669743,2024,R,0.30699998974631987,0.1275730872831642,0.19787333311996472,0.014952532774085413,0.6596010457248137
663550,2024,R,0.2402518301815992,0.052355881081249,0.41550062622346723,0.00920438559170142,0.5229391059790102
672724,2024,R,0.27288166821733095,0.08234540076184127,0.24696479656534054,0.01299096920812193,0.6576988330589206
669369,2024,R,0.2630898395342147,0.10915107569054022,0.30475683238577045,0.008892552401042595,0.5771995394645374
672012,2024,R,0.30832095810659416,0.09110936068525406,0.26281011648316605,0.00918395887389124,0.6368965637072819
669357,2024,R,0.35023333263457723,0.09417234621927816,0.312802066641408,0.009407440079262412,0.5836181470858615
600869,2024,R,0.3212501301427504,0.09321043688456851,0.22224241717853058,0.00940780075589479,0.6751393452919162
673490,2024,R,0.30107200513644194,0.11287070275430171,0.18822429507414293,0.014423445384515402,0.684481557436149
694175,2024,R,0.28582346365281885,0.07311392370245502,0.26898164108008765,0.013255684560400025,0.6446487504182142
663586,2024,R,0.3477598499927501,0.06759469471841395,0.25983943567554896,0.013273212057632452,0.6592926580466142
663905,2024,R,0.3041034382863259,0.061293978789187624,0.2414022449505569,0.008432884630796916,0.688870891433131
677942,2024,R,0.28582346365281885,0.07311392370245502,0.26898164108008765,0.013255684560400025,0.6446487504182142
663647,2024,R,0.32887860366533916,0.07759122997110253,0.20169691037521129,0.013613145388860328,0.7070987147225863
676632,2024,R,0.29359527035777405,0.09608128052610859,0.2619640597057803,0.009251998770888926,0.6327026605940314
668731,2024,R,0.29472882590207633,0.10761874654399874,0.24471601411832805,0.009266508405694342,0.638398730898306
641432,2024,R,0.33642768778630416,0.0748997088765195,0.13035649277165962,0.008344837561987502,0.7863989609570633
678554,2024,R,0.2782724971360917,0.07787990988359146,0.21656180550119145,0.013004637205246137,0.6925536472839101
656180,2024,R,0.3028350933548765,0.084424105294304,0.30759834512138157,0.014167835012656773,0.593809713951162
592178,2024,R,0.3283518453960425,0.081105896349338,0.23798365918473405,0.013175234085896506,0.6677352108359073
543063,2024,R,0.3196903918282494,0.07621768454835806,0.2162828711976087,0.008637912509770699,0.6988615319272357
665966,2024,R,0.28582346365281885,0.07311392370245502,0.26898164108008765,0.013255684560400025,0.6446487504182142
668723,2024,R,0.2630369913737869,0.050426999608346006,0.2150178904307392,0.01183485617629443,0.7227202538519409
623912,2024,R,0.3098064604306019,0.0371041994171728,0.16834957411506135,0.011860016514866775,0.7826862100578228
656883,2024,R,0.35970949646058376,0.04841700773144833,0.127503056079858,0.01285331838352088,0.8112266181301651
592696,2024,R,0.3129471431566616,0.04201379204020619,0.17979095859631816,0.00748765792635436,0.7707075911809538
687799,2024,R,0.31151238562899736,0.1270324113259318,0.29018746057316597,0.009833879933900674,0.5729462479098553
669222,2024,R,0.3030093491182225,0.08401924804335104,0.20903416713927916,0.012978784416422777,0.6939678002361116
613564,2024,R,0.28387308074713946,0.09292922053765494,0.30238516530160175,0.009453316599274314,0.5952322973870879
624503,2024,R,0.324644960780721,0.04957601151925577,0.21548139773578026,0.008456342258493645,0.7264862475667262
650859,2024,R,0.2963814116819629,0.084044066302205,0.189200561681815,0.008726435452603161,0.718028937178974
657088,2024,R,0.33959616791672786,0.15542681477135462,0.18773981523366584,0.010243142744930343,0.6465902271987896
687066,2024,R,0.28582346365281885,0.07311392370245502,0.26898164108008765,0.013255684560400025,0.6446487504182142
805373,2024,R,0.28582346365281885,0.07311392370245502,0.26898164108008765,0.013255684560400025,0.6446487504182142
695391,2024,R,0.28582346365281885,0.07311392370245502,0.26898164108008765,0.013255684560400025,0.6446487504182142
642197,2024,R,0.28582346365281885,0.07311392370245502,0.26898164108008765,0.013255684560400025,0.6446487504182142
669261,2024,R,0.3429190260649989,0.12938567995622843,0.2866567533634966,0.009910817015533287,0.5740467502143223
682988,2024,R,0.28582346365281885,0.07311392370245502,0.26898164108008765,0.013255684560400025,0.6446487504182142
623520,2024,R,0.31305628682956504,0.07245844347197435,0.2827055742183593,0.01387020894666168,0.6309657730936715
681584,2024,R,0.2941353778320131,0.11193198879165035,0.3074825925888821,0.014557374743592776,0.566028042923174
642851,2024,R,0.2720818868829309,0.07929795567732248,0.2296539477633127,0.013902489574012427,0.6771456074122647
679845,2024,R,0.3053611509928756,0.07747592180341474,0.16199475869525798,0.011724726220248026,0.7488045930699644
668800,2024,R,0.2728643347904346,0.06803321402381478,0.23740766889325324,0.01263411184358842,0.6819250057032442
670097,2024,R,0.28449207904221857,0.11946738395622362,0.25691340088383996,0.014839000877560151,0.6087802142770514
621512,2024,R,0.2638938318344476,0.042117803248416144,0.27606872212006595,0.011856596067760327,0.6699568789081062
624512,2024,R,0.29289285663275644,0.07578250532301227,0.19514683051063775,0.008254766117741931,0.7208158987463211
671221,2024,R,0.2996602288383329,0.09249751232147954,0.3112531013421526,0.009698255755048846,0.5865511309273808
592885,2024,R,0.36685508022133967,0.10673210692968763,0.21703667847504826,0.00911520119571323,0.6671160138507553
622761,2024,R,0.29395907383229586,0.06598885657318647,0.2473736993842022,0.012337517509667618,0.674299926488501
649557,2024,R,0.3195268108661099,0.05743865627097238,0.15151903408806242,0.012247560227669981,0.7787947486923501
660636,2024,R,0.2885087135166748,0.07472418717706526,0.2240651162807118,0.012327814778239177,0.6888828821446294
663330,2024,R,0.31024553801194815,0.1211883481327232,0.2535834536052793,0.014338373346382128,0.6108898246675186
669374,2024,R,0.29982667008424163,0.07546184108188332,0.37054231293417145,0.01451775309692283,0.5394780929734813
656248,2024,R,0.3153242840946558,0.1120899253187816,0.2883736543935345,0.014240884948515914,0.585295535685301
455117,2024,R,0.2783834247318331,0.07902066237204919,0.27768772392900787,0.013743651782071287,0.6295479617682702
527038,2024,R,0.3164552786481806,0.07782029864524863,0.14364970880971906,0.01319650897658503,0.7653334836784845
672744,2024,R,0.2518242038777398,0.05402986433177883,0.3837366062369973,0.013700215430438692,0.5485333142417583
664901,2024,R,0.28088075028521925,0.10159410284469987,0.23388306265362774,0.014514778722976967,0.6500080556799621
665561,2024,R,0.24119305336703747,0.060558391606669995,0.2035067814458556,0.008136032778253975,0.7277987945733755
664954,2024,R,0.30184673742881796,0.08025252769875221,0.1988415822156066,0.008272373849315225,0.7126335152463034
621458,2024,R,0.32015787746681046,0.08013185910052088,0.32417874300389243,0.009385036210116084,0.5863043621793692
681962,2024,R,0.2517462103586418,0.09665646617872103,0.24951573058735943,0.014550881364186792,0.6392769220090521
621311,2024,R,0.29304332034506614,0.051058367179442815,0.26851824330076657,0.008298918542502053,0.6721244713113868
605361,2024,R,0.3170017490473129,0.11832736553107831,0.20143356848119237,0.009164638925336964,0.6710744269082859
672356,2024,R,0.28970514279286164,0.07887410927790026,0.3228635571888705,0.013087992102661773,0.5851743410791589
593934,2024,R,0.34262778176326864,0.09672399838621765,0.3447733387360137,0.01455301076468797,0.5439496522008193
669208,2024,R,0.28582346365281885,0.07311392370245502,0.26898164108008765,0.013255684560400025,0.6446487504182142
608841,2024,R,0.3254481935269141,0.06486762322580987,0.20236784446102002,0.012980322893948416,0.7197842098545115
658668,2024,R,0.29412154742847013,0.06940637489013601,0.1790260567174381,0.012852816380491008,0.7387147512058639
680769,2024,R,0.30832095810659416,0.09110936068525406,0.26281011648316605,0.00918395887389124,0.6368965637072819
666703,2024,R,0.2602465255608073,0.09805018340668956,0.276351299094785,0.014521109081132704,0.6110774085697601
571466,2024,R,0.29221244364886484,0.08695518319870349,0.21963084070684288,0.008904662124201119,0.684509313909648
673995,2024,R,0.28582346365281885,0.07311392370245502,0.26898164108008765,0.013255684560400025,0.6446487504182142
641313,2024,R,0.28639931519269646,0.04075616235331881,0.23377515161324666,0.012740098217144042,0.7127285881744841
660707,2024,R,0.26128040847794093,0.053621134402858886,0.33484684816470756,0.013126095332155413,0.5984059223460357
605204,2024,R,0.3274834384258993,0.09300679694143772,0.2667742421348681,0.013826321172863146,0.6263926395329051
682119,2024,R,0.28582346365281885,0.07311392370245502,0.26898164108008765,0.013255684560400025,0.6446487504182142
641511,2024,R,0.2619474606090745,0.08158149476678576,0.2690928890732624,0.013454537284145212,0.6358710790395029
671286,2024,R,0.28582346365281885,0.07311392370245502,0.26898164108008765,0.013255684560400025,0.6446487504182142
676701,2024,R,0.2712547405235909,0.06362391213863139,0.23320060411899612,0.012035021045272659,0.6911404624140683
670092,2024,R,0.30832095810659416,0.09110936068525406,0.26281011648316605,0.00918395887389124,0.6368965637072819
676369,2024,R,0.3029488509331836,0.09021574957335406,0.303248832091034,0.013118667814477819,0.5934167506388613
640492,2024,R,0.2885959082582391,0.056278071881086654,0.22474936587819103,0.012493551531149503,0.7064790108848534
682619,2024,R,0.28582346365281885,0.07311392370245502,0.26898164108008765,0.013255684560400025,0.6446487504182142
693049,2024,R,0.31400108590295683,0.05699640405076503,0.26150634173950515,0.008787447598625868,0.672709806885032
669450,2024,R,0.29932993764890375,0.1264966663740097,0.2658380824783849,0.00936682612044276,0.5982984245578229
691182,2024,R,0.30832095810659416,0.09110936068525406,0.26281011648316605,0.00918395887389124,0.6368965637072819
674441,2024,R,0.30832095810659416,0.09110936068525406,0.26281011648316605,0.00918395887389124,0.6368965637072819
675659,2024,R,0.30832095810659416,0.09110936068525406,0.26281011648316605,0.00918395887389124,0.6368965637072819
669087,2024,R,0.28349176850583835,0.06898605144172126,0.3683259105042287,0.011957298770261686,0.5507307396873703
666915,2024,R,0.31089309708809465,0.0761803426851643,0.3345266030571819,0.013373797738379965,0.5759192569993302
679881,2024,R,0.2696143170612146,0.09520628341229641,0.2842899931192203,0.00968552274293866,0.6108182006432986
657061,2024,R,0.27335985913787064,0.08941783542174896,0.24399165667185452,0.008862312842598556,0.6577281953781234
543228,2024,R,0.3015760985399406,0.05392543916023915,0.21969790569197217,0.012882768820850118,0.7134938863590142
686554,2024,R,0.30832095810659416,0.09110936068525406,0.26281011648316605,0.00918395887389124,0.6368965637072819
596129,2024,R,0.3474568947720054,0.13408106313917278,0.2292551346309325,0.009936768706392499,0.6267270325593535
547989,2024,R,0.34867287881777986,0.04390238099862515,0.212199909606664,0.013408154826938436,0.7304895547160066
666135,2024,R,0.32716316570941517,0.07004640716142886,0.21414015100398837,0.008892546935841131,0.7069208940729567
643265,2024,R,0.3399950596709512,0.07769441547939639,0.2445734936383588,0.013051255783206922,0.6646808350069516
683146,2024,R,0.34496912653543105,0.09262304425022734,0.24451769122046674,0.00904406336989831,0.6538152007710377
605119,2024,R,0.31335158966553217,0.08630226035071822,0.24603131046835477,0.01355593071931182,0.6541104981104064
677347,2024,R,0.27847075382474545,0.10486864238951626,0.35220424941156325,0.014444349071646073,0.5284827589254512
667428,2024,R,0.28582346365281885,0.07311392370245502,0.26898164108008765,0.013255684560400025,0.6446487504182142
621545,2024,R,0.22341069580268208,0.08072173306824963,0.2969759961375886,0.013942221383418291,0.6083600493591259
664874,2024,R,0.25721561092471923,0.07836620605010379,0.3667110050747974,0.014302531001910153,0.5406202577766437
663611,2024,R,0.30344989245885007,0.07861973166968413,0.09400159824700052,0.013200290522556737,0.8141783791560944
553882,2024,R,0.31132573329806057,0.09690560965740563,0.19035549461176204,0.00921220179613451,0.7035266937673569
645801,2024,R,0.3365199312330674,0.11423967605350609,0.22374048945916142,0.009081679795195953,0.6529381548171758
680911,2024,R,0.29579382205315374,0.07014635730055827,0.19482189747836726,0.012901826559418099,0.7221299191316871
664314,2024,R,0.2728410625921216,0.11579549306454558,0.31612835936444605,0.009496862386197503,0.5585792850339649
694497,2024,R,0.32846882369183406,0.14813871757902652,0.28126687054252664,0.009600749477583801,0.5609936627156913
663630,2024,R,0.285005065711038,0.10803135266758065,0.31885154142785344,0.01408316627755945,0.5590339392892036
660670,2024,R,0.39131609010999213,0.08677331948077836,0.21859926886180384,0.013936002142333754,0.6806914092296862
644433,2024,R,0.2346259797983503,0.05467202462480171,0.2901823102119606,0.011902750750339225,0.6432429149528476
665923,2024,R,0.2555236676258554,0.07766461234716782,0.21506106788976842,0.013365469651234323,0.6939088500820084
666165,2024,R,0.3046430990640576,0.09738334688353698,0.3126861884165268,0.008935162761651596,0.5809953017594778
668843,2024,R,0.300668933119751,0.11733557648816922,0.2194218343770391,0.00922183553611342,0.6540207531254503
669699,2024,R,0.17802864195016,0.05256413223273065,0.38088956507930605,0.008512719266982015,0.5580335831751884
676896,2024,R,0.28582346365281885,0.07311392370245502,0.26898164108008765,0.013255684560400025,0.6446487504182142
542364,2024,R,0.31531940340995,0.09924028013453774,0.17654090129319142,0.009093949883154383,0.7151248685311442
621563,2024,R,0.31737753661757034,0.06260633414131468,0.15962424761766802,0.007767511568383645,0.77000190635147
664059,2024,R,0.28923587619246643,0.1135939534942514,0.24891283807637124,0.009184134211748705,0.6283090740804159
592348,2024,R,0.3047057110641667,0.08741106163619167,0.3010665846606892,0.009526114621515038,0.6019962393518643
808982,2024,R,0.30832095810659416,0.09110936068525406,0.26281011648316605,0.00918395887389124,0.6368965637072819
687952,2024,R,0.3501766127009743,0.060644202691151276,0.2713942482831366,0.01318693168154085,0.654774617350306
501303,2024,R,0.30677228745836865,0.10363753192060213,0.19228332344284332,0.009064128842937188,0.6950150156684056
670223,2024,R,0.33962298489499515,0.08861941640344084,0.2717153012803734,0.0090748186631444,0.6305904639038524
608596,2024,R,0.2913816446797497,0.07829325568360859,0.3344016208289757,0.01399848527013144,0.5733066381083725
686894,2024,R,0.28327254190031564,0.09636581269429087,0.27565143014356264,0.013837546254992944,0.6141452110471376
688363,2024,R,0.30832095810659416,0.09110936068525406,0.26281011648316605,0.00918395887389124,0.6368965637072819
545361,2024,R,0.4010843051343673,0.10484698434904198,0.23683299459817528,0.01493759449076252,0.6433824263539604
650907,2024,R,0.2942102281452642,0.060567806005485794,0.3030788560907564,0.013660878726890223,0.6226924593886534
543305,2024,R,0.31842197873275785,0.11701950046213777,0.2106981073151265,0.009270109602005656,0.6630122825698749
622569,2024,R,0.30721566235091863,0.08731444760401148,0.1676207785525751,0.013978879852058186,0.7310858938245604
666211,2024,R,0.27617617050921434,0.11208447964156137,0.32529527528780977,0.009495361421685491,0.5531248833729734
664058,2024,R,0.2939352260156481,0.08647679320834781,0.10530757394158206,0.012059790021961243,0.7961558428987222
669352,2024,R,0.22998228528220382,0.06772396286716535,0.25980632450069974,0.012155007710932753,0.6603147048636561
541645,2024,R,0.31771383832450223,0.044346898395547264,0.25003095872075526,0.011795402337069596,0.6938267408927956
665856,2024,R,0.28582346365281885,0.07311392370245502,0.26898164108008765,0.013255684560400025,0.6446487504182142
607054,2024,R,0.3112923944467382,0.12443119250289066,0.22333742715150853,0.009420148287501795,0.6428112315508167
676946,2024,R,0.25658035430021453,0.09235792982558107,0.26240473204963327,0.013505990609021364,0.6317313476608948
675915,2024,R,0.28582346365281885,0.07311392370245502,0.26898164108008765,0.013255684560400025,0.6446487504182142
665120,2024,R,0.3367151850028032,0.08631999345666319,0.24058447358719492,0.008928479022998644,0.6641670545563532
643393,2024,R,0.30134428954638415,0.11089807134659663,0.14834171633073107,0.008611863676820278,0.7321483489930628
660162,2024,R,0.32836083048652015,0.10807911671231904,0.2746096879927959,0.009559337955626562,0.6077518569481443
669392,2024,R,0.25901311667351384,0.08025954797938453,0.3121425688487005,0.014474676061631865,0.5931232073336866
