batter,embedding_index,n_pitches,swing_rate,stand,whiff_rate,contact_rate,chase_rate,zone_swing_rate,ev_mean,ev_p90,la_mean,bat_speed_mean,pull_rate,woba_level,prior_pa_L,prior_pa_R,n_pa_L,n_pa_R,log_prior_pa,stratum,obs_platoon_diff,name,stand_names,pc1,pc2,pc3,pc4,pc5,tsne1,tsne2
116338,1,2080,0.5326923076923077,R,0.2148014440433213,0.7851985559566786,0.3390970220941403,0.726660250240616,88.475,103.3,10.803398058252426,,0.4203980099502487,0.3040441696113074,171.0,395.0,171.0,395.0,6.340359303727752,medium,0.0085593160115478,Torii Hunter,R,-0.6251507012870264,0.12122563078555308,-0.44886898510783685,-1.0488770138081276,0.37144727347663364,-15.142494,10.479403
120074,2,4940,0.441497975708502,L,0.1994497936726272,0.8005502063273727,0.2665070133424563,0.6950917203767972,93.09636776390464,107.3,16.33144154370034,,0.507531865585168,0.3991414392059553,336.0,873.0,336.0,873.0,7.098375638590786,medium,0.0912228665521191,David Ortiz,L,0.7829425674471813,-0.40640621984012604,0.9483748365719066,-0.3420605650878601,-0.3888682657823139,2.6244361,-13.389189
121347,3,3412,0.4533997655334115,R,0.2895927601809954,0.7104072398190046,0.2678279804028307,0.6698412698412698,90.869926199262,106.3,11.723247232472325,,0.4476614699331848,0.3318333333333333,271.0,587.0,271.0,587.0,6.755768921984255,medium,0.033937520823249,Alex Rodriguez,R,0.06864099201031748,-0.8139673350736115,0.08234437982356956,-0.2102414432891132,0.37818880794555115,-5.258071,-5.762097
133380,4,1809,0.5301271420674406,R,0.1657977059436913,0.8342022940563086,0.3469601677148847,0.7345029239766082,87.37037037037037,102.02,15.782716049382715,,0.4059405940594059,0.3087115009746589,121.0,392.0,121.0,392.0,6.2422232654551655,medium,-0.016429709900489,Aramis Ramírez,R,-0.032134823294923676,0.5028335384324077,0.28269839950675,-0.7785995734564077,-0.10062999990125117,-2.9279456,1.3164889
134181,5,8202,0.4740307242136064,R,0.1687242798353909,0.831275720164609,0.3256838201205377,0.6386316872427984,89.02463768115942,103.2,13.38707729468599,,0.4115815691158156,0.3536983451536643,586.0,1529.0,586.0,1529.0,7.65728279297819,high,0.0457413587590988,Adrian Beltré,R,0.5447364461707878,1.3205646533226572,0.9112443338087296,-0.5787035341037974,-0.5307122490833349,8.459501,8.655148
136860,6,6170,0.4628849270664505,L,0.1740196078431373,0.8259803921568627,0.2993781462836837,0.6605800214822771,89.40817506193228,104.1,13.786127167630058,,0.5068744271310724,0.3310357142857142,441.0,1183.0,441.0,1183.0,7.393263094763838,medium,0.0112087107032162,Carlos Beltrán,L,0.822632111240183,0.6101106282735927,0.8237381056181714,-0.19996980060854258,-0.8523136612721197,9.340701,7.240746
150029,7,5641,0.3816699166814394,R,0.2006502554575011,0.7993497445424989,0.2227470930232558,0.5330564209068882,90.20578817733993,105.49,14.963054187192116,,0.4166666666666667,0.3155825471698113,280.0,992.0,280.0,992.0,7.149131598557407,medium,0.0870464861751151,Jayson Werth,R,-0.0679097877555768,0.26537779962273994,0.20542557969499625,0.013588142784266344,0.1750265892514949,11.459892,13.468893
150212,8,1522,0.5137976346911958,R,0.2212276214833759,0.7787723785166241,0.3506666666666667,0.6722797927461139,87.45338078291816,103.1,7.740213523131673,,0.3905109489051095,0.306375,112.0,296.0,112.0,296.0,6.013715156042802,low,0.0141529922779922,Michael Cuddyer,R,0.785268335092258,0.7457747340180352,-0.09096592483119996,-0.10911149481963764,-0.20498125558486519,-1.4790686,6.781892
150229,9,2261,0.5612560813799203,L,0.1457840819542947,0.8542159180457053,0.4031496062992126,0.763874873864783,86.17530017152659,101.4,9.353344768439108,,0.457092819614711,0.2967052023121387,128.0,564.0,128.0,564.0,6.541029999189903,medium,0.0730444370567375,A. J. Pierzynski,L,0.6969796125812954,1.8206544073234785,-0.13287059250773686,-0.18455286128675327,-0.7318844400350184,-3.5264337,13.389784
217100,10,240,0.525,R,0.1825396825396825,0.8174603174603174,0.3442622950819672,0.711864406779661,86.66603773584906,97.82,12.62264150943396,,0.4181818181818181,0.1688611111111111,41.0,31.0,41.0,31.0,4.290459441148391,low,0.0969079464988198,Willie Bloomquist,R,-0.4530044941627109,0.3013947917338045,-0.011952809656161719,0.49278789860946104,-0.6348750718799462,3.0937085,15.624147
276519,11,2783,0.4444843693855551,L,0.1754244139046079,0.824575586095392,0.2572214580467675,0.6493604213694507,85.44578544061302,98.8,15.195402298850574,,0.5532319391634981,0.2814038461538461,144.0,584.0,144.0,584.0,6.591673732008658,medium,-0.1110477549467275,Jimmy Rollins,L,-0.6309212394180609,-0.28288946953514754,1.2247897359286248,-0.3347797775996237,-0.8847627405937858,8.754266,11.815874
285078,12,674,0.5281899109792285,L,0.348314606741573,0.651685393258427,0.3831325301204819,0.7606177606177607,88.20833333333333,103.93,9.041666666666666,,0.6050420168067226,0.3144230769230769,59.0,123.0,59.0,123.0,5.209486152841421,low,0.0090275595976298,Josh Hamilton,L,1.4568719016913905,0.13769975383298805,0.30784628105338874,-0.24353919869668347,-0.740213900125799,17.527487,-11.303259
346874,13,2458,0.5203417412530512,R,0.2134480062548865,0.7865519937451134,0.3040488922841864,0.7667536988685814,88.49893162393163,104.83,10.457264957264956,,0.3493449781659388,0.2944003067484663,183.0,469.0,183.0,469.0,6.481577129276431,medium,0.0103675183799969,Juan Uribe,R,0.2535695869847674,0.012335746661528084,-0.5629899253416678,0.6438688693255231,0.037540936040594435,11.85113,-4.525532
400085,14,4059,0.43729982754373,L,0.1284507042253521,0.8715492957746479,0.2536413862380713,0.6141199226305609,82.93454987834549,97.2,5.081508515815085,,0.3828220858895705,0.27909537299339,227.0,832.0,227.0,832.0,6.966024187106113,medium,-0.0927059577261945,Ichiro Suzuki,L,-0.8631229920253112,1.3141505208853859,0.28873191827661987,0.22066882119003578,0.7008237636744278,-4.4084115,16.131462
400121,15,7761,0.4741657002963536,L,0.1404891304347826,0.8595108695652174,0.3014064015518913,0.6700577398955183,88.5901875,101.4,14.5375,,0.4766600920447074,0.3078272952853598,493.0,1522.0,493.0,1522.0,7.60887062919126,high,-0.0227352168199737,Víctor Martínez,L,-0.49763172268537065,0.6737489423306724,0.9981760518188164,-0.2673280806138462,-0.9593415526480306,-3.1550572,5.504825
400284,16,5906,0.3958686081950558,L,0.1479897348160821,0.8520102651839179,0.2112914131169709,0.5810719131614654,87.74225746268657,100.9,12.72108208955224,,0.5019493177387915,0.2975523370638578,257.0,1262.0,257.0,1262.0,7.326465613840322,medium,0.0729912374280833,Chase Utley,L,0.47319699616714667,0.6609018604294066,1.2479493319770198,-0.04597281782222337,0.3793834653014171,2.1778927,-6.159282
405395,17,14459,0.4663531364548032,R,0.1706955361115231,0.8293044638884769,0.3172975814931651,0.6318785578747628,90.0007402422611,105.1,13.513286242852338,,0.4898590580955655,0.3166066312997347,1109.0,2661.0,1109.0,2661.0,8.235095497258357,high,0.0304370334074425,Albert Pujols,R,0.6491875661952307,1.1078572670399072,0.668654282047864,-1.5457910119384155,0.47464358676579216,-19.91231,3.9138572
407781,18,2467,0.5962707742197001,R,0.292318150917743,0.707681849082257,0.4159090909090909,0.8038360941586749,86.45397196261683,102.66,13.032710280373832,,0.417607223476298,0.3189776119402985,181.0,489.0,181.0,489.0,6.508769136971682,medium,0.0565774666983018,Marlon Byrd,R,-0.343202121734142,-0.5356000110114161,-0.5642624744223674,-0.47643093983175744,-0.7520342691475024,-13.606911,-3.0023656
407812,19,4624,0.4684256055363321,R,0.229455216989843,0.7705447830101569,0.274079874706343,0.7082125603864734,91.31080050825922,108.04,9.7712833545108,,0.3588390501319261,0.3358587047939445,342.0,847.0,342.0,847.0,7.081708586105575,medium,0.0207296270980481,Matt Holliday,R,0.15119012410417554,-0.2487612672718935,-1.4695294874288438,-0.010370581722162394,1.4585758841071166,-9.470986,3.7622125
407862,20,84,0.5357142857142857,R,0.0888888888888889,0.9111111111111112,0.3421052631578947,0.6956521739130435,88.675,101.75,16.5,,0.1875,0.2290833333333333,6.0,18.0,6.0,18.0,3.218875824868201,low,-0.0263333333333333,Reed Johnson,R,-0.24418822976945548,0.2716839245409482,0.2602121102938542,0.19147233557874418,-0.05276939533249423,3.9787261,9.945366
407893,21,3593,0.4269412747008071,L,0.2073011734028683,0.7926988265971316,0.2371663244353182,0.6516717325227963,89.00256410256411,103.6,14.294017094017097,,0.574757281553398,0.335097424412094,277.0,616.0,277.0,616.0,6.795705775173514,medium,0.0134028845703033,Mark Teixeira,L,0.7522359932739205,0.05150643514965214,1.0465562766492909,-0.5306402120069168,-0.6134729674705901,7.498557,-5.2153955
408042,22,4,0.5,R,0.0,1.0,0.5,0.5,64.75,77.42999999999999,42.5,,0.0,0.0,0.0,2.0,0.0,2.0,1.0986122886681098,low,,Gerald Laird,R,0.034051853874479406,0.0014190700968072527,0.04875134787144725,-0.014884058738333072,-0.041250922958471166,0.48735777,0.4288152
408045,23,9926,0.3698367922627443,L,0.135930264233179,0.864069735766821,0.2144424496309595,0.5283940565845715,90.24958920187792,102.9,4.715962441314554,,0.3644578313253012,0.326108085106383,622.0,1728.0,622.0,1728.0,7.762596048540069,high,0.0166807044182445,Joe Mauer,L,0.17454178524549235,0.6220841688308995,0.10646144797763306,0.47566608889982687,2.3731231617261064,-2.313853,11.225677
408047,24,1473,0.539714867617108,L,0.2088050314465408,0.7911949685534592,0.3602409638554217,0.7713841368584758,89.51597222222222,103.75,9.54861111111111,,0.425531914893617,0.3299571788413098,77.0,320.0,77.0,320.0,5.986452005284438,low,-0.0226260551948051,Justin Morneau,L,0.6220747861691048,0.9252571979039766,-1.1271856236967057,-0.7493849030270259,0.3078540800197311,-11.520193,12.587895
408234,25,15093,0.4863181607367653,R,0.2286103542234332,0.7713896457765668,0.3015479876160991,0.6989170703904246,91.71941818181818,106.5,10.491272727272728,66.68419354838709,0.3649253731343284,0.3366611633223266,925.0,3012.0,925.0,3012.0,8.278428259199071,high,0.0395754965722695,Miguel Cabrera,R,-0.0691935612393257,0.022615872174502904,-0.7990801563630182,0.545467296253227,-0.13460500585817275,16.895433,-0.3991606
408236,26,6430,0.4959564541213064,L,0.2088428974600188,0.7911571025399812,0.3152831225948323,0.7313753581661891,88.34987834549878,102.3,12.211678832116789,,0.4447215295095594,0.3280023668639053,434.0,1256.0,434.0,1256.0,7.43307534889858,medium,0.0545720192843934,Adrián González,L,0.5542206750385672,0.46410507368373527,0.14796816737326857,-0.10152722247291564,0.4499254400409597,-2.7587497,11.008238
408242,27,58,0.4827586206896552,R,0.3214285714285714,0.6785714285714286,0.3823529411764705,0.625,75.7375,92.13,-1.125,,0.6666666666666666,0.1965714285714286,4.0,10.0,4.0,10.0,2.70805020110221,low,-0.2752,Wil Nieves,R,0.12310329328276312,0.17684675097431254,0.02281067734541976,-0.2868529087935257,-0.025475224503790705,-1.9738497,2.6334412
408252,28,6434,0.5582841156356855,R,0.1831848552338529,0.816815144766147,0.3831497469484966,0.7495934959349594,85.70026755852842,100.56000000000002,9.6561872909699,,0.3454172366621067,0.3141810722100656,425.0,1403.0,425.0,1403.0,7.511524648390866,medium,-0.0242556790071695,Brandon Phillips,R,-1.2578862752960465,1.0471047731693088,-0.04114755669689037,0.3315778528067407,-0.03287509402112132,-1.4479713,17.229862
408299,29,2065,0.4736077481840193,R,0.2024539877300614,0.7975460122699386,0.3376237623762376,0.6037914691943128,84.54851063829788,98.8,14.108510638297872,,0.4340425531914894,0.2431766666666666,164.0,436.0,164.0,436.0,6.398594934535208,medium,0.0041034907138062,Omar Infante,R,-0.10070221335250217,1.0092516025737177,1.3640858390055588,0.7367624308813581,-0.7819691426972343,5.9102697,13.221214
408307,30,996,0.5190763052208835,L,0.2030947775628626,0.7969052224371374,0.3481481481481481,0.7214912280701754,88.64320388349515,103.1,6.766990291262136,,0.4154589371980676,0.2746642599277978,41.0,236.0,41.0,236.0,5.627621113690637,low,0.0454099834642413,Carl Crawford,L,0.22482377942737217,0.7012255516610238,-0.3069534493218956,0.031083780674461176,0.10694310520337204,-1.4036312,5.1751227
408314,31,5839,0.4648056174002398,L,0.1643330876934414,0.8356669123065585,0.3114806523824752,0.6415929203539823,84.70090759075907,100.39,14.802805280528052,,0.4695431472081218,0.3025075376884422,406.0,1186.0,406.0,1186.0,7.373374309910049,medium,-0.0526415072396348,José Reyes,L,-0.2548258339744739,1.3512140104642554,0.25046842240966616,-0.313139029831891,0.036007251340357815,-2.9857094,9.920623
424325,32,1534,0.470013037809648,R,0.3162274618585298,0.6837725381414702,0.2493506493506493,0.6924083769633508,87.49086538461538,101.49,17.048076923076923,,0.4416243654822335,0.27625,112.0,256.0,112.0,256.0,5.910796644040527,low,0.0389408482142856,David Ross,R,-0.08574076466061432,-0.8840903470478788,0.46123177134152327,-0.3911980820596024,-0.36828412229133056,-5.142508,-14.001341
424825,33,2409,0.4209215442092154,L,0.1814595660749507,0.8185404339250493,0.2386081193040596,0.6039933444259568,85.13420479302832,99.22,13.586056644880175,,0.5043103448275862,0.2833185419968304,151.0,480.0,151.0,480.0,6.448889394146858,medium,0.0263186534216334,Coco Crisp,L,0.13306508848874124,0.07150681576762408,1.8017589852227647,0.8165426303654573,-0.6282947875907482,19.751108,4.1666617
425496,34,104,0.4807692307692308,R,0.1999999999999999,0.8,0.15,0.6875,89.39375,99.8,7.5,,0.5,0.15292,16.0,9.0,16.0,9.0,3.258096538021482,low,-0.1188749999999999,Cody Ross,R,-0.27465644718601573,-0.24527598613227444,0.4857780916739561,0.002523235399181106,0.12487394420969232,0.48200056,-8.263351
425509,35,3854,0.4883238194084068,R,0.20403825717322,0.79596174282678,0.2822384428223844,0.7237354085603113,87.87297668038408,102.42000000000002,13.37997256515775,,0.429355281207133,0.3117144278606965,284.0,721.0,284.0,721.0,6.913737350659685,medium,-0.0498755005762732,Jhonny Peralta,R,0.2125709522207155,-0.6087280167569417,0.9097749940317298,-0.916665214896177,0.4669256711757682,-1.7395589,-11.008466
425543,36,134,0.6194029850746269,R,0.3373493975903614,0.6626506024096386,0.3666666666666666,0.8243243243243243,81.99130434782609,97.32,18.695652173913043,,0.4,0.328325,14.0,26.0,14.0,26.0,3.713572066704308,low,0.0201593406593407,Josh Wilson,R,-0.5072200866218596,-0.32993826879091015,-0.2742411869105743,-0.2785580555506824,-0.4259223646891797,-12.982861,-3.5657465
425549,37,842,0.5427553444180523,R,0.2166301969365426,0.7833698030634574,0.3829787234042553,0.7040572792362768,83.7095890410959,98.0,20.636986301369863,,0.3931034482758621,0.2747534246575342,105.0,114.0,105.0,114.0,5.393627546352362,low,0.0269293233082706,Clint Barmes,R,0.03164193421038324,0.5783615674201023,0.401884361160764,-1.1857728600236337,-0.20986564776966998,-19.709068,-0.36892688
425557,38,315,0.4507936507936508,R,0.2535211267605634,0.7464788732394366,0.2764705882352941,0.6551724137931034,85.6872340425532,102.8,2.7872340425531914,,0.4680851063829787,0.29235,59.0,21.0,59.0,21.0,4.394449154672439,low,0.0801517352703793,Jeff Baker,R,0.0867989331597462,-0.12207706434203132,-0.42590417542878806,0.27297551312432944,-0.17168629668559135,-0.05603125,-1.9281534
425560,39,1901,0.4308258811152025,L,0.2503052503052503,0.7496947496947497,0.2618110236220472,0.6248587570621469,89.57508650519031,102.76,13.176470588235292,,0.5076335877862596,0.2831136363636364,94.0,390.0,94.0,390.0,6.184148890937483,low,0.1369707037643208,Adam Laroche,L,0.2262372548644821,-0.6172416298717716,0.9336683637599692,-0.2234616334237702,-0.043510541633878505,3.24994,-6.884341
425567,40,1530,0.4725490196078431,R,0.1687413554633471,0.8312586445366529,0.2860892388451443,0.6575520833333334,88.24203821656052,103.17,15.187898089171975,,0.4200626959247649,0.2789416058394161,116.0,295.0,116.0,295.0,6.021023349349527,medium,-0.0378118351841029,Alex Ríos,R,0.9166399930487803,0.3187172692830822,1.324303271406721,-0.8744098960593805,0.2958264884271514,6.380195,-3.332357
425664,41,766,0.3981723237597911,R,0.1868852459016393,0.8131147540983606,0.2811671087533156,0.5115681233933161,83.44265734265734,98.14,16.986013986013987,,0.4014598540145985,0.27063,123.0,77.0,123.0,77.0,5.303304908059076,low,0.0798756203146447,Shane Victorino,R,-0.46260049343191106,0.850130522309265,0.6228798982553938,-1.394745568822146,0.9687080104139721,10.270498,9.910751
425766,42,2545,0.4939096267190569,L,0.1137629276054097,0.8862370723945903,0.3016877637130801,0.7373107747105966,86.41500789889415,100.7,12.5086887835703,,0.4451612903225806,0.2980335570469798,144.0,601.0,144.0,601.0,6.61472560020376,medium,0.0764061633388796,James Loney,L,1.1110727514814385,1.335171093314313,0.8747108202195294,-0.28876440791531843,-0.11970955920714445,5.8454857,20.290972
425772,43,3654,0.4926108374384236,R,0.3161111111111111,0.6838888888888889,0.2874217416050085,0.6826568265682657,87.13786078098471,102.5,15.134125636672326,,0.4293193717277487,0.2312092783505154,276.0,694.0,276.0,694.0,6.878326468291325,medium,0.0325178653468654,Jeff Mathis,R,-1.1038268257490795,-0.9949458531210358,-0.21229115421125352,-0.2990184576183956,-0.22486035018597483,-9.706032,-10.446968
425783,44,11875,0.4117894736842105,L,0.2470347648261759,0.7529652351738241,0.2125389791564089,0.6217571774472501,90.321412803532,104.7,8.020971302428256,,0.4691218130311614,0.3502431880108992,884.0,2052.0,884.0,2052.0,7.98514393119862,high,0.0497234747250227,Shin-Soo Choo,L,-0.2649025159024213,-1.1932904182350643,0.3366675882457032,1.3606706533326043,-0.564925486362611,13.410899,-17.18715
425784,45,3525,0.5387234042553192,R,0.30173775671406,0.69826224328594,0.3635327635327635,0.7124293785310735,86.86677908937605,103.58,14.838111298482293,,0.4228769497400346,0.2675787234042553,273.0,667.0,273.0,667.0,6.846943139585379,medium,0.019157168668413,René Rivera,R,-0.4493916204200551,-0.5187127348294319,-0.15733958211806343,-0.495261680132455,-0.8422453061554394,-11.309082,-8.06667
425796,46,2422,0.5631709331131296,R,0.2705278592375366,0.7294721407624634,0.4397003745318352,0.7148114075436982,87.94978540772532,103.2,11.51931330472103,,0.4150110375275938,0.2992399403874813,283.0,388.0,283.0,388.0,6.51025834052315,medium,-0.0108279024443553,Jeff Francoeur,R,0.09156056183110993,0.8574160626014846,-0.8030476597398525,-0.3819715649838924,-1.460505019806711,0.46158192,20.378405
425834,47,2890,0.4972318339100346,R,0.3180236604036186,0.6819763395963814,0.2672476397966594,0.7065432914738929,88.44535864978903,103.5,9.962025316455696,,0.4122807017543859,0.305703947368421,218.0,542.0,218.0,542.0,6.634633357861686,medium,0.0751634280104269,B. J. Upton,R,-0.14702241276563863,-0.9355622823624841,-0.15489727205481257,0.7415362648336071,-0.8665288060002818,3.5687196,-14.417515
425835,48,1,1.0,R,0.0,1.0,,1.0,101.4,101.4,22.0,,0.0,1.256,1.0,0.0,1.0,0.0,0.6931471805599453,low,,Chin-Hui Tsao,R,0.04155948325992647,-0.0006913541227662979,-0.04262968175083934,0.04308884129052974,-0.018478386723969717,0.23933968,0.6819379
425877,49,12574,0.5449339907746142,R,0.1732340922358435,0.8267659077641565,0.3628778337531486,0.7307939569270331,87.23982078853047,100.6,13.253405017921146,,0.4239852398523985,0.3041510729613734,794.0,2701.0,794.0,2701.0,8.159374736775426,high,0.0276524731487638,Yadier Molina,R,-0.5420091443283229,1.0267702644722612,0.0036755641993199317,-0.6523998688406258,-0.9920423214530796,-0.9697834,22.539978
425900,50,2078,0.4403272377285852,L,0.2109289617486338,0.7890710382513662,0.2660984848484848,0.6203522504892368,85.80650406504064,99.92,16.319783197831978,,0.4634146341463415,0.2717476099426386,141.0,382.0,141.0,382.0,6.261491684321042,medium,-0.0534301177082173,Dioner Navarro,L,-0.3989559485758213,0.5376470374914387,1.0718932285708223,-0.1777274031204651,-0.5747858036928963,12.544993,10.945406
425902,51,3849,0.4684333593141075,L,0.2046589018302829,0.7953410981697171,0.3154630039875941,0.6853015075376885,90.19923664122138,106.7,10.416030534351146,,0.422680412371134,0.3308177480916031,384.0,664.0,384.0,664.0,6.955592608396297,medium,0.0603582141064257,Prince Fielder,L,1.1776806541698706,1.1040829844682591,-0.4743532998975009,0.13103348956297906,-0.09924039532770192,9.973361,2.0046449
429664,52,10994,0.514371475350191,L,0.1729442970822281,0.8270557029177719,0.3350847457627118,0.7220259128386337,90.74795789473684,106.4,7.877473684210527,,0.4386422976501306,0.3394013694163678,1013.0,2054.0,1013.0,2054.0,8.028781162487148,high,0.0455938322739152,Robinson Canó,L,1.1575390251461164,0.9121506471025815,-1.4214403548381491,-0.07968743857250044,0.6381022074086515,-11.05013,5.703028
429665,53,13406,0.4342831567954647,R,0.236173136379251,0.7638268636207489,0.2334751773049645,0.657016991818754,89.77219327333017,106.3,17.934154429180484,,0.4948352188883423,0.3645777708786091,793.0,2428.0,793.0,2428.0,8.07775756373692,high,-0.0008501192477007,Edwin Encarnación,R,0.15109400573523826,-0.3621602291693401,0.860147781881518,-0.7900759541666145,0.1045059997906653,-0.24153756,-12.633922
429666,54,4601,0.3827428819821777,R,0.1561612720045428,0.8438387279954571,0.247906976744186,0.5010199918400653,88.31087962962964,103.07,10.54050925925926,,0.4476190476190476,0.2710843585237258,328.0,810.0,328.0,810.0,7.037905963447182,medium,-0.0128143631436314,J. J. Hardy,R,0.6744802375138548,1.0245897691016923,0.4697449288732003,0.6374882394168649,-0.052302049678848335,9.6489315,8.354912
429667,55,3266,0.5483772198407838,L,0.3137911781127861,0.6862088218872139,0.3755411255411255,0.7736248236953456,91.57974217311236,104.7,15.613259668508288,,0.525328330206379,0.3034686046511628,142.0,718.0,142.0,718.0,6.7580945044277305,medium,0.1502658597826513,Ryan Howard,L,0.8837886591851586,-0.47290525534418376,0.3146989190447276,-0.24533507330449958,-1.1934757384671866,8.6429205,-17.498106
429711,56,2351,0.4236495108464483,R,0.3022088353413654,0.6977911646586346,0.2615131578947368,0.5973568281938326,90.95804416403786,105.54,9.517350157728709,,0.4603174603174603,0.3565430711610487,376.0,158.0,376.0,158.0,6.282266746896006,medium,0.0647887153245354,Franklin Gutiérrez,R,-0.11562574610084436,-0.317264097570487,0.506696648824779,-0.26924173993289335,-0.1665377193149733,1.9450324,-15.882149
429713,57,1061,0.4919886899151743,L,0.185823754789272,0.814176245210728,0.3017857142857142,0.7045908183632734,89.19004739336492,100.9,12.33175355450237,,0.4690721649484536,0.3021756756756756,21.0,275.0,21.0,275.0,5.6937321388027,low,-0.1328187012987012,Grady Sizemore,L,0.15561138675727648,0.15809334521317814,0.6459029134382113,0.3314324088775279,-0.7411984387595126,9.234138,3.250649
430001,58,1704,0.4242957746478873,R,0.3278008298755186,0.6721991701244814,0.2180974477958236,0.6353919239904988,89.3518018018018,106.06,11.324324324324325,,0.3991031390134529,0.3024077669902912,191.0,221.0,191.0,221.0,6.023447592961033,medium,0.0786901992371656,Rickie Weeks,R,0.14228864420772028,-1.0480546454354964,0.28624939222667334,-0.45446620556084016,0.9658322494235269,-3.867334,-10.449996
430203,59,1188,0.4511784511784512,L,0.1231343283582089,0.8768656716417911,0.2625607779578606,0.6549912434325744,86.76837606837607,99.9,12.58119658119658,,0.4695652173913043,0.2778354430379747,12.0,304.0,12.0,304.0,5.75890177387728,low,0.2124879385964912,David Dejesus,L,-0.6809763232182274,0.1634854955049504,0.6102473081920115,0.0543584674995118,-0.03028034986753576,2.873977,7.338246
430321,60,605,0.6,R,0.2314049586776859,0.768595041322314,0.3815789473684211,0.8205980066445183,88.06408450704225,102.2,9.443661971830986,,0.3214285714285714,0.2749499999999999,60.0,120.0,60.0,120.0,5.198497031265826,low,0.01135,Delmon Young,R,0.22111449577178055,0.5240622202970083,-0.6570678987445121,-0.24626402254547605,0.04857723286999412,-10.662771,10.3381195
430404,61,1063,0.3433678269049859,R,0.2821917808219177,0.7178082191780822,0.178030303030303,0.5065420560747663,88.0944827586207,103.2,18.420689655172417,,0.5177304964539007,0.2939272030651341,123.0,138.0,123.0,138.0,5.568344503761097,medium,0.093887946270767,Jonny Gomes,R,0.3811882444427505,-0.33381452294506103,0.7565039151607448,-0.8353417396915748,0.29396899249204356,-19.693346,-2.0466325
430603,62,111,0.4504504504504504,L,0.0999999999999999,0.9,0.2758620689655172,0.6415094339622641,84.21428571428571,94.6,8.142857142857142,,0.45,0.2024516129032258,2.0,29.0,2.0,29.0,3.4657359027997265,low,0.2164137931034482,Don Kelly,L,-0.6697438205995293,0.5548430363089192,0.0006631649171171982,-0.07892415274309322,-0.020921411026213543,-2.9055507,16.462202
430605,63,2172,0.4493554327808471,R,0.2684426229508196,0.7315573770491803,0.2239488117001828,0.6781076066790352,89.48846153846155,104.49,11.32051282051282,,0.4144736842105263,0.3427686424474187,319.0,204.0,319.0,204.0,6.261491684321042,medium,0.0884831120535988,Ryan Raburn,R,-0.18951890282007028,-1.0552275031521279,-0.02077862275255971,0.5115410322279735,-0.005781208346033914,1.53607,-17.261084
430611,64,198,0.5505050505050505,R,0.3944954128440366,0.6055045871559633,0.3465346534653465,0.7628865979381443,80.85142857142857,99.3,3.5142857142857142,,0.5555555555555556,0.2505892857142857,29.0,27.0,29.0,27.0,4.04305126783455,low,-0.1678633461047254,Corey Hart,R,0.4725568491559382,0.032773698149774384,0.47523465572358975,-0.30971298222693516,-0.38159735107369247,3.2634237,-2.024732
430613,65,5,0.4,R,0.0,1.0,0.0,0.6666666666666666,94.7,94.7,16.0,,1.0,0.0,0.0,1.0,0.0,1.0,0.6931471805599453,low,,Ronald Belisario,R,0.014508400437571735,0.02692232169347539,0.03175954382544461,0.008348719657881795,0.034314145592022005,0.50875837,0.80102754
430637,66,2543,0.467558002359418,L,0.2127838519764507,0.7872161480235492,0.3048869438366156,0.6578498293515358,87.30695652173912,103.9,12.130434782608695,,0.4725274725274725,0.3122488687782805,90.0,573.0,90.0,573.0,6.498282149476434,low,0.013041419429901,Kelly Johnson,L,0.10911582542018128,0.270230226603267,0.4055895304345544,0.2072260594442564,-0.7394389780348485,7.7877293,7.4073095
430652,67,834,0.4544364508393285,R,0.1424802110817942,0.8575197889182058,0.2881773399014778,0.6121495327102804,84.56050955414013,98.04,5.076433121019108,,0.3076923076923077,0.2777061611374408,58.0,153.0,58.0,153.0,5.356586274672012,low,-0.075087784539103,Jason Bourgeois,R,-0.574564626500687,0.8942555934945714,0.06275419328986369,0.9391051289216207,-0.14322456679329448,6.942076,13.394483
430681,68,104,0.4038461538461538,L,0.1428571428571429,0.8571428571428571,0.1489361702127659,0.6140350877192983,77.08,95.1,14.666666666666666,,0.6,0.1912857142857143,6.0,15.0,6.0,15.0,3.091042453358316,low,-0.1433333333333333,Dan Johnson,L,-0.2566315130167893,0.3066084299566745,0.6815733160715292,0.21020635995292775,-0.4149476071218211,8.745977,11.645675
430832,69,9594,0.3924327704815509,R,0.2329349269588313,0.7670650730411687,0.204964126430095,0.6103222898354744,90.59122933141624,106.6,16.77785765636233,,0.4800613496932515,0.34114203539823,525.0,1735.0,525.0,1735.0,7.72356247227797,high,-0.0290455276519829,José Bautista,R,0.7481951583154526,-0.6746456912168404,1.0167838455638438,-0.8618201199477172,0.1274610444911352,2.3480895,-13.3046055
430897,70,1049,0.4194470924690181,L,0.2431818181818181,0.7568181818181818,0.2196428571428571,0.6482617586912065,86.80361445783133,100.2,8.391566265060241,,0.5,0.2852277992277992,92.0,167.0,92.0,167.0,5.560681631015528,low,-0.0396329080968498,Nick Swisher,L,-0.4008179344396545,-1.0311803613765118,1.129259890157957,0.008552301556398979,0.051346510436338415,-0.01836999,-8.591847
430910,71,1372,0.4329446064139942,L,0.0993265993265993,0.9006734006734006,0.2371705963938973,0.6497695852534562,85.48585858585858,97.44000000000004,7.5993265993266,,0.3920265780730897,0.2910820105820105,105.0,273.0,105.0,273.0,5.937536205082426,low,0.0446190476190476,Brayan Peña,L,0.2582490089524236,0.9280081245409227,0.20473019042329013,0.3197846322747184,0.28003715743434787,-1.9076359,8.744862
430945,72,10610,0.5765315739868049,R,0.2358999509563512,0.7641000490436488,0.4145758661887694,0.7762576299726374,87.73629597197899,103.5,12.924660534384582,,0.4387895460797799,0.3223503480278422,797.0,2220.0,797.0,2220.0,8.012349639327795,high,-0.0301765262753342,Adam Jones,R,0.3964939256752997,0.7832878798049021,-0.7236499551760024,-1.1982329010375812,0.05343413531905916,-11.550207,12.713281
430947,73,5028,0.4970167064439141,L,0.1420568227290916,0.8579431772709084,0.3517495395948434,0.6675313445741461,84.740838650866,97.9,6.699179580674567,,0.4878048780487805,0.2780214532871972,391.0,1054.0,391.0,1054.0,7.27655640271871,medium,0.0270735912878475,Erick Aybar,L,-0.9692164648105204,1.0453975851256108,0.48726897717260975,-0.009601431544066256,-1.1298217829706505,0.1783782,22.194546
430948,74,1053,0.376068376068376,L,0.0959595959595959,0.904040404040404,0.2358156028368794,0.5378323108384458,84.1860103626943,97.08,12.476683937823834,,0.4408602150537634,0.270007722007722,43.0,216.0,43.0,216.0,5.560681631015528,low,0.108427863910422,Alberto Callaspo,L,-0.10932825532339178,0.35173679796309104,1.6114779585803864,0.14455051674827862,0.11144276005110149,11.400772,10.924182
431094,75,3276,0.4258241758241758,R,0.1541218637992831,0.8458781362007168,0.2328339575530587,0.6105137395459976,87.30883280757098,100.4,15.037854889589903,,0.4568690095846645,0.291487747957993,308.0,549.0,308.0,549.0,6.754604099487962,medium,0.0068105764909043,Aaron Hill,R,-0.17131592204763862,0.22863994253637954,1.103658189556528,-0.6907202560413656,0.7961587502995683,1.2110627,-6.6869645
431145,76,8378,0.3893530675578897,R,0.2400367872470876,0.7599632127529123,0.1726887615250436,0.5885452462772051,89.19966969446739,104.4,9.516928158546657,,0.4061674008810573,0.3206111944027986,473.0,1528.0,473.0,1528.0,7.601901959875166,high,0.012572018584727,Russell Martin,R,-0.43811022462621413,-1.557733194177766,0.9689732954742796,0.7641475269979279,0.2449984308275547,0.93731195,-19.601171
431151,77,1410,0.4106382978723404,R,0.2590673575129534,0.7409326424870466,0.1972027972027972,0.6302158273381295,90.35515463917528,105.97,17.164948453608247,,0.3473684210526316,0.3504941176470588,85.0,255.0,85.0,255.0,5.831882477283517,low,0.0346666666666667,David Wright,R,-0.16541422635846803,-0.9646723074698994,0.4208052811210931,0.2158417512818373,0.34019660573625193,-2.7669647,-17.79396
431171,78,1331,0.4650638617580766,R,0.1954765751211631,0.8045234248788369,0.2627388535031847,0.6458036984352774,88.88812260536398,103.2,5.53639846743295,,0.30859375,0.2381299435028248,87.0,267.0,87.0,267.0,5.872117789475416,low,0.0927281415472039,Casey Mcgehee,R,0.8801533811594062,0.23011418566580524,-0.009331240725032507,1.2842390033415583,0.04614962258940628,16.453445,4.2441745
433217,79,2333,0.5100728675525075,L,0.238655462184874,0.761344537815126,0.3171521035598705,0.7274384685505926,86.97523364485981,101.4,8.686915887850468,,0.4593301435406698,0.3213502454991817,178.0,433.0,178.0,433.0,6.416732282512326,medium,-0.0142746062225913,Andrés Blanco,L,-0.4994496127731604,0.5922256142347903,-0.19473231095748242,0.2780881301182926,-0.11519674499894225,-5.5680666,11.399915
434158,80,11295,0.3788401947764497,L,0.2058892264547791,0.7941107735452209,0.2034010236090473,0.5817105765559374,88.4682745825603,101.9,18.70686456400742,,0.5083440308087291,0.3333401465483995,508.0,2085.0,508.0,2085.0,7.860956364876389,high,0.053865486508431,Curtis Granderson,L,-1.6296299192906287,-0.5582806198081393,1.3002315654813061,-0.06927790355597312,-0.3948654434874118,-18.733206,-8.47944
434540,81,582,0.4914089347079037,L,0.2307692307692307,0.7692307692307693,0.3365384615384615,0.6703703703703704,88.98846153846154,102.94,12.096153846153848,,0.5476190476190477,0.2693421052631579,25.0,127.0,25.0,127.0,5.030437921392435,low,0.0554166929133858,Garrett Jones,L,0.4021990172697626,0.5283896049155257,-0.12792073735484352,-0.08471778892455102,-0.1763342326764194,-0.7646072,4.4765925
434563,82,2852,0.3846423562412342,R,0.1349134001823154,0.8650865998176845,0.1876379690949227,0.5639651707970529,86.40628803245437,100.88,11.02839756592292,,0.3572938689217759,0.2871201157742402,184.0,507.0,184.0,507.0,6.539585955617669,medium,0.0962628205128204,Carlos Ruiz,R,-0.8357825672605421,0.03066648339857015,1.1635495781629732,-0.3882858274151414,0.9683474487022569,1.9772303,-7.2992
434567,83,1348,0.3983679525222552,R,0.2737430167597765,0.7262569832402235,0.2091603053435114,0.5772005772005772,89.58155339805825,104.3,14.189320388349516,,0.4145077720207253,0.3158181818181818,107.0,234.0,107.0,234.0,5.834810737062605,low,0.0633359293873312,Geovany Soto,R,0.3480061944966713,-0.8687825611259828,0.9598893642359946,-0.28098951528752353,0.47715691122560727,0.289493,-16.939028
434604,84,1207,0.5020712510356256,R,0.2887788778877888,0.7112211221122112,0.3110047846889952,0.7086206896551724,90.564406779661,107.3,1.9661016949152543,,0.3526011560693641,0.2773026315789473,92.0,212.0,92.0,212.0,5.720311776607412,low,0.0150434782608696,Mike Morse,R,-0.4635782419612463,-0.9030380400437036,-1.5490826851578654,0.3605483881856128,0.5645351247040574,-10.271163,3.8656826
434636,85,4213,0.4103963921196297,L,0.1064198958935801,0.8935801041064199,0.235266604303087,0.5908433734939759,85.97399267399267,99.42000000000002,11.94017094017094,,0.4245742092457421,0.3016275229357798,338.0,752.0,338.0,752.0,6.994849985833071,medium,-0.0100300500440639,Ángel Pagán,L,-0.73680884538182,0.945103524286737,0.16054332724343892,0.33197471130477985,-0.035831012483867025,3.5645804,12.520212
434658,86,5364,0.5091349739000746,R,0.2145734163310142,0.7854265836689858,0.3097112860892388,0.7063403781979978,86.08374628344896,101.4,12.417244796828545,,0.4117647058823529,0.2927030716723549,593.0,872.0,593.0,872.0,7.290292882446597,high,-0.0041843100700836,Rajai Davis,R,-0.5349737641141333,0.23059735096909006,-0.395819118223915,-0.4070852336802195,0.3661794268265453,-5.2850533,4.0689325
434670,87,7052,0.4811401020986954,R,0.219569702328323,0.7804302976716769,0.2919862470245967,0.6997859981656985,89.97628549501151,108.5,9.72831926323868,,0.4018987341772151,0.3298385869565217,442.0,1398.0,442.0,1398.0,7.518064181233078,medium,0.0205832410877854,Hanley Ramírez,R,1.178691844616255,0.2440659379448578,-0.7107440870003037,-0.28025882905633304,0.727718506004096,-12.495864,3.3637023
434778,88,9945,0.4679738562091503,L,0.2344220025784271,0.7655779974215728,0.3038406317300789,0.6771095357877887,91.97962962962964,106.6,10.186307519640852,,0.4306612053832651,0.3328193343898574,773.0,1751.0,773.0,1751.0,7.83399634170946,high,-0.0187309029842862,Kendrys Morales,L,1.6075932535664614,0.3575311286891232,0.25437986933090645,-0.19854028735407403,0.23039038946171544,4.833082,-4.0575776
435044,89,12,0.5,R,0.3333333333333333,0.6666666666666666,0.25,0.625,85.2,85.2,-29.0,,0.0,0.0,0.0,3.0,0.0,3.0,1.3862943611198906,low,,Scott Baker,R,0.058116512374985795,-0.07426913079987221,-0.08146652324939539,0.04931205665855514,0.012354850462088183,0.25642788,-0.93506217
435062,90,7552,0.4919226694915254,R,0.185464333781965,0.814535666218035,0.3130179096498262,0.6675413277355025,90.07515110812624,105.22,4.024848891873741,,0.315105946684894,0.3392462387161484,590.0,1404.0,590.0,1404.0,7.598399329323964,high,-0.00136072480564,Howie Kendrick,R,-1.0231892089432004,0.19350060302906322,-1.1494095541972975,0.9098123562162826,0.7743355171052156,-10.431374,3.7035284
435063,91,7092,0.4316130851663846,R,0.2806272459980399,0.7193727540019601,0.2362204724409448,0.6281108597285068,88.86142076502732,105.06,18.693989071038253,,0.4705882352941176,0.3241119496855346,486.0,1104.0,486.0,1104.0,7.372118028337787,high,0.051473228663446,Mike Napoli,R,0.6204232085073652,-0.9019945562837772,0.3566316012185757,-1.2428820466453159,0.2680998945035094,-3.9597235,-6.521914
435064,92,2299,0.5097868638538495,R,0.2525597269624573,0.7474402730375427,0.3280141843971631,0.6848847139197267,82.93256997455471,100.08,12.885496183206106,,0.5347593582887701,0.2381523972602739,144.0,440.0,144.0,440.0,6.371611847231857,medium,-0.0092719696969696,Bobby Wilson,R,0.6544242223440585,0.3284350893823356,0.8106858093819566,-0.40643123220565414,-1.2430977565533243,-3.6328018,-3.8576844
435078,93,212,0.5235849056603774,R,0.1801801801801802,0.8198198198198198,0.4285714285714285,0.616822429906542,79.48333333333333,96.61,10.214285714285714,,0.4222222222222222,0.2091551724137931,36.0,22.0,36.0,22.0,4.07753744390572,low,0.0567121212121212,Joaquín Arias,R,-0.2076565666018827,0.8349634162590616,-0.003674968467289925,-0.2957349259386338,-0.2502294383003263,-2.4880886,14.999852
435079,94,10569,0.4563345633456334,R,0.1341488699979266,0.8658511300020734,0.2519364833462432,0.6516188714153561,86.08000947418284,100.2,18.131691141639035,,0.4335173105870546,0.3221478417266187,670.0,2110.0,670.0,2110.0,7.930565854233965,high,0.0045326094645257,Ian Kinsler,R,-1.187171701306206,0.5165312958926229,1.1088383931507355,-0.8892653968408644,0.7518695314641394,14.640754,10.575098
435180,95,77,0.5714285714285714,R,0.2272727272727273,0.7727272727272727,0.3333333333333333,0.75,83.78,100.13,6.65,,0.25,0.2560833333333333,11.0,13.0,11.0,13.0,3.218875824868201,low,-0.0306993006993006,Robert Andino,R,-0.3517641486436688,0.21450530983287242,-0.06137892585170933,0.3262409265765696,-0.019848542031457056,0.7733757,9.256692
435263,96,7772,0.4255018013381369,L,0.1687329906259449,0.8312670093740551,0.286742512189459,0.597979797979798,88.47525773195876,101.73,16.79381443298969,,0.5147058823529411,0.3187716777834787,440.0,1509.0,440.0,1509.0,7.575584651557793,medium,0.0176463762877281,Brian Mccann,L,-0.07185226374133163,1.1488563826056915,1.153194619958351,0.009635771960396102,-1.1646448128251643,7.7310615,11.01752
435401,97,1049,0.4823641563393708,L,0.1798418972332015,0.8201581027667985,0.3053571428571429,0.6850715746421268,85.63945945945946,99.52,5.264864864864865,,0.4166666666666667,0.2822932330827067,27.0,239.0,27.0,239.0,5.58724865840025,low,-0.0916792189679219,Skip Schumaker,L,-0.06917222297218113,0.6974210505186286,-0.012753408536586434,-0.14111765424128692,0.8337776633334911,-1.3202889,10.155722
435522,98,9108,0.4624505928853755,L,0.2037037037037037,0.7962962962962963,0.2813200244448971,0.6742081447963801,87.76257706535141,102.3,15.102959309494452,,0.4583068109484405,0.3259170267934313,452.0,1862.0,452.0,1862.0,7.747164966520335,high,0.0409956084902521,Neil Walker,L,0.3589205239043042,0.723525509557826,0.5508195651836609,0.46007111426156827,-0.5104346941141837,8.028943,19.085518
435559,99,8505,0.4947677836566725,R,0.1577946768060836,0.8422053231939164,0.3006613131790269,0.6871926949192226,86.68941048034935,101.0,16.893013100436683,,0.493542953396968,0.3105423157894736,683.0,1692.0,683.0,1692.0,7.773173680482536,high,0.0388003194777594,Kurt Suzuki,R,-0.8141786637236305,0.37290624432519226,1.1318642459713084,-1.8175334941961152,0.6565655095641044,-17.26202,-3.8487797
435622,100,10410,0.4751200768491835,R,0.2626364739183178,0.7373635260816822,0.2858501331304678,0.6682841614906833,90.2145652173913,106.4,4.11195652173913,,0.3487982112912241,0.3161529877609791,769.0,2009.0,769.0,2009.0,7.929846429742503,high,0.0545241439529918,Ian Desmond,R,0.6643622253639034,0.1752715589675773,-1.6632049034037801,0.9658568633462878,0.5333199488034934,-6.9656153,8.733463
435623,101,35,0.4,R,0.2857142857142857,0.7142857142857143,0.2222222222222222,0.5882352941176471,91.75,99.04,12.25,,0.125,0.2040833333333333,6.0,6.0,6.0,6.0,2.5649493574615367,low,0.1791666666666667,Kevin Frandsen,R,-0.12702386509959201,0.2474093901425685,0.05550606105048661,0.1397414757884158,0.08942999920172215,1.9465314,8.630217
443558,102,17810,0.4823133071308254,R,0.2922002328288707,0.7077997671711292,0.2961079398028022,0.7017737003058104,93.0717302452316,109.9,11.030983997276133,,0.4124649859943977,0.3695161938798302,1355.0,3122.0,1355.0,3122.0,8.4069317971587,high,0.0387507889492731,Nelson Cruz,R,0.5928022520306904,-0.5691979749575398,-0.38857395665097433,-0.6566048370773018,1.234055577226279,-22.772797,1.6225522
444379,103,3857,0.4316826549131449,L,0.1957957957957957,0.8042042042042042,0.19211324570273,0.6838744012772752,87.15984126984127,102.11,11.123809523809523,,0.4823151125401929,0.3360063424947146,77.0,869.0,77.0,869.0,6.853299093186078,low,0.0666947229985204,John Jaso,L,-0.32003131333796775,-0.4235587785728697,1.3794279638411033,0.5933591485439611,0.17473711203750777,2.479292,-9.0521965
444432,104,8501,0.5004117162686743,R,0.2783262811471556,0.7216737188528444,0.3296223531979917,0.7,91.67764945652172,109.79,13.063902107409923,,0.4008438818565401,0.3264595821980018,625.0,1577.0,625.0,1577.0,7.697575346802343,high,-0.0134610790107799,Mark Trumbo,R,1.9173546826419186,0.7378406086914758,-0.7697443090778318,-0.2735357985500845,-0.3450052633650735,13.770807,-0.63937014
444482,105,14770,0.4912660798916723,L,0.2155457552370452,0.7844542447629548,0.3070485157578135,0.689035518742103,89.91125525946704,106.5,7.267882187938289,70.84378378378379,0.4271499644633973,0.335932104997476,846.0,3116.0,846.0,3116.0,8.284756593190435,high,0.0501650506650643,David Peralta,L,0.3034189144337618,0.21222252226779123,-0.8406252411574114,-0.10891888961824117,0.6107455540632825,-11.50849,2.3515763
444489,106,4871,0.4613015807842332,R,0.2073876279483756,0.7926123720516244,0.2806946688206785,0.6480167014613779,86.61617819460727,101.6,16.71746776084408,,0.4585427135678392,0.3120024350649351,417.0,815.0,417.0,815.0,7.117205503164344,medium,0.0143769931294228,Manny Piña,R,-2.0041004896899905,-0.15299738564234705,0.244002393968288,-0.8305687525726602,0.04309200453946601,-9.727211,-8.682556
444836,107,8,0.375,L,0.0,1.0,0.0,0.6,,,,,0.0,0.4405,0.0,2.0,0.0,2.0,1.0986122886681098,low,,Aaron Laffey,L,-0.0077437051993162484,-0.0503046091579757,-0.04770824311490898,-0.017269773545608522,0.01960652254564981,0.01876833,-0.21466751
444843,108,1944,0.4789094650205761,L,0.1868958109559613,0.8131041890440387,0.296692607003891,0.6834061135371179,86.25070821529745,103.0,10.98300283286119,,0.4888888888888889,0.3575049504950495,52.0,453.0,52.0,453.0,6.226536669287466,low,0.1830240703005603,Andre Ethier,L,-0.3205739536563526,0.18634392324787216,-0.24515322511071194,-0.24210319019375612,0.5516416988559961,-4.7947516,4.1332664
444876,109,10640,0.5229323308270677,R,0.1932063263838964,0.8067936736161035,0.3509946086633203,0.6987264778559209,83.8753027681661,98.4,11.025951557093425,,0.3807400802496656,0.2752080924855491,790.0,2151.0,790.0,2151.0,7.9868449011613825,high,0.012787630716358,Alcides Escobar,R,0.13258515938835197,1.3824994761112188,0.7798734554814042,-0.7270943852832925,0.15347566147540703,-1.392443,12.915364
445055,110,7165,0.5007676203768319,L,0.1794871794871795,0.8205128205128205,0.3243167875069715,0.6775635652416876,85.3258543833581,98.9,6.172490706319703,,0.3792307692307692,0.2997250803858521,505.0,1361.0,505.0,1361.0,7.532088143541722,high,0.0048384938273401,Jon Jay,L,-0.3241810750672634,1.2626140199877436,-0.2883889977913686,1.2680265351273223,-0.9557779536658275,1.1776671,17.370861
445095,111,35,0.4285714285714285,L,0.4666666666666667,0.5333333333333333,0.4210526315789473,0.4375,77.62,94.56,9.6,,0.6,0.0687,0.0,10.0,0.0,10.0,2.3978952727983707,low,,Jason Pridie,L,0.03451822072405264,-0.024530418309834143,0.14234813539063448,0.0026920350315678136,-0.4230632998211781,1.223685,-3.1287599
445988,112,7144,0.3985162374020157,R,0.1127502634351949,0.8872497365648051,0.2600988084859053,0.5271401566297597,87.96779778393352,100.6,8.591412742382271,,0.35,0.3034900881057269,447.0,1369.0,447.0,1369.0,7.504942068396171,medium,0.0653729808168407,Martín Prado,R,0.1385228288604023,2.127176251007285,0.6931933964648572,0.8814371709874255,0.31760909676216126,7.100028,13.295735
446192,113,109,0.5229357798165137,R,0.4736842105263158,0.5263157894736842,0.3620689655172414,0.7058823529411765,95.13846153846154,105.6,11.461538461538462,,0.2727272727272727,0.2360357142857143,4.0,24.0,4.0,24.0,3.367295829986474,low,0.51825,Adam Moore,R,0.05505244240996609,-0.5270491907365716,-0.5066868278839178,-0.11132976187292767,-0.18055022896363937,-5.5833592,-9.682882
446225,114,22,0.6363636363636364,R,0.0714285714285714,0.9285714285714286,0.1666666666666666,0.8125,85.53333333333335,94.5,-14.666666666666666,,0.5,0.0,1.0,6.0,1.0,6.0,2.0794415416798357,low,0.0,Ed Easley,R,-0.0939860008159188,0.11970863434323029,0.03338809343541352,0.12765815382327672,0.01662893215014633,0.48300827,4.798208
446263,115,6987,0.4204952053814226,L,0.25357385976855,0.7464261402314499,0.2656410256410256,0.6161321671525753,90.6237728585178,106.32,19.256977863330125,,0.4491440080563947,0.3308581602373887,400.0,1285.0,400.0,1285.0,7.430114138561801,medium,0.0597593579766537,Lucas Duda,L,2.1438266603408875,0.3220589915145944,0.914556628907103,-0.16291122822410795,-0.35290646860165714,9.10774,-0.6633229
446308,116,6582,0.4788817988453357,L,0.2046319796954314,0.7953680203045685,0.2969817767653758,0.6869706840390879,87.08445378151261,101.3,14.529411764705882,,0.4489973844812554,0.2972442477876106,380.0,1315.0,380.0,1315.0,7.436027816351848,medium,-0.0012014108465078,Matt Wieters,L,0.91242289490879,0.9180047521530068,0.6717525314090574,0.23205417373189063,-0.5429258520332357,12.244174,-0.64422345
446334,117,15531,0.4694482003734466,R,0.2239747634069401,0.7760252365930599,0.2930924818725353,0.6501955671447197,89.79131039277024,104.1,14.91657977059437,70.54628099173554,0.4369596541786743,0.3236108374384236,1220.0,2840.0,1220.0,2840.0,8.309184527686298,high,0.0239908623874394,Evan Longoria,R,-0.44458068810239926,0.02757916116789301,0.41124882944648516,-0.5008279269883876,-0.246097484012663,7.620548,8.744888
446359,118,6113,0.4402093898249632,R,0.1579338535860275,0.8420661464139725,0.2437810945273631,0.631375080697224,85.8662640207075,100.4,16.094909404659187,,0.5035714285714286,0.3253569172457359,392.0,1191.0,392.0,1191.0,7.367708572374371,medium,0.0025738039548313,Zack Cozart,R,-0.5257130122583168,0.3193070138718934,1.543577711170667,-0.7825893358630981,0.014561137888135617,14.173145,10.645069
446381,119,2546,0.488216810683425,R,0.1528559935639581,0.8471440064360418,0.2977624784853701,0.648121387283237,84.19500000000001,97.21,11.240384615384617,,0.4008264462809917,0.2838008720930232,255.0,433.0,255.0,433.0,6.535241271013659,medium,0.0397090159851469,Darwin Barney,R,-1.0678531105143456,0.9096288867068721,0.7693156344623236,0.2619256211095086,-0.2701141216753698,2.8035734,16.766548
446386,120,4197,0.4870145341910888,R,0.2035225048923679,0.7964774951076321,0.2724665391969407,0.7002375296912114,86.46342105263157,101.31,14.375,,0.454421768707483,0.3281101321585903,625.0,510.0,625.0,510.0,7.035268599281097,high,0.0957536470588235,Brandon Guyer,R,-1.6063209484605825,-0.41843955002926925,0.4406442718151906,-0.6785585509965005,0.35385912192824914,-10.125724,-3.9000201
446481,121,4125,0.4848484848484848,R,0.3409999999999999,0.659,0.2759942501197892,0.6987242394504416,88.36200345423143,104.8,12.92055267702936,,0.4283246977547496,0.3046641148325359,386.0,659.0,386.0,659.0,6.952728644624869,medium,0.0516253665862077,Sean Rodríguez,R,-0.19127699727489128,-1.3025839950228195,0.0022311407264447624,-0.2682010272109558,-0.165924040359401,-7.0686407,-15.907262
446653,122,1985,0.4831234256926952,L,0.2617309697601668,0.7382690302398331,0.2622309197651663,0.7175493250259606,87.0125,103.0,9.037617554858937,,0.411214953271028,0.2504032586558045,97.0,394.0,97.0,394.0,6.198478716492308,low,0.0866568632581506,José Lobatón,L,-0.4294598454521917,-0.5832757871005815,-0.0011332826048810604,0.3628857616217062,-0.8252433294521473,4.830295,-17.65651
446868,123,17,0.7058823529411765,L,0.3333333333333333,0.6666666666666666,0.5714285714285714,0.8,88.425,95.28,39.0,,0.75,0.1738571428571428,1.0,6.0,1.0,6.0,2.0794415416798357,low,0.2028333333333333,Wilkin Castillo,L,-0.20775224205264828,0.08680516718431762,-0.016761475308234398,-0.1702799690867938,-0.132942265095725,-5.0188594,3.2407413
448170,124,281,0.4661921708185053,L,0.2748091603053435,0.7251908396946565,0.3116883116883117,0.6535433070866141,86.31904761904762,100.84,18.166666666666668,,0.3170731707317073,0.2770138888888889,6.0,66.0,6.0,66.0,4.290459441148391,low,0.0171060606060605,Travis Ishikawa,L,-0.7040567144183382,-0.49206593806041393,-0.27304510721593617,0.14199399176387154,-0.27410464957889785,-9.83995,-6.7320857
448602,125,7687,0.455184077013139,R,0.3078022292083452,0.6921977707916548,0.2457372116349047,0.6809948634766153,87.81334535617674,105.0,13.458070333633904,,0.4331450094161959,0.3349747175901021,591.0,1268.0,591.0,1268.0,7.528331766707247,high,-0.023147471003005,Mark Reynolds,R,0.4437659067267343,-0.6598616940153963,0.08547081939628859,0.040231216283928735,-0.2843185785033653,3.982993,-5.467687
448605,126,880,0.4954545454545455,R,0.3371559633027523,0.6628440366972477,0.2657657657657657,0.7293577981651376,89.66834532374101,105.0,15.215827338129497,,0.524822695035461,0.3287130434782608,134.0,96.0,134.0,96.0,5.442417710521793,low,0.1330304726368159,Justin Ruggiano,R,0.5260556176536982,-0.8708915296399237,0.16156106556643862,-0.5117865205970114,-0.13855919209117684,-2.847828,-6.8978977
448674,127,28,0.3214285714285714,R,0.2222222222222222,0.7777777777777778,0.0,0.5625,94.1,99.94,28.5,,0.0,0.3238333333333333,0.0,6.0,0.0,6.0,1.9459101490553132,low,,Doug Bernier,R,-0.2654309214451928,-0.17554553150890317,-0.016050571374295778,0.046508201792653775,0.04368580896888422,-8.690394,-5.987102
448801,128,11536,0.4410540915395284,L,0.3374606918238994,0.6625393081761006,0.2763648145148226,0.6306171918702219,90.41560773480664,105.5,15.809260539046305,,0.500355871886121,0.3142460317460318,795.0,1977.0,795.0,1977.0,7.927685045615778,high,0.0387843406724501,Chris Davis,L,0.4481380037353383,-0.6753768457444028,-0.6397458053013515,-0.4452969877173376,-0.8011746250976195,7.116682,-17.712227
449107,129,2184,0.4542124542124542,R,0.1391129032258065,0.8608870967741935,0.2786259541984733,0.6161971830985915,85.79488888888888,100.2,9.753333333333334,,0.3662921348314606,0.2556099656357388,269.0,313.0,269.0,313.0,6.368187186350492,medium,0.018628252788104,Mike Aviles,R,-0.20284578785907764,0.9618133984195893,0.2015377690119269,0.16826117270026222,0.5015842567108385,2.2458944,10.8074
449168,130,17,0.4705882352941176,R,0.375,0.625,0.0,0.8,96.7,101.66,6.5,,0.5,0.0,1.0,2.0,1.0,2.0,1.3862943611198906,low,0.0,Matt Tuiasosopo,R,0.024113361787275123,-0.035267413337593964,0.08184445873831168,0.06222050014240735,0.0503878988482697,1.3411589,-0.7063311
449181,131,3162,0.5531309297912713,R,0.2372784448256146,0.7627215551743853,0.3733003708281829,0.741580310880829,88.82434915773354,104.86,9.561349693251534,,0.3779527559055118,0.2900274725274725,302.0,608.0,302.0,608.0,6.814542897259958,medium,0.0280692859010107,Paulo Orlando,R,-0.3623534553915472,0.4225563884248836,-0.6292401413102264,0.008378721018236644,0.14515417456713872,-6.8043528,12.557028
449786,132,465,0.5225806451612903,L,0.2839506172839506,0.7160493827160493,0.3655462184873949,0.6872246696035242,85.89076923076922,98.56,16.876923076923077,,0.4776119402985074,0.241890756302521,37.0,82.0,37.0,82.0,4.787491742782046,low,-0.0282023731048121,Carlos Corporán,L,-0.335278660466376,0.20060990212896398,-0.25391594552722235,0.11081604051682975,-1.0902026377760652,0.9900238,17.703966
450314,133,9422,0.3748673317766928,L,0.1259909399773499,0.8740090600226501,0.2053072625698324,0.5675736961451248,88.51658959537573,101.51000000000002,8.722543352601155,,0.5165165165165165,0.3398875587858059,613.0,1726.0,613.0,1726.0,7.757906208351747,high,-0.0048368395085998,Ben Zobrist,L,1.0496306729035196,1.373589366707113,1.455616317367391,0.5485034652444136,0.6290280003363423,16.051138,6.649729
450317,134,260,0.6,R,0.3141025641025641,0.6858974358974359,0.4888888888888889,0.72,90.57083333333333,105.05,15.479166666666666,,0.5625,0.3876438356164384,29.0,44.0,29.0,44.0,4.30406509320417,low,-0.1155454545454545,J. P. Arencibia,R,-0.23957318001782565,0.12337968622139879,-0.5376861028400386,0.03105991970580249,-1.3510465304240915,0.0716159,20.384798
450641,135,17,0.4117647058823529,L,0.8571428571428572,0.1428571428571428,0.25,0.5555555555555556,,,,,,0.0,1.0,3.0,1.0,3.0,1.6094379124341005,low,0.0,Quintin Berry,L,0.0033591326003329872,-0.2554296006571826,-0.07895685680950382,-0.055669828531923496,-0.09197867498922234,-3.7405295,-8.876054
451089,136,1219,0.4848236259228876,L,0.2453468697123519,0.754653130287648,0.2643856920684292,0.7309027777777778,88.3480198019802,103.69,9.0,,0.3846153846153846,0.3000941558441558,50.0,258.0,50.0,258.0,5.733341276897746,low,0.0234631007751937,Shane Peterson,L,0.0769209733465444,-0.6400614099855987,-0.2141386097541399,0.14094511182757427,0.9354660676619986,-4.3816023,-0.37796444
451109,137,137,0.5693430656934306,R,0.2051282051282051,0.7948717948717948,0.3857142857142857,0.7611940298507462,84.425,100.6,23.083333333333332,,0.4583333333333333,0.2862285714285714,16.0,19.0,16.0,19.0,3.58351893845611,low,0.2078519736842105,Brett Hayes,R,-0.4423581808788981,-0.1338993890870075,-0.08552299939394771,-0.28761535703541785,-0.3212047978191705,-6.666384,0.96557224
451192,138,1083,0.5586334256694367,L,0.2181818181818181,0.7818181818181819,0.3690909090909091,0.7542213883677298,86.9037037037037,104.66,9.677248677248675,,0.3815028901734104,0.293017793594306,31.0,250.0,31.0,250.0,5.641907070938114,low,0.145016,Jim Adduci,L,-0.6444045330599611,0.13745240922158708,-1.3324690817035019,-0.4104835368536585,0.5666619336977533,-9.42521,7.453457
451594,139,11387,0.4170545358742425,L,0.224468309117709,0.775531690882291,0.2020468801584681,0.6614749483955714,86.9111761263897,102.1,12.595669982445877,,0.467032967032967,0.3322730909090909,638.0,2112.0,638.0,2112.0,7.919719760924575,high,0.000678046630094,Dexter Fowler,L,0.5942301074646054,-0.626533220058497,0.8492938402345646,0.604579278481057,0.009357321835960414,4.651326,-10.608509
451705,140,167,0.4610778443113772,R,0.1688311688311687,0.8311688311688312,0.3372093023255814,0.5925925925925926,84.35428571428572,98.86,4.057142857142857,,0.2857142857142857,0.192,9.0,34.0,9.0,34.0,3.784189633918261,low,-0.0486209150326797,Alberto Rosario,R,-0.8373789818057613,0.30275568031896277,-0.353688100892555,0.9183124135709865,-0.4405264673708299,3.7379982,14.748867
451713,141,370,0.4351351351351351,L,0.3664596273291925,0.6335403726708074,0.2857142857142857,0.6167664670658682,92.82432432432432,111.0,17.54054054054054,,0.2702702702702703,0.3135444444444444,10.0,80.0,10.0,80.0,4.51085950651685,low,-0.0808375,Carlos Peguero,L,0.26944729490160946,-0.2788019224052385,-0.9777970623623838,-0.3641028832880543,0.10024856299308428,-14.626166,3.7628784
452035,142,278,0.5071942446043165,R,0.2624113475177305,0.7375886524822695,0.3103448275862069,0.7218045112781954,87.8913043478261,102.9,17.08695652173913,,0.6222222222222222,0.3757183098591549,27.0,44.0,27.0,44.0,4.276666119016055,low,0.1471161616161616,Kyle Blanks,R,-0.4778591827582103,-0.6904954234319225,0.3667832596918189,-0.11041114182746145,-0.20482341923710307,-6.1650953,-18.050287
452095,143,6907,0.4687997683509483,R,0.2714638665843113,0.7285361334156887,0.248763456502764,0.686743515850144,90.7380859375,107.07,12.0,,0.4202020202020202,0.3216426512968299,454.0,1281.0,454.0,1281.0,7.459338895220296,high,0.027751206209356,Tyler Flowers,R,1.3545423300092134,-0.62365903781074,-0.26422881396934716,-0.11589770099798256,0.23998900663893843,-1.5522335,-12.174329
452104,144,7220,0.435595567867036,L,0.2203497615262321,0.7796502384737679,0.2342582710779082,0.6529377880184332,87.00607826810992,102.2,11.759367194004996,,0.4520676691729323,0.3115317504141358,551.0,1260.0,551.0,1260.0,7.502186486602924,high,0.0060152622936652,Chase Headley,L,-0.3748958011813262,-0.3340296366875314,0.7150074201401375,0.6888110575618752,0.16460706324915436,-9.933965,-3.1306865
452220,145,2811,0.4126645321949484,L,0.1594827586206896,0.8405172413793104,0.2253424657534246,0.615099925980755,87.40845360824741,101.1,17.540206185567012,,0.535796766743649,0.3025374639769452,115.0,579.0,115.0,579.0,6.543911845564792,medium,0.015496658406548,Stephen Drew,L,-0.28068719772256945,0.04074971779638412,1.5368102582572034,-0.5693272527241285,0.04794518451836209,13.908463,8.513612
452234,146,5312,0.4021084337349397,L,0.224250936329588,0.775749063670412,0.2345415778251599,0.5908726981585268,89.75849282296652,105.05,9.992822966507177,,0.4655172413793103,0.3312711323763955,109.0,1145.0,109.0,1145.0,7.134890851565884,low,0.0789702335643603,Seth Smith,L,0.6883508800456362,0.2849417203354389,0.6505161744827493,-0.06086030709026843,9.017196130460135e-05,9.059522,10.821526
452239,147,1028,0.4980544747081712,R,0.30859375,0.69140625,0.2962962962962963,0.7462039045553145,88.22317073170731,103.68,10.21341463414634,,0.3869047619047619,0.2710772058823529,95.0,177.0,95.0,177.0,5.60947179518496,low,0.0031003865596194,Justin Maxwell,R,0.8243597110862724,-0.7110723460286058,0.37912015106192193,0.4582528908547344,-0.19068723059396211,8.037788,-10.490753
452252,148,5019,0.4562661884837617,L,0.1912663755458515,0.8087336244541484,0.3258385551050498,0.6097137901127494,90.32261521972131,104.9,10.7524115755627,,0.4325221238938053,0.3378971962616822,198.0,1086.0,198.0,1086.0,7.158513997329321,medium,0.0816436743121826,Adam Lind,L,0.5565406569735117,1.1510730520947299,-1.0713153431222666,-0.9810437528206788,0.8483020159961812,-6.5458307,6.955247
452254,149,7162,0.4752862328958391,R,0.2799647473560517,0.7200352526439483,0.312103527023598,0.6749456690468798,89.83021411578112,106.6,5.469468675654243,,0.3452477660438667,0.3219780340472268,584.0,1237.0,584.0,1237.0,7.507690077819904,high,0.0049603755772361,Hunter Pence,R,0.872189320931633,0.5655097878194408,-1.1420736683036188,0.7677953873327007,0.015889258710509373,15.093726,0.10235425
452655,150,7341,0.432229941424874,L,0.1197604790419161,0.8802395209580839,0.2324823465507876,0.6332331238043181,86.33530612244897,102.0,9.544897959183674,,0.4546742209631728,0.3252688946015424,488.0,1457.0,488.0,1457.0,7.57353126274595,high,0.0637820372537327,Denard Span,L,-1.5446301442752575,0.48332321081509466,0.5256193860195647,0.9637276604073527,0.017760601412651567,1.6651142,9.729106
452672,151,1718,0.4307334109429569,R,0.177027027027027,0.822972972972973,0.2201591511936339,0.5954356846473029,84.18197879858657,98.0,7.141342756183746,,0.358695652173913,0.2738574821852731,113.0,308.0,113.0,308.0,6.045005314036012,medium,0.1137186817607171,Ryan Hanigan,R,-1.0941299546994925,0.06389339581097751,0.6419161682599601,1.229102728818655,-0.06949121620820062,11.989969,16.26864
452678,152,12659,0.4867683071332648,L,0.2022070756247971,0.7977929243752029,0.2944969260758734,0.7008347245409015,88.67999150382329,101.27000000000002,14.646134239592184,,0.5207877461706784,0.3283763570566948,901.0,2415.0,901.0,2415.0,8.106816038947052,high,-0.008340465505316,Asdrúbal Cabrera,L,-0.0655747934430065,0.2525141024593925,0.562349085028626,0.4432598070829981,-1.7082864430615916,4.2957735,21.87642
453056,153,5751,0.4599200139106242,L,0.1580340264650284,0.8419659735349716,0.2481520591341077,0.6666666666666666,86.4613595706619,101.1,10.777280858676209,,0.4549058473736372,0.3082619680851063,476.0,1028.0,476.0,1028.0,7.316548177182976,high,0.0382900140600987,Jacoby Ellsbury,L,-0.3506086693349798,0.06578678221382023,0.32914455135987747,0.7274358842072745,-0.33771566537165,6.654938,5.2935224
453064,154,5229,0.4490342321667623,R,0.1929301533219761,0.8070698466780238,0.278620166793025,0.6225395600154381,89.30352331606217,104.36,12.518134715025909,,0.4501084598698481,0.3233601190476191,302.0,1042.0,302.0,1042.0,7.20414929203594,medium,0.0098626685818153,Troy Tulowitzki,R,0.8208035335212297,0.5597922047362953,-0.06577757554710507,-0.46430977274889573,-0.16488318997976747,-18.070076,3.6962135
453203,155,1453,0.4618031658637302,R,0.1594634873323398,0.8405365126676602,0.2891737891737891,0.6231691078561917,83.79202657807309,98.1,9.365448504983387,,0.3623693379790941,0.2453606138107417,185.0,206.0,185.0,206.0,5.971261839790462,medium,-0.011436709525059,Shane Robinson,R,-0.8215271121469917,0.5507925001086881,0.3482128429533708,0.5332063468777262,-0.2596338683772909,-3.0898726,19.539967
453211,156,1085,0.3889400921658986,R,0.3459715639810427,0.6540284360189573,0.1646090534979424,0.5709515859766278,88.14285714285714,101.65,17.151785714285715,,0.4070796460176991,0.2784588235294117,134.0,121.0,134.0,121.0,5.545177444479562,medium,-0.0599280251634389,Drew Stubbs,R,0.7376797469462268,-0.9187094578471939,0.4186840018135008,-0.024747955306529477,0.203789748767441,-1.0049458,-16.784342
453269,157,327,0.6055045871559633,L,0.2727272727272727,0.7272727272727273,0.4588235294117647,0.7643312101910829,86.87321428571428,105.95,7.178571428571429,,0.4915254237288136,0.1792872340425532,8.0,86.0,8.0,86.0,4.553876891600541,low,-0.0182674418604651,Brennan Boesch,L,0.11229576340393341,0.35036745799531427,-1.0927633885331482,-0.054523058227771745,0.0604647102032817,-7.931248,6.6278896
453307,158,1,1.0,L,0.0,1.0,,1.0,82.9,82.9,-21.0,,0.0,0.0,0.0,1.0,0.0,1.0,0.6931471805599453,low,,David Huff,L,0.0038839522085470928,0.0001575247319242788,-0.03333829556256371,-0.01191361740318033,0.013226311371342999,-0.03492637,0.6691416
453400,159,2089,0.488750598372427,R,0.2918707149853085,0.7081292850146915,0.3260247855100095,0.6528846153846154,89.6123076923077,104.84,10.941538461538462,,0.3825301204819277,0.2702635658914728,204.0,312.0,204.0,312.0,6.248042874508429,medium,0.0449475867269984,Chris Johnson,R,0.5150217768629549,-0.15395985158854347,0.3695201080543924,0.4491454645755376,-0.03557292748311009,7.1836963,-2.7186048
453527,160,8,0.625,R,0.0,1.0,0.5,0.75,77.05000000000001,85.73,-12.0,,0.5,0.0,1.0,1.0,1.0,1.0,1.0986122886681098,low,0.0,Sean Kazmar,R,-0.015534567336100154,0.12230594568065642,0.07028558476029333,0.0612542915981356,0.0195282995112805,0.95698684,2.5059154
453539,161,1309,0.3636363636363636,L,0.1491596638655462,0.8508403361344538,0.2122571001494768,0.521875,85.16816143497758,98.78,3.192825112107623,,0.5714285714285714,0.254916149068323,54.0,268.0,54.0,268.0,5.777652323222656,low,0.0652025981205085,Sam Fuld,L,-0.2860655837472601,0.5273241169342453,1.337802682271178,0.573407235821949,0.11305007850285356,9.870542,11.383364
453568,162,19839,0.472251625585967,L,0.175365567296403,0.8246344327035969,0.2911139922210033,0.657358336730534,87.31956289978677,103.1,13.685051958433254,65.65448028673835,0.4709254709254709,0.3645409390764454,1619.0,3535.0,1619.0,3535.0,8.54772239645106,high,0.0022403722415831,Charlie Blackmon,L,-0.45232348082558105,0.8102468743185381,-0.40632128259135475,-0.997550203066272,0.13917906181104545,-15.18656,10.542983
453895,163,426,0.488262910798122,R,0.2788461538461538,0.7211538461538461,0.3421052631578947,0.6059322033898306,84.38333333333334,98.08,12.86111111111111,,0.4102564102564102,0.2442521739130435,60.0,55.0,60.0,55.0,4.7535901911063645,low,0.1377515151515151,Brendan Ryan,R,0.40224780613167693,0.04484383547701535,0.8351909685105414,-0.7366311124622523,0.2707703938704634,-19.00334,-1.3602847
453923,164,4323,0.4221605366643534,L,0.1846575342465753,0.8153424657534246,0.2099866250557289,0.6509615384615385,85.88607594936708,100.9,12.472573839662449,,0.4442877291960507,0.2989559633027523,241.0,849.0,241.0,849.0,6.994849985833071,medium,0.0235750724552682,Grégor Blanco,L,-1.1959983561680434,-0.38751504109241935,0.1863380911335632,0.4063873432702956,-0.0729884024221783,-10.741925,-5.251554
453943,165,12621,0.4490135488471595,R,0.2415740250573496,0.7584259749426504,0.2795988624457416,0.6395622895622896,88.75115934879132,104.6,19.093734583127777,,0.4818414322250639,0.3241176850953766,774.0,2319.0,774.0,2319.0,8.037220031133012,high,0.0279830553800589,Todd Frazier,R,-0.692937625480879,-0.5550584603508691,0.0995895275142463,-2.0012271965054027,0.40359004957405964,-7.6819677,-12.880168
454560,166,3105,0.3774557165861513,R,0.1484641638225255,0.8515358361774744,0.1515994436717663,0.5722855428914218,87.6762,102.0,12.068,,0.3604887983706721,0.3063387096774193,291.0,453.0,291.0,453.0,6.61338421837956,medium,0.0229281081450126,A. J. Ellis,R,-0.7661070685026636,-0.3906385733709198,1.09878645954252,0.6150302785688649,0.8922716725340354,12.19026,14.213273
454975,167,194,0.4381443298969072,L,0.2235294117647058,0.7764705882352941,0.2777777777777778,0.6395348837209303,87.58235294117648,101.7,-5.088235294117647,,0.5588235294117647,0.3192222222222222,5.0,40.0,5.0,40.0,3.828641396489095,low,-0.035975,Hernán Iribarren,L,-0.28330391765238,0.6826977917705583,-0.23253785813972544,-0.04238337923063447,0.19512379278120853,-1.5296804,14.199662
455104,168,6219,0.4396205177681299,R,0.2710314557425018,0.7289685442574981,0.183366077275704,0.6868878357030016,89.99285714285713,106.78,14.510204081632653,,0.423121387283237,0.3112378706199461,531.0,953.0,531.0,953.0,7.3031700512368,high,0.0398320162515833,Chris Iannetta,R,0.3793652203843553,-1.6997360595107227,0.38858166867479926,0.5790769684732454,-0.018613476556909064,9.508736,-15.373121
455117,169,12165,0.459515002055076,R,0.2710196779964222,0.7289803220035778,0.2794384805945499,0.6379705400981996,87.13721174004192,102.8,14.420031463030938,70.14985074626865,0.4567567567567567,0.2748765392093324,880.0,2206.0,880.0,2206.0,8.034955024502159,high,0.0470966722986895,Martín Maldonado,R,0.013927384569391134,-0.28360236624231205,0.3994507960673009,-0.8603233347415117,-0.005302688185590332,-4.011155,-5.092985
455139,170,8137,0.4538527712916308,R,0.2965069049553208,0.7034930950446792,0.2746220797068254,0.6613630336780695,86.91429816913687,103.04,18.091543156059284,,0.5031111111111111,0.3261536936043629,607.0,1410.0,607.0,1410.0,7.609862200913554,high,0.0468521948426747,Robinson Chirinos,R,-1.0022414276411251,-0.9227629432284749,0.49497997600053695,-0.638470608531955,-0.2040455060098336,-8.929285,-10.681525
455369,171,322,0.531055900621118,L,0.1929824561403509,0.8070175438596491,0.4024390243902439,0.6645569620253164,86.82753623188407,97.66,17.463768115942027,,0.4590163934426229,0.3219222222222222,22.0,68.0,22.0,68.0,4.51085950651685,low,0.1091483957219251,Ramiro Peña,L,-0.3967222160308016,1.1661386791287194,-0.00011557837599885962,-0.1329491230403017,-1.1573631950026453,1.2033309,18.492464
455755,172,1667,0.3929214157168566,R,0.1480916030534351,0.8519083969465648,0.2131147540983606,0.5560640732265446,84.35061349693251,97.65,8.650306748466258,,0.425,0.2552356979405034,91.0,346.0,91.0,346.0,6.082218910376446,low,-0.0159811662326112,Chris Stewart,R,-0.14659593564847917,0.8215290605603034,1.3204120526431742,0.6783963873893561,0.10143258650966785,11.917207,11.207364
455759,173,3909,0.4261959580455359,R,0.2118847539015605,0.7881152460984394,0.2247191011235955,0.628395694515633,85.84779299847793,103.2,19.660578386605785,,0.5381882770870338,0.3251070336391437,422.0,559.0,422.0,559.0,6.889591308354466,medium,0.0609307709264173,Chris Young,R,0.6106837465116417,-0.0021981018034132483,1.5054855183117841,-1.3191222278981831,0.385763515222463,-20.523432,-2.6238234
455976,174,13220,0.4102874432677761,L,0.114122418879056,0.885877581120944,0.2296447887735711,0.6040131682081831,89.72007936507937,102.6,8.85952380952381,,0.3801890669954788,0.3279927623642943,943.0,2373.0,943.0,2373.0,8.106816038947052,high,0.039119693583568,Nick Markakis,L,-0.6727141862269025,0.8816777584747897,-0.9582032692008547,0.41452438703027655,0.8750049515196775,-7.1567945,14.32908
456030,175,6317,0.4264682602501187,R,0.1102449888641425,0.8897550111358574,0.239572561185798,0.5851873536299765,87.44689709347996,98.88,9.253930817610064,,0.3815359477124183,0.3428435754189944,319.0,1292.0,319.0,1292.0,7.385230923066573,medium,0.0223422508419305,Dustin Pedroia,R,-1.4561751486603711,0.8806380748720691,0.7183244967886332,1.534352007378831,-0.9725868937774053,5.2638907,14.959011
456078,176,6447,0.4341554211261051,R,0.2465166130760986,0.7534833869239014,0.2611181702668361,0.5992725068202486,89.30845864661654,104.3,13.446428571428571,,0.437015503875969,0.3188255528255528,469.0,1159.0,469.0,1159.0,7.395721608602045,high,0.0375089399544861,Welington Castillo,R,0.37316555429067366,-0.41752954532848024,0.3478853897571902,-0.651111646573804,0.7033631550051828,3.8682394,-2.7705412
456121,177,911,0.4698133918770582,R,0.2616822429906542,0.7383177570093458,0.3071593533487298,0.6171548117154811,87.92012987012987,103.01,5.525974025974026,,0.4133333333333333,0.3023815789473684,84.0,144.0,84.0,144.0,5.43372200355424,low,-0.0606954365079365,Chris Denorfia,R,0.3550424592517829,0.18103104315972537,0.3779401923121837,0.3121005516769147,0.17188660358152674,3.214463,2.9794986
456124,178,1539,0.4996751137102014,R,0.2561768530559167,0.7438231469440832,0.3275862068965517,0.664968152866242,88.7421768707483,103.9,13.758503401360544,,0.4472727272727272,0.2327242206235012,128.0,289.0,128.0,289.0,6.035481432524756,medium,0.0664221723615916,Erik Kratz,R,0.1272856058347384,0.1491432072128057,0.12366453107682732,-1.1926341029581857,0.027904354728509488,-4.262105,-2.4186392
456422,179,3462,0.4093009820912767,L,0.2378263937896965,0.7621736062103035,0.2111486486486486,0.6180308422301305,85.45499124343257,98.3,8.746059544658493,,0.4260249554367201,0.28267007963595,183.0,696.0,183.0,696.0,6.779921907472252,medium,-0.0353577586206896,Michael Bourn,L,-0.6211557370813263,-0.8451084208883405,0.7646667224050309,0.2849069407156185,0.4250455245556329,-6.133401,-6.616498
456488,180,6793,0.5277491535404093,R,0.1520223152022315,0.8479776847977685,0.3632990867579909,0.7029492246883551,88.14711842938569,104.5,7.2965779467680605,,0.3802153432032301,0.3127742594484167,564.0,1394.0,564.0,1394.0,7.580189417944541,high,-0.0244301286160546,Eduardo Núñez,R,-0.22586579905313253,1.2252960981396934,-0.6641143328785278,-0.33880520456647883,0.06904128380834035,-4.3722186,8.094242
456665,181,5243,0.4602326912073241,R,0.2237878159966846,0.7762121840033154,0.2391720965887313,0.6791951404707669,88.26757940854327,102.6,15.092004381161008,,0.4841735052754982,0.3339075757575757,477.0,843.0,477.0,843.0,7.186144304522325,high,0.0107182195960817,Steve Pearce,R,0.6727676857092291,-0.33671708958405494,1.8066182376250508,0.061282958461236214,0.32523290825104884,7.1801724,-4.0627384
456714,182,3298,0.4496664645239539,R,0.1800404585300067,0.8199595414699933,0.2965393794749403,0.6078914919852034,89.65842519685039,104.86,8.522834645669292,,0.3712,0.3152931034482759,303.0,567.0,303.0,567.0,6.769641976852503,medium,-0.0102587004732219,Billy Butler,R,-0.4665529799032483,0.2561498495670339,0.13319637833963754,0.3243656201926326,0.6570890278339139,-8.79559,2.0538266
456715,183,13305,0.4665163472378805,R,0.1833413887546319,0.8166586112453681,0.2666469806584969,0.6737599510104103,89.19076240419524,104.9,7.749899152884227,,0.3411469233989117,0.3314629958555358,909.0,2469.0,909.0,2469.0,8.12533508671429,high,0.0374494022913834,Lorenzo Cain,R,0.3296939126056762,0.5974434160220521,-0.0422741255803933,0.19541206795816585,1.6268367505416652,-6.847019,12.746626
456781,184,6347,0.4942492516149362,R,0.1979598342365317,0.8020401657634683,0.3219435736677116,0.6683560342096927,88.72652885443583,102.8,11.955211024978468,66.38078078078078,0.3712316968130921,0.3269390243902438,583.0,1057.0,583.0,1057.0,7.403061091090091,high,0.0129169418610878,Donovan Solano,R,-1.2478500484582982,0.49788671490418146,-0.252082776458582,0.5777701955446539,0.16947654149190539,-6.27092,11.744144
457449,185,68,0.4852941176470588,R,0.3939393939393939,0.6060606060606061,0.2727272727272727,0.6857142857142857,87.37777777777778,108.04,23.666666666666668,,0.4444444444444444,0.365125,4.0,12.0,4.0,12.0,2.833213344056216,low,0.1608333333333333,Jamie Romak,R,-0.07002936731034586,-0.6594354594120894,0.05045105716112383,-0.15073804772235597,-0.07042269148691614,-4.706302,-11.965728
457454,186,2229,0.4472857783759533,L,0.3350050150451353,0.6649949849548646,0.2576271186440678,0.6606291706387035,89.73543859649122,103.46,20.712280701754388,,0.4945848375451263,0.2832921960072595,130.0,421.0,130.0,421.0,6.313548046277095,medium,0.0082854924173213,Jarrod Saltalamacchia,L,0.10953475929924511,-0.7602992016692687,-0.016104605413789504,-0.45727551834111146,-0.7248284669544512,7.0369334,-17.902388
457477,187,2760,0.4525362318840579,L,0.2313851080864691,0.7686148919135308,0.2749326145552561,0.6590909090909091,87.01853546910755,100.28000000000002,14.988558352402746,,0.4275700934579439,0.296862518089725,111.0,580.0,111.0,580.0,6.539585955617669,low,0.0840270114942529,Alejandro De Aza,L,-1.1766622629553167,-0.3050735800246806,0.4672514882553401,0.2078739910416632,-0.3163589009591115,-8.41366,-7.274442
457574,188,483,0.432712215320911,R,0.1961722488038277,0.8038277511961722,0.2995780590717299,0.5609756097560976,81.77586206896552,97.74,11.758620689655173,,0.4470588235294118,0.246860465116279,32.0,97.0,32.0,97.0,4.867534450455582,low,-0.0080847293814433,Jordan Pacheco,R,-0.05976466121810405,0.33756656141400315,0.6386042757939956,0.2891586495716175,-0.21705825567448836,9.215945,15.762303
457705,189,19777,0.4262021540172928,R,0.2258868193142721,0.7741131806857279,0.1991311376035562,0.6537098896649458,89.54227694275664,103.9,14.228260869565217,70.34296028880867,0.4564437194127243,0.344365533069059,1282.0,3511.0,1282.0,3511.0,8.475120414994329,high,0.0453960465681515,Andrew Mccutchen,R,0.3102555371458921,-1.1089944870766175,1.3569035947255808,-0.3779395871322375,0.9596963360626846,0.015401141,-9.105449
457706,190,5975,0.4379916317991632,R,0.2243026366068017,0.7756973633931983,0.2339529989477376,0.6241997439180538,88.63034934497816,102.1,9.822757111597374,,0.3695408734602463,0.3099364406779661,514.0,902.0,514.0,902.0,7.256297239690681,high,0.0260388673678035,Austin Jackson,R,-1.2497889278205179,-0.21701113644349163,-0.11638386730396941,0.7183811392882827,0.641926338203263,14.432508,15.538457
457708,191,13866,0.4394922832828501,R,0.2904496225795865,0.7095503774204135,0.230736301369863,0.652814231554389,90.01417835671342,107.1,15.521303258145364,,0.4389865563598759,0.3367982535380909,862.0,2459.0,862.0,2459.0,8.10832229017324,high,-0.0201988462289671,Justin Upton,R,-0.18466380924908699,-1.3093624342588623,-0.11861850721848001,-0.0928377767051066,0.1746859244445506,-8.896308,-13.26074
457727,192,8604,0.4137610413761041,R,0.2140449438202247,0.7859550561797752,0.2238051470588235,0.6081843838193791,87.78301759133964,103.4,5.420162381596753,,0.3807854137447405,0.3154862132352941,654.0,1522.0,654.0,1522.0,7.685703061234547,high,-0.0145483409484543,Cameron Maybin,R,0.3119984020145357,0.10829714796844465,0.26840249143646167,0.871711393770744,1.1369468029079517,4.0421515,4.0099607
457759,193,17977,0.4500194693219113,R,0.157478368355995,0.842521631644005,0.2369536128456735,0.6621156621156621,89.91171612113797,102.8,17.495870296726828,64.90892857142858,0.3841121495327103,0.3658578713968958,1360.0,3150.0,1360.0,3150.0,8.414274137408396,high,0.0037607492997199,Justin Turner,R,-0.5878497167520965,0.17180623601876419,0.3426129067923818,-0.6107281974683103,0.9725099810090038,-18.438585,12.279861
457760,194,125,0.568,L,0.295774647887324,0.704225352112676,0.3924050632911392,0.8695652173913043,86.16842105263159,101.04,8.631578947368421,,0.55,0.1923125,2.0,30.0,2.0,30.0,3.49650756146648,low,0.2051333333333333,Danny Dorn,L,-0.2008543875943151,-0.22493979913929066,-0.2542283490473763,-0.2841065467782937,-0.6717183744254078,-6.296625,-2.5751183
457762,195,30,0.3,L,0.2222222222222222,0.7777777777777778,0.1,0.7,92.7,95.76,15.8,,0.4,0.3498571428571428,5.0,2.0,5.0,2.0,2.0794415416798357,low,0.6078,Bryan Anderson,L,0.015515225558747235,0.0027934128946890276,0.20350488402114386,0.04786510689927062,0.19952641291977655,4.0533743,-1.0013951
457763,196,11729,0.4574132492113564,R,0.1509785647716682,0.8490214352283317,0.2549344833305689,0.671578947368421,89.13010933557611,102.5,10.172834314550045,,0.3874143835616438,0.3469662596401028,876.0,2236.0,876.0,2236.0,8.043342170441608,high,0.0282239668847664,Buster Posey,R,0.225696495202203,0.5457175909918872,0.7611103377746914,0.09695931632736896,0.336160636960483,6.8757267,-9.251433
457775,197,1299,0.4311008468052348,R,0.2446428571428571,0.7553571428571428,0.2263843648208469,0.6145985401459854,86.93409090909091,101.5,7.954545454545454,,0.4476190476190476,0.2832469879518072,100.0,232.0,100.0,232.0,5.808142489980444,low,-0.0291172413793103,Desmond Jennings,R,-0.12704949006468597,0.21211676502775476,0.3525606342475548,0.0192466853068843,0.6066062460519975,2.8792236,4.694125
457787,198,4790,0.5052192066805845,L,0.3214876033057851,0.6785123966942149,0.3291476407914764,0.7192414431082331,87.95142857142856,104.51,13.428571428571429,,0.5137085137085137,0.2846372165754495,333.0,946.0,333.0,946.0,7.154615356913663,medium,0.0020592474080846,Danny Espinosa,L,0.19923328300352466,-0.39402391631403877,0.14839913250299508,-0.7889875579401577,-1.265861253221668,-5.4110756,-8.460685
457788,199,283,0.4876325088339223,L,0.2318840579710145,0.7681159420289855,0.3,0.6713286713286714,79.9325,95.94,9.4,,0.3157894736842105,0.2277916666666666,16.0,56.0,16.0,56.0,4.290459441148391,low,-0.0912321428571428,Jordan Schafer,L,-1.049632102094942,-0.43263793394949385,-0.30405309263779384,0.14182597016701037,0.06453344571475798,-10.606615,-5.473383
457789,200,258,0.437984496124031,L,0.1415929203539823,0.8584070796460177,0.226890756302521,0.6187050359712231,85.78372093023255,99.26,8.604651162790697,,0.3953488372093023,0.2006031746031746,18.0,45.0,18.0,45.0,4.1588830833596715,low,-0.0771666666666666,Jemile Weeks,L,-1.2620520529042787,0.0012577171419438623,0.15564552841564827,0.24151843023627736,0.1975251117810671,-8.0216255,18.425194
457803,201,10399,0.5054332147321858,L,0.2557077625570776,0.7442922374429224,0.3074131674442716,0.7539028620988725,89.02994475138122,104.0,17.490055248618784,,0.4949152542372881,0.3227124672407338,758.0,1913.0,758.0,1913.0,7.890582534656536,high,0.0427197649190995,Jay Bruce,L,1.5694907120798662,-0.3714340800991821,0.8444880412204571,-0.39624452222183737,-0.8939408614769679,18.09344,-11.816317
457926,202,359,0.4874651810584958,R,0.1542857142857142,0.8457142857142858,0.2484472049689441,0.6818181818181818,83.71666666666667,98.71,15.26923076923077,,0.3013698630136986,0.2123265306122449,39.0,59.0,39.0,59.0,4.59511985013459,low,0.0305058670143416,Paul Janish,R,-0.12880658578040044,0.3970864238162789,1.069862589426217,-0.07701545263372432,0.10154265034021177,12.482837,10.898713
458015,203,19054,0.4124593261257478,L,0.1991347499681893,0.8008652500318106,0.1799415970194341,0.6655705360078922,89.2893062605753,103.4,13.927894380501016,66.533,0.4358620689655172,0.382299198960814,1378.0,3241.0,1378.0,3241.0,8.438149984075784,high,0.0323574184892494,Joey Votto,L,-0.14467108394752531,-0.9789104582698108,0.8020424236788051,0.5392114843334942,0.1008242400533913,-1.7267805,-18.678885
458085,204,3546,0.4390862944162436,L,0.201669877970456,0.798330122029544,0.2361702127659574,0.6680672268907563,87.79964664310954,101.2,9.765017667844525,,0.4701627486437613,0.3067102272727272,85.0,795.0,85.0,795.0,6.78105762593618,low,0.1206198298187199,Chris Coghlan,L,0.036986256737927735,0.10282645404493349,0.6266929064523735,0.5736440755003968,0.30096325478763736,4.245281,4.9136124
458582,205,176,0.4829545454545454,L,0.2588235294117647,0.7411764705882353,0.3020833333333333,0.7,90.80384615384617,101.0,14.192307692307692,,0.3703703703703703,0.1986222222222222,3.0,42.0,3.0,42.0,3.828641396489095,low,-0.1007619047619047,Reid Brignac,L,-0.8092447966894732,-0.2313099617015582,-0.3291583084027213,0.04010996022014915,-0.15349168408861405,-12.065991,-6.7601666
458668,206,13,0.4615384615384615,L,0.6666666666666667,0.3333333333333333,0.3333333333333333,0.75,80.7,82.46000000000001,6.5,,1.0,0.0,2.0,2.0,2.0,2.0,1.6094379124341005,low,0.0,Jordan Danks,L,0.14665418316151488,-0.18608692804619203,0.07896595346625414,-0.04221464959086182,0.0025628129058595604,2.4106517,-3.6459968
458675,207,4324,0.473172987974098,L,0.3235581622678397,0.6764418377321603,0.2804097311139564,0.7011610297829379,88.93273905996759,104.04,19.20259319286872,,0.5612582781456954,0.3133949814126394,245.0,831.0,245.0,831.0,6.981934677156389,medium,0.01923619440556,Colby Rasmus,L,-0.19132781037183869,-1.1000957772612063,0.2311722047004865,-0.13611734118756424,-1.126857882255132,-7.6567655,-16.661942
458689,208,82,0.6097560975609756,R,0.4599999999999999,0.54,0.5434782608695652,0.6944444444444444,82.35,97.25,1.6,,0.5454545454545454,0.3286086956521739,9.0,14.0,9.0,14.0,3.1780538303479458,low,-0.1629126984126984,Chris Dominguez,R,-0.07648201366929393,0.024615900899479303,-0.48957175292079,-0.29269282918772327,-0.3773695614782673,-5.041611,1.8209695
458731,209,15758,0.367432415281127,L,0.1613126079447323,0.8386873920552677,0.2076857177824011,0.5394754184789772,87.40495207667732,101.4,10.71194566520176,,0.4303365999147848,0.3235288900833109,986.0,2735.0,986.0,2735.0,8.222016437202196,high,0.0446243559745022,Brett Gardner,L,-1.201326655912364,0.5826923256592764,0.6202017864856182,0.40349210932125124,0.8475742222384581,-7.2535167,18.176323
458913,210,1186,0.4881956155143339,L,0.2538860103626943,0.7461139896373057,0.2355072463768115,0.7082018927444795,85.4706976744186,101.12,3.186046511627907,,0.419047619047619,0.2625770392749245,88.0,243.0,88.0,243.0,5.805134968916488,low,0.0153980546202768,Eric Young,L,-0.3381287928919249,-0.2834090867475652,-0.0006575188669162641,1.0364937852061358,-0.1589004774692621,13.4492855,13.484055
459431,211,3506,0.452937820878494,L,0.2537783375314861,0.7462216624685138,0.2390243902439024,0.6905478627332932,88.73293885601578,104.5,10.741617357001973,,0.4888438133874239,0.3172260024301336,187.0,636.0,187.0,636.0,6.714170529909472,medium,-0.047538038543033,Michael Saunders,L,0.8328678126810294,-0.44831258842541816,0.44217639360054795,0.22287568903517163,0.26327654585018434,7.107539,-4.002724
459964,212,7467,0.4282844515869827,L,0.2592245153220762,0.7407754846779238,0.2056737588652482,0.6780335322534811,87.55523978685612,102.1,14.951154529307283,,0.4968210717529518,0.324911651021535,221.0,1590.0,221.0,1590.0,7.502186486602924,medium,0.0690429892711801,Matt Joyce,L,0.9177926845659063,-0.807497688646459,1.6373812962765708,-0.020423417434244265,0.3950181476978567,7.0291495,-13.90377
460003,213,62,0.6129032258064516,R,0.2894736842105263,0.7105263157894737,0.4074074074074074,0.7714285714285715,86.2909090909091,94.4,8.181818181818182,,0.0909090909090909,0.1762,10.0,5.0,10.0,5.0,2.772588722239781,low,0.2643,Taylor Teagarden,R,-0.32068644356642634,-0.012985334730030877,-0.252715371238597,0.060231497811274806,-0.07648965074292156,-4.0413103,2.0578015
460026,214,5155,0.5173617846750728,R,0.2335958005249343,0.7664041994750657,0.2705786471067645,0.7415771936319882,88.92881177707676,104.1,12.65720294426919,,0.4268817204301075,0.3144640522875817,439.0,938.0,439.0,938.0,7.228388451573604,medium,0.0528462098877561,Nick Hundley,R,0.4643396016614689,-0.8549712638106435,-0.20744727394978954,0.3442235940762979,0.2667675945148619,-1.4913718,-2.8682077
460055,215,471,0.4692144373673036,R,0.2760180995475113,0.7239819004524887,0.2745901639344262,0.6784140969162996,85.95526315789475,100.7,10.88157894736842,,0.4861111111111111,0.2399663865546218,62.0,57.0,62.0,57.0,4.787491742782046,low,0.065597623089983,John Mayberry,R,0.9214389829632801,0.1990145788080595,1.0158653621639975,-0.6313534273979007,-0.09344099795322021,7.5651813,-5.33402
460060,216,2780,0.4496402877697841,L,0.2224,0.7776,0.2525879917184265,0.6641622839969947,86.0270783847981,99.2,14.040380047505938,,0.452322738386308,0.2614696296296296,142.0,533.0,142.0,533.0,6.516193076042964,medium,0.0752954839732579,Cliff Pennington,L,-0.9333084159505202,-0.08027482559269333,0.47809415066499306,0.5307941058396578,-0.008374716767203453,-11.860289,-6.711943
460075,217,9696,0.5115511551155115,R,0.2125,0.7875,0.3478179434351002,0.7121872848290108,91.12585287846484,106.75,7.092217484008529,,0.3840659340659341,0.3548480916030534,750.0,1870.0,750.0,1870.0,7.8713112033234065,high,0.0357607700534759,Ryan Braun,R,1.2111642429000098,0.8655281653486142,-1.0814941627570345,0.34606199758299966,0.09003573662033887,-14.202744,8.601537
460077,218,2878,0.4656011118832522,R,0.2223880597014925,0.7776119402985074,0.2741589119541875,0.6461850101282917,85.36198347107437,98.5,18.723140495867767,,0.4261241970021413,0.2538101788170564,236.0,491.0,236.0,491.0,6.590301048196686,medium,-0.0002271307259484,Drew Butera,R,-0.3627791996260611,-0.24621513512528986,0.9599727452298352,-0.7702038177289078,-0.0118246193122271,-0.6424001,-7.1422186
460086,219,11196,0.4565916398713826,L,0.227112676056338,0.772887323943662,0.2521109770808202,0.6766178379380678,87.61806451612904,103.2,12.42258064516129,,0.4824175824175824,0.3056035335689046,814.0,2016.0,814.0,2016.0,7.9483852851118995,high,0.0133207692270192,Alex Gordon,L,0.6383164195163353,-0.46728016079378254,0.7846507638452531,0.5519136352381752,-0.3061563324405842,3.9714193,-12.026278
460099,220,1753,0.4107244723331432,R,0.2513888888888889,0.7486111111111111,0.2203196347031963,0.6009122006841505,86.35632183908046,103.2,12.260536398467432,,0.4247104247104247,0.3066166666666666,205.0,215.0,205.0,215.0,6.042632833682381,medium,-0.0279817356778218,Nolan Reimold,R,0.18582102872180853,-0.44301806600025656,0.38975786161686693,-0.06509966546827078,0.7010926863201745,-1.0621839,-8.374774
460131,221,246,0.4878048780487805,L,0.2916666666666666,0.7083333333333334,0.3285714285714285,0.6981132075471698,89.45675675675676,104.9,2.5135135135135136,,0.3243243243243243,0.3076885245901639,11.0,50.0,11.0,50.0,4.127134385045092,low,0.2776690909090908,Brian Bogusevic,L,0.4247042489753957,-0.07166258385465803,-0.6182399764436319,0.29219436460239306,0.1839931837488794,-12.144258,2.5040624
460269,222,2205,0.4353741496598639,R,0.2385416666666666,0.7614583333333333,0.2685185185185185,0.5955555555555555,87.0870588235294,102.41,13.08235294117647,,0.4892307692307692,0.3081857923497267,174.0,375.0,174.0,375.0,6.309918278226516,medium,0.0424532413793103,Chris Gimenez,R,0.6977243617157541,0.20786586532742932,1.5432680118633442,-0.5396027060126343,0.04274129053198426,-18.879166,-1.4653015
460576,223,6748,0.552756372258447,R,0.2780160857908847,0.7219839142091152,0.3626828595086944,0.77312,87.8938392857143,105.2,15.186607142857143,,0.416030534351145,0.3079247428262046,486.0,1361.0,486.0,1361.0,7.521859252201629,high,-0.0396807222358287,Carlos Gómez,R,-0.16834332096371998,-0.1073571878365364,-1.2708252010604921,-0.8397263780039708,-0.5700438049074064,-13.491199,-3.6508546
461235,224,5507,0.4944615943344834,L,0.3125229526257803,0.6874770473742197,0.3035594358629953,0.719256623171214,89.01980440097799,106.03,20.1479217603912,,0.5325,0.3129884393063584,367.0,1017.0,367.0,1017.0,7.233455418621439,medium,-0.0004903667623158,Brandon Moss,L,0.06081700568206394,-1.1486291834608193,-0.023849753015792972,-0.11731024229632006,-1.3763744410937528,4.8574634,-20.976051
461314,225,9166,0.5240017455814968,R,0.2731626067041433,0.7268373932958567,0.3475005059704513,0.7304142011834319,88.72599067599067,104.15,12.783673469387756,,0.4288310115081769,0.3294077669902913,649.0,1823.0,649.0,1823.0,7.813187267521416,high,0.0279357397811055,Matt Kemp,R,0.5516613476331137,-0.0525397375665066,0.17175949440040666,-0.2316286343053559,-0.9813447917274688,2.9972742,-9.821574
461416,226,1590,0.4484276729559748,L,0.2300140252454418,0.7699859747545582,0.2835294117647058,0.6378378378378379,86.81111111111112,104.3,3.6743295019157087,,0.42578125,0.2865346534653465,48.0,356.0,48.0,356.0,6.003887067106539,low,0.1380159176029962,Will Venable,L,0.5258044488533867,0.15524720516615464,-0.7111157634048614,0.5164309803402708,0.24109730570015056,-12.146392,1.7792506
461815,227,1475,0.4623728813559322,L,0.1378299120234604,0.8621700879765396,0.3281853281853282,0.6117478510028653,88.32000000000001,102.8,7.72258064516129,,0.4487179487179487,0.3184870466321243,24.0,362.0,24.0,362.0,5.958424693029782,low,-0.0060117403314917,David Murphy,L,0.6369001896338059,1.4250863831030756,0.5490842585764281,-0.6736380414895257,0.8800022995185405,-1.940375,11.799715
461858,228,4979,0.4476802570797349,R,0.2014356213548677,0.7985643786451323,0.2488870902468636,0.6435406698564593,89.48833333333333,104.71,12.85,,0.4476409666283084,0.3031264456437934,387.0,910.0,387.0,910.0,7.168579897264035,medium,0.025960865491098,Trevor Plouffe,R,0.12925651619907927,-0.37822558793558475,0.2791554136450679,0.4561049404344199,-0.7999737394044294,11.930265,-1.7336744
461865,229,3548,0.5307215332581736,L,0.2310143388210302,0.7689856611789697,0.3333333333333333,0.7285553047404063,83.73657770800628,99.4,7.240188383045526,,0.404399323181049,0.2659774193548387,213.0,717.0,213.0,717.0,6.836259277277067,medium,0.0146099554088828,Andrew Romine,L,-1.146927602317627,0.23709881580847264,-0.2602980142157151,0.32216751977930463,-0.9849616027090716,-9.212803,20.651735
462101,230,17408,0.4574333639705882,R,0.1758131357528569,0.824186864247143,0.2947198895663177,0.6197360872059667,87.49876473891072,102.3,8.58726150392817,66.50535117056856,0.4233975280252946,0.3062249728555917,1315.0,3290.0,1315.0,3290.0,8.43511508038063,high,0.0134862158632566,Elvis Andrus,R,0.09859291252182958,1.2045622609356958,0.6023986207049821,0.48371147183911395,0.4044062439917375,1.2625351,5.987129
462564,231,557,0.4236983842010772,R,0.2754237288135593,0.7245762711864406,0.2062937062937063,0.6531365313653137,89.74683544303798,105.02,17.0,,0.5,0.2726737588652482,43.0,98.0,43.0,98.0,4.955827057601261,low,0.0368737541528239,Dan Uggla,R,1.1583012165348638,-0.9068686388701873,0.9720790237729616,-0.7339267515879981,0.29812483832202896,7.166604,-13.824093
463610,232,1219,0.5118949958982772,R,0.25,0.75,0.3717532467532468,0.6550580431177446,86.54666666666667,100.86,10.004444444444443,,0.3532110091743119,0.2672650602409638,110.0,222.0,110.0,222.0,5.808142489980444,low,-0.0378109746109746,Gregorio Petit,R,-1.1668393439282585,0.40118932577049615,-0.3323302209924453,0.46957250469197,-0.7518132481455297,4.046975,14.848639
465041,233,7303,0.4016157743393126,R,0.2107057620184111,0.7892942379815888,0.1832187070151306,0.6180479825517994,87.79672268907564,102.0,9.343697478991595,,0.4094488188976378,0.3303329676357652,400.0,1423.0,400.0,1423.0,7.508787170634276,medium,0.0145686683063949,Francisco Cervelli,R,-1.0591560846333565,-0.9965318177222177,0.701370507144932,0.5841887666874304,0.47237711300639995,-8.714407,-4.461839
465674,234,507,0.5976331360946746,R,0.2475247524752475,0.7524752475247525,0.5137254901960784,0.6825396825396826,82.34242424242424,97.28,11.474747474747474,,0.4,0.270496644295302,46.0,103.0,46.0,103.0,5.0106352940962555,low,-0.0525759814267623,Pedro Ciriaco,R,-0.565696875161889,0.8638747342132373,-0.4845458423903649,-0.7724438780110562,-0.46234078796459394,-2.9204934,14.837814
465753,235,745,0.4590604026845638,L,0.3040935672514619,0.695906432748538,0.2349726775956284,0.6754617414248021,87.52790697674418,103.8,10.94186046511628,,0.4819277108433735,0.2909885714285714,39.0,136.0,39.0,136.0,5.170483995038151,low,-0.095697209653092,Pedro Florimón,L,-0.3501318398576147,-0.9685917955112278,0.0016017669742589696,0.29167256680400494,-0.5984343685667196,5.024831,-17.145256
465784,236,397,0.4710327455919395,L,0.2352941176470588,0.7647058823529411,0.2835051546391752,0.6502463054187192,88.39857142857143,101.9,-2.3142857142857145,,0.4305555555555556,0.2165673076923077,31.0,73.0,31.0,73.0,4.653960350157523,low,0.0834383561643835,Everth Cabrera,L,-0.3764472855787021,0.10578072008478515,-0.20644528481868513,1.2322561811613848,0.18161203959635894,14.373693,13.693085
466320,237,9666,0.47848127457066,L,0.1249729729729729,0.8750270270270271,0.3269082498072475,0.6540866458240285,89.16105165193113,103.6,9.631921824104234,,0.4339990258158792,0.3196616428033157,670.0,1984.0,670.0,1984.0,7.884199933676039,high,0.0102629679224843,Melky Cabrera,L,-0.024261931948259523,1.9604299864517505,-0.5609215153590177,-0.2275972817279907,0.8877822183567902,-3.6460185,12.706115
466988,238,600,0.4583333333333333,L,0.2436363636363636,0.7563636363636363,0.2852233676975945,0.6213592233009708,85.46185567010309,100.0,9.536082474226804,,0.4375,0.1787878787878788,46.0,119.0,46.0,119.0,5.111987788356544,low,0.0186655096821337,Emilio Bonifácio,L,-0.9009974244898151,0.20753422148411746,-0.38482037993104223,0.32844028733838126,-0.2703653382892104,3.6232896,14.646634
467055,239,5888,0.5487432065217391,L,0.2175796966883317,0.7824203033116682,0.4052033492822967,0.7374213836477987,89.26284153005464,105.1,10.375,,0.3614800759013282,0.2951866313699536,349.0,1162.0,349.0,1162.0,7.321188556739478,medium,0.077566593019643,Pablo Sandoval,L,-0.9801939445875281,1.0715399780399881,-1.667932998347828,-0.9306304152939853,0.06556054931286967,-11.311371,7.8224545
467070,240,1096,0.5200729927007299,L,0.2228070175438596,0.7771929824561403,0.3117546848381601,0.7603143418467584,84.81602209944752,100.2,15.558011049723756,,0.4444444444444444,0.2957781818181818,85.0,190.0,85.0,190.0,5.62040086571715,low,0.0391835913312693,Elián Herrera,L,-0.6780274705049906,-0.28826618894658806,-0.016992616452472048,-0.3859228613707375,0.3849263773443132,-11.867936,-4.3315763
467092,241,8636,0.5333487725798981,R,0.2082066869300911,0.7917933130699089,0.3297945995845834,0.7383221008598652,90.00335463258786,106.2,3.8881789137380194,,0.4006568144499179,0.3203853873946206,621.0,1870.0,621.0,1870.0,7.820840879907344,high,0.0388871907480602,Wilson Ramos,R,0.9742511836191987,0.12955067253998298,-1.1211709428883752,0.7128289175124345,0.03154090594829601,14.501999,0.7919328
467143,242,475,0.5642105263157895,R,0.2835820895522388,0.7164179104477612,0.465863453815261,0.672566371681416,86.08414634146341,106.26,13.865853658536585,,0.5,0.2310227272727272,44.0,88.0,44.0,88.0,4.890349128221754,low,0.0455454545454545,Héctor Gómez,R,0.182203788006806,0.5824708096343567,-0.5908144563988528,-1.5590857024265943,-0.23014054760891767,6.5003085,2.2441857
467793,243,22151,0.4056250282154304,L,0.188536449638286,0.8114635503617139,0.202734072736652,0.6299429657794677,89.74704308268664,105.6,13.381857104629384,70.14166666666667,0.5288753799392097,0.3364403192871728,1624.0,3763.0,1624.0,3763.0,8.591929537530255,high,-0.0132304988028365,Carlos Santana,L,0.24358820224521174,-0.41505731497844095,0.809252287228331,-0.03799184024267585,0.13669671956233567,3.181637,-17.953371
467798,244,137,0.4963503649635036,R,0.1470588235294118,0.8529411764705882,0.3472222222222222,0.6615384615384615,93.53225806451611,102.9,-0.7741935483870968,,0.3225806451612903,0.287390243902439,16.0,25.0,16.0,25.0,3.737669618283368,low,0.05061,José Tábata,R,-0.29844354137305595,0.23581572482516658,0.026647410937209452,0.0018643423601710342,0.3276890045592328,-8.910028,2.1000893
467827,245,7868,0.5222419928825622,L,0.1895838403504502,0.8104161596495497,0.3446695610226724,0.7200429876410532,87.0536231884058,100.8,8.664855072463768,,0.4354335620711166,0.3133197126178716,509.0,1718.0,509.0,1718.0,7.708859601047175,high,0.042379101664795,Gerardo Parra,L,-0.22972532317389985,0.6040458566769237,0.2332050365619702,-0.5757723349703273,0.42830979371998507,-7.678753,4.5875974
468406,246,490,0.4816326530612245,L,0.1694915254237288,0.8305084745762712,0.3293172690763052,0.6390041493775933,83.6680412371134,99.04,14.814432989690722,,0.4193548387096774,0.2456062992125984,35.0,92.0,35.0,92.0,4.852030263919617,low,-0.0957145962732919,Jonathan Herrera,L,-0.2869961824613186,0.735418652015714,0.38291560619509335,-0.27040312166525804,0.13560886257408583,-1.5803183,12.809587
471083,247,3638,0.4843320505772402,L,0.246311010215664,0.753688989784336,0.2628783855549654,0.721937321937322,86.88424778761062,100.66,11.730973451327433,,0.4342342342342342,0.3063318534961154,131.0,770.0,131.0,770.0,6.804614520062624,medium,0.0321158025180926,Miguel Montero,L,-1.4849861369245652,-0.3839446163771269,-0.45634619424094275,0.20370492812641927,-0.2866643035719762,-12.556855,-6.692894
471865,248,8961,0.5133355652270952,L,0.2902173913043478,0.7097826086956521,0.3394914580850218,0.7361853832442068,89.38703815869171,108.5,7.932162325863113,,0.4386292834890966,0.3422645480808914,671.0,1752.0,671.0,1752.0,7.793174347189205,high,0.0954768907920434,Carlos González,L,0.2730971286052234,-0.32755233058443495,-1.9407905101933756,-0.5076526999141088,0.10070080374282984,-8.124742,6.572095
472528,249,6426,0.4536258948023653,L,0.2562607204116638,0.7437392795883362,0.2487503675389591,0.6839669421487603,88.57179487179486,102.65,17.192102454642477,,0.4894795127353267,0.3126611624834874,304.0,1210.0,304.0,1210.0,7.323170717943469,medium,0.0495021422357546,Luis Valbuena,L,-0.6414257614440991,-0.7208199760387557,0.5251261100431791,-0.4661176097884197,0.16200753239080887,-4.88252,-7.5156217
473724,250,290,0.496551724137931,R,0.1666666666666666,0.8333333333333334,0.344,0.6121212121212121,84.69285714285714,101.82,21.557142857142857,,0.4142857142857143,0.1904597701149425,36.0,51.0,36.0,51.0,4.477336814478207,low,0.1015686274509803,Matt Mcbride,R,0.38601275324682566,0.796131769583726,0.705552000920368,-0.11760047941611138,-0.27734119875195895,9.414021,7.3203526
474233,251,1493,0.4621567314132619,L,0.2942028985507247,0.7057971014492753,0.2855361596009975,0.6671490593342981,88.58693693693694,102.88,17.806306306306308,,0.555045871559633,0.3008434065934066,121.0,243.0,121.0,243.0,5.8998973535824915,medium,0.0372635105261367,Hank Conger,L,0.5108536722260988,-0.3303781975675544,0.984479877256744,-0.3138748059361002,-1.24348336690875,4.3307867,-6.1143155
474249,252,43,0.4186046511627907,R,0.2777777777777778,0.7222222222222222,0.25,0.631578947368421,91.03333333333336,93.68,-16.0,,0.3333333333333333,0.0687,5.0,5.0,5.0,5.0,2.3978952727983707,low,0.1374,Ryan Jackson,R,-0.10502305126510378,0.126615412122952,-0.11715341796667528,0.2699151924980571,-0.02663413194364887,0.5886776,3.6089609
474319,253,224,0.5133928571428571,R,0.3043478260869565,0.6956521739130435,0.3611111111111111,0.6551724137931034,90.65882352941176,104.75,12.029411764705882,,0.4242424242424242,0.3519811320754717,18.0,35.0,18.0,35.0,3.9889840465642745,low,0.4608761904761904,Brandon Snyder,R,0.03788705673601222,-0.05767014198290703,-0.3376754268316595,0.2407107959775752,-0.27812168698702566,12.275596,-3.5066059
474443,254,1943,0.4379825012866701,R,0.199764982373678,0.800235017626322,0.2400813835198372,0.640625,85.33333333333333,98.7,5.653846153846154,,0.3116883116883117,0.288517316017316,112.0,350.0,112.0,350.0,6.137727054086234,low,-0.0031696428571428,Iván De Jesús,R,-0.6509692138955171,0.19064216205527482,0.17399077176665387,1.2311756046712912,-0.2606792920930725,3.8159714,15.325698
474494,255,190,0.3684210526315789,R,0.2714285714285714,0.7285714285714285,0.2234042553191489,0.5104166666666666,89.92083333333333,100.37,4.375,,0.3636363636363636,0.2700681818181818,8.0,36.0,8.0,36.0,3.80666248977032,low,0.0144305555555555,Thomas Field,R,-0.4222705396454996,-0.1766087697017523,0.5759577513422848,0.4465700259778558,0.01453731650939965,11.049541,12.425068
474568,256,9410,0.4278427205100956,R,0.1716343765524093,0.8283656234475907,0.2672628951747088,0.5956106040851804,86.73826037521319,101.4,10.827743035815804,,0.4204345273047563,0.2966631623212784,571.0,1807.0,571.0,1807.0,7.774435510302958,high,0.0460951088247009,Jordy Mercer,R,0.01448117595942557,0.984428022991937,1.0354414203575177,-0.12064876849012232,0.3231393763118838,4.1069016,9.2417755
474832,257,16377,0.4642486413873115,L,0.2456924898066552,0.7543075101933447,0.2170222271864179,0.7623922413793104,88.3499362515937,103.7,21.157246068848277,70.95186440677966,0.439810834049871,0.3552001510574018,1048.0,2924.0,1048.0,2924.0,8.287276755814599,high,0.0444319803991186,Brandon Belt,L,-0.8917033920063121,-1.685629643151826,0.04904852702573277,-0.16079177922571547,-0.6175478889896203,-7.1825085,-18.091034
474865,258,36,0.6388888888888888,L,0.2608695652173913,0.7391304347826086,0.5,0.7777777777777778,83.54444444444444,92.94,12.333333333333334,,0.1111111111111111,0.2701538461538461,4.0,9.0,4.0,9.0,2.6390573296152584,low,-0.2438888888888888,Julio Borbon,L,0.07159592695194857,0.23438230627038822,-0.22367434494650698,0.21438667622450938,0.0458574722016426,-1.7978748,7.692131
474892,259,5578,0.4514162782359268,R,0.3621922160444797,0.6378077839555203,0.2505785123966942,0.6893850372111242,91.2131994261119,108.2,19.99139167862267,,0.4077380952380952,0.3268785332314744,407.0,902.0,407.0,902.0,7.177782416195197,medium,0.0067121112243063,Chris Carter,R,0.8521649153959078,-1.6357670809108222,0.12395965428631302,-0.12338156993994455,-0.28987343369100216,10.984012,-16.078388
475100,260,1544,0.4572538860103627,R,0.2577903682719547,0.7422096317280453,0.2445582586427656,0.6749672346002621,87.36590909090908,103.17,16.803030303030305,,0.4609375,0.286880195599022,186.0,223.0,186.0,223.0,6.016157159698354,medium,0.0593441824581705,Scott Van Slyke,R,0.25221407027689885,-0.2494259795159471,0.004557512690340074,-0.667756351506487,0.024490881233018916,-3.6246746,-5.5909486
475174,261,8948,0.4742959320518551,L,0.207822808671065,0.7921771913289349,0.2710553814002089,0.707902954600048,88.3251968503937,104.0,13.60266505148395,,0.4777227722772277,0.320088085106383,449.0,1901.0,449.0,1901.0,7.762596048540069,medium,0.0316359025668121,Yonder Alonso,L,1.3876824347211507,-0.18549156182264484,0.8094113355878909,0.3412152168585047,-0.1308686781246898,10.24587,3.3529036
475247,262,2773,0.4496934727731698,L,0.2293504410585405,0.7706495589414595,0.2548611111111111,0.660165041260315,88.74677060133631,103.5,6.8240534521158125,,0.4611872146118721,0.2660814606741573,114.0,598.0,114.0,598.0,6.569481420414296,medium,0.0256016546382679,Ryan Flaherty,L,0.7881767001941715,-0.42099020041637975,0.4055139188928797,0.45711000002998214,-0.553486018639119,9.178442,-12.0679865
475253,263,10230,0.4188660801564027,L,0.239906651108518,0.760093348891482,0.236441739752998,0.6383803575274607,90.16660256410256,104.8,15.88076923076923,,0.4883561643835616,0.3372889417360285,650.0,1873.0,650.0,1873.0,7.833600223661104,high,0.0200248675510287,Justin Smoak,L,0.8740016046291874,-0.2926054223196781,0.847517046983865,-0.28844693130228954,-0.29489095589457753,5.9505696,-4.619118
475582,264,8723,0.4288662157514616,R,0.226944667201283,0.773055332798717,0.2902879243661366,0.5873679036618333,91.93322475570032,107.4,8.241042345276872,,0.3693754197447951,0.3338289711191335,595.0,1621.0,595.0,1621.0,7.703910209616312,high,0.0915922975235745,Ryan Zimmerman,R,0.3534550155762137,0.5264109118154157,-1.0316651401483588,0.098327901534541,0.3303823180165431,-15.492385,6.064727
476192,265,199,0.4974874371859296,L,0.303030303030303,0.696969696969697,0.3047619047619048,0.7127659574468085,86.4470588235294,104.42,6.647058823529412,,0.5142857142857142,0.2028076923076923,3.0,49.0,3.0,49.0,3.970291913552122,low,-0.0277959183673469,Johnny Monell,L,0.6277490057240415,-0.3843221478584491,-0.2852983612349587,0.302109039590331,-0.2269580190235702,15.141053,-6.1045303
476270,266,140,0.4214285714285714,R,0.1694915254237288,0.8305084745762712,0.2166666666666666,0.575,81.96896551724137,98.02,-1.4137931034482758,,0.3793103448275862,0.3339333333333333,25.0,20.0,25.0,20.0,3.828641396489095,low,0.15459,Steven Tolleson,R,-0.410309945858836,-0.3182185589670803,0.3213110627226855,0.46596262619561923,-0.14628282522372604,4.2501984,-8.718217
476633,267,441,0.492063492063492,L,0.1705069124423963,0.8294930875576036,0.3416666666666667,0.6716417910447762,89.31917808219178,102.16,25.82191780821918,,0.4202898550724637,0.3290090909090909,18.0,92.0,18.0,92.0,4.709530201312334,low,0.0698900966183574,Chris Parmelee,L,-1.3081689069004412,-0.36680732561889345,-0.30443403053156276,-0.7438952356072825,0.46751176285739826,-15.191498,-9.773143
476704,268,10589,0.4650108603267542,L,0.1825751421608448,0.8174248578391552,0.2217659137577002,0.7140672782874617,88.74952025586354,101.5,16.538912579957355,,0.4273079049198452,0.318315233785822,757.0,1895.0,757.0,1895.0,7.88344635413774,high,0.0116018138534626,Jed Lowrie,L,-1.5275720512960196,-0.8012256045149636,-0.2602586342286326,1.3310250328719975,-0.021413072303581335,-16.95923,-15.811127
476883,269,4119,0.4556931294003399,L,0.3042088438998401,0.6957911561001598,0.2879377431906614,0.6705426356589147,92.14397496087636,109.8,9.838810641627544,,0.5152487961476726,0.3354135559921414,118.0,900.0,118.0,900.0,6.926577033222725,medium,0.0114721468926554,Pedro Álvarez,L,1.411300686557623,-0.6288356805785859,-0.19533873908978314,-0.14544332339241903,0.07385447632786392,14.05695,-8.404286
477165,270,1520,0.4342105263157895,L,0.3318181818181818,0.6681818181818182,0.287221570926143,0.6221889055472264,88.16868686868688,106.83,10.41919191919192,,0.5368421052631579,0.3106824512534819,71.0,288.0,71.0,288.0,5.886104031450156,low,-0.0141954225352113,Brett Wallace,L,0.10616161363130644,-0.26650581284539365,-0.05054866967075489,0.9038154535748072,-1.7048678805834414,3.6113045,-19.125433
477195,271,984,0.4430894308943089,L,0.1743119266055045,0.8256880733944955,0.2734375,0.6271186440677966,87.70391061452514,103.62,5.648044692737431,,0.4080459770114942,0.2843385826771653,20.0,234.0,20.0,234.0,5.541263545158426,low,0.0563235042735043,Ike Davis,L,0.42526012299568683,0.11519701212128985,-0.44319119597743,-0.04536646329161654,1.4162956069065262,-8.582244,3.7114563
485567,272,3195,0.4081377151799687,L,0.2300613496932515,0.7699386503067485,0.2428741092636579,0.5923229649238915,85.78514851485149,101.56,4.407920792079208,,0.5,0.3150037037037037,149.0,661.0,149.0,661.0,6.698268054115413,medium,0.0148493435815166,Ezequiel Carrera,L,-0.34854244614598295,-0.04530224799299439,0.8615636285594765,0.6216812655079997,-0.6639972580026879,4.0082173,-8.6630125
488671,273,6098,0.3673335519842571,L,0.34375,0.65625,0.1346911957950065,0.5992141453831041,90.48645833333332,104.7,10.589285714285714,,0.4719626168224299,0.3196513958482462,209.0,1188.0,209.0,1188.0,7.242797922793756,medium,0.0515727449937976,Alex Avila,L,-0.19483977237778613,-1.9502160677009137,0.7605133053600479,0.6921989009446624,0.3214477547305598,-0.33134577,-17.846676
488681,274,1504,0.5285904255319149,R,0.289308176100629,0.710691823899371,0.348,0.7082228116710876,86.81589147286822,101.73,11.887596899224809,,0.3524904214559387,0.2790547263681592,107.0,295.0,107.0,295.0,5.998936561946683,low,-0.052035925867258,Brandon Barnes,R,-0.2291545788025167,0.24009545651864547,-0.8526970650594821,0.3631459914876318,-0.4225491611772477,17.20182,-8.042934
488689,275,244,0.4795081967213114,L,0.1623931623931623,0.8376068376068376,0.2384615384615384,0.7543859649122807,83.55116279069767,98.58,18.697674418604652,,0.3571428571428571,0.2810307692307692,5.0,60.0,5.0,60.0,4.189654742026425,low,-0.5726166666666667,Mike Baxter,L,0.10938550402041226,-0.3278027503009248,0.36416417387795685,0.023955181261434,0.08469190408610128,2.5166068,-7.5725484
488703,276,9,0.4444444444444444,R,0.25,0.75,0.5,0.4,85.30000000000001,87.22,-8.5,,0.0,0.0,1.0,1.0,1.0,1.0,1.0986122886681098,low,0.0,Jeff Bianchi,R,-0.12222811211682534,0.1081438015314002,0.017504496242038616,0.09962466188608896,-0.021930311575125216,-0.0080857165,3.0489821
488721,277,3245,0.5035439137134052,R,0.2772337821297429,0.7227662178702571,0.3191237418590882,0.7037275064267352,86.86434782608696,102.8,9.539130434782608,,0.4245115452930728,0.2720632054176072,317.0,569.0,317.0,569.0,6.787844982309579,medium,0.0110371840574809,Peter Bourjos,R,0.9095726118270335,0.10051685734829674,0.2074344367086978,-0.16885024385326178,-0.5571816152799411,-2.2889223,-1.9549171
488726,278,12002,0.4336777203799367,L,0.0977905859750239,0.902209414024976,0.2324495581123895,0.6346378018318068,89.27896143566247,103.1,9.993508972890416,67.37764705882353,0.4487728866380989,0.3548206686930091,1054.0,2236.0,1054.0,2236.0,8.098946748943339,high,0.0721868179148859,Michael Brantley,L,-0.44654231019620183,1.0156258066244415,0.6070353552651911,0.5860433109108173,0.6446403990496434,1.7448778,9.477102
488771,279,7553,0.4439295644114921,L,0.3095735162541008,0.6904264837458992,0.2253333333333333,0.6594793584012622,89.19707602339182,104.5,13.530214424951268,,0.4596211365902293,0.3001797631862217,453.0,1405.0,453.0,1405.0,7.527793987721444,high,0.074482989638079,Jason Castro,L,-0.5829712769217991,-1.42024688076492,-0.4772032108900672,0.7576212510957567,-0.11392439684329299,-9.133836,-12.157783
488810,280,697,0.5251076040172167,R,0.2158469945355191,0.7841530054644809,0.3387622149837133,0.6717948717948717,85.204,102.08,9.72,,0.36,0.2245277777777777,44.0,136.0,44.0,136.0,5.198497031265826,low,0.0491443850267379,Tony Cruz,R,-0.28652119907222867,0.0858991129718511,-0.7132849830512673,0.30249204261175255,-0.3174957845320615,12.163282,-3.2865458
488818,281,1639,0.4673581452104942,R,0.2571801566579634,0.7428198433420365,0.3429895712630359,0.6056701030927835,85.09078014184396,99.68,14.25177304964539,,0.3835125448028674,0.2710159453302961,202.0,237.0,202.0,237.0,6.0867747269123065,medium,0.0143305343192547,Chase D'Arnaud,R,-0.3362110234463324,0.5452039312904169,0.4109346654019788,0.19226588254206392,-0.7427353451368295,5.3035264,13.67685
488852,282,149,0.3825503355704698,L,0.4035087719298246,0.5964912280701754,0.189873417721519,0.6,85.10000000000001,101.6,12.789473684210526,,0.631578947368421,0.2512631578947368,3.0,35.0,3.0,35.0,3.6635616461296463,low,0.0241714285714285,Allan Dykstra,L,0.07716341921348865,-0.6007332810168216,0.5128440457974582,0.2361268786347419,-0.8866163731583514,4.65842,-16.152143
488862,283,5283,0.4857088775317055,R,0.1597817614964926,0.8402182385035074,0.2591337099811676,0.7146118721461188,89.38769874476988,103.5,2.8418410041841,,0.3700173310225303,0.3328071661237785,378.0,1157.0,378.0,1157.0,7.336936913707618,medium,0.0288993680061095,Yunel Escobar,R,-0.5152692062021287,-0.09961865379779239,0.029930265751599922,1.280411707757565,0.28460650072815774,19.01347,-6.892893
488912,284,1007,0.4716981132075472,R,0.1978947368421052,0.8021052631578948,0.3046218487394957,0.6214689265536724,86.8342541436464,101.6,10.828729281767956,,0.4055555555555555,0.2196150943396226,60.0,205.0,60.0,205.0,5.583496308781699,low,0.0960699186991869,Tuffy Gosewisch,R,-0.17042483629567426,0.6704873906016177,0.1362022160016815,-0.07424390004589182,-0.06764222425055305,5.1293173,9.042833
489067,285,50,0.48,L,0.0416666666666666,0.9583333333333334,0.3,0.75,81.7,94.56,0.3,,0.5,0.1883846153846153,2.0,11.0,2.0,11.0,2.6390573296152584,low,-0.2979545454545454,Ryan Lollis,L,-0.14282050851172798,0.2510604236132112,-0.06197011026897521,0.01599782477792717,0.15571600984066092,-1.4308366,9.396687
489138,286,1537,0.5048796356538712,R,0.2577319587628865,0.7422680412371134,0.3236409608091024,0.6970509383378016,88.33686131386861,102.57,16.54014598540146,,0.4740740740740741,0.2723375,138.0,262.0,138.0,262.0,5.993961427306569,medium,-0.0204621639561898,Tyler Moore,R,0.05622773622767314,-0.26804261484580594,0.443946871647407,-1.0342660078560948,-0.14910940905305986,-3.450871,-4.4804387
489149,287,7495,0.4701801200800534,L,0.2272985244040862,0.7727014755959137,0.2701552328492739,0.6983718937446444,89.33225039619651,106.19,15.29635499207607,,0.5083612040133779,0.3177921875,467.0,1453.0,467.0,1453.0,7.560601162768557,high,0.0503037605132112,Logan Morrison,L,1.527230224477026,-0.17811691215792583,0.1684035581339088,0.25927008212810226,-0.6633522759039897,11.657762,1.0741274
489232,288,827,0.3748488512696493,R,0.3290322580645161,0.6709677419354839,0.1933962264150943,0.56575682382134,91.65043478260868,105.86,17.182608695652174,,0.4464285714285714,0.2842634146341463,56.0,149.0,56.0,149.0,5.327876168789581,low,0.0759475071907957,Anthony Recker,R,0.03893191476720918,-1.0761848435675756,0.059852881520796854,-0.20367600625087942,0.2192116252984264,-2.0781658,-16.342676
489267,289,2807,0.4463840399002494,R,0.3248204309656823,0.6751795690343176,0.2374397797660013,0.670605612998523,88.05397590361446,103.2,15.301204819277109,,0.4797979797979798,0.2938739255014326,316.0,382.0,316.0,382.0,6.54965074223381,medium,0.028696914971171,Adam Rosales,R,0.3637008835642507,-0.4708753481227882,0.42781025979856907,-0.2102192042128609,-0.3857620970998085,4.66672,-5.647454
489305,290,428,0.4462616822429907,R,0.2513089005235602,0.7486910994764397,0.235576923076923,0.6454545454545455,90.24857142857144,102.54,7.814285714285714,,0.4246575342465753,0.2651696428571428,16.0,96.0,16.0,96.0,4.727387818712341,low,-0.0897395833333332,Xavier Scruggs,R,-0.8996752378574828,-0.9329515265196756,-0.34997210899081266,-0.023229029911254313,0.30688787547994456,-9.289121,-12.0966015
489365,291,731,0.4336525307797537,L,0.1798107255520504,0.8201892744479495,0.2419354838709677,0.6323119777158774,85.44384615384615,98.3,11.83846153846154,,0.4728682170542636,0.2210430107526881,51.0,135.0,51.0,135.0,5.231108616854587,low,-0.0481359477124183,Josh Thole,L,-0.085652180295975,0.3090977791283206,1.0891583100107516,0.2668244566142662,-0.5947701894837747,8.890782,11.257985
491676,292,3577,0.4861615879228403,R,0.2679700977573318,0.7320299022426682,0.276013143483023,0.7053112507138778,86.30691927512356,103.2,11.322899505766063,,0.3903281519861831,0.2852511013215859,371.0,537.0,371.0,537.0,6.812345094177479,medium,-0.0265306007719837,Gorkys Hernández,R,-1.1662841362161014,-0.6255224374996285,-0.2748062843638226,0.9214771259481005,-0.16183632693736438,5.086873,24.056824
491696,293,2276,0.4806678383128295,R,0.1901279707495429,0.8098720292504571,0.3253012048192771,0.6427289048473968,86.42702127659574,100.7,11.646808510638298,,0.350561797752809,0.2523666121112929,181.0,430.0,181.0,430.0,6.416732282512326,medium,0.0531368495438777,Jesús Sucre,R,0.10786334428120344,0.9733125458315584,0.45623765315971637,0.5936978862405298,-0.16763878480099148,5.0775976,16.830307
492802,294,407,0.5823095823095823,R,0.1814345991561181,0.8185654008438819,0.4669811320754717,0.7076923076923077,81.56095238095237,96.92,6.219047619047619,,0.3883495145631068,0.2124375,33.0,95.0,33.0,95.0,4.859812404361672,low,-0.0570564593301435,Juan Graterol,R,-0.5515306552396162,1.0105783266692483,-0.19526478327296315,-0.03172274493195871,-0.2421560642895945,-3.3474696,14.919298
492841,295,614,0.5293159609120521,L,0.2461538461538461,0.7538461538461538,0.3725490196078431,0.685064935064935,86.34684684684684,100.6,11.81981981981982,,0.3465346534653465,0.2471685393258427,56.0,122.0,56.0,122.0,5.187385805840755,low,0.0127778103044496,Michael Martínez,L,-0.03874956089545548,0.5212139523769117,-0.013726346150388482,-0.015062223456345735,-0.5179114041854357,-1.1061531,22.263556
493114,296,4538,0.4616571176729837,L,0.1083532219570405,0.8916467780429594,0.2571950662402923,0.6521924223073648,86.2583247156153,98.7,3.0641158221303,,0.3876050420168067,0.3219550653594771,284.0,940.0,284.0,940.0,7.110696122978827,medium,0.0369099940065926,Nori Aoki,L,-0.5612808910229866,0.7173197051755488,1.1973853508232564,0.6907482513602764,0.4329025183496025,-0.48792073,15.930974
493128,297,224,0.4107142857142857,L,0.2391304347826086,0.7608695652173914,0.209090909090909,0.6052631578947368,85.36451612903227,96.6,3.838709677419355,,0.303030303030303,0.330051724137931,13.0,45.0,13.0,45.0,4.07753744390572,low,-0.0981863247863247,Munenori Kawasaki,L,-0.8697932946020501,0.1586102062347261,-0.191585310608472,0.36429620748891,0.33450589199356856,-7.95718,16.532827
493193,298,1266,0.4739336492890995,R,0.2266666666666666,0.7733333333333333,0.3063209076175041,0.6332819722650231,87.51596244131456,103.18,6.845070422535211,,0.3686635944700461,0.3181238095238095,172.0,143.0,172.0,143.0,5.755742213586912,medium,0.033960278093999,Dae-Ho Lee,R,0.575306545021582,0.28938970086747623,0.5010799532187747,-0.7209707507808311,0.6468138377076946,-17.508106,0.81851566
493316,299,6945,0.4833693304535637,R,0.2207327971403038,0.7792672028596962,0.3441295546558704,0.6425925925925926,91.45083333333334,107.5,15.4025,,0.4273356401384083,0.3641420222092343,387.0,1324.0,387.0,1324.0,7.445417556701687,medium,-0.0196347611575603,Yoenis Céspedes,R,-1.3939028877912898,0.3324269049416026,-0.5489315864347307,-1.3356415864977378,0.033779956571570756,-15.343006,-10.927528
493329,300,12684,0.4805266477451907,R,0.1404429860541427,0.8595570139458573,0.3218647602025618,0.6589614740368509,89.22795662487293,103.6,13.111148763131142,69.33787878787878,0.4110797459421312,0.3267862658576944,1103.0,2523.0,1103.0,2523.0,8.196161139282902,high,0.0133368926097491,Yuli Gurriel,R,0.7667322973818861,1.6106813118095902,-0.028757996315227956,-0.43565623223377103,0.9155815882665748,-0.49795732,9.985939
493343,301,359,0.5125348189415042,R,0.1902173913043477,0.8097826086956522,0.3796791443850267,0.6569767441860465,85.69876543209877,101.7,9.876543209876544,,0.4189189189189189,0.2929537037037037,21.0,87.0,21.0,87.0,4.6913478822291435,low,-0.1784646962233169,Héctor Olivera,R,0.0632336837376056,0.6776855126291171,-0.5698264625967192,-0.6489001286789043,0.22305787535816618,-11.567503,10.834748
493351,302,4006,0.4847728407388916,R,0.1529351184346035,0.8470648815653965,0.3193359375,0.6578140960163432,84.61786492374728,99.1,8.75599128540305,,0.4324009324009324,0.2721721677074041,274.0,847.0,274.0,847.0,7.022868086082641,medium,0.0605949292910142,Alexei Ramírez,R,0.8502194633947707,1.8268400062071815,1.0260900360125407,0.03514762834212862,-0.08407092014655482,13.051926,4.9009824
493472,303,1246,0.4125200642054574,R,0.2101167315175097,0.7898832684824902,0.1912751677852349,0.6153846153846154,87.5295918367347,101.9,8.857142857142858,,0.4444444444444444,0.2655379537953795,85.0,218.0,85.0,218.0,5.717027701406222,low,-0.0175574203993523,Eric Campbell,R,0.01939176123420745,-0.4808136921026613,0.9919121755538379,0.017909722502224543,0.3531581420967513,3.120324,-8.40154
493596,304,3267,0.4716865625956535,R,0.208955223880597,0.7910447761194029,0.2763975155279503,0.6614363307181653,86.24893238434164,101.6,12.724199288256228,,0.4349442379182156,0.2686581196581196,264.0,555.0,264.0,555.0,6.709304340258298,medium,-0.0077738124488124,Gordon Beckham,R,-0.9756827241043896,-0.16767768267695682,0.0979823885424267,-0.14045553004715744,0.3321032499374683,-17.804651,11.471612
499624,305,1496,0.5006684491978609,R,0.2870493991989319,0.7129506008010681,0.3073878627968338,0.6991869918699187,89.67470817120623,104.8,9.089494163424124,,0.3346303501945525,0.3596734693877551,109.0,283.0,109.0,283.0,5.973809611869261,low,0.004734852659902,Chris Colabello,R,0.5312764997795661,-0.546861630512702,-0.2013251134306382,0.5930256614714506,0.07351030478857792,8.280037,-9.3269205
499864,306,55,0.509090909090909,R,0.3571428571428571,0.6428571428571429,0.3333333333333333,0.6785714285714286,83.26,97.7,22.0,,0.3333333333333333,0.092235294117647,8.0,9.0,8.0,9.0,2.8903717578961645,low,-0.0120138888888888,Luis Jiménez,R,-0.0545283521088693,0.04545008170820792,0.24521948663046486,-0.5186971841607344,-0.13180728445025278,-4.161105,-3.1731563
500135,307,1802,0.5344062153163152,R,0.3250259605399792,0.6749740394600208,0.4191321499013806,0.682741116751269,87.601775147929,102.9,14.872781065088756,,0.513677811550152,0.2723239436619718,127.0,370.0,127.0,370.0,6.210600077024653,medium,0.0418294317939987,Ronny Rodríguez,R,0.0934379767320576,1.019758431326204,-0.2584783200815769,-0.43502173669306654,-1.384584157510448,0.6716845,20.228731
500207,308,69,0.4782608695652174,R,0.1515151515151515,0.8484848484848485,0.34375,0.5945945945945946,83.93684210526315,98.78,6.0,,0.4375,0.0925238095238095,2.0,19.0,2.0,19.0,3.091042453358316,low,-0.1022631578947368,Jhonatan Solano,R,-0.15453144659762227,0.600571436544658,0.015875013172665674,0.2067454170430741,-0.04249590527079818,2.6998837,10.967115
500208,309,7425,0.5092255892255892,L,0.1459931235122983,0.8540068764877017,0.3405151064883606,0.7103631532329495,87.1115732368897,102.5,13.104882459312838,,0.4893890675241157,0.3127208194378275,584.0,1515.0,584.0,1515.0,7.649692623711514,high,0.0403187508476874,Yangervis Solarte,L,-0.28357554734013646,1.1157377555284576,-0.23705998771489747,-0.36406352889504373,-0.9076040916865403,2.217948,19.020714
500743,310,12039,0.4743749480853891,R,0.1551392050428996,0.8448607949571003,0.3026681944671796,0.651264755480607,86.02151802656547,101.1,9.653889943074004,67.1436305732484,0.3432547352145342,0.2941065821256038,921.0,2391.0,921.0,2391.0,8.105609402299896,high,0.0352582948815931,Miguel Rojas,R,-0.2113631558123742,1.2666456499951586,0.6779195171138729,0.3904120494230862,0.23404641181535746,5.0593247,16.980606
500871,311,16743,0.5131099563996894,L,0.2204632755208939,0.779536724479106,0.341755019174374,0.7059794337945918,86.99485844451677,102.0,17.934244791666668,66.83936170212766,0.4624335106382978,0.3169809035863996,1355.0,2939.0,1355.0,2939.0,8.365206834418355,high,-0.0161802229590856,Eduardo Escobar,L,-1.897420863668243,0.33368009254346087,-0.22003673686857536,-1.085650589969958,-0.543595580724882,-13.649876,-9.460645
500874,312,5609,0.4307363166339811,R,0.2052980132450331,0.7947019867549668,0.2648539778449144,0.6186311787072243,90.18508230452674,105.69,8.339506172839506,,0.3094462540716612,0.3455050724637681,344.0,1036.0,344.0,1036.0,7.2305631534092925,medium,0.0548665821136751,José Martínez,R,1.3241146460322333,0.7977734319835761,-0.16960889263589257,0.29755842944301325,1.08202674739105,14.775191,2.8051627
500887,313,30,0.4666666666666667,R,0.3571428571428571,0.6428571428571429,0.2352941176470588,0.7692307692307693,91.2,91.2,23.0,,0.0,0.1151666666666666,0.0,6.0,0.0,6.0,1.9459101490553132,low,,Josmil Pinto,R,-0.07745886747697836,-0.2157090313273107,-0.1262202113064898,-0.07965449241010197,0.09953021331558977,-2.5178974,-2.923303
501213,314,225,0.4577777777777778,R,0.2718446601941747,0.7281553398058253,0.2545454545454545,0.6521739130434783,88.55555555555556,106.0,4.916666666666667,,0.4857142857142857,0.1912333333333333,29.0,31.0,29.0,31.0,4.110873864173311,low,-0.1585606229143492,Moisés Sierra,R,0.19901417004594288,-0.20148273220212576,-0.39799733993888275,0.06507545623306749,0.236327443664945,-13.213239,1.0713376
501245,315,31,0.4838709677419355,R,0.3333333333333333,0.6666666666666666,0.3125,0.6666666666666666,85.74,97.32,-3.6,,0.4,0.395875,6.0,2.0,6.0,2.0,2.1972245773362196,low,-0.0595,Alfredo Marte,R,0.055046972495386676,-0.02785760614167867,0.06551166232249281,0.15108973429433942,0.03808128679492471,2.4114993,0.44523057
501255,316,545,0.5321100917431193,L,0.1655172413793103,0.8344827586206897,0.3785714285714285,0.6943396226415094,83.01100000000001,99.81,9.21,,0.3137254901960784,0.2581259259259259,53.0,82.0,53.0,82.0,4.912654885736052,low,-0.010385181776346,Rafael Ynoa,L,-1.4450739942125232,0.34577322696431095,-0.44749185235860073,0.24039242243092404,-0.09119074255437251,-9.060974,19.740398
501303,317,5372,0.4646314221891288,L,0.1686698717948718,0.8313301282051282,0.2572583608967291,0.6774801961523953,85.3954356846473,100.4,14.4392523364486,,0.4713983050847458,0.2910220797720798,440.0,964.0,440.0,964.0,7.247792581767846,medium,-0.0144196152395322,Ehire Adrianza,L,-0.2475547317325388,0.08269364096392995,1.0428687719560044,-0.061863440606205154,-0.4421057240067118,1.5580442,14.339003
501571,318,6152,0.4855331599479844,R,0.2152661533311014,0.7847338466688986,0.3317535545023696,0.6484767325075327,89.0033883579496,104.6,9.560382276281494,,0.3324372759856631,0.276590458488228,550.0,1064.0,550.0,1064.0,7.387090235656757,high,0.0245526794258373,Juan Lagares,R,-0.22610154662975324,0.6670743513142976,-0.4773445433467068,0.08878253535686811,0.5655576607231104,-6.020158,9.305239
501647,319,857,0.5379229871645275,R,0.2516268980477223,0.7483731019522777,0.3518518518518518,0.7270588235294118,88.32690058479533,106.0,5.7894736842105265,,0.4342857142857143,0.3034686192468619,91.0,148.0,91.0,148.0,5.480638923341991,low,0.02806237006237,Wilin Rosario,R,0.8028888795543119,0.20727310656242975,-0.7911791649283175,0.46322848084338264,-0.4629020520247403,15.721827,-1.5239172
501659,320,4214,0.4629805410536307,L,0.2409021014864172,0.7590978985135828,0.2665137614678899,0.6735496558505408,88.75458452722063,104.7,7.756446991404012,67.40270270270271,0.4451038575667655,0.2968412698412698,280.0,791.0,280.0,791.0,6.977281341630747,medium,0.0654725663716814,Abraham Almonte,L,0.015846224875190773,-0.30668870946775184,-0.229538826938064,0.158178653767126,-0.5799675514591416,4.3109474,-8.832737
501800,321,365,0.4438356164383562,R,0.2530864197530864,0.7469135802469136,0.2950819672131147,0.5934065934065934,85.01176470588236,101.0,6.098039215686274,,0.5217391304347826,0.2088181818181818,30.0,58.0,30.0,58.0,4.48863636973214,low,0.1335908045977011,Allen Craig,R,-0.4313729711787873,-0.09958574320011666,0.22636348308145207,-0.110691742126657,0.2141265480643677,-5.4655433,-5.6139336
501888,322,41,0.4878048780487805,L,0.0999999999999999,0.9,0.4,0.625,89.15714285714286,102.06,4.142857142857143,,0.7142857142857143,0.352,2.0,7.0,2.0,7.0,2.302585092994046,low,-0.5753571428571429,Ryan Kalish,L,-0.2947301124774164,0.1642679737222172,-0.21137681209299153,0.025761914445839824,-0.29160742417134394,-4.445955,5.74033
501896,323,7958,0.4414425735109324,R,0.233418730429832,0.7665812695701679,0.2630536995793121,0.625478682665305,89.88215733982157,105.1,5.138686131386861,,0.3433583959899749,0.3411979539641944,626.0,1329.0,626.0,1329.0,7.578656850594762,high,0.0387075703704772,David Freese,R,0.40849922078937306,-0.27261647423370855,-0.27137634906046637,1.325235218816885,0.1713926859351267,11.306852,-11.142643
501936,324,4,0.25,R,0.0,1.0,0.0,0.5,80.0,80.0,-44.0,,1.0,0.0,0.0,1.0,0.0,1.0,0.6931471805599453,low,,Matt Buschmann,R,-0.002676994558460238,0.06641693128342294,-0.001999129610401441,0.04891986349753486,0.002730447433269625,0.6842632,1.6264964
501981,325,12051,0.4983818770226537,R,0.3181818181818182,0.6818181818181818,0.2529708611427641,0.7535545023696683,91.30965699208444,106.6,14.554089709762533,,0.3887982599238717,0.340485446313066,836.0,2256.0,836.0,2256.0,8.03689677268507,high,0.0056202556075876,Khris Davis,R,0.19523562202735542,-1.4906604765696625,-0.6762155947513856,0.498359591981586,0.40233800517226853,-8.228038,-20.262783
501983,326,1067,0.4723523898781631,L,0.246031746031746,0.753968253968254,0.2889667250437828,0.6834677419354839,88.26506024096386,106.0,10.102409638554215,,0.4276729559748428,0.2929315589353612,43.0,220.0,43.0,220.0,5.575949103146316,low,0.0437329809725158,Travis Snider,L,0.13587755060664347,-0.2972075638618624,-0.8094956056502005,0.07947571687506749,0.30155705117334064,-11.896458,0.26273933
501986,327,125,0.544,L,0.1323529411764705,0.8676470588235294,0.4264705882352941,0.6842105263157895,85.01923076923077,97.8,20.96153846153846,,0.4074074074074074,0.1431388888888889,1.0,35.0,1.0,35.0,3.610917912644224,low,0.1472285714285714,Cedric Hunter,L,0.011706511654529328,0.5846674096216165,0.44018200795218526,-0.242970593648995,-0.6413717611587368,3.5239446,18.698475
502023,328,6,0.3333333333333333,R,0.0,1.0,0.0,0.5,84.80000000000001,86.32000000000001,-8.5,,0.5,0.4405,0.0,2.0,0.0,2.0,1.0986122886681098,low,,Travis Tartamella,R,0.006347320865796867,0.06773506521617179,0.019200932070021857,0.06324616538731659,0.01546544521219188,0.83998877,1.7520773
502029,329,153,0.477124183006536,R,0.2328767123287671,0.7671232876712328,0.3253012048192771,0.6571428571428571,84.78,99.31,24.233333333333334,,0.3793103448275862,0.1676585365853658,20.0,21.0,20.0,21.0,3.737669618283368,low,0.1048261904761904,Chris Marrero,R,-0.21474698380003185,0.34542170082567786,0.14028614374275505,0.17277656341302453,-0.2102110667796614,4.1561112,11.713409
502034,330,189,0.5238095238095238,L,0.2626262626262626,0.7373737373737373,0.3076923076923077,0.788235294117647,87.71714285714286,99.54,9.485714285714286,,0.2571428571428571,0.2112037037037037,9.0,45.0,9.0,45.0,4.007333185232471,low,0.1618444444444444,Emmanuel Burriss,L,0.02213955977890999,0.288580339614602,-0.25736740059103724,0.4324626409342444,-0.5946497513609539,0.8174568,15.733185
502054,331,15656,0.3953755748594788,R,0.2247172859450726,0.7752827140549273,0.1869242579324462,0.6031887755102041,91.57449310624492,106.7,6.475283630470016,72.12617801047121,0.3726708074534161,0.3405607621009269,1084.0,2800.0,1084.0,2800.0,8.264878262801748,high,0.0270980838165524,Tommy Pham,R,-0.2653083486847545,-1.2180981282167218,-0.18436453814360884,0.6905786140919198,0.8961126938410336,0.7572845,-20.365625
502082,332,4306,0.5327450069670228,L,0.1761115954664341,0.8238884045335658,0.369449378330373,0.7117818889970788,85.89794437726724,102.1,17.397094430992738,,0.4239802224969097,0.327572695035461,180.0,948.0,180.0,948.0,7.029087564149662,medium,0.0010119549929676,Lonnie Chisenhall,L,-0.8585472631829703,0.9928409094778671,-0.42113338954192625,-0.12201707300220396,-0.7929552309199588,-4.5408754,12.287408
502100,333,1664,0.4675480769230769,L,0.1735218508997429,0.8264781491002571,0.2509505703422053,0.6628571428571428,85.50236486486487,98.95,9.33108108108108,,0.4195804195804196,0.3029064039408867,64.0,342.0,64.0,342.0,6.008813185442595,low,0.0316632858187134,Alex Presley,L,-0.47296553345162506,0.513382317214863,0.6320650644171923,0.2907581259121679,0.47724218522265205,2.8785121,9.317091
502110,334,19023,0.5194764232770857,R,0.2780813600485732,0.7219186399514268,0.3121941476081095,0.7498335183129856,91.46237405541562,106.7,14.357997481108312,70.80990415335464,0.3926380368098159,0.3794479638009049,1231.0,3631.0,1231.0,3631.0,8.489410810403786,high,0.0399266126309661,J. D. Martinez,R,1.0126849235524291,-0.4673832853382906,-0.6486735776491752,0.8070616995878915,-0.13199031691494298,17.682276,-3.4380167
502117,335,949,0.4794520547945205,R,0.2857142857142857,0.7142857142857143,0.2574468085106383,0.697286012526096,84.09738562091503,97.8,8.032679738562091,,0.2649006622516556,0.2316305220883534,106.0,143.0,106.0,143.0,5.521460917862246,low,-0.0304857500989576,Kristopher Negrón,R,-0.47478111812306345,-0.4603145063284499,0.1493348823960378,0.5065378714521538,-0.0036749875040581557,3.0508046,-11.143725
502126,336,772,0.5025906735751295,L,0.2010309278350515,0.7989690721649485,0.3276699029126214,0.7027777777777777,87.02266666666667,102.54,12.413333333333334,,0.4557823129251701,0.2799117647058823,45.0,159.0,45.0,159.0,5.3230099791384085,low,0.007470859538784,Domonic Brown,L,0.9838040793536215,0.28929451231542785,0.24931041140753954,-0.32566111663983854,0.6300121697396118,2.7869055,3.5394115
502143,337,6451,0.4391567198883894,R,0.2640310624779386,0.7359689375220614,0.2846062052505966,0.606324620845434,90.05147826086956,106.1,8.513043478260869,,0.4224058769513314,0.3328023952095808,562.0,1108.0,562.0,1108.0,7.421177528595393,high,0.0485449721854645,Danny Valencia,R,1.0506925423666766,0.5339001432634995,0.2036384382087358,0.8417642229905681,-0.3500166079600875,13.705792,0.22809917
502151,338,67,0.373134328358209,R,0.28,0.72,0.2,0.5625,83.875,97.24,3.5,,0.5,0.3250666666666666,6.0,9.0,6.0,9.0,2.772588722239781,low,0.1329444444444444,Chad Huffman,R,0.1386766863021257,0.030435906850769617,0.24372216934823648,-0.0023998545870394516,0.10619497898681486,4.0192327,-2.0236595
502182,339,657,0.4672754946727549,L,0.1368078175895765,0.8631921824104235,0.2682926829268293,0.6656534954407295,89.35555555555555,100.66,8.162962962962963,,0.4202898550724637,0.2990611111111111,11.0,169.0,11.0,169.0,5.198497031265826,low,0.0626148466917698,Steve Clevenger,L,-0.1042624723488802,0.40669694527699807,-0.08217649332642603,-0.031813821114798156,0.8901180703661081,-1.3804584,9.83915
502205,340,352,0.5255681818181818,R,0.1999999999999999,0.8,0.3777777777777777,0.6802325581395349,86.1671875,100.17,7.375,,0.3090909090909091,0.2436770833333333,45.0,51.0,45.0,51.0,4.574710978503383,low,0.1021712418300653,Grant Green,R,0.1766281674653924,0.514405565514108,0.16406000983878913,0.7704575591952275,-0.7009837796985318,8.415372,18.602016
502210,341,11274,0.4582224587546567,L,0.1525358110723964,0.8474641889276036,0.2760726072607261,0.6699271192942079,87.00191536748329,102.0,16.376559714795007,,0.4398320895522388,0.3241009205591544,735.0,2198.0,735.0,2198.0,7.984121958702927,high,0.0347145586897179,Josh Reddick,L,-0.17688473320243828,0.8184731377441946,0.13085929950958905,-0.6973115147300464,0.9001522820142108,-3.9891925,11.416242
502213,342,85,0.4470588235294118,R,0.3157894736842105,0.6842105263157895,0.3181818181818182,0.5853658536585366,80.95833333333333,99.17,-16.083333333333332,,0.6666666666666666,0.1359523809523809,5.0,16.0,5.0,16.0,3.091042453358316,low,-0.1784375,Nevin Ashley,R,-0.175429503669731,-0.08617712779467317,-0.18258806090095744,0.00045576655401464425,0.11486846760456863,-10.29482,-0.5315927
502226,343,1422,0.4430379746835443,R,0.1968253968253968,0.8031746031746032,0.2094017094017094,0.6708333333333333,84.501171875,97.7,9.01171875,,0.4715447154471545,0.2744202127659574,209.0,167.0,209.0,167.0,5.932245187448011,medium,0.0134139185743346,Craig Gentry,R,-0.20686206577403166,-0.010978788381942857,0.8119488021124821,0.2428056349173561,0.24496266718220325,7.6053143,-6.891758
502261,344,830,0.4313253012048192,R,0.1983240223463687,0.8016759776536313,0.2131979695431472,0.6284403669724771,87.6032679738562,101.52,8.751633986928105,,0.2549019607843137,0.3151611374407583,60.0,151.0,60.0,151.0,5.356586274672012,low,0.0145867549668874,Cole Gillespie,R,-0.15155286462238013,0.021905032303983538,0.11774105233876275,0.9886493409653063,0.6188899873186517,4.4074473,5.2189937
502273,345,1577,0.4692454026632847,L,0.25,0.75,0.2757697456492637,0.6433734939759036,84.32179487179486,99.5,10.837606837606838,,0.3739130434782609,0.2714987593052109,92.0,311.0,92.0,311.0,6.0014148779611505,low,-0.0587360548021809,Mike Freeman,L,-1.3122028384423032,-0.1448200519201473,-0.3678206014214417,0.38462662206635234,0.22207179692937182,-11.183199,-5.6414886
502285,346,241,0.4356846473029045,R,0.1999999999999999,0.8,0.2777777777777778,0.5639097744360902,86.69148936170212,96.04,12.808510638297872,,0.3829787234042553,0.1342205882352941,37.0,31.0,37.0,31.0,4.23410650459726,low,-0.1067227550130776,Tyler Ladendorf,R,-0.16403434342071158,0.43780435925031613,0.24290133979639353,0.7204191669872202,-0.2170819178349962,7.2501593,12.916279
502317,347,1251,0.4292565947242206,R,0.2625698324022346,0.7374301675977654,0.2242225859247135,0.625,86.44685714285714,103.26,19.925714285714285,,0.4823529411764706,0.2844473684210526,124.0,180.0,124.0,180.0,5.720311776607412,medium,0.0022136200716845,Chris Heisey,R,0.8725500050398183,-0.14217368699523372,0.6290594323467886,-0.6136839294278573,0.126486624386296,7.692485,-5.3488283
502374,348,630,0.3968253968253968,R,0.272,0.728,0.2369230769230769,0.5672131147540984,90.16144578313252,103.72,15.650602409638552,,0.3837209302325581,0.3199738562091503,28.0,125.0,28.0,125.0,5.0369526024136295,low,0.1557422857142857,Michael Mckenry,R,-0.18538418278633814,-0.4627901402388457,0.07337937751674985,-0.46700337760896554,0.47568048186257633,-1.8602057,-13.490781
502409,349,65,0.5076923076923077,R,0.0909090909090909,0.9090909090909092,0.3076923076923077,0.6410256410256411,89.55,94.73,-1.7,,0.4,0.2111333333333333,6.0,9.0,6.0,9.0,2.772588722239781,low,0.2831111111111111,Jonathan Diaz,R,-0.4660586172967828,0.033503442238436286,0.1866692684898985,0.4908145593511803,0.132482538980003,13.278994,13.458714
502457,350,3,0.3333333333333333,R,0.0,1.0,0.0,0.5,86.7,86.7,-29.0,,1.0,0.0,0.0,1.0,0.0,1.0,0.6931471805599453,low,,Drew Hayes,R,0.026848095882736983,0.10839006463593037,0.04012848148014741,0.025201795668663252,0.006047384465753225,0.8957364,1.7279427
502481,351,6611,0.4318559975797912,L,0.1660245183887916,0.8339754816112084,0.2231199502796768,0.6298261125847333,83.63968503937008,99.41000000000004,7.755905511811024,,0.4515347334410339,0.2820718201754386,275.0,1549.0,275.0,1549.0,7.509335266016592,medium,-0.0011614742649216,Jarrod Dyson,L,-0.07222518924615848,0.43664379236890505,0.1400769719373443,1.3744628719382992,-0.651206834686081,5.6591415,18.787176
502517,352,9702,0.4816532673675531,L,0.1123475283543762,0.8876524716456238,0.3070038910505837,0.6784305129329241,88.84317548746519,102.7,15.355617455896008,,0.4468494468494468,0.3551979483282674,696.0,1936.0,696.0,1936.0,7.87587915949631,high,0.0383860133466325,Daniel Murphy,L,0.2553305523766613,1.093350041397258,0.11096147049050671,-0.09225172815424106,0.07840343563557357,1.6487659,13.669036
502523,353,1071,0.415499533146592,L,0.197752808988764,0.802247191011236,0.2126436781609195,0.6083788706739527,83.54088050314465,96.58,8.79245283018868,,0.4358974358974359,0.2908076923076922,129.0,157.0,129.0,157.0,5.659482215759621,medium,0.0133050412284599,Shawn O'Malley,L,-0.4733799009994788,0.07984546603664439,0.4820731608477371,0.2670305132969255,-0.3322619485839558,9.219244,16.007433
502544,354,335,0.5253731343283582,L,0.1931818181818182,0.8068181818181818,0.3892215568862275,0.6607142857142857,85.2280701754386,98.76,15.350877192982455,,0.4736842105263157,0.2535955056179775,15.0,74.0,15.0,74.0,4.499809670330265,low,0.305,Nick Buss,L,-0.47069106814042666,0.5547892668866738,-0.10552998684716909,0.26452600114278035,-0.8574515727060388,1.0583245,17.572567
502570,355,136,0.5661764705882353,R,0.2987012987012987,0.7012987012987013,0.4117647058823529,0.7205882352941176,79.476,93.08,15.28,,0.4583333333333333,0.1243513513513513,10.0,27.0,10.0,27.0,3.6375861597263857,low,0.2201481481481482,Rocky Gale,R,-0.5211473202661017,0.10444803965987251,-0.06448415469742806,-0.01058127937775549,-0.577245935130579,-3.8276412,2.4912295
502582,356,787,0.4587039390088945,L,0.2132963988919667,0.7867036011080333,0.2743589743589744,0.6397984886649875,88.00814814814815,100.28,11.8,,0.5220588235294118,0.2835095238095238,50.0,160.0,50.0,160.0,5.351858133476067,low,-0.0250037499999999,Logan Schafer,L,-0.04860784181611404,0.3663423664600622,0.3495457240770802,0.0068290807574116555,-0.2919124189100952,1.2797372,6.150969
502671,357,23678,0.4195455697271729,R,0.2336420374471511,0.7663579625528488,0.2431163456947318,0.619060475161987,91.17819044959508,106.4,13.999720748394305,71.00895238095238,0.3792222537609991,0.3845861637468716,1250.0,4344.0,1250.0,4344.0,8.629628620746026,high,0.0576236552486187,Paul Goldschmidt,R,0.4628138166216497,0.04430331860656165,0.3496996858285523,0.042245304508541914,-0.01654968089484082,5.7145696,-3.7910397
502676,358,108,0.5,L,0.074074074074074,0.925925925925926,0.3214285714285714,0.6923076923076923,81.93,95.44,23.6,,0.4333333333333333,0.1918571428571428,10.0,25.0,10.0,25.0,3.58351893845611,low,0.1456799999999999,Cole Figueroa,L,-0.4439765120233981,0.5417868092483016,0.36390251602349094,-0.16344958793515776,-0.10200182573039934,0.7903308,13.826153
503351,359,40,0.625,L,0.12,0.88,0.2941176470588235,0.8695652173913043,91.09,103.45,0.8,,0.3333333333333333,0.1630769230769231,2.0,11.0,2.0,11.0,2.6390573296152584,low,-0.3260909090909091,Blake Lalli,L,-0.033578271118127855,0.23134898908900853,-0.3381187181423827,-0.005008740362254105,-0.09696793955992265,-6.5070753,5.438704
503437,360,82,0.5609756097560976,L,0.108695652173913,0.8913043478260869,0.2702702702702703,0.8,81.2625,93.4,-0.5,,0.3125,0.2367391304347826,1.0,22.0,1.0,22.0,3.1780538303479458,low,-0.4749090909090908,James Beresford,L,-0.597905029065583,0.3742350048884282,-0.4642915127007965,0.04476318886677968,0.42837795573072013,-9.036405,9.393707
503556,361,11955,0.4634044332915098,L,0.2245487364620938,0.7754512635379062,0.3162660006244146,0.6332672553613263,89.07964559386973,103.7,11.314025849688846,,0.4904618473895582,0.3128013565891472,984.0,2112.0,984.0,2112.0,8.038189179973203,high,-0.0096721175166296,Marwin González,L,1.7614454011341256,1.2492357728227732,1.1452852414682413,-0.5451357013475143,-0.9396814687331292,10.484558,0.21647625
506560,362,2630,0.4771863117870722,L,0.1513944223107569,0.848605577689243,0.329004329004329,0.6422829581993569,85.50970297029703,97.76,10.798019801980198,,0.4230769230769231,0.2470684523809523,81.0,591.0,81.0,591.0,6.511745329644728,low,0.0292061164379269,Alexi Amarista,L,-2.2266408511296,0.8042067002988547,-0.4143019569656892,0.10570220651511762,-0.7680327454302608,-8.371937,19.20916
506702,363,6646,0.4420704182967198,L,0.2083049693669162,0.7916950306330838,0.2914967967384974,0.6030510585305106,85.11720747295968,100.8,16.51032448377581,,0.4654994850669413,0.2606737633061991,477.0,1120.0,477.0,1120.0,7.37650812632622,high,-0.0192409291704103,Sandy León,L,-0.16231218917107448,0.9198903895581834,0.5482770968164676,-0.582999630759277,-0.879095884745519,0.49439576,7.7101717
506703,364,720,0.5333333333333333,R,0.2161458333333333,0.7838541666666666,0.3108504398826979,0.7335092348284961,86.53333333333333,104.47,7.625,,0.3358778625954198,0.2665024875621891,71.0,130.0,71.0,130.0,5.308267697401205,low,0.0551894907908992,Adrián Sánchez,R,-0.28662256622924737,0.370217141859596,-0.4769857197884193,0.09493269534521176,0.02219367961102387,-6.447928,11.328307
506747,365,719,0.5841446453407511,R,0.2642857142857142,0.7357142857142858,0.4604519774011299,0.7041095890410959,85.75645161290322,104.08,7.661290322580645,,0.5221238938053098,0.2372121212121212,61.0,137.0,61.0,137.0,5.293304824724492,low,-0.0243072873040564,Francisco Peña,R,-0.08529607430300536,0.600555371472189,-0.408991614662937,-0.9750108331718734,-0.5257025662568588,6.597162,2.2245755
506924,366,373,0.5549597855227882,R,0.2367149758454106,0.7632850241545893,0.4020618556701031,0.7206703910614525,84.91904761904762,99.54,17.03174603174603,,0.3442622950819672,0.2524835164835164,54.0,37.0,54.0,37.0,4.5217885770490405,low,-0.0054704704704705,Stephen Cardullo,R,-0.7120736872589006,0.19326844155790857,0.06454790197746543,-0.3076761625813458,-0.4825686971834215,-8.796893,13.287291
506997,367,45,0.4444444444444444,R,0.25,0.75,0.1923076923076923,0.7894736842105263,95.06,108.74,15.6,,0.2,0.333,1.0,9.0,1.0,9.0,2.3978952727983707,low,-0.37,Tony Sanchez,R,-0.08653949280389052,-0.40322399157722183,-0.2485907899280959,-0.16162671347035298,0.06519917048810613,-5.938198,-10.893441
514888,368,17989,0.4731780532547668,R,0.1546052631578947,0.8453947368421053,0.3093495934959349,0.6710025770033133,86.84986979166666,102.2,11.7765625,68.88109339407745,0.4809613826627059,0.3735559716200236,1374.0,3700.0,1374.0,3700.0,8.532081803909987,high,0.0142815114677997,José Altuve,R,-1.5077425787707472,0.014274550458989121,0.22613101297564395,-0.5388020821244843,-0.4337250630253913,-22.038868,7.66942
514913,369,2279,0.4997806055287406,R,0.1870061457418788,0.8129938542581212,0.2600700525394046,0.7405452946350044,85.27256235827663,98.5,13.077097505668934,,0.3466981132075472,0.2794909688013136,169.0,440.0,169.0,440.0,6.413458957167357,medium,0.0255690424959655,Rubén Tejada,R,-1.3295184342175532,-0.4042596105195537,0.6141390230214439,1.162141475996226,-0.3700699898122867,3.4289129,15.839009
514917,370,17596,0.4341895885428506,L,0.1895287958115182,0.8104712041884817,0.230959057767807,0.6428982836078793,86.2290406504065,101.56,8.082980800520664,,0.4148617127624125,0.3165252771618625,1274.0,3236.0,1274.0,3236.0,8.414274137408396,high,-0.0049958604436354,César Hernández,L,-0.0281629124645509,-0.011740173880158827,0.6026133534718234,2.111143082033843,-0.30402253353823455,18.03819,5.136007
516416,371,16902,0.4871021180925334,R,0.1535284829345318,0.8464715170654682,0.3289167828916783,0.651120751988431,87.80129104687062,103.4,6.359304932735426,69.02282608695653,0.3320841741135774,0.3208916429041456,1199.0,3360.0,1199.0,3360.0,8.425077902508432,high,0.0259621644028754,Jean Segura,R,-1.4647033880342946,1.117001450773891,-1.082100407324573,0.13871622538394143,0.7555899434255947,-7.936041,15.786729
516472,372,376,0.550531914893617,L,0.2270531400966183,0.7729468599033816,0.3910614525139664,0.6954314720812182,82.63648648648649,98.78,11.108108108108109,,0.4520547945205479,0.2768962264150943,11.0,95.0,11.0,95.0,4.672828834461906,low,-0.1486172248803828,Francisco Arcia,L,-0.07146767396238266,0.6712019665154647,-0.35081538707464066,0.33894701917162473,-0.997945747868882,-2.435846,20.40249
516770,373,12636,0.4868629313073757,R,0.19944733420026,0.8005526657997399,0.3123827392120075,0.6657051282051282,87.90549279314375,104.0,8.80709275136399,,0.4155948553054662,0.3111845379146919,845.0,2531.0,845.0,2531.0,8.124743020385568,high,0.0365715490053514,Starlin Castro,R,-0.1653787599403874,0.4588333842458907,-0.3164750505780616,-0.17776588555291212,0.39341892763530945,-4.567866,5.9295664
516782,374,15827,0.5258735072976559,R,0.2345308182145861,0.7654691817854139,0.3426420592520641,0.724673956000527,87.45255284552844,104.9,7.360442420299284,68.92962962962963,0.4105542648523066,0.339476923076923,1076.0,3214.0,1076.0,3214.0,8.364275084991524,high,-0.0337147036779147,Starling Marte,R,-0.3455348329063527,-0.14903030323925998,-0.6354767821754956,-0.6113799953991145,0.84966390562887,-11.53983,16.749334
516809,375,508,0.4724409448818897,R,0.3333333333333333,0.6666666666666666,0.2840909090909091,0.6762295081967213,88.13142857142857,107.12,4.614285714285714,,0.4328358208955223,0.2584715447154471,52.0,71.0,52.0,71.0,4.820281565605037,low,0.1456370530877573,Junior Lake,R,0.6837426999457707,-0.6042045348989993,-0.015970090440026913,0.7761187329748162,-0.3757691035603613,11.0026655,-11.4166
516811,376,478,0.4748953974895397,R,0.211453744493392,0.788546255506608,0.3203463203463203,0.6194331983805668,82.72386363636363,99.55,4.920454545454546,,0.3058823529411765,0.2843875968992248,22.0,107.0,22.0,107.0,4.867534450455582,low,0.0508258283772302,Eury Pérez,R,-0.9292796412645938,0.44409257463490565,-0.6353742302310044,0.4615092018860606,0.15551399646596917,-7.8541207,16.3228
516949,377,951,0.5299684542586751,L,0.2698412698412699,0.7301587301587301,0.3240556660039761,0.7611607142857143,86.90348837209302,101.48,18.843023255813954,,0.5301204819277109,0.279007874015748,59.0,195.0,59.0,195.0,5.541263545158426,low,0.0548724902216428,Héctor Sánchez,L,-0.19280191359104187,-0.31436143662472027,0.5208402011669068,-0.5624510378796586,-1.0276679892201523,-5.897712,-3.68803
517369,378,3564,0.4635241301907968,R,0.221549636803874,0.7784503631961259,0.3070077864293659,0.622876557191393,88.67401459854014,105.9,5.237956204379562,,0.406885758998435,0.3002071129707113,319.0,637.0,319.0,637.0,6.863803391452954,medium,0.0612636919730515,José Pirela,R,0.4492218556714854,0.8180249086199967,-0.9148422153114132,0.13350349758016128,0.31264361798941737,-5.6281295,8.019079
517370,379,2019,0.5745418524021793,L,0.3422413793103448,0.6577586206896552,0.4313551815766164,0.7561797752808989,89.94565826330532,105.44,7.518207282913165,,0.5302593659942363,0.2999236363636363,104.0,446.0,104.0,446.0,6.311734809152915,low,0.0690352707830286,Jimmy Paredes,L,0.46023407848508974,-0.08743935033869152,-0.888978187716826,0.025757336561272225,-1.5693783704346853,15.089362,-11.456076
518170,380,14,0.6428571428571429,L,0.3333333333333333,0.6666666666666666,0.5,0.8333333333333334,94.46666666666664,102.92,-25.333333333333332,,0.6666666666666666,0.0,0.0,4.0,0.0,4.0,1.6094379124341005,low,,Jordany Valdespin,L,0.03648142459705939,-0.03221388780563392,-0.24620009546472693,-0.005879251257811324,-0.009691639075704443,-1.6144949,0.7449364
518418,381,6,0.0,L,,,0.0,0.0,,,,,,0.687,1.0,0.0,1.0,0.0,0.6931471805599453,low,,Phillippe Aumont,L,0.00024093228487062738,-0.06169055978595782,0.03648903083282083,0.03273270659071825,0.015415962014535807,0.6763036,-0.5595384
518466,382,1364,0.4464809384164223,R,0.4170771756978654,0.5829228243021346,0.197962154294032,0.6986706056129985,86.86666666666666,106.14,14.453333333333331,,0.3970588235294117,0.278533950617284,120.0,204.0,120.0,204.0,5.783825182329737,medium,0.0540651960784313,Jabari Blash,R,0.800117565134427,-1.5838952438310825,0.0768767226992783,0.44559415795365503,-0.47990276254036324,9.483502,-14.296052
518490,383,246,0.4471544715447154,R,0.2363636363636363,0.7636363636363637,0.3023255813953488,0.6068376068376068,87.14761904761905,107.81,-1.5238095238095235,,0.3863636363636363,0.3004375,45.0,19.0,45.0,19.0,4.174387269895637,low,0.071433918128655,Bryce Brentz,R,0.06605200160011873,0.42601271505364624,-0.6742149882114422,0.832566542134804,0.21079122505544817,-5.8859625,8.469048
518542,384,1220,0.4442622950819672,L,0.2029520295202952,0.7970479704797048,0.2987220447284345,0.5976430976430976,85.4193832599119,98.62,7.889867841409692,,0.3909090909090909,0.2682260061919505,67.0,256.0,67.0,256.0,5.780743515792329,low,-0.006946187033582,Juan Centeno,L,-0.3199122554354,0.7277721128736243,0.6324976642069655,0.6286870454178559,-0.12479660437045906,5.283588,11.600211
518568,385,1352,0.4445266272189349,R,0.151414309484193,0.848585690515807,0.2942898975109809,0.5979073243647235,84.39277566539924,98.38,7.0,,0.3712121212121212,0.2660796703296703,131.0,233.0,131.0,233.0,5.8998973535824915,medium,0.0382992825082724,Christian Colón,R,0.05672599125670963,0.9411059390449993,0.986010564717068,0.49448875756544075,-0.15031720649528776,7.5019083,12.03384
518577,386,305,0.4819672131147541,R,0.2857142857142857,0.7142857142857143,0.3154362416107382,0.6410256410256411,83.7,102.16,8.622641509433961,,0.3518518518518518,0.2196321839080459,51.0,36.0,51.0,36.0,4.477336814478207,low,0.0001307189542483,Collin Cowgill,R,0.11649490150741841,-0.0413508646408851,0.1897513133173637,-0.1378972219511096,-0.2554993630334068,2.2810326,-2.855713
518586,387,3452,0.541135573580533,R,0.2922912205567451,0.7077087794432548,0.3748615725359911,0.7235722964763062,85.84162679425837,101.22,9.481658692185007,59.166666666666664,0.4288025889967637,0.3067022411953041,450.0,487.0,450.0,487.0,6.843749949006225,medium,0.0553990463153091,Charlie Culberson,R,0.9867634016508662,0.9312921192497756,0.15645277281623915,0.08509494482329157,-0.927783705407125,7.8942146,1.2912327
518595,388,9239,0.5052494858750947,R,0.2339331619537275,0.7660668380462725,0.3009064780013265,0.7012298558100085,89.4885878962536,104.4,11.798387096774194,71.42363636363636,0.4063604240282685,0.3202744698205546,612.0,1840.0,612.0,1840.0,7.8050670442584895,high,0.0445553459789713,Travis D'Arnaud,R,0.23132111071790104,0.04037524364402234,-0.011076744358046509,0.602984243033973,-0.6312655320038986,13.899615,-5.6869717
518614,389,6012,0.4194943446440452,L,0.232751784298176,0.767248215701824,0.1981193255512321,0.6526639344262295,87.95872340425531,101.9,13.9073482428115,,0.4725877192982456,0.3087806020066889,263.0,1232.0,263.0,1232.0,7.310550158534422,medium,0.0148629728161572,Daniel Descalso,L,-0.7659915949828551,-0.6580934660242473,0.43519182796277306,0.1745759816050087,0.33468398896065604,-7.765095,-4.162098
518618,390,8153,0.478842143996075,L,0.2182377049180327,0.7817622950819673,0.2964426877470356,0.6825025960539979,86.57887218045113,103.7,15.937547027840482,,0.4668227946916471,0.3349011041766683,352.0,1731.0,352.0,1731.0,7.642044402873258,medium,0.045160481001523,Derek Dietrich,L,-0.04302636031427399,0.47034321641671734,-0.5413899607190826,0.10883490309802372,-0.1697116176076122,-4.1314883,6.208446
518625,391,51,0.3725490196078431,R,0.0526315789473684,0.9473684210526316,0.2916666666666667,0.4444444444444444,93.15,100.94,13.375,,0.25,0.0575833333333333,10.0,2.0,10.0,2.0,2.5649493574615367,low,0.0691,Matt Dominguez,R,-0.0546634440836417,0.35484097745718735,0.12446079237201811,0.2706572000238294,-0.29108371707385733,6.8895965,11.559655
518626,392,16896,0.4396306818181818,R,0.2662897145934303,0.7337102854065697,0.2354453011509666,0.6695608405687681,92.15983231707315,107.2,12.824314024390244,70.81217391304348,0.4636256390090444,0.367870477568741,979.0,3167.0,979.0,3167.0,8.330140460246382,high,0.0214097522555283,Josh Donaldson,R,0.622293182665912,-0.8921910331078702,-0.41366199146895094,0.47430390071186157,-0.21237608921438428,21.04797,-2.4163861
518649,393,962,0.4781704781704782,R,0.2956521739130434,0.7043478260869566,0.2418300653594771,0.6938369781312127,85.89605263157895,103.96,16.348684210526315,,0.410958904109589,0.2676694214876033,108.0,134.0,108.0,134.0,5.493061443340548,low,0.0793239358761746,Brett Eibner,R,0.010664833704310463,-0.8478688136705985,-0.2616714344871243,0.23725843991201442,0.05421757505105263,-6.898271,-10.885993
518653,394,1218,0.3981937602627258,R,0.1278350515463917,0.8721649484536083,0.2034782608695652,0.5723172628304821,83.85518867924527,96.09,8.476415094339623,,0.3605769230769231,0.2530933333333333,131.0,169.0,131.0,169.0,5.707110264748875,medium,0.1015191291386241,Jake Elmore,R,-0.7002421785281574,0.5602892612707965,0.9898371347677947,1.0215459016778983,0.41476181610700075,11.910163,16.193216
518692,395,21116,0.5145860958514871,L,0.2148904840787778,0.7851095159212221,0.2834196436408321,0.7854571634269258,90.49924892703864,104.7,14.668275677125235,69.11282051282052,0.4264264264264264,0.3936317649246791,1584.0,3793.0,1584.0,3793.0,8.59007183682881,high,0.0436986905370606,Freddie Freeman,L,0.8059892574880896,-0.15600828808474348,-0.02031878297523366,0.38970237987438183,-0.26236378554235884,20.48629,6.847237
518700,396,1016,0.437007874015748,R,0.2184684684684684,0.7815315315315315,0.1858974358974359,0.6514598540145985,83.55165562913906,97.1,8.04635761589404,,0.3529411764705882,0.2738423236514523,45.0,196.0,45.0,196.0,5.488937726156687,low,-0.0365572562358276,Eric Fryer,R,-0.04481308715922138,-0.5123165804948095,0.7562025639710084,0.4046406979366664,0.039728453117329386,3.899561,-10.474684
518735,397,16159,0.3936505971904202,L,0.2378556830686998,0.7621443169313001,0.2213498945394891,0.5864918032786886,89.96849489795918,105.3,12.908974904296045,69.67663934426228,0.4639580602883355,0.3367608300907911,896.0,2959.0,896.0,2959.0,8.257385655730436,high,-0.0224200181498334,Yasmani Grandal,L,-0.4558041436845879,-0.17825665905787236,-0.35077694516501956,0.3657037917714115,0.49184582159603274,1.806885,-14.78217
518755,398,61,0.4098360655737705,R,0.0799999999999999,0.92,0.1818181818181818,0.6785714285714286,99.11666666666667,107.35,22.166666666666668,,0.625,0.3159285714285714,6.0,8.0,6.0,8.0,2.70805020110221,low,0.2707916666666666,Matt Hague,R,-0.21153162768177816,-0.14333828049683045,0.0939488527910614,0.16423756724472466,0.13619724298496416,3.182921,7.132888
518764,399,3,0.3333333333333333,R,0.0,1.0,0.0,1.0,74.4,74.4,10.0,,0.0,0.0,0.0,1.0,0.0,1.0,0.6931471805599453,low,,Donovan Hand,R,-0.027828843447214265,0.07918813078225477,0.06734983255633165,0.08646772185719512,-0.01010797359712212,0.8216298,2.149775
518792,400,14455,0.4391560013836043,L,0.1789540012602394,0.8210459987397606,0.2629973474801061,0.631236442516269,87.92052117263843,104.7,10.058269996380746,72.59931034482759,0.4957736126424109,0.316209112457203,847.0,2950.0,847.0,2950.0,8.242229891372231,high,0.0444354055189802,Jason Heyward,L,0.13171907308802785,0.682756077895406,0.1832013956562088,0.2680607583621991,0.19262348638732435,7.3522463,7.1019545
518902,401,927,0.4509169363538295,R,0.1842105263157895,0.8157894736842105,0.2416851441241685,0.6491596638655462,83.00314465408805,96.12,17.132075471698112,,0.3141025641025641,0.1979752066115702,75.0,167.0,75.0,167.0,5.493061443340548,low,-0.0111897804391217,Pete Kozma,R,0.3630416001545352,0.17641885161937673,0.7136469613789196,0.21485782903090833,0.20104035164076203,13.675818,6.901952
518911,402,118,0.4322033898305085,L,0.3137254901960784,0.6862745098039216,0.3466666666666667,0.5813953488372093,88.62777777777778,102.37,4.555555555555555,,0.6111111111111112,0.0939285714285714,2.0,26.0,2.0,26.0,3.367295829986474,low,0.1011538461538461,Andrew Lambo,L,0.4108839187133943,-0.20785042170260942,0.3579517425489202,0.06814925267515512,-0.5021978213020386,4.942962,-5.3973737
518934,403,20112,0.4180588703261734,R,0.1305899143672693,0.8694100856327307,0.2337188070602556,0.595279890774332,90.54311424100156,104.2,4.486824941299243,66.61011235955057,0.2771436156092381,0.3440276157137301,1375.0,3767.0,1375.0,3767.0,8.545391845774915,high,0.0384506774139054,Dj Lemahieu,R,0.0318996870430872,0.8305430275673822,-1.2059301019461062,1.538157690285409,0.8567816451599756,18.074694,1.9770529
518953,404,776,0.4780927835051546,L,0.2102425876010781,0.7897574123989218,0.3526570048309179,0.6215469613259669,84.66013071895425,101.28,13.437908496732026,,0.4210526315789473,0.2615662100456621,21.0,198.0,21.0,198.0,5.393627546352362,low,-0.0254978354978355,David Lough,L,-0.3071361740202546,0.5834548554673504,-0.11526008801916696,-0.060113383870720016,-0.3573458714517123,-3.294516,9.507426
518960,405,8882,0.4223147939653231,R,0.1370301252999199,0.86296987470008,0.2656844106463878,0.563329054343175,87.00155595451825,102.1,11.652902453620586,,0.3581626319056487,0.312231045311799,604.0,1625.0,604.0,1625.0,7.709756864454165,high,-0.0325539633214467,Jonathan Lucroy,R,-0.45575873051684934,1.1020443853337167,-0.20286506727160802,0.2304684000083384,0.6554042875689945,1.0150716,10.612328
518991,406,47,0.3829787234042553,R,0.2222222222222222,0.7777777777777778,0.2,0.5909090909090909,66.32000000000001,87.89999999999999,3.6,,0.2,0.1256363636363636,9.0,2.0,9.0,2.0,2.4849066497880004,low,0.1535555555555555,Darin Mastroianni,R,-0.1112814326569207,-0.05780309241907403,0.17054272227938752,0.09208117659017152,0.026169559759267588,-0.1391271,-3.8619018
519023,407,2130,0.4751173708920188,R,0.2144268774703557,0.7855731225296443,0.2882882882882883,0.6784313725490196,85.00351351351351,100.42000000000002,18.324324324324323,,0.5272206303724928,0.2871439114391144,164.0,378.0,164.0,378.0,6.297109319933935,medium,0.0098132017034455,Devin Mesoraco,R,-0.5916646697336561,0.223040075649997,1.221391113173607,-0.7602866008592852,-0.38526325900056874,-13.498256,19.405725
519025,408,1293,0.4601701469450889,R,0.2773109243697479,0.7226890756302521,0.2868217054263566,0.6327160493827161,88.635807860262,104.9,14.685589519650655,,0.3706896551724138,0.2500147058823529,100.0,240.0,100.0,240.0,5.831882477283517,low,0.0986075,Will Middlebrooks,R,0.3059464726722532,-0.0065097573526041634,-0.02549289682317717,0.0953310524891235,-0.47898328871781976,11.994875,-2.469757
519037,409,172,0.4941860465116279,L,0.3411764705882353,0.6588235294117647,0.2840909090909091,0.7142857142857143,87.964,102.88,16.96,,0.32,0.2197674418604651,4.0,39.0,4.0,39.0,3.784189633918261,low,0.0512884615384615,Carlos Moncrief,L,-0.02935138575585344,-0.3713463833789141,0.12398610706443615,-0.05119338629985685,-0.2765830413875464,-1.5867802,-6.2477565
519048,410,10894,0.4733798421149256,L,0.258871436881908,0.7411285631180919,0.2785883949779437,0.703,90.45287902799788,106.5,12.053882725832011,,0.467065868263473,0.3292003603603603,588.0,2187.0,588.0,2187.0,7.928766321626696,high,0.0386502360889485,Mitch Moreland,L,1.322506112177001,0.04471405039668915,0.19258469684760585,0.7831773384612731,-0.20186760284618324,10.995121,-0.46145812
519058,411,13774,0.5110352838681574,L,0.2096888762608325,0.7903111237391675,0.3362916439104315,0.7094573643410853,88.84588644264194,105.32000000000002,17.640015449980687,69.55942028985507,0.4678714859437751,0.3297915730337079,1016.0,2544.0,1016.0,2544.0,8.177796683277778,high,0.0183340173575001,Mike Moustakas,L,0.24263610865848032,0.47497199841687815,-0.2532547413124058,-0.5519152013079393,-0.2882896878112567,-0.57025284,6.052951
519068,412,664,0.4548192771084337,L,0.1721854304635761,0.8278145695364238,0.2857142857142857,0.6208955223880597,89.08532110091743,102.44,7.486238532110092,,0.4074074074074074,0.2732546583850931,21.0,140.0,21.0,140.0,5.087596335232384,low,-0.1096690476190476,Efren Navarro,L,0.45749537822947756,0.504884171339195,0.11601211383605901,0.21362444266122838,0.48714947384660834,4.6515684,0.7472528
519071,413,90,0.5111111111111111,L,0.1304347826086956,0.8695652173913043,0.4615384615384615,0.5490196078431373,83.14615384615385,93.8,24.76923076923077,,0.4615384615384615,0.3097241379310345,8.0,21.0,8.0,21.0,3.4011973816621555,low,-0.2328988095238095,Rey Navarro,L,-0.44706184602243076,0.6820090190472312,0.2874045060690534,0.09500707299260984,-0.7207872487900526,2.8723176,17.78428
519082,414,160,0.48125,L,0.3246753246753247,0.6753246753246753,0.2921348314606741,0.7183098591549296,83.19642857142857,95.61,13.107142857142858,,0.5384615384615384,0.1822727272727272,5.0,39.0,5.0,39.0,3.80666248977032,low,0.2056410256410256,Nick Noonan,L,-0.6370944774755773,-0.28926811508823713,-0.47769311270700376,-0.43096425755433204,-0.06317669564295268,-10.959718,-9.444615
519083,415,4872,0.4548440065681445,R,0.230595667870036,0.769404332129964,0.2416340721425467,0.645663166083236,87.30506329113923,103.71,16.759493670886076,,0.4381578947368421,0.2812493786246893,316.0,891.0,316.0,891.0,7.0967213784947605,medium,0.0391015783716205,Derek Norris,R,-0.2568326295723271,-0.7692550294716693,0.5098989040676628,-0.2605431233309606,0.08136306151588049,-2.1818805,-12.346945
519107,416,34,0.3823529411764705,L,0.3846153846153846,0.6153846153846154,0.2631578947368421,0.5333333333333333,89.5,89.5,31.0,,0.0,0.17175,3.0,5.0,3.0,5.0,2.1972245773362196,low,-0.0915999999999999,Andy Parrino,L,0.1681044235841437,-0.13050396751060422,0.04575485206813514,0.13448607765906648,0.0008713500973819207,6.6366267,-6.9969587
519184,417,4656,0.4128006872852233,L,0.0941727367325702,0.9058272632674298,0.2642378559463986,0.5692239858906526,83.15412418906395,96.4,5.061167747914736,,0.4230396902226525,0.2884190839694656,284.0,1026.0,284.0,1026.0,7.1785454837637,medium,0.0468776459929166,Ben Revere,L,-1.997046679068272,1.2633258463645296,0.7432009928522193,0.12926785257923518,-0.0006777806000998433,-3.584839,16.364632
519203,418,19900,0.4609045226130653,L,0.1813126907980811,0.8186873092019189,0.3027726432532348,0.6493392070484582,89.20960292875246,105.2,15.929315685722331,67.59685039370078,0.4976811594202898,0.3647085714285714,1352.0,3723.0,1352.0,3723.0,8.532278828834277,high,0.0056229739727616,Anthony Rizzo,L,0.4645031742195678,0.8678921148092141,0.1258100640727737,-0.41074897144413525,-0.3555516803785582,-0.71861845,7.4909153
519208,419,2238,0.4383378016085791,L,0.1610601427115188,0.8389398572884812,0.252365930599369,0.6814432989690722,89.06165413533834,105.8,12.611528822055138,,0.4754901960784313,0.3173975481611208,72.0,499.0,72.0,499.0,6.349138991379798,low,-0.0583488087285682,Clint Robinson,L,0.5461214618388718,0.11173486860968351,0.15206078576021148,0.026973006840985116,1.1232569126279641,2.8895473,3.5979388
519222,420,4668,0.5269922879177378,R,0.2422764227642276,0.7577235772357723,0.3527672158850866,0.7062146892655368,87.56083429895713,104.9,9.03707995365006,,0.3289473684210526,0.2708238095238095,376.0,884.0,376.0,884.0,7.13966033596492,medium,0.0347625397131029,Austin Romine,R,-0.48014198295855826,0.543238798465452,-1.472582585192752,0.03523267656437199,0.07017556987539836,-6.5734043,10.917393
519237,421,4077,0.4728967377974,R,0.287863070539419,0.7121369294605809,0.2746781115879828,0.6828282828282828,89.78782742681048,106.3,10.343605546995375,,0.3519108280254777,0.3072478386167147,251.0,790.0,251.0,790.0,6.948897222313312,medium,0.1010749760451863,Cameron Rupp,R,0.6037499726689646,-0.38468368973543615,-0.6735010217519076,0.809794368276043,-0.1646960469258375,15.126028,-2.065598
519295,422,2149,0.4634713820381573,R,0.1736947791164659,0.8263052208835341,0.2866666666666667,0.632393084622384,87.51193317422434,102.56,13.081145584725537,,0.4812967581047381,0.2752103448275862,254.0,326.0,254.0,326.0,6.364750756851911,medium,0.1078521810540553,Jake Smolinski,R,-0.18744477786586114,0.656320711044093,0.39585842298578844,0.25243365965288034,-0.028938667476318337,2.7541308,10.781952
519299,423,6005,0.386511240632806,L,0.0986643688065489,0.9013356311934512,0.2177631578947368,0.5595278246205734,85.11492146596858,97.6,14.798429319371728,,0.393177737881508,0.2952829457364341,307.0,1241.0,307.0,1241.0,7.3453648404168685,medium,-0.0034826542637937,Eric Sogard,L,-1.1536226756266705,0.731925997750415,1.0051465910638793,0.32893945367517297,0.6200692062104556,7.754387,14.822219
519303,424,24,0.5,R,0.5,0.5,0.3333333333333333,0.6666666666666666,87.26,93.62,-3.6,,0.2,0.4028571428571428,1.0,6.0,1.0,6.0,2.0794415416798357,low,0.9743333333333332,Elliot Soto,R,0.06758338344495285,0.13369764637410003,0.04992750356736692,0.015556891643065464,0.04446934142241075,1.9945577,1.4700375
519306,425,7485,0.458249832999332,R,0.3008746355685131,0.6991253644314869,0.2403467297084318,0.6837955410549211,88.96470588235293,106.8,13.60559305689489,,0.471356783919598,0.3182017167381974,544.0,1320.0,544.0,1320.0,7.5310163320779155,high,0.0024978609625668,Steven Souza,R,0.23877612841914622,-1.410905597170111,-0.5045166191533925,-0.20993536681712058,-0.3715379407714401,-6.695562,-11.202318
519317,426,15447,0.4366543665436654,R,0.3191994069681245,0.6808005930318755,0.2761496582879648,0.6400058702670971,93.82338530066816,114.2,11.844474153297682,79.08802816901408,0.4097605893186004,0.3613661522086215,884.0,2874.0,884.0,2874.0,8.231908243564177,high,0.0538614501365022,Giancarlo Stanton,R,1.5357566218608365,-0.5361847367205869,-1.7095434225740374,0.1757650381520717,0.3552339329668232,9.79114,-5.4089174
519333,427,2229,0.4813817855540601,R,0.2320596458527493,0.7679403541472507,0.2587601078167116,0.703405017921147,84.68868894601543,100.5,16.303341902313626,,0.4065040650406504,0.2958650927487352,223.0,370.0,223.0,370.0,6.386879319362645,medium,0.0013014543691673,Matt Szczur,R,-0.8062046953927089,-0.17702824613109633,-0.005250307426632798,-0.22883842594727183,0.13991786432265127,-5.081755,20.371637
519345,428,206,0.5631067961165048,L,0.2758620689655172,0.7241379310344828,0.3364485981308411,0.8080808080808081,89.88809523809525,103.6,16.11904761904762,,0.35,0.2645344827586207,9.0,49.0,9.0,49.0,4.07753744390572,low,0.1034807256235827,Joey Terdoslavich,L,0.26957478396099105,0.05027045757751728,-0.2204994902893807,-0.06374869032222834,0.160577229047921,-2.8965964,1.0567391
519346,429,5878,0.458149030282409,L,0.304864463423691,0.695135536576309,0.2678125,0.6855862584017924,89.63613231552164,104.7,16.189567430025445,,0.4859437751004016,0.3473507779349363,227.0,1187.0,227.0,1187.0,7.254884810077338,medium,0.0702863547461671,Eric Thames,L,0.10392962981894276,-0.9048841634847886,-0.06355919723425997,-0.6686935877431979,-0.30014371318364663,-5.254209,-9.895488
519390,430,8570,0.4511085180863477,L,0.1945162959130885,0.8054837040869115,0.3095914354380599,0.6133233158026546,86.98537074148297,101.64,18.920507682030728,,0.4572210814510609,0.3032131070249882,370.0,1751.0,370.0,1751.0,7.660114319173928,medium,0.0495812832821399,Stephen Vogt,L,-0.45985781155931704,0.9145370099558697,0.6431581158161186,-1.1783232114899018,-0.037785632632311106,-2.700224,12.862182
519421,431,125,0.44,L,0.3272727272727272,0.6727272727272727,0.2285714285714285,0.7090909090909091,91.55,103.12,11.928571428571429,,0.5714285714285714,0.2299259259259259,4.0,23.0,4.0,23.0,3.332204510175204,low,0.2699130434782609,Andy Wilkins,L,0.13972584781612743,-0.3421988376892356,-0.1737932307296878,-0.2554022811025115,-0.38777818894141136,-1.6330571,-4.585706
519425,432,58,0.293103448275862,R,0.1764705882352941,0.8235294117647058,0.1388888888888889,0.5454545454545454,82.725,90.77,10.875,,0.375,0.3489285714285714,3.0,11.0,3.0,11.0,2.70805020110221,low,-0.4440909090909091,Jackson Williams,R,0.018017469285603806,0.23809573625959818,0.2668502416428426,0.21224554127142653,0.09800115551465033,6.380462,10.185038
519445,433,140,0.4428571428571428,R,0.1290322580645161,0.8709677419354839,0.1714285714285714,0.7142857142857143,87.478125,100.95,11.53125,,0.4642857142857143,0.189125,26.0,14.0,26.0,14.0,3.713572066704308,low,0.0979945054945055,Danny Worth,R,-0.6054559846539223,-0.15336100666860775,0.42263736100416077,0.04887312525633552,0.1950057722739053,-9.952987,-3.1009524
520471,434,14108,0.5034023249220301,L,0.2078287806251759,0.792171219374824,0.3547912205567451,0.6707353827606992,87.26348595613698,100.2,14.040784917275875,,0.4383670233848593,0.2955034218450588,1048.0,2605.0,1048.0,2605.0,8.203577736937952,high,0.0085818632694026,Freddy Galvis,L,-0.8997680796277158,1.3653883755794303,-0.1335554985412346,0.16783283467178928,-0.7056780433605654,0.056702763,18.41871
521692,435,14078,0.5739451626651513,R,0.2464108910891089,0.753589108910891,0.4427471278878929,0.7427318499269124,90.12950819672132,106.0,16.646395626921763,71.16192384769539,0.464397360194512,0.3224893510398396,1103.0,2888.0,1103.0,2888.0,8.292047637431354,high,-0.0038247307142695,Salvador Pérez,R,0.07784190511186515,0.6487653008986886,-0.319578250013009,-2.4101699380444632,0.09612555604923999,-12.336583,4.568695
523253,436,10262,0.3662054180471643,R,0.1881319850984566,0.8118680149015434,0.1661885245901639,0.5475659606094389,88.7612539184953,101.5,13.124137931034484,,0.398578811369509,0.3158153467377924,772.0,1665.0,772.0,1665.0,7.798933310041217,high,0.0214175558978668,Logan Forsythe,R,-1.6418653409747523,-0.5008267752531341,0.9101135475708095,0.5818969245340743,0.2700779791723597,-9.5539465,-4.5598335
524968,437,383,0.6005221932114883,R,0.2826086956521739,0.717391304347826,0.4729064039408867,0.7444444444444445,91.19615384615383,109.88,13.256410256410255,,0.3670886075949367,0.2839913793103448,77.0,39.0,77.0,39.0,4.762173934797756,low,-0.0931451881451881,Jesús Montero,R,-0.5678783077709879,-0.04069390201619831,-1.5778962552687597,-0.13402750398520163,-0.692577920742754,-9.050049,6.4244184
527038,438,14363,0.4728120866114321,R,0.1460756884111324,0.8539243115888676,0.2831506849315068,0.6688376044173864,87.1571021715913,101.3,18.131410256410255,65.88190045248868,0.447011367803447,0.3313928670168647,1178.0,2439.0,1178.0,2439.0,8.193676665955241,high,0.0386082167188395,Wilmer Flores,R,-0.12556942405487834,0.7097077270879156,1.535916209872392,-0.9039849038217411,-0.15063980245172245,-5.7521877,0.5242709
527043,439,2820,0.45,R,0.2308904649330181,0.7691095350669819,0.2505147563486616,0.6632428466617755,87.93551587301587,105.27,9.475149105367793,,0.5238095238095238,0.3003429752066116,330.0,396.0,330.0,396.0,6.588926477533519,medium,0.0138767676767677,Jefry Marte,R,1.9955769502556837,-0.1283833882045414,1.4265747284676473,-0.957547674366406,0.7888822829547478,-17.479296,-1.5072614
527049,440,760,0.4447368421052631,R,0.2869822485207101,0.7130177514792899,0.3037037037037037,0.6056338028169014,85.63913043478261,104.14,-3.391304347826087,,0.4561403508771929,0.3133247422680412,86.0,108.0,86.0,108.0,5.272999558563747,low,-0.0160816106804479,César Puello,R,0.48088426812092205,0.053765368032262145,0.12118226506205396,-0.5260564959524164,0.9848542672034919,-16.402763,-0.40288633
534606,441,1074,0.4860335195530726,R,0.2586206896551724,0.7413793103448276,0.275,0.6841155234657039,86.3709090909091,102.7,10.309090909090909,,0.3625,0.2778550185873605,112.0,157.0,112.0,157.0,5.598421958998375,low,0.0706803912647861,Ryan Lamarre,R,0.8170633524326533,0.10783840843477421,0.16312164319482989,0.3555673308603518,0.1867201620137496,11.870279,-0.97511977
534627,442,953,0.434417628541448,R,0.2342995169082126,0.7657004830917874,0.2806652806652807,0.5911016949152542,84.12587412587412,97.8,6.671328671328672,,0.2638888888888889,0.2627949790794979,70.0,169.0,70.0,169.0,5.480638923341991,low,0.0135026204564666,Tyler Holt,R,-0.6552875347481042,0.5091075249857013,-0.4011402103819308,0.28187036241505314,0.6167986895725326,-7.9312773,16.331463
537953,443,2103,0.4194008559201141,L,0.1587301587301587,0.8412698412698413,0.2132280355380059,0.6110091743119266,87.65042735042735,100.3,12.17948717948718,,0.4590643274853801,0.3025578747628084,97.0,430.0,97.0,430.0,6.269096283706261,low,0.0251321745384799,Daniel Nava,L,-1.0939194413793747,0.24535572846270928,0.48092328898911624,0.6121914630052011,-0.04472027963345249,4.374145,12.89341
541600,444,382,0.5157068062827225,R,0.1421319796954314,0.8578680203045685,0.3705583756345177,0.6702702702702703,85.05199999999999,98.64,4.8533333333333335,,0.3287671232876712,0.21555,48.0,52.0,48.0,52.0,4.61512051684126,low,0.0863221153846153,Wilfredo Tovar,R,-0.7228272738525822,0.6124298908854728,-0.4237024075870116,0.796577685154383,-0.09390817512538058,2.9578652,13.357747
541608,445,741,0.49527665317139,L,0.2125340599455041,0.7874659400544959,0.3427835051546392,0.6628895184135978,87.50239520958084,100.34,11.479041916167663,,0.4,0.2864858490566038,48.0,164.0,48.0,164.0,5.3612921657094255,low,0.0481341463414634,Ramón Cabrera,L,-0.3523344946427772,1.1462764311517133,-0.354876804838548,0.1037156673773873,-0.7046280790133975,0.4001086,18.620827
541645,446,13421,0.5747708814544371,R,0.3121597096188747,0.6878402903811253,0.3850034083162917,0.8034834045349983,89.57517871326449,107.4,7.611750694720127,70.65810810810811,0.4160853508411982,0.3159957081545064,951.0,2777.0,951.0,2777.0,8.22389538017882,high,0.0361772544261919,Avisaíl García,R,0.8019620947507221,-0.4122007131196779,-1.2143805772882073,-0.23139336224975163,-0.010695537969639507,14.342863,-12.627745
541650,447,6223,0.530130162301141,R,0.2303728402546225,0.7696271597453774,0.3892445582586428,0.6721523071958696,87.07776049766719,102.55,11.038880248833593,,0.4004914004914005,0.2865279361459521,635.0,1119.0,635.0,1119.0,7.470224135899966,high,0.0378630892318084,Hernán Pérez,R,-0.007625849041086261,1.2305537040247962,-0.24696840231009154,0.1831364876277827,-0.8765929180142283,-1.3997025,18.651583
542194,448,3567,0.60022427810485,R,0.3157403082671649,0.6842596917328351,0.4437994722955145,0.777511961722488,88.77663421418637,105.62,10.414464534075105,70.99317269076305,0.4574314574314574,0.2726979670861568,301.0,732.0,301.0,732.0,6.9411900550683745,medium,0.0014061007933482,Christian Bethancourt,R,0.5686834924030721,0.16963598537203833,-0.8313002836013362,-0.2364211556812886,-0.7829701139065546,14.346455,-3.940395
542208,449,3171,0.4619993692841375,R,0.1911262798634811,0.8088737201365188,0.2997542997542997,0.6331821127673364,86.29902597402597,101.55,15.02922077922078,69.04024390243903,0.4416666666666666,0.2596099290780141,247.0,599.0,247.0,599.0,6.741700694652055,medium,-0.0186731056484153,Carlos Pérez,R,0.5769844360003831,0.6555954704764297,0.9455017601699518,-0.356611038510468,0.33277519036266945,10.451138,5.5463057
542255,450,10544,0.4899468892261001,L,0.1306620209059233,0.8693379790940766,0.3165197824864054,0.6674342736518902,84.15548645046646,97.3,9.144824522434474,,0.4097538742023701,0.3136766202918222,730.0,2217.0,730.0,2217.0,7.988882253309227,high,0.0277944464010973,Ender Inciarte,L,-0.5292751577748303,0.8892509851343137,0.03074930638716852,0.10762100257852582,-0.33423497309305283,0.08262053,14.710955
542289,451,7,0.8571428571428571,R,0.1666666666666666,0.8333333333333334,0.6666666666666666,1.0,,,,,,0.0,0.0,1.0,0.0,1.0,0.6931471805599453,low,,Daniel Corcino,R,-0.011699202215224844,0.08536652786372093,0.011814137546528491,0.004262226410574063,-0.14763903532971817,-0.45637873,1.7173865
542303,452,17339,0.4786319856969837,R,0.2550909748162429,0.7449090251837571,0.2989855846235985,0.6896162528216704,91.1646889952153,107.7,12.324720893141944,73.22923976608188,0.4177339901477832,0.3434010186005314,987.0,3529.0,987.0,3529.0,8.415603335654604,high,0.0113397703727373,Marcell Ozuna,R,0.39920383646054136,0.17185088742358895,-0.6861811006303344,0.12329306100242288,0.35754902506992414,-3.3808725,7.703444
542340,453,13579,0.4773547389351204,L,0.2726010490589324,0.7273989509410675,0.267420751291719,0.7115923963851667,88.86429249762584,105.1,4.6219165085389,,0.415929203539823,0.3173142011834319,1024.0,2356.0,1024.0,2356.0,8.125926802707886,high,0.0005278195962436,Jonathan Villar,L,0.34039324579812696,-0.7105637932109703,-0.703111915337566,-0.05458702424395125,0.07218032083661872,13.885147,-17.497465
542364,454,5051,0.4486240348445852,L,0.177846425419241,0.822153574580759,0.261100569259962,0.6531456953642384,86.85493119266054,101.39,14.126146788990823,67.74652173913044,0.4813084112149532,0.2984976303317535,170.0,1096.0,170.0,1096.0,7.144407180321139,medium,0.0650299270072992,Rafael Ortega,L,-0.716122787700027,0.4237851413652739,0.5861096345215555,-0.2100840396293895,0.0413252355077422,-16.62478,16.456795
542436,455,1300,0.483076923076923,L,0.2070063694267515,0.7929936305732485,0.2840059790732436,0.694136291600634,84.6021551724138,100.77,3.724137931034482,,0.4541484716157205,0.2666512968299712,117.0,230.0,117.0,230.0,5.8522024797744745,medium,0.0048510590858417,Cristhian Adames,L,0.397750305860086,0.567308010393047,-0.0051303066307707736,0.8941281555095107,-0.5087439087663981,9.724414,18.572794
542454,456,5216,0.5460122699386503,L,0.2780898876404494,0.7219101123595506,0.3657630894912737,0.7384066587395958,89.00989130434783,104.2,9.983695652173912,,0.4385964912280701,0.2862165963431786,390.0,1032.0,390.0,1032.0,7.260522598089852,medium,0.0090287268932617,Danny Santana,L,-0.2875521159668314,0.2629864065051256,-0.5499989504397548,-0.388888614162981,-0.7307484641998857,-0.5092074,24.513178
542455,457,1140,0.5131578947368421,L,0.347008547008547,0.652991452991453,0.3713826366559485,0.6833976833976834,86.52363636363636,105.76,13.145454545454545,,0.538961038961039,0.2805371024734982,66.0,217.0,66.0,217.0,5.648974238161206,low,0.0321778382907415,Oswaldo Arcia,L,-0.4549501758114722,-0.16344065047380532,-0.43861572650125996,-0.42443489824250596,-1.0297635328432193,-15.5277605,-6.2767744
542513,458,744,0.4435483870967742,L,0.1242424242424242,0.8757575757575757,0.3241895261845386,0.5830903790087464,84.21298701298701,98.54,4.733766233766234,,0.3178807947019867,0.2480564102564102,41.0,154.0,41.0,154.0,5.278114659230517,low,0.0916726322458029,Tomás Telis,L,-0.30997409722388175,1.821470708561572,0.021804879264965743,0.29904881906688624,0.22848153588939138,-3.6607916,15.831809
542583,459,10830,0.4634349030470914,R,0.2556286112771468,0.7443713887228531,0.3164096343787905,0.6311524016604072,88.99644087256027,104.5,16.388059701492537,,0.4185493460166468,0.3299811102544333,785.0,1809.0,785.0,1809.0,7.861341795599989,high,0.0120502744592676,Jesús Aguilar,R,1.2560292235286592,0.9919179017291044,0.696734649586022,-1.069711712532593,0.2674430240546671,-2.962488,12.325052
542642,460,207,0.4927536231884058,R,0.3529411764705882,0.6470588235294118,0.1981132075471698,0.801980198019802,88.08888888888889,104.34,1.5185185185185186,,0.6086956521739131,0.2863260869565217,7.0,39.0,7.0,39.0,3.8501476017100584,low,-0.0731758241758241,Rymer Liriano,R,0.5801901062371106,-0.8969408493139857,-0.38936214034379524,0.4165319869220042,0.20377518495490285,9.73239,-13.4580145
542883,461,3,0.6666666666666666,L,0.0,1.0,0.5,1.0,82.0,82.0,-28.0,,1.0,0.0,0.0,1.0,0.0,1.0,0.6931471805599453,low,,Dean Anna,L,0.031168514164254178,0.045083235003994485,-0.052081541408913516,-0.002919714741010515,-0.0029983427052595207,0.10172499,0.98950714
542908,462,1866,0.5439442658092176,R,0.21871921182266,0.7812807881773399,0.3779366700715015,0.7271702367531003,85.96948640483384,100.6,21.048338368580065,,0.4888888888888889,0.2823496932515337,113.0,376.0,113.0,376.0,6.194405391104672,medium,0.0728814018075691,Jett Bandy,R,-0.8122264035644041,0.31644940178475023,0.5499082737508305,-1.7068416373589739,-0.5609582048447614,-4.8167143,-3.7230306
542921,463,6950,0.4893525179856115,R,0.2993237283152014,0.7006762716847986,0.2974683544303797,0.6813471502590673,87.92472727272727,104.7,9.528181818181816,,0.4554170661553212,0.3096071428571428,585.0,1179.0,585.0,1179.0,7.475905969367397,high,0.0111198929992822,Tim Beckham,R,0.9080348743929558,-0.2129130687407095,-0.1873047241310084,0.37490223085790736,0.012049888306955164,18.427036,-2.2492323
542923,464,6,0.6666666666666666,R,0.0,1.0,0.0,0.8,90.0,98.24,27.5,,0.5,0.4186666666666667,3.0,0.0,3.0,0.0,1.3862943611198906,low,,Dallas Beeler,R,0.09938535738807601,-0.0967672557819165,0.14955745827784697,-0.05683844952337426,-0.04270347292645339,1.901021,-4.255235
542932,465,6083,0.4284070360019727,R,0.2010744435917114,0.7989255564082886,0.2136752136752136,0.6272957568081063,86.80881782945737,103.6,3.755813953488372,70.83862068965517,0.3167641325536062,0.3118146467919637,437.0,1106.0,437.0,1106.0,7.342131730584722,medium,0.0042300453941678,Jon Berti,R,-0.8724279848365825,-0.6990424204712549,-0.5018906620427764,0.30055687631152445,1.7596375069951873,-12.092858,-0.5306833
542942,466,155,0.4258064516129032,R,0.3787878787878788,0.6212121212121212,0.2666666666666666,0.575,89.6,103.08,10.846153846153848,,0.5,0.2130285714285714,13.0,22.0,13.0,22.0,3.58351893845611,low,0.0819475524475524,Carson Blair,R,0.12667938644962934,-0.6766402138704899,0.2075206287495701,0.3855350065509642,0.055706380229302736,-0.513006,-16.224695
542963,467,395,0.5544303797468354,L,0.2374429223744292,0.7625570776255708,0.416267942583732,0.7096774193548387,82.18571428571428,96.86,15.19047619047619,,0.5,0.25419,20.0,80.0,20.0,80.0,4.61512051684126,low,0.2196125,Rob Brantly,L,0.2996230622880159,0.7545216852822532,0.7045626132002716,-0.3159321294532779,-0.6621385899109044,7.9702144,4.2102275
542979,468,4269,0.4462403373155306,R,0.3889763779527558,0.6110236220472441,0.2285067873303167,0.6799417192812045,88.5016096579477,105.5,9.311871227364184,,0.386411889596603,0.2973297455968688,350.0,672.0,350.0,672.0,6.930494765951626,medium,0.0352554761904761,Keon Broxton,R,0.14219268421864145,-1.5797942030296688,-0.7114424112367856,0.9791231876869397,-0.233722195731137,9.505896,-13.778738
542992,469,93,0.3655913978494624,R,0.1176470588235294,0.8823529411764706,0.1063829787234042,0.6304347826086957,85.75,95.65,11.5,,0.3076923076923077,0.2963181818181818,14.0,8.0,14.0,8.0,3.1354942159291497,low,0.0152321428571428,Andy Burns,R,-0.08258742314885165,-0.26174234135644714,0.5244561812992539,-0.30476674420209365,0.1494083465654702,-0.9191084,-8.477827
542993,470,3008,0.5548537234042553,L,0.1330137807070102,0.8669862192929898,0.3430114787305874,0.7603143418467584,82.92907488986783,96.6,7.715124816446402,,0.3895522388059702,0.2900180586907449,264.0,622.0,264.0,622.0,6.787844982309579,medium,-0.0452163475591932,Billy Burns,L,-0.6648981397339631,0.7411902599542799,-0.7408452860307297,-0.018756616320634394,0.09150445072101418,-3.1889021,20.797577
542994,471,1056,0.521780303030303,R,0.3157894736842105,0.6842105263157895,0.3442906574394463,0.7364016736401674,90.10574712643678,106.1,2.3850574712643677,,0.3216374269005848,0.3248876811594203,113.0,163.0,113.0,163.0,5.6240175061873385,medium,-0.0355628970085238,Joey Butler,R,0.6701147178695316,-0.43977191202855986,-0.7386595452401986,1.4804220236404653,0.31649310592242047,11.641378,-9.742074
543038,472,282,0.5212765957446809,R,0.3537414965986394,0.6462585034013606,0.2589285714285714,0.6941176470588235,88.07142857142857,104.48,16.428571428571427,,0.4,0.2824210526315789,15.0,61.0,15.0,61.0,4.343805421853684,low,-0.2790251366120218,Dusty Coleman,R,-0.8209928743415718,-1.0993819978598816,-0.31848449349920976,-0.5244180723429741,-0.00908950751626322,-9.55272,-10.257355
543063,473,16830,0.515805109922757,L,0.2695541988250202,0.7304458011749798,0.2931151241534989,0.7633626097867001,88.4649087893864,102.6,11.536294332118,69.72707423580786,0.4467226890756302,0.3133385142857143,1232.0,3143.0,1232.0,3143.0,8.383890344101816,high,0.0200109297717872,Brandon Crawford,L,0.2818032296901677,-0.6023884160446242,-0.0526760431294504,-0.02877593183944507,0.8417838686425507,-3.4453328,0.4784493
543068,474,14618,0.4964427418251471,R,0.2396307013917596,0.7603692986082403,0.33961770096884,0.6680515759312321,88.850991831972,107.5,14.18436406067678,71.26627218934911,0.403814935064935,0.3377720276008492,1056.0,2712.0,1056.0,2712.0,8.234564993267135,high,0.0087753838160364,C. J. Cron,R,0.4882760826215427,0.8317267769629987,-0.8933460577839546,-0.33015010578984066,-0.1558665255481417,11.994946,-2.598416
543089,475,156,0.5384615384615384,R,0.25,0.75,0.282051282051282,0.7948717948717948,83.97272727272727,100.84,10.12121212121212,,0.375,0.2723555555555556,12.0,33.0,12.0,33.0,3.828641396489095,low,-0.0929848484848484,Taylor Davis,R,-0.28620415236895025,0.21529981985023655,0.09261663564689043,-0.06389275721002402,-0.10292156545376391,-4.813601,3.9475448
543094,476,639,0.4084507042253521,L,0.2337164750957854,0.7662835249042146,0.2321428571428571,0.6039603960396039,84.36777777777777,99.22,12.977777777777778,,0.4146341463414634,0.2476953642384106,27.0,124.0,27.0,124.0,5.0238805208462765,low,0.0882084826762246,Jaff Decker,L,-0.3672812920921748,-0.005296546856376651,0.6229766963217813,0.38364074153992583,-0.368213083321515,6.0147195,9.6945915
543105,477,3835,0.4915254237288136,L,0.2153846153846154,0.7846153846153846,0.2923387096774194,0.7050243111831442,88.9971346704871,105.9,16.58595988538682,,0.4656716417910447,0.3331226130653266,129.0,866.0,129.0,866.0,6.903747257584598,medium,0.0171882485632955,Alex Dickerson,L,0.0017826583453820785,0.20184441195859973,-0.9273760527456744,0.24783567929364084,-0.4766440094401253,-15.594064,-3.6989758
543148,478,750,0.4466666666666666,R,0.3343283582089552,0.6656716417910448,0.2784090909090909,0.5954773869346733,91.02268041237114,103.6,20.77319587628866,,0.5212765957446809,0.2544378698224852,60.0,109.0,60.0,109.0,5.135798437050262,low,0.0237666666666666,Tim Federowicz,R,-0.22315804382872637,-0.6432387261701806,0.1326136131744473,-0.019219969538736566,-0.20409496670209892,-6.2969594,-16.47188
543194,479,471,0.4968152866242038,R,0.3119658119658119,0.688034188034188,0.2918454935622318,0.6974789915966386,85.00126582278482,102.08,16.265822784810126,,0.44,0.2392204724409448,47.0,80.0,47.0,80.0,4.852030263919617,low,0.1265486702127659,Isaac Galloway,R,0.401258447963967,-0.11680362142046176,-0.34481593821633405,-0.6071970763993668,-0.1237315528114081,-3.7112803,-6.5849633
543213,480,2973,0.4611503531786075,R,0.1473377097009481,0.8526622902990518,0.2673338098641887,0.633418043202033,85.77774566473988,98.89,9.992774566473988,,0.3766423357664233,0.2931327944572748,233.0,633.0,233.0,633.0,6.7650389767805414,medium,-0.0338554400667168,Johnny Giavotella,R,-0.3176367252336911,0.589683200295575,1.3552321832099568,0.9654392294178541,0.20572350130575648,7.9686093,14.369288
543216,481,1858,0.5139935414424112,L,0.1958115183246073,0.8041884816753927,0.3417721518987341,0.7268351383874849,87.37506112469438,100.94,11.21515892420538,,0.4950738916256157,0.2781277777777777,50.0,490.0,50.0,490.0,6.293419278846481,low,0.0381391836734693,Conor Gillaspie,L,0.6768181523804219,0.7160381358491625,0.5160688484083872,0.08759893413649301,-0.7274126872087084,8.65812,2.8259733
543228,482,11264,0.5245916193181818,R,0.2267727195803012,0.7732272804196988,0.3539884796648629,0.7011743450767841,87.64129709108249,102.6,15.823725583611244,67.67251308900524,0.4160975609756097,0.2967274834437086,890.0,2130.0,890.0,2130.0,8.013343181386672,high,0.0542149337975418,Yan Gomes,R,-0.9854947870984465,0.1764486394071161,0.13486183725352258,-0.4332694646182126,-0.8861172668513528,-10.136485,13.991095
543238,483,2495,0.4741482965931863,L,0.2637362637362637,0.7362637362637363,0.2859327217125382,0.6815501263689975,88.2533692722372,104.0,5.735849056603773,,0.407202216066482,0.2997823343848581,110.0,524.0,110.0,524.0,6.453624998892692,low,0.0825394170714781,Anthony Gose,L,0.21947965214581658,-0.31661760059906924,0.1019699231715444,0.6881501657634223,0.18910466660091035,14.715946,13.703254
543257,484,14555,0.3875644108553762,L,0.1827690125864208,0.8172309874135791,0.1688014021841715,0.6148781171196414,87.26870061457419,101.6,16.45566286215979,65.76470588235294,0.4364368845120859,0.3234252713609797,1040.0,2553.0,1040.0,2553.0,8.187021067343505,high,-0.0581264530416704,Robbie Grossman,L,-1.4650213426688183,-0.8565925909395379,0.8088104134013335,0.23284687606188564,0.3391293470197827,-0.80783147,-20.855467
543281,485,11417,0.5426994832267671,R,0.1954486765655261,0.8045513234344739,0.3539759468677078,0.7225453301402669,86.34440298507464,99.59,14.560530679933663,67.94545454545454,0.4251599147121535,0.3054488139825218,823.0,2381.0,823.0,2381.0,8.07246736935477,high,0.0171625969667727,Josh Harrison,R,-1.040750425628944,0.8070349700122077,-0.15274341723361284,-0.6433652979085086,0.2549057062462206,-15.486348,12.84245
543302,486,2896,0.468232044198895,L,0.2853982300884956,0.7146017699115044,0.2625586068318821,0.6870990734141126,88.95105386416861,103.34,10.885245901639344,,0.45260663507109,0.2860238764044944,119.0,593.0,119.0,593.0,6.569481420414296,medium,0.025575793217793,Chris Herrmann,L,0.4505386225019281,-0.6611336505580865,0.554349344316965,0.5294502539839606,-0.38884483488274457,5.2265244,-5.25353
543305,487,12637,0.4106196090844346,L,0.2389670456735402,0.7610329543264598,0.2030198833906413,0.6440820443846671,88.31699745547074,103.3,12.820956256358087,64.98911917098445,0.4929797191887675,0.3234963768115942,898.0,2138.0,898.0,2138.0,8.01862546504575,high,-0.0060931984807731,Aaron Hicks,L,1.4148013745126622,0.044737417753360764,0.8770149599789933,1.1999354552058779,0.10727804979252595,16.517746,3.1588464
543308,488,3390,0.592330383480826,R,0.326195219123506,0.673804780876494,0.4083285135916715,0.7838651414810355,87.71258741258741,104.89,14.265734265734263,,0.4693877551020408,0.29043,269.0,631.0,269.0,631.0,6.803505257608338,medium,0.0285809212968145,John Hicks,R,-0.041146664260566006,-0.2286171678375869,-1.0486399881020867,-0.4777449797559118,-0.3601375955073622,6.628805,3.0928497
543309,489,3460,0.4973988439306358,R,0.2643811737361998,0.7356188262638002,0.2903790087463557,0.7008595988538682,90.07540716612378,104.8,18.73941368078176,70.11756097560976,0.4867109634551495,0.2767445652173912,272.0,648.0,272.0,648.0,6.825460036255307,medium,0.0335285039941902,Kyle Higashioka,R,1.2033041458964873,-0.2210958292539185,0.6499874393224951,-0.1941922609287128,-0.8451542306612939,-14.342977,-20.865294
543321,490,55,0.5272727272727272,R,0.2758620689655172,0.7241379310344828,0.28,0.7333333333333333,85.85833333333333,98.8,-4.666666666666667,,0.5833333333333334,0.2631875,10.0,6.0,10.0,6.0,2.833213344056216,low,0.1861666666666666,L. J. Hoes,R,-0.08782256163993966,0.06638374954163052,-0.2156301688879809,0.35929416574836287,-0.0013632066989931657,1.6460214,3.9208179
543329,491,100,0.53,R,0.2641509433962264,0.7358490566037735,0.3898305084745763,0.7317073170731707,83.99166666666666,97.93,-3.3333333333333335,,0.5,0.27076,4.0,21.0,4.0,21.0,3.258096538021482,low,-0.3223333333333333,Destin Hood,R,-0.1642441999018088,0.0006196049339744042,0.032474002044336134,-0.17289812190597842,0.15561381078002498,-7.8258886,-0.84694546
543333,492,17497,0.4820254900840144,L,0.2227887123547546,0.7772112876452454,0.3109992660165671,0.6869346733668342,89.98232230392156,106.8,3.1577335375191424,,0.4040752351097179,0.3305486492422578,1444.0,3109.0,1444.0,3109.0,8.423761246623686,high,0.0613644924617921,Eric Hosmer,L,1.0724230688802707,0.4777812247534118,-1.1649852267943372,0.4006744914129643,0.8477539183756962,-15.795575,8.572439
543362,493,42,0.5714285714285714,R,0.4166666666666666,0.5833333333333334,0.6,0.5454545454545454,88.575,102.22,23.75,,0.5,0.0730833333333333,7.0,5.0,7.0,5.0,2.5649493574615367,low,-0.1754,A. J. Jiménez,R,0.38102512208252254,0.17498305087030466,-0.10133760416827306,-0.1282394576537257,-0.21477353313839545,5.7811174,0.85109144
543376,494,4204,0.4897716460513796,R,0.2258377853326857,0.7741622146673143,0.3072891853263458,0.6717339667458432,86.07852437417655,100.6,13.62401055408971,,0.3867403314917127,0.270322849213691,317.0,764.0,317.0,764.0,6.9865664594064265,medium,-0.0057237063768642,Caleb Joseph,R,-0.07881458836332035,0.5470049317398723,0.671511692646746,0.4226867771285929,-0.7291798728241565,8.337778,6.359328
543377,495,328,0.4725609756097561,L,0.1806451612903226,0.8193548387096774,0.3253012048192771,0.6234567901234568,86.78153846153846,100.48,10.06153846153846,,0.4375,0.2006666666666666,2.0,85.0,2.0,85.0,4.477336814478207,low,-0.2398470588235293,Corban Joseph,L,-0.5676037989555807,0.5361057545530531,0.2580497648948687,0.5584576406191946,-0.13033094080490323,1.7329954,9.385847
543401,496,11599,0.4354685748771446,L,0.1859037814294198,0.8140962185705801,0.2582938388625592,0.6193990511333685,88.21350148367954,102.0,14.478733926805145,,0.464447806354009,0.3260697913102976,948.0,1975.0,948.0,1975.0,7.980707820869669,high,0.0447858649789029,Jason Kipnis,L,-0.8463960541676424,0.36076112660467263,0.6894000741820159,0.22820218830386313,0.020187189187204236,3.646404,8.636118
543432,497,703,0.4665718349928876,R,0.2591463414634146,0.7408536585365854,0.2920110192837465,0.6529411764705882,89.25714285714287,103.96,16.03361344537815,,0.3130434782608696,0.3041639344262295,64.0,119.0,64.0,119.0,5.214935757608986,low,-0.001453518907563,Ryan Lavarnway,R,0.5387369029097834,0.08615890665077144,0.40547200726163335,0.25162959911561833,-0.12245507763645884,5.54447,-3.7108033
543434,498,3740,0.4802139037433155,R,0.2583518930957683,0.7416481069042317,0.3327859879584017,0.6210141139571353,89.62384615384616,105.0,10.74153846153846,,0.4066455696202531,0.3077051020408163,240.0,740.0,240.0,740.0,6.8885724595653635,medium,0.0544229729729729,Brett Lawrie,R,-0.35662782708281876,0.4269459407833692,-1.1950969214321625,-0.09688651154183986,-0.4970672042260273,-0.71589285,20.264065
543459,499,68,0.5441176470588235,L,0.2432432432432432,0.7567567567567568,0.3928571428571428,0.65,83.81666666666666,94.77,8.083333333333334,,0.5,0.0361578947368421,2.0,17.0,2.0,17.0,2.995732273553991,low,0.0404117647058823,Steve Lombardozzi,L,-0.19517702167503279,0.3823390556717957,-0.17455438010440824,0.06577490164595408,-0.3046644230020392,0.12486084,15.664467
543482,500,22,0.5909090909090909,R,0.0769230769230768,0.9230769230769232,0.25,0.7857142857142857,83.725,99.54,24.75,,0.5,0.3545,3.0,3.0,3.0,3.0,1.9459101490553132,low,-0.709,Drew Maggi,R,-0.24123386689933884,0.07777310460491907,0.16918126484306903,-0.0029262398098699434,-0.02021363075559261,-0.88930076,2.5464044
543484,501,3964,0.4419778002018164,R,0.2271689497716894,0.7728310502283106,0.2685827552031714,0.6217882836587872,88.89300476947535,104.4,13.18282988871224,,0.4326599326599326,0.300049896049896,341.0,621.0,341.0,621.0,6.870053411798126,medium,0.0378691921553072,Mikie Mahtook,R,0.22733985674099877,0.19563179549316337,0.19176842654405027,0.08288219862815487,-0.4190512559559225,7.762911,8.821003
543510,502,11775,0.4965605095541401,R,0.2560287326834274,0.7439712673165726,0.3294710327455919,0.6675257731958762,88.55007444168734,103.6,13.266501240694788,68.5,0.3806085611139763,0.2921911475409836,947.0,2103.0,947.0,2103.0,8.02322468471667,high,0.0471327223491758,James Mccann,R,-0.3908009393079316,0.2755071168799205,-0.5025655800542986,0.484239591248301,-0.5318208952188811,6.792578,5.9083652
543543,503,10772,0.4699220200519866,L,0.2759778743579613,0.7240221256420387,0.2725983693725629,0.6869395711500975,90.58981373690337,106.23,11.58498253783469,68.67777777777778,0.414560770156438,0.3190266858997476,525.0,2248.0,525.0,2248.0,7.928045600874777,high,0.0688879977969835,Brad Miller,L,-0.2533292383896206,-0.32557547008833554,-1.211008719273056,-0.0596953379576109,0.019826007512837786,-13.4527235,-14.616659
543569,504,35,0.4285714285714285,R,0.4666666666666667,0.5333333333333333,0.2222222222222222,0.6470588235294118,101.6,103.86,5.5,,0.5,0.3052857142857142,1.0,6.0,1.0,6.0,2.0794415416798357,low,1.1091666666666666,Brent Morel,R,-0.2086392606551127,-0.21665871203456225,-0.0717690027858577,0.279776676438777,-0.022869118231039504,-8.837214,-6.1809764
543590,505,2366,0.4222316145393068,L,0.3413413413413413,0.6586586586586587,0.2193050193050193,0.6676003734827264,90.61578947368422,104.76,9.614035087719298,,0.5265151515151515,0.3014280639431616,55.0,508.0,55.0,508.0,6.335054251498059,low,0.0822041159627774,Kirk Nieuwenhuis,L,0.6736020840519733,-0.9058410686395615,0.025689697951717258,0.1713226906078145,0.21827189870996513,8.390642,-12.682534
543592,506,4594,0.4196778406617327,R,0.1550829875518672,0.8449170124481328,0.1970310391363023,0.6284268241248419,88.6189858490566,102.3,13.79245283018868,65.12,0.4229390681003584,0.3052030328559393,414.0,773.0,414.0,773.0,7.080026499922591,medium,0.0194689646336814,Austin Nola,R,-0.1774143799701389,-0.42988665216266175,0.7813904777888182,0.10945107615612855,0.5468225944300752,-3.0613365,-21.730864
543611,507,38,0.4736842105263157,L,0.1111111111111111,0.8888888888888888,0.4117647058823529,0.5238095238095238,89.54545454545455,97.7,21.454545454545453,,0.2727272727272727,0.1207692307692307,1.0,12.0,1.0,12.0,2.6390573296152584,low,-0.81925,Danny Ortiz,L,-0.2399122015716575,0.24678185672950823,-0.0654236750279907,-0.03853065556271114,-0.2571186033545516,-3.2485628,5.2267823
543633,508,140,0.5285714285714286,R,0.1756756756756756,0.8243243243243243,0.3098591549295774,0.7536231884057971,84.46060606060605,102.76,5.454545454545454,,0.3636363636363636,0.287575,25.0,15.0,25.0,15.0,3.713572066704308,low,0.0442266666666666,Juan Pérez,R,-0.4619702569328532,0.17693147137807408,0.030506258323801043,-0.03443817377705177,-0.1307302893563184,-3.3726842,3.0670533
543685,509,15070,0.4248175182481752,R,0.1368322399250234,0.8631677600749765,0.2000531702778147,0.648867099509739,90.2847153228888,103.3,17.736721436759648,,0.413307240704501,0.3650040738728951,896.0,2786.0,896.0,2786.0,8.211482916445066,high,0.0227864545944005,Anthony Rendon,R,-2.0429346267328863,-0.7134233290637452,0.6726146888097456,-0.02555503338174744,0.8927795699851849,-15.444965,-9.692677
543698,510,5,0.2,R,0.0,1.0,0.0,0.3333333333333333,82.2,82.2,10.0,,0.0,0.881,0.0,1.0,0.0,1.0,0.6931471805599453,low,,Donn Roach,R,-0.08673787922050613,0.069583896327797,0.0687518417363521,0.029702526831948788,0.0001259206258160018,0.27966672,2.2703662
543706,511,652,0.4033742331288343,R,0.0760456273764258,0.9239543726235742,0.1815068493150685,0.5833333333333334,85.29685534591195,99.08,3.308176100628931,,0.4012738853503185,0.2666208791208791,106.0,76.0,106.0,76.0,5.209486152841421,low,0.0471308341608738,Dan Robertson,R,-0.5343939491931882,0.6048721741244308,0.9452863667673801,1.071206482400948,-0.060473308302621404,8.507789,13.393777
543742,512,756,0.4629629629629629,R,0.3199999999999999,0.68,0.2935064935064935,0.6388140161725068,89.67241379310344,105.6,8.293103448275861,,0.3669724770642202,0.2810471204188481,88.0,103.0,88.0,103.0,5.2574953720277815,low,0.0970351941747572,Jerry Sands,R,0.792746737760251,-0.00257521297552298,-0.6206510537279446,0.7756844543878215,-0.21326353025863135,13.081999,-6.890765
543760,513,21737,0.4490040023922344,R,0.1956967213114754,0.8043032786885246,0.2259773474607234,0.6753174529613495,87.9238485158649,101.9,17.23976458546571,67.00451866404715,0.4660041841004184,0.3332841510122196,1517.0,3966.0,1517.0,3966.0,8.609590040682205,high,0.0154079564232695,Marcus Semien,R,-0.5781953911939809,-1.0810083734145919,1.5950703213532833,-0.46364156516953287,0.30677998142684987,-5.7918224,-17.830101
543768,514,10864,0.4589469808541973,L,0.2202166064981949,0.779783393501805,0.275939331265081,0.668708020545239,88.69460243760882,105.4,17.202553685432385,,0.4611620795107033,0.323347711927982,628.0,2038.0,628.0,2038.0,7.888709524182015,high,0.0410615190363976,Travis Shaw,L,0.10591870054427696,0.12126672784928164,-0.5109414944752826,-0.7176727502643316,-0.6869710449099736,-3.7801516,4.8643427
543776,515,2167,0.435163820950623,L,0.1304347826086956,0.8695652173913043,0.2714420358152686,0.5922242314647378,84.71866952789699,100.25,5.536480686695279,,0.4784580498866213,0.2568657718120805,100.0,496.0,100.0,496.0,6.391917113392602,low,-0.0533206451612903,Jb Shuck,L,0.20031674394165255,1.483816684252441,0.34785344282459335,0.691044854440877,0.25914785557316383,0.052611172,8.929876
543807,516,18792,0.4662090251170711,R,0.2419815089601643,0.7580184910398357,0.2314456191772218,0.7089511851932028,89.07270479134468,106.7,11.445749613601237,70.68800705467372,0.4327784891165173,0.358866000832293,1275.0,3531.0,1275.0,3531.0,8.47782846789396,high,0.0233155346760624,George Springer,R,0.3511846901957322,-1.5223554498068819,0.141414066457971,-0.6974381534362577,1.5352284335069113,-2.1100106,-9.216904
543829,517,9498,0.52179406190777,L,0.1420500403551251,0.8579499596448749,0.3588963719313491,0.6749744637385087,83.14002782931354,96.5,3.964235949837436,,0.3918017159199237,0.2991447835344216,741.0,2077.0,741.0,2077.0,7.944137491114112,high,0.0123194306643613,Dee Strange-Gordon,L,-1.0123398898367382,1.7820766105325139,-0.42560994131894403,0.7879776350938388,-0.39560534902059785,-1.4649434,15.774536
543877,518,10748,0.4797171566803126,R,0.1730023273855702,0.8269976726144298,0.3112301440709272,0.6507311586051744,87.29970745977573,101.4,11.200779727095515,64.9776119402985,0.350668647845468,0.2979693693693693,742.0,2033.0,742.0,2033.0,7.928766321626696,high,0.0259690312008199,Christian Vázquez,R,-1.5780144356392471,0.7704445022987251,-0.5094608238712629,-0.07465157805800943,0.13553418927000557,-6.590394,16.482616
543921,519,8,0.25,R,0.5,0.5,0.0,0.4,,,,,,0.0,0.0,1.0,0.0,1.0,0.6931471805599453,low,,Joe Wieland,R,0.027496147712528667,-0.15881081954737455,0.030943769863471034,0.0741741600507342,0.04493550360385838,0.95715463,-1.4273335
543939,520,14119,0.4590976698066435,L,0.1794199321197161,0.8205800678802838,0.2703141928494041,0.6660727542687453,86.98189362504715,101.7,11.703885326291966,69.15952380952382,0.4560862865947612,0.3173908629441624,857.0,2886.0,857.0,2886.0,8.227909837597483,high,0.0473046073629504,Kolten Wong,L,-0.6977043444709268,0.33878781256963786,0.059057319300882594,0.5484899224672466,-0.408281016134544,1.6122732,8.905688
543942,521,6,0.5,R,0.0,1.0,0.5,0.5,61.5,61.5,1.0,,0.0,0.0,0.0,1.0,0.0,1.0,0.6931471805599453,low,,Rob Wooten,R,-0.11158668475233839,-0.044691069095796496,-0.025558807646925526,0.04374253802789787,0.05745807551472789,-1.3902997,0.34362534
544369,522,12900,0.546124031007752,L,0.1963094393186657,0.8036905606813343,0.3565508215791769,0.7625767889755936,85.80406681190995,100.9,15.69281045751634,,0.4645085803432137,0.3140945061201252,962.0,2551.0,962.0,2551.0,8.164510268747042,high,0.0245344282255297,Didi Gregorius,L,0.25972205217982314,1.0549738743909884,0.8792760831106442,-0.07682940678416443,-0.8521863621853797,3.4894767,19.459183
544725,523,7415,0.5402562373567094,L,0.2321517723414877,0.7678482276585122,0.3465078505684894,0.7325987637731792,87.03048452220727,101.85,5.520861372812921,,0.4043865661411926,0.2908267679164689,598.0,1509.0,598.0,1509.0,7.653494909661253,high,-0.0204997462272075,Leury García,L,0.030251439948226724,0.7552821992658847,-0.45887802314013804,0.2432993867190041,-0.12593692721179228,-7.4264545,2.8557904
544925,524,670,0.4522388059701492,L,0.264026402640264,0.735973597359736,0.2594752186588921,0.654434250764526,88.64144144144144,104.2,15.108108108108109,,0.5675675675675675,0.2857670454545454,20.0,156.0,20.0,156.0,5.176149732573829,low,0.0924756410256409,Matt Den Dekker,L,-0.23163739694846117,-0.6052627152440357,0.6189333185987103,-0.07232938605172505,-1.133696109132202,3.6995602,-17.91772
545121,525,3186,0.4566854990583804,L,0.1298969072164948,0.8701030927835052,0.2984595635430038,0.6081081081081081,86.73231622746187,101.4,4.593619972260749,68.44548611111111,0.4685314685314685,0.2830260180995475,321.0,563.0,321.0,563.0,6.785587645007929,medium,-0.0380049523303618,Ildemaro Vargas,L,0.4080960260576527,1.3072681431789448,0.7189638046970558,-0.8051455227754802,0.5025244188564014,14.762752,9.783739
545337,526,135,0.3259259259259259,L,0.3409090909090909,0.6590909090909091,0.1818181818181818,0.463768115942029,85.10000000000001,100.42,12.882352941176473,,0.5294117647058824,0.1937142857142857,7.0,28.0,7.0,28.0,3.58351893845611,low,0.1183928571428571,Nolan Fontana,L,0.04595820857590692,-0.04270508264123909,0.8087934315292276,0.07324248143444376,0.21188056282280124,11.636264,9.318693
545338,527,1603,0.4753587024329382,L,0.2506561679790026,0.7493438320209974,0.2506142506142506,0.7072243346007605,86.18664259927797,101.12,13.776173285198556,,0.4752851711026616,0.2795227817745803,87.0,330.0,87.0,330.0,6.035481432524756,low,0.092208881922675,Nick Franklin,L,-0.2614254923063886,-0.6906967547862526,0.5097518418323397,0.6245506805618923,-1.0858087605854656,4.7628446,-14.339652
545341,528,15657,0.5129973813629687,R,0.257843625498008,0.742156374501992,0.3326375245579567,0.7085052575535739,90.03704366499642,106.7,14.94452397995705,72.74923076923078,0.4591125779244591,0.3234493594392071,1238.0,2899.0,1238.0,2899.0,8.327967858305488,high,0.0372468727726846,Randal Grichuk,R,-0.37808469626522223,-0.6883292298331164,-1.1949780384737752,-0.1755379947674851,-0.4226983312095244,18.34454,-14.122012
545346,529,11,0.5454545454545454,R,0.0,1.0,0.0,0.8571428571428571,73.82000000000001,91.86,-25.4,,0.0,0.0,2.0,3.0,2.0,3.0,1.791759469228055,low,0.0,Zach Lee,R,0.13440069000159668,0.1152587426818896,0.09082068052865869,0.06710148109265644,0.03253744151500016,2.3649478,1.4682573
545350,530,7097,0.5192334789347611,R,0.2892808683853459,0.710719131614654,0.3168205989364679,0.7244608399545971,87.01132246376811,104.3,14.75,68.91818181818182,0.4370922646784715,0.2942510706638115,771.0,1097.0,771.0,1097.0,7.533158807455563,high,0.020487854507104,Jake Marisnick,R,0.17975106910974,-0.06971241141841379,-0.22589397505452885,-0.6776347436643736,0.25172014860681197,-5.14569,-2.1530192
545358,531,4767,0.4417872876022656,R,0.301994301994302,0.698005698005698,0.2175043327556325,0.6522976819845465,89.5237837837838,104.3,10.133783783783784,,0.4532967032967033,0.2886422310756972,421.0,834.0,421.0,834.0,7.135687347028144,medium,-0.0373925021502987,Max Stassi,R,0.31173147491653447,-1.3195289116617723,0.07847032880903204,0.2320036308810387,0.17881294453289104,-3.5630367,-12.48155
545361,532,18396,0.3880734942378778,R,0.2008684689732455,0.7991315310267545,0.1990992878089652,0.591998191681736,91.3481220657277,109.1,18.327464788732396,72.25,0.4096722621902478,0.4224439185991481,1080.0,3146.0,1080.0,3146.0,8.34924780056679,high,-0.0272743619175437,Mike Trout,R,-1.5607625428711918,-1.203958615905042,-0.5745093260479479,-0.8613353431304303,1.2235602753014228,-15.648213,-10.995046
545404,533,8,0.5,R,0.5,0.5,0.0,0.5714285714285714,90.4,90.4,17.0,,1.0,0.0,0.0,2.0,0.0,2.0,1.0986122886681098,low,,Brandon Beachy,R,0.05540929900776583,-0.14035887710809392,0.014208418918480696,-0.09057163236482291,0.022337184372345838,0.4348944,-2.3830824
546318,534,12348,0.5057499190152251,L,0.232185748598879,0.7678142514011209,0.3555983412322275,0.6869192280200143,87.742598460842,105.2,9.365986394557822,,0.404862085086489,0.3211514095660437,816.0,2341.0,816.0,2341.0,8.057694194815587,high,0.0171902059200442,Odúbel Herrera,L,0.29230483466833224,1.3820667315596962,-1.327250945374049,-0.17142957380308654,-0.24528953604662843,-3.9379923,9.201728
546990,535,931,0.4758324382384533,R,0.3679458239277652,0.6320541760722348,0.2971887550200803,0.6812933025404158,87.20697674418605,104.86,11.255813953488373,,0.3720930232558139,0.2781715481171548,92.0,147.0,92.0,147.0,5.480638923341991,low,-0.1567139899438036,Anthony Alford,R,-0.6192518780903927,-0.5115209433969062,-1.0438549372499308,-0.062430973485881204,-0.28118381190619246,-12.360648,-14.241929
546991,536,5545,0.5233543733092877,R,0.2315644383184011,0.7684355616815989,0.3807531380753138,0.6761299962644751,86.43353090601185,103.2,8.226079593564776,,0.3956521739130434,0.2934930730478589,531.0,1057.0,531.0,1057.0,7.370860166536716,high,0.0216985053459405,Albert Almora,R,0.7699474014673915,1.3599170597443724,0.34569415529947584,0.09152873619907435,-0.8778774120668467,4.4918084,19.509115
547004,537,3662,0.4937192790824686,L,0.2439159292035397,0.7560840707964602,0.2706131078224101,0.7322033898305085,88.11888888888889,102.2,9.503174603174603,,0.4699186991869918,0.2793354430379747,143.0,805.0,143.0,805.0,6.855408798609928,medium,-0.0525081700907787,Rio Ruiz,L,0.4000667701780242,-0.3904482233188569,0.2390052185899664,-0.5600698202489667,1.0407693562339577,-4.7942886,-0.55086255
547170,538,2306,0.4895923677363399,L,0.2612931798051373,0.7387068201948627,0.2553191489361702,0.7329796640141468,85.40135869565218,103.19,14.095108695652174,,0.4438202247191011,0.3044607329842931,102.0,471.0,102.0,471.0,6.352629396319567,low,-0.0095297864368677,Nick Delmonico,L,0.7268149653264934,-0.270674404664062,0.3127822878705512,0.13520505223701515,0.21852775992719817,4.9866567,2.1287398
547172,539,4750,0.4376842105263158,L,0.1972101972101971,0.8027898027898028,0.2539815590947192,0.6230964467005076,84.85765550239235,98.25,7.844497607655502,,0.4269521410579345,0.2793645917542441,294.0,943.0,294.0,943.0,7.121252453244542,medium,0.0034319763960727,Tony Wolters,L,-0.10176776965039443,0.35708935671272546,1.132468087868247,0.15014392120807923,-0.5196057780895154,1.8027679,24.360552
547173,540,47,0.4893617021276595,R,0.217391304347826,0.782608695652174,0.3571428571428571,0.6842105263157895,91.075,97.84,27.5,,0.25,0.0688999999999999,7.0,3.0,7.0,3.0,2.3978952727983707,low,0.0984285714285714,Christian Lopes,R,-0.04629569930389753,-0.05464293780484421,0.45687507732340443,-0.13010298787765548,0.12860339188393682,1.6622441,-5.5712285
547176,541,15,0.4,L,0.5,0.5,0.375,0.4285714285714285,107.2,107.2,22.0,,1.0,0.669,0.0,3.0,0.0,3.0,1.3862943611198906,low,,Dan Camarena,L,0.09624457221156882,-0.04368982267369062,-0.12779404426422494,-0.18459738239821682,-0.11984048094648807,-0.7527917,-0.8551005
547180,542,19690,0.4721178263077704,L,0.2789371772805508,0.7210628227194492,0.2808988764044944,0.7395541478864661,91.34482874412356,107.9,13.50839489590329,74.02933070866142,0.4467213114754098,0.3937018556701031,1479.0,3371.0,1479.0,3371.0,8.486940148245216,high,0.0343012530414431,Bryce Harper,L,0.887698143508429,-0.5711811795352983,-0.929159020829187,0.180727769945341,0.2197370479970685,10.541535,-4.0821304
547379,543,7050,0.3887943262411347,R,0.2860269974461875,0.7139730025538125,0.1950464396284829,0.5856448384329426,89.3241081081081,106.4,5.525405405405405,,0.3748609566184649,0.2871638246041412,499.0,1143.0,499.0,1143.0,7.404279118037268,high,0.0622713020090925,Roberto Pérez,R,0.5491345625000245,-1.24287038827022,0.5685602802653799,0.9559437632839121,0.5003215227691514,10.430651,-12.251831
547912,544,351,0.376068376068376,R,0.4166666666666666,0.5833333333333334,0.2095808383233532,0.5271739130434783,84.66470588235293,104.45,-3.1176470588235294,,0.4375,0.2348518518518518,19.0,62.0,19.0,62.0,4.406719247264253,low,-0.0561213921901528,Gift Ngoepe,R,-0.34526637908868524,-0.8201184797304001,-0.13720168314870718,0.5490133458339224,-0.011913161555326506,-1.0225247,-16.276989
547957,545,2365,0.4050739957716702,L,0.1534446764091858,0.8465553235908142,0.1981833195706028,0.6221837088388215,89.77620192307693,103.2,7.7548076923076925,,0.4354430379746835,0.3181183533447684,39.0,544.0,39.0,544.0,6.369900982828227,low,0.1779176564856712,Hyun Soo Kim,L,0.5682727256336925,0.6141270057053833,0.22645960036856877,0.84334992577328,0.807495358632185,14.940363,3.20038
547982,546,6068,0.4990112063282795,L,0.2764200792602378,0.7235799207397622,0.3024967989756722,0.7075407608695652,87.88451113262343,105.18,13.862536302032916,,0.5081632653061224,0.2841498771498771,480.0,1148.0,480.0,1148.0,7.395721608602045,high,0.025186200638792,Leonys Martín,L,0.7408219485833635,-0.07099277647424107,-0.08489776509573999,0.049641007531612734,-0.6112481033262813,0.58018565,-10.497147
547989,547,21326,0.4905279939979368,R,0.2310486569161648,0.7689513430838352,0.3378995433789954,0.6654256389615617,91.0730659767141,107.5,10.385669943093635,72.13218884120171,0.3908872901678657,0.3513627667402502,1279.0,4157.0,1279.0,4157.0,8.600982717145921,high,0.0246454299698521,José Abreu,R,0.2628059852056572,0.5211588182144273,-1.2738497664307533,-1.1277742468014047,1.3021474560482147,-13.578053,4.1973543
552662,548,188,0.4414893617021276,R,0.2168674698795181,0.7831325301204819,0.2549019607843137,0.6627906976744186,90.38888888888889,104.66,18.296296296296298,,0.2692307692307692,0.2723488372093023,30.0,13.0,30.0,13.0,3.784189633918261,low,0.1206794871794871,Stefen Romero,R,0.5571792468693809,0.08575932773106729,0.05733336318097496,0.458448265846632,-0.1927251539135544,12.085639,-0.9644652
553869,549,8226,0.5108193532701192,R,0.2234650166587339,0.776534983341266,0.3039284874147259,0.7320754716981132,87.98140417457306,105.1,11.263257575757576,71.90319634703197,0.380281690140845,0.299708275543227,664.0,1499.0,664.0,1499.0,7.679713639966372,high,0.0136857664145574,Elías Díaz,R,-1.0564646624946203,-0.5713509379846388,-0.6859752221361893,0.8153645798726936,-0.03817608815494921,-15.556654,-13.329699
553882,550,8794,0.4741869456447578,L,0.190167865707434,0.809832134292566,0.2570539880026661,0.7018402049848591,84.76942800788954,99.0,16.42603550295858,66.04184782608696,0.4076561450638012,0.3151955736224028,382.0,1832.0,382.0,1832.0,7.703007682479236,medium,0.0378490191819658,Omar Narváez,L,-1.2114003993613895,-0.003260783098565573,0.3807139959909247,0.07357905194295589,-0.174545044921287,9.245564,16.343113
553883,551,7,0.5714285714285714,R,0.25,0.75,0.25,1.0,88.35,92.71,-7.0,,0.5,0.0,0.0,2.0,0.0,2.0,1.0986122886681098,low,,Jose Campos,R,-0.0013071800057356776,0.08575029522242224,0.04709048208922114,0.11047632856257512,0.179428386369171,1.9410828,2.1355906
553902,552,1667,0.6064787042591482,R,0.0919881305637981,0.9080118694362018,0.4204035874439462,0.8206451612903226,85.87094339622641,102.0,15.590566037735847,,0.4176245210727969,0.2938163265306122,186.0,402.0,186.0,402.0,6.3784261836515865,medium,-0.0154591558337345,Willians Astudillo,R,-0.8618138412503563,1.4419550204700375,-0.11034229054544718,-1.7158644370288363,-0.1517119714474374,2.6013114,20.3938
553988,553,1991,0.4319437468608739,R,0.191860465116279,0.8081395348837209,0.2359081419624217,0.6137463697967086,84.9024,99.8,8.797333333333333,,0.4595375722543353,0.2571436893203883,133.0,382.0,133.0,382.0,6.246106765481563,medium,0.0026343935755619,Dixon Machado,R,-0.5357706091449179,0.01674145030309784,1.2954172062103784,0.18343763708388153,0.5112348627424931,13.877524,12.21791
553993,554,20806,0.435114870710372,R,0.2622335137523472,0.7377664862476527,0.2323989875316396,0.6483874149324391,88.86965336821453,104.5,16.93067364290386,70.16929674099485,0.4612558450233801,0.3404833200953137,1236.0,3800.0,1236.0,3800.0,8.52456594574565,high,0.0338248935445409,Eugenio Suárez,R,-0.6784060844569153,-1.161728023745817,0.08757420724286441,-1.3291201791863771,0.3992498997460048,-3.1185982,-10.893963
554054,555,28,0.6428571428571429,R,0.3888888888888888,0.6111111111111112,0.3636363636363636,0.8235294117647058,79.66,89.98,-1.4,,0.4,0.0977777777777777,4.0,5.0,4.0,5.0,2.302585092994046,low,0.22,Alfredo González,R,-0.013033461372034793,-0.12403181183048671,-0.04235412945432543,0.06531403908483463,-0.04099965813776797,-2.309765,-0.56577545
554429,556,1348,0.3998516320474777,L,0.1391465677179962,0.8608534322820037,0.2253313696612665,0.5769805680119582,89.77479674796747,103.4,12.739837398373984,,0.4622222222222222,0.2811873111782477,40.0,291.0,40.0,291.0,5.805134968916488,low,0.0861763745704466,Dustin Ackley,L,0.20425093983288875,0.5639221160324649,0.5686439841541693,-0.2951072759719704,0.8254739558209341,11.247741,7.355126
570256,557,11553,0.4682766381026573,L,0.2255083179297596,0.7744916820702403,0.288916370381821,0.696498819826908,89.31317395727366,106.0,14.9059003051882,,0.4944649446494465,0.3095587621696801,667.0,2209.0,667.0,2209.0,7.964503363551548,high,0.048749202356721,Gregory Polanco,L,1.134524591260624,0.5382127433038943,0.07989656920563473,-0.2764615550469001,-0.20513713655641455,8.818931,5.635899
570267,558,7729,0.4551688446112045,R,0.3064241046048891,0.6935758953951109,0.2472745292368681,0.6823720552396426,89.36641438032167,105.4,10.121097445600755,,0.3974231912784935,0.3410696569920844,529.0,1366.0,529.0,1366.0,7.547501682814967,high,0.0106920181452337,Domingo Santana,R,0.9107653933567708,-1.0818999761893853,0.03180279061212779,0.7713401737993311,0.3944841543658874,11.105432,-11.740233
570481,559,3154,0.5431198478123018,R,0.2860478692352598,0.7139521307647402,0.3566265060240964,0.750334672021419,87.84561688311689,105.7,2.8894308943089433,,0.3682487725040916,0.2654492099322799,286.0,600.0,286.0,600.0,6.787844982309579,medium,0.0501680769230769,Erik González,R,0.3826294322528125,0.17467564442639177,-1.2012107411687076,0.686700977385769,-0.055645157323894794,-7.9642377,6.5575314
570482,560,8854,0.542692568330698,R,0.1975026014568158,0.8024973985431841,0.3684557853057633,0.7265552460538532,88.87863636363636,103.5,11.417376490630325,,0.3623853211009174,0.3204346723044397,679.0,1686.0,679.0,1686.0,7.768956044538332,high,0.0129114172506145,Gio Urshela,R,-0.6273995477493832,0.6114967164013645,-0.6895150437206551,0.3708027819556989,-0.22672030873810983,-7.910274,12.025589
570489,561,603,0.5124378109452736,L,0.3398058252427184,0.6601941747572816,0.3539518900343643,0.6602564102564102,83.45824175824175,99.9,6.395604395604396,,0.4831460674157303,0.1852738853503184,49.0,108.0,49.0,108.0,5.062595033026967,low,0.1343168934240363,Arismendy Alcántara,L,0.16621337440477948,0.28275966707186034,-0.025399036099665224,0.25574105946467013,-0.2457237529982892,7.1092935,0.7686258
570560,562,9257,0.4825537431133196,L,0.2090888739646295,0.7909111260353705,0.3168067226890756,0.6579942183678008,86.22968369829684,100.5,10.6514598540146,,0.4033078880407125,0.2870164556962025,549.0,1821.0,549.0,1821.0,7.771067086065406,high,0.0306240401148711,Yolmer Sánchez,L,-1.1599180895803847,0.7410295781282298,-0.45062245005834645,0.4261834421882395,0.31181944314532395,-10.300102,18.281523
570615,563,527,0.5692599620493358,L,0.3266666666666666,0.6733333333333333,0.4058441558441558,0.7990867579908676,92.02898550724638,108.8,15.391304347826088,,0.4923076923076923,0.314784,9.0,116.0,9.0,116.0,4.836281906951478,low,-0.1024837164750958,Steven Moya,L,0.9872582662264022,0.2688187458236217,-1.1715671110665338,-0.5232813533169722,-0.6066238252616772,15.942017,-12.364224
570639,564,9,0.5555555555555556,L,0.6,0.4,0.5,0.5714285714285714,92.2,92.2,1.0,,0.5,0.7066666666666667,0.0,3.0,0.0,3.0,1.3862943611198906,low,,Yefri Pérez,L,-0.02606002583572649,-0.00952450772793135,0.0017425025267150355,0.02892638497739219,-0.04301463680483093,-0.12629199,0.50663775
570717,565,1344,0.4270833333333333,L,0.1480836236933798,0.8519163763066202,0.235127478753541,0.6394984326018809,84.34311111111111,100.12,9.666666666666666,,0.4460093896713615,0.2412746913580247,71.0,253.0,71.0,253.0,5.783825182329737,low,0.0209861938428992,Ramón Flores,L,0.2948225215710533,0.6919998849066314,0.6348842226171867,0.32481659798318674,0.4450823846984796,9.834011,15.454742
570731,566,14869,0.5592171632255027,R,0.2649428743235117,0.7350571256764883,0.3772386637876286,0.7640080045740423,87.6353459972863,106.53000000000002,11.446252967107494,,0.4387006636395389,0.3136284950158035,1134.0,2979.0,1134.0,2979.0,8.322151070212902,high,0.0102189719571391,Jonathan Schoop,R,1.2850171003584137,0.625406176813016,-0.5566092839141483,-0.5930949393454565,-0.36330973803321215,8.083732,3.156379
570799,567,1631,0.5432250153280196,R,0.2776523702031602,0.7223476297968398,0.3341404358353511,0.7577639751552795,86.60038167938932,102.49,19.389312977099237,,0.5390946502057613,0.3325216346153846,138.0,278.0,138.0,278.0,6.0330862217988015,medium,0.2018085184026691,Christian Villanueva,R,-1.2353409483361308,-0.3210831935307638,-0.46717841814697764,-1.2044277678167044,-0.366087961907382,-13.868388,-8.337402
571431,568,6345,0.5163120567375886,L,0.2612942612942612,0.7387057387057387,0.3649289099526066,0.7131979695431472,88.81706864564008,105.13,17.56122448979592,,0.4875717017208413,0.3184235727440147,254.0,1375.0,254.0,1375.0,7.396335293800808,medium,0.043072707229778,Matt Adams,L,0.20487091511028868,-0.021397105095072106,-0.4281627887484789,-1.4392030661164683,-0.6621969142378424,7.7314954,1.7985673
571437,569,4551,0.4421006372225884,R,0.286779324055666,0.713220675944334,0.2486093281985451,0.6463414634146342,89.35205278592375,106.69,10.266862170087975,,0.3963133640552995,0.3079659685863874,343.0,803.0,343.0,803.0,7.044905117129371,medium,0.0066184425024234,Aaron Altherr,R,1.37247314929312,-0.29216923711087744,0.3238201288232771,0.2932320780169253,0.31768728848150307,8.353257,-3.399618
571448,570,20366,0.4922419719139743,R,0.1931172069825436,0.8068827930174564,0.3206383750453391,0.6949025487256372,89.2812180267966,103.7,18.112761811982462,69.19032258064516,0.45625,0.37058288472248,1320.0,4067.0,1320.0,4067.0,8.591929537530255,high,0.0356855406784838,Nolan Arenado,R,-0.4567348911957462,0.5070097158467539,0.758039529572125,-1.0942935762001471,-0.1625876585412435,-7.445808,0.5966534
571466,571,10878,0.469847398418827,L,0.1999608687145372,0.8000391312854628,0.2591078727563533,0.6956770139021139,86.23799795709908,99.6,11.609805924412663,66.84333333333333,0.4587251828631139,0.2951106102635229,551.0,2333.0,551.0,2333.0,7.9672801789422,high,0.0398604049995215,Tucker Barnhart,L,-0.8325843633510722,-0.22230887256103876,0.29529372482103466,0.3733271298645061,-0.8589833597908755,7.986569,-8.138991
571467,572,99,0.4848484848484848,R,0.3125,0.6875,0.3725490196078431,0.6041666666666666,89.37142857142858,101.66,5.0,,0.4285714285714285,0.1141153846153846,7.0,19.0,7.0,19.0,3.295836866004329,low,0.0139172932330827,Steven Baron,R,0.1733631731868275,-0.018285589743109426,-0.03704600617699941,-0.2051547028414745,-0.009920976538051934,-2.0720372,-1.2921807
571506,573,7474,0.4357773615199358,L,0.2517654283082591,0.7482345716917409,0.2962875384251596,0.6175654853620955,90.0211570247934,107.3,9.751861042183624,,0.4858125537403267,0.3381438653637351,379.0,1463.0,379.0,1463.0,7.519149957669823,medium,0.0725087947741745,Justin Bour,L,1.4805060617152015,0.8671364264903594,-0.5771424273493729,-0.12071885812449208,-0.5016820973288258,12.643768,2.7350783
571553,574,443,0.4717832957110609,L,0.2822966507177034,0.7177033492822966,0.2920353982300885,0.6589861751152074,88.87166666666667,106.92,6.533333333333333,,0.4262295081967213,0.2447962962962963,16.0,92.0,16.0,92.0,4.6913478822291435,low,0.0544945652173912,Darrell Ceciliani,L,0.3098628780781712,-0.2732158770843218,-0.4111243723588036,0.2402976607047938,-0.542108593159534,0.74479693,-4.1670303
571595,575,502,0.5816733067729084,R,0.1883561643835616,0.8116438356164384,0.3553719008264462,0.7923076923076923,86.22583333333334,102.32,10.233333333333333,,0.4545454545454545,0.2503766233766233,97.0,57.0,97.0,57.0,5.043425116919247,low,-0.0096798697775365,Noel Cuevas,R,0.6450709212871778,0.5421406227111192,0.053461143617840205,-0.10344345786536721,-0.3986046779262464,8.040813,2.8946693
571602,576,4311,0.4678728833217351,R,0.3202776400594943,0.6797223599405057,0.2756232686980609,0.662004662004662,89.5953206239168,106.84,15.726169844020797,,0.4007285974499089,0.3058380487804877,302.0,723.0,302.0,723.0,6.933423025730715,medium,0.0631249576360455,Matt Davidson,R,0.5986061030645404,-0.4894801991090821,-0.7332432727822039,0.08568043857619527,0.11451177817681805,-13.844491,2.906488
571657,577,6867,0.491044124071647,R,0.2028469750889679,0.797153024911032,0.3499147242751563,0.6392953120334428,86.38654292343388,101.4,14.197215777262182,65.22852112676057,0.4404669260700389,0.3079238716693855,551.0,1288.0,551.0,1288.0,7.517520850603031,high,0.0661370898197518,Kyle Farmer,R,-0.655041892880194,0.9037101248844125,-0.05408090261420078,-1.0628635041557912,-0.1896913117690822,-1.8639647,13.977435
571665,578,15,0.3333333333333333,L,0.1999999999999999,0.8,0.1428571428571428,0.5,103.0,103.0,2.0,,1.0,0.4186666666666667,0.0,3.0,0.0,3.0,1.3862943611198906,low,,Daniel Fields,L,0.039565869255169264,-0.1314700572221045,0.06281395118883622,0.015700573830025967,-0.002846306888837629,1.1101673,-2.6653445
571679,579,567,0.4832451499118165,R,0.208029197080292,0.791970802919708,0.2264808362369338,0.7464285714285714,89.44347826086955,101.96,8.456521739130435,,0.4534883720930232,0.2487028985507246,48.0,90.0,48.0,90.0,4.9344739331306915,low,-0.0495055555555555,David Freitas,R,-0.00843830895193173,-0.1871644328737431,0.504667666497918,0.5444587913141884,0.10695596640801033,6.348678,-9.111015
571681,580,735,0.4884353741496599,L,0.245125348189415,0.754874651810585,0.3105263157894737,0.6788732394366197,82.81461538461538,102.7,9.176923076923076,,0.4609375,0.2791117021276595,22.0,166.0,22.0,166.0,5.241747015059643,low,0.0998406352683461,Rey Fuentes,L,-0.1390725144289398,-0.06717094599140709,0.33293245968250695,0.4105743903082992,-0.3305084255594538,6.8365974,4.8490844
571697,581,8216,0.5244644595910418,L,0.1916918078440473,0.8083081921559526,0.3554054054054054,0.7232521186440678,86.5206106870229,100.4,12.791852323360915,,0.4396835860250494,0.3308270985401459,488.0,1704.0,488.0,1704.0,7.693025748417888,high,0.0454916974524743,Scooter Gennett,L,-0.8250021440871931,0.9137662410322066,-0.5372539891132945,-1.4646163566348995,0.6647022600682538,-12.525537,10.6279545
571718,582,5870,0.4127768313458262,L,0.2558811390837804,0.7441188609162196,0.2343854936198791,0.5964730290456431,88.34232558139534,103.6,16.218604651162792,,0.4887573964497041,0.3217995674116799,290.0,1097.0,290.0,1097.0,7.23561914106675,medium,0.0331604941376166,Brian Goodwin,L,-0.07143661189702559,-0.19945182595589944,0.6633900727852802,-0.17334904200897233,0.3004955972477613,10.880858,10.553663
571740,583,9948,0.4625050261359067,L,0.2043034123016736,0.7956965876983264,0.2657328461226147,0.655515730784548,81.75621716287215,95.68,12.680093403385872,,0.4059880239520958,0.2685464272067252,761.0,1856.0,761.0,1856.0,7.870165946469845,high,0.0195269106268974,Billy Hamilton,L,-0.915323390409441,0.6499378373201898,0.6526971309825151,-0.5016018527526759,-0.06936215041131275,-3.513916,21.205593
571745,584,10637,0.4389395506251762,R,0.2486613835939173,0.7513386164060827,0.2492949802594472,0.6286197818728846,89.71589861751151,105.3,14.29320276497696,69.43606557377049,0.4633853541416566,0.3390331450094162,754.0,1901.0,754.0,1901.0,7.884576510596324,high,0.0217682324115326,Mitch Haniger,R,-0.033540460376337254,-0.6745962283438661,0.6496746284466627,0.45847243876470667,-0.48454302330646754,2.42762,-15.998729
571757,585,1064,0.5028195488721805,L,0.2579439252336448,0.7420560747663552,0.306390977443609,0.6992481203007519,87.83212121212121,104.26,11.006060606060606,,0.4375,0.3447292418772563,53.0,224.0,53.0,224.0,5.627621113690637,low,0.0603289252021563,Jeremy Hazelbaker,L,0.01389031043204404,-0.1956351183296368,-0.4626513721085198,-0.009234091010005937,0.09703567964456189,-2.680028,-0.26446602
571761,586,111,0.4594594594594595,L,0.2352941176470588,0.7647058823529411,0.1818181818181818,0.7321428571428571,94.87619047619047,106.3,15.333333333333334,,0.4666666666666667,0.4750714285714285,3.0,25.0,3.0,25.0,3.367295829986474,low,0.53208,Slade Heathcott,L,0.35046151509347295,-0.32655866539586614,-0.1437132014629511,0.07118892896426132,-0.005444557009686347,2.7913883,-4.039547
571771,587,13045,0.4614028363357608,R,0.2320983552085064,0.7679016447914936,0.2646886016451233,0.6761263427930094,88.88840704164878,103.9,16.524892703862662,70.83140495867768,0.4455227172474636,0.3095138764547896,1342.0,2009.0,1342.0,2009.0,8.117312461601975,high,0.0569446918820597,Enrique Hernández,R,-0.0025862665084564985,-0.03640276481380573,0.6743953255084322,0.0509061264686037,-0.3762727194711014,3.2998297,-5.077108
571788,588,8338,0.3982969537059246,L,0.1451370069256248,0.8548629930743752,0.230714115118223,0.5673331727294628,86.40758768790265,99.4,7.97494631352899,,0.4317343173431734,0.3072107089737234,398.0,1619.0,398.0,1619.0,7.609862200913554,medium,0.0187558949782886,Brock Holt,L,-0.8350240087799403,0.7390037457499977,0.5472212926793729,0.705238056358724,0.40771479316399045,2.759208,9.513656
571812,589,149,0.4093959731543624,R,0.3278688524590164,0.6721311475409836,0.2771084337349397,0.5757575757575758,90.97777777777776,107.18,23.11111111111111,,0.4117647058823529,0.304,15.0,19.0,15.0,19.0,3.5553480614894135,low,0.3334385964912281,Kyle Jensen,R,-0.11341431721871598,-0.4047749146798675,0.18089446026085623,0.3061854360886615,-0.13845869614584957,1.9646068,-15.804315
571825,590,145,0.4,L,0.3448275862068966,0.6551724137931034,0.2567567567567567,0.5492957746478874,92.03333333333336,109.43,0.75,,0.25,0.1416774193548387,4.0,27.0,4.0,27.0,3.4657359027997265,low,0.1626666666666666,James Jones,L,0.07229020188488634,-0.2629585802641562,-0.5294236931289088,0.2721864592823627,0.30307878730558757,-14.73009,4.3499975
571830,591,3338,0.5005991611743559,R,0.2387791741472172,0.7612208258527827,0.3416114790286976,0.6893840104849279,89.51412151067323,106.62,15.246305418719212,,0.446551724137931,0.319740614334471,246.0,633.0,246.0,633.0,6.779921907472252,medium,0.013219088352021,Tommy Joseph,R,0.8973861738963299,0.3820837703835514,-0.030018239011312894,-0.9472026473594721,0.12182911934708651,-12.072254,4.497247
571841,592,770,0.3818181818181818,L,0.1802721088435374,0.8197278911564626,0.2015503875968992,0.5639686684073107,85.11507936507937,96.95,13.984126984126984,,0.4700854700854701,0.269141304347826,60.0,124.0,60.0,124.0,5.220355825078324,low,-0.0721537634408601,Ty Kelly,L,-0.3569991890003351,0.5703803797833547,0.7785741760720829,0.3770087508487679,0.1569488372169493,10.91692,11.61248
571851,593,531,0.4312617702448211,R,0.2139737991266376,0.7860262008733624,0.1764705882352941,0.6666666666666666,84.41666666666667,100.2,12.010416666666666,,0.4457831325301205,0.2924166666666666,36.0,108.0,36.0,108.0,4.976733742420574,low,0.0433703703703703,Spencer Kieboom,R,-0.2814066073318312,-0.2765512971682704,0.6549249405599896,0.05193905860771987,-0.016750133794953784,0.3226862,-6.1125107
571868,594,333,0.4234234234234234,L,0.3120567375886525,0.6879432624113475,0.1987951807228915,0.6467065868263473,87.65744680851063,102.52,23.72340425531915,,0.4042553191489361,0.1882098765432099,5.0,76.0,5.0,76.0,4.406719247264253,low,0.2005921052631579,Marc Krauss,L,-0.43604798545893014,-0.7771347298268771,0.04674193447751178,-0.23557462479991845,0.05469256547549375,-5.384981,-14.222249
571875,595,10193,0.4240164818993427,L,0.2505784359093013,0.7494215640906987,0.2376368440921102,0.6257405515832483,89.78261437908496,104.7,11.807843137254904,,0.4751161247511613,0.3251446893787575,469.0,2026.0,469.0,2026.0,7.822444729489319,high,0.0686952759120768,Jake Lamb,L,-0.3699141399136104,-0.7000893827446797,-0.44864145983108233,0.2787058957206369,0.4446445634374706,-7.4630866,-10.277693
571912,596,4231,0.4547388324273221,R,0.2494802494802495,0.7505197505197505,0.2688919796012981,0.648023143683703,86.38312056737588,102.9,13.14468085106383,66.8474358974359,0.4308823529411765,0.2658448117539027,306.0,783.0,306.0,783.0,6.993932975223189,medium,0.0251094207798062,Luke Maile,R,-0.6007664831331229,0.06690634017267208,0.2578304950224891,-0.06327376608311293,0.319344327718772,-1.280713,2.6651518
571918,597,1496,0.464572192513369,R,0.279136690647482,0.720863309352518,0.2975098296199213,0.6384720327421555,86.70188679245283,101.29,5.759433962264151,,0.325,0.2325891891891891,160.0,210.0,160.0,210.0,5.916202062607435,medium,0.0461258928571428,Deven Marrero,R,0.4751750680537982,0.38516202919272885,-0.40813640170716536,1.0152363984579365,0.21928962380339273,4.587513,3.143871
571963,598,5,0.4,R,1.0,0.0,0.3333333333333333,0.5,,,,,,0.0,0.0,1.0,0.0,1.0,0.6931471805599453,low,,A. J. Morris,R,0.06124704264654933,-0.10331712019173092,0.01520048873635441,0.07668726245956822,-0.019401325296418866,1.1721088,-1.6492467
571970,599,14030,0.3830363506771204,L,0.2554893933755117,0.7445106066244883,0.1872427983539094,0.5948071216617211,90.05502866076081,105.22,17.466909848879624,69.634009009009,0.5119110640550556,0.3526672766087221,861.0,2418.0,861.0,2418.0,8.09559870137819,high,0.0081971537510482,Max Muncy,L,0.3400260662076188,-1.6872085613064058,0.8348155264226803,-0.1635551248555391,-0.11723329143519742,1.5477748,-13.831486
571974,600,2436,0.4741379310344827,R,0.2683982683982684,0.7316017316017316,0.287891617273497,0.649402390438247,87.91105263157894,102.6,15.812664907651715,,0.4396284829721362,0.2618249594813614,249.0,368.0,249.0,368.0,6.42648845745769,medium,0.0609821132355508,J. R. Murphy,R,0.1081784450541563,-0.37055008416470125,0.26839736288534377,-0.7266348919045192,-0.4981512966215844,-1.9602628,-7.520159
571976,601,14520,0.4361570247933884,R,0.2599084162324333,0.7400915837675667,0.264991357532243,0.6200885840834405,89.20515320334262,105.4,11.767409470752089,,0.4399808703969393,0.3306421319796954,979.0,2567.0,979.0,2567.0,8.173857454773621,high,0.0272626269700325,Wil Myers,R,0.6302670379256726,-0.4329591832352342,0.020797854329336066,0.3903132650892746,-0.5382532162319864,5.846031,-5.279699
571980,602,6968,0.5449196326061998,L,0.2496707927311034,0.7503292072688965,0.3625985322098396,0.7488598358163575,90.19745762711864,106.11,10.878504672897195,71.48333333333333,0.4371772805507745,0.3242738359201774,286.0,1518.0,286.0,1518.0,7.498315870766981,medium,0.0716671734063038,Tyler Naquin,L,-1.1586253327088047,0.06674243954986564,-2.0106212464650848,-0.46938348350082276,-0.09953850084257344,-9.552385,7.255824
572000,603,50,0.42,R,0.3333333333333333,0.6666666666666666,0.2222222222222222,0.6521739130434783,86.71000000000001,102.73,11.9,,0.6666666666666666,0.2023846153846154,4.0,9.0,4.0,9.0,2.6390573296152584,low,-0.2923333333333333,Mike Ohlman,R,0.019135473517254243,-0.2675205367167874,0.26671065993442067,0.0820541777016442,-0.029242927280842518,2.202833,-8.36504
572008,604,7458,0.5139447573075892,R,0.2457605009131228,0.7542394990868772,0.3437582128777924,0.6912127018888585,87.23545321637427,101.8,11.990497076023392,,0.3764087152516904,0.2746872586872587,640.0,1432.0,640.0,1432.0,7.636752112435779,high,0.0181728526536312,Chris Owings,R,-0.5138100947288122,0.17981116621927695,-0.5105738085673696,0.6263195146022593,-1.1359605302634075,20.512154,-5.281479
572019,605,1645,0.5659574468085107,L,0.276047261009667,0.723952738990333,0.3670886075949367,0.788659793814433,87.87681660899655,104.38,10.103806228373704,,0.4657534246575342,0.3180601336302895,46.0,403.0,46.0,403.0,6.1092475827643655,low,0.0520442334663933,Ben Paulsen,L,-0.6060330448960164,-0.3409947835474685,-1.705176731597716,-0.29765205201474737,-0.42151803587291076,-9.397708,7.1006293
572033,606,3421,0.4919614147909968,R,0.2186571598336304,0.7813428401663696,0.3379231210556512,0.6519666269368296,84.95581395348837,101.13,16.626453488372093,,0.4530551415797317,0.2887568421052632,381.0,569.0,381.0,569.0,6.85751406254539,medium,0.0281756039282436,Josh Phegley,R,-0.9385260564736368,0.22121613779728685,0.37128957217949604,-0.6569954624391926,-0.28940461736874273,0.8287936,7.8395386
572039,607,10448,0.519812404287902,R,0.2553857484809427,0.7446142515190572,0.3263629574309186,0.7232914375490966,88.23855165069223,104.2,12.895101171458998,,0.4037506894649751,0.3247894736842106,791.0,2002.0,791.0,2002.0,7.935229539816907,high,0.0307091094745962,Stephen Piscotty,R,-0.8670914412448633,-0.5552197814670813,-0.2865692090942287,0.5581936285063587,-0.4939337121441345,-14.005068,-7.4096193
572041,608,11746,0.481355355014473,R,0.2051644853201273,0.7948355146798727,0.2987579724739845,0.6693158258465791,89.18338204592902,104.3,11.283625730994151,71.52413793103447,0.4563644103873989,0.3391621951219512,976.0,2304.0,976.0,2304.0,8.0959035329611,high,0.0168991063296903,Aj Pollock,R,0.2963187442602744,0.16332003352210678,0.08987693775208919,-0.5490075279542468,0.4414272653011242,-2.0985005,6.184799
572073,609,3954,0.4484066767830045,R,0.1906373378454596,0.8093626621545403,0.2852760736196319,0.6081081081081081,84.74523449319213,98.7,15.686838124054464,,0.4851330203442879,0.2918394683026584,404.0,574.0,404.0,574.0,6.88653164253051,medium,0.0598022303101389,Joey Rickard,R,-1.6531473776338337,0.24773155745506734,0.9174247136681011,-0.13408411394331785,-0.6016670827483538,-7.2354445,19.556154
572114,610,2325,0.410752688172043,L,0.2596858638743455,0.7403141361256544,0.2152834839769926,0.6254512635379061,88.64684014869889,104.44,29.46468401486989,,0.5,0.342271186440678,112.0,419.0,112.0,419.0,6.2766434893416445,low,0.034764532901466,Ryan Schimpf,L,-0.8199358131936499,-0.8802487165525398,-0.07211021928720508,-0.9895943358052062,-0.7680111314787555,-12.738271,-10.500854
572122,611,15400,0.4501298701298701,L,0.2067224466243508,0.7932775533756492,0.2599646821392533,0.6519004282655246,89.35354107648725,103.2,18.3764164305949,,0.4730320699708454,0.3259501636043292,1330.0,2643.0,1330.0,2643.0,8.287528423111763,high,0.0006269626961843,Kyle Seager,L,0.36830716450292894,0.14210718587057775,1.2234659084145734,0.06669279725091991,-0.10290113519509678,9.726118,1.275829
572128,612,554,0.4422382671480144,R,0.4122448979591836,0.5877551020408164,0.2807017543859649,0.6133828996282528,87.26164383561644,104.04,18.013698630136986,,0.4189189189189189,0.3135985915492957,80.0,62.0,80.0,62.0,4.962844630259907,low,-0.106353629032258,Richie Shaffer,R,0.39454803950980355,-0.6474470712597603,0.4119059663182122,0.577836934409947,-0.3408714127495627,7.112926,-11.6992
572138,613,670,0.426865671641791,L,0.2727272727272727,0.7272727272727273,0.2393162393162393,0.6332288401253918,89.73737373737374,103.4,19.86868686868687,69.76228070175438,0.4285714285714285,0.2598220858895705,36.0,127.0,36.0,127.0,5.099866427824199,low,-0.1666865704286964,Jon Singleton,L,0.4767193791767262,-0.1608752227733467,0.3087791799205685,-0.25702511688894,0.05066795576390384,3.41768,-6.3613257
572180,614,833,0.4453781512605042,R,0.3099730458221024,0.6900269541778976,0.198992443324937,0.6697247706422018,88.84132231404958,103.6,14.181818181818182,,0.4444444444444444,0.2639473684210526,78.0,131.0,78.0,131.0,5.3471075307174685,low,0.0731051086318261,Andrew Susac,R,0.07224751830855734,-1.2930402929503826,0.32338996042454504,0.1974683171318708,-0.09183089291637993,-4.2139716,-12.368226
572182,615,400,0.43,L,0.2674418604651163,0.7325581395348837,0.2748815165876777,0.6031746031746031,88.964406779661,102.06,12.59322033898305,,0.4137931034482758,0.2871666666666667,33.0,69.0,33.0,69.0,4.634728988229636,low,-0.0361277997364953,Darnell Sweeney,L,-0.7846965478892167,-0.40354336843248506,-0.09276040867252629,-0.14193500354590016,0.032190171616867116,-9.44216,-5.76779
572191,616,11858,0.5013493000505987,R,0.304793944491169,0.695206055508831,0.2973240832507433,0.7141626464507237,88.1946589106293,104.8,11.00846113167636,72.6596837944664,0.4379084967320261,0.294730199613651,888.0,2218.0,888.0,2218.0,8.041412909393047,high,0.0332421384414171,Michael Taylor,R,-0.08692056979925357,-0.9106647740826715,-0.9775759903415019,0.0702859875253384,-0.2563827003352068,-12.654498,-14.911615
572204,617,4591,0.4253975168808538,R,0.300563236047107,0.699436763952893,0.2316666666666666,0.6376083979917846,89.02508532423208,106.65,13.805460750853245,70.55426829268292,0.505338078291815,0.3090824644549763,399.0,656.0,399.0,656.0,6.962243464266207,medium,-0.0339941622348554,Trayce Thompson,R,0.467473722941878,-0.8552529302059044,0.5112481131977317,-0.3978516639188337,-0.03041744810230294,0.3739392,-12.338049
572227,618,66,0.4696969696969697,R,0.2258064516129032,0.7741935483870968,0.2857142857142857,0.6774193548387096,82.71428571428571,92.54,13.285714285714286,,0.4285714285714285,0.2985,5.0,11.0,5.0,11.0,2.833213344056216,low,0.0778181818181817,Zach Vincej,R,-0.12877968670766585,0.22912526491338048,-0.07577716330505997,0.071118036236032,-0.08761921338036016,-0.29452822,11.509337
572228,619,7521,0.503257545539157,R,0.336327608982827,0.663672391017173,0.2712660731948565,0.7730802415875755,90.01929203539824,106.4,15.250442477876106,,0.4780269058295964,0.3463886851754845,560.0,1349.0,560.0,1349.0,7.554858521040676,high,-0.0420586069045853,Luke Voit,R,1.1446928847712992,-1.6634224500535582,0.08805770340648404,-0.4227579580383129,-0.024777012373255608,10.510809,-14.999391
572233,620,10682,0.4902639955064594,R,0.2514798548787473,0.7485201451212526,0.2591513385539974,0.7347331920631863,89.47740678909292,106.2,15.453837597330368,72.763738317757,0.420281690140845,0.3383183172002978,751.0,1935.0,751.0,1935.0,7.8961806086154915,high,0.008091988975939,Christian Walker,R,-0.06760839930351657,-0.9419965267838799,-0.20112859606870478,-0.12139126444715366,-0.09147545075483916,-9.044188,-17.264557
572241,621,24,0.7083333333333334,L,0.4117647058823529,0.5882352941176471,0.5833333333333334,0.8333333333333334,90.0,90.0,21.0,,0.0,0.0,0.0,6.0,0.0,6.0,1.9459101490553132,low,,David Washington,L,-0.06870463630693212,0.08484655745747288,-0.38064550397596836,-0.24368482291094032,-0.0520691349427144,-6.767968,5.9911933
572287,622,10034,0.4883396452062986,R,0.3591836734693877,0.6408163265306123,0.3057787983161117,0.6867720465890182,89.52044410413475,107.85,20.612260536398463,,0.5264847512038523,0.2942647666253614,729.0,1692.0,729.0,1692.0,7.792348924113037,high,0.0314512155969996,Mike Zunino,R,-0.0019747846329440533,-1.353703576053607,-0.619150588413891,-1.2113259726118129,-0.48287578792084507,-10.62919,-13.255601
572365,623,5083,0.4336022034231753,L,0.2091651542649727,0.7908348457350273,0.2745098039215686,0.6003223207091055,87.1420430107527,101.31,7.390322580645162,,0.4153498871331828,0.2755920471281296,267.0,1091.0,267.0,1091.0,7.214504414151143,medium,0.0057438284637329,Ryan Goins,L,-0.3223539600939377,0.8379687283624867,-0.2969924453562689,-0.5169216995787801,0.7879407307927597,-8.329409,8.13647
572669,624,571,0.4798598949211909,R,0.3759124087591241,0.6240875912408759,0.2668918918918919,0.7090909090909091,85.32093023255814,104.45,12.27906976744186,,0.6375,0.3485466666666666,43.0,107.0,43.0,107.0,5.017279836814924,low,-0.1865303194957617,Lane Adams,R,-0.23746571960896287,-0.798181958606631,0.17369840776473358,-0.573996208963083,-0.31227614598940956,-6.942457,-8.406005
572761,625,16379,0.3797545637706819,L,0.2178456591639871,0.7821543408360129,0.1892744479495268,0.5882352941176471,89.44659546061415,103.1,20.016021361815753,67.93,0.516143701682583,0.352679957750198,918.0,2869.0,918.0,2869.0,8.239593454305968,high,0.0238949479485841,Matt Carpenter,L,0.4511862498468574,-0.243614338847455,1.2787866184064374,-0.251528073184106,0.024097675176794814,1.8478795,-11.104788
572804,626,45,0.5111111111111111,R,0.4782608695652174,0.5217391304347826,0.32,0.75,78.45,87.55000000000001,11.166666666666666,,0.2,0.0,8.0,4.0,8.0,4.0,2.5649493574615367,low,0.0,Cody Decker,R,0.06878267281022604,-0.20779459801031294,-0.007878981086813966,-0.3168732809494799,-0.18246213293071178,-3.019305,-6.5085087
572816,627,12594,0.5732888677147848,L,0.2350415512465373,0.7649584487534626,0.4080153800650695,0.7649176954732511,87.80775389801939,103.7,13.803119730185497,68.19041095890411,0.3978118161925602,0.3301695125737349,678.0,2543.0,678.0,2543.0,8.07775756373692,high,0.0404007524849868,Corey Dickerson,L,-0.3421323879750474,1.1106258764835228,-1.8249149821155939,-1.5768386247409465,0.375848342008984,-11.526255,12.688614
572821,628,13034,0.4182139021021943,R,0.2157402311502476,0.7842597688497523,0.2526117237376669,0.6040377727124715,87.63463324048283,101.5,18.255338904363978,,0.5457198443579766,0.3377349735284958,867.0,2344.0,867.0,2344.0,8.074649075066652,high,0.0255754927548212,Brian Dozier,R,-1.267675218037606,-0.545437572518872,1.6661080419731156,-0.9021191241614245,-0.4643804735048899,-4.1013246,-14.646899
572863,629,1980,0.4944444444444444,R,0.2431052093973442,0.7568947906026557,0.2552521008403361,0.7159533073929961,84.70754716981132,100.84,21.053459119496857,,0.504885993485342,0.284598,197.0,303.0,197.0,303.0,6.2166061010848646,medium,0.0380978204419426,Dustin Garneau,R,-0.8118211164817851,-0.7029073893913748,0.979772881150135,-0.9660190822926188,-0.5371952816402277,-7.8083897,-9.0188265
573088,630,346,0.453757225433526,R,0.2420382165605095,0.7579617834394905,0.2912087912087912,0.6341463414634146,88.15384615384616,103.66,7.138461538461539,,0.515625,0.2249587628865979,48.0,49.0,48.0,49.0,4.584967478670572,low,0.1066909013605442,Cameron Perkins,R,0.5670222212300039,0.5568380381943852,0.13270969744197472,0.117138436914863,0.07248123589206174,11.605584,3.8646867
573113,631,239,0.4476987447698745,R,0.1962616822429906,0.8037383177570093,0.2136752136752136,0.6721311475409836,86.22291666666666,98.83,4.541666666666667,,0.4166666666666667,0.2129384615384615,14.0,51.0,14.0,51.0,4.189654742026425,low,-0.0783949579831932,Tony Renda,R,-0.12549549177853342,0.3366492133073725,0.5423922625073111,0.6748841194374442,-0.13066362381219374,5.9416676,12.621715
573131,632,5151,0.4179770918268297,R,0.2443102647468648,0.7556897352531352,0.2399068322981366,0.596116504854369,90.46574440052702,105.7,12.621870882740447,,0.4586666666666666,0.3227292506043513,570.0,671.0,570.0,671.0,7.124478262493424,high,0.1070079875545794,Darin Ruf,R,-0.1929203478220933,-0.28922656739792113,0.20066430371815433,-0.6592402515339986,0.9161159881997818,-20.112017,1.9825238
573135,633,4118,0.442690626517727,R,0.2007679648930335,0.7992320351069665,0.2438524590163934,0.6218836565096952,86.74450625869264,102.4,9.910987482614743,,0.4238310708898944,0.2674132701421801,313.0,742.0,313.0,742.0,6.962243464266207,medium,0.0178280874589874,Tyler Saladino,R,-0.468193730221176,0.0036735877359808404,0.5289177000627993,0.4049410586529193,0.0005462248919462583,4.732535,9.94855
573262,634,8521,0.4346907639948363,L,0.2246220302375809,0.775377969762419,0.2256326148078725,0.6444862450035269,89.59271472392638,103.77,19.41992337164751,69.44576923076923,0.4888030888030888,0.3359316443594646,512.0,1580.0,512.0,1580.0,7.646353722445999,high,0.0498872329905063,Mike Yastrzemski,L,-0.6026609895630908,-0.6278136304119227,0.032792184025885754,0.045529830867741705,-0.35267127992800024,-3.826419,-14.565966
573627,635,2593,0.4450443501735441,L,0.2885615251299827,0.7114384748700173,0.2773775216138328,0.6381742738589211,87.9137203166227,108.12,11.021108179419524,,0.4453781512605042,0.3169502407704655,184.0,439.0,184.0,439.0,6.436150368369428,medium,-0.0739041670793305,Kennys Vargas,L,0.3918854439290471,-0.15640079674596924,-0.839252350997307,0.6198382389744987,-0.3366660375286356,-13.222044,1.1391268
574831,636,7,0.7142857142857143,R,0.1999999999999999,0.8,1.0,0.6,,,,,,0.0,0.0,1.0,0.0,1.0,0.6931471805599453,low,,Michael Choice,R,0.03186961469912248,0.04817875098666239,-0.022820579256649584,-0.04525625641912106,0.0024701766866600003,-0.20888746,0.98697996
574847,637,412,0.5121359223300971,R,0.2938388625592417,0.7061611374407583,0.3045454545454545,0.75,88.6909090909091,104.7,5.53030303030303,,0.5,0.2759708737864078,58.0,45.0,58.0,45.0,4.6443908991413725,low,-0.0258609195402299,Rob Segedin,R,0.13711932828061812,0.05908207617229149,-0.38951060240048857,-0.1131012289680503,-0.300862634979603,-1.9005221,1.4611526
575929,638,12948,0.4830861909175162,R,0.291286970423661,0.708713029576339,0.3104636141811396,0.6841665273365658,89.59699714013347,107.9,8.333650642551166,73.8411003236246,0.4188991719434973,0.3494973070017953,850.0,2492.0,850.0,2492.0,8.114623886420098,high,0.0269863723916533,Willson Contreras,R,-0.34720582646204634,-0.44113756071535093,-1.437603841248983,-0.6477072658425881,0.42114656552893787,-14.88722,3.2594569
576397,639,7951,0.475034586844422,R,0.2443738416732856,0.7556261583267143,0.2811658094538329,0.6796794208893485,87.52686346863469,102.4,15.032472324723248,,0.4380804953560371,0.3254306315266037,597.0,1414.0,597.0,1414.0,7.60688453121963,high,0.042554021877421,Jedd Gyorko,R,-0.03737688716226404,-0.6305077552129478,0.8364603334060757,-0.17163295274038493,-0.7122336621813574,0.11674139,-6.6045322
576788,640,21,0.3809523809523809,R,0.25,0.75,0.3333333333333333,0.4166666666666667,83.22,99.22,14.6,,0.5,0.1257142857142857,1.0,6.0,1.0,6.0,2.0794415416798357,low,-0.1466666666666666,Dan Butler,R,-0.10922873828995738,0.21403441281195884,0.21996394765194605,0.106316943085232,-0.02814600551416938,5.469792,9.97711
578428,641,13090,0.4966386554621849,R,0.1295185356099061,0.8704814643900939,0.3883727899310758,0.6092581047381546,84.13964497041421,100.3,8.299826086956521,,0.4051042415528397,0.3052971299943725,930.0,2624.0,930.0,2624.0,8.176110342237342,high,0.0331435041306058,Jose Iglesias,R,-0.8120575217229383,2.4838558743199486,-0.13977037770293224,-0.2978526900387019,-0.007152822793567759,-3.9660358,15.446053
578570,642,122,0.4672131147540984,L,0.2982456140350877,0.7017543859649122,0.3333333333333333,0.6101694915254238,84.05882352941177,99.32,12.411764705882351,66.85483870967742,0.4117647058823529,0.1372499999999999,11.0,21.0,11.0,21.0,3.49650756146648,low,-0.0095930735930735,Juniel Querecuto,L,0.10722371855487962,0.13666874755609523,0.0447837760399417,-0.06312659811528441,0.06330205955854941,3.4934206,-0.36564395
581527,643,4791,0.4800667919014819,R,0.1713043478260869,0.828695652173913,0.3216547066272689,0.6350123864574732,87.67518796992482,103.3,9.560687432867883,,0.3574660633484163,0.3222485921158488,299.0,944.0,299.0,944.0,7.126087273299125,medium,0.0114132099937645,Devon Travis,R,-0.21249471025125016,0.5952336231750096,0.1288674435650003,1.5376152781728403,-0.5234441617393477,8.071726,18.216848
582473,644,37,0.3783783783783784,L,0.3571428571428571,0.6428571428571429,0.1764705882352941,0.55,77.81666666666666,89.9,1.1666666666666667,,1.0,0.0654545454545454,5.0,6.0,5.0,6.0,2.4849066497880004,low,0.12,Sherman Johnson,L,-0.2105991237982201,-0.13491823986352186,0.1463259102665928,-0.012958712691062326,-0.012560210756737886,-5.7062383,-5.6075153
588751,645,6865,0.5321194464675892,R,0.1845058855735012,0.8154941144264988,0.3582308142940832,0.7041437264560997,87.5404,101.7,9.567333333333334,,0.3482758620689655,0.2817710965133906,453.0,1526.0,453.0,1526.0,7.590852123688581,high,0.0501212609109504,Adeiny Hechavarría,R,-0.17361292445299464,0.7862267295206126,-0.5699329835898911,0.13392801294876927,0.2533327272399746,-8.779005,11.398936
591712,646,201,0.5522388059701493,R,0.3063063063063063,0.6936936936936937,0.4018691588785046,0.723404255319149,82.61,99.59,9.433333333333334,,0.5666666666666667,0.24436,7.0,43.0,7.0,43.0,3.9318256327243257,low,0.050578073089701,Óscar Hernández,R,0.17232496636340605,-0.21518257375563163,0.2952113024584388,-0.7608640707351835,-0.4895032083991842,-3.8066573,-4.3407927
591720,647,3219,0.5458216837527182,R,0.1451337507114399,0.85486624928856,0.3523316062176165,0.7241791044776119,82.41989860583017,96.7,9.770595690747784,,0.4485981308411215,0.2854499484004128,291.0,678.0,291.0,678.0,6.877296071497429,medium,0.0163993248791168,Ronald Torreyes,R,-1.3449809169185385,0.7166802624953483,0.419756334912927,-0.4015299800803947,-0.6104483452628098,-4.1414175,19.986958
591741,648,2596,0.5119414483821263,R,0.2121896162528216,0.7878103837471784,0.3181478715459298,0.7183770883054893,88.48803738317757,104.16,9.48411214953271,,0.3757225433526011,0.2988877840909091,288.0,416.0,288.0,416.0,6.558197802812269,medium,0.0141984508547008,José Osuna,R,1.1646727503983438,0.7888225316654259,0.31631511137028706,0.1552314940521083,-0.6051999349970415,12.912922,0.80163133
591971,649,908,0.395374449339207,L,0.0779944289693593,0.9220055710306406,0.2,0.5916114790286976,85.21666666666667,97.47,15.580459770114942,,0.4277108433734939,0.2756465517241379,58.0,174.0,58.0,174.0,5.4510384535657,low,-0.0515977011494253,Breyvic Valera,L,-0.9615952251666312,1.0042953256828362,0.8265267957656983,0.20235457748323,0.5409269780679087,6.4327903,15.20937
591994,650,470,0.4340425531914894,R,0.2990196078431373,0.7009803921568627,0.2619047619047619,0.6330275229357798,87.61891891891892,104.65,9.202702702702704,,0.410958904109589,0.3013050847457627,41.0,77.0,41.0,77.0,4.77912349311153,low,0.0585137789040228,Willy García,R,0.8094947745156349,0.14046488914379873,-0.0423096358309137,-0.03865133980425721,0.682111861206239,8.35306,-3.2194078
592120,651,4,0.25,R,1.0,0.0,0.5,0.0,,,,,,0.0,0.0,1.0,0.0,1.0,0.6931471805599453,low,,Barrett Astin,R,-0.0177384943365852,-0.03000050444162297,0.00207937511046444,0.050128343274542804,-0.00109006708620313,0.60230666,-0.30906236
592122,652,2457,0.4753764753764753,R,0.3681506849315068,0.6318493150684932,0.2806476484194294,0.6931034482758621,89.50098039215686,107.35,14.5718954248366,,0.3958333333333333,0.314340206185567,254.0,328.0,254.0,328.0,6.368187186350492,medium,0.0935927117342039,Tyler Austin,R,0.7589893946845798,-1.181186040378398,0.27951887401376935,0.3565255195368329,-0.14696923923292085,1.2137955,-15.846228
592144,653,167,0.5508982035928144,R,0.2282608695652174,0.7717391304347826,0.3243243243243243,0.7311827956989247,84.63529411764705,103.85,-6.4411764705882355,,0.3333333333333333,0.261547619047619,14.0,28.0,14.0,28.0,3.7612001156935624,low,-0.0677857142857142,Wynton Bernard,R,0.05947650905392001,0.5774726384446786,-0.4315366187325466,-0.46112149979135325,0.03740567210613853,-11.005652,10.686047
592166,654,20,0.35,R,0.2857142857142857,0.7142857142857143,0.0,0.7777777777777778,94.0,100.06,15.0,,0.3333333333333333,0.706,2.0,2.0,2.0,2.0,1.6094379124341005,low,0.725,Ryan Brett,R,-0.11030581555158261,-0.13513561280137207,0.1324817443323628,0.07427947389064589,0.008589526243269767,0.14359048,-5.3656483
592178,655,16981,0.4784759437017843,R,0.2638769230769231,0.7361230769230769,0.2710889154272066,0.7243243243243244,87.58396501457726,104.17000000000004,17.800218738607363,67.84969325153374,0.4521771492370673,0.3690350796215093,1031.0,3302.0,1031.0,3302.0,8.374246182096304,high,0.041092725744207,Kris Bryant,R,1.0305771011639755,-0.9404536979289353,0.7948683612197328,-0.20938800420895723,-0.2899424094804862,0.90978515,-11.749845
592192,656,14644,0.4276154056268779,R,0.2026509102523155,0.7973490897476845,0.2506745817593092,0.6089601769911505,88.21331603977518,103.3,14.041054451166811,66.19875930521091,0.4572192513368984,0.3372550240588735,1197.0,2336.0,1197.0,2336.0,8.170185652879642,high,-0.0123510856908252,Mark Canha,R,-0.6286779335727704,0.20423082811810145,0.4852435519707754,-1.1947772820117195,0.9469240671270032,-18.703207,8.958401
592200,657,5492,0.4459213401310998,R,0.263781135157207,0.736218864842793,0.2139737991266375,0.6782069970845481,87.04086956521738,100.56,20.130434782608695,66.72,0.4980842911877394,0.3082075332348596,461.0,893.0,461.0,893.0,7.2115567333138015,high,0.0347331085594634,Curt Casali,R,0.04566830862063642,-1.0973676917129669,1.3333925722945832,-0.7348699415601094,0.09191420074432903,-1.5561873,-10.105742
592206,658,19092,0.5393358474753823,R,0.28736525201515,0.7126347479848499,0.362870424171993,0.7472051106548027,89.03703178206584,103.9,14.957150964812714,70.98221070811744,0.4094626168224299,0.3435820074641524,1196.0,3895.0,1196.0,3895.0,8.535425959677298,high,0.0489556596442571,Nick Castellanos,R,0.8258962341827562,0.08141907286561907,-0.23575381134236598,-0.04306477316316419,0.014826842754195168,10.133533,-3.7859542
592230,659,1497,0.5023380093520374,L,0.2978723404255319,0.7021276595744681,0.3171690694626474,0.6948228882833788,86.67137096774194,102.0,13.576612903225806,,0.4256198347107438,0.2330497512437811,89.0,313.0,89.0,313.0,5.998936561946683,low,0.032591018415479,Kaleb Cowart,L,0.9770334520754593,0.14480427185400935,-0.15033795779594358,0.4241429222962089,-0.6084950352548582,9.846237,-18.38003
592239,660,431,0.4733178654292343,L,0.1323529411764705,0.8676470588235294,0.2829268292682926,0.6460176991150443,83.42588235294117,97.0,15.058823529411764,,0.3975903614457831,0.2309833333333333,13.0,107.0,13.0,107.0,4.795790545596741,low,-0.0943968368080517,Todd Cunningham,L,-0.8045794545868058,0.47718886598794813,-0.04376854139407733,0.05072631810436283,-0.09921084414397105,-3.7695696,20.196371
592261,661,8228,0.3941419543023821,R,0.2263336416897934,0.7736663583102066,0.1965963931927863,0.5753903518993242,85.36232114467408,99.6,10.116057233704293,,0.3606158833063209,0.2973531976744186,693.0,1371.0,693.0,1371.0,7.632885505395133,high,0.0209033031155569,Delino Deshields,R,-0.4947297696361561,-0.46129457003071955,0.9170243163809905,0.4300457084898067,0.783324145943665,-5.6492705,-7.0943465
592273,662,10804,0.4718622732321362,R,0.2314633189486072,0.7685366810513927,0.3170775924583031,0.6333207261724659,88.46200514138818,104.8,11.266187050359711,69.74350961538461,0.4467750393287886,0.3193322603719599,829.0,1967.0,829.0,1967.0,7.936302693201959,high,0.0136393674151852,Brandon Drury,R,0.6191516504465377,0.23325160498556666,-0.46991248011193704,-0.4492350502324222,-0.13340487347661456,5.200643,0.6434994
592274,663,60,0.5166666666666667,R,0.1290322580645161,0.8709677419354839,0.4333333333333333,0.6,86.74285714285715,98.06,5.571428571428571,,0.2857142857142857,0.30875,8.0,4.0,8.0,4.0,2.5649493574615367,low,0.1327499999999999,Matt Duffy,R,-0.4990936602703805,0.04047642105491575,0.1737868470438395,0.2537303894608294,-0.047674414158047546,3.3682253,8.244273
592325,664,8897,0.4281218388220748,L,0.2165922814386978,0.7834077185613022,0.2391784452296819,0.6239414053559167,88.07059659090909,103.1,11.165365507452094,68.27692307692308,0.408327246165084,0.3126180335296782,513.0,1694.0,513.0,1694.0,7.699842407396986,high,0.0147554181597244,Ben Gamel,L,-0.7732948907846193,-0.16487254104803037,-0.01240416851303015,0.1712441836466506,0.9515990101420854,-19.378677,-5.2288594
592348,665,6310,0.4839936608557845,L,0.3107400130975769,0.6892599869024231,0.2893939393939393,0.6973421926910299,88.29755826859046,103.8,12.563817980022195,,0.4384180790960452,0.2974453891432309,397.0,1132.0,397.0,1132.0,7.333023014386481,medium,-0.0718330344189193,Niko Goodrum,L,0.7476695226468179,-0.0722887025440807,0.10303695901529007,0.41242841599797,-0.36759572474532487,12.542033,-11.169932
592387,666,5950,0.4677310924369748,R,0.2396694214876032,0.7603305785123967,0.3314899154196487,0.6133518776077886,88.93092334494773,105.03,13.207317073170731,,0.4314814814814814,0.3176963840399002,436.0,1168.0,436.0,1168.0,7.380879035564116,medium,-0.0015516369234636,Ryon Healy,R,0.8783702861451788,0.9377497533792204,0.24863846279313245,-0.03279776405687936,-0.4557793480335128,10.174618,7.325976
592407,667,2210,0.490497737556561,R,0.2223247232472325,0.7776752767527675,0.2987861811391223,0.6707638279192274,85.49619047619048,98.8,17.31904761904762,,0.4887218045112781,0.2695432525951557,164.0,414.0,164.0,414.0,6.361302477572996,medium,-0.0418678272652291,Bryan Holaday,R,-0.5062106482828361,0.2841520041353712,0.8536756284706675,-0.5662910159473169,-0.21910439957332126,-0.7205723,-6.620616
592419,668,487,0.4969199178644763,L,0.2644628099173554,0.7355371900826446,0.332046332046332,0.6842105263157895,84.35842696629213,101.22,17.01123595505618,,0.4404761904761904,0.23684496124031,21.0,108.0,21.0,108.0,4.867534450455582,low,-0.0261785714285714,Jared Hoying,L,0.49523163448139385,0.432237422741593,0.31455592740326827,-0.10884319768896536,-0.4817117326246865,7.825743,4.242186
592444,669,4594,0.4878101872006966,R,0.2962962962962963,0.7037037037037037,0.3260962111536824,0.6570155902004454,89.55563480741797,105.4,12.31857142857143,,0.4494720965309201,0.2789319899244333,308.0,883.0,308.0,883.0,7.083387847625295,medium,-0.0387916819873218,Jacoby Jones,R,0.5343387019284246,-0.15973888332341252,-0.5878801528935782,-0.2854889565242668,-0.8905498105837585,7.3522525,-0.45141497
592450,670,15341,0.4182256697738087,R,0.315149625935162,0.684850374064838,0.2253603656392827,0.6599588719153937,95.62301867743564,111.8,14.445229681978798,74.79427083333333,0.4254770500257865,0.4091643758765778,874.0,2691.0,874.0,2691.0,8.179199798423086,high,0.0027243540847659,Aaron Judge,R,2.630373322992646,-0.759517681784335,-0.07414714804095371,0.4824044153684938,0.3518979006852827,20.29589,3.0255032
592518,671,20592,0.4794094794094794,R,0.2079619124797407,0.7920380875202593,0.2861821158919312,0.7006979893738932,91.36226738491676,108.0,14.203966699314398,74.88132530120482,0.4092858945243502,0.3570667147493689,1423.0,4123.0,1423.0,4123.0,8.621012520055235,high,0.0195362153485179,Manny Machado,R,1.2604163160729842,0.25228768531625817,-0.4281306292365151,-0.23046210871940292,0.8236447579609499,15.786796,-1.7718289
592530,672,982,0.4409368635437882,L,0.3071593533487298,0.6928406466512702,0.2786259541984733,0.6266375545851528,89.9950704225352,105.48,16.408450704225352,,0.460431654676259,0.2714345991561181,38.0,199.0,38.0,199.0,5.472270673671475,low,0.0406653001851362,José Marmolejos,L,0.41172737298866396,-0.19491617050595306,-0.02875447931616735,-0.006333501001689609,-0.2576749121347682,7.8093433,-0.42976668
592567,673,6343,0.50764622418414,L,0.2245341614906832,0.7754658385093167,0.3191240875912409,0.7289239204934886,88.94064685314686,103.5,10.14759825327511,,0.4565801253357207,0.3187963182897862,326.0,1358.0,326.0,1358.0,7.429520842786462,medium,0.0564135502407908,Colin Moran,L,1.2012631718358568,0.6000759963765969,-1.0807306156096623,0.118522452343857,0.278230470783003,-14.789736,7.3776054
592592,674,410,0.526829268292683,L,0.25,0.75,0.3872549019607843,0.6650485436893204,86.05925925925926,100.9,14.37037037037037,,0.3974358974358974,0.3218545454545455,20.0,90.0,20.0,90.0,4.709530201312334,low,0.0166277777777777,Brett Nicholas,L,0.08988698220637097,1.02295584333572,-0.3300462595838938,-0.521204554668351,-0.16002340013318853,-3.4258673,12.601705
592596,675,6,0.5,R,0.0,1.0,0.3333333333333333,0.6666666666666666,90.3,90.3,-17.0,,0.5,0.4405,1.0,1.0,1.0,1.0,1.0986122886681098,low,-0.881,Rico Noel,R,-0.04059008823559682,0.03168041250838144,0.009816095583799596,-0.05102271213826279,0.03750864431584986,-0.31365392,1.3803022
592609,676,442,0.4276018099547511,R,0.3544973544973545,0.6455026455026455,0.219626168224299,0.6228070175438597,86.035593220339,107.58,11.33898305084746,,0.4489795918367347,0.2560882352941176,27.0,75.0,27.0,75.0,4.634728988229636,low,-0.0071214814814815,Mike Olt,R,-0.432057674293556,-0.8870345438329575,-0.2078571487359158,-0.1270768943001282,0.16797672787804663,-8.9965725,-13.132288
592620,677,1612,0.4609181141439206,L,0.2772543741588156,0.7227456258411844,0.2385204081632653,0.6714975845410628,87.34508928571428,106.9,9.558035714285714,,0.4339622641509434,0.3310482233502538,84.0,310.0,84.0,310.0,5.978885764901122,low,0.05106643625192,Jarrett Parker,L,-0.16325460237840295,-0.8190346563709623,-0.2654353633765902,0.6966046290732724,-0.956448447627813,4.3427596,-18.477148
592621,678,400,0.5475,R,0.3881278538812786,0.6118721461187214,0.3834196891191709,0.7004830917874396,87.3923076923077,106.12,10.646153846153846,,0.3768115942028985,0.2343839285714286,39.0,73.0,39.0,73.0,4.727387818712341,low,0.0682160168598524,Kyle Parker,R,-0.6058136103559819,-0.9239070559356231,-1.4668673799108856,0.29750428468125784,-0.4190956802045746,-12.199559,-14.008984
592622,679,299,0.5117056856187291,L,0.2287581699346405,0.7712418300653595,0.3333333333333333,0.7062937062937062,84.64888888888889,98.3,18.333333333333332,,0.5681818181818182,0.2131884057971014,7.0,62.0,7.0,62.0,4.248495242049359,low,-0.1517811059907834,Mark Payton,L,-0.5268509598801997,-0.07808826685285135,0.27237995280760346,-0.26176468530196784,-0.49467860609550696,-5.8224187,2.4535172
592626,680,15401,0.4470488929290306,L,0.2508351488743645,0.7491648511256355,0.2727163893212019,0.6536606129398411,91.61505513146734,107.1,14.377862595419847,71.15522788203754,0.4841097083151937,0.3427663674762407,596.0,3192.0,596.0,3192.0,8.239857411018601,high,0.0767776992817615,Joc Pederson,L,0.9415275636508545,-0.11801782107358146,-0.3092480141405361,-0.7721397726360345,0.014895801287610673,-0.7014254,-4.707632
592647,681,422,0.504739336492891,L,0.3098591549295775,0.6901408450704225,0.3227272727272727,0.7029702970297029,87.18550724637682,102.22,12.507246376811594,,0.5588235294117647,0.2807241379310344,26.0,90.0,26.0,90.0,4.762173934797756,low,-0.0928085470085469,Dalton Pompey,L,0.48232868534190704,0.008776915160993656,0.21645629834644448,-0.13995058312288272,-0.7353076398880365,4.6451154,-5.5890846
592656,682,515,0.4970873786407767,L,0.23828125,0.76171875,0.2964285714285714,0.7361702127659574,84.49444444444444,101.56,13.688888888888888,68.29230769230769,0.4204545454545454,0.2798368794326241,53.0,88.0,53.0,88.0,4.955827057601261,low,-0.0230257289879931,Henry Ramos,L,0.5590751444340908,0.15153110612977916,0.3289494661697123,0.21484341063168053,-0.23378354187389613,10.006146,3.4015813
592660,683,328,0.4969512195121951,R,0.2392638036809815,0.7607361963190185,0.3333333333333333,0.6818181818181818,89.05932203389831,103.9,9.677966101694915,,0.4137931034482758,0.2548690476190476,27.0,57.0,27.0,57.0,4.442651256490317,low,0.0859395711500974,Rangel Ravelo,R,0.031641045613062836,0.22935303225819983,-0.16963426455937805,-0.21460561973294687,0.6622833873996713,-10.719945,1.4558623
592663,684,17496,0.4898262459990855,R,0.2101516919486581,0.7898483080513419,0.3006929455867318,0.6813528126078454,89.2932277104691,105.0,12.324425108763206,71.94849884526559,0.4289781714647263,0.3356141436464088,1110.0,3415.0,1110.0,3415.0,8.417593826193484,high,-0.0012781224855895,J. T. Realmuto,R,0.3934482143356208,0.3904134351406883,0.04415976619861778,-0.6832229711614558,0.42159682619144223,-17.820393,9.136672
592669,685,12557,0.4777414987656287,R,0.2667111185197532,0.7332888814802467,0.3120715350223547,0.667863861809475,89.4551577955723,107.1,16.792746113989637,73.32072538860103,0.4997557401074743,0.3283478125969594,978.0,2245.0,978.0,2245.0,8.07837810362652,high,0.0484781254412213,Hunter Renfroe,R,0.9552229035630406,0.15600826111810587,-0.6790264802979824,-0.8603642381119699,-0.8346801995058358,13.807259,-2.6578243
592680,686,1258,0.4888712241653418,R,0.3121951219512195,0.6878048780487804,0.2952086553323029,0.6939443535188216,89.5784946236559,103.5,2.360215053763441,,0.4,0.2077788461538461,122.0,190.0,122.0,190.0,5.746203190540153,medium,0.060999913718723,Yadiel Rivera,R,0.028690702869288823,-0.24213594453278045,-0.6850518125267997,0.5423119525621035,0.00948444744617643,-10.139663,-0.011910947
592685,687,1136,0.4163732394366197,L,0.3382663847780126,0.6617336152219874,0.1778584392014519,0.6410256410256411,87.23389830508475,105.32,14.669491525423728,,0.5350877192982456,0.2893557312252964,38.0,215.0,38.0,215.0,5.537334267018537,low,-0.1306335373317013,Drew Robinson,L,0.254666314968528,-0.7529172306936516,0.20289535464783176,-0.0006202887030236211,-0.16683728108935006,1.7904067,-13.087123
592696,688,14411,0.5642911664700576,L,0.23413674372848,0.76586325627152,0.4062775746880121,0.7577956159308429,88.06050675675675,101.7,15.259121621621622,69.32083333333333,0.4786384161167072,0.3230862715678919,1001.0,2998.0,1001.0,2998.0,8.294049640102028,high,0.0321230887191527,Eddie Rosario,L,0.00014039157567692108,0.9203741982567205,-0.47969862119629364,-1.559306682439207,0.2978630330789537,-14.951387,12.738274
592710,689,1016,0.4409448818897638,R,0.2366071428571429,0.7633928571428571,0.2828947368421052,0.5696428571428571,88.04117647058823,101.86,4.627450980392157,,0.3642384105960264,0.28165625,72.0,184.0,72.0,184.0,5.54907608489522,low,0.042487922705314,Josh Rutledge,R,-0.4789074888972416,0.3239688435924361,-0.27695309834031495,0.23496857239331853,0.5788511384786809,0.88945425,10.514263
592731,690,250,0.452,R,0.3716814159292035,0.6283185840707964,0.3216783216783216,0.6261682242990654,89.92424242424242,102.98,7.151515151515151,,0.3636363636363636,0.3171612903225806,18.0,44.0,18.0,44.0,4.143134726391533,low,0.1647929292929293,Steve Selsky,R,-0.1897555544244088,-0.22396253749912545,-0.1575525170212229,0.24988579171250344,-0.37432991426130713,1.0755337,-7.48846
592743,691,11400,0.4612280701754386,R,0.1285659946747812,0.8714340053252188,0.2670147954743255,0.6585322723253758,86.53083875632682,101.3,6.069027827972533,,0.4402397901835894,0.2979769367238321,906.0,2476.0,906.0,2476.0,8.12651816878071,high,0.0050684941888041,Andrelton Simmons,R,0.6372821544228071,1.3967666787275064,0.6790796302025081,0.23966521058564244,0.45036134013558166,14.40768,4.05249
592769,692,4,0.75,L,0.3333333333333333,0.6666666666666666,0.6666666666666666,1.0,,,,,,0.0,0.0,1.0,0.0,1.0,0.6931471805599453,low,,D. J. Snelten,L,-0.09479552118734891,0.03764819831394317,-0.07809113661573333,-0.09613451060810974,-0.05546895928501041,-3.226761,2.2407768
592774,693,49,0.5714285714285714,L,0.2142857142857143,0.7857142857142857,0.25,0.88,94.9,100.04,4.0,,0.2857142857142857,0.3899,1.0,9.0,1.0,9.0,2.3978952727983707,low,0.4332222222222222,Cody Stanley,L,-0.3333505399709428,0.017548838481919113,-0.17104141775758644,-0.11891996424598161,-0.12256027434404813,-3.7681146,2.769319
592808,694,866,0.5496535796766744,L,0.2184873949579832,0.7815126050420168,0.3534303534303534,0.7948051948051948,87.7731843575419,102.94,6.910614525139665,,0.4219653179190751,0.3348495934959349,24.0,222.0,24.0,222.0,5.5093883366279774,low,0.0419876126126125,Andrew Toles,L,-0.7356871074811501,0.10461427248957171,-1.0518595576728464,0.1564384319728654,-0.4933206933934566,-6.9642434,5.4590006
592835,695,98,0.6020408163265306,L,0.3220338983050848,0.6779661016949152,0.4107142857142857,0.8571428571428571,84.0529411764706,100.04,10.529411764705882,,0.7647058823529411,0.226875,4.0,20.0,4.0,20.0,3.218875824868201,low,0.27225,Kyle Waldrop,L,-0.13048240785452522,0.04054795513077515,-0.1275634079857024,0.058751223455739104,-0.8061221313117812,6.732378,5.15729
592859,696,1935,0.4713178294573643,L,0.2675438596491228,0.7324561403508771,0.3266932270916334,0.6272824919441461,85.87508532423209,99.58,10.358361774744028,,0.4791666666666667,0.2628927835051546,154.0,331.0,154.0,331.0,6.186208623900494,medium,0.0827535998744458,Stevie Wilkerson,L,-0.7469272256909654,0.5400557314670762,-0.4496510551789234,0.39858927714109016,-0.11825325077279297,1.7197746,12.578542
592863,697,1041,0.499519692603266,L,0.2269230769230769,0.7730769230769231,0.3044315992292871,0.6934865900383141,87.59692307692309,100.76,9.564102564102564,,0.4619565217391304,0.2913908450704225,54.0,230.0,54.0,230.0,5.652489180268651,low,0.035376650563607,Mason Williams,L,-0.530101343982707,0.4223392510635202,-0.3901956012282918,-0.19131056248636155,0.07272878530198275,-8.545868,8.636909
592885,698,20868,0.425531914893617,L,0.2305180180180179,0.769481981981982,0.2314921535597127,0.6537699447283345,91.9765009096422,107.63,4.337174044875682,72.08940397350993,0.4068111455108359,0.3654201730239874,1425.0,3661.0,1425.0,3661.0,8.534443544822764,high,0.0411494673586451,Christian Yelich,L,1.0734572423154123,-0.34920544749822624,-0.3209536527036676,0.8559499782370706,1.9336503179623474,-22.788681,1.6725513
593160,699,16815,0.4951531370799881,R,0.1728320922411722,0.8271679077588278,0.3036581034686871,0.6884560229445507,86.86108531630876,100.2,15.211611030478956,63.64140127388535,0.3597633136094674,0.3219517271922055,1171.0,3345.0,1171.0,3345.0,8.415603335654604,high,0.0197317601886139,Whit Merrifield,R,-0.7017522664964179,0.7229426469841409,1.058980153269457,0.19146473904052477,-0.4043023782941806,11.195727,20.529232
593428,700,21692,0.4426516688179974,R,0.199437617163091,0.800562382836909,0.2922687861271676,0.5994350282485875,88.85198565206251,104.8,10.147247119078106,68.72008639308855,0.4290212542639727,0.3558891982182628,1349.0,4039.0,1349.0,4039.0,8.592115117933497,high,0.024120137958096,Xander Bogaerts,R,1.1622698886366742,1.2910963117796266,0.7239560327407386,0.03131481033900093,0.820124603585545,-1.7281804,11.6758585
593495,701,1089,0.5298438934802571,R,0.1542461005199307,0.8457538994800693,0.427255985267035,0.6318681318681318,82.53946188340807,96.1,5.614349775784754,,0.3379629629629629,0.2208220640569395,105.0,176.0,105.0,176.0,5.641907070938114,low,0.1104640692640692,Daniel Castro,R,-0.786197093012424,1.7642832035234854,-0.17200818600224424,0.1621106381238823,-0.43304709161707305,-2.4729152,15.777179
593523,702,969,0.5758513931888545,L,0.3082437275985663,0.6917562724014337,0.4057692307692307,0.7728285077951003,86.01189189189189,99.72,4.681081081081081,,0.3681318681318681,0.2800925925925926,78.0,192.0,78.0,192.0,5.602118820879701,low,-0.0691185897435897,Marco Hernández,L,-0.19118812392222123,0.7287448643452962,-0.9841717799718604,0.1352863956435251,-0.30847206948542955,-5.2727017,12.930964
593525,703,197,0.4974619289340101,R,0.3061224489795918,0.6938775510204082,0.217391304347826,0.7428571428571429,86.15405405405404,105.34,14.972972972972974,,0.3823529411764705,0.1504035087719298,16.0,41.0,16.0,41.0,4.060443010546419,low,-0.0258460365853658,Orlando Calixte,R,0.2899122778691673,0.20608508559890507,-0.2112976989700732,0.48111470096302505,-0.1523973800980316,16.756504,-0.80706596
593527,704,419,0.477326968973747,L,0.145,0.855,0.2886597938144329,0.64,80.83372093023256,97.4,9.709302325581396,,0.4285714285714285,0.2389166666666666,35.0,73.0,35.0,73.0,4.6913478822291435,low,-0.0032935420743639,Ramón Torres,L,-0.8777992528702779,1.0298954669789282,-0.07509062144837045,0.031591887585421266,0.19744613709314998,-3.3595788,16.006056
593528,705,3282,0.5060938452163315,R,0.291992775436484,0.708007224563516,0.2535460992907801,0.7748427672955975,86.43110236220473,103.5,16.59251968503937,,0.4244306418219462,0.3060550795593635,241.0,576.0,241.0,576.0,6.706862336602747,medium,0.0260004754495158,Jorge Bonifacio,R,-0.1792168213867416,-1.0236972473649526,0.02895941852453869,0.04092864483278891,-0.14942116752819964,-8.548478,-15.451878
593590,706,279,0.4659498207885305,R,0.2076923076923077,0.7923076923076923,0.3154362416107382,0.6384615384615384,86.62549019607843,102.7,10.215686274509803,,0.3725490196078431,0.2855657894736842,26.0,50.0,26.0,50.0,4.343805421853684,low,0.0573092307692307,Webster Rivas,R,-0.04881124324757845,0.5869012784107691,0.0028061359828404353,0.30567247349661003,-0.022173656231582635,0.09026768,5.865994
593643,707,4639,0.6055184306962708,R,0.1648273406906372,0.8351726593093628,0.4700328407224959,0.7553336359509759,83.86468590831919,98.83,12.916808149405773,,0.4469178082191781,0.2884427690198766,591.0,868.0,591.0,868.0,7.286191714702382,high,0.0867807434092025,Hanser Alberto,R,-0.277605130131653,1.4722582329613363,0.056747029244807096,-1.7255399021828461,-0.30258746564722067,-13.193807,12.085847
593647,708,803,0.5367372353673724,L,0.2621809744779582,0.7378190255220418,0.4018912529550827,0.6868421052631579,87.26824324324325,105.12,11.033783783783784,,0.410958904109589,0.2265321100917431,32.0,186.0,32.0,186.0,5.389071729816501,low,0.1114915994623655,Sócrates Brito,L,-0.5622323988314876,0.6599268306407312,-0.6193479216066909,-0.3482242553629662,-0.34353048707006084,-4.9606137,10.501006
593700,709,2220,0.5306306306306307,L,0.2580645161290322,0.7419354838709677,0.3248868778280543,0.7345291479820628,83.92122641509434,99.84,12.35377358490566,,0.5109489051094891,0.2700226171243942,142.0,477.0,142.0,477.0,6.429719478039138,medium,0.0630863082056279,Alen Hanson,L,-0.20878213619570793,0.09519765161709011,0.42256621637108954,0.34204592278758933,-1.1447102153834494,7.3426943,4.727925
593871,710,13896,0.4443724812895797,L,0.1778137651821862,0.8221862348178137,0.2621520565018695,0.641498127340824,87.51537535126455,102.5,18.48293857888398,69.16675392670157,0.4660392798690671,0.3338249071693802,1080.0,2421.0,1080.0,2421.0,8.161089512845797,high,0.0329909541511771,Jorge Polanco,L,0.13957371880781266,0.33753046638850026,1.2581887259946851,-0.273788392859835,-0.16740028196051074,9.31017,0.6942865
593934,711,12005,0.4399833402748854,R,0.3627413858386974,0.6372586141613026,0.2551020408163265,0.6559508759255914,93.1312629399586,109.6,16.296756383712907,,0.4678571428571428,0.3424699894699894,767.0,2082.0,767.0,2082.0,7.955074273262696,high,-0.0016333006448768,Miguel Sanó,R,0.6670487781189267,-1.7349689197085085,-0.14933305664608126,-0.30748226491979147,0.26254212726424186,10.888789,-16.827158
593993,712,496,0.5604838709677419,R,0.3165467625899281,0.6834532374100719,0.4259259259259259,0.7212389380530974,86.77764705882353,103.28,10.56470588235294,,0.5,0.2982781954887218,58.0,75.0,58.0,75.0,4.897839799950911,low,0.1560797701149426,José Briceño,R,-0.22132179972977759,-0.12381793870012132,-0.6261445504777142,-1.074117024609927,-0.2788112760225509,6.5625377,2.898673
594011,713,1600,0.446875,L,0.2391608391608392,0.7608391608391608,0.2332155477031802,0.6884154460719041,87.49096989966554,101.92,4.762541806020067,,0.4745762711864407,0.2654617224880383,133.0,285.0,133.0,285.0,6.037870919922137,medium,0.0774511278195488,Rosell Herrera,L,0.04586409159439979,-0.22470707069679563,0.024987384652514495,0.7977115155205915,0.28939136548249217,5.5114264,-9.244119
594555,714,11,0.3636363636363636,L,0.5,0.5,0.2,0.5,85.4,85.4,33.0,,0.0,0.0,0.0,4.0,0.0,4.0,1.6094379124341005,low,,Garin Cecchini,L,0.14825531096141276,-0.01889381101456221,0.0828836724888088,0.017890175848520148,-0.024580137287933262,1.9106709,-1.298827
594576,715,175,0.4685714285714286,L,0.3048780487804878,0.6951219512195121,0.2705882352941176,0.6555555555555556,76.59473684210526,94.68,-2.8947368421052633,,0.631578947368421,0.1139,11.0,29.0,11.0,29.0,3.713572066704308,low,-0.0397617554858934,Jacob May,L,-0.8981577099112364,-0.3447521226031043,0.058518882150133976,0.2104988956820145,0.1677125930826218,-9.304651,-4.812876
594694,716,4907,0.5066231913592827,L,0.2373290426387772,0.7626709573612228,0.3039215686274509,0.7259227831989817,84.0129213483146,99.71,10.229213483146069,,0.43557582668187,0.2870702028081123,314.0,968.0,314.0,968.0,7.1569563646156364,medium,0.0247036703163657,Wilmer Difo,L,-0.13119669838918202,0.4370036978000413,0.6285445179283188,0.34688806671608513,-0.42501258408077625,-2.2451377,21.604918
594777,717,16075,0.4919440124416796,L,0.2738998482549317,0.7261001517450683,0.2814018043025676,0.7369767128819491,88.85101375814627,103.6,14.076811594202898,67.77246835443037,0.5014803849000741,0.3122646918299092,1178.0,3008.0,1178.0,3008.0,8.339739766019143,high,0.0156124042733807,Kole Calhoun,L,-0.1530236172179501,-1.2447162460679544,0.3239149799629968,0.25966313390803974,-0.1926059268471452,1.553683,-17.462698
594807,718,12638,0.4930368729229308,R,0.2623976889744824,0.7376023110255175,0.3294403154861216,0.6714640198511166,88.62557692307693,104.8,22.64134615384615,70.57455470737914,0.4977556109725686,0.3231935288781372,839.0,2468.0,839.0,2468.0,8.104099056143582,high,0.0066576406851561,Adam Duvall,R,0.28993263570950567,-0.09591409443028204,-0.17645886761483312,-1.6921650150874952,-0.6439836175697351,-6.029306,-1.5693889
594809,719,11591,0.4467259080320939,L,0.1695635380455774,0.8304364619544226,0.2767797737857618,0.6298619824341279,88.23476738369185,102.8,8.644144144144144,,0.3672079622839183,0.3362158322056833,666.0,2290.0,666.0,2290.0,7.991930519852477,high,0.056290145167001,Adam Eaton,L,-1.9613232591921552,0.4772053516270139,-1.288324184421062,0.9701966796875562,0.4167406605142452,-9.36598,19.295021
594824,720,5140,0.3733463035019455,L,0.1578947368421053,0.8421052631578947,0.1645817044566067,0.5801704105344694,84.91215189873418,100.4,7.6645569620253164,,0.3735558408215661,0.3110615627466456,171.0,1096.0,171.0,1096.0,7.145196134997171,medium,0.0791133201007384,Greg Garcia,L,-0.11033842381155473,-0.10767633777344929,0.4696944688747392,1.1056287584727176,0.30190733168116407,11.700217,-12.662691
594828,721,6806,0.4786952688803996,R,0.2295887047268262,0.7704112952731738,0.3217690677966102,0.6742574257425743,88.51796226415095,105.0,14.073962264150945,,0.4625302175664786,0.3242928265524625,620.0,1248.0,620.0,1248.0,7.533158807455563,high,0.0022173025227461,Evan Gattis,R,0.8147866361037597,0.6038164717219305,-0.14970627803128814,-1.1345227812278365,-0.26934652270867687,13.562494,1.8561636
594838,722,4014,0.4392127553562531,R,0.2030629608621668,0.7969370391378332,0.3015099853872381,0.5833758286588475,86.86256830601093,102.2,10.385245901639344,,0.3112033195020747,0.2883745247148289,405.0,647.0,405.0,647.0,6.959398512133975,medium,0.0273375770412349,Philip Gosselin,R,-0.45624131729714557,0.5394017847505099,0.058174299288827225,0.9118530130044246,-0.2766841326730581,6.6289067,11.54581
594940,723,141,0.3971631205673759,L,0.3571428571428571,0.6428571428571429,0.2073170731707317,0.6610169491525424,91.425,100.95,3.4375,,0.5333333333333333,0.2144193548387097,4.0,27.0,4.0,27.0,3.4657359027997265,low,0.2461851851851852,Daniel Muno,L,-0.3864652257329572,-0.271682340938564,0.2526052106915991,0.016765082251704293,0.2881444829994324,-5.6147866,-6.6216273
594953,724,2218,0.4941388638412984,L,0.3448905109489051,0.6551094890510949,0.3162321278385198,0.6997084548104956,91.53173076923078,110.09,12.112540192926046,,0.495049504950495,0.3023283858998145,94.0,445.0,94.0,445.0,6.29156913955832,low,0.078986349509921,Daniel Palka,L,1.3299277092511492,-0.5075729150632594,-1.108800162218975,-0.10587689828866893,-1.02054470034338,14.463044,-7.984899
594988,725,5082,0.5318772136953955,L,0.2837587865334813,0.7162412134665187,0.3270690278279725,0.7766738660907128,89.40754923413567,106.4,9.421686746987952,,0.5023094688221709,0.3205698005698005,343.0,1061.0,343.0,1061.0,7.247792581767846,medium,0.0165793533247417,Scott Schebler,L,1.0921715239230905,-0.40397050315164734,-0.701508614521418,0.47898167547630605,-1.4828507565908307,15.3172455,-6.428349
595005,726,188,0.4734042553191489,R,0.2471910112359551,0.7528089887640449,0.3125,0.6413043478260869,86.64571428571428,101.68,9.628571428571428,,0.4,0.2234799999999999,28.0,22.0,28.0,22.0,3.9318256327243257,low,-0.0142402597402597,Ryan Strausborger,R,-0.15841471077079822,0.08718729883765095,-0.15606464672982653,-0.33012682532710785,0.25068686970954773,-18.035122,9.224972
595023,727,295,0.3322033898305084,L,0.2959183673469387,0.7040816326530612,0.1513157894736842,0.5244755244755245,85.53200000000001,99.88,9.36,,0.5217391304347826,0.2374920634920634,18.0,45.0,18.0,45.0,4.1588830833596715,low,-0.0998,Colin Walsh,L,0.2013187348184816,-0.7670563976511339,0.1891992002495252,0.4156757730572227,-0.043012222276234136,-1.1497791,-17.03647
595025,728,132,0.5606060606060606,L,0.3783783783783784,0.6216216216216216,0.4,0.7719298245614035,82.61764705882354,100.24,17.529411764705884,,0.3529411764705882,0.1006857142857142,15.0,20.0,15.0,20.0,3.58351893845611,low,-0.0293666666666666,Zach Walters,L,-0.646135191919849,-0.3546459511894588,-0.43557031958582754,-0.01189682198649305,-0.8609830098128737,-12.401873,-8.007589
595144,729,649,0.4283513097072419,L,0.2194244604316546,0.7805755395683454,0.2470588235294117,0.627831715210356,87.10970873786407,101.04,7.165048543689321,,0.4183673469387755,0.3051304347826087,19.0,142.0,19.0,142.0,5.087596335232384,low,0.1476019273535952,Jaycob Brugman,L,-0.8404620357050372,0.08970694730402227,0.13101679977678402,0.3119884572426354,0.6667349755681337,-19.212866,-5.2214866
595222,730,306,0.4869281045751634,L,0.4496644295302013,0.5503355704697986,0.2810457516339869,0.6928104575163399,87.33548387096775,102.4,16.806451612903224,,0.4137931034482758,0.1266301369863013,12.0,61.0,12.0,61.0,4.30406509320417,low,0.0827295081967213,Mike Gerber,L,-0.5357302230628164,-0.8688237015325839,-0.7577686423603439,-0.346837895421759,-0.2099361719974909,-12.108611,-11.713037
595238,731,69,0.5507246376811594,L,0.2894736842105263,0.7105263157894737,0.3125,0.7567567567567568,85.65,100.9,5.125,,0.625,0.1867,2.0,18.0,2.0,18.0,3.044522437723423,low,0.2074444444444444,Jacob Hannemann,L,-0.7346607113778779,-0.10956015001720726,-0.3924475677693284,0.023512899490549972,-0.059503551181348945,-9.913242,-5.533724
595281,732,12722,0.4969344442697689,L,0.2522935779816514,0.7477064220183486,0.2949510173323285,0.7171020206998522,87.37787878787879,103.81,7.089494163424124,68.16809210526316,0.4589285714285714,0.3072968888888889,921.0,2454.0,921.0,2454.0,8.124446855715847,high,0.0138866067233181,Kevin Kiermaier,L,0.18716618324326267,-0.0033993006920662277,-0.050770488952341715,0.40913289578161594,0.10651212421576636,3.4642496,0.16452819
595284,733,3456,0.4826388888888889,L,0.3039568345323741,0.6960431654676259,0.2579726651480638,0.7147058823529412,87.89957081545064,102.3,11.452789699570816,,0.4776785714285714,0.2776469221835075,189.0,672.0,189.0,672.0,6.759255270663693,medium,0.0289011243386242,Andrew Knapp,L,0.24463110014687647,-0.5767246555711203,0.2389827596401199,-0.22089352345496513,-0.2825379294418609,-4.2171397,-19.930187
595373,734,171,0.4327485380116959,R,0.3243243243243243,0.6756756756756757,0.2125,0.6263736263736264,84.54782608695652,97.98,8.043478260869565,,0.3333333333333333,0.1962499999999999,6.0,34.0,6.0,34.0,3.713572066704308,low,0.0769607843137255,Jack Reinheimer,R,0.1976056228217296,-0.2749752726556334,0.5169560094646811,0.3229752756835287,-0.09830392672464423,4.0672073,-10.24786
595375,735,2873,0.5186216498433693,L,0.2295302013422818,0.7704697986577181,0.3308270676691729,0.7134751773049646,87.29249563699825,101.68,7.543706293706293,,0.4928571428571429,0.2627601522842639,172.0,616.0,172.0,616.0,6.670766320845874,medium,0.0145604047115675,Jt Riddle,L,-0.3843946475835505,0.5366258145044625,-0.10834761823300113,-0.14071223954798867,-0.25545664095067305,-0.75909793,4.5113564
595386,736,828,0.3985507246376811,R,0.2121212121212121,0.7878787878787878,0.2562358276643991,0.5607235142118863,90.3423076923077,103.73,5.707692307692308,,0.4436090225563909,0.3356584158415841,97.0,105.0,97.0,105.0,5.313205979041787,low,-0.0179066273932252,Jason Rogers,R,0.23238940153841162,-0.16276378038641506,0.7833077509798666,0.7766850325374649,-0.15101548713041946,16.596722,7.119
595426,737,406,0.4211822660098522,L,0.1403508771929824,0.8596491228070176,0.2184466019417475,0.63,87.5125,101.4,14.25,,0.3962264150943396,0.2589777777777777,15.0,75.0,15.0,75.0,4.51085950651685,low,0.1851733333333333,Brock Stassi,L,-0.1011433517019929,0.18725470960239374,0.4640777299411062,0.05934028479756431,0.8929896172232356,2.8086317,5.652323
595453,738,1781,0.4879281302638967,R,0.332566168009206,0.667433831990794,0.2998897464167585,0.683066361556064,87.4,103.5,14.048979591836735,72.27413793103447,0.3692946058091286,0.2595319634703196,142.0,296.0,142.0,296.0,6.0844994130751715,medium,0.0990529120669965,Chad Wallach,R,0.5864331863308174,-0.7019502170729298,0.34295053446459006,-0.3689639331809287,0.31966389620957625,-16.097828,-0.78424025
595751,739,6125,0.6088163265306122,R,0.3596138374899437,0.6403861625100563,0.4523308270676692,0.7946428571428571,90.2751737835154,109.2,5.0139026812313805,73.844,0.3269424823410696,0.2987735294117647,455.0,1245.0,455.0,1245.0,7.438971592395862,high,0.0180302308133633,Jorge Alfaro,R,0.5343559439247042,-0.15369448800218208,-2.374602331714445,0.4211194350624264,-0.7635903155867668,16.20658,-9.819028
595777,740,13356,0.4520814615154238,L,0.1765485260019874,0.8234514739980126,0.2584745762711864,0.6555589680589681,86.76497872340425,102.0,12.778486394557824,69.37316176470588,0.4637429439861051,0.3120918273645546,892.0,2375.0,892.0,2375.0,8.091933455979893,high,-0.0043427736606088,Jurickson Profar,L,-0.7760408694325127,0.32744093802086616,0.5617294790921228,0.15257791862700393,0.06342799778928966,0.16425523,6.4060316
595879,741,14962,0.5542039834246758,R,0.3318861553304389,0.668113844669561,0.4325667398590084,0.7210334442859407,89.19907918968693,106.0,10.03609576427256,72.66176470588235,0.4276563677467973,0.3184885922330097,1017.0,3103.0,1017.0,3103.0,8.323851131338817,high,0.0548633840249119,Javier Báez,R,0.4314678361864835,0.5969027431285654,-1.8979376403636687,-0.284699478576724,-1.3585179361052457,-12.491221,8.64746
595885,742,2956,0.4465493910690122,L,0.2545454545454545,0.7454545454545455,0.2408854166666666,0.6690140845070423,89.5888625592417,102.79,19.734597156398102,,0.5052631578947369,0.3128226037195994,159.0,540.0,159.0,540.0,6.551080335043404,medium,-0.0475134870719776,Greg Bird,L,0.24370356057904874,-0.5869958163783567,0.44458855300333355,-0.7327507087639958,0.3065614078485188,0.15003616,-11.128753
595909,743,4876,0.4813371616078753,L,0.2974009373668512,0.7025990626331488,0.2925574030087094,0.6842553191489362,89.22313019390582,103.88,10.82409972299169,67.11333333333334,0.3804195804195804,0.2989801980198019,261.0,951.0,261.0,951.0,7.10085190894405,medium,0.0683945514098891,Jake Cave,L,0.06554901875376237,-0.42861201263468557,-0.16569945273212516,0.09034864772120929,0.2723185441222824,-0.3893783,-3.2107453
595943,744,1312,0.4504573170731707,R,0.2436548223350253,0.7563451776649747,0.25,0.676948051948052,87.0961038961039,105.5,7.259740259740259,,0.4229074889867841,0.2949176136363636,103.0,249.0,103.0,249.0,5.8664680569332965,low,0.0280601629820251,Phillip Evans,R,-0.6592111665595289,-0.5092527150331122,-0.28592228984934737,-0.34009016411291015,0.6879028809451999,-11.212515,-0.86966276
595956,745,2350,0.4625531914893617,R,0.1803127874885004,0.8196872125114996,0.2706896551724138,0.6495798319327731,84.69080188679246,99.97,15.1438679245283,67.17070707070707,0.4278728606356968,0.2524737704918032,180.0,430.0,180.0,430.0,6.415096959171596,medium,-0.0422529715762273,Cam Gallagher,R,-0.0758516759177424,0.41749997108407993,0.5516450608176656,-0.9145703422274966,-0.12602250282932603,-18.23891,2.6321173
595963,746,897,0.4526198439241917,R,0.2339901477832512,0.7660098522167488,0.2671394799054373,0.6181434599156118,87.30754716981131,102.36,6.188679245283019,,0.3461538461538461,0.244206008583691,104.0,129.0,104.0,129.0,5.455321115357702,low,-0.0750342128801431,Tyler Goeddel,R,0.3496840662892146,-0.17859058101341702,0.26842581536784993,1.3026368847300436,-0.009895422764332923,11.06846,-11.139321
595978,747,8244,0.5038816108685105,R,0.2845450168512277,0.7154549831487723,0.3268372857478281,0.693099121706399,86.47399135446686,102.6,17.434125269978402,66.64857142857143,0.4614809274495138,0.245883495145631,618.0,1545.0,618.0,1545.0,7.679713639966372,high,-0.0114537216828479,Austin Hedges,R,-0.7382286299915968,-0.16859966812262084,0.14791374930167392,-0.7862725754455164,-0.6016420501433354,-10.599911,-8.239484
595981,748,686,0.478134110787172,R,0.2926829268292683,0.7073170731707317,0.3333333333333333,0.6380368098159509,86.64594594594595,102.2,11.702702702702704,,0.3727272727272727,0.2507803468208092,88.0,85.0,88.0,85.0,5.159055299214529,low,-0.0413921122994652,Scott Heineman,R,0.3228614833603398,0.2449903670166767,0.10366925710564928,0.5825215426900817,0.14982864395135798,3.3341908,1.3951259
596012,749,378,0.5185185185185185,L,0.3316326530612244,0.6683673469387755,0.3581395348837209,0.7300613496932515,88.97333333333334,101.22,23.57777777777778,,0.4090909090909091,0.1817444444444444,11.0,79.0,11.0,79.0,4.51085950651685,low,0.1169470655926352,Kevin Kramer,L,-0.19944673591047912,-0.49708359972298743,-0.4098540882298246,-0.41649392940743696,-0.17614368707571887,-12.42976,-3.1568294
596019,750,20774,0.4803600654664484,L,0.1787754283996392,0.8212245716003608,0.2896857737933532,0.696742369746172,90.03295454545454,104.4,13.1350669022974,69.76132596685083,0.4558367768595041,0.3461221559119731,1669.0,3693.0,1669.0,3693.0,8.587278798982926,high,-0.0151292974563474,Francisco Lindor,L,-0.6454513326313359,0.5990453284092018,0.3583063828434587,-0.28329520585521434,0.22653580060860526,-6.037981,2.4239933
596056,751,581,0.4199655765920826,R,0.1229508196721311,0.8770491803278688,0.1284046692607003,0.6512345679012346,88.2309090909091,99.15,15.9,,0.4403669724770642,0.2717551020408163,49.0,98.0,49.0,98.0,4.997212273764115,low,0.0334591836734693,John Nogowski,R,0.20057239928518988,-0.6703901269746618,1.227973759574806,0.23028327322147263,0.5592094743940311,0.54546404,-8.9917145
596059,752,14723,0.5002377232900903,L,0.2380176510522742,0.7619823489477258,0.336261777438248,0.6877274712476343,89.31065134099616,104.9,16.33448275862069,72.825,0.5174880763116058,0.3032738901429646,1164.0,2823.0,1164.0,2823.0,8.291045131081729,high,0.0089784803400637,Rougned Odor,L,-0.8150806549933707,-0.1980488621603898,-0.2801568707377554,-0.5362362713689561,-0.9198561278436024,-17.899502,-10.568546
596103,753,5909,0.4433914367913352,R,0.2755725190839695,0.7244274809160305,0.243261231281198,0.6504820936639119,88.46549773755656,104.37,5.85972850678733,72.17853107344634,0.3467741935483871,0.3274283783783783,784.0,696.0,784.0,696.0,7.300472814267799,high,0.0731916050903119,Austin Slater,R,0.030429345714283445,-0.5793617129379992,-0.7490205322829641,1.1446486171088537,0.2321195383187448,9.226453,-10.661609
596105,754,2200,0.4413636363636363,L,0.2605561277033985,0.7394438722966015,0.2537444933920705,0.6413145539906103,89.0576923076923,104.9,7.412820512820513,,0.4300791556728232,0.3091519434628975,143.0,423.0,143.0,423.0,6.340359303727752,medium,0.0473723156276347,Dwight Smith,L,0.6140171623640956,0.011511532789132802,0.4154749341702867,0.5314275803204949,0.6508442507885274,4.9430647,-0.9518845
596115,755,14903,0.4874186405421727,R,0.2601872246696035,0.7398127753303965,0.2910148674854557,0.6993582589285714,90.31051024858264,106.0,17.654164849542084,69.54466019417475,0.4028841820639928,0.3523870179250407,1010.0,2672.0,1010.0,2672.0,8.211482916445066,high,0.0712069699709491,Trevor Story,R,-0.41693974951962054,-0.5317563821925089,-0.802385552655182,-0.5427979518106246,0.2905753053458856,-14.956223,-7.9762025
596117,756,1216,0.4350328947368421,L,0.2268431001890358,0.7731568998109641,0.2935635792778649,0.5906735751295337,84.49141414141414,99.46,15.964646464646464,66.07589285714286,0.5279187817258884,0.2804786585365854,76.0,252.0,76.0,252.0,5.796057750765372,low,-0.1019283625730994,Garrett Stubbs,L,-1.1656949092698665,0.09065655675806801,0.504766761100901,-0.13165107123396372,-0.8130361280244814,-5.8325853,22.45792
596119,757,2721,0.4729878721058434,L,0.2362082362082361,0.7637917637917638,0.3029861616897305,0.6461424332344213,86.5,102.3,11.361363636363636,,0.4658823529411764,0.2887680115273775,180.0,514.0,180.0,514.0,6.543911845564792,medium,0.0758077388672719,Blake Swihart,L,-0.12138768597910414,0.2811601616998553,0.04765945119767586,0.31593964143939063,-0.5179593084377787,-0.19367294,-3.9869165
596129,758,8424,0.3387939221272554,L,0.2112824106517169,0.7887175893482831,0.196400449943757,0.4978637848705705,90.02608695652174,105.47,14.421195652173912,68.96532663316583,0.4523809523809524,0.3294371993586317,323.0,1548.0,323.0,1548.0,7.534762657037537,medium,0.1337612679098567,Dan Vogelbach,L,1.388651450032223,0.7151154562198091,0.5001821645976,-0.08200371245537931,0.3721216904640149,9.695152,-7.152862
596142,759,11962,0.4450760742350777,R,0.2796769346356123,0.7203230653643877,0.2981862895788503,0.6202346041055719,90.6539393939394,108.66,15.609366391184572,71.2775,0.5240793201133145,0.3305696202531645,766.0,2157.0,766.0,2157.0,7.980707820869669,high,0.0094675868597111,Gary Sánchez,R,0.001584796782106429,-0.1060084517259849,-0.391470008756824,-1.1050675798266036,-0.22444187952806907,-15.83719,-6.1114807
596143,760,1379,0.4945612762871646,L,0.2126099706744868,0.7873900293255132,0.3480741797432239,0.6460176991150443,85.00362903225808,97.83,5.5,,0.4836065573770491,0.2403306010928961,115.0,251.0,115.0,251.0,5.905361848054571,medium,-0.0689393729430105,Luis Sardiñas,L,-0.8188205141474963,0.714891671200019,-0.12176385851716402,-0.00876603802869809,-0.24158388826402796,-1.4919927,14.792078
596144,761,4512,0.4924645390070922,R,0.225022502250225,0.774977497749775,0.297723292469352,0.6921005385996409,88.60558194774346,104.5,13.190023752969122,,0.4371108343711083,0.2934736842105263,336.0,823.0,336.0,823.0,7.05617528410041,medium,0.0611623560724411,Cheslor Cuthbert,R,-0.25826640071709683,-0.13950137244633315,-0.05791219533293566,0.35491913645728246,-0.22425756016222725,8.615411,5.603563
596146,762,14535,0.4516683866529067,L,0.191012947448591,0.808987052551409,0.2475418549030029,0.6708517620202596,89.67451636904762,106.0,14.70610119047619,70.7807453416149,0.5069444444444444,0.3231523834331857,997.0,2842.0,997.0,2842.0,8.253227645581772,high,0.0528291436589854,Max Kepler,L,0.3325895630343098,-0.08092140738432968,-0.019797016902180543,0.046341215845350434,0.25675525219701634,18.597006,-1.7953826
596451,763,2251,0.4482452243447357,L,0.3012884043607532,0.6987115956392468,0.2254025044722719,0.6681376875551632,87.54018987341773,103.45,10.939873417721518,,0.4870967741935484,0.2875488215488215,219.0,375.0,219.0,375.0,6.38856140554563,medium,0.0204848949771689,Roman Quinn,L,-0.4322625778002422,-1.2158400978369308,0.5270204601625206,0.7935016303367303,-0.93917230164645,4.4295425,-16.329618
596748,764,12741,0.5091437092849855,R,0.2218282719284723,0.7781717280715277,0.3257938885560216,0.7109645507007419,88.45029629629629,106.0,11.033678756476684,,0.4595728451563692,0.3011257192174913,898.0,2578.0,898.0,2578.0,8.153925132007862,high,-0.0036844837506328,Maikel Franco,R,1.5077751386066356,0.8341957364066005,0.47528808203534834,-0.3297579408652168,0.323094089074252,10.941234,5.0409875
596816,765,8,0.5,R,0.5,0.5,1.0,0.4285714285714285,,,,,,0.0,0.0,2.0,0.0,2.0,1.0986122886681098,low,,Roberto Gómez,R,0.04393024914453995,0.06351457091536049,0.03299242078849481,-0.016281490533292947,0.05153063789111617,1.534473,-0.06959789
596825,766,776,0.4677835051546392,L,0.4214876033057851,0.5785123966942148,0.2857142857142857,0.6675675675675675,88.148,104.44,18.29,,0.5360824742268041,0.2437806122448979,42.0,154.0,42.0,154.0,5.2832037287379885,low,-0.0537337662337662,Robel García,L,0.05266192988093381,-0.8513608110789037,0.3742430754289757,-0.23186707447350313,-1.0970711831243962,5.255906,-16.63961
596847,767,7748,0.4238513164687661,L,0.273142509135201,0.726857490864799,0.2028668610301263,0.674284140969163,91.23841240875912,105.4,12.66058394160584,69.6562962962963,0.4663594470046083,0.3294825327510917,301.0,1531.0,301.0,1531.0,7.513709247839705,medium,0.0822525481141677,Ji Man Choi,L,-0.7405162502677861,-1.467028872542843,-0.07099183953309282,0.028168869126114555,1.0285929248695203,-9.276068,-12.171273
598265,768,14208,0.4696649774774775,L,0.2820320695339428,0.7179679304660572,0.2653635213050204,0.6743694518810766,89.6066381156317,103.9,9.32933618843683,,0.4973591549295774,0.3043380049464139,975.0,2664.0,975.0,2664.0,8.199738960630786,high,0.0137181288981289,Jackie Bradley,L,-0.4425301603072474,-0.5762093929371328,-0.3138335380425502,0.3210010995340878,-0.09226979030741153,-3.433359,-1.6837705
598284,769,810,0.4975308641975308,R,0.3598014888337468,0.6401985111662531,0.3028846153846153,0.7030456852791879,89.81834862385321,106.66,14.963302752293576,,0.5384615384615384,0.298959595959596,55.0,143.0,55.0,143.0,5.293304824724492,low,0.0447916083916083,Peter O'Brien,R,0.5044428204026613,-0.8441618448064719,-0.23191714833017665,-0.37122702323964546,-0.2052888037411198,11.137325,-15.8984785
599096,770,861,0.4401858304297328,R,0.2744063324538258,0.7255936675461742,0.2217090069284064,0.6612149532710281,85.53214285714286,101.89,20.241071428571427,,0.4537037037037037,0.2916731707317073,65.0,140.0,65.0,140.0,5.327876168789581,low,0.0180274725274725,Dilson Herrera,R,-0.13868022260946872,-0.614407274358769,0.40369822128504135,-0.19055488939536133,-0.5294298322244572,-1.6857083,-15.523628
600301,771,2122,0.4528746465598492,R,0.210197710718002,0.7898022892819979,0.249757045675413,0.6440988106129918,86.47976878612717,103.85,13.046242774566474,70.23783783783783,0.5222551928783383,0.2454640151515151,179.0,349.0,179.0,349.0,6.270988431858299,medium,0.0025773398857069,Taylor Motter,R,-0.10178910966553088,-0.12113313578268867,0.5313619049170264,0.320415721517518,-0.6690038278325341,3.7140274,-15.921478
600303,772,6435,0.4186480186480186,L,0.1299183370452857,0.8700816629547142,0.2338292367399741,0.5895901884534849,87.93376413570275,100.9,13.79886914378029,,0.4848236259228876,0.3264695431472081,259.0,1317.0,259.0,1317.0,7.3632795869630385,medium,0.0519997420134094,Tommy La Stella,L,-0.6186132987696963,0.7271408622252694,1.293604601003765,-0.5126227485378166,0.8120443035560703,13.564283,10.447286
600466,773,83,0.5662650602409639,R,0.4893617021276596,0.5106382978723404,0.4285714285714285,0.7073170731707317,82.26428571428572,98.03,8.285714285714286,,0.5,0.1591363636363636,6.0,16.0,6.0,16.0,3.1354942159291497,low,0.1831458333333333,Raudy Read,R,0.3216585028029179,0.17548060922397513,-0.00771205795385509,0.048797964955908935,-0.49078634784492936,7.201936,1.3319023
600474,774,4982,0.4664793255720594,R,0.2478485370051635,0.7521514629948365,0.2765793528505393,0.6730930427493713,87.06654456654456,105.22,13.218559218559218,,0.49875,0.2937112733171127,447.0,786.0,447.0,786.0,7.1180162044653335,medium,0.0477421059822054,Pedro Severino,R,0.7690328690257112,-0.44051401543115304,0.5850484775302388,-0.5471647506672402,-0.31119879164583253,0.73971015,-4.4122734
600524,775,4729,0.5039120321421019,R,0.2694083088543852,0.7305916911456147,0.3559984368894099,0.6783410138248848,88.57555847568989,106.4,18.407358738501973,,0.4599728629579376,0.3222403100775193,389.0,772.0,389.0,772.0,7.057897937411856,medium,-0.0115844865937637,Renato Núñez,R,-0.16640268768443742,0.33520648273592046,-0.4707562266078708,-1.9637039511961547,0.49348762248669564,-18.812248,1.8894492
600858,776,538,0.5353159851301115,R,0.2152777777777778,0.7847222222222222,0.3784722222222222,0.716,84.03092783505154,98.24,8.814432989690722,,0.3263157894736842,0.2148970588235294,41.0,95.0,41.0,95.0,4.919980925828125,low,0.0511604621309371,Humberto Arteaga,R,-0.9748991302431321,0.5577302916777733,-0.5296755753089609,0.8446144783320075,-0.7093497466224147,2.7132833,15.374722
600869,777,12310,0.4631194151096669,L,0.2324153657253113,0.7675846342746887,0.2858455882352941,0.6632653061224489,88.02475949367089,104.36,13.989367088607596,67.26778711484593,0.4769787894464563,0.3208012545394519,783.0,2246.0,783.0,2246.0,8.016317898503415,high,-0.016611650170759,Jeimer Candelario,L,-0.17238188438643645,0.18083196856229053,-0.03278579366080297,-0.5186403253664997,-0.582625102899558,-4.381726,5.683666
602074,778,3381,0.5066548358473825,R,0.1873905429071803,0.8126094570928196,0.3500856653340948,0.6748466257668712,84.88666666666667,99.8,6.081159420289855,,0.3550724637681159,0.3014039301310043,314.0,602.0,314.0,602.0,6.821107472256465,medium,0.0194520176905008,Yonathan Daza,R,-0.36648949374544054,1.3146417115577598,-0.2654111655991854,0.5999817974314678,-0.07052112693256281,-0.43860787,13.8036
602080,779,34,0.5588235294117647,R,0.2105263157894736,0.7894736842105263,0.3888888888888889,0.75,76.31428571428572,97.14,-12.285714285714286,,0.4285714285714285,0.2722222222222222,2.0,7.0,2.0,7.0,2.302585092994046,low,0.2150714285714285,Erick Castillo,R,0.02842102761959685,0.13479767267964815,-0.20434091625934242,0.06554829203911403,-0.13738370128415808,-0.5536621,3.7232625
602104,780,4447,0.4771756240161907,R,0.2455230914231856,0.7544769085768144,0.2617753623188406,0.6895935685573917,89.28096479791395,104.14,8.31942633637549,69.31025641025641,0.4031620553359684,0.3216275862068966,391.0,769.0,391.0,769.0,7.057036981697891,medium,-0.0315015282078229,Ramón Urías,R,-0.16470928368526971,-0.3132600533841223,-0.27935239548843316,0.6753820972672285,0.8409452787832347,-4.2507157,-0.23076378
602115,781,72,0.6388888888888888,R,0.4782608695652174,0.5217391304347826,0.4473684210526316,0.8529411764705882,90.02000000000001,100.73,7.0,,0.3,0.2106111111111111,5.0,13.0,5.0,13.0,2.9444389791664403,low,-0.0479230769230769,Gabriel Guerrero,R,0.24913743259661145,0.000559053217731101,-0.525119286025793,0.16612911750597745,-0.26887705321143796,14.20484,-10.768585
602922,782,1582,0.4671302149178255,R,0.2368064952638701,0.7631935047361299,0.2921914357682619,0.6434010152284264,86.10894941634241,102.3,11.84046692607004,,0.4717741935483871,0.273377308707124,167.0,212.0,167.0,212.0,5.940171252720432,medium,0.087127923398486,José Rondón,R,-0.2473963669003051,0.4140078659043283,-0.5018725669582544,-0.2827388210281685,0.41746527239381864,-17.76037,11.159314
605113,783,11294,0.4953957853727643,R,0.2303842716711349,0.769615728328865,0.3021048999309869,0.6991633321207712,86.84650205761316,101.2,10.19021490626429,68.22363636363637,0.4238625812441968,0.2869105452171074,968.0,2095.0,968.0,2095.0,8.027476530860483,high,0.0468877704688455,Nick Ahmed,R,0.5550703190386217,0.553516532160774,0.6018238132816527,-0.46654595686682737,-0.24773739923884472,-19.33848,9.864053
605119,784,9825,0.4826463104325699,R,0.2646562631800928,0.7353437368199072,0.2785871083616045,0.695056086414624,89.10284829721363,104.6,9.480495356037151,70.63000000000001,0.3749200255918106,0.3225708035003977,612.0,1902.0,612.0,1902.0,7.83002808253384,high,-0.0290277468505804,Brian Anderson,R,0.26166095677740536,-0.31189390756903884,-0.3092414657711106,0.5455892771566044,0.6940904883349623,3.8009188,1.9806933
605125,785,2833,0.4691140134133427,L,0.2272385252069224,0.7727614747930776,0.2809139784946236,0.6773234200743494,86.78849372384937,103.03,15.690376569037657,,0.5216450216450217,0.2803415300546448,115.0,617.0,115.0,617.0,6.597145701886651,medium,0.0172312310619406,Cody Asche,L,0.01919647973511973,-0.038198647312195765,0.2729130623260946,-0.2373239493562504,-0.421016378504268,1.395515,7.0819335
605131,786,6154,0.4041273968150796,R,0.1865701648572577,0.8134298351427423,0.180890853451207,0.6084656084656085,86.92714285714287,102.5,11.486734693877551,66.86428571428571,0.4052631578947368,0.2965525974025974,586.0,954.0,586.0,954.0,7.340186835320115,high,0.0080194295976703,Austin Barnes,R,-1.7015484992747079,-0.7737955766516492,0.16211778334211774,0.7294254030280849,0.005194363424653993,-18.281382,-12.9785
605137,787,15868,0.4568313587093521,L,0.2236170506276728,0.7763829493723272,0.2523630565994761,0.7101735572174404,90.23967848008768,106.64,8.669345999269273,70.77788279773156,0.4328247115742463,0.341551793328317,1122.0,2865.0,1122.0,2865.0,8.291045131081729,high,0.0095455320062342,Josh Bell,L,2.079623325880792,-0.03011979122161576,-0.04822406253116508,0.26322124750168174,1.0070962375923138,10.269637,-2.2758822
605141,788,21889,0.3917035954132212,R,0.1404245393048752,0.8595754606951248,0.1978531792959156,0.5872797356828194,90.5624266144814,104.1,17.04207436399217,68.85094786729857,0.4485957873620863,0.3817313974591652,1350.0,4160.0,1350.0,4160.0,8.614501373883236,high,0.009832459045584,Mookie Betts,R,-1.4116062446473359,-0.20313565580182463,1.0478931901345763,-0.3857441935907355,0.7779986774051145,-18.28191,-11.959838
605170,789,6025,0.4429875518672199,L,0.2101910828025477,0.7898089171974523,0.2439423706614276,0.6475934028946483,89.4675572519084,105.6,7.405534351145038,70.76898734177215,0.3998063891577928,0.2961045542014112,401.0,1158.0,401.0,1158.0,7.352441100243583,medium,0.0094606898126015,Víctor Caratini,L,0.8839261972090323,0.2942829259708016,0.39130417503962855,0.4583936704549447,0.42033722652667427,-14.3228445,1.2824712
605183,790,172,0.5058139534883721,R,0.264367816091954,0.735632183908046,0.3333333333333333,0.6704545454545454,90.42777777777778,103.25,4.444444444444445,,0.4444444444444444,0.285438596491228,27.0,30.0,27.0,30.0,4.060443010546419,low,0.2934555555555556,Jason Coats,R,0.5184131444961795,0.5711039601774678,-0.36904372431246957,0.5567568140248109,-0.020414795638077916,13.904032,0.5122217
605196,791,393,0.55470737913486,R,0.3853211009174312,0.6146788990825688,0.4203539823008849,0.7365269461077845,89.35370370370372,105.85,18.53703703703704,,0.4528301886792453,0.2776632653061224,31.0,67.0,31.0,67.0,4.59511985013459,low,-0.1081709195955705,Kevin Cron,R,0.5829886413679257,0.2704748331111118,-0.27394423848229127,-0.9562772296916624,-0.7551356124185885,6.425962,1.8192679
605204,792,7853,0.50248312746721,R,0.3137354282818043,0.6862645717181957,0.2571283095723014,0.7480254777070063,90.90814630091438,106.7,8.99168744804655,70.69736263736263,0.4089754445385267,0.3353013144590495,706.0,1272.0,706.0,1272.0,7.590346945602565,high,-0.000862817806047,J. D. Davis,R,-0.6437954755671128,-1.5489968685175166,-0.9267157307408346,0.6119040252433448,-0.31087895250090286,-10.386479,-16.88117
605227,793,941,0.4718384697130712,R,0.2702702702702703,0.7297297297297297,0.3091286307053942,0.6427015250544662,87.01849315068493,101.65,12.404109589041097,,0.4125874125874126,0.2133833333333333,86.0,154.0,86.0,154.0,5.484796933490655,low,0.0457209302325581,Taylor Featherston,R,0.09821370801256721,0.041316497415581646,0.30722764438424,-0.1649264087997569,-0.05049526788386954,1.6687561,-4.487586
605233,794,1863,0.3848631239935587,L,0.3375174337517433,0.6624825662482566,0.174757281553398,0.592948717948718,91.09626556016596,107.8,6.941908713692946,,0.4824561403508772,0.2864451612903226,113.0,352.0,113.0,352.0,6.144185634125646,medium,-0.0570576226870475,Derek Fisher,L,0.4421760140108784,-0.9408139215550683,-0.2950612964802495,0.9540366556415992,-0.21651422468074988,10.185336,-10.199843
605244,795,1243,0.5164923572003218,R,0.3006230529595015,0.6993769470404985,0.3410493827160494,0.7075630252100841,87.71505376344086,102.6,16.4247311827957,,0.4216216216216216,0.2545269841269841,100.0,215.0,100.0,215.0,5.755742213586912,low,0.0173513953488372,Aramis Garcia,R,-0.6772570760056446,-0.40824320375752343,-0.06490579992915041,-0.334672124579414,-0.44511308836646574,-10.570066,-8.245226
605253,796,310,0.4161290322580645,R,0.2945736434108527,0.7054263565891473,0.2147651006711409,0.6024844720496895,84.22195121951219,96.5,9.21951219512195,,0.4,0.2630121951219512,31.0,51.0,31.0,51.0,4.418840607796598,low,0.1818222643896268,Terrance Gore,R,-0.5806663960478179,-0.4866089834826959,0.5953534653382122,0.11007779471377308,0.15293261021643903,-5.767664,-7.052885
605323,797,165,0.4363636363636363,L,0.4166666666666666,0.5833333333333334,0.2222222222222222,0.6933333333333334,87.96000000000001,101.19,14.4,,0.6,0.2109743589743589,4.0,35.0,4.0,35.0,3.688879454113936,low,-0.0103357142857142,Kyle Kubitza,L,0.04655951788777832,-0.726760544710881,0.2719247428977722,0.18429544773743972,-0.3699719926707468,4.929475,-16.654333
605346,798,45,0.6222222222222222,R,0.5,0.5,0.56,0.7,84.98571428571428,91.32,18.857142857142858,,0.2857142857142857,0.2268571428571428,2.0,12.0,2.0,12.0,2.70805020110221,low,-0.2646666666666666,Jack López,R,-0.08349145660243895,-0.09290224705600378,-0.24406278402863638,-0.15358175809631186,-0.1736769700388394,-4.801525,1.7393868
605353,799,1386,0.4574314574314574,L,0.1813880126182965,0.8186119873817035,0.2645429362880886,0.6671686746987951,89.46547619047618,102.6,9.07936507936508,,0.3214285714285714,0.2536657381615599,39.0,320.0,39.0,320.0,5.886104031450156,low,-0.0324491185897435,Vimael Machín,L,-0.8913579646209455,-0.010389768886536387,-0.2658007941779617,0.6828068671206303,0.9761387327211039,-19.241877,-4.9439106
605357,800,124,0.5161290322580645,R,0.265625,0.734375,0.196078431372549,0.7397260273972602,88.22068965517242,104.88,10.10344827586207,,0.3571428571428571,0.2423684210526316,9.0,29.0,9.0,29.0,3.6635616461296463,low,0.3531647509578545,Mike Marjama,R,0.15742551669401186,-0.2544395423406411,-0.14868206701235467,-0.2226967687886615,-0.17089279902679344,-2.5169995,-1.1818168
605361,801,1714,0.411318553092182,L,0.1617021276595744,0.8382978723404255,0.2204176334106728,0.6044600938967136,88.65018587360595,102.1,9.617100371747211,69.31736111111111,0.3893129770992366,0.3369048780487805,51.0,359.0,51.0,359.0,6.018593214496234,low,0.1682894205035775,Nick Martini,L,-0.7406595935583544,0.2784537750569554,-0.4051895071803079,0.31271485836925217,0.8662544711478108,-6.224161,15.133369
605412,802,10580,0.422117202268431,L,0.1052395879982086,0.8947604120017913,0.214246272777471,0.6415387604429765,86.29179206566347,100.0,11.461468308253536,,0.4162833486660534,0.3044558189655172,744.0,2040.0,744.0,2040.0,7.932003152361385,high,0.0246383143580012,Joe Panik,L,-0.23489241580679548,0.7391220074685239,0.8825323391441547,0.5523331556164912,0.6222383175945674,5.613276,12.524831
605421,803,2332,0.4566895368782161,L,0.2647887323943662,0.7352112676056338,0.2805695142378559,0.6414762741652021,87.65425531914893,101.8,14.351063829787234,71.9,0.4851752021563342,0.2448590604026845,100.0,496.0,100.0,496.0,6.391917113392602,low,-0.0646238709677419,Michael Pérez,L,0.2762304213588861,-0.10919609276138673,0.7715142620674736,0.08195082896570292,-0.4460723492244475,9.392697,0.6761932
605439,804,173,0.4508670520231214,R,0.3589743589743589,0.6410256410256411,0.2567567567567567,0.5959595959595959,83.15416666666667,100.81,0.4166666666666667,,0.375,0.1953555555555555,17.0,28.0,17.0,28.0,3.828641396489095,low,-0.0468949579831932,Michael Reed,R,0.1257428960389101,-0.47966316038820395,0.1394362689699253,0.763333766401835,-0.08278574040704165,9.702063,-10.957073
605474,805,381,0.4251968503937008,L,0.2962962962962963,0.7037037037037037,0.2265193370165746,0.605,82.734,99.98000000000002,19.82,,0.2708333333333333,0.2553225806451613,10.0,83.0,10.0,83.0,4.543294782270004,low,0.0911204819277108,Matt Skole,L,0.5177256458258345,-0.4061837959183247,0.35015506625572257,0.3793603865286622,0.0006958010117574199,5.3090777,-11.514733
605480,806,6139,0.479068252158332,L,0.2621557293437606,0.7378442706562394,0.26084121291164,0.6969401041666666,84.76970837253057,99.08,5.025399811853245,,0.3879565646594274,0.3013371951219512,379.0,1261.0,379.0,1261.0,7.403061091090091,medium,0.0168893620048586,Mallex Smith,L,-0.6609710494776483,-0.16886037970300383,-0.061902050204799206,0.2616286016989088,0.26815348394182864,-9.030344,15.932648
605486,807,4800,0.4789583333333333,L,0.2675076120052196,0.7324923879947803,0.3073852295409182,0.6662309368191721,87.23087855297157,102.2,7.062015503875969,,0.4413333333333333,0.3044706790123457,297.0,999.0,297.0,999.0,7.167809184316444,medium,0.0706559286559286,Cory Spangenberg,L,-0.21923659831403608,-0.13784721598177155,-0.5620818485981439,-0.14103605373476985,0.13653446933604993,-12.20326,-2.6464763
605490,808,932,0.4935622317596566,R,0.3065217391304348,0.6934782608695652,0.3180873180873181,0.6807095343680709,82.270625,99.41,11.26875,,0.4810126582278481,0.2365961538461538,86.0,174.0,86.0,174.0,5.564520407322694,low,-0.0561434108527131,Bubba Starling,R,0.5447694246788666,0.0582428373662544,0.732369792076052,-0.5289097929326279,-0.35532442675284603,-17.326794,-1.38483
605504,809,92,0.4565217391304347,L,0.5,0.5,0.3181818181818182,0.5833333333333334,85.48571428571428,100.84,4.285714285714286,,0.5714285714285714,0.1678695652173913,6.0,17.0,6.0,17.0,3.1780538303479458,low,0.0289117647058823,Dillon Thomas,L,-0.000989470899690288,-0.31456017378083995,0.06139701339848022,0.10355783024828707,-0.14843798424266624,1.7335819,-12.75535
605508,810,1024,0.4931640625,L,0.19009900990099,0.80990099009901,0.3047808764940239,0.6743295019157088,83.67875647668394,100.8,2.383419689119171,,0.4108108108108108,0.2684239130434782,43.0,233.0,43.0,233.0,5.6240175061873385,low,0.1215465615330871,Charlie Tilson,L,0.5051525244444992,0.8143686931815844,-0.4377376691346907,0.6611055838687039,0.5154701209039871,-0.29626358,8.748581
605509,811,2530,0.4660079051383399,R,0.196776929601357,0.8032230703986429,0.253839935327405,0.6689868522815159,84.89558498896247,98.66,4.730684326710817,,0.2834467120181406,0.2940779411764706,306.0,374.0,306.0,374.0,6.523562306149512,medium,0.0293770053475935,Kelby Tomlinson,R,-0.7247544937551398,0.2275893670876621,-0.25840941693344976,1.7191035263248913,-0.23248221270919275,9.013969,18.135275
605512,812,2565,0.4974658869395711,L,0.2515673981191222,0.7484326018808778,0.2784522003034901,0.7289494787489976,89.87573696145124,106.2,11.528344671201816,,0.4883720930232558,0.2970721966205837,106.0,545.0,106.0,545.0,6.480044561926653,low,0.1211922970399861,Preston Tucker,L,-0.45239610569589006,-0.6002371267404768,-1.123443912046372,0.13303218720958487,-0.10429161480598823,-12.006527,0.18345842
605520,813,93,0.4408602150537634,L,0.5365853658536586,0.4634146341463415,0.2708333333333333,0.6222222222222222,83.175,88.26,12.75,,0.75,0.1624285714285714,2.0,19.0,2.0,19.0,3.091042453358316,low,0.1795263157894736,Mitch Walding,L,0.17512135935443662,-0.5083584269344807,-0.20346663906776935,0.028108598827394124,-0.5135893459782837,6.6173325,-17.3887
605548,814,3685,0.4567164179104477,L,0.3285799168152109,0.6714200831847891,0.2329941081949652,0.6864686468646864,89.10987903225806,107.75,7.88508064516129,,0.406570841889117,0.2807235354573484,246.0,727.0,246.0,727.0,6.881411303642535,medium,0.0360762740295903,Bradley Zimmer,L,0.8270354844024058,-0.7492315811726963,-0.9065421464360768,0.8710190180582117,-0.16467890596072132,10.216413,-9.906052
605612,815,5339,0.548417306611725,L,0.2250683060109289,0.774931693989071,0.4096728307254623,0.7028096557182429,87.35735294117647,100.6,10.070772058823527,65.33414634146341,0.3804247460757156,0.2896438263229308,212.0,1262.0,212.0,1262.0,7.29641326877392,medium,0.071657626409114,Harold Castro,L,-0.30389328115746134,1.1140555147546782,-0.3053350436528465,-0.16842996739089527,-0.407489910140351,-1.0518405,14.225168
606019,816,180,0.4166666666666667,L,0.2266666666666666,0.7733333333333333,0.2087912087912088,0.6292134831460674,81.58,98.41,11.3,,0.4482758620689655,0.3026086956521739,7.0,39.0,7.0,39.0,3.8501476017100584,low,-0.206029304029304,Esteban Quiroz,L,-1.2269448127658271,0.2647903198198392,-0.2050667495451231,-0.020487527235240974,0.24613847935328154,-7.979213,17.855865
606115,817,10195,0.4942618930848455,R,0.2411192696963683,0.7588807303036317,0.3090979782270606,0.6828350821619481,87.5506694129763,102.6,6.698559670781893,68.97429906542057,0.4071504802561366,0.2927660125879304,661.0,2040.0,661.0,2040.0,7.901747518520144,high,0.0259709464269822,Orlando Arcia,R,0.11009419399528643,0.3760319488453653,0.03793355246956286,-0.05895237689829282,-0.2958875337770816,2.456599,3.777876
606132,818,7423,0.5407517176343797,L,0.1983059292476332,0.8016940707523668,0.3833504624871531,0.7142452563013311,85.99509738079247,101.9,3.0879194630872484,70.52978723404256,0.3692411924119241,0.3054885685884692,458.0,1554.0,458.0,1554.0,7.607381425639791,high,0.0215234020670702,Raimel Tapia,L,-0.5555138816905635,1.1833652350480788,-1.3933916521455338,0.16408014281076302,-0.06786231784384439,-10.177453,10.958263
606157,819,3006,0.5256154357950765,R,0.3531645569620253,0.6468354430379747,0.3573127229488704,0.7394259818731118,86.93882352941176,106.36,18.65962441314554,,0.5120772946859904,0.3048245382585752,284.0,474.0,284.0,474.0,6.63200177739563,medium,-0.0209082278481012,Aristides Aquino,R,1.1303119172556708,-0.36091660654033014,-0.41640796791162066,-1.4797883835349728,-0.241286087542985,13.714896,-2.0506144
606192,820,12766,0.499138336205546,R,0.3265850596359071,0.6734149403640929,0.2995495495495495,0.716835899115624,91.649069884364,107.5,13.87430869783811,72.20837520938024,0.4136690647482014,0.3402347798938495,838.0,2365.0,838.0,2365.0,8.07215530818825,high,0.0400566989762193,Teoscar Hernández,R,0.7325521992726093,-0.7131473632194518,-0.4501135994550325,-0.110082554777512,0.3974248304202003,14.803651,-5.280073
606213,821,1442,0.5270457697642164,R,0.2078947368421052,0.7921052631578948,0.3859649122807017,0.7018633540372671,87.2566265060241,103.6,17.903614457831324,,0.3548387096774194,0.3126927536231884,125.0,220.0,125.0,220.0,5.846438775057725,medium,0.0599849090909091,Yermín Mercedes,R,-1.201039332869298,0.9365398909179802,-0.832748473629392,-1.170162972298904,-0.01844016732904792,-8.695645,13.229905
606299,822,7243,0.5113903078834737,R,0.1436285097192224,0.8563714902807775,0.3392370572207084,0.6882171844388469,84.73024911032029,100.2,14.676156583629894,,0.3467741935483871,0.2940532461466604,641.0,1500.0,641.0,1500.0,7.669495251007694,high,0.017873663026521,José Peraza,R,-0.021999190272286348,1.2344535613104664,0.3235284693505402,-0.1679221937298354,-0.24087152372174242,2.1830504,16.43945
606336,823,28,0.4642857142857143,R,0.1538461538461538,0.8461538461538461,0.2666666666666666,0.6923076923076923,82.875,87.21,39.5,,0.25,0.2244285714285714,3.0,4.0,3.0,4.0,2.0794415416798357,low,0.0109166666666666,Luis Marté,R,-0.08894636859844483,0.1321516133313515,0.009032848719225788,-0.21243964023488002,-0.08508508533097835,-2.813025,2.638774
606466,824,14864,0.4609795479009688,L,0.1685639229422066,0.8314360770577933,0.2672154710571018,0.6666204409929275,89.2404335856848,105.8,9.534755677907777,71.52245322245322,0.456415620641562,0.341458661918087,1229.0,2702.0,1229.0,2702.0,8.276903481267057,high,-0.0384336871280593,Ketel Marte,L,0.5157136165581131,0.7561872949605112,0.17961144605385998,-0.5386237990937065,0.8385307333127351,-11.846468,4.0247016
606956,825,110,0.4272727272727272,R,0.3191489361702128,0.6808510638297872,0.2678571428571428,0.5925925925925926,81.03846153846153,105.6,16.307692307692307,,0.3076923076923077,0.25828,15.0,10.0,15.0,10.0,3.258096538021482,low,-0.0078666666666666,Ryan Court,R,-0.26146401274882836,-0.46396121534407875,-0.26625213500459666,0.10887926186188894,-0.06115136882329503,-7.523762,-10.280883
606988,826,1908,0.4523060796645702,R,0.3163383545770567,0.6836616454229433,0.2811244979919678,0.6392543859649122,87.09713261648746,103.74,13.724014336917564,,0.4111111111111111,0.2578033126293996,100.0,383.0,100.0,383.0,6.182084906716632,low,0.0291649869451697,Grayson Greiner,R,0.39201439849815906,-0.5435669131446134,0.24425778080202656,0.36880024211536644,-0.5198370753248424,4.8115916,-12.445091
606992,827,4250,0.5087058823529412,R,0.3191489361702128,0.6808510638297872,0.3328840970350404,0.7020750988142292,88.40584795321637,105.6,15.601459854014598,71.2208,0.4631268436578171,0.2879311627906977,344.0,731.0,344.0,731.0,6.98100574072173,medium,0.0254988030095759,Eric Haase,R,-0.42573257909800816,-0.27900016535611627,-0.6171437120689932,-0.21484128308170908,-0.9354941815833653,-12.571508,-8.010751
606993,828,384,0.4479166666666667,R,0.3197674418604651,0.6802325581395349,0.2903225806451613,0.6526946107784432,82.3275,98.94,11.2,,0.375,0.2531704545454545,40.0,48.0,40.0,48.0,4.48863636973214,low,0.0353458333333333,Jake Hager,R,-0.12226830037673515,-0.3016890033980418,0.2681216684511182,0.4145095760381157,-0.5307863866603639,4.6183224,-13.820644
606995,829,10,0.2,R,1.0,0.0,0.1428571428571428,0.3333333333333333,,,,,,0.0,0.0,2.0,0.0,2.0,1.0986122886681098,low,,Justin Hancock,R,0.0607792486998102,-0.011843624649955689,-0.032464565592621675,0.029890868063498915,0.02481063271068509,0.7678393,-0.7936207
607043,830,12736,0.4149654522613065,L,0.2064333017975401,0.7935666982024598,0.1824747231584015,0.637663335895465,89.79393294305481,104.8,9.424693986162852,71.13612244897959,0.4184281842818428,0.361577872900889,904.0,2133.0,904.0,2133.0,8.018954683155718,high,0.0293967603483397,Brandon Nimmo,L,0.13989458192853638,-0.8492056671193281,-0.536959895136263,1.477266117704868,0.8940978020820067,-13.481441,-1.0480299
607054,831,10997,0.41047558425025,L,0.2272928666371289,0.7727071333628711,0.2251690993236027,0.6040156162855549,87.43288629737609,102.1,9.451895043731778,65.7066371681416,0.4434470377019748,0.2949212598425196,406.0,2261.0,406.0,2261.0,7.889084407035514,medium,0.0524675608900547,Jace Peterson,L,-0.1406466862657153,-0.24170472481364005,0.4880488162116906,0.8872792434691642,0.30445962005097954,-7.563001,-4.880425
607111,832,85,0.3647058823529411,R,0.1612903225806451,0.8387096774193549,0.0697674418604651,0.6666666666666666,81.7,102.62,11.117647058823527,,0.3125,0.2086190476190476,11.0,10.0,11.0,10.0,3.091042453358316,low,-0.270290909090909,Jacob Wilson,R,-0.11301986952784522,-0.23414500121396134,0.5597419021894198,0.24969408531847187,0.24248484055141833,1.8201088,-8.548407
607208,833,17092,0.4792300491457992,R,0.2278110120864362,0.7721889879135637,0.2866004962779156,0.6868465840019451,89.52705148205929,105.0,10.279164067373674,70.98855098389981,0.4156339370829361,0.3552754870865428,1107.0,3307.0,1107.0,3307.0,8.392763113038061,high,0.0114689587032953,Trea Turner,R,0.6357537243243222,0.278238115328035,0.25364199457669073,0.8593748161402192,-0.06683445509644449,21.128515,-1.5889738
607223,834,787,0.4472681067344345,L,0.3210227272727273,0.6789772727272727,0.2524271844660194,0.6613333333333333,88.2451923076923,103.61,13.615384615384617,,0.4411764705882353,0.2188492462311558,23.0,176.0,23.0,176.0,5.298317366548036,low,0.0935778162055336,A. J. Reed,L,0.9673218549936258,-0.3290068214684276,0.06962479848325347,-0.1145702099681607,-0.8001749515070886,7.741154,-17.295328
607249,835,41,0.3170731707317073,L,0.1538461538461538,0.8461538461538461,0.238095238095238,0.4,94.52,102.92,9.0,,0.4,0.2262,1.0,9.0,1.0,9.0,2.3978952727983707,low,-0.5142222222222221,Jason Krizan,L,-0.15872754243027468,-0.1495420917733442,0.03513672316482294,0.15319932436460437,0.24453144102752644,-4.287654,-1.2400491
607257,836,723,0.4619640387275242,L,0.3203592814371258,0.6796407185628742,0.2436974789915966,0.674863387978142,86.28617021276595,99.57,18.29787234042553,,0.4516129032258064,0.257207650273224,28.0,155.0,28.0,155.0,5.214935757608986,low,0.0308576036866359,Rafael Lopez,L,-0.804571425907342,-0.8471701207040528,-0.15095835705102992,-0.2902699729121175,-0.028091975398909945,-11.917518,-4.5309653
607297,837,30,0.4666666666666667,R,0.3571428571428571,0.6428571428571429,0.375,0.5714285714285714,88.36,94.88,41.8,,0.0,0.1962499999999999,5.0,3.0,5.0,3.0,2.1972245773362196,low,-0.0555999999999999,O'Koyea Dickson,R,-0.03925376534050658,0.2736006722902578,-0.08365655444350271,-0.1887778895829427,-0.006252882225544926,-2.1356618,3.6835465
607333,838,257,0.4357976653696498,L,0.3125,0.6875,0.2137404580152671,0.6666666666666666,86.965625,99.74,7.53125,,0.5,0.2257118644067796,11.0,48.0,11.0,48.0,4.0943445622221,low,0.1189867424242424,Beau Taylor,L,-0.2486543612580469,-0.4270086781327818,0.10400160342705334,0.18802275753979583,0.2663388558073849,-7.033152,-5.6669574
607345,839,3115,0.5046548956661316,R,0.188295165394402,0.811704834605598,0.3209635416666667,0.6833438885370487,87.46772655007949,102.7,4.087440381558029,,0.3652597402597403,0.2927559241706161,309.0,535.0,309.0,535.0,6.739336627357174,medium,0.0380323019689683,Kevan Smith,R,0.2549375610422789,0.628552055379872,-0.03518523281687054,0.10650707871996744,0.8801974895579456,-10.424337,1.641525
607369,840,246,0.3943089430894309,R,0.2783505154639175,0.7216494845360825,0.1578947368421052,0.5984848484848485,84.11071428571428,102.96,10.285714285714286,,0.5357142857142857,0.2477457627118643,26.0,33.0,26.0,33.0,4.0943445622221,low,0.0912237762237762,Travis Taijeron,R,-0.0080679189945224,-0.3920191201427443,0.2718842021115633,0.05577821953174854,-0.10438383832524882,-0.8560908,-14.184513
607385,841,2031,0.483998030526834,L,0.2360122075279755,0.7639877924720244,0.2813397129186603,0.6987829614604463,89.05486725663717,104.1,14.882005899705014,,0.4645161290322581,0.2970456273764258,55.0,471.0,55.0,471.0,6.267200548541362,low,0.1179009457633661,Tyler Collins,L,-0.07049862707081932,-0.48957817958378747,-0.2083028290722567,-0.729516265417024,-0.2090784686068909,-4.3680706,-11.194183
607387,842,2503,0.4606472233320016,R,0.3026886383347789,0.6973113616652211,0.2894098625707356,0.6279620853080569,88.80053191489361,106.9,11.11436170212766,,0.4468664850136239,0.2854446177847113,303.0,338.0,303.0,338.0,6.464588303689961,medium,0.0416109906848673,Ryan Rua,R,-0.05718234550027829,-0.4996383941408295,-0.76047572121138,0.06474324040417147,-0.43450391460484183,-6.3035226,-11.425651
607430,843,305,0.4327868852459016,R,0.2272727272727273,0.7727272727272727,0.2432432432432432,0.6114649681528662,83.42,96.68,17.555555555555557,,0.3333333333333333,0.2491621621621621,35.0,39.0,35.0,39.0,4.31748811353631,low,-0.0441113553113553,John Andreoli,R,-0.6644349599945504,-0.11334592630285571,-0.12181296687935945,0.6455607467277807,-0.09006338488929735,14.331266,15.406819
607461,844,2484,0.4629629629629629,L,0.1817391304347826,0.8182608695652174,0.2846094354215004,0.6565910999160369,87.49714285714285,103.31,10.46122448979592,66.41192660550459,0.4762886597938144,0.3115988112927191,72.0,601.0,72.0,601.0,6.513230110912307,low,0.0517614392678868,Matt Beaty,L,1.216684160910191,1.0222596775618797,0.16885916038194348,0.324703891165836,-0.24314862865664502,11.550662,3.3574095
607468,845,1153,0.3408499566348655,R,0.2061068702290076,0.7938931297709924,0.1340579710144927,0.5307820299500832,87.16092715231788,102.5,11.066225165562914,,0.3260869565217391,0.2896594202898551,97.0,179.0,97.0,179.0,5.6240175061873385,low,0.0078531359788055,Alex Blandino,R,-0.28476824173422327,-0.6870631635167777,0.7962272551492038,0.6976973807506979,0.45322183520705595,11.894571,12.582737
607471,846,232,0.4439655172413793,R,0.2718446601941747,0.7281553398058253,0.2477064220183486,0.6178861788617886,84.41851851851852,101.58,10.444444444444445,,0.391304347826087,0.31216,17.0,33.0,17.0,33.0,3.9318256327243257,low,-0.0819714795008912,Christopher Bostick,R,0.2618737815984433,0.20950444464352913,0.2928927556392455,0.1598719570120548,-0.14713698263245426,8.583979,5.712749
607680,847,13514,0.529006955749593,R,0.1912155546230242,0.8087844453769758,0.3959054209919261,0.6693523867436911,86.53160781624958,103.2,14.553993829276656,69.08020833333333,0.4372542009295674,0.301568349106204,1105.0,2699.0,1105.0,2699.0,8.244071270295786,high,0.0322161665372963,Kevin Pillar,R,0.36685394207871,1.4914534532238772,0.40010416813542,-0.8080371331060002,-0.27853276191807536,3.5111141,17.696861
607732,848,5850,0.4300854700854701,R,0.2182034976152623,0.7817965023847376,0.2481943532501641,0.6276747503566333,88.1305389221557,101.6,11.18824701195219,65.00046728971962,0.3906093906093906,0.2866490993995997,381.0,1118.0,381.0,1118.0,7.313220387090301,medium,0.0138537203198437,Jacob Stallings,R,0.5589032617355747,-0.02588505793129977,0.8951443731104257,0.029140394559960054,0.5033251657317077,-0.31298402,-9.851718
607752,849,1146,0.4703315881326352,R,0.222634508348794,0.7773654916512059,0.28,0.6619964973730298,88.75187165775401,105.18,7.160427807486631,,0.3461538461538461,0.2811195652173913,167.0,109.0,167.0,109.0,5.6240175061873385,low,0.0626057792671537,Sam Travis,R,0.27154884650489236,0.20767559164404822,-0.6699478080222793,1.000087451852525,0.4126784874553773,5.505419,5.595846
607776,850,2011,0.4917951268025858,R,0.320525783619818,0.679474216380182,0.3089509143407122,0.6872427983539094,87.56701030927834,106.6,7.347079037800687,,0.475,0.2761348547717842,171.0,311.0,171.0,311.0,6.180016653652572,medium,0.0120265696395329,Mac Williamson,R,0.028794353311108474,-0.23365844125335167,-0.47992074919552247,0.24942698283031614,-0.47757407951787034,-5.231455,-12.456896
608061,851,1176,0.5331632653061225,R,0.1977671451355661,0.8022328548644339,0.3604651162790697,0.7142857142857143,84.80654545454546,100.54,14.007272727272728,,0.4242424242424242,0.3326909620991253,89.0,254.0,89.0,254.0,5.840641657373398,low,-0.0992993895425993,T. J. Rivera,R,-0.7702437058065225,0.7960587107716816,0.5655315536659031,-0.7139735540267562,-0.18022397946127872,-1.3995768,17.091475
608070,852,20607,0.4304847867229582,L,0.1299740728215533,0.8700259271784466,0.2445917334069778,0.6377257799671593,88.73021047227927,103.45,17.486784706184245,68.86893203883496,0.5209817893903405,0.3627138040460134,1543.0,3499.0,1543.0,3499.0,8.525756422076725,high,0.0188087986253641,José Ramírez,L,-0.758140467968581,0.6054398102944394,0.992452486883019,-0.672677786883662,0.22829885337089573,-16.670479,16.596395
608324,853,16398,0.3940724478594951,R,0.1375735066542865,0.8624264933457134,0.1876606683804627,0.6193877551020408,88.7359059291156,102.1,17.721762172904935,68.7970401691332,0.4741557546519642,0.3681536806883365,1255.0,2929.0,1255.0,2929.0,8.339261982923576,high,0.0087553847430354,Alex Bregman,R,-1.2568552654841556,-0.4648523615356429,1.1887530290309463,-0.019109471718956134,0.6015338523841262,-4.226587,-16.432621
608325,854,319,0.5266457680250783,R,0.1964285714285714,0.8035714285714286,0.3975155279503105,0.6582278481012658,81.0209677419355,98.19,15.82258064516129,,0.5084745762711864,0.2483181818181818,31.0,57.0,31.0,57.0,4.48863636973214,low,0.1977702320316921,Gavin Cecchini,R,-0.22035619210011423,0.7460417800557868,0.3047318877367842,-0.14464148808362148,-0.5352053901426148,2.6713817,17.167187
608336,855,13147,0.4506731573743059,L,0.3983122362869198,0.6016877637130802,0.2481558803061934,0.6947333109694733,92.46488764044943,109.77,23.047752808988765,72.34939759036145,0.5390796201607012,0.3367664958360025,870.0,2252.0,870.0,2252.0,8.046549357283078,high,0.0107031348890386,Joey Gallo,L,1.1386662304042612,-1.739842190152849,-0.25943478680106213,-0.7628428294451538,-0.9639442140505061,7.559015,-18.794622
608339,856,66,0.4242424242424242,R,0.5,0.5,0.2926829268292683,0.64,90.425,103.14,6.875,,0.5,0.2166875,12.0,4.0,12.0,4.0,2.833213344056216,low,0.2889166666666666,Zach Green,R,0.04216382833634671,-0.09189574042461095,0.02201527376997289,-0.001518598259663469,-0.3232236776941848,0.45356143,-1.6433531
608348,857,5996,0.4302868579052701,R,0.215891472868217,0.7841085271317829,0.230535894843276,0.6259491581379993,87.54815184815185,102.8,15.112887112887114,69.11084337349398,0.4114636642784032,0.2947484745762712,483.0,992.0,483.0,992.0,7.297091005160418,high,0.0733334439491084,Carson Kelly,R,0.25504455797779696,0.17170989917366095,0.42714475799968904,0.18922830451598938,0.29669030461842055,6.378806,8.745706
608360,858,54,0.4629629629629629,R,0.28,0.72,0.4615384615384615,0.4642857142857143,86.21428571428571,95.24,16.0,,0.2857142857142857,0.1658666666666666,6.0,9.0,6.0,9.0,2.772588722239781,low,-0.2764444444444444,Chris Okey,R,0.01210084028560806,-0.04457574969503972,-0.0008266239992192105,-0.09212050226717967,-0.020083626435220013,0.112431176,-3.2297442
608365,859,8699,0.4872973905046557,R,0.2689313517338995,0.7310686482661005,0.2843644544431946,0.6993417959567466,87.18471645919779,101.7,13.73997233748271,,0.4092219020172911,0.3038284671532846,562.0,1630.0,562.0,1630.0,7.693025748417888,high,0.0082204222430845,Addison Russell,R,-0.4228418864642778,-0.6120657469252183,0.2110438197323728,-0.1420750935600084,0.1263255821422774,-1.8039879,-6.2163706
608369,860,13819,0.5270280049207613,L,0.2365783331044899,0.76342166689551,0.2780244173140954,0.79851762214491,90.98782142857142,105.9,12.016785714285714,70.3853982300885,0.4373188405797101,0.36896955624355,1260.0,2616.0,1260.0,2616.0,8.262816937670928,high,0.0361154179408766,Corey Seager,L,1.62664796973393,-1.1673288826336996,-0.6362184393349299,0.02668083064976479,0.05018405732104415,10.628634,-14.911361
608384,861,3408,0.5311032863849765,L,0.2834254143646408,0.7165745856353591,0.341449603624009,0.7350791717417783,88.2704467353952,105.3,9.52061855670103,,0.4094202898550724,0.3135459518599562,201.0,713.0,201.0,713.0,6.818924065275521,medium,0.0350817650876054,Nick Williams,L,0.3838907761581479,0.1579262865347832,-0.9932483415351874,0.11718723872918647,-0.6698303409619231,21.587547,1.0512978
608385,862,8942,0.4297696264817714,L,0.1829300026021337,0.8170699973978662,0.2030601092896174,0.6672773070757957,89.34631093544138,104.43,12.039525691699604,67.7695652173913,0.4552238805970149,0.3536034559149313,458.0,1799.0,458.0,1799.0,7.722234744709607,high,0.0690498396731809,Jesse Winker,L,-0.35483084129204306,-0.4939701908765834,-0.0787741534537176,0.027873677981491814,0.7414773334405462,-9.002472,1.8622745
608422,863,252,0.4642857142857143,L,0.2991452991452992,0.7008547008547008,0.3111111111111111,0.6410256410256411,83.75454545454545,102.46,2.939393939393939,,0.5454545454545454,0.1608870967741935,7.0,55.0,7.0,55.0,4.143134726391533,low,0.0704077922077922,José Godoy,L,-0.48799971372198075,0.10481090500103857,-0.5207851053760705,0.13848424743911608,-0.524635747818689,-5.0145984,6.808763
608475,864,1414,0.5325318246110325,R,0.1899070385126162,0.8100929614873837,0.4248366013071895,0.6594761171032357,86.84950166112957,102.8,6.245847176079734,,0.3344594594594595,0.2665714285714285,99.0,300.0,99.0,300.0,5.991464547107982,low,-0.001230202020202,Dawel Lugo,R,-0.3712510556463613,1.0900181803323206,-1.4984377580447752,0.38783179918432725,-0.17470857347143232,-6.6083174,9.546696
608577,865,10855,0.4671579917088899,L,0.2344705186353776,0.7655294813646224,0.3219397204916652,0.6425956061838893,89.07842190016103,105.98,9.498658078368225,,0.4121883656509695,0.3127973124300112,647.0,2032.0,647.0,2032.0,7.893572073504902,high,0.052169451070355,Nomar Mazara,L,1.4128206515984782,1.3205769898742088,-0.8322027479152957,0.2071115915093498,-0.17227837078931668,-12.4562,2.4797928
608596,866,4119,0.4753580966253945,R,0.3110316649642493,0.6889683350357507,0.2835123773937412,0.6830131445904954,89.34890016920474,105.2,17.087986463620982,71.22717391304347,0.4991273996509598,0.3264747274529237,468.0,541.0,468.0,541.0,6.917705609835305,high,0.0559392980709986,Tom Murphy,R,0.2560117241959372,-0.5116294509492686,0.06856349689187952,-0.37189203662079595,-0.3402178956243835,-3.1674106,-5.584224
608597,867,3349,0.5016422812779935,L,0.288095238095238,0.7119047619047619,0.3261240751280592,0.6953517587939698,86.21823647294589,104.9,13.25250501002004,,0.4488517745302714,0.3056043425814234,209.0,620.0,209.0,620.0,6.721425700790643,medium,0.087540222256521,Ronald Guzmán,L,0.8499194341242291,0.23042759689067785,-0.5693341936809991,0.24243005984472868,-0.2928175356305154,5.7880564,1.1889714
608654,868,906,0.4834437086092715,R,0.3036529680365296,0.6963470319634704,0.2608695652173913,0.6707317073170732,86.72721088435374,101.3,14.129251700680271,,0.4306569343065693,0.2812068965517241,93.0,139.0,93.0,139.0,5.4510384535657,low,0.0617690105979732,Johnny Field,R,-0.39740007951344325,-0.1249920455111277,0.47069232066278793,-0.04192858877544472,-0.5589830320477018,-0.33626816,-5.9934273
608671,869,5774,0.3896778662971943,L,0.1773333333333333,0.8226666666666667,0.1835664335664335,0.5919698009608785,85.41385606874329,99.4,3.774436090225564,64.65222222222222,0.3560267857142857,0.2890316711590296,277.0,1207.0,277.0,1207.0,7.3031700512368,medium,0.0765161677219828,Travis Jankowski,L,0.802671536333755,0.7065680864574546,0.5552031750141312,1.2171796692347148,0.7650325852818987,14.308653,6.3214703
608672,870,525,0.4685714285714286,L,0.2154471544715447,0.7845528455284553,0.2818532818532818,0.650375939849624,87.68550724637682,100.86,2.63768115942029,,0.3043478260869565,0.2520787401574803,25.0,102.0,25.0,102.0,4.852030263919617,low,0.0699231372549019,Micah Johnson,L,-1.0098409652082607,0.022290171507422633,-0.7608514544531298,0.20987117385533474,0.6987368546473283,-11.169561,16.65744
608686,871,1764,0.5198412698412699,R,0.2311886586695747,0.7688113413304253,0.3456924754634678,0.7083825265643447,85.43105590062112,101.8,17.26086956521739,,0.3930817610062893,0.2563728813559321,167.0,305.0,167.0,305.0,6.159095388491933,medium,0.0231550014724649,Jack Mayfield,R,-0.5499247519115891,0.11066847772515016,0.09500264072352288,-0.4771365357914249,-0.48220417496726886,-6.817432,1.2901139
608700,872,5326,0.4596319939917386,R,0.1936274509803921,0.8063725490196079,0.2620874904067536,0.6488970588235294,87.36348884381339,103.2,11.1248730964467,,0.423442449841605,0.2885042492917847,381.0,1031.0,381.0,1031.0,7.253470382684528,medium,-0.012664217651746,Kevin Plawecki,R,0.4870845471806197,0.03553650277375261,0.7650497436079439,0.05755394103791377,-0.17571205628066244,5.6189475,-2.0438802
608701,873,4162,0.410860163382989,R,0.2093567251461988,0.7906432748538011,0.2065750736015701,0.6068738229755178,88.48978978978978,103.8,9.172672672672672,71.61627906976744,0.4131455399061033,0.303224609375,501.0,523.0,501.0,523.0,6.932447891572509,high,0.0641330035912878,Rob Refsnyder,R,-0.03996300379364149,-0.07883147727915867,0.6559654929008667,0.763909163947442,0.3874481830886326,16.741768,7.247801
608703,874,2086,0.4170661553211889,R,0.2655172413793103,0.7344827586206897,0.2548120989917506,0.5949748743718593,88.14545454545454,103.1,6.237012987012987,,0.3234323432343234,0.2795629770992366,155.0,369.0,155.0,369.0,6.263398262591624,medium,0.0268870180959873,Matt Reynolds,R,-0.6177128870832939,-0.1951194313551548,-0.24535378505393404,0.9939153338149797,0.4931902114255941,4.524907,5.518157
608715,875,191,0.4816753926701571,R,0.3913043478260869,0.6086956521739131,0.3814432989690721,0.5851063829787234,86.3111111111111,98.63,24.61111111111111,,0.625,0.1178085106382978,13.0,34.0,13.0,34.0,3.871201010907891,low,0.1132986425339366,Eric Stamets,R,-0.8519382588910991,-0.39415693556767695,-0.2705331949716371,-0.5903962520735961,-0.20989616808551612,-12.066794,-9.934431
608841,876,3481,0.4780235564492961,R,0.2139423076923077,0.7860576923076923,0.3116591928251121,0.6529169121979964,89.88778625954198,104.7,9.410060975609756,68.28601941747573,0.4156441717791411,0.336004469273743,263.0,632.0,263.0,632.0,6.79794041297493,medium,0.0494293148674014,Joey Meneses,R,0.8349900267346922,0.7426219221971498,0.12666164782902414,0.16682248003264735,0.5079027863227844,4.4879103,0.9822178
609274,877,137,0.5547445255474452,R,0.381578947368421,0.618421052631579,0.4142857142857143,0.7014925373134329,83.94736842105263,95.7,30.68421052631579,,0.4210526315789473,0.1927714285714285,18.0,17.0,18.0,17.0,3.58351893845611,low,-0.0504281045751633,Elier Hernandez,R,0.13223248062813336,-0.207228456155295,-0.01937439872808988,-0.3902271182555098,-0.22217823680704912,-3.3154895,-5.3767767
609275,878,4886,0.5544412607449857,L,0.3636028054632706,0.6363971945367294,0.3608009241432422,0.7741371778069026,89.57069597069597,104.0,11.97069597069597,,0.4962406015037593,0.2921851301115241,397.0,948.0,397.0,948.0,7.204892510204673,medium,-0.0158013210896066,Adalberto Mondesí,L,0.43419499962877034,-0.5337069301931157,-0.4566551573772874,0.3659854663351427,-0.8926683063647942,15.272293,-14.733408
609280,879,4039,0.5276058430304531,R,0.1909901454716095,0.8090098545283905,0.3694741740344346,0.7074074074074074,87.87175398633256,104.13,10.44874715261959,70.71415094339622,0.4510739856801909,0.3199499105545617,366.0,752.0,366.0,752.0,7.020190708311925,medium,-0.0147316227764213,Miguel Andújar,R,-0.22636662537581956,0.9460973685022652,-0.42650241275488887,-0.5046372336809298,0.055225861168577375,-4.1725345,7.9791126
611177,880,3384,0.5271867612293144,R,0.194506726457399,0.8054932735426009,0.3624928530588908,0.7033639143730887,88.70122950819673,103.39,7.6502732240437155,,0.3982683982683982,0.306269435569755,240.0,699.0,240.0,699.0,6.84587987526405,medium,0.0613089055793991,Adonis García,R,0.09919131559204893,1.3165159398813404,-0.8565069475963578,-0.09099288610451732,-0.21769897567626026,-12.600477,8.921787
613564,881,1019,0.4877330716388616,L,0.2877263581488933,0.7122736418511066,0.287378640776699,0.6924603174603174,86.07371794871794,103.6,18.67948717948718,,0.5490196078431373,0.2936796875,29.0,227.0,29.0,227.0,5.54907608489522,low,0.0111496278292571,Jason Vosler,L,0.2503723385131777,-0.4601846860659648,0.036264608127493124,-0.5745519310517414,0.004929335998907785,0.3276948,-10.476828
614173,882,3085,0.5011345218800648,L,0.3492884864165588,0.6507115135834411,0.2947167409293443,0.7153236459709379,90.8258581235698,109.24,9.080091533180775,75.15882352941176,0.449074074074074,0.293173198482933,137.0,654.0,137.0,654.0,6.674561391814426,medium,0.0379682135761959,Franchy Cordero,L,0.584684080464885,-0.470548128271794,-0.6417680238254247,0.3451665136276925,-0.26271630158814935,10.647315,-13.279014
614177,883,8365,0.4780633592349073,R,0.3343335833958489,0.665666416604151,0.2797950545778569,0.707688338493292,92.44573024740625,108.76,9.096568236233042,,0.4116693679092382,0.3282092574734812,561.0,1513.0,561.0,1513.0,7.637716432664798,high,0.0299339862604899,Franmil Reyes,R,2.2834921570841624,-0.6023650861495549,-0.6753833505230143,0.3222802055634694,-0.03430082934998804,12.519047,-8.696451
615699,884,22,0.5909090909090909,L,0.5384615384615384,0.4615384615384615,0.2857142857142857,0.7333333333333333,85.46666666666665,99.44,-18.333333333333332,,1.0,0.0,0.0,7.0,0.0,7.0,2.0794415416798357,low,,Jacob Robson,L,0.01478488042113866,-0.3126737298026593,-0.012607197075709727,0.006185029030574207,-0.075269028017996,-3.6762264,-8.980298
620439,885,915,0.4808743169398907,R,0.3795454545454545,0.6204545454545455,0.3605150214592275,0.6057906458797327,88.99098360655738,105.58,18.5,,0.4385964912280701,0.2335654008438818,92.0,145.0,92.0,145.0,5.472270673671475,low,-0.0473470014992503,Franklin Barreto,R,-1.0990603504745518,-0.34936887441032455,-0.8254230621841131,-1.004941011441556,-0.47630096504392494,-11.188122,-10.24364
620443,886,3241,0.4588090095649491,R,0.2434431741761936,0.7565568258238063,0.2557397959183674,0.6491332934847579,89.99005736137669,103.1,7.810707456978967,69.28888888888889,0.3501945525291828,0.2798886107634543,323.0,476.0,323.0,476.0,6.684611727667927,medium,0.0477690181335692,Luis Torrens,R,0.7964139294207657,-0.014444306539083258,0.13255421996573613,0.5399719079408589,0.6777730041667025,4.287141,2.1270633
620446,887,963,0.553478712357217,L,0.3114446529080675,0.6885553470919324,0.3739669421487603,0.7348643006263048,86.8435064935065,99.57,11.785714285714286,,0.4149659863945578,0.2792568093385214,69.0,188.0,69.0,188.0,5.552959584921617,low,-0.0251666666666667,Richard Ureña,L,-0.11493617266145097,0.6683893836778674,-0.6493567820772961,0.4960817965137185,-0.9751148367773828,0.7401096,16.747007
620453,888,49,0.6122448979591837,R,0.3666666666666667,0.6333333333333333,0.4,0.8333333333333334,88.35555555555555,97.88,28.88888888888889,,0.2222222222222222,0.2153076923076923,3.0,10.0,3.0,10.0,2.6390573296152584,low,0.2474666666666667,Deivy Grullón,R,0.3396723420728648,0.009515889709790637,-0.3545360673151306,0.1083160137366751,-0.3268645432270128,14.106559,-3.6894004
621002,889,3881,0.4140685390363308,R,0.2314872433105165,0.7685127566894835,0.2111737570476678,0.6191709844559585,86.24642857142857,102.5,7.103571428571429,,0.3795761078998073,0.3066316348195329,305.0,637.0,305.0,637.0,6.849066282633458,medium,0.0188577038886172,Daniel Robertson,R,-0.007648914805397033,-0.17737333890094875,0.24944160407708438,0.3649167496038915,0.7111457178323732,-13.557014,0.12850823
621005,890,1130,0.5017699115044247,R,0.2680776014109347,0.7319223985890653,0.3128390596745027,0.682842287694974,86.50761421319797,101.58,8.274111675126903,,0.3743589743589743,0.2909068965517241,115.0,175.0,115.0,175.0,5.673323267171493,medium,0.0414963975155279,Tim Lopes,R,-0.3259638608065172,-0.10559077014609683,-0.21631395218856997,1.3512174488937407,-0.08388783663397224,17.759832,-8.828987
621006,891,1717,0.5224228305183459,R,0.2608695652173913,0.7391304347826086,0.329452852153667,0.7156177156177156,84.04172661870503,100.6,8.66546762589928,,0.3406593406593406,0.2493401360544217,214.0,227.0,214.0,227.0,6.091309882077698,medium,0.0622873317139445,Richie Martin,R,-0.9247773520745932,-0.05608064225346333,-0.37482101164103865,0.42677539077277027,-0.008908181834302536,-9.240013,20.404606
621008,892,25,0.52,R,0.2307692307692307,0.7692307692307693,0.3076923076923077,0.75,83.3,93.94,19.75,,0.0,0.35,5.0,2.0,5.0,2.0,2.0794415416798357,low,0.0056,Alex De Goti,R,0.07189291696561187,-0.0596754433139438,0.04219940526527382,0.23395246798833036,0.026546621049448695,5.8856516,-8.292118
621011,893,677,0.5583456425406204,L,0.1507936507936508,0.8492063492063492,0.3938547486033519,0.7429467084639498,84.41052631578948,100.28,19.127819548872186,,0.4060150375939849,0.2924350282485876,16.0,161.0,16.0,161.0,5.181783550292085,low,-0.1161246118012422,Max Schrock,L,-0.1392737550375555,0.7688588139119145,-0.251864465612771,-0.7689802528956916,0.15950571338089228,-4.0823483,11.721542
621020,894,15992,0.4740495247623812,R,0.2610473552301807,0.7389526447698193,0.2558053814964983,0.7002419457532153,88.95563995442461,103.9,13.311052031902772,70.16461538461539,0.4381063251843228,0.3166592964824121,868.0,3112.0,868.0,3112.0,8.289288323000317,high,0.0076569174771658,Dansby Swanson,R,0.5427565159793628,-0.39945709097876,0.8156852694869389,-0.017298881025718554,0.41926923806028243,1.9546394,-10.639514
621028,895,6719,0.4686709331745795,R,0.1305176246427437,0.8694823753572563,0.2954612005856515,0.6476997578692494,85.4155206286837,100.4,9.950884086444008,65.38571428571429,0.376984126984127,0.287322614654718,574.0,1323.0,574.0,1323.0,7.5485559791698735,high,0.042860544217687,Kevin Newman,R,-0.43305777516862237,1.239758472847495,0.5236561563759717,0.18553911285937738,0.13589736692330034,0.7163937,13.542656
621035,896,13744,0.471987776484284,R,0.3052258362879605,0.6947741637120395,0.2243561113592377,0.7086950334424363,87.48626956082786,103.7,15.736496718828874,69.28670212765957,0.4115838031778575,0.32957757342035,1102.0,2269.0,1102.0,2269.0,8.123261319121745,high,0.0050509146797481,Chris Taylor,R,-0.438040750275317,-1.5748885880545296,0.45884569422998006,-0.26685876958992083,0.818626137010444,-1.6658732,-10.35785
621043,897,17622,0.4365565770060152,R,0.2116209541141297,0.7883790458858703,0.2714693144607584,0.6282035561005518,89.96084745762712,106.9,10.319674906874363,73.48266666666666,0.3872651356993737,0.3505262073701076,1190.0,3179.0,1190.0,3179.0,8.382518288089635,high,0.0244929133150586,Carlos Correa,R,0.9279048123063836,0.7196279495381607,-0.4919038655409567,-0.057566703830573565,0.3007703975389232,-15.013919,5.1388273
621044,898,371,0.4097035040431266,L,0.2302631578947368,0.7697368421052632,0.1988950276243093,0.6105263157894737,84.90714285714286,96.0,20.357142857142858,,0.5,0.2499325842696629,22.0,67.0,22.0,67.0,4.499809670330265,low,-0.1610020352781546,Jesmuel Valentín,L,-0.8026896597496672,-0.334284872018424,0.4725157814680009,-0.17479041244640944,-0.0075293456641291725,-8.05582,-7.7424483
621311,899,4739,0.5336568896391644,L,0.276789244760775,0.723210755239225,0.3522590963614554,0.7363717605004468,88.18574850299402,102.8,12.307322929171669,,0.4354243542435424,0.3288913043478261,340.0,902.0,340.0,902.0,7.1252830915107115,medium,0.0618976848832659,David Dahl,L,-0.2513794400520215,0.06638755335482786,-0.5860250343239006,-0.6805083458665719,-0.3503909842863943,7.202154,22.557495
621433,900,4023,0.4332587621178225,L,0.3384968445209408,0.6615031554790591,0.198024948024948,0.6488804192472606,87.54198312236288,102.2,16.462025316455698,65.77499999999999,0.4935622317596566,0.2713572916666666,206.0,754.0,206.0,754.0,6.8679744089702925,medium,0.1287214982874507,Brett Phillips,L,-0.7766853119097944,-1.2366424415076216,-0.22041046854800503,-0.3226382227244512,-0.2998889335755546,-12.00235,-11.029439
621438,901,3648,0.5019188596491229,R,0.2348443473511742,0.7651556526488258,0.3277717976318622,0.6826815642458101,87.94887556221889,103.94,16.493253373313344,68.79565217391306,0.4759759759759759,0.3191668383110195,321.0,650.0,321.0,650.0,6.879355804460439,medium,0.0061356817637191,Tyrone Taylor,R,0.43116828287822107,0.10613387015317063,0.48912512952652565,-0.9197344544043534,-0.16039422113462695,-3.9456792,-2.9472165
621439,902,9313,0.4993020508965962,R,0.2935483870967742,0.7064516129032258,0.3134042553191489,0.6887058313461956,90.27216633132126,106.6,17.813547954393023,74.40288461538461,0.5244658855961406,0.3250883306320907,703.0,1765.0,703.0,1765.0,7.81156848934518,high,0.0040654209599491,Byron Buxton,R,0.2986652383563046,-0.5331521551277356,-0.05350710594946636,-1.5413952713683152,-0.10680018851520444,-4.409735,-4.385307
621446,903,4423,0.5290526791770291,R,0.3132478632478632,0.6867521367521368,0.3687340696686491,0.7114548090865153,88.52405405405406,105.61,9.87972972972973,,0.4591549295774648,0.248587204206836,372.0,769.0,372.0,769.0,7.040536390215956,medium,0.0758327775214284,Lewis Brinson,R,1.0796937034815117,0.3570401567090134,-0.06946629323994725,-0.4890544976512343,-0.4032630758509497,11.563821,-7.4373183
621450,904,728,0.4642857142857143,L,0.2514792899408283,0.7485207100591716,0.2833787465940054,0.6481994459833795,88.01693548387097,102.1,10.508064516129032,,0.48,0.209827027027027,56.0,129.0,56.0,129.0,5.225746673713202,low,0.0928409468438538,Skye Bolt,L,0.5741508965858064,0.30940825924580856,0.2771514050917042,0.14345208514130414,-0.2381184988302917,10.244253,-0.051324084
621453,905,3392,0.4410377358490566,L,0.267379679144385,0.732620320855615,0.246670526925304,0.6426426426426426,86.87878192534382,101.9,12.25343811394892,,0.3782696177062374,0.284562945368171,202.0,640.0,202.0,640.0,6.736966958001855,medium,0.0338331528465346,Steven Duggar,L,-0.020175798521747862,-0.38453466898674576,0.22082354769311507,-0.05376427303896743,0.7129510931478386,2.166195,-6.419475
621458,906,1284,0.4789719626168224,L,0.3317073170731707,0.6682926829268293,0.2937595129375951,0.6730462519936204,91.06666666666666,106.28,12.045197740112997,,0.4662921348314606,0.3216018518518518,53.0,271.0,53.0,271.0,5.783825182329737,low,-0.0048748172387383,Edwin Ríos,L,1.0755382089433627,-0.35832979249638697,0.10370260892685511,-0.11695646875728168,-0.49708552200327827,8.372471,-17.412834
621466,907,3312,0.4827898550724637,L,0.2995622263914946,0.7004377736085053,0.2358104154476302,0.7461010605115409,88.48156182212581,105.2,16.91540130151844,69.25845272206304,0.532150776053215,0.3273757802746567,160.0,641.0,160.0,641.0,6.687108607866515,medium,0.059029426677067,Dj Stewart,L,-1.235153933147176,-1.5998199883056934,-0.6726905456743161,-0.18745466990171222,-0.538009141491459,-14.905728,-13.208686
621471,908,668,0.3937125748502994,L,0.1673003802281368,0.8326996197718631,0.1760797342192691,0.5722070844686649,87.06893203883496,98.6,10.300970873786408,,0.3541666666666667,0.3125471698113207,14.0,145.0,14.0,145.0,5.075173815233827,low,-0.0395807881773399,Boog Powell,L,-1.3307026699403104,0.25511864198612844,-0.06574137123962089,0.4001214552286717,0.6155886003170916,-7.8532615,17.94295
621493,909,5956,0.4296507723304231,R,0.2118014849550605,0.7881985150449394,0.2227472156598042,0.634480454393585,89.90183861082737,104.1,14.967313585291114,68.03263157894737,0.3965163934426229,0.3321255813953488,458.0,1047.0,458.0,1047.0,7.317212408359839,high,0.0131330689055442,Taylor Ward,R,0.11877326306433425,-0.6729296228881528,0.46799738405183683,0.5496644050063911,0.49513253321525175,3.906653,-7.581598
621500,910,352,0.4289772727272727,R,0.3576158940397351,0.6423841059602649,0.2645502645502645,0.6196319018404908,86.9,104.62,23.08108108108108,,0.3888888888888889,0.2721666666666666,37.0,47.0,37.0,47.0,4.442651256490317,low,-0.0332409430707303,Wyatt Mathisen,R,-0.7627360546415941,-0.8633713892667535,0.08161155747476793,-0.28039333899191154,-0.13915334598960047,-8.944005,-10.665335
621512,911,2614,0.6128538638102525,R,0.3414481897627964,0.6585518102372035,0.4329971181556196,0.8164763458401305,87.01283018867925,102.4,7.90377358490566,,0.3358633776091081,0.2420673443456162,251.0,536.0,251.0,536.0,6.669498089857879,medium,0.0456518998632336,Tomás Nido,R,-0.19911318569017708,-0.19296211480584202,-0.9251152395357508,0.40356631178107716,-0.6876150799824546,20.158985,-10.4587
621514,912,2330,0.4841201716738197,L,0.2615248226950354,0.7384751773049646,0.3074459567654123,0.6882516188714154,86.71942257217847,103.0,19.706036745406823,,0.4734042553191489,0.2896963979416809,105.0,478.0,105.0,478.0,6.369900982828227,low,-0.0021242877067144,Christin Stewart,L,0.4029920089111381,-0.0386859788520717,0.322781448958345,-0.6643899390047182,-0.4148009450993496,3.2859476,-3.407552
621529,913,122,0.3688524590163934,R,0.1333333333333333,0.8666666666666667,0.1551724137931034,0.5625,88.03750000000001,100.82,25.125,,0.2916666666666667,0.1929375,4.0,28.0,4.0,28.0,3.49650756146648,low,0.3872142857142858,Joe Hudson,R,-0.20898581974413116,-0.036610922698228965,0.4722148728931222,-0.012260346847965578,-0.0903377489428271,1.3734643,-5.3273053
621532,914,811,0.4438964241676942,L,0.25,0.75,0.2707317073170732,0.6209476309226932,85.96209677419354,101.11,12.483870967741936,,0.4344262295081967,0.2241650943396226,47.0,165.0,47.0,165.0,5.3612921657094255,low,-0.0870482269503546,Anthony Bemboom,L,-0.18920311769283457,0.022951321215481053,-0.023551821291141292,0.011720324666995342,-0.09854797595426303,0.56457883,4.4376097
621545,915,555,0.4540540540540541,R,0.3253968253968253,0.6746031746031746,0.2558139534883721,0.6262626262626263,85.71397849462365,99.58,11.924731182795698,67.70666666666666,0.4086021505376344,0.2704322580645161,41.0,114.0,41.0,114.0,5.049856007249537,low,0.0950519897304236,Zach Remillard,R,-0.44899430001446183,-0.32632109650339897,0.4552591242880948,-0.6746211386278813,0.049404641380363504,-7.0658793,-7.816637
621550,916,5489,0.4829659318637274,R,0.3410033949453036,0.6589966050546964,0.2700704225352112,0.711211778029445,91.30842105263156,107.46,20.553383458646618,75.01258741258741,0.5151515151515151,0.3281353441608662,418.0,875.0,418.0,875.0,7.165493475060845,medium,0.0261195762132604,Patrick Wisdom,R,-0.6523207964707931,-1.9008155130684867,-0.32128630427479593,-0.6671678122157563,-0.6106870583009483,-10.210251,-15.729565
621559,917,1097,0.4539653600729261,L,0.3172690763052208,0.6827309236947792,0.2457142857142857,0.6451048951048951,85.56136363636364,100.6,16.818181818181817,,0.512,0.2509805447470817,83.0,174.0,83.0,174.0,5.552959584921617,low,-0.0231804459216175,Max Moroff,L,-0.6241004165487264,-0.5671806778961921,0.5756190491488151,-0.30918259026194717,-0.4685203922577669,-7.849452,-8.732718
621563,918,8334,0.4842812574994,L,0.1937561942517344,0.8062438057482656,0.3477460901563937,0.6332162568991471,88.20480142264374,101.8,6.8826318909306465,67.0596,0.4139393939393939,0.3015350262697023,451.0,1833.0,451.0,1833.0,7.734121303328305,medium,0.0275740495449888,Joey Wendle,L,-0.41276926272003167,1.1926483306018394,-0.43488617154170234,0.18841985856665505,0.6676581842429837,-2.0474226,6.468526
621566,919,15785,0.4618308520747545,L,0.2561042524005487,0.7438957475994513,0.2460412667946257,0.7033158813263525,92.77703045685278,108.1,17.256768189509305,73.45867620751342,0.4856020942408377,0.367175246732462,1147.0,2602.0,1147.0,2602.0,8.229511118964457,high,0.0417522340470445,Matt Olson,L,0.43022235288340727,-0.801053598045548,-0.6095572938918623,-0.7298434024779153,0.7278094380783757,-2.5773067,-3.3663726
621573,920,1436,0.4610027855153203,R,0.1963746223564955,0.8036253776435045,0.3267457180500658,0.6115214180206795,88.07795275590551,104.32,10.65748031496063,,0.3596837944664031,0.2886363636363636,121.0,242.0,121.0,242.0,5.8971538676367405,medium,-0.0296033057851239,Austin Dean,R,-0.598503418268295,0.8525727375021782,-0.46475296759882373,-0.06365850750700834,0.306496875042137,-5.3401475,9.289996
622046,921,309,0.5372168284789643,L,0.4457831325301205,0.5542168674698795,0.3859649122807017,0.7246376811594203,89.1452380952381,104.24,11.69047619047619,,0.6097560975609756,0.2166463414634146,11.0,71.0,11.0,71.0,4.418840607796598,low,-0.1169513444302176,Chris Shaw,L,0.4520895331506482,-0.16732587718895883,-0.538410762699571,-0.213777248425801,-0.39996843550926625,14.692893,-12.929682
622100,922,523,0.5162523900573613,R,0.2888888888888888,0.7111111111111111,0.3137254901960784,0.7089552238805971,90.75113636363636,105.53,12.625,,0.3707865168539326,0.2769007633587786,36.0,95.0,36.0,95.0,4.882801922586371,low,0.0845590643274853,Taylor Jones,R,0.534532680856997,-0.13341126512493318,-0.36301071350408887,0.4042117946838916,0.07129046787109271,18.26229,-1.8080733
622110,923,9400,0.451595744680851,R,0.1658421672555948,0.8341578327444051,0.2583423035522066,0.6403785488958991,87.23527793065493,100.4,7.022014309301046,64.9751724137931,0.3242937853107344,0.3116228317870109,784.0,1695.0,784.0,1695.0,7.8160138391590275,high,-0.0146315250436457,Matt Duffy,R,0.17414808073132207,0.6555466948543079,0.30032986091203645,1.13643860639167,0.022373081144918233,16.630821,4.4052215
622168,924,2254,0.5674356699201419,R,0.2650508209538702,0.7349491790461298,0.4015215553677092,0.7507002801120448,86.37117117117118,102.17,5.558558558558558,,0.408352668213457,0.3067770597738288,189.0,430.0,189.0,430.0,6.429719478039138,medium,0.0148990771502399,Yairo Muñoz,R,-0.4255985934597157,0.3827713255567126,-0.4567201103395643,-0.3195957624414266,-0.06693508052606592,-7.1714635,2.7935696
622194,925,1764,0.4336734693877551,L,0.1986928104575163,0.8013071895424837,0.2247446083995459,0.6421291053227633,89.2531598513011,104.0,5.947955390334572,,0.3938223938223938,0.2915401459854014,72.0,339.0,72.0,339.0,6.021023349349527,low,0.1202436086529006,Bruce Maxwell,L,-0.02662800604199612,0.1329301926475681,-0.8851235882741051,0.09449402967668004,1.0659884959533632,-9.84977,8.900006
622210,926,12,0.5,L,0.3333333333333333,0.6666666666666666,0.2,0.7142857142857143,86.1,90.5,-14.0,,0.5,0.0,0.0,3.0,0.0,3.0,1.3862943611198906,low,,Ian Parmley,L,0.011469311942566405,-0.027289441129791554,-0.09374957646171793,0.022636007474204595,-0.02989211781486749,-0.7868033,0.47923282
622226,927,201,0.4527363184079602,L,0.4835164835164834,0.5164835164835165,0.2649572649572649,0.7142857142857143,94.02666666666669,109.86,17.8,,0.6,0.2512222222222222,6.0,39.0,6.0,39.0,3.828641396489095,low,0.1206410256410256,Dylan Cozens,L,0.6793395870456389,-0.6002832976640406,-0.21968218115617835,-0.22885649824310778,-0.8377248195261449,7.4427347,-17.794998
622268,928,671,0.526080476900149,L,0.2294617563739377,0.7705382436260623,0.347953216374269,0.7112462006079028,86.6184,101.66,8.192,,0.448,0.2336348314606741,37.0,141.0,37.0,141.0,5.187385805840755,low,-0.0914228483802952,Donovan Walton,L,0.40863189651640514,0.1335911341340336,0.26483125463932106,-0.20469011438476625,0.11912339076839419,6.364844,-1.5131849
622270,929,193,0.4818652849740932,R,0.2473118279569892,0.7526881720430108,0.2840909090909091,0.6476190476190476,83.5060606060606,99.44,5.606060606060606,,0.34375,0.1432083333333333,15.0,33.0,15.0,33.0,3.8918202981106265,low,0.1537818181818182,Alex Mejia,R,-0.08721668851402159,0.3918352266244555,0.13674530819779346,0.958963262521421,-0.4618505594030333,8.745796,18.326593
622441,930,109,0.5229357798165137,R,0.2105263157894736,0.7894736842105263,0.2857142857142857,0.6716417910447762,74.52608695652174,97.98,23.130434782608695,,0.1111111111111111,0.1483030303030303,9.0,24.0,9.0,24.0,3.5263605246161616,low,0.0640555555555555,Rafael Bautista,R,-0.4447888479468417,0.4522160964703274,0.2280719280637147,0.2366895343930195,-0.3944973993928268,-2.7800887,19.966406
622492,931,9,0.7777777777777778,R,0.7142857142857143,0.2857142857142857,0.8,0.75,,,,,,0.0,0.0,3.0,0.0,3.0,1.3862943611198906,low,,Keury Mella,R,0.035283251595565286,0.008049586541386315,-0.09044409706642231,-0.05334439770898746,-0.050836817726903086,-1.042036,0.8001461
622497,932,167,0.5988023952095808,L,0.29,0.71,0.4352941176470588,0.7682926829268293,87.29736842105264,102.33,5.7105263157894735,,0.4864864864864865,0.2295102040816326,21.0,28.0,21.0,28.0,3.912023005428146,low,0.0061428571428571,Miguel Gómez,L,-0.1525512561579971,0.6585353847785369,-0.1478213234220054,0.09728403185040463,-0.8273055143010334,1.1328039,19.67668
622534,933,10543,0.4754813620411647,R,0.2024735687213246,0.7975264312786754,0.2761923003256081,0.6709883502442691,87.9746138996139,104.5,10.864030858244938,70.3758064516129,0.3966286564204264,0.2998126323218066,871.0,1963.0,871.0,1963.0,7.949797216161852,high,0.0405335649820181,Manuel Margot,R,-0.9077015339538442,0.27557163936741097,-0.4307451220015818,0.42919285613989877,1.3006722217500148,-11.781787,0.3622094
622569,934,1955,0.4281329923273657,R,0.1696535244922341,0.8303464755077659,0.2314629258517034,0.6332288401253918,88.18455284552846,102.3,12.802168021680217,67.35301204819277,0.4376731301939058,0.2996158415841584,190.0,315.0,190.0,315.0,6.226536669287466,medium,0.0680673350041771,Pablo Reyes,R,-0.9564354037765775,-0.22077799204639748,0.1379452762135939,-0.7349212052327667,0.8191504311878753,-7.545319,-13.1110325
622666,935,5301,0.5019807583474816,L,0.2435174746335964,0.7564825253664036,0.3246202755210173,0.7052631578947368,87.57453027139874,102.63,11.031347962382446,67.9625,0.4469453376205787,0.3094372680029695,409.0,938.0,409.0,938.0,7.206377291472252,medium,-0.030504866516179,Johan Camargo,L,-0.15215954229301115,0.7630230117835005,-0.06150074997670698,-0.7218502346761362,0.037455639443923903,-2.7126365,3.3830175
622668,936,22,0.2727272727272727,L,0.1666666666666666,0.8333333333333334,0.0769230769230769,0.5555555555555556,90.93333333333334,96.56,-21.666666666666668,,0.3333333333333333,0.39275,2.0,2.0,2.0,2.0,1.6094379124341005,low,-0.0935,Ivan Castillo,L,-0.034486618399516424,0.11408680185516307,-0.05367725450142184,0.11869402273773777,0.11101739580472987,0.9206031,3.008934
622682,937,4944,0.5459142394822006,L,0.2234160800296406,0.7765839199703594,0.4102564102564102,0.6932489451476793,87.98247535596933,102.1,8.951807228915662,,0.3855555555555555,0.2901832419733751,315.0,962.0,315.0,962.0,7.15305163493748,medium,-0.015905204105204,Víctor Reyes,L,-0.4478884813154891,1.7544536888932072,-1.399899545901536,0.3878948613871661,-0.000540447732519767,-5.3652077,13.130843
622713,938,37,0.5135135135135135,L,0.2631578947368421,0.7368421052631579,0.3333333333333333,0.8461538461538461,85.8,91.78,-0.6666666666666666,,0.3333333333333333,0.1962499999999999,4.0,4.0,4.0,4.0,2.1972245773362196,low,-0.0475,Engelb Vielma,L,-0.1542624163009028,0.17050554553230368,-0.013497882620675644,0.0281524103609835,0.14168988389972775,0.16835229,3.4228516
622761,939,4180,0.5153110047846889,R,0.2818012999071495,0.7181987000928505,0.3459434822242479,0.702416918429003,87.10136239782017,104.9,13.44550408719346,71.6375,0.4008264462809917,0.2759557362240289,387.0,720.0,387.0,720.0,7.010311867307229,medium,0.0222088501291989,Jorge Mateo,R,1.3020801482100626,0.7561541033427387,-0.2776321634426423,0.5039387739487082,-0.34170469246430946,17.873915,-1.7554516
623143,940,856,0.4859813084112149,R,0.2403846153846154,0.7596153846153846,0.2783251231527093,0.6733333333333333,83.38658536585366,97.8,13.01219512195122,,0.4125,0.277431718061674,80.0,147.0,80.0,147.0,5.429345628954441,low,-0.0289451530612245,Trevor Brown,R,0.48774882494949245,0.022174398544049092,0.9712597070535055,0.39064278558830395,-0.580304976969146,5.420102,-13.182707
623166,941,2,0.5,R,0.0,1.0,,0.5,93.8,93.8,2.0,,1.0,0.0,1.0,0.0,1.0,0.0,0.6931471805599453,low,,Mike Miller,R,-0.06483667148861152,0.07238222183567629,0.05805668018240449,-0.040576170059720314,0.004631656047559045,-0.23910134,1.8454659
623168,942,977,0.5046059365404298,L,0.1683569979716024,0.8316430020283976,0.3265306122448979,0.6837782340862423,82.36,97.61,22.71,64.3103448275862,0.4517766497461929,0.2651086956521739,83.0,193.0,83.0,193.0,5.6240175061873385,low,-0.0156268181534427,Tyler Heineman,L,-0.5883100077371263,0.6101844378987696,0.799449916407609,-0.38203151413404346,-0.6888641487554115,6.901304,16.836754
623180,943,132,0.4393939393939394,R,0.3275862068965517,0.6724137931034483,0.2777777777777778,0.6333333333333333,89.45714285714286,104.4,8.238095238095237,,0.3333333333333333,0.3331515151515151,10.0,23.0,10.0,23.0,3.5263605246161616,low,-0.0795608695652174,Seth Mejias-Brean,R,0.29686348536473345,0.12380666361833566,-0.15275357942177387,0.4464120042547753,0.21325996202058375,4.690518,3.5788257
623182,944,999,0.4694694694694695,R,0.3347547974413646,0.6652452025586354,0.2912087912087912,0.6843267108167771,86.92116788321168,105.62,11.255474452554743,,0.3759398496240601,0.3053855421686747,105.0,144.0,105.0,144.0,5.521460917862246,low,0.0602658730158729,Patrick Kivlehan,R,-0.275491143368033,-0.6427106424650506,-0.5420222576262445,-0.5093092015885992,0.5059920291416895,-9.266801,-1.9119269
623205,945,2322,0.5137812230835487,L,0.3344509639564124,0.6655490360435876,0.2797262617621899,0.751084128360798,87.78151515151515,102.91,8.460606060606061,68.19638554216867,0.4151515151515151,0.2390818330605564,189.0,422.0,189.0,422.0,6.416732282512326,medium,-0.0208870834273678,Andrew Velazquez,L,-0.6172150863572887,-0.5828993257980052,-1.034640109743658,0.5256297210650662,-0.36901353427669387,-14.100745,-5.8021393
623214,946,66,0.4696969696969697,R,0.3548387096774194,0.6451612903225806,0.4186046511627907,0.5652173913043478,86.10000000000001,105.44,-8.0,,0.5,0.2668421052631579,16.0,3.0,16.0,3.0,2.995732273553991,low,-0.0314583333333333,Abiatal Avelino,R,0.4579520388101637,0.25849615287666944,-0.06454380524321071,0.3340777114281185,0.11281269880067576,3.1689231,2.4357283
623323,947,369,0.4823848238482385,R,0.3089887640449438,0.6910112359550562,0.2887700534759358,0.6813186813186813,84.89636363636365,101.2,11.727272727272728,,0.3703703703703703,0.160625,45.0,51.0,45.0,51.0,4.574710978503383,low,0.0427450980392156,Braden Bishop,R,0.033617881024147804,-0.2392890186466428,0.1391595073710365,0.35188503011342925,-0.16021114584018106,2.5656083,-2.3296337
623507,948,113,0.5132743362831859,L,0.2931034482758621,0.7068965517241379,0.3962264150943396,0.6166666666666667,87.41764705882352,103.94,-2.588235294117647,,0.6470588235294118,0.151,3.0,25.0,3.0,25.0,3.367295829986474,low,0.16912,Josh Lester,L,0.41372174703395714,0.26573457955880486,-0.004657494376480261,-0.06080037573450888,0.15158551713569662,2.7465727,3.4486153
623508,949,51,0.5098039215686274,R,0.3076923076923077,0.6923076923076923,0.2307692307692307,0.8,86.03333333333333,99.68,1.7777777777777777,,0.6666666666666666,0.1352307692307692,5.0,8.0,5.0,8.0,2.6390573296152584,low,0.3516,Trent Giambrone,R,0.02441993590813469,-0.09240711139027145,-0.10687392230580134,-0.04234560704679736,-0.23494182812557532,-1.391601,-0.52751046
623515,950,26,0.4615384615384615,R,0.5,0.5,0.2,0.8181818181818182,79.575,84.01,-24.5,,0.5,0.0985714285714285,7.0,0.0,7.0,0.0,2.0794415416798357,low,,Drew Jackson,R,-0.09397637550670303,-0.10215886178202918,-0.2335695147859378,0.140091378206835,-0.1684034546697913,-0.8982303,-1.6243743
623520,951,4564,0.453111305872042,R,0.2843326885880077,0.7156673114119922,0.2769360269360269,0.6444241316270567,91.03384831460674,107.09,7.780898876404494,,0.4056737588652482,0.3082165660051769,338.0,821.0,338.0,821.0,7.05617528410041,medium,-0.0124554735529626,David Bote,R,-0.9070779989752207,-1.0456973843471569,-1.1795365578561359,-0.13260422965161292,0.34229542476438574,-10.285482,-11.679015
623912,952,6155,0.5562956945572705,R,0.2412383177570093,0.7587616822429907,0.4212266987372219,0.7150936726758572,89.30494117647059,106.2,5.186520376175548,70.81347708894879,0.3750985027580772,0.3220130718954248,497.0,1186.0,497.0,1186.0,7.428927194802272,high,0.0425274225453904,Harold Ramírez,R,0.5916308650049035,1.2547058595308471,-0.939414391512768,-0.4153078999204468,0.38524701649975013,-5.06576,10.416952
623993,953,9966,0.5008027292795505,L,0.2099779603285915,0.7900220396714085,0.3469162995594713,0.686365648517043,90.02224147891393,106.3,19.465626805314848,71.61569664902999,0.4718100890207715,0.326123618501842,718.0,1725.0,718.0,1725.0,7.801391320291485,high,-0.0133087174518589,Anthony Santander,L,0.12781715136529684,0.6692158717106005,-0.986381819835645,-0.5006835833528366,-0.6930343499933447,-12.188109,7.147486
624407,954,868,0.4493087557603686,L,0.2461538461538461,0.7538461538461538,0.2579908675799087,0.6441860465116279,85.60518518518519,99.48,11.377777777777778,,0.4104477611940298,0.2733209302325581,38.0,177.0,38.0,177.0,5.375278407684165,low,0.0930578352661314,Tzu-Wei Lin,L,-0.392343349512573,0.6230670714393752,0.08471847372021167,0.4276493460565496,-0.10042311229947426,3.9428158,10.950215
624413,955,11032,0.4718999274836838,R,0.2437572032270457,0.7562427967729543,0.3101534443356187,0.6738687321646963,90.21530720338984,109.5,16.420550847457626,74.13158914728683,0.4529220779220779,0.3630125260960334,794.0,2080.0,794.0,2080.0,7.963807953231451,high,-0.0053232234547568,Pete Alonso,R,-0.04059875360200941,-0.7349929004618272,-1.3151143248282278,-1.5476757338353238,0.8680051776038846,-16.29241,4.4668527
624414,956,3628,0.5531973539140022,R,0.218236173393124,0.7817638266068759,0.3626551538046411,0.752112676056338,87.72510760401723,104.1,8.085959885386819,70.57704918032786,0.3791606367583213,0.2995340793489318,360.0,623.0,360.0,623.0,6.891625897052253,medium,-0.0005271268057784,Christian Arroyo,R,0.044588628918829136,0.28202963722348595,-0.5158142328900677,0.021300757678045134,-0.09192991472431584,-15.6827545,0.88577974
624415,957,6742,0.3832690596262236,L,0.2329721362229102,0.7670278637770898,0.1529097387173396,0.6132187314759929,88.375780409042,101.0,17.666307857911733,66.10774907749078,0.4804772234273319,0.3239063462723352,401.0,1222.0,401.0,1222.0,7.392647520721623,medium,0.003565288905396,Cavan Biggio,L,0.7195700278178865,-0.8827885639563599,1.4104441085041375,0.9281396127784388,0.22404017195430817,6.2021704,-10.426972
624419,958,222,0.4639639639639639,L,0.2912621359223301,0.7087378640776699,0.3255813953488372,0.6559139784946236,84.94666666666667,98.22,14.7,,0.4827586206896552,0.2457777777777778,8.0,46.0,8.0,46.0,4.007333185232471,low,0.0302608695652174,Nick Ciuffo,L,0.4340132320269917,0.4672520031791235,-0.023685287645533744,-0.2930140399058809,-0.11099210655916796,5.691497,-0.27684566
624424,959,13961,0.4417305350619583,L,0.2391762607426625,0.7608237392573375,0.2447684622654246,0.6643271284711626,89.0921889616464,105.2,13.487839101964452,71.87195945945946,0.4342802118440058,0.3469272567922874,895.0,2528.0,895.0,2528.0,8.138564737261632,high,0.0623973958701647,Michael Conforto,L,-0.21496655487093894,-0.7545036855217658,-0.4398551087562408,-0.30426986955165575,0.6206256921413132,-10.802747,1.2104173
624428,960,13101,0.4733226471261735,L,0.1398161586840832,0.8601838413159167,0.2663775747251045,0.6744431065623119,86.02489719626169,99.5,12.428411214953272,65.52014388489208,0.4164768413059985,0.3148400576368875,757.0,2713.0,757.0,2713.0,8.152198015861787,high,0.0332207785694496,Adam Frazier,L,-0.9854430676320309,0.8054738006431974,0.5894725097035164,0.8383166789690739,0.11435134451148744,3.805912,10.835329
624431,961,3736,0.4769807280513918,R,0.196408529741863,0.8035914702581369,0.3690786048932847,0.5911845730027548,87.28117942283563,102.74,10.573934837092732,66.65555555555555,0.3860759493670886,0.2749961315280464,293.0,741.0,293.0,741.0,6.942156705699469,medium,0.048897191784923,Jose Trevino,R,0.022756603034527374,1.4277477128881912,-0.12080131175272933,1.2970248484622793,-1.149516185901602,7.680401,10.032509
624503,962,2613,0.5866819747416763,L,0.2550554468362688,0.7449445531637312,0.3880712625871417,0.7806354009077155,90.44961832061068,103.1,11.062977099236642,,0.4531548757170172,0.2967135207496653,147.0,600.0,147.0,600.0,6.617402977974478,medium,0.0631468027210884,Nick Gordon,L,-0.4318797520794109,0.11104217787076134,-0.5888477553402666,0.3883745507852883,-1.3321354285080245,19.69026,-9.11664
624507,963,611,0.5220949263502455,L,0.3040752351097179,0.6959247648902821,0.3472222222222222,0.6780185758513931,86.65408163265306,102.93,17.46938775510204,,0.59375,0.2415266272189349,34.0,135.0,34.0,135.0,5.135798437050262,low,0.0887675381263616,Ryder Jones,L,-0.19541076445234695,0.05729698563840303,-0.05426407349257539,0.06801068621613872,-1.8605842408320024,1.753106,21.920158
624512,964,3132,0.5118135376756067,L,0.2027448533998752,0.7972551466001248,0.3566477630749842,0.6711974110032363,86.05933333333333,100.9,10.755,65.77022471910112,0.4321608040201005,0.2956097560975609,159.0,702.0,159.0,702.0,6.759255270663693,medium,0.0613938343277965,Reese Mcguire,L,0.5518619257445827,0.7882197784122511,-0.22369288527276937,0.028149232305861607,-0.259904839787044,-1.822672,7.9426837
624513,965,1499,0.3975983989326217,L,0.2869127516778523,0.7130872483221476,0.220795892169448,0.5888888888888889,86.04836956521739,101.5,21.505434782608695,,0.489010989010989,0.2788571428571428,48.0,295.0,48.0,295.0,5.840641657373398,low,0.0748530367231638,Dom Nuñez,L,0.15801527366042628,-0.31829863620808335,0.9478900984334543,-0.6349115699813578,-0.29052940267909283,12.633525,8.583457
624577,966,8521,0.4999413214411454,R,0.2478873239436619,0.752112676056338,0.2870144284128746,0.7387948207171314,89.4738288569644,107.7,12.04684572142411,,0.4147764095917045,0.3364611692844677,655.0,1637.0,655.0,1637.0,7.737616282857904,high,-0.0351314506614687,Yasiel Puig,R,0.21093901032395093,-0.6860505801806682,-1.2230890205825544,-0.6229144731297329,1.1906891091283562,-9.743465,-1.3756276
624585,967,13644,0.4446643213133978,R,0.2975111257623207,0.7024888742376793,0.2515469464622007,0.6758454106280193,91.33330082886395,109.3,15.1969770843491,74.29803921568627,0.491044776119403,0.3382514934289127,831.0,2517.0,831.0,2517.0,8.116417072794205,high,0.0374588423270497,Jorge Soler,R,1.299263000486821,-0.9561083500816263,0.14719292412315105,-0.8874240360439972,0.5457764687969695,-15.68359,-1.8348877
624636,968,504,0.4484126984126984,R,0.2123893805309734,0.7876106194690266,0.3347107438016529,0.5534351145038168,81.01688311688312,97.64,12.090909090909092,,0.4,0.2465658914728682,52.0,77.0,52.0,77.0,4.867534450455582,low,0.0458321678321678,Carlos Tocci,R,0.4896214139713509,0.9346675855188296,0.7116502741659502,-0.6051166302555071,0.2255097883094328,-19.29003,-0.9881635
624641,969,2964,0.562753036437247,R,0.2697841726618705,0.7302158273381295,0.395364238410596,0.7365887207702888,86.67701974865349,104.0,10.195691202872531,71.94342105263158,0.4288288288288288,0.3077076735688185,291.0,530.0,291.0,530.0,6.71174039505618,medium,0.0120787395448355,Edmundo Sosa,R,-0.8057961140407629,0.5607641511543254,-0.86055485694762,-0.9602157165499219,0.4910568592343468,-11.377475,11.003188
625329,970,121,0.5371900826446281,L,0.1538461538461538,0.8461538461538461,0.2923076923076923,0.8214285714285714,91.18,105.86,4.966666666666667,,0.4137931034482758,0.3017222222222222,3.0,33.0,3.0,33.0,3.610917912644224,low,0.3291515151515151,Henry Urrutia,L,-0.02528659925070603,0.3431485884347136,-1.067364172770169,-0.1315548579517372,0.5319054484301452,-10.223981,7.982355
625510,971,182,0.478021978021978,L,0.2758620689655172,0.7241379310344828,0.3052631578947368,0.6666666666666666,78.65217391304348,90.86,16.956521739130434,,0.6086956521739131,0.2120731707317073,17.0,24.0,17.0,24.0,3.737669618283368,low,-0.0041960784313725,Erick Mejia,L,-0.1323812077059868,0.18167183964070957,0.17510128395975313,-0.37438496104372126,-0.29347354674898923,-0.5397743,7.671874
627500,972,2,1.0,L,0.0,1.0,1.0,1.0,95.0,95.0,-17.0,,0.0,0.0,0.0,1.0,0.0,1.0,0.6931471805599453,low,,Jen-Ho Tseng,L,0.11909331133271712,0.1450563112454089,-0.026645334795005207,0.035109161956446755,0.009050558245265843,1.7768278,1.6908544
628329,973,1060,0.5169811320754717,R,0.2317518248175182,0.7682481751824818,0.3403846153846154,0.687037037037037,88.46008968609866,102.6,0.937219730941704,,0.413953488372093,0.2826148648648648,95.0,201.0,95.0,201.0,5.6937321388027,low,0.0967536004189578,Rusney Castillo,R,-0.3949596137482419,0.6010565602542473,-0.8215287675764077,-0.03274555746057277,0.36987619042165154,-9.185764,2.6041899
628336,974,445,0.5078651685393258,L,0.1548672566371681,0.8451327433628318,0.3259911894273127,0.6972477064220184,85.35049504950494,101.5,11.603960396039604,,0.4516129032258064,0.3038861788617886,19.0,104.0,19.0,104.0,4.820281565605037,low,0.0626725708502024,José Fernández,L,-0.032779182370846704,0.751271222207165,0.636098142761777,0.12371615390762525,-0.6529796923220289,4.65666,18.66917
628338,975,5940,0.4542087542087542,R,0.2023721275018531,0.7976278724981468,0.223291307232913,0.692071086807929,85.65769961977186,100.9,11.803231939163496,,0.4117063492063492,0.2896593548387096,639.0,911.0,639.0,911.0,7.346655163176539,high,0.0475884932721097,Guillermo Heredia,R,0.17973977131440416,-0.2483326210773339,0.8128536857866737,0.33479968918999164,0.8073209881359583,5.2852473,-10.873817
628356,976,4137,0.4266376601401982,R,0.2521246458923513,0.7478753541076487,0.2419038272816486,0.6060028585040496,90.68166666666669,107.2,9.51060606060606,,0.4887556221889055,0.3422648490749757,255.0,772.0,255.0,772.0,6.93537044601511,medium,-0.0659862186325307,Jung Ho Kang,R,0.5991574683229514,-0.38367573794383936,0.03477715827337631,-1.2113996021590863,0.9576509942223074,-16.808474,-5.163931
628450,977,2573,0.5064127477652546,L,0.273983115886416,0.726016884113584,0.2968980797636632,0.7391304347826086,89.20997782705099,102.3,4.382743362831858,,0.390728476821192,0.3150622083981337,148.0,495.0,148.0,495.0,6.467698726104354,medium,-0.0151911001911002,Yadiel Hernández,L,-1.4916826324628902,-0.389409907611422,-0.7429893173131072,-0.2693775884726526,0.7913317284327911,-21.995262,5.0485373
628451,978,2762,0.5079652425778421,R,0.2017106200997861,0.7982893799002139,0.3157894736842105,0.712789827973074,88.79400998336106,102.8,14.173044925124792,67.65792682926829,0.3634840871021775,0.3103610755441741,259.0,522.0,259.0,522.0,6.661854740545311,medium,0.0425309398068018,Andy Ibáñez,R,-0.6256777726379096,-0.05614738240993708,0.03403049709444434,-0.240371697953861,0.4256478843407567,-7.48679,0.56483346
630105,979,7867,0.4338375492563874,L,0.1435687078816291,0.8564312921183709,0.2317811102341489,0.6227250368912937,88.04712885154062,102.8,14.707282913165264,66.34895104895105,0.3815513626834381,0.3244799206742687,624.0,1393.0,624.0,1393.0,7.609862200913554,high,0.0210962044655512,Jake Cronenworth,L,-0.24448046154276554,0.3213464728533942,0.01041351086586998,-0.19319157337031145,1.0525174067520633,-2.9934664,-0.31968465
630111,980,4116,0.5663265306122449,R,0.280995280995281,0.719004719004719,0.3910590277777778,0.7891832229580574,90.2715,105.7,7.94125,,0.3854033290653009,0.3253518360375747,321.0,850.0,321.0,850.0,7.066466970136958,medium,0.0608270258383727,Yasmany Tomás,R,1.4058923944941442,0.6629598246280427,-1.0899862700444929,0.9720773181431804,-1.881353891872353,15.447586,-10.9119425
640447,981,2663,0.4573788959819752,R,0.2446633825944171,0.7553366174055829,0.2464840858623242,0.6745426829268293,85.3346062052506,101.62,15.69689737470167,,0.3925925925925926,0.3136656534954407,247.0,411.0,247.0,411.0,6.490723534502507,medium,0.0537822236669719,Phil Ervin,R,-0.6515435723050181,-0.6968762889677551,0.22110437983430808,0.1428036589400365,0.15372348747623563,1.1381452,-8.930748
640449,982,3828,0.414576802507837,R,0.2835538752362949,0.7164461247637051,0.1785350966429298,0.6638023630504833,87.73455882352941,104.9,13.479779411764708,,0.4280373831775701,0.3197562028047465,307.0,620.0,307.0,620.0,6.833031732786201,medium,-0.0124441945991383,Clint Frazier,R,0.30705378649523624,-1.4713652062087843,0.44299881290873955,0.25813039197293147,0.4027954128329727,-0.24012327,-15.548883
640457,983,6958,0.4440931302098304,L,0.2116504854368932,0.7883495145631068,0.2481327800829875,0.6559976069398744,89.47173913043478,105.1,18.641739130434782,,0.4635004397537379,0.3398525564803805,523.0,1159.0,523.0,1159.0,7.428333194190806,high,0.0592262697617944,Austin Meadows,L,-0.06315043962080306,-0.1877927167106349,0.41457531214277016,-0.7016265816694733,0.5124141358708572,11.578318,6.9989653
640458,984,3511,0.5064084306465394,R,0.2412823397075365,0.7587176602924635,0.2719151312116136,0.7505813953488372,87.3117816091954,101.7,16.485632183908045,,0.4434782608695652,0.2907427385892116,366.0,598.0,366.0,598.0,6.872128101338986,medium,0.0256259663358737,Óscar Mercado,R,0.2180642580539772,-0.42936528923268596,0.9437980933616702,-0.3852769493388504,0.16120642748704106,-0.040023256,-7.659209
640459,985,15,0.6,R,0.2222222222222222,0.7777777777777778,0.5,0.7142857142857143,92.75,96.0,33.0,,0.25,0.3532,1.0,4.0,1.0,4.0,1.791759469228055,low,-0.4415,Brian Navarreto,R,-0.06341513777258738,0.06970233470499075,-0.09541059577423426,-0.27487480199033754,-0.0686918065785854,-2.9646332,2.21614
640460,986,200,0.555,R,0.2522522522522522,0.7477477477477478,0.3548387096774194,0.7289719626168224,84.62903225806451,102.6,12.225806451612904,,0.4666666666666667,0.2487142857142857,11.0,38.0,11.0,38.0,3.912023005428146,low,0.2719784688995215,Dustin Peterson,R,-0.39492309031485157,-0.004863710615622472,-0.567919001086895,0.14954301752341284,-0.06620027554356823,-9.269696,5.067185
640461,987,6400,0.519375,R,0.2671480144404332,0.7328519855595668,0.2914321450906816,0.7470331043098064,90.21433691756272,105.6,10.453405017921147,,0.3916211293260473,0.3047663012117714,754.0,979.0,754.0,979.0,7.458186157340487,high,0.048675570264683,Chad Pinder,R,0.24114835927185713,-0.57410724715825,-0.9359814044804412,0.1848306524247991,0.22278456919583003,-7.3175607,-20.908047
640492,988,1082,0.5526802218114603,R,0.2257525083612039,0.774247491638796,0.4013605442176871,0.7327935222672065,87.86179245283019,102.39,10.253521126760564,68.36463414634146,0.3037383177570093,0.2787403846153846,163.0,149.0,163.0,149.0,5.746203190540153,medium,-0.0617741590151109,José Azócar,R,-0.11026909009574463,0.46299719027127945,-0.8365502294101856,0.4154161926095092,-0.2986255921078196,-7.2976437,11.440121
641313,989,13480,0.5517062314540059,R,0.254403657388732,0.745596342611268,0.3809730668983492,0.7310617584423487,87.49933847850056,103.0,6.476295479603087,66.85191489361702,0.3902803738317757,0.3151051660516605,960.0,2834.0,960.0,2834.0,8.24143968982973,high,0.0604694417490002,Tim Anderson,R,-1.3979650728430224,0.21630919950602417,-1.1906897634406575,-0.13940397738088264,0.4001640507169159,-8.300879,10.037291
641319,990,2206,0.4605621033544878,L,0.1850393700787401,0.8149606299212598,0.233271375464684,0.6769911504424779,85.47300771208226,97.7,14.91516709511568,,0.4607046070460704,0.2842711571675302,149.0,430.0,149.0,430.0,6.363028103540465,medium,0.0896867332604963,Carlos Asuaje,L,-1.2950611622815285,-0.33611368796606717,1.0307672441848852,-0.05618675382900854,-0.05116401611852641,-6.5221887,-4.3790708
641343,991,5706,0.4341044514546092,L,0.2547436415018167,0.7452563584981833,0.2306122448979591,0.6503976861894433,88.12590361445783,104.11,15.19277108433735,73.23846153846154,0.4689054726368159,0.2908472022955523,330.0,1064.0,330.0,1064.0,7.240649694255466,medium,0.0333317213488266,Jake Bauers,L,0.9720630986892951,-0.5499556411895842,0.11753382629871208,-0.2877818763754775,0.4380932961499323,7.583087,-10.562647
641355,992,14258,0.4708935334549025,L,0.2464998510574918,0.7535001489425082,0.2707453331516555,0.6831912126029773,89.68341902313625,104.2,18.071550985432733,68.47568027210883,0.4991228070175438,0.3462143266475644,1127.0,2363.0,1127.0,2363.0,8.157943507105037,high,0.0213985973494809,Cody Bellinger,L,0.9679256880605547,0.08166498659457311,0.019303824327935194,-0.5442267253005479,-0.10226662005756552,10.085826,-6.5801973
641432,993,4019,0.4558347847723314,L,0.1490174672489083,0.8509825327510917,0.2580645161290322,0.6673532440782698,89.6696019300362,104.32,14.49397590361446,,0.4711656441717791,0.302220479704797,254.0,830.0,254.0,830.0,6.98933526597456,medium,0.0125049331182999,Willie Calhoun,L,0.6473419561822883,0.8429258991715116,0.544784491316266,-0.40977031716148543,0.027498746335863734,15.233075,-2.8925886
641470,994,1953,0.4224270353302611,L,0.3066666666666666,0.6933333333333334,0.1773347324239244,0.656,91.10753138075314,104.34,19.476987447698743,70.19999999999999,0.4641350210970464,0.2810889370932755,104.0,357.0,104.0,357.0,6.135564891081739,low,0.0534809847015729,Zack Collins,L,0.8570778565570936,-1.227635733177916,0.6358963529190735,0.02230943996902846,0.1110450261170234,-2.4195535,-14.980932
641477,995,1141,0.4837861524978089,R,0.302536231884058,0.697463768115942,0.2822719449225473,0.6928571428571428,88.90115606936416,103.9,19.497109826589597,,0.4702380952380952,0.2558269896193771,122.0,167.0,122.0,167.0,5.66988092298052,medium,-0.0156868067144399,Ryan Cordell,R,-0.10793762387976538,-0.3810595976735158,-0.026657739751311825,-0.18108860343539837,-0.4685091978850258,-3.3361158,-7.317479
641487,996,11467,0.41327286997471,L,0.1591052964760497,0.8408947035239502,0.1982094897045658,0.6174770486229174,86.21232876712328,102.8,11.711882229232389,70.28173302107729,0.4167110164981373,0.3187101554029635,889.0,1878.0,889.0,1878.0,7.92588031673756,high,0.0373835219479354,J. P. Crawford,L,-0.4484629678199979,0.23152004722652023,-0.046075423032492666,0.493642579214191,1.2063383174924776,-13.578869,15.058537
641505,997,1823,0.4196379594075699,R,0.2431372549019608,0.7568627450980392,0.2333333333333333,0.6013001083423619,85.06415094339623,100.26,6.950943396226415,,0.4,0.2613883928571429,136.0,312.0,136.0,312.0,6.1070228877422545,medium,0.0516308446455505,Jonathan Davis,R,-0.5500769087795162,-0.4471310296506809,0.5575983222613321,0.07327229445739943,0.3177560115396158,-6.1974564,-7.302211
641511,998,1323,0.526832955404384,R,0.2596843615494978,0.7403156384505022,0.3130990415335463,0.7187948350071736,84.5111111111111,99.26,13.714285714285714,64.9201550387597,0.4618834080717489,0.2707948717948717,141.0,210.0,141.0,210.0,5.863631175598097,medium,0.0326571428571428,Jason Delay,R,-0.07393867445946695,-0.23011097955078597,0.25417238822526217,0.3805958721837855,-0.16751293488571797,6.207391,-7.7208915
641512,999,88,0.4886363636363636,R,0.3255813953488372,0.6744186046511628,0.2765957446808511,0.7317073170731707,73.62142857142858,94.34,8.571428571428571,,0.2142857142857142,0.2423333333333333,6.0,18.0,6.0,18.0,3.218875824868201,low,-0.01,Ben Deluzio,R,-0.18484016849022147,-0.3154211446303453,0.13017572630556296,-0.3653198400594605,0.0104474020889079,-7.021215,-8.016579
641513,1000,1302,0.4400921658986175,R,0.3333333333333333,0.6666666666666666,0.2626728110599078,0.6175115207373272,90.504469273743,105.52,13.798882681564246,,0.3785310734463277,0.2650923566878981,90.0,224.0,90.0,224.0,5.752572638825633,low,0.0106642857142857,Travis Demeritte,R,-0.5034717972781436,-0.4988959898148066,-0.7019964128432039,-0.4051393320039777,0.49972279831496297,-11.753794,-14.578215
641525,1001,2563,0.5126804525946157,R,0.3272450532724505,0.6727549467275494,0.3305279265493496,0.7022292993630573,89.2609022556391,105.72,15.957393483709271,75.55714285714285,0.3875968992248062,0.2801504559270517,202.0,456.0,202.0,456.0,6.490723534502507,medium,-0.0285981413930866,Brandon Dixon,R,0.3347571043378183,-0.457491492658153,-0.3788116272678184,0.5867974541685558,-0.8214532085401137,13.394565,-3.940458
641531,1002,8940,0.4776286353467561,R,0.2779859484777517,0.7220140515222483,0.295650346711494,0.6847644104281272,89.27013513513512,106.2,14.872297297297298,,0.4342465753424657,0.3110151318633809,630.0,1683.0,630.0,1683.0,7.746732907753622,high,0.0107557083439436,Hunter Dozier,R,0.5931214386130608,-0.7714420214580301,0.0646963244502128,0.1429478514820715,0.14691774981873562,2.8019753,-3.9535255
641553,1003,5761,0.4976566568304114,R,0.3034530868503662,0.6965469131496338,0.3187907935417382,0.6803508771929825,86.34070512820512,103.55,14.072727272727272,,0.4312431243124312,0.2744571615434925,471.0,1058.0,471.0,1058.0,7.333023014386481,high,0.0015638528008219,Adam Engel,R,-0.7696757548120536,-0.31310539988909564,-0.17081399007859824,-0.5032940467065299,-0.16614008184653278,-9.102552,-7.56787
641561,1004,182,0.5604395604395604,R,0.2647058823529411,0.7352941176470589,0.3854166666666667,0.7558139534883721,83.09428571428572,96.76,6.8,,0.4857142857142857,0.2752075471698113,23.0,30.0,23.0,30.0,3.9889840465642745,low,-0.0678072463768115,Johneshwy Fargas,R,-0.5537108837793141,-0.05896326642688017,-0.2528621708691017,-0.2170907530944089,-0.4654348278638844,-5.765565,3.406373
641583,1005,930,0.5,L,0.2258064516129032,0.7741935483870968,0.2893518518518518,0.6827309236947792,88.47951807228915,104.35,15.99397590361446,,0.4437086092715231,0.2521967871485944,21.0,228.0,21.0,228.0,5.521460917862246,low,0.1381842105263157,Dustin Fowler,L,0.08373720021088192,0.42195126193420845,-0.49500011057248877,-0.5290476965182968,0.5035312229152629,-6.5297933,6.709481
641584,1006,3833,0.4649099921732325,L,0.2418630751964084,0.7581369248035915,0.2482517482517482,0.701802293828509,84.815823817292,102.6,15.657980456026058,70.43206751054853,0.4885245901639344,0.3267063740856844,173.0,784.0,173.0,784.0,6.86484777797086,medium,0.1171921596673351,Jake Fraley,L,-0.1342828521603162,-0.5240452745014001,0.36082580068753434,0.19892353353412365,-0.6843481849183237,4.3609614,-18.630957
641598,1007,6867,0.3841561089267511,R,0.2342683851402577,0.7657316148597423,0.1868228404099561,0.5793742757821553,90.14573412698412,105.63,16.731150793650794,69.12888283378746,0.5020325203252033,0.3514772167487685,536.0,1088.0,536.0,1088.0,7.393263094763838,high,0.0357712082967515,Mitch Garver,R,0.5649572439342742,-0.6078658267711067,1.0680988612161217,-0.5735396879697069,0.5249519216551677,-0.07251574,-14.170004
641645,1008,3398,0.3996468510888758,L,0.1273932253313696,0.8726067746686303,0.2019405700424499,0.5860491709548313,86.6020725388601,99.4,7.067357512953368,63.82222222222222,0.3211169284467713,0.3035221674876847,193.0,619.0,193.0,619.0,6.70073110954781,medium,0.0491533561569303,Luis Guillorme,L,-0.2321987616813731,0.49126012854052015,0.622654902871747,0.8572366205097149,0.8056395552588802,11.727216,16.11691
641658,1009,5907,0.4232266802099204,R,0.2411999999999999,0.7588,0.2325025606008876,0.6108126259234385,86.44655737704919,101.3,12.587978142076503,65.80581395348837,0.3687089715536105,0.2938685601056803,521.0,993.0,521.0,993.0,7.323170717943469,high,0.0447144077641378,Garrett Hampson,R,-0.5438682157624771,0.03983406355001641,0.5682292123301449,0.876165770024552,-0.22775086702084654,18.023373,10.1738205
641680,1010,5027,0.5080564949273921,L,0.1953797963978073,0.8046202036021927,0.2919736331911594,0.735702614379085,88.62064864864865,103.72,16.670981661272922,66.84183976261127,0.507103825136612,0.299204081632653,312.0,962.0,312.0,962.0,7.150701457592526,medium,-0.0618286555786556,Jonah Heim,L,0.3923760707749868,0.44331555910667814,-0.11075520133726391,-0.26059493613452034,0.0006488274765792206,0.10196299,5.6273265
641684,1011,929,0.4779332615715823,R,0.3626126126126126,0.6373873873873874,0.2770833333333333,0.6926503340757239,86.51833333333335,104.02,19.958333333333332,,0.504424778761062,0.2506929824561403,94.0,134.0,94.0,134.0,5.43372200355424,low,0.0737770720863766,Michael Hermosillo,R,-0.18716492640180388,-0.9014846713439089,0.3231631570989143,-0.6245998059716363,-0.40954447100823654,-8.533666,-10.810424
641741,1012,37,0.4054054054054054,L,0.0666666666666666,0.9333333333333332,0.0555555555555555,0.7368421052631579,83.26666666666667,96.7,25.5,,0.5,0.3328,1.0,9.0,1.0,9.0,2.3978952727983707,low,0.3697777777777777,Gosuke Katoh,L,0.12731653085910283,0.03385643519789235,0.4365578390972297,0.11873917050726579,0.04933314867946112,5.8224144,-1.6127397
641779,1013,693,0.4386724386724386,R,0.2401315789473684,0.7598684210526315,0.2714681440443213,0.6204819277108434,87.30196078431372,103.29,16.892156862745097,,0.4509803921568627,0.3180710059171597,50.0,119.0,50.0,119.0,5.135798437050262,low,-0.0304924369747899,Charles Leblanc,R,0.25500006014267246,-0.6256803611682208,0.17294513132100717,0.499984611155704,-0.18982227621270056,6.1371408,-9.955937
641786,1014,2385,0.4561844863731656,R,0.3428308823529411,0.6571691176470589,0.2571428571428571,0.6791111111111111,89.21449704142012,105.03,14.319526627218934,70.21578947368421,0.3768545994065282,0.3174724137931034,169.0,411.0,169.0,411.0,6.364750756851911,medium,-0.0387605061979008,Kyle Lewis,R,-0.7130809328916774,-0.7663973777098424,-0.40702638855592554,0.40146501584628924,0.41740590355023277,18.024187,-9.065282
641796,1015,2261,0.4608580274214949,R,0.2120921305182341,0.7879078694817658,0.3398058252427184,0.5824468085106383,83.78690176322418,100.02,14.3727959697733,66.4,0.4458762886597938,0.2990424836601307,281.0,331.0,281.0,331.0,6.418364935936212,medium,0.0107782305318725,Tim Locastro,R,-1.7851989648533126,0.23170519911852755,-0.1592536399572138,-1.7391555277148267,0.1391955255673968,-10.723197,-9.688212
641820,1016,13408,0.4876939140811456,R,0.2633430188102156,0.7366569811897844,0.3131098854476029,0.6824996054915575,89.44969081272085,106.3,8.718639575971732,71.28550724637681,0.3991769547325103,0.3312894893111638,1094.0,2274.0,1094.0,2274.0,8.122371243406553,high,0.0004363378080486,Trey Mancini,R,0.9239513858052146,0.23327075138534584,-0.2379099010606728,1.053545772492764,-0.7094572340248012,8.586007,19.07538
641829,1017,825,0.48,L,0.2803030303030303,0.7196969696969697,0.2475728155339805,0.711864406779661,87.74580152671756,102.9,10.725190839694656,,0.5038167938931297,0.2570833333333333,44.0,160.0,44.0,160.0,5.3230099791384085,low,0.1552215909090909,Jason Martin,L,-0.01350499592474759,-0.5788957441418416,-0.14704056044191283,-0.12086357226948222,-0.0791455713218873,-3.78672,-8.444333
641856,1018,3695,0.447361299052774,L,0.2304900181488203,0.7695099818511797,0.2385120350109409,0.6518478843063739,87.62667814113597,103.4,16.120481927710845,70.11120689655172,0.5034843205574913,0.2886413641364136,163.0,746.0,163.0,746.0,6.813444599510896,medium,0.0079579351634073,Billy Mckinney,L,-0.3135461265371202,-0.44463669796912336,0.324565104620805,-0.5437147871263168,0.7036590462753927,-6.9171624,-3.557866
641857,1019,11624,0.4781486579490709,L,0.2848146815401223,0.7151853184598777,0.2575652173913043,0.6940755873340143,90.87016274864376,106.1,10.480409885473176,70.89813432835821,0.4024390243902439,0.3241909747292419,784.0,1986.0,784.0,1986.0,7.926963544862979,high,0.0374197289187577,Ryan Mcmahon,L,-0.05108857762726244,-1.5073667849979897,-1.6441205750782346,-0.5142720198086995,1.3102514489089598,-13.806794,-12.57345
641878,1020,74,0.5540540540540541,L,0.2682926829268293,0.7317073170731707,0.3333333333333333,0.8,87.44285714285715,97.45,11.5,,0.5,0.1739411764705882,3.0,14.0,3.0,14.0,2.8903717578961645,low,0.2112142857142857,Ian Miller,L,-0.2650558530978603,-0.17033279957459377,0.25516022876802036,-0.04433577155816196,-0.39942716739025313,-0.76795447,-5.93419
641914,1021,1677,0.5044722719141324,R,0.2801418439716312,0.7198581560283688,0.3188745603751465,0.6966019417475728,89.22851711026615,103.92,4.326996197718631,,0.3056603773584905,0.2482738095238095,187.0,233.0,187.0,233.0,6.042632833682381,medium,-0.1232229005531201,Sheldon Neuse,R,-0.2851057685059079,0.2406586369902524,-1.207940500459343,1.248416579948211,-0.07949472633055395,18.192421,12.858251
641924,1022,555,0.4864864864864865,R,0.3703703703703703,0.6296296296296297,0.2943262411347517,0.684981684981685,87.44923076923077,104.68,23.06153846153846,,0.40625,0.2994923076923076,42.0,88.0,42.0,88.0,4.875197323201151,low,0.1774247835497835,Jacob Nottingham,R,-0.7496970501998398,-0.7027282591742658,-0.6272055488847621,-0.54880625565133,-0.40058010734989125,-11.251568,-11.816044
641929,1023,202,0.4059405940594059,R,0.3902439024390244,0.6097560975609756,0.2211538461538461,0.6020408163265306,86.14,97.24,10.45,,0.45,0.1602444444444444,12.0,33.0,12.0,33.0,3.828641396489095,low,-0.0596515151515151,Joseph Odom,R,-0.369538026108775,-0.21615456133679242,-0.12545086022287122,-0.033249221579108895,-0.18910857017704655,-7.825913,-9.848591
641933,1024,6475,0.4807722007722008,R,0.3193061355605525,0.6806938644394475,0.2779911373707533,0.7029126213592233,90.68682328907047,107.1,16.57814096016343,70.9776515151515,0.4329896907216495,0.3327726161369193,360.0,1276.0,360.0,1276.0,7.400620577371135,medium,0.0263366161616161,Tyler O'Neill,R,-0.33682484902534315,-1.2802767080783397,-0.4327945711431641,0.027064076789388127,-0.4334798094313174,-9.543003,-16.93943
641943,1025,1317,0.5163249810174639,L,0.25,0.75,0.313572542901716,0.7085798816568047,90.16296296296296,104.32,7.351020408163265,69.73262411347517,0.4691358024691358,0.2795681818181818,65.0,287.0,65.0,287.0,5.8664680569332965,low,-0.0229081747520771,Joshua Palacios,L,-0.00037148879160456326,0.05110039423649596,-0.2728892450849553,0.4627606831119988,0.15358197078312566,-3.3129148,-1.5961634
641958,1026,61,0.5901639344262295,L,0.1111111111111111,0.8888888888888888,0.4074074074074074,0.7352941176470589,82.28235294117647,97.8,11.0,,0.6470588235294118,0.4252105263157895,3.0,16.0,3.0,16.0,2.995732273553991,low,-0.116125,Jordan Patterson,L,-0.2620141332284375,0.5756469254257391,-0.1787739457507732,-0.1921857140613544,-0.134693038201395,-4.186089,12.138359
641999,1027,16,0.4375,L,0.5714285714285714,0.4285714285714285,0.3333333333333333,0.5714285714285714,86.5,86.5,5.0,,1.0,0.2306666666666666,0.0,3.0,0.0,3.0,1.3862943611198906,low,,Corey Ray,L,0.05952850976422273,-0.047587481944146325,-0.09439203790242662,-0.018405143527149833,0.08086948573957763,-0.40783796,-0.8202463
642020,1028,204,0.5931372549019608,R,0.2396694214876032,0.7603305785123967,0.44,0.7403846153846154,86.21904761904761,103.49,0.5476190476190477,,0.238095238095238,0.1729152542372881,11.0,48.0,11.0,48.0,4.0943445622221,low,0.0271458333333333,Chuckie Robinson,R,-0.042264949125739734,-0.3015246107317806,-0.9689024246807929,0.09399565864860521,-0.11497143482101205,-10.093305,4.61805
642082,1029,2513,0.4492638280939116,L,0.3188662533215235,0.6811337466784765,0.2124898621248986,0.67734375,88.01948881789137,100.88,15.792332268370608,,0.4983606557377049,0.2950032894736842,76.0,532.0,76.0,532.0,6.411818267709897,low,0.0573421052631579,Chance Sisco,L,-0.2383243201264194,-1.074883051519599,0.7120140799890737,0.09642354480688664,-0.0970491763928722,-0.15393266,-17.956804
642086,1030,7460,0.4997319034852547,L,0.2339055793991415,0.7660944206008584,0.3155601127915919,0.7016015734756954,88.15563743551952,102.9,13.274871039056745,67.11160949868074,0.4407796101949025,0.3115945807770961,490.0,1466.0,490.0,1466.0,7.579167967396076,high,0.0081044213046747,Dominic Smith,L,0.37114168147163046,0.3587871499454681,0.1131112637246598,-0.556553774370327,0.4512400793988468,-1.578609,4.2423773
642094,1031,71,0.5070422535211268,R,0.3055555555555556,0.6944444444444444,0.1875,0.7692307692307693,83.77777777777777,94.06,2.6666666666666665,,0.375,0.2316842105263158,9.0,10.0,9.0,10.0,2.995732273553991,low,0.0763888888888889,Tyler Smith,R,0.00041824320111804946,-0.035672914282122645,0.1434755176711036,0.0143442413085805,-0.26653112583848576,2.477295,-2.3769407
642133,1032,7448,0.4507250268528464,L,0.2368185880250223,0.7631814119749777,0.3048533872598584,0.615979381443299,90.83876092136616,107.72,14.097619047619048,73.85588235294118,0.4406374501992032,0.3174375335120643,428.0,1437.0,428.0,1437.0,7.531552381407289,medium,0.0205206654569813,Rowdy Tellez,L,1.4073216681043772,0.7098631224089954,-0.8456090949849684,-1.0841146145157665,0.48604210335841014,8.16735,-0.38868082
642136,1033,2401,0.4581424406497292,L,0.2981818181818182,0.7018181818181818,0.1901993355481727,0.7276524644945698,88.59201183431952,104.16,11.0,71.25594059405941,0.5044776119402985,0.2935214408233276,87.0,496.0,87.0,496.0,6.369900982828227,low,0.0103538885799036,Matt Thaiss,L,-0.08686929600588406,-1.2090100728156024,-0.33520569002393374,0.19465140462090982,0.9414220199209722,-8.518733,-19.78447
642137,1034,323,0.5541795665634675,L,0.4022346368715084,0.5977653631284916,0.34375,0.7607361963190185,87.76511627906977,101.8,11.046511627906977,72.71071428571429,0.5348837209302325,0.2854871794871795,9.0,69.0,9.0,69.0,4.3694478524670215,low,-0.2775362318840579,Cody Thomas,L,0.36127265106368606,0.12753370900505714,-0.45176253514853787,-0.19656340694158134,-0.08913053199098023,2.516599,-1.4165701
642156,1035,317,0.4700315457413249,R,0.2416107382550335,0.7583892617449665,0.2214765100671141,0.6904761904761905,87.03999999999999,98.44,15.916666666666666,,0.4,0.1861704545454545,32.0,56.0,32.0,56.0,4.48863636973214,low,-0.0661205357142857,Stuart Turner,R,0.48752751645352266,0.06071210649322316,0.716987312522325,0.5223556663144345,-0.09394901644991278,7.0427127,-2.6980422
642162,1036,3200,0.53,R,0.2806603773584906,0.7193396226415094,0.330694275274056,0.7400513478818999,86.77652329749104,102.23,18.130824372759857,,0.3727272727272727,0.2755567251461988,367.0,488.0,367.0,488.0,6.752270376141742,medium,0.0524358332961093,Pat Valaika,R,-0.9519318527144113,-0.275189945909989,-0.6157190675470148,-0.023975011866043647,-0.5016310485493395,-14.486894,-7.977336
642165,1037,3468,0.3898500576701268,L,0.2329881656804734,0.7670118343195266,0.1913762551683402,0.5791549295774648,89.24423440453685,102.3,16.688090737240074,,0.4647619047619047,0.2816052318668252,122.0,719.0,122.0,719.0,6.7357800142423265,medium,0.0143605873366925,Josh Vanmeter,L,0.0947454784677712,-0.2933546184605921,1.341169385611801,-0.09907015718069004,0.5966074951131467,11.930254,9.259201
642180,1038,2664,0.4403153153153153,L,0.2208013640238704,0.7791986359761296,0.2373009855951478,0.6394052044609665,84.7267469879518,99.06,9.171084337349397,,0.4226044226044226,0.2660071530758225,141.0,558.0,141.0,558.0,6.551080335043404,medium,0.0526485167391138,Tyler Wade,L,-0.26999763894019074,-0.11952378925871539,0.1764360762636364,0.31604625723307816,0.1573593553854952,7.8435802,-8.02362
642201,1039,1607,0.4735532047293093,R,0.3114323258869907,0.6885676741130092,0.2519480519480519,0.6774193548387096,85.53259911894274,101.62,16.11894273127753,,0.4107142857142857,0.2462068965517241,175.0,231.0,175.0,231.0,6.008813185442595,medium,-0.045990303030303,Eli White,R,-0.08726620044151098,-0.8842130143952436,0.19016043400916724,0.4511158129437782,-0.1547622718956307,-5.715318,-18.974773
642211,1040,521,0.4452975047984644,L,0.3318965517241379,0.6681034482758621,0.2832167832167832,0.6425531914893617,91.78831168831168,107.62,3.805194805194805,,0.3815789473684211,0.2289280575539568,19.0,120.0,19.0,120.0,4.941642422609304,low,0.0314355263157895,Justin Williams,L,0.5851415068852053,-0.4759283930656199,-0.6331205230969503,0.43634879954074046,-0.08247320570304144,9.337529,-11.9671
642215,1041,87,0.3908045977011494,R,0.3235294117647058,0.6764705882352942,0.1489361702127659,0.675,83.1,102.52,3.3333333333333335,73.74117647058823,0.7777777777777778,0.4414545454545454,9.0,13.0,9.0,13.0,3.1354942159291497,low,0.284102564102564,Weston Wilson,R,0.2017845922342653,-0.5269527116660205,0.30162332289392935,-0.1638415462777755,-0.10191165938140459,-0.17563982,-11.992986
642221,1042,297,0.4915824915824915,L,0.2808219178082192,0.7191780821917808,0.3416149068322981,0.6691176470588235,82.63600000000001,98.67,6.0,,0.4489795918367347,0.1774875,9.0,71.0,9.0,71.0,4.394449154672439,low,-0.018981220657277,Kean Wong,L,-0.3139727123299871,0.5585103103984,-0.23994458409888905,0.13063182185131972,0.0052472990080232205,-4.5266986,13.879991
642336,1043,3993,0.5830202854996244,L,0.220360824742268,0.779639175257732,0.4720439963336388,0.7167310877967974,86.8201282051282,101.5,16.606410256410257,67.18461538461538,0.5104166666666666,0.2911471663619744,345.0,749.0,345.0,749.0,6.9985096422506015,medium,-0.0105427874847622,Francisco Mejía,L,-0.5723642809373003,1.4137311621626563,-0.4458455292925512,-1.1546281338133473,-2.0922978118764846,2.3424969,19.803423
642350,1044,2779,0.5271680460597337,R,0.3665529010238908,0.6334470989761092,0.3771929824561403,0.6985350809560524,87.91556603773584,105.87,14.821176470588236,70.97633333333334,0.4646226415094339,0.3018955223880596,194.0,543.0,194.0,543.0,6.6039438246004725,medium,-0.0557653072848436,José Siri,R,-0.7399440509718545,-0.6584012834390165,-0.9825179771945477,-0.8553825324422837,-0.3434084543674417,-12.554286,-11.940606
642423,1045,2247,0.4979973297730307,L,0.2144772117962466,0.7855227882037533,0.3421516754850088,0.6567834681042228,83.10631067961165,98.39,5.463592233009709,,0.3955223880597014,0.2405176282051282,127.0,497.0,127.0,497.0,6.437751649736401,medium,-0.0180743516215403,Magneuris Sierra,L,-0.16494382568978308,0.9668252895310387,-0.5743800620279841,0.0512105941625424,-0.13232358138075342,-3.4174693,20.580442
642451,1046,13,0.5384615384615384,L,0.2857142857142857,0.7142857142857143,0.3333333333333333,0.7142857142857143,87.1,87.1,45.0,,0.0,0.0,0.0,5.0,0.0,5.0,1.791759469228055,low,,Luis Liberato,L,0.10043181468084242,0.08243054037609196,0.05748005861053807,-0.023544837280402894,-0.11446234387812204,1.4043614,0.8686416
642456,1047,338,0.4792899408284023,L,0.1790123456790123,0.8209876543209876,0.2658227848101265,0.6666666666666666,87.25999999999999,100.32,5.6,,0.4923076923076923,0.2752365591397849,9.0,84.0,9.0,84.0,4.543294782270004,low,0.0648452380952381,Luis Barrera,L,-0.4790988955365673,0.4851670426085226,-0.6402312325585786,0.5064837730924863,0.3630260931766615,-8.630129,9.534611
642707,1048,847,0.4391971664698937,R,0.2661290322580645,0.7338709677419355,0.2844243792325056,0.6089108910891089,82.14794520547946,100.25,9.205479452054794,,0.3941605839416058,0.2565442477876106,45.0,181.0,45.0,181.0,5.424950017481403,low,-0.1539267034990792,Allen Córdoba,R,-0.029047147407263347,0.5864260646444744,0.33833515539906783,-0.5575274452823614,0.3871089372242686,5.7645006,-0.2847235
642708,1049,12143,0.5238408959894589,R,0.2257506681339411,0.7742493318660588,0.3770044900577293,0.6788555950567123,88.25561305732484,103.6,6.776849642004773,69.92932098765432,0.3408071748878923,0.3044570917759237,946.0,2410.0,946.0,2410.0,8.118802996980035,high,0.0556859228198222,Amed Rosario,R,-0.08479351861140916,1.2209855051854113,-1.1526433284134485,0.22049187856878166,0.34460910939091016,-7.8494244,10.721963
642715,1050,11733,0.4843603511463394,R,0.2794298785852542,0.7205701214147457,0.2789137902830034,0.7078291814946619,88.38737596471886,104.5,15.113561190738698,70.61418803418803,0.4364145658263305,0.3260182318541452,829.0,2078.0,829.0,2078.0,7.97522083865341,high,-0.0281578940035828,Willy Adames,R,0.3277229861806503,-0.984089524852849,0.06679987791492027,-0.43051413848992204,0.16495377189076862,-0.65398526,-11.7671585
642721,1051,1652,0.4430992736077482,R,0.3019125683060109,0.6980874316939891,0.2785714285714286,0.6133004926108374,90.05584905660378,106.66,1.3735849056603773,,0.3698113207547169,0.267511961722488,128.0,290.0,128.0,290.0,6.037870919922137,medium,0.0480550107758621,Kelvin Gutiérrez,R,1.7675079552932158,0.2416768140203962,-0.06248762969997044,0.8042063478766494,0.6099829735958046,9.314887,-2.0771768
642727,1052,2066,0.4220716360116166,L,0.2454128440366972,0.7545871559633027,0.2198233562315996,0.6189111747851003,86.90384615384616,99.6,12.762820512820513,,0.4387096774193548,0.2730523138832998,143.0,354.0,143.0,354.0,6.210600077024653,medium,0.0439200347674924,Sergio Alcántara,L,-0.377422851054862,-0.07869374964470016,0.7696729104637433,0.8679741625364005,-0.504382699860799,9.823242,12.413806
642731,1053,4755,0.4984227129337539,R,0.1995780590717299,0.80042194092827,0.3393646964213912,0.6728395061728395,86.1139634801289,102.1,8.762057877813504,68.08776041666667,0.4670981661272923,0.3152719696969697,414.0,906.0,414.0,906.0,7.186144304522325,medium,-0.0018954314233611,Thairo Estrada,R,0.5509984642252267,0.5291799818099954,0.2418468706999119,-0.3416010176804964,-0.2151445338397948,9.990644,3.6203537
642736,1054,479,0.5073068893528184,L,0.2633744855967078,0.7366255144032922,0.3837209302325581,0.6515837104072398,81.81375,99.34,14.65,,0.4125,0.2122380952380952,24.0,102.0,24.0,102.0,4.844187086458591,low,0.0816691176470588,Domingo Leyba,L,-0.9550612854398036,0.48412664949108086,0.07971024807179082,-0.23044516715574867,-1.3366712822702032,1.6094716,21.867908
642772,1055,78,0.4358974358974359,L,0.3529411764705882,0.6470588235294118,0.1621621621621621,0.6829268292682927,82.61111111111111,99.48,16.555555555555557,,0.4444444444444444,0.2534444444444444,8.0,10.0,8.0,10.0,2.9444389791664403,low,-0.0984249999999999,Luis Alexander Basabe,L,0.23827527721861758,-0.48451477708099755,0.3587615028797506,0.22247305015084518,-0.16801704982771568,4.831399,-12.339688
642851,1056,2550,0.452156862745098,R,0.2237640936686903,0.7762359063313097,0.313915857605178,0.5821917808219178,85.13237250554323,101.5,10.208425720620845,67.43116883116883,0.4211711711711711,0.2636428571428571,222.0,422.0,222.0,422.0,6.4692503167957724,medium,-0.0164135604799112,Austin Wynns,R,-0.20748278395633807,0.8676906940723623,1.1841664006812023,0.08948204939892018,0.13469158203927248,11.418822,9.357071
643217,1057,14473,0.4797208595315415,L,0.1899755149071006,0.8100244850928994,0.2620198764437281,0.7104027323182012,88.26139310855872,101.9,14.502408299370137,65.62351738241308,0.4042472506636329,0.3311133280127693,964.0,2795.0,964.0,2795.0,8.23217423638394,high,0.0260613027857986,Andrew Benintendi,L,-0.6722686532457025,0.21613159853967526,-0.061183675468302424,-0.28424058321000034,0.5147057758067187,-12.598066,-6.06316
643265,1058,7274,0.4763541380258455,R,0.2389610389610389,0.7610389610389611,0.3329848405645583,0.6354408352668214,89.4808362369338,106.73,8.87979094076655,72.00241935483871,0.3779527559055118,0.333773303916161,471.0,1342.0,471.0,1342.0,7.503289630675082,high,0.0188498106258365,Garrett Cooper,R,-0.21058047294918306,0.26105889677660693,-0.7260836535764487,0.5618984483852204,-0.14313568356485204,-6.9498234,9.75287
643269,1059,269,0.516728624535316,R,0.2589928057553957,0.7410071942446043,0.2926829268292683,0.7054794520547946,80.78780487804879,99.6,3.1707317073170733,,0.3902439024390244,0.2360147058823529,20.0,48.0,20.0,48.0,4.23410650459726,low,-0.0362875,Will Craig,R,0.042675066308261234,0.03475590740752503,-0.013694099778479405,-0.36145803324781123,0.0546283677396939,-15.903633,0.5764394
643271,1060,31,0.4838709677419355,R,0.3333333333333333,0.6666666666666666,0.25,0.631578947368421,97.51666666666668,103.5,10.333333333333334,,0.5,0.2383333333333332,5.0,4.0,5.0,4.0,2.302585092994046,low,0.0311999999999999,Narciso Crook,R,0.16564229242295828,-0.07607141415464322,0.07915488786018085,-0.0886159355577489,0.026046423674734084,3.1006908,-2.8921947
643275,1061,13,0.8461538461538461,L,0.2727272727272727,0.7272727272727273,0.6666666666666666,1.0,90.75,92.31,27.5,,0.5,0.38225,0.0,4.0,0.0,4.0,1.6094379124341005,low,,Johnny Davis,L,-0.11620641896327895,0.1443964629015259,-0.20043869529896036,-0.08337546645882353,-0.11128219483305653,-5.478909,4.95836
643289,1062,4316,0.5581556997219648,R,0.1772519717725197,0.8227480282274803,0.3812356979405034,0.7395588925387142,85.99619450317124,101.7,12.65437302423604,68.2286472148541,0.3844515441959531,0.2935273469387754,361.0,864.0,361.0,864.0,7.111512116496157,medium,0.0743537883451318,Mauricio Dubón,R,-0.4058368120421791,1.1293314499086569,-0.5294596281496549,-0.0875216773065572,-0.5913879355217133,-9.240177,11.786511
643335,1063,422,0.3744075829383886,L,0.0569620253164556,0.9430379746835444,0.1800947867298578,0.5687203791469194,84.06309523809524,97.24,7.654761904761905,,0.382716049382716,0.2775754716981132,20.0,86.0,20.0,86.0,4.672828834461906,low,-0.1782581395348837,Zach Granite,L,-0.3144746835269058,0.9147071977286051,0.703273810769748,0.538937141269199,1.1570565807830215,7.0525103,14.785028
643348,1064,134,0.4552238805970149,R,0.4590163934426229,0.5409836065573771,0.2727272727272727,0.6323529411764706,95.7,103.32,2.0,,0.75,0.1972857142857143,10.0,18.0,10.0,18.0,3.367295829986474,low,0.1236888888888889,Caleb Hamilton,R,0.022538201115039368,-0.8575608532229084,0.04703754532387905,-0.008653869802127866,-0.08496421572474827,-1.3279847,-16.172384
643376,1065,5301,0.4627428787021316,R,0.2050550346514472,0.7949449653485527,0.232532347504621,0.7026194144838213,88.56284796573875,103.87,19.02457264957265,68.90108695652174,0.517353579175705,0.3194526239067055,415.0,957.0,415.0,957.0,7.224753405767971,medium,-0.0273561883899233,Danny Jansen,R,-0.7042531686030243,-0.9211081564584823,0.5440157124464151,-0.7422239876399072,0.4416805311595623,-6.7612743,-14.822536
643393,1066,7994,0.4497122842131599,L,0.1379694019471488,0.8620305980528512,0.245154794865341,0.6518279035065904,85.47566037735848,96.7,14.169811320754716,63.85582329317269,0.474293059125964,0.3007762206148282,405.0,1807.0,405.0,1807.0,7.70210434005105,medium,-0.0110734673799422,Tony Kemp,L,-1.5252169734472858,0.048784253522506434,1.2140486202820258,0.15289126278933346,-0.7771742883479016,-5.7637687,22.425179
643396,1067,8885,0.4460326392796848,R,0.1405500883169316,0.8594499116830684,0.2857472324723247,0.5988129259177841,86.269842133914,101.0,5.307943416757345,66.18416988416989,0.3663366336633663,0.2910066694456023,692.0,1707.0,692.0,1707.0,7.783224016336037,high,0.0083823460690594,Isiah Kiner-Falefa,R,0.14502844679388824,1.2788685949817944,0.14435853648037342,0.5512461253988825,0.8043130611705356,-4.8882737,18.060684
643414,1068,1,1.0,R,0.0,1.0,,1.0,89.7,89.7,-28.0,,0.0,0.0,0.0,1.0,0.0,1.0,0.6931471805599453,low,,Kyle Lloyd,R,0.023873579695135722,0.05423527315581605,-0.01903246499528128,0.015145891322706566,-0.0004324226090514732,0.28180552,1.4273593
643418,1069,1630,0.452760736196319,L,0.2777777777777778,0.7222222222222222,0.2640586797066014,0.6428571428571429,87.42586872586872,103.26,5.945945945945946,,0.4247104247104247,0.2852019230769231,128.0,288.0,128.0,288.0,6.0330862217988015,medium,0.0449678819444444,Shed Long,L,-0.3241327882069504,-0.3631200926743081,-0.2449520857189595,0.43130678111965737,0.17089394159446342,-7.25666,-1.8583969
643436,1070,743,0.4414535666218035,R,0.3048780487804878,0.6951219512195121,0.289002557544757,0.6107954545454546,86.89126213592232,104.28,13.572815533980584,,0.3106796116504854,0.3218700564971751,64.0,113.0,64.0,113.0,5.181783550292085,low,0.065624032079646,Ryan Mcbroom,R,-0.26523121878141,-0.08278174331050896,-0.4586025906871449,0.33890559728511016,0.07110751136149508,-15.37787,-3.752095
643446,1071,9408,0.5563350340136054,L,0.1524646541841803,0.8475353458158197,0.3170475990773747,0.8023280879499892,87.24980970504282,100.7,13.468125594671742,66.38644400785854,0.4368092263334935,0.3464996260284218,775.0,1899.0,775.0,1899.0,7.891704659330107,high,0.0177807171856155,Jeff Mcneil,L,-0.4587844893035183,-0.09054215421274109,0.6156473490631076,-0.11689583287056937,0.16906461685577007,1.5445985,4.765124
643524,1072,2101,0.5354593050928129,R,0.2231111111111111,0.7768888888888889,0.357207615593835,0.7324649298597194,87.57352245862884,104.46,11.941176470588236,,0.4539007092198581,0.3291705150976909,171.0,392.0,171.0,392.0,6.335054251498059,medium,0.0011157357679913,Frank Schwindel,R,0.7017874460526097,0.843427108289654,0.07502692416879618,-0.5751277457797118,-0.42404174243287746,11.496917,1.4480416
643565,1073,4601,0.4325146707237557,L,0.24321608040201,0.75678391959799,0.1906005221932115,0.6739036039947894,87.71388888888889,102.7,9.15277777777778,66.25363408521304,0.3578125,0.3154561734213006,219.0,842.0,219.0,842.0,6.967909201801884,medium,-0.005271098385015,Mike Tauchman,L,-0.3781594340171165,-0.6473563307461685,-0.394734806613582,0.5170761797307108,1.1904001449917856,-21.44352,-9.857442
643603,1074,3707,0.4216347450768816,R,0.2085732565579015,0.7914267434420985,0.2607594936708861,0.605080831408776,87.84456721915285,103.16,15.139963167587476,,0.4042553191489361,0.3130268065268065,281.0,577.0,281.0,577.0,6.755768921984255,medium,0.0120995762842534,Tyler White,R,-1.0676089030943,0.2205833281856447,0.5566003778760078,-0.29577113653008785,-0.06078586680231231,-18.47902,-8.319074
644337,1075,132,0.4393939393939394,R,0.2413793103448276,0.7586206896551724,0.2121212121212121,0.6666666666666666,83.19473684210527,96.58,15.157894736842104,,0.6111111111111112,0.17815625,10.0,22.0,10.0,22.0,3.49650756146648,low,-0.1311363636363636,Nate Orf,R,-0.5100695086674296,-0.2798118240390412,0.2193642461590362,-0.21165848105880933,-0.05756876531095613,-7.96153,-8.242752
644374,1076,2491,0.4925732637494981,R,0.2616136919315404,0.7383863080684596,0.2908805031446541,0.7030352748154225,87.8551724137931,104.6,14.6871921182266,70.39687500000001,0.4292803970223325,0.2718626543209876,286.0,362.0,286.0,362.0,6.47543271670409,medium,-0.0234379515512112,Yu Chang,R,0.4015893465017352,-0.336795390546569,0.22412672282661228,-0.8758872674714021,0.5956837550074563,-2.3656127,-11.119429
644433,1077,404,0.5123762376237624,R,0.2801932367149758,0.7198067632850241,0.3263157894736842,0.677570093457944,89.32571428571428,103.51,12.6,,0.4264705882352941,0.2656274509803921,39.0,63.0,39.0,63.0,4.634728988229636,low,0.1834725274725274,Chadwick Tromp,R,-0.18273099320927647,0.3451604364007401,-0.18861405218193344,-0.06702406604774204,-0.8487028923601252,-0.29502502,20.044048
645277,1078,12342,0.5587425052665694,L,0.2114269141531323,0.7885730858468677,0.3452075471698113,0.8061920587720832,88.22992439315558,102.0,17.109474522292995,68.50129151291512,0.4963503649635036,0.3396253353204173,837.0,2518.0,837.0,2518.0,8.118505067587098,high,-0.0708381796821546,Ozzie Albies,L,-1.7818260849074627,-0.3188533420099918,-0.010845182428224114,-0.768931851433378,-1.0981708883441816,-13.659254,-9.566065
645302,1079,6488,0.4915228113440197,R,0.2430228911884603,0.7569771088115397,0.2850678733031674,0.7072171446580523,83.9505366726297,102.33,16.75939177101968,,0.4876486733760293,0.2941945701357465,525.0,1243.0,525.0,1243.0,7.478169694159785,high,0.0452064268474888,Víctor Robles,R,-0.4788018427803125,-0.5594983270647395,0.24094587997755826,-1.0651473335869617,0.025421527698660813,-11.090272,-2.1858163
645305,1080,50,0.58,R,0.3103448275862068,0.6896551724137931,0.3478260869565217,0.7777777777777778,88.72,101.62,6.7,,0.5555555555555556,0.2904285714285714,3.0,11.0,3.0,11.0,2.70805020110221,low,0.1572727272727273,Ali Sánchez,R,0.41712581072468286,0.229085184650623,-0.20242267647169654,0.23221270213300943,-0.1986746660710129,14.458996,-2.1900551
645444,1081,967,0.3960703205791106,L,0.2114882506527414,0.7885117493472585,0.1935483870967742,0.5836653386454184,85.22397260273974,97.15,7.164383561643835,65.52705882352942,0.5416666666666666,0.2336808510638297,46.0,189.0,46.0,189.0,5.4638318050256105,low,-0.0428611686220382,José Herrera,L,-0.19382667411999185,0.04270950742138793,0.4325772252276046,0.5785303840042932,0.5490316076613307,13.162964,18.117874
645801,1082,2948,0.3904341926729986,L,0.2441355343179844,0.7558644656820156,0.2106261859582542,0.598390636430139,89.91917808219178,105.23,16.618721461187214,68.43674242424242,0.5162037037037037,0.3136913407821229,108.0,608.0,108.0,608.0,6.57507584059962,low,-0.0826886574074073,Mike Ford,L,1.5012007058907983,-0.39284364929071136,0.8312812119911672,-0.05626835100010741,0.4478733667531571,8.363484,-2.3153257
645848,1083,117,0.5555555555555556,R,0.2307692307692307,0.7692307692307693,0.4333333333333333,0.6842105263157895,88.33749999999999,103.2,12.291666666666666,,0.3333333333333333,0.3152285714285714,27.0,8.0,27.0,8.0,3.58351893845611,low,0.042587962962963,Dariel Álvarez,R,0.0055504420537737095,0.38174621897932814,-0.4382273400166145,0.10560122089314009,-0.35482711246109294,-3.746041,7.800972
646240,1084,13573,0.5355485154350549,L,0.2501031778786627,0.7498968221213372,0.3447563996696944,0.7553511970826067,92.43172085646312,108.4,11.348394768133176,72.15145454545456,0.4375,0.3583477164471841,1091.0,2478.0,1091.0,2478.0,8.180320874773685,high,0.0493803675830349,Rafael Devers,L,-0.14887387447851888,0.11033959991813094,-2.1707460474897218,-1.0351797555400604,-0.25887225512923456,-11.521304,7.382799
647304,1085,5815,0.5141874462596733,L,0.1836120401337793,0.8163879598662207,0.3443517329910141,0.710263060392738,89.18160261651677,105.8,9.64,71.48306709265177,0.4663934426229508,0.3256003729024238,421.0,1188.0,421.0,1188.0,7.383989457978509,medium,0.0502205507169877,Josh Naylor,L,1.402799370422113,0.6668811135889449,-0.48576900253892075,-0.5899927506359867,-0.033973732731243884,13.123051,1.9193714
647351,1086,3605,0.4779472954230235,L,0.1851421938479396,0.8148578061520604,0.2998903508771929,0.6603032004491859,86.81693667157585,102.1,13.73343151693667,71.13125,0.4449404761904761,0.2790450160771704,292.0,641.0,292.0,641.0,6.839476438228843,medium,0.0303327420768063,Abraham Toro,L,-1.10200424353662,0.5986636135702724,-0.14589093849449775,-0.021857607626440356,0.5182339685147966,-2.7935288,17.650776
648717,1087,802,0.5922693266832918,R,0.2463157894736842,0.7536842105263157,0.3984962406015037,0.7841191066997518,86.920987654321,102.59,14.697530864197532,,0.5,0.2969043478260869,84.0,146.0,84.0,146.0,5.442417710521793,low,-0.0268551859099804,Alex Guerrero,R,-0.42829146399324686,-0.550022596176879,-0.4516709035921146,-0.7184649991282803,-0.5932861588023086,-13.049359,-3.4694793
649557,1088,8826,0.5129163834126444,R,0.2018997128341064,0.7981002871658935,0.3187597590898952,0.7133317982961087,88.06584599266633,104.0,12.561026715557883,69.26045454545454,0.4810751508502468,0.3171718875502008,742.0,1748.0,742.0,1748.0,7.820439515262181,high,-0.0188226714242538,Aledmys Díaz,R,0.34773074126937764,0.30659327136872533,0.48692611448508805,-0.9736119826804844,0.2850630966820374,10.652396,5.3131514
649966,1089,6686,0.435237810349985,R,0.2079037800687285,0.7920962199312714,0.244661921708185,0.6291490645745322,87.26369668246446,101.9,13.333649289099526,65.33352272727274,0.4675572519083969,0.3175814950980392,422.0,1210.0,422.0,1210.0,7.398174092970465,medium,0.0379078649484939,Luis Urías,R,-1.0171862121792408,-0.4530550584812687,0.16147770583494336,-1.4100129925983318,0.49972758733213557,-9.32127,-8.967867
650331,1090,1423,0.5031623330990864,L,0.2430167597765363,0.7569832402234636,0.3702239789196311,0.6551204819277109,88.09598214285714,103.14,18.5625,,0.4681818181818182,0.2445058479532163,66.0,276.0,66.0,276.0,5.8377304471659395,low,0.1161475625823452,Lewin Díaz,L,0.41333526168335893,0.7395059560684117,0.2585261448491998,-1.1882247620957438,-0.22789817772597107,-19.749699,3.7696376
650333,1091,8506,0.449329884787209,L,0.0724751439037153,0.9275248560962848,0.2576601671309192,0.6460219151977132,88.26085292509569,98.7,11.508196721311476,62.63120879120879,0.3481359649122807,0.3497728110599078,507.0,1663.0,507.0,1663.0,7.682943169878292,high,0.0519730140035889,Luis Arráez,L,-1.3019364199672636,1.199415151963112,0.6867057542393628,-0.06753797305797948,1.4356463161115,-0.0699265,12.645266
650339,1092,298,0.5805369127516778,R,0.3236994219653178,0.6763005780346821,0.4038461538461538,0.7746478873239436,87.16136363636363,103.66,4.340909090909091,,0.4545454545454545,0.1838421052631579,32.0,44.0,32.0,44.0,4.343805421853684,low,-0.0894914772727272,Jermaine Palacios,R,-0.0961993676103377,-0.09962693140479255,-0.5080943624166593,0.32949727651059785,-0.2583145754747541,18.81841,-6.9166665
650391,1093,6342,0.5132450331125827,R,0.2924731182795699,0.7075268817204301,0.3496640537513997,0.7241877256317689,91.44629780309197,107.6,7.281072298943948,73.84974874371859,0.4130794701986754,0.343592676056338,432.0,1343.0,432.0,1343.0,7.4821189235521155,medium,-0.0235209040015443,Eloy Jiménez,R,1.698840662744207,0.2534434943989604,-0.7723260067228039,0.016787613446307793,-0.3714398285542589,14.4913645,-0.96438164
650402,1094,11935,0.4825303728529534,R,0.2472651501996874,0.7527348498003126,0.2713664896185417,0.711814051031108,89.11603053435115,103.9,16.43702290076336,69.49103053435115,0.3992266795553407,0.3377705410821643,755.0,2239.0,755.0,2239.0,8.00469951054955,high,0.0364432247130193,Gleyber Torres,R,-0.6141823461827447,-0.4836092738157458,0.246311730907465,0.3370212979822618,-0.2911689044448387,-7.8053775,-15.480951
650489,1095,5554,0.549333813467771,L,0.2697476237299246,0.7302523762700753,0.3816291161178509,0.7306107156238292,85.56373737373738,104.3,13.223232323232324,70.541689373297,0.3930753564154786,0.3013849765258216,433.0,1058.0,433.0,1058.0,7.307872780763706,medium,0.0006466818302868,Willi Castro,L,-0.11127922284353367,0.4337720941913771,-0.9762048974121007,-0.33718671393723365,-0.8495038169415141,-3.5051613,9.560966
650490,1096,9598,0.4202958949781204,R,0.1658403569657908,0.8341596430342092,0.1953858717844018,0.6546808510638298,91.6656162070906,108.2,5.213723284589427,71.90976744186047,0.3253968253968254,0.3570561843168957,775.0,1699.0,775.0,1699.0,7.813995675002791,high,0.0340747847880156,Yandy Díaz,R,0.0858106604110855,-0.3493532176034574,-0.8486090161894156,0.6425817788011962,1.8384680043474806,-22.834705,-5.0862417
650559,1097,4713,0.497347761510715,R,0.2593856655290102,0.7406143344709898,0.3286163522012578,0.6952512678653757,89.90460606060607,104.66,11.007272727272728,70.77821782178218,0.3963414634146341,0.3156031746031746,304.0,893.0,304.0,893.0,7.088408778675395,medium,-0.0169729843225084,Bryan De La Cruz,R,0.46719919105105034,0.5411498201253081,0.010553971240522781,-0.17511365537459644,-0.10968042951144127,20.259893,7.026503
650619,1098,1148,0.4189895470383275,L,0.3035343035343035,0.6964656964656964,0.2116402116402116,0.621342512908778,87.66153846153847,102.2,4.282051282051282,,0.4645161290322581,0.245410071942446,53.0,225.0,53.0,225.0,5.631211781821365,low,0.0029078406708595,Meibrys Viloria,L,-0.022954411501066932,-0.6787312484573979,0.1064577632456137,0.7170372563288513,0.14229471327506396,13.538412,-17.241411
650813,1099,7,0.4285714285714285,R,0.6666666666666667,0.3333333333333333,0.5,0.3333333333333333,97.5,97.5,-16.0,,1.0,0.0,0.0,2.0,0.0,2.0,1.0986122886681098,low,,Luis Escobar,R,0.08016416143217231,-0.045775566055766166,0.06998689468501923,0.009950365558834693,-0.02024696836342551,1.9127359,-2.3942068
650859,1100,6270,0.4950558213716108,L,0.2261597938144329,0.773840206185567,0.2936064556176288,0.708005249343832,87.3643220338983,102.7,10.022033898305084,69.84801136363636,0.4575835475578406,0.3033500908540278,523.0,1128.0,523.0,1128.0,7.409741954080923,high,-0.0320685488792156,Luis Rengifo,L,-0.68098486084279,0.19372060358512838,-0.21013345535521516,-0.08659660390736092,-0.0553732057387943,-22.003242,7.650337
650907,1101,723,0.5573997233748271,R,0.3424317617866005,0.6575682382133995,0.3333333333333333,0.7552083333333334,89.96578947368421,105.17,15.201754385964913,71.34413145539905,0.3771929824561403,0.2808085106382978,37.0,151.0,37.0,151.0,5.241747015059643,low,-0.0112024342223017,René Pinto,R,-0.7654602156818601,-0.6409304763420907,-0.8825597765697663,-0.32838804945097805,0.05751358318009159,-14.29735,-11.613121
650968,1102,232,0.6336206896551724,R,0.1700680272108843,0.8299319727891157,0.4473684210526316,0.8135593220338984,87.7390625,103.05,14.59375,,0.4126984126984127,0.3001948051948052,27.0,50.0,27.0,50.0,4.356708826689592,low,0.0678592592592592,Yohel Pozo,R,0.2559260577975456,1.1539335190007702,-0.08654039565762496,-0.42918275605127615,-0.8630884648235315,2.754077,19.501377
655316,1103,1335,0.4202247191011236,R,0.2067736185383244,0.7932263814616756,0.2249240121580547,0.6100443131462334,88.77361111111111,100.9,17.88425925925926,65.54222737819026,0.3953488372093023,0.3023111111111111,93.0,222.0,93.0,222.0,5.755742213586912,low,0.0640507120023249,Andruw Monasterio,R,-0.5552503416749541,-0.07146249965887239,0.7211252536422926,0.5669698695410101,0.6203386881298112,-22.171146,-7.2550225
656024,1104,273,0.5054945054945055,R,0.1956521739130434,0.8043478260869565,0.3428571428571428,0.6766917293233082,84.30555555555556,99.31,14.055555555555555,65.90493827160493,0.5094339622641509,0.2601267605633803,18.0,53.0,18.0,53.0,4.276666119016055,low,0.1532169811320754,Carlos Pérez,R,0.30684652462283635,0.5398627510779276,0.5834165860396456,-0.5903342519753384,0.1764848878840271,10.620088,5.290707
656180,1105,1710,0.4590643274853801,R,0.2751592356687898,0.7248407643312101,0.3025583982202447,0.6325524044389642,89.6265873015873,106.56,14.66798418972332,73.31937984496125,0.3902439024390244,0.3067800925925926,196.0,236.0,196.0,236.0,6.07073772800249,medium,-0.0096092182635766,Riley Adams,R,0.10050607133939728,-0.07327234604537065,-0.43467120189625164,-0.7607826741684474,0.5334893593481144,-17.88272,2.3136506
656185,1106,3109,0.4609199099388871,L,0.2316817864619679,0.7683182135380321,0.2560260586319218,0.6607369758576874,86.92230623818526,100.32,10.007561436672969,65.63,0.4885057471264368,0.2817604422604423,221.0,593.0,221.0,593.0,6.703188113240863,medium,0.0563920932752398,Greg Allen,L,0.028691843338735947,0.09707266087740972,0.6639882418361572,0.23547698755118918,-0.14460126054830377,4.011204,-10.05511
656248,1107,577,0.3951473136915078,R,0.2719298245614034,0.7280701754385965,0.2295081967213114,0.5808823529411765,90.5164383561644,105.52,13.219178082191782,69.896875,0.4583333333333333,0.4217785714285714,47.0,93.0,47.0,93.0,4.948759890378168,low,0.0069313658201784,Sean Bouchard,R,0.166520964192665,-0.3361151737432877,0.34798919687653324,-0.30422325278648604,0.03716036804267669,-1.4372844,-8.217454
656252,1108,1344,0.484375,L,0.3824884792626728,0.6175115207373272,0.2995839112343966,0.6982343499197432,89.3576923076923,107.19,11.324175824175825,,0.4285714285714285,0.2957558139534884,95.0,249.0,95.0,249.0,5.84354441703136,low,0.0099004861551469,Bobby Bradley,L,0.6495629214399858,-0.8762200406534352,-0.6799725534530007,0.13850829795482822,-0.5466791558231494,7.012317,-19.59542
656305,1109,15019,0.427192223183967,R,0.2593516209476308,0.7406483790523691,0.2127263045793397,0.6418009857466365,92.10624133148404,107.6,17.888632162661736,74.11918918918919,0.4362159579550884,0.3383806469604015,911.0,2675.0,911.0,2675.0,8.185071477532283,high,0.010710110077249,Matt Chapman,R,-0.0853594754545601,-1.2447735607965353,-0.7450472241791198,-0.522001879075409,0.32684841221439576,-9.32221,-13.8682785
656308,1110,4437,0.5474419652918638,R,0.323589954713874,0.676410045286126,0.3612704014115571,0.7419354838709677,87.17115384615384,105.23,10.486968449931412,70.76966292134831,0.426183844011142,0.2928782755705832,469.0,714.0,469.0,714.0,7.076653815443951,high,0.0165689410092395,Michael Chavis,R,-0.47905615213082503,-0.48696868264154436,-1.4941609141657597,0.06836897385452838,-0.21562177942361535,-6.0885735,-9.583001
656364,1111,136,0.5220588235294118,L,0.3943661971830986,0.6056338028169014,0.328125,0.6944444444444444,82.3625,96.3,28.6875,,0.5,0.1357419354838709,4.0,27.0,4.0,27.0,3.4657359027997265,low,-0.3487592592592592,Greg Deichmann,L,-0.3902788374761985,-0.08731170381697027,-0.28357843554588497,-0.16180885218347005,0.2902507689203648,-8.561515,-5.2205176
656371,1112,2065,0.4072639225181598,L,0.2948870392390011,0.7051129607609988,0.2474793767186067,0.5862422997946611,88.5617088607595,102.5,13.253164556962023,73.04347826086956,0.4519230769230769,0.2385365384615384,133.0,387.0,133.0,387.0,6.255750041753367,medium,0.0571348332070485,Isan Díaz,L,0.2727636113570542,-0.5199596369373858,0.7045707025369179,0.6562283952831834,-0.693474862562112,4.5967946,-15.8183975
656388,1113,47,0.4893617021276595,R,0.217391304347826,0.782608695652174,0.1904761904761904,0.7307692307692307,85.92857142857143,98.34,40.142857142857146,,0.7142857142857143,0.4488181818181818,4.0,7.0,4.0,7.0,2.4849066497880004,low,0.604107142857143,Joe Dunand,R,0.036748103819347726,-0.105480024404015,0.29842849145316125,-0.1366002341509068,-0.05000296920001349,1.1055042,-5.331605
656403,1114,562,0.4430604982206406,R,0.2811244979919679,0.7188755020080321,0.2076923076923077,0.6456953642384106,84.8044776119403,101.22,20.567164179104477,69.14,0.5970149253731343,0.2611875,55.0,73.0,55.0,73.0,4.859812404361672,low,0.0349947696139476,Drew Ellis,R,-0.5876477454396913,-0.936578482828415,0.6172615161266904,-0.5366182138523784,0.044897979097534964,-6.213915,-14.595939
656413,1115,1425,0.4982456140350877,R,0.3154929577464789,0.6845070422535211,0.2218978102189781,0.754054054054054,86.50409090909092,103.4,13.677272727272728,68.53170731707317,0.5203619909502263,0.3184353562005277,169.0,210.0,169.0,210.0,5.940171252720432,medium,0.0162367145674838,Stuart Fairchild,R,0.49408762053737687,-1.1668825546827335,0.8015670462972638,-0.2522205506983719,-0.16575272560885299,8.870712,-15.012062
656448,1116,1350,0.5370370370370371,R,0.3131034482758621,0.6868965517241379,0.3422159887798036,0.7551020408163265,91.56262135922331,105.4,18.6504854368932,73.20372670807453,0.3737864077669903,0.3474154727793696,187.0,162.0,187.0,162.0,5.857933154483459,medium,0.0218001914570542,Stone Garrett,R,1.0494571640094401,-0.19858340774868768,-0.19754232519768666,-0.5038919191636191,-0.056803897201421864,14.023368,-2.2848766
656467,1117,183,0.3934426229508196,R,0.3472222222222222,0.6527777777777778,0.2268041237113402,0.5813953488372093,86.25833333333333,108.71,-5.458333333333333,,0.4545454545454545,0.2156363636363636,19.0,25.0,19.0,25.0,3.80666248977032,low,0.161541052631579,Chris Gittens,R,0.34518127402074567,-0.4576289016901759,-0.4248184313027653,0.5638952210304584,-0.034452028150735586,13.337785,-6.5920115
656484,1118,21,0.7142857142857143,L,0.1999999999999999,0.8,0.5,0.9090909090909092,89.625,104.08,7.4,72.53333333333333,0.6,0.5774,0.0,5.0,0.0,5.0,1.791759469228055,low,,Tristan Gray,L,0.2207057064457187,-0.17995981078638285,0.19364789703653715,-0.18991767777710433,-0.21039106079548492,3.601674,-4.9304175
656494,1119,14,0.5,L,0.8571428571428572,0.1428571428571428,0.5555555555555556,0.4,87.1,87.1,37.0,,0.0,0.0,1.0,3.0,1.0,3.0,1.6094379124341005,low,0.0,Taylor Gushue,L,-0.02010818067284809,-0.03952712027454484,-0.06911308050118385,-0.10149257732742832,-0.10221994285850448,-1.028225,-0.05871972
656495,1120,228,0.4473684210526316,R,0.3137254901960784,0.6862745098039216,0.2890625,0.65,80.60689655172413,97.64,17.689655172413794,,0.1379310344827586,0.3381607142857143,28.0,28.0,28.0,28.0,4.04305126783455,low,-0.0611071428571428,Dalton Guthrie,R,-0.17851889844278207,0.4493685785331832,-0.09301451565236887,0.08600648292993848,-0.17536006477429192,1.7342894,12.375783
656509,1121,308,0.4155844155844156,R,0.4296875,0.5703125,0.2514285714285714,0.631578947368421,84.53666666666666,103.79,1.0333333333333334,,0.3,0.24648,35.0,40.0,35.0,40.0,4.330733340286331,low,-0.0175607142857142,Monte Harrison,R,0.5002167203832679,-0.35360172453001293,-0.5700290196105136,0.5673824718469023,0.0883926258928118,10.096113,-9.525362
656514,1122,1630,0.4852760736196319,L,0.2389380530973451,0.7610619469026548,0.297423887587822,0.6920103092783505,86.77234042553191,101.39,3.3368794326241136,,0.4014336917562724,0.2941601941747573,81.0,331.0,81.0,331.0,6.023447592961033,low,0.0271989108947819,Adam Haseley,L,-0.2221907846253717,-0.07743890040870897,0.0118582706616287,0.29302333084580934,0.42232035579518135,-4.304432,1.4554758
656537,1123,1061,0.4844486333647502,R,0.2743190661478599,0.72568093385214,0.3114754098360656,0.669921875,85.87709497206704,102.02,7.715083798882682,,0.3910614525139664,0.2628039867109634,106.0,195.0,106.0,195.0,5.71042701737487,low,0.0983350749879052,Derek Hill,R,0.38844773743192834,-0.055523042489660536,-0.22916994697708454,0.9006538902103751,-0.5663805425932432,19.756454,-5.187262
656541,1124,3036,0.4496047430830039,L,0.3619047619047619,0.638095238095238,0.2504804612427931,0.6603389830508475,90.65,107.27,12.6497461928934,71.97999999999999,0.4564102564102564,0.306750700280112,147.0,567.0,147.0,567.0,6.5722825426940075,medium,0.0164247921390778,Sam Hilliard,L,0.9614645678122946,-0.735614191874102,-0.1989487609122946,-0.5770436273805687,-0.032446927681523574,7.7281337,-18.44275
656555,1125,12650,0.4064822134387352,R,0.2240373395565927,0.7759626604434072,0.2202683942619157,0.6022377168801687,89.9071469411092,105.1,21.51000571755289,,0.4854771784232365,0.3605062849162011,771.0,2093.0,771.0,2093.0,7.96032362914884,high,0.0414125684837916,Rhys Hoskins,R,-0.10202856460730698,-0.7629913002470525,1.3736546531710019,-1.2450249105822841,0.5059450372086813,-3.4284906,-18.063358
656568,1126,22,0.5909090909090909,L,0.2307692307692307,0.7692307692307693,0.3846153846153846,0.8888888888888888,82.425,87.3,31.0,,0.0,0.0,1.0,4.0,1.0,4.0,1.791759469228055,low,0.0,Scott Hurst,L,0.024573765682372708,0.2988341114991721,-0.11456516763648238,-0.05149388668448148,0.0036087140088266988,-1.5445652,4.431887
656577,1127,716,0.5335195530726257,R,0.4869109947643979,0.5130890052356021,0.3684210526315789,0.7202380952380952,87.28378378378379,106.85,20.85135135135135,,0.4520547945205479,0.2158907103825136,55.0,128.0,55.0,128.0,5.214935757608986,low,-0.0812319602272727,Alex Jackson,R,-0.3098640418730945,-0.8465330637992722,-0.5676511465263345,-0.8536609072281226,-0.9027616640500603,-11.741772,-12.08506
656582,1128,4744,0.4017706576728499,R,0.2061909758656873,0.7938090241343126,0.2015209125475285,0.601177955405974,87.19298013245033,103.9,13.562913907284768,71.56967930029155,0.3901464713715046,0.3278739279588336,435.0,731.0,435.0,731.0,7.062191632286556,medium,0.0255719577967513,Connor Joe,R,0.428413246597416,-0.10393866908043532,0.7860726028833936,0.7646167531395015,0.022752560733237826,6.9392414,-11.661487
656627,1129,77,0.3896103896103896,R,0.1999999999999999,0.8,0.2647058823529412,0.4883720930232558,88.2909090909091,102.1,-2.0,,0.2727272727272727,0.2936666666666666,12.0,9.0,12.0,9.0,3.091042453358316,low,-0.2681388888888889,Mark Kolozsvary,R,-0.07051640467258699,-0.0034970765804479796,0.11755951610703642,0.42303198197257,-0.16291066141124902,5.4279265,-8.605504
656669,1130,4481,0.4563713456817674,R,0.2591687041564792,0.7408312958435208,0.2104580812445981,0.7189663128749423,87.10650154798762,102.95,18.379256965944272,68.95310344827587,0.4831460674157303,0.3182334593572778,563.0,495.0,563.0,495.0,6.9650803456014065,high,0.0733599906704702,Jordan Luplow,R,-0.6912000808783599,-1.0211255014457923,0.45332273567237097,-0.775789692996646,0.4706985907008625,-7.8501334,-12.10025
656695,1131,264,0.5075757575757576,L,0.3432835820895522,0.6567164179104478,0.3591549295774648,0.680327868852459,88.52307692307693,103.82,7.666666666666667,,0.358974358974359,0.2580845070422535,11.0,60.0,11.0,60.0,4.276666119016055,low,0.0587287878787878,J. J. Matijevic,L,0.34856104005804606,0.022186661709468314,-0.216878512322683,0.11864873634699306,-0.20397691983239175,7.4880795,-0.4228423
656716,1132,3604,0.4675360710321865,L,0.1976261127596439,0.8023738872403561,0.2809110629067245,0.6630681818181818,87.18232235701906,102.0,15.826689774696709,66.62013422818792,0.4322916666666667,0.2860022831050228,115.0,761.0,115.0,761.0,6.776506992372183,medium,0.0100123407415871,Zach Mckinstry,L,-0.8442085567628406,0.2933576350492485,0.09273303097213052,-0.08331299809218531,0.2503149430962297,2.165306,7.6944227
656775,1133,8329,0.4754472325609317,L,0.2010101010101009,0.798989898989899,0.2767083734359961,0.6733764677689912,88.90039708802118,102.9,16.68915343915344,68.98599348534202,0.4939106901217862,0.3247302092811647,665.0,1533.0,665.0,1533.0,7.695757990554761,high,0.0511821814810999,Cedric Mullins,L,-0.8433562074391964,-0.03480517674346774,-0.0679766983692675,-0.20448489832739672,-0.4662484848102788,-5.9295325,2.4321961
656811,1134,5722,0.4727368053128277,L,0.2443622920517559,0.755637707948244,0.2810327706057597,0.6871529063309886,91.24316012725345,105.1,13.411452810180275,70.39007092198581,0.4585106382978723,0.3059016050244242,192.0,1241.0,192.0,1241.0,7.268223021159565,medium,0.0752795796400752,Ryan O'Hearn,L,1.0134900396769668,-0.05650458772038668,-0.14894376474670618,-0.23824730804839855,0.64175502920675,2.924422,-1.1669084
656821,1135,221,0.497737556561086,R,0.3363636363636363,0.6636363636363637,0.2869565217391304,0.7264150943396226,90.71142857142856,109.52,19.771428571428572,,0.4411764705882353,0.1486315789473684,36.0,21.0,36.0,21.0,4.060443010546419,low,-0.0452182539682539,Kevin Padlo,R,0.18850404898127773,-0.3994090694634953,-0.07054981262390346,0.12424066666267564,-0.11275810499281172,6.079773,-6.745167
656847,1136,900,0.5677777777777778,R,0.3346379647749511,0.6653620352250489,0.3507625272331154,0.7936507936507936,87.50845070422535,107.62,16.43661971830986,,0.3846153846153846,0.2723559322033898,88.0,148.0,88.0,148.0,5.4680601411351315,low,-0.1054484029484029,Dj Peters,R,0.5000094033860975,-0.6676597770692463,-0.6852124716102739,-0.158638651134245,-0.8315497107195492,14.910806,-10.689416
656883,1137,5,0.6,R,0.0,1.0,1.0,0.5,96.55,103.15,22.0,,0.0,0.621,0.0,2.0,0.0,2.0,1.0986122886681098,low,,Jakson Reetz,R,-0.15654152794915743,0.16013550884623334,-0.21731921274891686,-0.22571611339925907,0.008324335011444039,-5.817988,6.2788773
656896,1138,2826,0.4833687190375088,R,0.2357247437774524,0.7642752562225475,0.2733469665985003,0.7100809418690214,90.6072796934866,104.08,10.009578544061302,67.42043010752688,0.394990366088632,0.2999148648648648,248.0,492.0,248.0,492.0,6.608000625296087,medium,0.0322410503540519,Emmanuel Rivera,R,-0.19639869519120523,-0.14670162623749858,0.14879670016353114,0.6843868373454198,0.33458457978056033,3.5735326,6.9838176
656941,1139,16750,0.4146865671641791,L,0.2807371148862655,0.7192628851137345,0.233072625698324,0.6230769230769231,92.17476340694006,108.62,16.237494366831907,74.91504237288136,0.503700277520814,0.3520921119592875,1065.0,2865.0,1065.0,2865.0,8.27664912542186,high,0.0573357716982523,Kyle Schwarber,L,1.3211088580704553,-0.9508664429498037,0.1270449906645107,-0.35352027555495047,-0.0683292340830321,5.685639,-6.2055087
656976,1140,4260,0.4089201877934272,L,0.1796785304247991,0.8203214695752009,0.2342215988779803,0.5851013672795851,87.87152406417111,103.73,11.366310160427808,70.79473684210525,0.4161073825503356,0.3069642529789184,264.0,827.0,264.0,827.0,6.9957661563048505,medium,0.058173688212231,Pavin Smith,L,0.9976957178549256,0.4291966483414395,0.7951276247275499,-0.16838091232640937,0.9371276335847061,5.1625295,-1.223863
657011,1141,76,0.4736842105263157,R,0.25,0.75,0.2926829268292683,0.6857142857142857,84.01538461538462,99.98,15.615384615384617,,0.5384615384615384,0.17675,6.0,14.0,6.0,14.0,3.044522437723423,low,0.0841666666666666,Troy Stokes,R,0.1257445404561053,-0.07729110186449303,0.02297166694476245,0.18848931918237558,0.07238686070820319,1.8472062,-0.3386567
657041,1142,6289,0.4288440133566544,R,0.1994809047089358,0.8005190952910641,0.2509493670886076,0.6085011185682326,88.28040345821326,104.7,11.619596541786745,69.91505617977528,0.4816247582205029,0.3236512365250475,490.0,1087.0,490.0,1087.0,7.363913501405819,high,0.0743626250868332,Lane Thomas,R,-0.20624000574108906,-0.36083844389169384,0.26548583512935203,0.039001236622871034,0.03639312296866834,-3.1001203,-21.802618
657061,1143,1855,0.4652291105121294,L,0.2560834298957126,0.7439165701042874,0.2574974146845915,0.6914414414414415,85.6514563106796,101.86,8.394822006472491,60.392857142857146,0.4721311475409836,0.2542899159663865,140.0,336.0,140.0,336.0,6.1675164908883415,medium,-2.4404761904794903e-05,Cole Tucker,L,0.40284259157504465,-0.06585016169763742,-0.0956686491742916,0.5812805220812783,-0.11762975479409839,9.959354,-9.1923
657077,1144,9924,0.4374244256348246,L,0.1497350840820087,0.8502649159179912,0.2544891640866873,0.61193148257531,89.15457837558199,103.9,8.022233712512927,66.1934554973822,0.4226159458051068,0.3292481350608559,746.0,1801.0,746.0,1801.0,7.843064016692054,high,0.0510408315011171,Alex Verdugo,L,0.7417297584800604,0.8395663695204125,-0.20621940557097052,0.7546280395675726,0.9257015471400012,5.523419,4.090997
657088,1145,67,0.417910447761194,L,0.1071428571428571,0.8928571428571429,0.3235294117647059,0.5151515151515151,84.12857142857142,98.34,12.857142857142858,63.6037037037037,0.5714285714285714,0.5688666666666666,4.0,11.0,4.0,11.0,2.772588722239781,low,-0.5095000000000001,Forrest Wall,L,-0.19686208981882905,0.12042341140507515,0.18714175015225742,0.03654139682026728,0.42225791326893436,3.0439456,5.662936
657108,1146,1236,0.4522653721682848,R,0.3184257602862254,0.6815742397137746,0.2446982055464926,0.6565008025682183,89.0780487804878,105.57,16.024390243902438,,0.4451219512195122,0.2396862745098039,98.0,208.0,98.0,208.0,5.726847747587197,low,-0.0606814167974882,Evan White,R,0.43703990231879264,-0.796375948104474,-0.1001250372972065,0.1404758464427577,-0.3314458193212039,5.2964807,-7.1149716
657129,1147,30,0.4333333333333333,R,0.3076923076923077,0.6923076923076923,0.2307692307692307,0.5882352941176471,95.1,95.1,14.0,,1.0,0.2621666666666666,2.0,4.0,2.0,4.0,1.9459101490553132,low,0.26975,Marcus Wilson,R,0.19217373802666257,-0.08188745017536592,-0.027775844529476745,0.008780260922139833,0.058049036552258244,1.6434209,-2.0488715
657136,1148,1791,0.5159128978224455,R,0.3106060606060605,0.6893939393939394,0.3396436525612472,0.6931690929451287,89.08215613382899,105.92,13.973977695167289,69.4569014084507,0.4452830188679245,0.2914179104477612,132.0,337.0,132.0,337.0,6.152732694704104,medium,-0.1110312921499865,Connor Wong,R,-0.7761887232435128,-0.3567869366822812,-0.6305745728648511,-0.7073369902362577,-0.06321678492927268,-11.908186,-9.8613
657145,1149,300,0.34,R,0.2647058823529411,0.7352941176470589,0.1733333333333333,0.5066666666666667,85.821875,101.95,3.59375,,0.4333333333333333,0.2690625,30.0,34.0,30.0,34.0,4.174387269895637,low,0.0616235294117647,Mark Zagunis,R,-0.2913679811277564,-0.18226032647843224,0.1539452983933239,0.5564666745670784,0.40658183557337985,11.369902,13.475247
657193,1150,546,0.5,L,0.26007326007326,0.73992673992674,0.3368421052631579,0.6781609195402298,87.62048192771084,99.6,10.120481927710845,,0.4457831325301205,0.2365857142857143,33.0,107.0,33.0,107.0,4.948759890378168,low,0.0717774001699235,Eddy Alvarez,L,-0.8634925607753534,0.13025355363676466,0.1587611376452089,0.13025444055823743,-0.3357424730301062,-3.2967062,5.5877223
657247,1151,89,0.4831460674157303,R,0.4883720930232558,0.5116279069767442,0.2444444444444444,0.7272727272727273,93.1846153846154,102.58,30.46153846153846,67.88684210526316,0.4615384615384615,0.2181199999999999,10.0,15.0,10.0,15.0,3.258096538021482,low,-0.1013666666666666,Brian O'Keefe,R,-0.3397392787230292,-0.9379120746812186,-0.0677966559063158,-0.15975025731669426,-0.19286585306728482,-7.6529217,-15.603477
657434,1152,492,0.4776422764227642,L,0.3276595744680851,0.6723404255319149,0.2423076923076923,0.7413793103448276,89.23870967741935,104.42,21.467741935483872,,0.532258064516129,0.2892477876106195,11.0,102.0,11.0,102.0,4.736198448394496,low,0.1102531194295899,Brian O'Grady,L,-0.3640264890677485,-0.8623769794554079,0.042041461422518474,-0.6123982007615487,-0.29364651662237945,-5.607632,-8.53302
657524,1153,5,0.6,R,0.3333333333333333,0.6666666666666666,0.5,1.0,,,,,,0.0,1.0,0.0,1.0,0.0,0.6931471805599453,low,,John Bormann,R,-0.018567850170513593,0.032696376996746816,-0.0020825017974023196,-0.04672610047375377,-0.009861615513165485,-0.5892308,1.3117723
657557,1154,10825,0.4944110854503464,R,0.2696188340807175,0.7303811659192825,0.2867876122411581,0.7054769001490313,87.21091113610798,103.8,18.37289088863892,67.5457337883959,0.4638447971781305,0.3070795008912655,641.0,2164.0,641.0,2164.0,7.939515260662406,high,-0.0219404595407476,Paul Dejong,R,-0.26422417266624443,-0.6568031729909974,-0.027972003574048224,-0.8074401129870649,-0.13672020537128474,-5.7329288,-19.137463
657656,1155,8180,0.4632029339853301,R,0.263130113486408,0.736869886513592,0.2816176470588235,0.6439024390243903,88.69028974158184,104.8,13.247454972592012,68.8734899328859,0.447867298578199,0.3234473813020068,601.0,1442.0,601.0,1442.0,7.622663951323595,high,0.0245806388335668,Ramón Laureano,R,-0.03776520957039683,-0.292362700892793,0.22480115607532408,-0.10109854690831004,0.5184567215691902,-1.3018991,-2.9036498
657658,1156,72,0.4027777777777778,L,0.1379310344827586,0.8620689655172413,0.2,0.5945945945945946,85.57142857142857,98.26,7.285714285714286,,0.1428571428571428,0.185,1.0,17.0,1.0,17.0,2.9444389791664403,low,0.1958823529411764,Braxton Lee,L,-0.3586206928660464,-0.025691084182003318,0.030348755604595063,0.3578671323740851,0.12351661044418137,5.6358323,7.9678364
657709,1157,404,0.4282178217821782,L,0.1734104046242774,0.8265895953757225,0.2938144329896907,0.5523809523809524,77.42769230769231,93.26,12.2,,0.4615384615384615,0.1974950495049504,25.0,76.0,25.0,76.0,4.624972813284271,low,0.0219742105263157,Michael Papierski,L,-0.098591797166996,0.5707709555672373,-0.04591688953592787,0.11589115844245249,0.16096678555237626,5.45427,10.419797
657757,1158,3919,0.4733350344475631,L,0.1951482479784366,0.8048517520215633,0.3126204238921002,0.6543678784590342,88.75090909090909,103.9,15.049924357034795,71.58730769230769,0.4802431610942249,0.2990859291084855,84.0,847.0,84.0,847.0,6.837332814685591,low,0.1582315033451397,Gavin Sheets,L,2.0269108549890356,1.4763564759106498,0.6018806854336546,-0.14150744645848415,0.31007281034195455,9.659355,-1.5310386
658069,1159,1607,0.583696328562539,R,0.2601279317697228,0.7398720682302772,0.4038929440389294,0.7719745222929937,84.84064516129031,101.01,15.30967741935484,,0.4150326797385621,0.2755407239819004,147.0,295.0,147.0,295.0,6.093569770045136,medium,-0.000280156808486,Joshua Fuentes,R,-0.24501910480544214,0.5109065790256978,-0.9275249740331366,-1.0386130941812766,-0.24264572949527285,-13.33676,11.499264
658668,1160,2964,0.4993252361673414,R,0.2189189189189189,0.7810810810810811,0.3138401559454191,0.6996491228070175,87.15008756567426,103.5,9.73951048951049,69.14674329501915,0.4840989399293286,0.3172223667100129,258.0,511.0,258.0,511.0,6.646390514847729,medium,0.0122294634323942,Edward Olivares,R,0.5497200533777176,0.3453679121705097,0.2246397851834575,-0.5874077811221395,0.5450772703540189,-16.299438,1.1419668
660162,1161,12578,0.4416441405628876,L,0.281008100810081,0.718991899189919,0.2526137761377613,0.6440566348370103,90.26458785249456,105.7,13.301733477789815,72.76675392670157,0.4360529217199559,0.3265976676384839,773.0,2314.0,773.0,2314.0,8.035278911144667,high,0.0183471148674863,Yoán Moncada,L,0.8858979599143281,-0.4678161862287616,-0.35625027347175925,-0.5859816833175029,0.6421036354626459,-15.313263,-1.4644599
660271,1162,11271,0.4749356756277171,L,0.2852606015318513,0.7147393984681487,0.2832865863718858,0.6978886756238004,93.10840092699884,109.1,12.212877030162414,75.45859154929578,0.4539627039627039,0.3830338680926916,888.0,1917.0,888.0,1917.0,7.939515260662406,high,0.0473868234431614,Shohei Ohtani,L,1.17927675773047,-0.5747070322829241,-0.8386717121794505,-0.4053391909882528,0.9817445311995833,11.819413,-19.21005
660294,1163,2767,0.4329598843512829,L,0.2212020033388981,0.7787979966611018,0.2308228730822873,0.6504126031507877,89.47146529562983,103.32,14.712082262210798,,0.3922077922077922,0.2793322884012539,177.0,461.0,177.0,461.0,6.459904454377535,medium,-0.0013932129857714,Yoshi Tsutsugo,L,-0.07235559635584751,-0.42429524413182235,-0.28839798464802646,0.07489136333917604,1.077927402394538,-21.443922,-9.82692
660620,1164,1072,0.4253731343283582,L,0.2280701754385965,0.7719298245614035,0.2975970425138632,0.5555555555555556,86.25696969696969,102.32,13.575757575757576,70.34434782608696,0.4846625766871165,0.2492334630350194,91.0,166.0,91.0,166.0,5.552959584921617,low,-0.008145107904144,Jonathan Araúz,L,0.06535646409350337,0.9588327232587125,0.3272307106644969,-0.6161288937142666,0.19177020451763827,10.368347,10.069984
660634,1165,886,0.3837471783295711,L,0.1558823529411764,0.8441176470588235,0.1905829596412556,0.5795454545454546,83.38439716312057,97.0,2.631205673758865,64.03478260869565,0.3829787234042553,0.2395852534562212,62.0,155.0,62.0,155.0,5.384495062789089,low,0.0535903225806451,Yonny Hernández,L,-0.8481054851814888,0.22307522264771257,0.21668722613075644,1.261228486971966,0.09124445876753379,10.250065,13.665305
660636,1166,1144,0.4361888111888112,R,0.250501002004008,0.749498997995992,0.3036649214659686,0.5691768826619965,89.165445026178,102.3,14.7434554973822,69.6,0.4526315789473684,0.2714558303886926,153.0,130.0,153.0,130.0,5.648974238161206,medium,0.1271473604826545,Diego Castillo,R,0.24986519016751718,0.8542114008669817,0.9769612324327719,0.1982884820343112,-0.3675608761407713,8.515478,10.03562
660644,1167,996,0.5130522088353414,L,0.1937377690802348,0.8062622309197651,0.3282442748091603,0.7182203389830508,85.52808988764045,100.69,12.634831460674157,66.45208333333333,0.5028571428571429,0.2012693726937269,96.0,175.0,96.0,175.0,5.605802066295998,low,-0.0451527976190475,Vidal Bruján,L,0.0557958755604137,-0.10384726841849044,0.29526633389913476,-0.10500403705197552,-0.5921795284984319,-3.9216774,4.0497484
660650,1168,535,0.5121495327102804,R,0.4270072992700729,0.572992700729927,0.2935153583617747,0.7768595041322314,86.47540983606558,106.4,12.163934426229508,,0.6101694915254238,0.2852,37.0,88.0,37.0,88.0,4.836281906951478,low,-0.0860104422604423,Dérmis García,R,0.9348873374554764,-1.207680847006589,0.16411214477802677,-0.08186673204364774,-0.2720648958093338,9.714417,-14.927213
660670,1169,12257,0.4551684751570531,R,0.2339128876142677,0.7660871123857322,0.2307450487268154,0.6973706530958439,92.33258541560429,109.8,12.101936799184504,74.81787072243345,0.4352759154203197,0.388418326693227,669.0,2343.0,669.0,2343.0,8.0106915391303,high,-0.0026015399367259,Ronald Acuña,R,-0.6536029390790652,-1.6819130442811265,-0.9726826782071227,-0.7184165074924556,0.6147923932557217,-6.5941577,-11.998774
660688,1170,3761,0.5102366391917044,L,0.1323606044815007,0.8676393955184992,0.3439425051334702,0.6889134031991175,87.48282828282828,101.6,15.520763187429854,64.75777262180974,0.5140607424071991,0.3074831358249771,294.0,803.0,294.0,803.0,7.001245622069476,medium,0.0084571716606941,Keibert Ruiz,L,0.3517953935723893,1.8199049595951449,0.8276665387314088,-0.16001327068901683,-0.5555646611363586,2.8822372,18.430225
660707,1171,1833,0.5286415711947627,R,0.3611971104231166,0.6388028895768834,0.4091816367265469,0.6726835138387485,88.90171821305843,105.6,11.22680412371134,73.83429319371729,0.4103448275862069,0.3050630081300813,184.0,308.0,184.0,308.0,6.20050917404269,medium,0.0116281055900621,Elehuris Montero,R,0.7916062498840776,0.4280609203379459,-0.3417367919230103,-0.4421750769095276,-0.12610793300095546,6.419814,0.72588044
660731,1172,339,0.495575221238938,L,0.3928571428571429,0.6071428571428571,0.3566878980891719,0.6153846153846154,90.47450980392156,107.1,13.215686274509803,,0.46,0.2673297872340425,23.0,71.0,23.0,71.0,4.553876891600541,low,0.0875290875688916,Anderson Tejeda,L,0.08904883775263914,-0.08544465486767215,-0.524322311644468,-0.19936710119626339,-0.5438468472529978,-3.690288,-9.59419
660757,1173,2096,0.5916030534351145,R,0.2564516129032258,0.7435483870967742,0.4736842105263157,0.7322175732217573,88.6012077294686,106.6,5.73621103117506,72.3885593220339,0.4233576642335766,0.3070892857142857,187.0,373.0,187.0,373.0,6.329720905522696,medium,-0.0420752390646729,Oscar González,R,0.7794041647330961,1.2503030566172855,-1.4783590517496081,0.3127004101096714,-0.5919379131647566,-13.61674,9.350883
660766,1174,1301,0.5380476556495004,R,0.2371428571428571,0.7628571428571429,0.3680351906158358,0.7253634894991923,85.32692307692308,103.84,18.512820512820515,71.07291666666667,0.4698275862068966,0.3047286135693215,101.0,238.0,101.0,238.0,5.8289456176102075,low,-0.0407227306764289,Juan Yepez,R,0.19116219033448353,-0.17812363517346713,0.25108833849597173,-1.8912209397667468,0.6538199345053534,-18.764816,1.7935816
660821,1175,4133,0.4902008226469876,L,0.2685093780848964,0.7314906219151036,0.3201970443349753,0.69,90.11703470031546,108.57,8.135646687697161,72.61839080459771,0.4251592356687898,0.3175764705882353,186.0,834.0,186.0,834.0,6.928537818164665,medium,0.0941346793532915,Jesús Sánchez,L,0.3281746814281387,0.1467554197952013,-1.356316107092195,-0.38452045644870625,0.8085638461670261,-16.01361,4.7208138
660829,1176,876,0.386986301369863,L,0.2300884955752212,0.7699115044247787,0.1639344262295081,0.5991091314031181,85.58253968253968,101.6,14.341269841269842,,0.496,0.2798439024390244,36.0,169.0,36.0,169.0,5.327876168789581,low,-0.1285670611439842,Hoy Park,L,-0.36660994867828156,-0.4525849891511265,0.8651573396842661,0.12465130791560666,0.28613123861898915,1.7941457,-8.722591
661388,1177,4703,0.449500318945354,R,0.2904446546830652,0.7095553453169348,0.2733900364520049,0.644136078782453,91.14124668435014,107.8,5.638888888888889,71.87551401869159,0.396551724137931,0.353339847068819,329.0,848.0,329.0,848.0,7.071573364211532,medium,0.1061911846934678,William Contreras,R,0.8012885154944123,-0.60216849440031,-0.3839316017452221,0.3539273574718002,0.458466670254915,13.547713,-6.8037996
661531,1178,864,0.5428240740740741,R,0.2750533049040512,0.7249466950959488,0.3747126436781609,0.7132867132867133,84.58129032258064,99.52,12.96774193548387,,0.4900662251655629,0.2493451327433628,52.0,174.0,52.0,174.0,5.424950017481403,low,0.014288682581786,Brian Serven,R,-0.6327401862879057,0.005550882967045793,-0.018750207951032584,-0.9137848141882354,-0.6254417928305064,-6.5551553,-0.017535692
662139,1179,6213,0.4955737968775149,L,0.2322182526794414,0.7677817473205586,0.2897410685021304,0.6941808981657179,87.64363992172211,104.99,17.876712328767123,73.23960396039604,0.5104063429137761,0.3091405269761605,369.0,1225.0,369.0,1225.0,7.374629015218945,medium,0.0333235285658978,Daulton Varsho,L,-0.37400878949162103,-0.17088178546663077,-0.24983941114168298,-0.3966043198267314,-0.40512982322072844,-13.391235,-10.707197
663330,1180,347,0.4438040345821326,R,0.2272727272727273,0.7727272727272727,0.18125,0.6684491978609626,88.63799999999999,101.47,17.6,71.58,0.46,0.2093444444444444,37.0,53.0,37.0,53.0,4.51085950651685,low,-0.0082493625701172,Jahmai Jones,R,-0.06835757240919743,-0.7834486323415628,0.4033447988723521,-0.09507681060894888,0.10994197539703204,-3.4807775,-13.959375
663368,1181,707,0.355021216407355,L,0.2151394422310757,0.7848605577689243,0.1594202898550724,0.5414364640883977,85.62765957446808,100.41,14.75531914893617,67.49565217391304,0.4838709677419355,0.3035662650602409,58.0,108.0,58.0,108.0,5.117993812416755,low,0.0529441251596423,Blake Perkins,L,-0.06343287517901888,-0.038810779767182044,0.5306812542345244,0.3299134400826423,0.19190416468320026,11.023296,12.3626995
663411,1182,39,0.5128205128205128,L,0.4,0.6,0.4285714285714285,0.6111111111111112,77.94,88.92,27.0,,0.2,0.0,0.0,10.0,0.0,10.0,2.3978952727983707,low,,Joe Mccarthy,L,0.11682447416592917,-0.14976155890581325,0.19616205654209845,-0.14502947749301742,-0.09109441590282191,1.6775827,-3.6660204
663457,1183,3899,0.3688125160297512,L,0.1974965229485396,0.8025034770514604,0.1841704718417047,0.5575726141078838,90.0475040257649,106.1,8.943639291465379,70.69444444444444,0.4368932038834951,0.3399245867768595,218.0,750.0,218.0,750.0,6.876264611890766,medium,0.0240997064220183,Lars Nootbaar,L,1.5701396933986074,0.2273942376270332,0.3144760336332541,0.2608576559174683,0.6211647934893608,15.707261,2.7993174
663478,1184,45,0.4888888888888889,R,0.3636363636363636,0.6363636363636364,0.3571428571428571,0.7058823529411765,87.98571428571428,101.1,34.142857142857146,,0.3333333333333333,0.2233636363636363,6.0,5.0,6.0,5.0,2.4849066497880004,low,0.4095,Brendon Davis,R,0.35897625932455696,-0.10392534911652047,0.0675875283374488,-0.10094037503325251,-0.06113163954951322,3.9406564,-3.2983673
663527,1185,1339,0.4533233756534727,R,0.2207578253706754,0.7792421746293245,0.2330383480825958,0.6792738275340393,88.33125,102.63,16.90625,65.77558139534884,0.3626943005181347,0.2792460063897763,113.0,200.0,113.0,200.0,5.749392985908253,medium,0.1099267256637168,Tyler Nevin,R,-0.16496742124667504,-0.06753683772916229,0.3686324684079814,0.4571802236419892,0.6315542698718635,4.443152,6.5783157
663538,1186,5773,0.4734107050060627,R,0.1368459568240029,0.8631540431759971,0.3228989452194624,0.629498941425547,86.83169533169533,101.5,9.322422258592471,67.50301075268817,0.3461224489795918,0.3167749523204068,416.0,1157.0,416.0,1157.0,7.3613754289773485,medium,0.0031361819360414,Nico Hoerner,R,-0.20009793954258343,1.481435441169832,0.1832717399372484,0.13199846315463334,0.6788441401959376,1.3142763,6.147312
663550,1187,213,0.647887323943662,L,0.4855072463768116,0.5144927536231884,0.4513274336283185,0.87,86.66071428571429,108.12,4.678571428571429,73.34198473282443,0.4285714285714285,0.2376607142857142,4.0,52.0,4.0,52.0,4.04305126783455,low,0.0685576923076923,Trey Cabbage,L,1.054770617736957,-0.25199171104009266,-0.6725069937183008,0.23000571983954138,-0.8902009651904469,15.0621395,-11.014862
663586,1188,9944,0.5094529364440868,R,0.2753651796288985,0.7246348203711015,0.3073263558515699,0.7359778204307955,91.32256690997566,108.4,14.159878419452887,74.57003367003367,0.4196701282834453,0.3599488680718188,584.0,1978.0,584.0,1978.0,7.848933726364071,high,0.032345398700777,Austin Riley,R,0.13975902534353446,-0.76721353102945,-0.8184652185620399,-0.18955853564433878,-0.08823292509759215,14.506819,-8.974733
663609,1189,448,0.4174107142857143,R,0.3048128342245989,0.6951871657754011,0.2317073170731707,0.6435643564356436,93.06909090909092,108.82,16.836363636363636,71.98931297709925,0.3818181818181818,0.2855252525252525,42.0,57.0,42.0,57.0,4.605170185988092,low,-0.081468671679198,Luken Baker,R,0.9998859838605084,-0.2809002360595263,-0.048696657778031574,-0.18857209547226192,0.47315599747523457,8.953767,-5.05497
663611,1190,3115,0.4455858747993579,R,0.0828530259365993,0.9171469740634006,0.2835917312661499,0.6056158264199106,85.56974063400577,98.8,2.239193083573487,64.44606741573034,0.3054755043227665,0.302222884386174,247.0,592.0,247.0,592.0,6.733401891837359,medium,-0.0135070166320166,Nick Madrigal,R,-1.4847689769436374,1.5890505651353846,-0.16475150665687416,0.864638559959352,0.9782932446210875,-6.2122507,17.279085
663616,1191,2847,0.4232525465402177,L,0.3659751037344398,0.6340248962655601,0.2435643564356435,0.6276276276276276,90.11069518716576,107.27,14.419786096256685,71.40163934426229,0.4625668449197861,0.3065267727930535,164.0,527.0,164.0,527.0,6.539585955617669,medium,0.0704958693941777,Trevor Larnach,L,1.5838368737227886,-0.3887869224019404,0.467898200558293,-0.23816824776085013,0.26150434577788495,8.931115,-4.596771
663624,1192,6896,0.556699535962877,R,0.2761135712425111,0.7238864287574889,0.3834606268106399,0.7689577282994514,90.29908637873754,106.4,14.581395348837209,75.295,0.3710482529118136,0.3314181010549695,555.0,1246.0,555.0,1246.0,7.496652438168283,high,0.0372970630341417,Ryan Mountcastle,R,0.8405326401067627,0.449020708752068,-1.1226871536141279,0.15940483917689818,-0.17209122026349002,18.009672,0.14442678
663630,1193,1912,0.4837866108786611,R,0.3254054054054054,0.6745945945945946,0.247578040904198,0.7070193285859614,87.95182481751824,104.1,13.226277372262771,71.58928571428571,0.3933823529411764,0.276384,236.0,264.0,236.0,264.0,6.2166061010848646,medium,-0.0005988700564971,Ryan Mckenna,R,0.003702516846034258,-1.1578552204603727,-0.3073028229649114,0.5714741515925351,0.017335151681370897,-7.3800135,-20.711304
663647,1194,6064,0.4406332453825857,R,0.1897455089820359,0.8102544910179641,0.2789158525055152,0.6181252161881702,91.33909502262443,106.2,7.495031616982836,71.05693641618497,0.2945945945945946,0.3161856325492689,479.0,1094.0,479.0,1094.0,7.3613754289773485,high,0.0451136890154305,Ke'Bryan Hayes,R,-0.23162442807666622,0.3464047246995271,-1.0495097817445957,0.8471155737550198,0.8750839438291824,-6.4145813,8.696872
663656,1195,8371,0.5056743519292797,L,0.1845027167493503,0.8154972832506496,0.2475989693136566,0.7742564602632862,90.65861214374226,104.4,16.61919504643963,69.7266037735849,0.4621638524077548,0.3594805847418912,777.0,1412.0,777.0,1412.0,7.691656822810547,high,0.0035004365960456,Kyle Tucker,L,1.345740091380811,-0.2735004368045839,0.17637928586958146,0.26950398026638245,0.608530855428378,15.332505,3.9935203
663662,1196,1006,0.4652087475149105,R,0.2777777777777778,0.7222222222222222,0.2879377431906614,0.6504065040650406,88.80068027210885,105.42,12.802721088435376,,0.3333333333333333,0.2637049180327868,73.0,171.0,73.0,171.0,5.501258210544727,low,0.0171724745654089,Daz Cameron,R,-0.09609881107346872,-0.22799988734737142,-0.6901264654132813,0.9362966561627909,-0.14474582346349096,17.31663,13.56795
663697,1197,6567,0.39409167047358,R,0.2156105100463679,0.7843894899536321,0.2174977057204038,0.5691328077622801,87.54404646660213,103.9,14.20696324951644,69.4983870967742,0.4844357976653696,0.3377153652392947,411.0,1177.0,411.0,1177.0,7.370860166536716,medium,-0.0166007024332967,Jonathan India,R,-0.6664541214197486,-0.24201910429267395,0.45743007049842993,-0.6173526471233509,0.8003998263221036,-8.749584,-8.6925335
663698,1198,1946,0.4809866392600205,R,0.3365384615384615,0.6634615384615384,0.3202020202020202,0.647489539748954,87.35201465201465,105.06,15.336996336996338,73.55384615384615,0.4666666666666667,0.2785904572564612,177.0,326.0,177.0,326.0,6.222576268071369,medium,-0.0319617170981941,Joey Bart,R,-0.9054594009847148,-0.7033337555466134,-0.5233240993328867,-1.0376867707245878,-0.11728360254974371,-10.990346,-11.201859
663728,1199,4528,0.5227473498233216,L,0.2915082382762991,0.7084917617237009,0.3264462809917355,0.7481024667931688,89.8459420289855,105.81,20.723188405797103,73.36376811594204,0.5446559297218155,0.3150928381962865,242.0,889.0,242.0,889.0,7.0317412587631285,medium,0.0293422779797153,Cal Raleigh,L,1.188773316025281,-0.25053348432573896,0.10538443406549167,-1.0030750283991239,-0.7361633625744428,-2.6442523,-4.6228185
663731,1200,15,0.5333333333333333,R,0.375,0.625,0.0,0.8,94.2,99.64,15.0,,0.5,0.0,4.0,0.0,4.0,0.0,1.6094379124341005,low,,Connor Kaiser,R,-0.020762021389878826,-0.21444325101494827,-0.017249669347980005,-0.07260132102323817,-0.03040441953871684,-2.3788013,-5.7143183
663743,1201,2094,0.447468958930277,R,0.176093916755603,0.823906083244397,0.2549763033175355,0.6429258902791145,88.78018867924528,104.1,14.882075471698114,68.95530726256983,0.4562647754137116,0.2838417508417508,163.0,431.0,163.0,431.0,6.38856140554563,medium,0.0679100678974563,Nick Fortes,R,1.3590440605599816,0.16003159458486987,0.6499920750770661,0.0013229685795949487,0.2523635071913119,11.787366,1.8173554
663757,1202,8385,0.3916517590936195,L,0.2329476248477466,0.7670523751522533,0.1940622737146995,0.5846298915605846,88.8232538330494,104.2,14.897021276595744,69.205,0.4806201550387597,0.3075373208106772,510.0,1513.0,510.0,1513.0,7.6128310304073565,high,-0.0267519717999559,Trent Grisham,L,-1.081488823878389,-1.256943636146385,0.21401783504342076,0.6103398585428048,0.38360531923371227,-17.295006,-8.397822
663796,1203,141,0.6170212765957447,R,0.264367816091954,0.735632183908046,0.4029850746268656,0.8108108108108109,82.52307692307691,98.4,19.692307692307693,,0.3846153846153846,0.2473658536585365,19.0,22.0,19.0,22.0,3.737669618283368,low,0.0428684210526315,Coco Montes,R,-0.5563814565387127,0.01983262391953408,-0.516405445486022,-0.08572302215943284,-0.3930661873198419,-13.234036,-3.751456
663799,1204,182,0.4340659340659341,R,0.2531645569620253,0.7468354430379747,0.3894736842105263,0.4827586206896552,82.53333333333333,103.25,27.0,,0.3,0.13225,17.0,31.0,17.0,31.0,3.8918202981106265,low,-0.1247134724857684,Curtis Terry,R,0.30099115413227046,0.1733536963399856,0.07871138914519263,-0.7759931124290068,0.30854759951545396,-18.415483,2.442315
663837,1205,3805,0.4423127463863338,R,0.1752822341057635,0.8247177658942365,0.2827735644637053,0.5926493108728943,90.06378539493294,105.6,9.880774962742176,69.75817409766454,0.3473053892215569,0.3069885535900104,322.0,639.0,322.0,639.0,6.8690144506657065,medium,0.0194046063822548,Matt Vierling,R,-0.2971640803473015,0.6718830559301088,-0.7978021328840702,0.4753706196089233,0.9563885680418837,-5.823402,8.466343
663845,1206,1930,0.4191709844559586,L,0.2533992583436341,0.7466007416563659,0.2214137214137214,0.6157024793388429,87.7406976744186,103.7,6.980694980694981,68.92682926829268,0.4346153846153846,0.2997236842105263,66.0,390.0,66.0,390.0,6.124683390894205,low,0.1509682983682984,Alfonso Rivas,L,-0.4869183691149685,-0.4512514117063099,-0.2876432572545658,0.6067042356487911,0.9517409508149631,-8.022524,-4.833088
663853,1207,870,0.5206896551724138,R,0.3377483443708609,0.6622516556291391,0.3573085846867749,0.6810933940774487,90.36312056737589,107.3,3.1690140845070425,,0.3496503496503496,0.256626050420168,84.0,154.0,84.0,154.0,5.476463551931511,low,0.0537489177489178,Romy Gonzalez,R,0.5458369501656677,-0.1587637434308275,-1.0615440858070617,0.6561523935137864,0.02491566253181019,13.000259,-6.277069
663886,1208,4444,0.4174167416741674,R,0.2242587601078167,0.7757412398921832,0.2292768959435626,0.6135110294117647,88.60802721088436,102.9,8.820408163265306,68.8563829787234,0.3959183673469387,0.3329016979445934,351.0,768.0,351.0,768.0,7.02108396428914,medium,0.0209028111645299,Tyler Stephenson,R,1.1290746779311143,-0.7139074870556434,0.8015414831645047,0.6620046077852325,1.0224809644520068,7.115315,-12.799386
663897,1209,992,0.4848790322580645,R,0.2411642411642411,0.7588357588357588,0.2745490981963928,0.6977687626774848,83.88374999999999,101.29,10.625,70.46666666666667,0.4240506329113924,0.2568740458015267,115.0,147.0,115.0,147.0,5.572154032177765,medium,0.0679058858325939,Luke Williams,R,-0.4340447068506447,-0.1376199464583032,0.3243853651403934,0.0775175716060633,-0.20024129353572745,17.999342,10.141494
663898,1210,4686,0.507895860008536,R,0.2155462184873949,0.784453781512605,0.2968483816013628,0.7198460222412318,89.03943965517242,105.0,5.179763186221744,69.85664556962026,0.3512931034482758,0.3162604651162791,398.0,892.0,398.0,892.0,7.1631723908466425,medium,0.0740874833810307,Brendan Rodgers,R,0.5300604151335708,-0.1490745896546435,-0.6547523419118872,0.7546507338826935,0.30808317794214524,18.431606,-1.481613
663905,1211,255,0.5019607843137255,L,0.25,0.75,0.291044776119403,0.7355371900826446,93.14666666666668,105.38,12.28888888888889,71.15454545454546,0.5,0.2608823529411764,8.0,60.0,8.0,60.0,4.23410650459726,low,0.071975,Travis Blankenhorn,L,1.0722894209244302,0.329232214048209,0.0013050689305018042,-0.07224560202493205,-0.4144558034013874,11.593293,1.3600848
663911,1212,96,0.4895833333333333,L,0.3617021276595744,0.6382978723404256,0.3488372093023256,0.6037735849056604,89.08235294117648,104.3,7.882352941176471,,0.3529411764705882,0.2483225806451613,10.0,21.0,10.0,21.0,3.4657359027997265,low,0.2648619047619047,Nick Plummer,L,0.2550173825090918,-0.12864135756487288,0.2705079009847972,0.05578964869691009,-0.17531628880948072,4.354064,-4.1529403
663967,1213,80,0.575,L,0.2826086956521739,0.717391304347826,0.2857142857142857,0.8947368421052632,85.41818181818182,92.5,15.454545454545457,,0.5454545454545454,0.129578947368421,3.0,16.0,3.0,16.0,2.995732273553991,low,0.1538749999999999,César Salazar,L,-0.4358851875514378,-0.14222938201694962,0.13822934807282217,-0.14429572688332848,-0.2171161802991065,-6.8353233,-3.6268363
663993,1214,9241,0.4630451249864733,L,0.2054218275297966,0.7945781724702033,0.2398268398268398,0.6862151049556373,90.299653259362,106.6,7.275312066574203,72.62959001782531,0.3574912891986063,0.3456356761565836,682.0,1566.0,682.0,1566.0,7.718240951959316,high,0.0102496095549488,Nathaniel Lowe,L,0.9921379520911162,-0.563692723430742,-1.5510333201667803,1.0558096147447276,1.3355229978429521,-16.729826,6.688807
664011,1215,12,0.3333333333333333,R,0.25,0.75,0.2,0.4285714285714285,83.75,92.35,-29.5,,0.5,0.0,4.0,0.0,4.0,0.0,1.6094379124341005,low,,Trey Amburgey,R,-0.013802207439309369,-0.009597538440675485,0.02705852752935734,0.033638647969817,0.030394542541190565,1.060594,-0.22425684
664023,1216,12705,0.4589531680440771,L,0.2876007545875493,0.7123992454124507,0.2415756270195414,0.6865936190783113,89.68287262872629,105.1,12.061246612466125,70.46046511627907,0.4378082191780822,0.3421050596197228,768.0,2335.0,768.0,2335.0,8.04044688130311,high,0.0434035270565667,Ian Happ,L,0.19813215378448334,-0.6067646034832982,-0.7086554108755354,0.9065543902182103,-0.024665160217025795,20.961163,-2.3833346
664029,1217,841,0.4019024970273483,R,0.2810650887573964,0.7189349112426036,0.2144522144522144,0.5970873786407767,86.53809523809524,101.7,9.325396825396826,66.32631578947368,0.4838709677419355,0.3119547738693467,130.0,69.0,130.0,69.0,5.298317366548036,low,0.0065197324414715,Mark Mathias,R,-0.7993090864399301,-0.7505538963667456,-0.2395823502959973,1.1375820013650908,-0.11671839039128241,-16.940016,-15.826006
664034,1218,8436,0.5128022759601707,R,0.191169671752196,0.808830328247804,0.3099681383705052,0.7333003463631865,87.82346813725489,104.1,12.109614206981016,70.0992523364486,0.4184049079754601,0.3332847740236946,666.0,1613.0,666.0,1613.0,7.731930721948486,high,-0.001225484008497,Ty France,R,-0.5966203250209023,-0.07084313526450257,-0.39618964289650455,-0.23416864491774994,0.5902433809161725,-10.139467,-2.543753
664040,1219,7810,0.517797695262484,L,0.320969337289812,0.679030662710188,0.288135593220339,0.7678523669430329,90.17702479338844,105.61,16.938792390405293,71.1997555012225,0.5,0.3481833996023856,461.0,1551.0,461.0,1551.0,7.607381425639791,high,0.0520454104901882,Brandon Lowe,L,0.19401513668338222,-1.3355056480141991,-0.1723629304727932,-0.7302506779830554,0.016562745125706903,-7.8744197,-15.911338
664041,1220,391,0.4936061381074169,R,0.4093264248704663,0.5906735751295337,0.284313725490196,0.7219251336898396,89.68793103448276,105.83,4.551724137931035,,0.3214285714285714,0.2556631578947368,42.0,53.0,42.0,53.0,4.564348191467836,low,-0.0859887690925426,Jaylin Davis,R,-0.2317893381817564,-0.7454088920378348,-0.8296130862100151,0.8261221095523739,-0.3691836006676308,16.601925,-8.396569
664056,1221,8306,0.4543703346978088,R,0.2397986221515633,0.7602013778484367,0.2930674704382101,0.6286000500876534,86.20444282592862,103.7,14.97742170429716,68.92097902097903,0.4272727272727272,0.3043564593301435,519.0,1571.0,519.0,1571.0,7.645397699428633,high,0.0568826171369561,Harrison Bader,R,0.2422692164266498,0.05800717807892261,0.3864192468731105,-0.805254944712114,0.4389605245080122,-18.645199,2.704861
664057,1222,1804,0.4850332594235033,L,0.272,0.728,0.296137339055794,0.6869266055045872,88.31684210526315,103.82,6.849122807017544,66.78181818181818,0.3686131386861314,0.2936721991701245,59.0,423.0,59.0,423.0,6.180016653652572,low,0.0776325680169891,Andrew Stevenson,L,0.11114676482318792,0.020411237711450272,-0.2983834809231095,0.3135790616566295,0.46384061679777633,-4.750467,0.05576914
664058,1223,7899,0.4124572730725408,R,0.0936157151626765,0.9063842848373236,0.2621438263229308,0.5439012814428097,83.20112170499159,97.3,9.77983193277311,63.84533333333333,0.3828213879408418,0.2983654024051804,709.0,1453.0,709.0,1453.0,7.679251425953058,high,0.0314442023069821,David Fletcher,R,0.49239600503392844,2.3014135601548653,1.0360261890507279,0.6808869351174346,0.002675628625458741,6.4338274,17.313179
664059,1224,1714,0.4778296382730455,L,0.2661782661782662,0.7338217338217338,0.2543153049482163,0.7076923076923077,86.56864111498258,102.94,12.101045296167248,67.57830188679246,0.487719298245614,0.2999648351648352,201.0,254.0,201.0,254.0,6.1224928095143865,medium,-0.1129618834959063,Sam Haggerty,L,-0.10934098112221391,-0.8450279245786361,0.462244451475236,0.19256760539797238,0.00724818226826503,3.2036347,-12.266515
664068,1225,4432,0.5090252707581228,R,0.2960992907801418,0.7039007092198581,0.3364993215739484,0.6807744259342638,86.9218487394958,103.0,17.530812324929972,,0.4240231548480463,0.284487088156723,309.0,814.0,309.0,814.0,7.024649030453636,medium,-0.0080923999904582,Scott Kingery,R,-0.9409831632304284,-0.07133131150702084,-0.015577320607489323,-0.6714201228676953,-0.3732336775773728,-10.674848,-6.9454575
664119,1226,469,0.511727078891258,L,0.3333333333333333,0.6666666666666666,0.35,0.6812227074235808,86.02173913043478,101.08,14.884057971014492,,0.4925373134328358,0.2279435483870967,19.0,105.0,19.0,105.0,4.8283137373023015,low,0.1154180451127819,Austin Allen,L,0.470659803517597,0.2329438325647827,0.13717359877134175,-0.4014683451498014,-0.6550693679630124,7.5909758,1.412443
664167,1227,49,0.4489795918367347,R,0.1818181818181817,0.8181818181818182,0.3333333333333333,0.56,84.17,100.08,2.4,,0.4,0.1885714285714285,3.0,11.0,3.0,11.0,2.70805020110221,low,-0.24,Blake Trahan,R,-0.35819210600470514,0.05759003238896542,-0.23879680250653484,0.4144285863281657,-0.24627425533853722,3.2005918,14.516498
664238,1228,5197,0.4188955166442178,R,0.2586127698667891,0.7413872301332108,0.2261768082663605,0.6137770897832817,87.83157121879589,103.8,19.6784140969163,70.07540983606557,0.4266467065868263,0.3095563665855637,509.0,724.0,509.0,724.0,7.1180162044653335,high,0.0304466156150614,Dylan Moore,R,-0.33491650477782803,-0.5867093177793841,0.48594516505796603,-0.33085421752967786,0.12205423492338556,-3.2430296,-17.953651
664247,1229,1420,0.4739436619718309,R,0.3150074294205052,0.6849925705794948,0.2946058091286307,0.6599713055954088,89.78427947598253,105.52,18.148471615720524,,0.4801762114537445,0.3048395721925134,207.0,167.0,207.0,167.0,5.926926025970411,medium,0.0652512945124244,Kyle Garlick,R,0.5221598412765893,-0.49434157798168776,0.42661181359995604,-0.5490853101630956,-0.057546400119635854,4.558283,-4.200222
664314,1230,558,0.471326164874552,L,0.3802281368821293,0.6197718631178707,0.2377622377622377,0.7169117647058824,86.48243243243243,102.85,14.364864864864863,71.38702290076337,0.4189189189189189,0.2788432835820895,22.0,112.0,22.0,112.0,4.90527477843843,low,-0.0303701298701298,Estevan Florial,L,0.6653104159702231,-0.7177590106813244,0.21465362734519103,0.03477224034608947,0.2945604117926242,8.141901,-13.728639
664334,1231,48,0.4166666666666667,R,0.4499999999999999,0.55,0.2592592592592592,0.6190476190476191,93.2,105.3,-8.333333333333334,,0.5,0.0,4.0,8.0,4.0,8.0,2.5649493574615367,low,0.0,Aaron Whitefield,R,0.33589738895865867,0.058291030938322344,-0.14759246746314938,0.22708280332650904,0.19584641204296044,3.1332405,1.4945029
664670,1232,645,0.524031007751938,L,0.1568047337278106,0.8431952662721893,0.2919254658385093,0.7554179566563467,83.99136690647481,98.14,8.388489208633093,57.7,0.4225352112676056,0.2825111111111111,60.0,120.0,60.0,120.0,5.198497031265826,low,-0.0227583333333333,Alejo López,L,-1.4451666917574182,0.21898967171227196,0.2435946039079838,0.10161237687573654,-0.026720268360227097,-4.475948,20.22156
664702,1233,7904,0.4084008097165992,R,0.117719950433705,0.8822800495662949,0.2006004366812227,0.5879716981132076,86.66059957173448,99.0,10.547466095645968,64.62753164556962,0.2836676217765043,0.2812568667344863,558.0,1408.0,558.0,1408.0,7.584264818389059,high,-0.0198193782583903,Myles Straw,R,-0.6806463037710802,0.3966625565512356,0.5252468184218938,0.8833076291688414,0.3823222959885286,12.322253,14.517691
664728,1234,2491,0.4640706543556804,L,0.1980968858131487,0.8019031141868512,0.2816326530612245,0.6406003159557662,89.21217391304347,103.41,13.33405639913232,69.5625,0.4791208791208791,0.2833467261904762,126.0,546.0,126.0,546.0,6.511745329644728,medium,-0.0245109890109889,Kyle Isbel,L,0.7184015735492828,0.36985787207376275,0.03801806966484213,0.13849687192364543,0.3902128556868321,5.06345,3.4919963
664731,1235,998,0.4288577154308617,R,0.2476635514018691,0.7523364485981309,0.2653846153846154,0.606694560669456,85.57908496732027,100.78,8.934640522875817,,0.4117647058823529,0.2849282868525896,81.0,170.0,81.0,170.0,5.529429087511423,low,-0.0371339869281046,P. J. Higgins,R,-0.6198632854038426,-0.22756761244108095,0.15984142264440163,0.724529856963818,-0.14840632800323045,-18.166273,-12.78327
664761,1236,6858,0.4981044036162146,R,0.1952576112412177,0.8047423887587822,0.2897841726618705,0.7120898610700561,90.28927773641102,105.0,9.02084884586746,70.72205323193917,0.3183520599250936,0.317647795318454,520.0,1317.0,520.0,1317.0,7.516433302915632,high,0.082046299865662,Alec Bohm,R,0.3274468164717709,0.40165698558063945,-0.8300730864569541,0.8273433141133869,0.746284485315255,-15.356063,6.471558
664770,1237,110,0.5545454545454546,L,0.1639344262295081,0.8360655737704918,0.3061224489795918,0.7540983606557377,85.9235294117647,101.06,13.882352941176473,61.57142857142857,0.2352941176470588,0.266,5.0,26.0,5.0,26.0,3.4657359027997265,low,0.1511846153846153,Nathan Lukes,L,-0.2985035650999957,0.1592265738440581,-0.15488842141554032,0.10805580281331144,0.08788118626095781,-6.397588,4.3605013
664774,1238,5053,0.4193548387096774,L,0.1845210004719207,0.8154789995280792,0.198526560682435,0.6495553759094583,88.63985419198056,103.78,18.48058252427185,70.90350318471337,0.4833127317676143,0.3324552,164.0,1086.0,164.0,1086.0,7.1316985104669115,medium,0.1177377599604725,Lamonte Wade,L,-0.8599808052144539,-0.9271332931330544,0.5726417435608003,0.29698676002556135,-0.1922992568215723,-18.239487,-12.441353
664789,1239,550,0.4545454545454545,L,0.308,0.692,0.2384341637010676,0.6802973977695167,84.34933333333333,102.34000000000002,9.933333333333334,,0.48,0.2371278195488722,34.0,99.0,34.0,99.0,4.897839799950911,low,-0.118406120023767,Ka'Ai Tom,L,-0.6879692350665126,-0.5096825055997268,0.1932306416102341,0.499366622887787,-0.9446901944865594,3.301293,-19.567333
664842,1240,24,0.3333333333333333,L,0.0,1.0,0.1666666666666666,0.5,77.5,88.24,-3.0,,0.3333333333333333,0.1379999999999999,1.0,4.0,1.0,4.0,1.791759469228055,low,0.1725,Kevin Kaczmarski,L,-0.17112230122619007,0.1650275303297195,0.18955935723649472,0.05432766285562666,0.08987720792871068,5.725352,8.856981
664848,1241,12,0.3333333333333333,R,0.0,1.0,0.1428571428571428,0.6,86.7,86.7,-28.0,,0.0,0.17225,2.0,2.0,2.0,2.0,1.6094379124341005,low,-0.3445,Donny Sands,R,-0.07057473188532887,-0.052246019390239484,0.020450940844917345,0.10314615014532592,0.04855929207033162,0.9579881,-0.20614772
664850,1242,600,0.4933333333333333,L,0.1824324324324324,0.8175675675675675,0.3610223642172524,0.6376306620209059,85.68898305084745,98.23,14.084745762711863,,0.576271186440678,0.2257051282051282,36.0,120.0,36.0,120.0,5.056245805348308,low,-0.0127694444444444,Patrick Mazeika,L,0.7282775003960748,0.8457600550312551,1.394364978200754,-0.30185675836291065,-1.2837367093169156,4.2705746,18.58354
664869,1243,10,0.5,L,0.1999999999999999,0.8,0.5,0.5,69.7,75.88,-4.666666666666667,,0.3333333333333333,0.2933333333333333,0.0,3.0,0.0,3.0,1.3862943611198906,low,,P. J. Conlon,L,-0.07323393630823305,0.1869413226562556,0.05135901257555856,0.05132757622938098,-0.013040840530651384,-0.011103067,2.8587754
664874,1244,2069,0.5350410826486225,R,0.3631436314363143,0.6368563685636857,0.3310940499040307,0.7419668938656281,87.88154981549816,101.7,18.30258302583026,66.0125,0.4411764705882353,0.2739366336633663,130.0,375.0,130.0,375.0,6.226536669287466,medium,-0.0003911794871794,Seby Zavala,R,-0.3188399094312967,-0.8887344415537891,-0.12005622331175018,-0.7063757622198078,-0.06052909261698983,-7.6519327,-13.847975
664901,1245,2063,0.4285021812893844,R,0.2273755656108597,0.7726244343891403,0.2443349753694581,0.6068702290076335,85.92342857142857,100.81,10.814285714285717,66.3940594059406,0.3295454545454545,0.2867212475633528,198.0,315.0,198.0,315.0,6.2422232654551655,medium,-0.0307685425685425,Danny Mendick,R,-0.2349304063288146,0.3694760914022027,0.1968981117931966,0.1905268731374406,0.30665757657700426,-17.9278,9.579783
664913,1246,5195,0.4771896053897979,L,0.2916498588140379,0.7083501411859621,0.2861842105263157,0.6897112647417649,89.52004744958481,106.38,17.11137440758294,72.43578947368421,0.49338146811071,0.3143626040878123,203.0,1118.0,203.0,1118.0,7.186901020411631,medium,0.1010601531587898,Seth Brown,L,1.0879499537403652,-0.5556298404395746,0.1855642521685817,-0.3846846264857918,-0.24175505282862494,5.145186,-7.188583
664926,1247,232,0.5560344827586207,R,0.2403100775193798,0.7596899224806202,0.2773109243697479,0.8495575221238938,89.70769230769231,102.58,24.307692307692307,,0.282051282051282,0.269031746031746,31.0,32.0,31.0,32.0,4.1588830833596715,low,0.0567772177419355,Nick Dini,R,-1.0497756147210124,-0.651806835583315,-0.3471763587269019,-0.3734054141607297,-0.33687776866092045,-13.989847,-8.24493
664954,1248,299,0.4682274247491639,L,0.1714285714285713,0.8285714285714286,0.2666666666666666,0.6711409395973155,86.90967741935484,99.61,16.322580645161292,66.55454545454545,0.4918032786885246,0.2325465116279069,17.0,69.0,17.0,69.0,4.465908118654584,low,-0.1533563512361466,Brett Sullivan,L,-0.0031952296421350283,0.1622565919331846,0.3149855390610036,-0.30906474891517804,-0.4889270906823184,1.24645,14.049065
664983,1249,2604,0.5046082949308756,L,0.2488584474885844,0.7511415525114156,0.2930374904361132,0.71781033153431,85.79266247379455,101.0,7.1928721174004195,66.83294797687861,0.4390756302521008,0.3147472527472527,208.0,520.0,208.0,520.0,6.591673732008658,medium,-0.0015115384615384,Jake Mccarthy,L,1.079374226000904,0.030089080760241537,0.2711136452787063,-0.020421981230642167,0.010879775456923145,6.4411235,-1.5512935
665019,1250,1103,0.4968268359020852,L,0.2591240875912408,0.7408759124087592,0.3139097744360902,0.6672504378283712,89.99555555555555,102.5,15.97222222222222,,0.5698324022346368,0.2529054545454545,41.0,234.0,41.0,234.0,5.62040086571715,low,-0.0204623723160308,Kody Clemens,L,0.06384662836574304,-0.023373255420193542,0.06093262116215096,-0.6274407062337003,0.03039853762104046,-1.9637011,-4.124863
665066,1251,11,0.4545454545454545,R,0.4,0.6,0.2857142857142857,0.75,,,,,,0.0,1.0,1.0,1.0,1.0,1.0986122886681098,low,0.0,Tyler Payne,R,0.013730928706689608,-0.009899587312801208,-0.061387417457682135,0.03512225518989327,-0.10960027058426697,-0.30127537,0.42938322
665120,1252,5183,0.4871695928998649,L,0.2617821782178218,0.7382178217821782,0.3089866156787763,0.668613707165109,89.43952662721892,106.46,10.28757396449704,72.11944444444445,0.4910607866507747,0.3156415235250187,377.0,962.0,377.0,962.0,7.200424892944957,medium,0.0841147752527063,Jared Walsh,L,0.7643265163301471,0.02406673312556691,-0.9987716751409175,-0.1352651160945761,0.3461643659624409,-16.929453,5.632331
665154,1253,81,0.4444444444444444,L,0.2222222222222222,0.7777777777777778,0.1764705882352941,0.6382978723404256,89.35882352941177,101.36,-10.470588235294118,,0.5294117647058824,0.1969999999999999,1.0,21.0,1.0,21.0,3.1354942159291497,low,0.2063809523809523,Ford Proctor,L,0.03738312597187171,-0.18370001529051336,0.05468923206463679,0.362018775113382,0.43110113221962754,-4.355109,-0.15092812
665155,1254,2099,0.4678418294425917,L,0.3105906313645621,0.6894093686354379,0.2755474452554745,0.6779661016949152,86.68435374149661,101.47,18.064625850340136,67.52363636363637,0.4657534246575342,0.294998023715415,78.0,428.0,78.0,428.0,6.2285110035911835,low,-0.0535821950635034,Nick Maton,L,1.1275739558592268,-0.06940086867134905,0.909292045206507,0.019615323950644612,-0.4109243271429536,6.945985,-5.4793286
665161,1255,4262,0.5387142186766776,R,0.2756968641114983,0.7243031358885017,0.3668845315904139,0.7391967463141841,87.9927960927961,104.42000000000002,6.975609756097561,70.55150943396227,0.4516523867809057,0.3094488588334741,325.0,858.0,325.0,858.0,7.076653815443951,medium,0.0648247552447552,Jeremy Peña,R,1.291161535194575,0.139930988218552,-0.26855691438428597,-0.34511425136487034,0.6449789828947062,-9.092333,0.12904999
665482,1256,1599,0.4440275171982489,R,0.2154929577464789,0.7845070422535211,0.2206451612903225,0.654126213592233,87.23088235294118,102.49,-0.8205128205128205,,0.3443223443223443,0.2677493857493858,157.0,250.0,157.0,250.0,6.0112671744041615,medium,-0.0439627770700636,Gilberto Celestino,R,-0.4833240885754359,-0.2375681218783726,-0.2459122363972155,1.1329941567424275,0.8538498691560185,-22.81852,-5.009054
665487,1257,6838,0.5086282538754021,R,0.3067855089131684,0.6932144910868315,0.2984558040468583,0.7647631408176508,92.72116724738676,108.4,10.583986074847694,70.3722602739726,0.452863436123348,0.3754253192670738,430.0,1371.0,430.0,1371.0,7.496652438168283,medium,0.041251685240785,Fernando Tatís,R,0.8268557472719859,-0.8613590339416768,-0.3477444457576288,-0.8797207979256282,0.7129287358114718,-2.93578,0.8877959
665489,1258,10423,0.4866161373884678,R,0.2314668769716088,0.7685331230283912,0.278853046594982,0.725996283295478,92.56438554216868,110.3,7.445568400770713,74.21050505050505,0.4201843765162542,0.360020538243626,624.0,2200.0,624.0,2200.0,7.946263643580541,high,-0.0250428729603729,Vladimir Guerrero,R,1.1119260584845592,-0.04705255144112,-0.57681459529252,0.1889904718678281,0.8594731665894331,15.394052,-3.6259396
665506,1259,1524,0.4980314960629921,R,0.3122529644268774,0.6877470355731226,0.2760416666666667,0.7235449735449735,88.34903474903476,103.7,5.077220077220077,68.23125,0.4824902723735408,0.2250166270783848,161.0,260.0,161.0,260.0,6.045005314036012,medium,0.1376982083134256,Cristian Pache,R,0.7446945270228775,-0.34486903282197834,0.13826099423392135,0.01156828254617179,-0.0013859341667745689,8.187257,-2.2007797
665561,1260,224,0.46875,L,0.1428571428571429,0.8571428571428571,0.319672131147541,0.6470588235294118,84.7063829787234,98.9,16.872340425531913,,0.3404255319148936,0.3203538461538461,24.0,41.0,24.0,41.0,4.189654742026425,low,-0.0643069105691057,Rafael Marchán,L,-0.9676700919204965,0.7728535850861236,-0.16101879789047877,0.0061990740847189425,-0.5576858737042284,-2.6723979,17.41388
665650,1261,107,0.4953271028037383,L,0.2830188679245283,0.7169811320754716,0.3333333333333333,0.660377358490566,81.775,98.25,-3.5,,0.625,0.0945,6.0,20.0,6.0,20.0,3.295836866004329,low,-0.0264333333333333,Lucius Fox,L,0.18097509443149706,-0.2249647375135174,-0.2166365345804793,0.4349229744555746,0.001994819254005386,8.968591,-8.185785
665742,1262,13852,0.369044181345654,L,0.1920970266040689,0.8079029733959311,0.1676751378243915,0.6024941543257989,92.00900518623293,107.7,7.885902876001886,72.29566160520608,0.4280211844005777,0.3999860901118838,1075.0,2232.0,1075.0,2232.0,8.104099056143582,high,0.0598193585896473,Juan Soto,L,0.9470277430555425,-1.1855820321431796,0.5550981152358863,0.6583074542970457,1.1019506525275204,16.140211,-4.7089267
665750,1263,4542,0.4821664464993395,L,0.2493150684931506,0.7506849315068493,0.2865120274914089,0.6878952122854561,89.36629072681704,104.53,10.546933667083854,69.4767741935484,0.3926767676767677,0.2934470198675497,350.0,858.0,350.0,858.0,7.097548850614793,medium,0.0158269197469197,Leody Taveras,L,0.8098845940129219,0.23386546072622447,-0.7874169589706873,0.9228785555033807,0.34476676046262583,19.851345,-0.81767017
665759,1264,3,0.3333333333333333,R,0.0,1.0,0.0,1.0,,,,,,,0.0,0.0,0.0,0.0,0.0,low,,Ramón Rosso,R,0.004539839437706776,-0.020156369346283218,-0.025691131560676043,-0.01760416897011469,3.842739550148143e-05,-0.025703607,0.4040684
665804,1265,613,0.4600326264274062,R,0.2446808510638297,0.7553191489361702,0.2870967741935484,0.636963696369637,86.91888888888889,103.72,18.444444444444443,71.64496644295302,0.4777777777777778,0.3103935483870967,64.0,91.0,64.0,91.0,5.049856007249537,low,0.0095494505494505,Miguel Amaya,R,0.5833303055581568,-0.3280722389244874,0.8451608659931492,-0.5545913589678139,0.13832629380458486,1.8334795,-10.830727
665828,1266,1917,0.5065206051121544,L,0.2327497425334707,0.7672502574665293,0.2978283350568769,0.7189473684210527,87.44012158054711,102.12,16.121580547112462,69.41516393442623,0.45565749235474,0.2785262096774193,102.0,394.0,102.0,394.0,6.208590026096629,low,0.0019706877674927,Oswaldo Cabrera,L,-0.18503084579980905,-0.07809218371546717,-0.14577748079035013,-0.20663909477946626,0.056144250883823535,-16.572563,16.273903
665833,1267,1654,0.4105199516324063,L,0.337260677466863,0.6627393225331369,0.3097055616139585,0.5359565807327001,91.8679487179487,111.44,8.442553191489361,,0.4806866952789699,0.3240562347188264,122.0,287.0,122.0,287.0,6.016157159698354,medium,0.1094030102244816,Oneil Cruz,L,1.5975454342284332,0.48193436473382567,-0.2252617123689995,-0.273165569649464,-0.44412753456237175,11.077485,-5.8832693
665839,1268,604,0.4337748344370861,L,0.2290076335877863,0.7709923664122137,0.2893081761006289,0.5944055944055944,87.4960396039604,102.3,10.237623762376238,69.1,0.4455445544554455,0.3282364864864865,16.0,132.0,16.0,132.0,5.003946305945459,low,0.1446212121212121,Enmanuel Valdez,L,0.06087309126236019,0.26995786798559457,0.5309497520035247,0.3497788934745621,-0.24271720478529848,6.098516,8.106301
665861,1269,273,0.5164835164835165,R,0.3120567375886525,0.6879432624113475,0.316546762589928,0.7238805970149254,86.87560975609756,103.1,12.902439024390244,,0.5609756097560976,0.2026527777777777,19.0,53.0,19.0,53.0,4.290459441148391,low,0.2241221449851042,Sebastián Rivero,R,-0.6812260169249139,-0.4292217445792092,-0.0007757807702112704,-0.7240438602480924,0.055618473962691546,-9.31411,-8.802165
665862,1270,4743,0.4551971326164875,L,0.3001389532190829,0.6998610467809171,0.283527990334273,0.6438053097345132,90.1096153846154,105.7,11.134615384615383,71.20632183908046,0.4673157162726008,0.323888141295206,295.0,894.0,295.0,894.0,7.081708586105575,medium,0.0825713305274333,Jazz Chisholm,L,0.7483212729265075,0.027585023572395544,-0.142750193209565,-0.3377587862311954,0.29358633587585353,6.3178363,-6.559728
665877,1271,216,0.4027777777777778,R,0.1034482758620689,0.896551724137931,0.2285714285714285,0.5675675675675675,89.50714285714287,99.75,9.952380952380953,63.819736842105264,0.4523809523809524,0.2811016949152543,19.0,40.0,19.0,40.0,4.0943445622221,low,-0.1009157894736841,José Fermín,R,-0.44974495992328795,0.46813061502196496,0.9740300637159318,-0.4504515315865353,0.4079750735253067,14.162262,10.321591
665922,1272,31,0.3870967741935484,L,0.1666666666666666,0.8333333333333334,0.0666666666666666,0.6875,88.06,98.76,16.6,,0.2,0.2005,0.0,8.0,0.0,8.0,2.1972245773362196,low,,Símon Muzziotti,L,0.2389738612430495,0.3168505446021178,-0.05337613273009867,0.13138958436249878,0.26130465524019214,2.5940394,2.4725454
665923,1273,1827,0.5090311986863711,R,0.2419354838709677,0.7580645161290323,0.3351235230934479,0.6897321428571429,82.00027322404371,99.75,10.423497267759563,68.16936936936938,0.4111111111111111,0.2831938579654511,168.0,353.0,168.0,353.0,6.257667587882639,medium,0.0305588661810333,Esteury Ruiz,R,-1.0820112495864418,0.037674985046181546,-0.13282071507759635,-0.5469106450832446,-0.14460330888003212,-9.035528,13.638136
665926,1274,5608,0.5369115549215406,L,0.2464297575556293,0.7535702424443707,0.3805220883534136,0.7152671755725191,86.18460038986355,102.7,12.178362573099417,67.22873345935727,0.4743083003952569,0.3258912608405603,384.0,1115.0,384.0,1115.0,7.313220387090301,medium,-0.0098160267189835,Andrés Giménez,L,0.09224041057045676,0.8503467528565327,-0.27146557994348836,-0.26334010103091904,-0.7441333230032742,-6.9517813,1.5374094
665947,1275,92,0.5,R,0.5,0.5,0.3043478260869565,0.6956521739130435,88.80909090909091,98.8,-10.636363636363637,,0.3636363636363636,0.1342857142857142,12.0,9.0,12.0,9.0,3.091042453358316,low,0.0633055555555555,Sherten Apostel,R,0.30487109081285835,-0.4061809507829552,-0.11922958952402118,0.5200010919085569,0.01651638997236295,10.0764,-10.809442
666018,1276,779,0.441591784338896,L,0.2267441860465116,0.7732558139534884,0.2864077669902912,0.6158038147138964,90.05454545454545,103.37,7.387387387387387,69.85529411764706,0.5135135135135135,0.2900159574468084,16.0,172.0,16.0,172.0,5.241747015059643,low,0.1139651162790697,Jonathan Aranda,L,-1.1838269258984655,0.015295151667955533,-0.9090480189309562,-0.20562300565242692,0.5129576483659681,-8.280358,17.667624
666023,1277,939,0.5420660276890309,R,0.2239685658153242,0.7760314341846758,0.2946058091286307,0.8030634573304157,89.89476744186047,103.27,11.773255813953488,66.92775665399239,0.4647058823529412,0.3237427385892116,66.0,175.0,66.0,175.0,5.488937726156687,low,0.0149603463203462,Freddy Fermin,R,0.017170232129056117,-0.3326459872676867,0.3855636726565998,0.5575128128386306,-0.5985584069566873,6.71128,-8.800193
666128,1278,31,0.3870967741935484,R,0.25,0.75,0.0666666666666666,0.6875,98.46666666666664,102.86,2.3333333333333335,,0.3333333333333333,0.3774999999999999,2.0,4.0,2.0,4.0,1.9459101490553132,low,0.4694999999999999,Mario Feliciano,R,0.15433217612897238,0.05156613444387629,-0.024429832748416324,0.1514960056757056,0.0988633601039373,3.6235015,3.22693
666134,1279,2194,0.418869644484959,L,0.2937976060935799,0.70620239390642,0.2581227436823105,0.5828729281767956,89.91168384879725,107.7,10.938144329896907,70.70840163934426,0.4344827586206896,0.3773910505836576,135.0,379.0,135.0,379.0,6.244166900663736,medium,0.0063670282419622,Nolan Jones,L,0.22706396954377647,-0.1290938144817832,-0.7672185010826954,-0.21657827193650606,-0.20364704919330712,-14.774954,3.786383
666135,1280,2681,0.5035434539350988,L,0.2355555555555555,0.7644444444444445,0.3302491103202847,0.6943573667711599,89.54442105263158,103.46,8.981052631578947,69.26535087719299,0.4105263157894737,0.318522792022792,157.0,545.0,157.0,545.0,6.555356891810665,medium,0.0502929351954654,Alex Kirilloff,L,-0.4602909728069333,0.4797369335188604,-0.3168933225469536,0.4824330380634329,-0.36518910904558816,3.8098295,9.986783
666137,1281,81,0.4691358024691358,L,0.5,0.5,0.2285714285714285,0.6521739130434783,87.41428571428571,102.16,-0.1428571428571428,,0.4285714285714285,0.1657,4.0,16.0,4.0,16.0,3.044522437723423,low,0.207125,Khalil Lee,L,0.006008552764902164,-0.5752242005893871,-0.09911037780327533,-0.08958367089217323,-0.08718928060322749,-3.940672,-9.966155
666139,1282,2885,0.5116117850953206,L,0.2831978319783198,0.7168021680216802,0.3275862068965517,0.7131445170660857,88.86879120879121,104.5,13.179824561403509,72.4542735042735,0.4,0.3333342898134864,113.0,584.0,113.0,584.0,6.548219102762372,medium,0.115523533155534,Josh Lowe,L,0.48861152896463494,0.04384894578052911,-0.8771589928892476,-0.3624782006786638,1.0893359849236457,-2.6367564,4.4795856
666149,1283,147,0.4489795918367347,R,0.2272727272727273,0.7727272727272727,0.1617647058823529,0.6962025316455697,87.25454545454545,100.53,18.227272727272727,70.97076923076924,0.5,0.3099117647058823,12.0,22.0,12.0,22.0,3.5553480614894135,low,0.1509469696969697,Tyler Fitzgerald,R,0.17776695880197668,-0.24667673815677144,0.3185183670273456,0.07391374046997656,-0.09634264485849163,3.4837005,-6.5908046
666150,1284,376,0.4946808510638298,L,0.1827956989247311,0.8172043010752689,0.3314606741573033,0.6414141414141414,89.65070422535211,100.9,8.47887323943662,,0.4285714285714285,0.3397272727272727,29.0,70.0,29.0,70.0,4.605170185988092,low,0.2232177339901477,Dominic Fletcher,L,-0.5785976523728154,0.5173108781472169,-0.7341132369575578,0.1718477230184406,0.19729743998571575,-9.150945,9.424555
666152,1285,159,0.4276729559748428,L,0.1911764705882352,0.8088235294117647,0.2702702702702703,0.5647058823529412,88.9695652173913,97.92,17.73913043478261,71.7,0.3636363636363636,0.2161538461538461,3.0,36.0,3.0,36.0,3.688879454113936,low,-0.0846944444444444,David Hamilton,L,-0.18605298021482283,0.05546668493976967,0.48662950934562726,-0.08881979324293686,0.38950389250961676,1.9542193,-6.25678
666158,1286,3903,0.4383807327696644,L,0.2209234365867913,0.7790765634132086,0.2241292276627965,0.6592091571279917,88.6473293768546,103.17,9.456973293768543,,0.4634873323397913,0.311865,230.0,770.0,230.0,770.0,6.90875477931522,medium,0.060406267645398,Gavin Lux,L,0.5570820373340001,-0.21221533796263772,0.09227366000505828,0.09156020641964403,0.5456322329791676,-8.919229,0.15016082
666160,1287,1748,0.5915331807780321,L,0.3665377176015474,0.6334622823984526,0.4479830148619957,0.7593052109181141,88.13018181818181,105.0,18.05818181818182,71.36340206185567,0.5091575091575091,0.2975473251028807,90.0,396.0,90.0,396.0,6.18826412308259,low,0.1306126262626262,Mickey Moniak,L,0.5081438868550753,-0.014095429554590084,-0.42730554074345406,-0.7257238245710086,-1.1324678545754936,16.189754,-12.622454
666163,1288,703,0.4381223328591749,L,0.2922077922077922,0.7077922077922078,0.2356164383561644,0.6568047337278107,86.15963302752293,103.5,14.79816513761468,69.65847457627119,0.3981481481481481,0.2235942857142857,28.0,147.0,28.0,147.0,5.170483995038151,low,0.0844659863945578,Ben Rortvedt,L,0.14783556464716627,-0.3616861250917484,0.29335570308300846,0.00020463911687083466,0.048003819685171104,1.7902981,-14.4915
666164,1289,135,0.6074074074074074,L,0.2926829268292683,0.7073170731707317,0.4328358208955223,0.7794117647058824,87.088,99.0,-0.76,69.41666666666667,0.48,0.1664999999999999,3.0,33.0,3.0,33.0,3.610917912644224,low,-0.4605454545454546,Blake Rutherford,L,0.35508204020691286,0.33682079149773975,-0.3720771179199333,0.1198470861328102,0.2548980886973449,-7.6545544,4.648332
666165,1290,1329,0.5124153498871332,L,0.3480176211453745,0.6519823788546255,0.2745098039215686,0.7492492492492493,89.0494623655914,104.55,15.817204301075268,70.23045267489712,0.4207650273224044,0.3032222222222222,48.0,294.0,48.0,294.0,5.8377304471659395,low,0.1297929421768707,Blake Sabol,L,1.1944139575762196,-0.7683156886322299,0.11940214693903885,-0.42402758160081877,0.08385911545140926,12.51684,-14.360876
666176,1291,2530,0.5197628458498024,R,0.3307984790874525,0.6692015209125475,0.3394495412844037,0.7127659574468085,87.63455056179775,107.15,13.508426966292134,77.31467889908257,0.4674220963172804,0.2715607779578606,217.0,400.0,217.0,400.0,6.42648845745769,medium,-0.0091248387096774,Jo Adell,R,-0.10550772022778641,-0.5003061058440964,-0.666904855191126,-0.7592841958136352,-0.12095049925917736,-5.1087413,-11.861831
666179,1292,505,0.4831683168316831,L,0.2581967213114754,0.7418032786885246,0.2769230769230769,0.7020408163265306,86.11882352941177,102.1,11.534883720930232,,0.4534883720930232,0.2639407407407407,27.0,108.0,27.0,108.0,4.912654885736052,low,-0.0717407407407407,Seth Beer,L,-0.5330500483700207,-0.11162232885399735,-0.5405337970947001,0.03318171224902466,-0.5690563501259643,-5.065661,5.6292706
666181,1293,1594,0.4265997490589711,L,0.2970588235294118,0.7029411764705882,0.1994949494949495,0.6508728179551122,89.23574660633483,103.9,13.8868778280543,68.54023668639053,0.4434389140271493,0.3451953727506427,50.0,339.0,50.0,339.0,5.966146739123692,low,0.1950454867256637,Will Benson,L,1.1774864725925422,-0.9445089486961753,0.3052773529951375,0.07968147840929081,0.38423176883332083,7.6862493,-13.643717
666182,1294,8685,0.5644214162348877,R,0.2019583843329253,0.7980416156670747,0.3711041852181656,0.7715239685189602,90.9748963883955,106.7,7.813128326434063,68.52955801104973,0.3106508875739645,0.3535694026643747,481.0,1846.0,481.0,1846.0,7.752764808851328,high,0.040527027027027,Bo Bichette,R,0.522137638690719,0.784637297721596,-1.6827826871308718,0.4237979208662232,0.7466072955758131,-13.531994,7.517212
666185,1295,5996,0.4509673115410273,L,0.2418639053254437,0.7581360946745562,0.2434017595307918,0.6686026648445508,87.55298353909465,101.6,13.751028806584362,67.8,0.4285714285714285,0.3130020311442112,377.0,1100.0,377.0,1100.0,7.298445101508147,medium,-0.0726078321678321,Dylan Carlson,L,0.12024716209412602,0.08868200485027374,0.6427155094109235,0.016142874261313164,0.13738030716368757,0.89675844,-7.744166
666197,1296,157,0.4394904458598726,R,0.289855072463768,0.7101449275362319,0.275,0.6103896103896104,86.89230769230768,101.35,12.23076923076923,68.56444444444445,0.5,0.2752666666666666,12.0,33.0,12.0,33.0,3.828641396489095,low,0.0940681818181818,Grae Kessinger,R,-0.17806786255310883,-0.5377112030823982,-0.00426110521344073,-0.4534473583800682,0.08308932541232454,-7.597641,-13.104711
666198,1297,1932,0.462215320910973,R,0.270996640537514,0.729003359462486,0.2674066599394551,0.667375132837407,85.82426229508197,102.26,10.285245901639344,70.29607843137255,0.3848684210526316,0.2695584158415842,171.0,334.0,171.0,334.0,6.226536669287466,medium,0.0574861329971635,Carter Kieboom,R,0.1002743898401999,-0.270647987783481,0.4326827745170839,-0.10288058904887518,0.2530434575556031,4.440259,-1.4089305
666211,1298,1402,0.4657631954350927,L,0.3920367534456355,0.6079632465543645,0.2485795454545454,0.6848137535816619,87.51104651162791,104.69,18.703488372093023,69.10000000000001,0.5325443786982249,0.2813304597701149,88.0,260.0,88.0,260.0,5.855071922202427,low,0.1326153846153846,Taylor Trammell,L,0.7392489410793821,-0.8979116151323897,0.4866983884991115,-0.0090654550437575,-0.4708355469326581,6.3532057,-15.467506
666213,1299,173,0.4566473988439306,R,0.2278481012658227,0.7721518987341772,0.3222222222222222,0.6024096385542169,88.08846153846154,99.3,20.692307692307693,,0.28,0.2148,14.0,26.0,14.0,26.0,3.713572066704308,low,-0.0817802197802197,Colton Welker,R,-0.18537297648054454,0.3091514420606146,0.20607215290943645,0.3889692573048428,0.005930228808608523,4.960378,11.1678705
666310,1300,1035,0.4473429951690821,L,0.2008639308855291,0.7991360691144709,0.2406015037593984,0.6660039761431411,87.90068493150685,101.9,20.768707482993197,70.5248447204969,0.4520547945205479,0.335168776371308,52.0,185.0,52.0,185.0,5.472270673671475,low,0.0621761954261954,Bo Naylor,L,-0.10294683801509118,-0.06121878600996489,-0.06133713003948397,-0.7789610956727014,0.855529372369039,-2.541245,-3.044511
666397,1301,1713,0.3747810858143607,L,0.2679127725856698,0.7320872274143302,0.1400462962962963,0.6136631330977621,89.41611374407583,104.7,7.8246445497630335,69.05207756232687,0.4644549763033175,0.366046683046683,48.0,359.0,48.0,359.0,6.0112671744041615,low,0.185886025998143,Edouard Julien,L,0.5437117270942259,-1.343694960213549,0.5584740006629767,0.7648600291085471,0.4023365180343693,-1.5881013,-18.463936
666464,1302,339,0.5457227138643068,R,0.4108108108108108,0.5891891891891892,0.3214285714285714,0.7660818713450293,90.45652173913044,104.9,8.021739130434783,,0.391304347826087,0.2362716049382716,27.0,54.0,27.0,54.0,4.406719247264253,low,-0.0395185185185185,Jerar Encarnacion,R,0.14799609239810552,-0.12274783821785434,-1.044871641063533,0.889460500239951,-0.4867607266020876,16.813011,-8.303626
666560,1303,1039,0.4581328200192492,R,0.3277310924369747,0.6722689075630253,0.2442748091603053,0.6757281553398058,88.55223880597015,107.32,14.380597014925373,,0.4772727272727273,0.2939549180327868,61.0,183.0,61.0,183.0,5.501258210544727,low,-0.0090546448087431,Byung Ho Park,R,0.42025639996075537,-0.6809390852787403,0.08550677258996531,-0.3918018309223525,0.1133674020759362,-0.2553806,-12.349528
666561,1304,240,0.4333333333333333,R,0.2692307692307693,0.7307692307692307,0.2436974789915966,0.6198347107438017,82.66486486486487,98.5,13.62162162162162,,0.4166666666666667,0.2094561403508772,21.0,36.0,21.0,36.0,4.060443010546419,low,0.1343888888888889,Jae-Gyun Hwang,R,-0.5057674804578355,-0.17208591703531287,0.21416530765816452,0.1416015757625236,-0.1496011602252919,-5.865839,-5.2409034
666624,1305,3253,0.4964648017214879,R,0.3603715170278637,0.6396284829721363,0.2851115129596142,0.7164366373902133,90.86919917864476,107.4,10.813141683778234,73.96897321428571,0.5081967213114754,0.334910588235294,219.0,631.0,219.0,631.0,6.7464121285733745,medium,-0.0148695337544956,Christopher Morel,R,0.17722843407575842,-1.3407846014402804,-0.685132252775529,0.19461848170805726,-1.0870237446131632,-9.614472,-17.84031
666703,1306,172,0.4825581395348837,R,0.2771084337349397,0.7228915662650602,0.3132530120481928,0.6404494382022472,84.09615384615384,101.6,16.423076923076923,68.58108108108108,0.4230769230769231,0.3140697674418604,10.0,33.0,10.0,33.0,3.784189633918261,low,0.5946121212121213,Eguy Rosario,R,0.34661757511185914,0.14335845359806307,0.40102935623509217,-0.12311660162106744,0.24495686521881208,4.9411163,-1.5071065
666783,1307,4,0.5,R,0.5,0.5,0.6666666666666666,0.0,,,,,,0.0,0.0,1.0,0.0,1.0,0.6931471805599453,low,,Yusniel Díaz,R,0.003100775505541387,0.007099523821258321,-0.04315334078554224,0.014652267737169027,-0.11022300412197135,-0.1105704,0.12442837
666801,1308,2421,0.483271375464684,L,0.3068376068376068,0.6931623931623931,0.2884615384615384,0.690537084398977,87.40918635170604,104.7,9.285340314136125,70.885,0.4986876640419947,0.2939968,238.0,387.0,238.0,387.0,6.439350371100098,medium,-0.1126335526458645,Rodolfo Castro,L,1.1070215584373013,-0.31021090260600587,0.45572902839823504,0.16564500420111505,-0.727974493806463,5.407752,-15.397101
666906,1309,674,0.4970326409495549,L,0.2238805970149253,0.7761194029850746,0.3251533742331288,0.6580459770114943,88.5871794871795,101.48,5.170940170940171,66.42418772563177,0.4741379310344827,0.256183908045977,25.0,149.0,25.0,149.0,5.1647859739235145,low,-0.0244488590604026,Jake Alu,L,-0.5969918485195149,0.4326689970857679,-0.43706543006110743,0.35488317181234114,0.30430282655451363,-7.122977,14.169269
666915,1310,3904,0.4861680327868852,R,0.363013698630137,0.636986301369863,0.2954658694569008,0.6879283078545071,91.44173076923076,107.92000000000002,16.046153846153846,69.60384615384616,0.3984526112185687,0.3184431578947369,351.0,599.0,351.0,599.0,6.85751406254539,medium,0.0702594495098669,Bobby Dalbec,R,0.7062516922658559,-0.38873647076173606,-0.6576869361420453,0.28985791934370264,-0.30824626121731835,16.509302,-7.4511847
666922,1311,95,0.5684210526315789,L,0.5,0.5,0.375,0.7659574468085106,91.925,99.88,10.25,,0.5,0.1971923076923077,2.0,24.0,2.0,24.0,3.295836866004329,low,0.2136249999999999,Ryan Aguilar,L,0.22601966957541064,-0.33051659074078094,-0.2961456238453445,-0.012962944500933327,-0.41761196633102765,14.005837,-10.953015
666931,1312,204,0.5294117647058824,R,0.3148148148148147,0.6851851851851852,0.3786407766990291,0.6831683168316832,85.11025641025641,102.9,5.538461538461538,,0.3783783783783784,0.1881379310344827,16.0,42.0,16.0,42.0,4.07753744390572,low,0.074985119047619,Jared Oliva,R,0.5030283669863953,0.11486775743009707,-0.1609327410231921,-0.26251600036646977,0.18012367340559743,-16.044495,-0.31765783
666969,1313,7694,0.5197556537561736,R,0.3110777694423605,0.6889222305576395,0.3415687215159511,0.7304964539007093,91.62314049586776,106.7,14.511147811725849,71.58605150214592,0.4345287739783152,0.3283186756337299,580.0,1353.0,580.0,1353.0,7.56734567601324,high,-0.016217533195708,Adolis García,R,0.16144423930393786,-0.21582790906068278,-1.096748878081715,-0.8585781319081287,0.19351272624195273,-13.531071,-17.68565
666971,1314,9217,0.5020071606813497,R,0.2213097039118219,0.7786902960881781,0.3271243197990791,0.6902455507997297,90.25438888888888,104.2,11.206551915602445,67.99761904761905,0.3978675645342312,0.3367626633986928,666.0,1782.0,666.0,1782.0,7.803435056952168,high,0.0099236357569691,Lourdes Gurriel,R,0.4873146920905928,0.7433547250038753,-0.07439827746719782,0.21793447273581043,0.048860728002806025,4.7245684,8.511613
667452,1315,1320,0.4568181818181818,R,0.2371475953565506,0.7628524046434494,0.3013100436681222,0.6255924170616114,87.64615384615384,104.4,17.099547511312217,70.00578512396694,0.4,0.285687306501548,76.0,247.0,76.0,247.0,5.780743515792329,low,-0.0285840080971659,Corey Julks,R,-0.44752454712922374,0.3577164660636749,0.07415481095273703,0.39808759965453855,-0.04347717847921828,4.160121,11.754404
667472,1316,261,0.4827586206896552,R,0.2539682539682539,0.746031746031746,0.3083333333333333,0.6312056737588653,91.8265306122449,106.24,-1.7755102040816326,70.35000000000001,0.3877551020408163,0.2784285714285714,20.0,50.0,20.0,50.0,4.2626798770413155,low,0.1552199999999999,Dane Myers,R,0.44879966027761375,0.36869103912303375,-0.8386069233852502,0.16777627340133622,0.5821580885864276,-15.319409,5.9106956
667670,1317,3187,0.4678380922497647,R,0.3386988598256204,0.6613011401743796,0.2784887263863498,0.6688227684346701,91.22286995515697,107.1,15.719730941704036,71.35147783251232,0.4004524886877828,0.3297962264150943,282.0,513.0,282.0,513.0,6.679599185844383,medium,0.0183077848285015,Brent Rooker,R,0.02497702626995126,-1.3043548209727889,-0.09736129003650734,-0.5885985981633395,-0.15940315693572424,-5.4276485,-15.843553
667727,1318,57,0.5087719298245614,L,0.2758620689655172,0.7241379310344828,0.2758620689655172,0.75,88.17,102.23,19.5,,0.5555555555555556,0.215625,1.0,15.0,1.0,15.0,2.833213344056216,low,0.23,Steele Walker,L,-0.12719006963375495,0.0951603415190325,-0.23972255620374705,-0.034353497692845195,-0.1331558983622887,-5.7113447,5.0484934
668227,1319,8079,0.4427528159425671,R,0.285434721833939,0.714565278166061,0.2764881636405424,0.6368025751072961,90.5108695652174,106.49,9.196299275945291,70.84092827004218,0.4237012987012987,0.3472421052631579,521.0,1474.0,521.0,1474.0,7.59890045687141,high,0.0583464986184067,Randy Arozarena,R,-0.9559149441580078,-0.6132943413514949,-0.7413823187276037,-1.0108758582440913,1.0086167964477581,-13.6367235,-17.089384
668472,1320,2236,0.4391771019677996,L,0.3309572301425661,0.6690427698574338,0.2724046140195209,0.6086564472497745,86.95413533834586,103.95,15.665413533834586,68.31061452513967,0.4545454545454545,0.2903593155893536,125.0,401.0,125.0,401.0,6.267200548541362,medium,-0.0127298354114712,Nick Pratto,L,0.6187511878147592,-0.15033550934216094,0.27870052453705313,0.07794111851898092,-0.23906224447400415,-0.7731415,-14.319199
668663,1321,620,0.5112903225806451,R,0.2176656151419558,0.7823343848580442,0.3193548387096774,0.7032258064516129,81.69339622641509,99.85,15.39622641509434,,0.3333333333333333,0.2773229813664596,63.0,98.0,63.0,98.0,5.087596335232384,low,0.0655226757369614,Tres Barrera,R,-0.13340995943815506,0.40613562750844107,0.13424701682288837,-0.11188545700570772,-0.4417901480251523,-1.8821934,8.369178
668670,1322,2510,0.446613545816733,R,0.3175735950044602,0.6824264049955397,0.2328086164043082,0.6446661550268611,89.24644970414201,103.43,17.781065088757398,68.92987421383648,0.444776119402985,0.2977557003257329,178.0,436.0,178.0,436.0,6.421622267806518,medium,0.0989457530151531,Jake Rogers,R,-0.3075866403343033,-0.9351895877401023,0.25646337720084644,0.1730289940869724,-0.2520727429672707,-4.0233173,-14.525829
668683,1323,5,0.6,R,0.3333333333333333,0.6666666666666666,0.0,0.75,71.3,71.3,-12.0,,1.0,0.0,0.0,1.0,0.0,1.0,0.6931471805599453,low,,Jeremy Walker,R,0.013510519423787185,0.015491966126942265,0.009538105691252645,0.08633880342790783,0.017281600978498554,0.8398634,1.16818
668709,1324,2232,0.4484767025089606,L,0.2487512487512487,0.7512487512487512,0.2193436960276338,0.6955307262569832,87.61894409937888,102.19,19.61801242236025,71.26448087431694,0.5345911949685535,0.2834103512014787,115.0,426.0,115.0,426.0,6.295266001439646,medium,0.0944866095121453,Jj Bleday,L,-0.11425258222556312,-0.9628073013485724,0.6901505745487289,-0.8027007922236323,0.36834290489227695,-3.4017699,-13.649602
668715,1325,3109,0.4351881633965905,R,0.2165558019216555,0.7834441980783444,0.2392717815344603,0.6269891788669637,88.28058823529412,103.26000000000002,15.285714285714286,69.62095238095237,0.4549019607843137,0.3453893919793014,203.0,570.0,203.0,570.0,6.651571873589727,medium,0.071153634085213,Spencer Steer,R,-0.701541701854837,-0.4145860392359943,-0.1295235394069379,0.13545732441778877,0.36664701235492936,5.7341743,7.3370194
668721,1326,200,0.47,R,0.2446808510638297,0.7553191489361702,0.25,0.69,82.97333333333333,101.56,-0.7666666666666667,,0.2,0.2547450980392157,19.0,32.0,19.0,32.0,3.951243718581427,low,-0.0084013157894736,Payton Henry,R,-0.3808208569415717,-0.23454327790842122,-0.7809722087265026,0.505399460908456,-0.08214133692887929,-10.081643,4.3352327
668723,1327,24,0.5,R,0.3333333333333333,0.6666666666666666,0.375,0.75,87.6,101.14,3.0,,0.0,0.0988571428571428,7.0,0.0,7.0,0.0,2.0794415416798357,low,,Ryan Vilade,R,0.11012180261496185,-0.059701172695585024,0.041840120642802854,0.01718941608218579,-0.007190965973847359,3.1171527,-0.30519393
668731,1328,4165,0.4631452581032413,L,0.2581648522550545,0.7418351477449455,0.2498845265588914,0.694,86.47751937984496,103.12,12.77984496124031,70.35140186915888,0.4127725856697819,0.3030472061657032,159.0,879.0,159.0,879.0,6.946013991099227,medium,0.0763455255758044,Akil Baddoo,L,-0.14683336374620484,-0.6458087307951259,-0.4235327996476697,-0.0792348880468489,0.5629973327600358,-8.441203,-2.2252135
668751,1329,868,0.5023041474654378,L,0.2545871559633027,0.7454128440366973,0.3243243243243243,0.6886792452830188,89.90548780487805,102.67,7.378048780487805,,0.5304878048780488,0.2780381355932204,55.0,181.0,55.0,181.0,5.4680601411351315,low,-0.0183229532898041,Cal Mitchell,L,0.4348056889876933,0.5335629069221058,0.28834529907726725,-0.028435902415016198,-0.010401766455945783,9.762049,1.886814
668800,1330,2840,0.5035211267605634,R,0.2363636363636363,0.7636363636363637,0.3372013651877133,0.6807272727272727,87.78416030534352,103.67,12.614503816793894,69.5066371681416,0.3725868725868725,0.2758455696202532,209.0,581.0,209.0,581.0,6.673297967767654,medium,-0.066318935344934,Andrew Knizner,R,0.13243264391774232,0.43487280135144507,-0.6418769286274183,-0.2540867380440122,-0.4207817932355379,-3.6431842,7.4855022
668804,1331,10307,0.4843310371592121,L,0.2471955128205127,0.7528044871794872,0.2748118953780007,0.7318518518518519,89.84457560427207,105.12,11.377178189994378,68.00684210526316,0.4457627118644068,0.3539385432473445,763.0,1873.0,763.0,1873.0,7.877397186353287,high,0.0240730152354735,Bryan Reynolds,L,0.7367149191974562,-0.6004786003203452,0.19311902035266076,0.2563714290798461,0.44842948002484084,-0.470877,-10.308129
668843,1332,592,0.4273648648648648,L,0.2490118577075099,0.7509881422924901,0.2234042553191489,0.6129032258064516,86.94505494505495,102.0,10.648351648351648,,0.4615384615384615,0.3415862068965517,15.0,130.0,15.0,130.0,4.983606621708336,low,-0.1035230769230768,Conner Capel,L,0.22027221003455696,-0.043799559969162,0.5930492671185577,0.29555261529313803,0.34189758370520384,3.1514041,5.3026805
668901,1333,1026,0.5224171539961013,R,0.3264925373134328,0.6735074626865671,0.3403441682600382,0.7117296222664016,92.57176470588236,107.91,9.6,71.90058997050147,0.4176470588235294,0.2651459854014599,110.0,164.0,110.0,164.0,5.616771097666572,low,0.0108436807095343,Mark Vientos,R,0.7373593661670936,-0.0757168612189079,-0.8061723761040871,-0.3813849830928786,-0.02315987489374837,12.556509,-5.8515472
668904,1334,1043,0.4793863854266539,R,0.2259999999999999,0.774,0.2818003913894324,0.6691729323308271,90.26683673469388,107.2,16.653061224489797,73.74043478260869,0.4381443298969072,0.3894857142857142,65.0,215.0,65.0,215.0,5.638354669333745,low,-0.0354747763864043,Royce Lewis,R,0.7877135652767849,0.1406940947275469,0.16580182874104588,-0.36757641995370893,0.13895203062395298,15.912685,-4.092767
668930,1335,1768,0.4717194570135746,L,0.1798561151079136,0.8201438848920863,0.2682926829268293,0.6648291069459757,85.55475409836066,100.78,12.549019607843135,67.2590909090909,0.3868852459016393,0.2617454954954955,72.0,372.0,72.0,372.0,6.09807428216624,low,0.0444543010752687,Brice Turang,L,0.6305559122380812,0.4195565068140613,0.020911915391795058,-0.2860677513259768,0.9583826761490328,-0.8807675,10.177825
668939,1336,4913,0.4083044982698962,L,0.146061814556331,0.853938185443669,0.2329133256968308,0.6085440278988666,88.21908302354399,104.04,13.73110285006196,68.6048417132216,0.4569288389513108,0.3525968722849696,306.0,845.0,306.0,845.0,7.049254841255837,medium,0.0182358200874038,Adley Rutschman,L,0.1314970901105495,0.5078271618013215,0.6829782967153581,0.0434778044145433,0.881658790749972,11.519446,7.091857
668942,1337,6594,0.4218986957840461,L,0.2210639827462257,0.7789360172537743,0.2179293691518261,0.6278573605608047,88.1231924882629,101.3,10.492018779342724,66.26414342629482,0.416195856873823,0.3077641975308642,390.0,1230.0,390.0,1230.0,7.390798521735676,medium,-0.0003342088805503,Josh Rojas,L,9.47377755788969e-05,-0.028347683092160115,0.4381985798716411,0.11695625199249367,1.4228256157114487,2.8261101,5.8253417
668952,1338,421,0.4869358669833729,R,0.2975609756097561,0.7024390243902439,0.2830188679245283,0.69377990430622,88.0063492063492,100.12,14.174603174603174,,0.4444444444444444,0.19677,36.0,64.0,36.0,64.0,4.61512051684126,low,0.0888142361111111,Ryan Kreidler,R,1.0724749447512016,-0.07137789344743375,0.7216325792918551,1.0353538087409577,-0.3891989899801103,20.00921,3.4847836
669003,1339,579,0.4680483592400691,L,0.2952029520295203,0.7047970479704797,0.2327272727272727,0.680921052631579,89.26901408450705,104.4,7.943661971830986,73.23181818181818,0.4057971014492754,0.3443428571428571,10.0,130.0,10.0,130.0,4.948759890378168,low,-0.0353846153846154,Garrett Mitchell,L,-0.012971128366686967,-0.65801986262855,-0.5959762095094785,0.37934035039254543,0.2666736553556884,-13.325489,-1.2002866
669004,1340,4625,0.4635675675675675,L,0.2877798507462686,0.7122201492537313,0.2552194290583724,0.6782265144863916,92.0322857142857,105.2,16.03138373751783,70.56973415132924,0.5014409221902018,0.3102427184466019,270.0,863.0,270.0,863.0,7.033506484287697,medium,0.0029443800695249,Mj Melendez,L,0.44328349302226555,-0.5869294511153783,-0.3427490417438381,0.098958797282576,0.1015710567565122,-1.5466558,-4.812411
669008,1341,35,0.4571428571428571,L,0.25,0.75,0.4090909090909091,0.5384615384615384,90.01666666666667,101.75,-7.5,,0.6666666666666666,0.1745555555555555,0.0,9.0,0.0,9.0,2.302585092994046,low,,Ronnie Dawson,L,-0.40716597350562456,0.1270885721213791,-0.44173451903335975,0.0007997137511290087,0.07171960826885942,-8.807658,8.914547
669016,1342,4813,0.4475379181383752,L,0.275766016713092,0.724233983286908,0.2769107643057223,0.6318063958513397,90.49578313253012,104.87,10.69624060150376,70.17483660130719,0.4106060606060606,0.3208345991561181,291.0,894.0,291.0,894.0,7.078341579557671,medium,0.0768694849973477,Brandon Marsh,L,-0.28985038930521595,-0.4102674351719969,-0.684213931138451,0.0848058677903602,0.22216330865462172,-7.646732,-6.4931426
669023,1343,216,0.5,R,0.3981481481481481,0.6018518518518519,0.3451327433628318,0.6699029126213593,81.70869565217392,101.9,16.347826086956523,70.34444444444445,0.5217391304347826,0.24216,21.0,29.0,21.0,29.0,3.9318256327243257,low,0.0434844006568144,Jeter Downs,R,-0.3090691564938759,-0.19480584445471355,0.18641005769868976,0.0075788579605016206,-0.5726520190825151,-10.195946,-6.8413005
669065,1344,485,0.5505154639175258,L,0.3183520599250936,0.6816479400749064,0.3512396694214876,0.7489711934156379,90.2925,105.58,16.325,,0.475,0.2661068702290076,7.0,124.0,7.0,124.0,4.882801922586371,low,-0.3539493087557604,Kyle Stowers,L,0.3881038544831097,-0.39411866528232836,-0.23550290639517893,-0.004958793801304036,-0.013047272008729073,3.3089082,-0.07162726
669087,1345,797,0.520702634880803,R,0.3879518072289156,0.6120481927710844,0.338785046728972,0.7317073170731707,90.08951612903226,107.54,9.387096774193548,71.58490566037736,0.5289256198347108,0.3322488038277512,82.0,127.0,82.0,127.0,5.3471075307174685,low,0.0097455348569233,Sam Huff,R,0.8579375181459714,-0.5439435806339084,-0.9132607059505716,0.7005831528107715,-0.7291449449023742,12.846447,-9.620191
669127,1346,2502,0.5115907274180655,R,0.3328124999999999,0.6671875,0.3217938630999213,0.7075548334687246,89.8434673366834,107.23,18.969849246231156,73.435,0.5076923076923077,0.2915984375,178.0,462.0,178.0,462.0,6.46302945692067,medium,-0.0356633834330463,Shea Langeliers,R,0.301489517625943,-0.6633486445184503,-0.5187426784012202,-0.7885661366831155,-0.24885535218712093,-10.447419,-13.927011
669134,1347,920,0.55,R,0.2154150197628458,0.7845849802371542,0.3739130434782609,0.7260869565217392,89.0813725490196,103.74,14.073529411764708,67.49398496240602,0.4257425742574257,0.31696992481203,72.0,194.0,72.0,194.0,5.58724865840025,low,0.131479667812142,Luis Campusano,R,-0.15632291368450077,0.37394154510312605,-0.5531599746109689,-1.2099109763535412,0.5705691472338428,-11.997245,10.877343
669200,1348,6,0.5,R,1.0,0.0,0.25,1.0,,,,71.8,,0.0,1.0,0.0,1.0,0.0,0.6931471805599453,low,,Mason Mccoy,R,-0.037467973734640364,-0.0733392421660151,-0.10783673230553248,-0.04854552175077589,-0.03572377297519303,-0.9266898,-1.5782639
669221,1349,6647,0.4713404543403039,R,0.2384296201723588,0.7615703798276412,0.2687481762474467,0.6869565217391305,89.8328729281768,107.2,12.976979742173112,72.27439446366782,0.45790934320074,0.3380731563421829,462.0,1233.0,462.0,1233.0,7.436027816351848,high,7.796420935113346e-05,Sean Murphy,R,1.178452676330162,-0.2745625029805671,-0.11290836167745105,-0.864572372425446,1.055295869524497,-18.311184,8.095268
669222,1350,4898,0.4887709269089424,R,0.2034252297410191,0.7965747702589808,0.272581934452438,0.7145242070116862,87.64329787234043,102.4,12.45,68.4403409090909,0.407725321888412,0.2928962194217939,401.0,948.0,401.0,948.0,7.2078598714324755,medium,0.0658503398676305,Nick Senzel,R,-0.6984581039453864,-0.1630717791752825,-0.04145434987454574,0.4948207382327435,-0.4092401943174492,-6.6187882,4.063303
669224,1351,296,0.5709459459459459,L,0.272189349112426,0.727810650887574,0.3701298701298701,0.7887323943661971,89.53333333333333,105.2,13.56140350877193,69.92530120481928,0.3508771929824561,0.309,6.0,68.0,6.0,68.0,4.31748811353631,low,0.3362647058823529,Austin Wells,L,0.4753101097306925,0.24267399590233665,-0.423839458384847,-0.26582030861037903,0.038652800709818864,-1.980552,4.730068
669242,1352,8951,0.4634119092838789,L,0.1622468659594985,0.8377531340405014,0.2876620473848905,0.6390440026803663,88.07079889807163,102.8,9.431167400881057,69.66339285714287,0.4596685082872928,0.3144016563146998,611.0,1804.0,611.0,1804.0,7.789868559054706,high,-0.0351665965067626,Tommy Edman,L,-0.11367574958134517,0.6123599013069276,-0.4370707595856729,-0.25419117637200567,0.6510298755888608,-2.3997579,6.781791
669256,1353,3845,0.4442132639791937,R,0.211943793911007,0.788056206088993,0.2695956065901148,0.6340933767643865,87.84685628742514,103.96000000000002,7.375748502994012,,0.3804511278195489,0.3083237113402062,335.0,635.0,335.0,635.0,6.878326468291325,medium,0.0562577506169937,Nick Solak,R,-1.3812154731782458,0.5945561973482044,-0.33767825832000553,0.07406992120310917,0.40382536809649716,-17.55649,-7.7939916
669257,1354,8150,0.4295705521472392,R,0.1828049128820337,0.8171950871179663,0.2196840826245443,0.6436183395291202,89.82304804804805,103.89,18.63663663663664,66.9321568627451,0.3878787878787879,0.3578613101330604,517.0,1437.0,517.0,1437.0,7.578145472419466,high,-0.0246240609802552,Will Smith,R,-0.33943349511867055,-0.16469227350509216,0.33809186419598575,0.09935149739630798,0.6052600025322953,5.6176443,7.147229
669261,1355,3834,0.4063641105894627,L,0.2779204107830552,0.7220795892169448,0.2080329557157569,0.6099365750528541,89.40924024640658,106.8,18.75770020533881,71.55176767676768,0.4876033057851239,0.3289767441860465,243.0,660.0,243.0,660.0,6.806829360392176,medium,0.0999918443696221,Jack Suwinski,L,0.36140026748175785,-1.0556035744604066,0.19164131126831227,-0.6806168275538069,0.6382930411048771,-1.3143122,-12.841563
669288,1356,368,0.5163043478260869,L,0.4052631578947369,0.5947368421052631,0.3056994818652849,0.7485714285714286,89.15789473684211,103.24,20.73684210526316,,0.4035087719298245,0.2484516129032258,7.0,86.0,7.0,86.0,4.543294782270004,low,-0.1771694352159468,Daniel Johnson,L,-0.4291052323178325,-0.555012236700589,-0.11226956154757169,-0.27459618017188114,-0.6267012907447748,-6.4066725,-2.8444216
669289,1357,4044,0.4591988130563798,R,0.1518578352180937,0.8481421647819063,0.2511122095897182,0.6674913409203365,86.10889987639061,100.7,13.242274412855377,68.03241758241758,0.4246575342465753,0.308207619047619,375.0,675.0,375.0,675.0,6.957497370876951,medium,0.0344385185185185,Santiago Espinal,R,0.2983740769311994,0.5461773536403495,1.1957364396706358,0.6974816735907557,0.13223287505138748,14.562455,5.171754
669304,1358,2341,0.5164459632635626,R,0.228287841191067,0.771712158808933,0.3338658146964856,0.7263544536271809,88.99721627408994,103.3,12.942184154175589,,0.4663774403470715,0.3105826771653543,171.0,464.0,171.0,464.0,6.455198563340122,medium,0.0298945729985883,José Miranda,R,-0.1178056477539909,-0.1650676861688674,0.1493035334303942,-0.9621471353992979,-0.0788870027509995,-6.4434295,-0.6617493
669309,1359,5,0.6,R,0.0,1.0,0.6666666666666666,0.5,,,,,,0.0,0.0,1.0,0.0,1.0,0.6931471805599453,low,,Joe Perez,R,-0.042849318223182394,-0.03641980131387568,-0.0032830206018258563,-0.016749395432818216,-0.004596101007674692,-0.08144032,0.12297933
669352,1360,815,0.5460122699386503,R,0.348314606741573,0.651685393258427,0.339667458432304,0.766497461928934,84.04384615384616,100.91,4.1461538461538465,,0.4538461538461538,0.2634579831932773,88.0,150.0,88.0,150.0,5.476463551931511,low,-0.0692418181818182,Bubba Thompson,R,0.8133021361573144,-0.23918397995822324,0.29402199446206256,0.4963053617100595,-0.4524379095896749,11.558995,-7.528282
669357,1361,3194,0.4981214777708203,L,0.3230672532998114,0.6769327467001885,0.2911540714704159,0.7357094821788837,90.3607305936073,105.83,21.36986301369863,72.4875,0.4631336405529954,0.3329677835051546,109.0,667.0,109.0,667.0,6.655440350367647,low,-0.0196341416447738,Nolan Gorman,L,-0.04331325809385165,-1.5943484370783565,-0.7659079607364822,-1.2616464399157943,0.5174281806106001,-12.893695,-12.438664
669364,1362,287,0.5052264808362369,L,0.1724137931034483,0.8275862068965517,0.2824427480916031,0.6923076923076923,82.5551724137931,96.33,11.517241379310343,62.73084112149533,0.4406779661016949,0.2951951219512195,18.0,64.0,18.0,64.0,4.418840607796598,low,0.0255902777777777,Xavier Edwards,L,0.07918202187134078,0.30222596645129174,0.23282494733705858,0.4477228816746038,0.27821233961062,0.46265075,12.203001
669369,1363,218,0.4495412844036697,R,0.3061224489795918,0.6938775510204082,0.2844036697247706,0.6146788990825688,84.87647058823529,100.52,15.264705882352942,,0.4705882352941176,0.1925970149253731,42.0,25.0,42.0,25.0,4.219507705176107,low,-0.0098314285714285,Bryce Johnson,R,-0.20941905908815678,-0.01591094519238922,0.29256328565815554,-0.07924863345768517,-0.13850661409965945,0.8720156,7.435236
669374,1364,4243,0.5053028517558331,R,0.3889925373134328,0.6110074626865671,0.3066123188405797,0.7208845208845209,90.36424682395644,106.6,15.745916515426496,,0.3820840950639854,0.3290836501901141,311.0,741.0,311.0,741.0,6.959398512133975,medium,-0.0894048452816433,Keston Hiura,R,-0.839797113530987,-1.2271948980148562,-1.3368269795211587,-0.6807832366723205,0.5748542116607414,-11.955631,-13.278393
669392,1365,307,0.4853420195439739,R,0.3154362416107382,0.6845637583892618,0.2948717948717949,0.6821192052980133,87.48648648648648,100.62,8.710526315789474,67.85072463768115,0.3157894736842105,0.2481764705882353,29.0,39.0,29.0,39.0,4.23410650459726,low,0.0212166224580017,Samad Taylor,R,-0.8237374372213766,0.070148836621454,-0.0518823973358714,0.1353309422902762,-0.1391155224952167,-11.728295,-5.899305
669394,1366,2900,0.5365517241379311,R,0.3239074550128534,0.6760925449871465,0.3777777777777777,0.7138686131386861,91.99769392033544,109.9,11.874476987447698,74.56647940074906,0.4925373134328358,0.3434705111402359,200.0,563.0,200.0,563.0,6.638567789166521,medium,0.047093889875666,Jake Burger,R,0.9041191717184256,-0.24221330199407826,-0.5911809441503868,0.06419143026033239,-0.5943938192803754,13.173195,-4.822479
669397,1367,2276,0.5017574692442882,R,0.2014010507880911,0.7985989492119089,0.2949061662198391,0.7018150388936906,84.37494736842105,99.16,7.182773109243698,64.23421052631579,0.3361884368308351,0.2446205287713841,190.0,453.0,190.0,453.0,6.467698726104354,medium,0.1023264203555245,Nick Allen,R,-0.9836531660518744,-0.22927111626776026,-0.13585832266742617,1.2621039168386095,-0.19166373366130415,3.982137,14.086332
669450,1368,935,0.4149732620320855,L,0.2551546391752577,0.7448453608247423,0.1951754385964912,0.6242171189979123,88.0872,105.04,7.626984126984127,,0.5079365079365079,0.2508678414096916,92.0,135.0,92.0,135.0,5.429345628954441,low,0.0691754428341385,Cooper Hummel,L,-0.05975929346682201,-0.8735359559610508,0.3700518935353625,0.5049507323164684,-0.11029795907759526,0.7984682,-20.121836
669477,1369,959,0.5474452554744526,R,0.2514285714285714,0.7485714285714286,0.3846153846153846,0.7112970711297071,88.14578947368422,103.82,15.073684210526316,68.44528301886793,0.4263157894736842,0.2540656934306569,115.0,159.0,115.0,159.0,5.616771097666572,medium,0.0202063986874486,Casey Schmitt,R,0.17429651702989965,0.42754247589221056,-0.10362602828009675,0.5363040862106737,-0.5896004896415739,16.88596,-0.4242808
669699,1370,9,0.7777777777777778,L,0.4285714285714286,0.5714285714285714,0.6666666666666666,0.8333333333333334,74.63333333333334,96.42,-33.0,,0.5,0.0,0.0,4.0,0.0,4.0,1.6094379124341005,low,,Braden Shewmake,L,0.23525823861275308,0.03263776292049116,-0.11336445420923376,-0.026363569578686904,-0.13066886449701115,2.1603763,0.67810804
669701,1371,1986,0.4133937562940584,L,0.199756394640682,0.8002436053593179,0.2096774193548387,0.6167002012072434,87.66943521594685,102.0,16.08637873754153,67.62045454545455,0.4459459459459459,0.2738939708939709,75.0,406.0,75.0,406.0,6.1779441140506,low,0.0060507717569786,Josh Smith,L,-1.043790711928906,-0.38996892882236955,0.2870335731220102,-0.22800754753992297,0.5728915954027667,-19.065414,-5.5784163
669707,1372,838,0.4367541766109785,R,0.3060109289617486,0.6939890710382514,0.2586605080831409,0.6271604938271605,86.62689075630253,102.52,10.554621848739496,67.36617647058823,0.4201680672268907,0.3501244019138756,65.0,144.0,65.0,144.0,5.3471075307174685,low,-0.0062540598290597,Jared Triolo,R,0.36331265693451437,-0.2709164154038074,0.1896987310547444,-0.08156022947822897,0.2900935841595733,10.132412,-3.8809285
669720,1373,7156,0.4790385690329793,R,0.2403733955659276,0.7596266044340724,0.3241452425125894,0.6517883535323677,88.45504720406682,104.2,11.264150943396226,70.05257270693512,0.4381858083394294,0.3231681233933162,608.0,1337.0,608.0,1337.0,7.57353126274595,high,0.0149728673778687,Austin Hays,R,0.9819575088128203,0.48021556735088267,0.2073684549525645,0.06759463764278299,-0.013889682138038706,10.200306,-0.10319485
669738,1374,113,0.6106194690265486,R,0.2463768115942028,0.7536231884057971,0.4912280701754385,0.7321428571428571,85.57619047619048,97.2,7.380952380952381,,0.3809523809523809,0.2809999999999999,12.0,18.0,12.0,18.0,3.4339872044851463,low,0.0222222222222222,Jake Noll,R,-0.34402082058891353,0.3735141338474013,-0.46156081652156594,0.04090281447361694,-0.221665040501476,-7.555474,10.983048
669742,1375,742,0.5350404312668463,L,0.2720403022670025,0.7279596977329975,0.3287671232876712,0.7347480106100795,91.62539682539682,106.85,17.047619047619047,70.8027027027027,0.4715447154471545,0.3003383838383838,24.0,174.0,24.0,174.0,5.293304824724492,low,0.1299669540229885,Darick Hall,L,0.5114003941577238,-0.11811382697831092,-0.6617619273280797,-0.3436768606064931,-0.18121028208261497,-11.822414,5.0424304
669743,1376,2369,0.4060785141409878,R,0.1902286902286902,0.8097713097713097,0.208992506244796,0.6087328767123288,86.67795698924732,101.6,17.182795698924732,67.88646616541354,0.4634146341463415,0.2920776014109347,218.0,349.0,218.0,349.0,6.342121418721152,medium,0.0358619778659867,Alex Call,R,-1.0027295207620823,-0.41513242284099017,1.079594904693366,-0.5393008452008855,0.38173266726880123,-4.2042246,-16.348246
669911,1377,1055,0.4890995260663507,L,0.3391472868217055,0.6608527131782945,0.2931354359925788,0.6937984496124031,89.08662420382166,105.62,16.585987261146496,74.36738197424891,0.4645161290322581,0.2519375,84.0,188.0,84.0,188.0,5.60947179518496,low,0.1060949848024316,Michael Toglia,L,1.250957751603006,-0.4691940335740787,-0.11152331828115038,-0.16861331655686365,-0.10547838533417984,12.036907,-15.325762
670032,1378,7075,0.4672791519434629,L,0.1578947368421053,0.8421052631578947,0.2631123919308357,0.6638002773925104,85.71737588652482,98.7,2.868794326241135,63.93735632183908,0.3907142857142857,0.2812532119914346,468.0,1400.0,468.0,1400.0,7.533158807455563,high,0.0206001831501831,Nicky Lopez,L,-0.8402940378350418,0.6582023216620573,-0.1861120745092269,0.9482255252675937,1.0941706895769243,-9.911808,16.82195
670042,1379,2077,0.5156475686085701,L,0.3697478991596639,0.6302521008403361,0.3031423290203327,0.7467336683417085,91.00334448160535,107.44,15.347826086956522,73.82133757961783,0.5202702702702703,0.326793795620438,74.0,474.0,74.0,474.0,6.3080984415095305,low,0.0835176759037518,Luke Raley,L,0.9035983517135342,-0.7917286580405635,-0.12427682433205502,-0.00048052449688485577,-0.15252304113146656,7.735803,-15.247995
670084,1380,246,0.4308943089430894,L,0.339622641509434,0.660377358490566,0.2833333333333333,0.5714285714285714,85.39285714285714,101.99,11.892857142857142,,0.3333333333333333,0.2052037037037037,10.0,44.0,10.0,44.0,4.007333185232471,low,0.0585454545454545,Nick Heath,L,-0.5261721818134101,-0.15776293551407625,0.03881750004029523,0.15497663473423193,-0.4616782091949484,-7.9037385,-6.38154
670097,1381,1862,0.4140708915145005,R,0.2490272373540856,0.7509727626459144,0.1751101321585903,0.6415094339622641,87.47126436781609,102.9,22.563218390804597,68.28457446808511,0.4763779527559055,0.2551278026905829,190.0,256.0,190.0,256.0,6.102558594613569,medium,0.0291744654605263,Zack Short,R,-1.29529606366859,-1.073023605028291,0.4638708642990634,-0.14586831050556878,-0.23796843478089627,-6.5777187,-14.720393
670128,1382,44,0.4318181818181818,L,0.3157894736842105,0.6842105263157895,0.3157894736842105,0.52,74.7,92.68,18.285714285714285,68.09411764705882,0.2857142857142857,0.1358461538461538,1.0,12.0,1.0,12.0,2.6390573296152584,low,0.1471666666666666,Taylor Kohlwey,L,-0.24552808116393232,0.25431749515855623,0.20838155130934075,0.12993814065224701,0.012629699004206936,5.1754584,10.001532
670148,1383,11,0.5454545454545454,L,0.1666666666666666,0.8333333333333334,0.4285714285714285,0.75,54.3,54.3,78.0,,0.0,0.2296666666666666,0.0,3.0,0.0,3.0,1.3862943611198906,low,,Nate Mondou,L,-0.15771256155190824,-0.15555472053009142,-0.1433951204543184,0.024398551148443207,0.08167440437402429,-8.400674,-2.220372
670156,1384,663,0.3710407239819004,L,0.2195121951219512,0.7804878048780488,0.2280701754385964,0.5233644859813084,87.40185185185184,101.35,12.22222222222222,66.36947368421053,0.4476190476190476,0.2673067484662577,13.0,150.0,13.0,150.0,5.099866427824199,low,0.010865641025641,Miles Mastrobuoni,L,-0.16866544342230022,0.19698352300181246,0.8703939825515387,0.020725838097739466,0.6740804660571071,11.575426,9.90284
670223,1385,405,0.5037037037037037,L,0.2990196078431373,0.7009803921568627,0.284313725490196,0.7263681592039801,91.0421052631579,109.26,8.385964912280702,,0.5614035087719298,0.2386262626262626,19.0,80.0,19.0,80.0,4.605170185988092,low,0.099253947368421,Matt Mervis,L,0.6415527791701934,-0.322787796183978,-0.17882733850307253,-0.07684465031075034,-0.31085231528063856,14.1778755,-8.235496
670242,1386,1288,0.4635093167701863,L,0.3433835845896147,0.6566164154103853,0.264919941775837,0.6905158069883528,90.891875,110.91,19.26875,75.89659367396594,0.5157232704402516,0.3636088328075709,64.0,253.0,64.0,253.0,5.762051382780177,low,0.2076194416996047,Matt Wallner,L,0.4810283280731654,-1.4948603167965848,-0.4048758711370943,-0.11295237054777019,-1.0714290569121945,6.983189,-19.815796
670276,1387,350,0.3685714285714285,L,0.2480620155038759,0.751937984496124,0.1823204419889502,0.5680473372781065,87.09333333333333,101.3,11.355555555555556,,0.3863636363636363,0.2169259259259259,6.0,75.0,6.0,75.0,4.406719247264253,low,0.0751599999999999,Cal Stevenson,L,-0.2795315276097755,-0.13327204067913215,0.5123829869329379,0.7808454787055794,0.4172260456446996,9.811071,13.7250395
670298,1388,4,0.25,R,0.0,1.0,0.3333333333333333,0.0,65.1,65.1,2.0,,0.0,0.0,0.0,1.0,0.0,1.0,0.6931471805599453,low,,Kramer Robertson,R,-0.0975527968185319,0.13625864340162117,-0.04864180964038027,-0.03605933927730324,0.0001908650240603619,-0.86652565,3.0232909
670351,1389,953,0.4837355718782791,L,0.2451193058568329,0.754880694143167,0.3004201680672269,0.6666666666666666,89.31973684210527,103.99,21.105263157894736,,0.5133333333333333,0.2546846473029046,49.0,192.0,49.0,192.0,5.488937726156687,low,-0.0850839710884353,José Rojas,L,0.39278189691493126,-0.023137012584726353,0.26438101021062516,-0.3454288272624979,-0.1559259153786949,-1.5933945,-1.4125874
670370,1390,562,0.4679715302491103,R,0.4258555133079847,0.5741444866920152,0.3287671232876712,0.6185185185185185,88.05714285714286,107.24,10.444444444444445,,0.1904761904761904,0.3361884057971014,70.0,68.0,70.0,68.0,4.9344739331306915,low,0.0549915966386554,Andrew Young,R,-0.05917717958789783,-0.8984346517409536,-0.5087322872192427,0.09529255146820392,0.20378173768128008,-4.4081206,-10.256349
670462,1391,19,0.5789473684210527,R,0.4545454545454546,0.5454545454545454,0.5384615384615384,0.6666666666666666,71.1,71.1,5.0,,1.0,0.1444,0.0,5.0,0.0,5.0,1.791759469228055,low,,Hunter Owen,R,-0.10109004710577556,0.11613830103486035,-0.0703204928354267,-0.14681657932122008,-0.016979891497470236,-2.2649133,2.6097252
670541,1392,7978,0.4311857608423163,L,0.215406976744186,0.7845930232558139,0.2627197039777983,0.6305418719211823,93.64546850998464,109.8,14.077513430544895,75.8498759305211,0.410355486862442,0.4079184890656063,730.0,1282.0,730.0,1282.0,7.607381425639791,high,0.0157726924967409,Yordan Álvarez,L,1.1204469489664417,0.2652486598252958,-1.0049649894297328,0.23312624420337053,0.038596044149979025,-13.995499,5.890811
670623,1393,4804,0.4290174854288093,R,0.1601164483260553,0.8398835516739447,0.2496062992125984,0.6303003533568905,86.9261421319797,101.43,18.31725888324873,66.49959514170041,0.5205655526992288,0.332680944055944,292.0,852.0,292.0,852.0,7.0431599159883405,medium,0.0238846710399383,Isaac Paredes,R,-0.23758624902312406,0.32370184474230607,1.9412926944471263,-0.7853051492431843,-0.6132853655690397,16.497557,15.307729
670712,1394,2675,0.48,R,0.2741433021806854,0.7258566978193146,0.2958579881656805,0.6681783824640968,87.86948717948718,101.8,15.3,,0.453125,0.319640866873065,383.0,263.0,383.0,263.0,6.472346294500901,medium,0.0449796185805477,Mike Brosseau,R,-0.7151895564191035,0.1309508388386726,-0.02584137839584212,-0.7967325794985988,0.2519777013036471,-15.341709,12.762001
670764,1395,4017,0.4227035100821508,L,0.2391048292108363,0.7608951707891637,0.1885714285714285,0.6381453154875717,86.80134907251264,100.38,16.69308600337268,67.33021582733812,0.429054054054054,0.2693296146044624,298.0,688.0,298.0,688.0,6.894670039433482,medium,-0.0242420594662088,Taylor Walls,L,-0.38149893544012775,-0.7815825737949871,0.871884379346607,-0.11589598408934798,0.37700640575680666,-2.159462,-8.552193
670768,1396,1491,0.4580818242790074,L,0.2254758418740848,0.7745241581259151,0.2442953020134228,0.6715817694369973,86.76493506493507,101.2,10.857142857142858,,0.3449781659388646,0.3030276243093923,110.0,252.0,110.0,252.0,5.8944028342648505,low,0.0765794372294372,Luis González,L,-0.340541256806926,0.02844059608598509,0.0777328043698884,0.14308057599567875,0.5717170008560634,3.49752,7.862659
670770,1397,3248,0.4128694581280788,L,0.1774794929157345,0.8225205070842655,0.2310536044362292,0.5944615384615385,86.80816326530612,101.56000000000002,17.476190476190474,67.17892271662764,0.542314335060449,0.3431117717003567,135.0,706.0,135.0,706.0,6.7357800142423265,medium,-0.0919083097261567,Tj Friedl,L,-0.044789866144036565,0.15960504342037457,1.1621478403957002,0.12951373093055565,0.03354780003767977,11.390035,8.36447
670869,1398,281,0.4733096085409252,L,0.1353383458646616,0.8646616541353384,0.2222222222222222,0.7054794520547946,84.12291666666667,97.34,20.625,,0.4897959183673469,0.4067142857142857,23.0,47.0,23.0,47.0,4.2626798770413155,low,0.1609435707678075,Livan Soto,L,-0.5871255847396627,0.06851687978290755,0.1622463252821854,0.06927948227427971,-0.15964967616213002,-0.27594084,11.387298
671056,1399,297,0.4141414141414141,R,0.2276422764227642,0.7723577235772358,0.2389937106918239,0.6159420289855072,89.48918918918919,106.76,10.891891891891891,73.28095238095237,0.2777777777777778,0.2848153846153846,12.0,53.0,12.0,53.0,4.189654742026425,low,-0.0976823899371069,Iván Herrera,R,-0.5948142228225418,-0.43429921999266735,-0.1503768801631105,0.1963843175564919,0.3947500077974499,-17.519688,-8.104425
671083,1400,479,0.4029227557411273,R,0.2020725388601036,0.7979274611398963,0.1842105263157894,0.601593625498008,87.70253164556962,100.2,13.39240506329114,69.29047619047618,0.3164556962025316,0.2676666666666666,70.0,53.0,70.0,53.0,4.820281565605037,low,0.0790161725067385,Buddy Kennedy,R,0.47967348271247817,0.11740816303825258,0.6802331530407492,1.1309275849383698,-0.17849654351067076,19.888788,3.6559455
671213,1401,2466,0.4257907542579075,L,0.2542857142857143,0.7457142857142857,0.2120500782472613,0.6557239057239057,90.29269662921348,107.6,13.629213483146067,73.84600550964187,0.4519774011299435,0.3636268907563025,122.0,473.0,122.0,473.0,6.39024066706535,medium,0.0224620663362561,Triston Casas,L,1.294419005258677,-0.14028083312389159,0.3792166605037565,-0.6138591849510538,0.886293614522991,8.841061,-5.162
671218,1402,318,0.5125786163522013,R,0.3067484662576687,0.6932515337423313,0.3121019108280254,0.7080745341614907,88.53877551020408,106.82,10.16326530612245,73.10615384615384,0.3877551020408163,0.211280487804878,64.0,18.0,64.0,18.0,4.418840607796598,low,0.0954565972222222,Heliot Ramos,R,0.356140222544222,-0.3015657827501454,-0.37630112697267587,0.190404042165807,0.14498498304306526,-1.2288862,-2.8374944
671221,1403,1747,0.5020034344590727,L,0.2953249714937286,0.7046750285062714,0.3039215686274509,0.721351025331725,86.6515748031496,103.97,15.700787401574804,70.82781774580336,0.4488188976377952,0.3083977528089887,114.0,331.0,114.0,331.0,6.100318952020064,medium,0.0416100333916362,Drew Waters,L,0.5475575426633502,-0.12324011072113471,0.06817855623563068,0.4991037975969828,-1.0786787400375673,-23.581827,-2.002876
671250,1404,64,0.484375,R,0.5161290322580645,0.4838709677419355,0.2941176470588235,0.7,78.26,101.42,7.2,,0.8,0.4150666666666666,8.0,7.0,8.0,7.0,2.772588722239781,low,0.4466428571428572,Jorge Oña,R,-0.025087333990609372,-0.40054535664962276,-0.11751719470715888,-0.2039172427679971,-0.2535217888540207,-5.14252,-9.620615
671277,1405,4362,0.5167354424575883,L,0.2116237799467613,0.7883762200532387,0.3447684391080617,0.7142857142857143,87.17207859358841,103.6,3.826446280991735,70.09244444444444,0.4387966804979253,0.2969693548387097,329.0,911.0,329.0,911.0,7.123672785204607,medium,0.0436347979273919,Luis García,L,2.5852729570745567,1.3099110637580713,0.3442222841499121,-0.8006474217013638,0.9887427243720509,13.134475,-14.098831
671289,1406,966,0.4824016563146998,R,0.1587982832618025,0.8412017167381974,0.3052208835341365,0.6709401709401709,85.78108108108108,103.56,7.440860215053763,70.66363636363636,0.3945945945945946,0.2843531746031746,110.0,142.0,110.0,142.0,5.53338948872752,low,0.0100695262483994,Tyler Freeman,R,-0.48029843737870803,0.6782950631152307,-0.22534440732656105,-0.13956774241156428,0.6649712310855576,-13.420129,14.934159
671732,1407,499,0.4769539078156312,L,0.273109243697479,0.726890756302521,0.2707423580786026,0.6518518518518519,88.28750000000001,105.26,16.261363636363637,72.16311111111112,0.367816091954023,0.2511317829457364,22.0,107.0,22.0,107.0,4.867534450455582,low,0.0710705182667799,Lawrence Butler,L,0.7742518300067868,-0.2662398526932325,-0.04677960637011822,-0.3846631745026803,0.7959324672238584,5.105055,-2.7493434
671739,1408,3595,0.5251738525730181,L,0.2425847457627118,0.7574152542372882,0.3851533082302313,0.6751152073732719,90.31991525423727,108.23,6.246826516220028,72.15817120622569,0.4065155807365439,0.35503582395087,273.0,704.0,273.0,704.0,6.885509670034818,medium,0.0560948426573426,Michael Harris,L,0.5036443989903318,0.8769827625937938,-1.5134983839744982,-0.2910833184684287,0.10930875859738114,-7.5931716,7.5553136
672275,1409,1409,0.4641589779985806,L,0.2370030581039754,0.7629969418960245,0.2664714494875549,0.650137741046832,88.6625550660793,103.58,10.140969162995594,68.39168831168831,0.48,0.2818603988603988,112.0,239.0,112.0,239.0,5.863631175598097,low,-0.1104301404662283,Patrick Bailey,L,0.5978289411281535,-0.2902470064993646,0.11934847780767605,0.32447463134196414,0.2114970612711327,9.536752,-7.6967735
672279,1410,126,0.4047619047619047,L,0.2352941176470588,0.7647058823529411,0.1746031746031746,0.6349206349206349,82.11,99.72,26.25,69.2125,0.55,0.1410666666666666,3.0,27.0,3.0,27.0,3.4339872044851463,low,-0.101037037037037,Michael Siani,L,0.06834003214047871,-0.08052770703881913,0.5636532494784776,0.15568543902669468,-0.33895715433905754,1.5380865,-3.5653346
672284,1411,3835,0.4737940026075619,L,0.2834342322509631,0.7165657677490369,0.287886467308667,0.6707841031149302,88.63944153577661,105.18,13.24083769633508,70.50500000000001,0.4350877192982456,0.2856690721649484,294.0,676.0,294.0,676.0,6.878326468291325,medium,0.0493761119832548,Jarred Kelenic,L,1.1672852957403106,-0.297577951411763,0.16169141321969485,-0.24860849833477824,-0.16040402330506837,3.5449114,-4.2770734
672356,1412,1550,0.532258064516129,R,0.3539393939393939,0.6460606060606061,0.318595578673602,0.7426376440460948,90.72345132743362,106.95,2.7168141592920354,73.2532663316583,0.3616071428571428,0.2782718204488778,144.0,257.0,144.0,257.0,5.996452088619021,medium,-0.1714949200172935,Gabriel Arias,R,0.8174247431806846,-0.26907491352415064,-1.1167836590025015,1.1434784556646078,-0.39735526268559673,16.110632,-8.387406
672386,1413,4755,0.4185068349106204,R,0.1412060301507537,0.8587939698492463,0.2480460715754833,0.596815834767642,89.83543046357616,104.7,8.431718061674008,68.33578947368422,0.3550884955752212,0.3320008517887564,302.0,872.0,302.0,872.0,7.069023426578259,medium,0.0095925709338355,Alejandro Kirk,R,-0.8015510912085372,0.3541988222142351,0.12665217535589612,1.222406774178967,0.9451446553045255,4.6324997,6.705911
672478,1414,1245,0.5694779116465863,R,0.2693935119887165,0.7306064880112835,0.3626198083067092,0.778675282714055,89.49224489795918,106.02,3.612244897959183,70.92906666666667,0.4268292682926829,0.2774709302325581,134.0,210.0,134.0,210.0,5.84354441703136,medium,-0.0246093816631129,Jordan Diaz,R,0.39605986323499554,0.07178210331756922,-0.7150571187305049,-0.13645606243739797,0.8892791298451969,-15.415031,-0.423954
672515,1415,1809,0.4317302377003869,R,0.1856594110115237,0.8143405889884763,0.2685185185185185,0.580952380952381,89.71861861861862,103.18,4.546546546546547,68.3992337164751,0.322289156626506,0.3248874172185431,139.0,314.0,139.0,314.0,6.118097198041348,medium,0.0665669935389268,Gabriel Moreno,R,-0.9286747130658634,0.5730100648303315,-0.6538684234616823,0.35468999637541715,1.2194051088036582,-6.451916,17.036015
672580,1416,2074,0.4286403085824494,R,0.1788526434195725,0.8211473565804275,0.204225352112676,0.6351851851851852,91.56048387096774,104.49,6.002666666666666,68.5263948497854,0.3485254691689008,0.2995530726256983,124.0,413.0,124.0,413.0,6.2878585601617845,medium,0.0600357338123876,Maikel García,R,0.519772665039458,-0.05670286809116726,-0.3359108315259918,1.5254899458745559,0.46727407034462626,18.010864,1.9272848
672640,1417,42,0.4047619047619047,R,0.1176470588235294,0.8823529411764706,0.2608695652173913,0.5789473684210527,85.5,101.22,4.25,,0.25,0.5448181818181819,3.0,8.0,3.0,8.0,2.4849066497880004,low,0.466375,Otto Lopez,R,-0.07602349663643942,0.0831726725396755,-0.035534121213114486,0.4407956577256016,0.2786890073651606,4.2777286,5.0216985
672695,1418,4142,0.3874939642684693,L,0.1657320872274142,0.8342679127725857,0.183754333828628,0.5812529439472445,85.09969372128637,98.6,14.048929663608565,63.826517571884985,0.4546850998463901,0.2873599202392821,222.0,781.0,222.0,781.0,6.911747300251674,medium,0.0275934756779827,Geraldo Perdomo,L,-0.17020945151346512,0.2350907997093628,0.8521437419811554,1.0252548444915293,-0.3506511425482397,8.711252,13.307675
672701,1419,173,0.5780346820809249,L,0.2099999999999999,0.79,0.47,0.726027397260274,83.66451612903225,99.5,8.67741935483871,,0.5,0.2755869565217391,7.0,39.0,7.0,39.0,3.8501476017100584,low,-0.0008241758241758,José Devers,L,0.14330516845688138,0.7289001965010383,0.02697957288933602,-0.09387808720916808,-1.1476302607205722,2.8882108,19.611164
672724,1420,880,0.4943181818181818,R,0.271264367816092,0.728735632183908,0.2693156732891832,0.7330210772833724,85.78588957055214,103.98,8.785276073619633,69.96853146853147,0.5403726708074534,0.2745967741935484,64.0,184.0,64.0,184.0,5.517452896464707,low,-0.0697540760869565,Oswald Peraza,R,-0.23282068569058975,-0.7306384221505353,-0.05759478802907172,-0.5406761844313188,-0.036241451743776694,-10.671699,-1.8849989
672744,1421,61,0.6557377049180327,R,0.425,0.575,0.3846153846153846,0.8571428571428571,89.66666666666667,102.4,20.666666666666668,78.17894736842106,0.5,0.387235294117647,6.0,11.0,6.0,11.0,2.8903717578961645,low,-0.1435757575757575,Alexander Canario,R,-0.036732242423093295,-0.257056878149027,-0.15659732298115445,-0.49914620944664245,-0.1846415534126461,-5.171177,-2.2460444
672779,1422,1543,0.4711600777705768,L,0.1733149931224209,0.8266850068775791,0.2637215528781794,0.6658291457286433,86.55765472312704,101.04,11.517915309446254,64.54545454545455,0.4819672131147541,0.2599248291571754,98.0,341.0,98.0,341.0,6.0867747269123065,low,0.0034238434376683,Tucupita Marcano,L,0.889027898098374,0.38144523581161033,1.100657355782892,-0.2258813309496141,0.4908704776520026,6.8933616,-1.5417275
672820,1423,749,0.540720961281709,R,0.2345679012345679,0.7654320987654321,0.4164383561643835,0.6588541666666666,88.98333333333333,102.8,12.45138888888889,69.2548717948718,0.3426573426573426,0.2273414634146341,56.0,149.0,56.0,149.0,5.327876168789581,low,0.0545637583892617,Lenyn Sosa,R,-0.3642144771725771,0.7502068587714215,-0.7238465442509934,-0.5463375614969027,0.04179988225996315,-8.743291,11.3931265
672832,1424,43,0.627906976744186,R,0.3333333333333333,0.6666666666666666,0.5,0.7037037037037037,88.88333333333333,95.35,7.166666666666667,,0.3333333333333333,0.1123571428571428,2.0,12.0,2.0,12.0,2.70805020110221,low,-0.1310833333333333,Israel Pineda,R,-0.13437649034357332,-0.031152323595454983,-0.16165293265063005,0.06164651179036087,0.04209516998167403,-3.9706695,1.5313909
673237,1425,1311,0.5873379099923722,R,0.2584415584415584,0.7415584415584415,0.4421487603305785,0.7675213675213676,90.13472222222222,105.83,11.541666666666666,71.84312668463612,0.4225352112676056,0.3504170984455958,105.0,281.0,105.0,281.0,5.958424693029782,low,-0.1252886968310456,Yainer Diaz,R,0.5442479363710325,0.6113869547319116,-1.0834379076061118,-0.7295683203399614,-0.37278331156297717,14.956886,-13.241962
673357,1426,5383,0.5950213635519227,R,0.2994068061192632,0.7005931938807368,0.4092318291422666,0.8125,89.45108055009823,107.6,13.833988212180747,74.23360655737704,0.4313919052319842,0.3508564784053156,322.0,1183.0,322.0,1183.0,7.317212408359839,medium,0.0785486603697305,Luis Robert,R,1.0762328825197536,-0.08349173653193316,-0.7649154081800863,-0.8967557742919589,-0.03014524700683063,13.776044,-12.080156
673451,1427,1577,0.4337349397590361,L,0.1871345029239766,0.8128654970760234,0.2506172839506173,0.6271186440677966,85.8099173553719,100.69,2.371900826446281,,0.3181818181818182,0.2737154696132596,54.0,308.0,54.0,308.0,5.8944028342648505,low,-0.0076693121693121,Shogo Akiyama,L,-0.5326806556036849,0.1700637246737652,-0.46920107539899913,0.3559771647687628,1.263307139094299,-10.9266615,16.715794
673490,1428,6203,0.4136708044494599,R,0.1726422447388932,0.8273577552611068,0.226525017135024,0.5799086757990868,86.45219941348974,102.48,14.6201171875,65.50494845360825,0.4915924826904055,0.3116178045515395,465.0,1029.0,465.0,1029.0,7.309881485824787,high,0.052370387786451,Ha-Seong Kim,R,-1.3933415037137482,-0.015042556777783692,0.3267002292016832,-0.3571493829985214,0.16301010251757664,-12.557787,-9.879475
673548,1429,4289,0.4014921893215201,R,0.2003484320557491,0.7996515679442509,0.2041010968049594,0.5903284671532847,90.62555720653788,105.7,10.848888888888888,70.52396694214876,0.3761194029850746,0.3479990224828934,281.0,742.0,281.0,742.0,6.931471805599453,medium,0.0185918024767148,Seiya Suzuki,R,-0.41197192499222995,-0.4472415937824701,-0.13738561981764746,0.20816259647892388,1.386899846044623,11.230367,14.118121
673962,1430,2357,0.5099703012303776,R,0.2703826955074875,0.7296173044925125,0.3306451612903225,0.7090420769919427,90.74330708661417,105.0,14.669291338582678,69.4966037735849,0.3858267716535433,0.3253581847649919,155.0,462.0,155.0,462.0,6.42648845745769,medium,0.1062494623655913,Josh Jung,R,0.9735219619091178,-0.15330178358361385,-0.44555917643217724,0.43664201780667594,-0.5370199759710116,18.626402,-5.05994
675649,1431,44,0.6363636363636364,L,0.1428571428571429,0.8571428571428571,0.45,0.7916666666666666,80.11428571428571,93.36,10.142857142857142,,0.7142857142857143,0.2397272727272727,4.0,7.0,4.0,7.0,2.4849066497880004,low,-0.3139285714285714,Brian Miller,L,0.13158755632138683,0.38085740535824597,-0.032888904744776966,-0.11808088920295368,-0.06672267467147457,-1.4399742,4.879081
675656,1432,1187,0.5290648694187026,R,0.2961783439490446,0.7038216560509554,0.371859296482412,0.688135593220339,87.26862745098039,102.68,16.916666666666668,68.26301369863013,0.3762376237623762,0.2255446153846153,122.0,203.0,122.0,203.0,5.786897381366708,medium,0.1370358959864329,Kevin Smith,R,-0.6098747963140674,-0.05265675108499374,-0.6613541184433244,0.019255589809252176,-0.6711026917204338,-8.802667,5.231232
675961,1433,454,0.4713656387665198,R,0.308411214953271,0.6915887850467289,0.2587719298245614,0.6858407079646017,82.54307692307692,101.36,9.507692307692308,67.83913043478262,0.4153846153846154,0.2383333333333333,40.0,71.0,40.0,71.0,4.718498871295094,low,-0.1874623239436619,Alika Williams,R,0.1267645040290554,-0.28311878449014266,0.4970486115039157,0.29399296891031823,-0.3257040048829464,3.1064854,-9.836744
675986,1434,185,0.4378378378378378,L,0.2716049382716049,0.7283950617283951,0.2604166666666667,0.6292134831460674,88.67619047619048,105.9,0.238095238095238,,0.55,0.2280227272727272,3.0,41.0,3.0,41.0,3.80666248977032,low,0.2447073170731707,Canaan Smith-Njigba,L,0.32015725257584776,-0.12581362869545198,-0.11920595844131111,0.28791218597533536,0.6728682321215671,3.7344043,1.9675375
676059,1435,865,0.4855491329479768,R,0.2380952380952381,0.7619047619047619,0.2828054298642534,0.6973995271867612,90.18571428571428,105.9,13.409090909090908,68.69354838709677,0.474025974025974,0.3088421052631578,82.0,146.0,82.0,146.0,5.43372200355424,low,0.0532281991313063,Jordan Westburg,R,0.5217279583289754,-0.3557876829049048,0.07090685778274,0.8742541286923925,-0.042782279331646765,20.924826,-2.2309988
676070,1436,26,0.5384615384615384,R,0.1428571428571429,0.8571428571428571,0.5,0.5714285714285714,81.95714285714287,95.6,-0.7142857142857143,,0.7142857142857143,0.1962222222222222,5.0,4.0,5.0,4.0,2.302585092994046,low,-0.0441499999999999,Jacob Amaya,R,-0.05435345267914561,0.28822776907187586,-0.0011749279022236216,0.18820144726498056,-0.07311859449570367,2.338219,12.0596075
676116,1437,2083,0.4272683629380701,L,0.352808988764045,0.647191011235955,0.1908023483365949,0.6550424128180962,91.15106382978723,106.76,16.059574468085106,69.90797342192691,0.4957264957264957,0.3417793522267206,97.0,397.0,97.0,397.0,6.20455776256869,low,0.009949492326469,Ryan Noda,L,0.3954000878815159,-1.7996020514520346,0.14287027195642335,1.022835250295254,-0.957847473140561,5.79575,-20.07138
676356,1438,163,0.558282208588957,R,0.2417582417582418,0.7582417582417582,0.4318181818181818,0.7066666666666667,83.009375,95.79,7.375,68.255,0.6451612903225806,0.3200888888888888,35.0,10.0,35.0,10.0,3.828641396489095,low,0.0403571428571428,Jonny Deluca,R,-0.2567912038929262,0.23053721200667,0.4732210451070791,-0.5868476297977747,-0.27519689524098817,-4.700538,-3.3002906
676369,1439,1490,0.4865771812080537,R,0.3393103448275861,0.6606896551724138,0.2645569620253165,0.7371428571428571,90.03508771929825,106.19,13.236842105263158,71.2276515151515,0.4444444444444444,0.3273090909090909,136.0,249.0,136.0,249.0,5.955837369464831,medium,-0.0149620245688636,Nelson Velázquez,R,0.6384771749841159,-1.1300833750249357,0.11931053894029903,0.47429608624867087,-0.8443166706516405,-9.61189,-18.064905
676391,1440,1209,0.4946236559139785,R,0.1404682274247491,0.8595317725752508,0.3491525423728813,0.6332794830371568,85.33357142857143,100.21,13.6,64.04347826086956,0.3260869565217391,0.2574484679665738,157.0,202.0,157.0,202.0,5.886104031450156,medium,0.0066061991549473,Ernie Clement,R,0.10769233683492173,1.660622936816074,0.2189616719733821,0.30419749668042145,-0.06654498722134403,2.783887,11.750241
676475,1441,1407,0.5159914712153518,L,0.1680440771349862,0.8319559228650137,0.3315363881401617,0.7218045112781954,90.06456953642385,104.19,11.30132450331126,69.03436426116839,0.4429530201342282,0.2929722222222222,32.0,364.0,32.0,364.0,5.983936280687191,low,0.0189402472527472,Alec Burleson,L,0.5475168279641034,0.9305986608416849,-0.07452438976664802,-0.543502041340728,0.24341754671420185,20.111786,7.0947876
676480,1442,1728,0.5300925925925926,R,0.3482532751091702,0.6517467248908297,0.3702127659574468,0.7208121827411168,87.50722891566265,102.98,16.301204819277107,,0.4959349593495935,0.2244653243847874,145.0,302.0,145.0,302.0,6.104793232414985,medium,0.0319864580954555,José Barrero,R,0.35810217310147363,-0.10747526376550563,0.0812413503804954,-0.3836177402375587,-0.7305540760514118,-3.7259874,-4.3030186
676551,1443,17,0.4117647058823529,R,0.7142857142857143,0.2857142857142857,0.375,0.4444444444444444,,,,,,0.0,3.0,1.0,3.0,1.0,1.6094379124341005,low,0.0,Brewer Hicklen,R,0.2115939068688174,-0.18415553764491524,-0.07268282486584796,-0.004425489361081435,-0.08117660107948112,1.2163457,-2.525566
676609,1444,1129,0.4269264836138175,R,0.2157676348547718,0.7842323651452282,0.287719298245614,0.5688729874776386,83.31626506024097,99.75,21.59036144578313,66.63986928104575,0.4939024390243902,0.3045785714285714,124.0,156.0,124.0,156.0,5.638354669333745,medium,0.077313482216708,José Caballero,R,-0.6209916023379777,-0.005548724607462222,0.8266240269347787,-0.9503660577922213,-0.06573056507100945,-19.82135,6.2190523
676625,1445,78,0.5,R,0.2564102564102564,0.7435897435897436,0.2424242424242424,0.6888888888888889,88.85833333333333,99.28,7.416666666666667,,0.4166666666666667,0.1184761904761904,10.0,11.0,10.0,11.0,3.091042453358316,low,0.1113454545454545,Rylan Bannon,R,-0.24258876657716802,-0.23799766451204948,0.0066958708705324756,0.19144505229048933,0.1529193963185841,-8.098028,-2.702482
676628,1446,206,0.6213592233009708,L,0.3125,0.6875,0.3789473684210526,0.8288288288288288,95.45555555555556,108.3,13.11111111111111,,0.5428571428571428,0.1891475409836065,14.0,47.0,14.0,47.0,4.127134385045092,low,0.1285881458966565,Mark Contreras,L,0.3555784337426062,-0.34257029657747023,-0.7861675885620656,0.012329730873384275,-0.735167120559353,14.828973,-10.25422
676632,1447,602,0.4684385382059801,L,0.2659574468085106,0.7340425531914894,0.2524916943521594,0.6843853820598007,88.52828282828283,102.5,11.787878787878787,72.04615384615384,0.4948453608247423,0.2292418300653594,26.0,127.0,26.0,127.0,5.0369526024136295,low,0.0364794064203513,Bligh Madris,L,0.6358645074329509,0.026206283029600312,0.29678944746977254,-0.09316876484387251,0.0324133762610434,5.3048415,-2.5573363
676646,1448,160,0.5625,L,0.2555555555555555,0.7444444444444445,0.3513513513513513,0.7441860465116279,87.1148148148148,104.0,18.74074074074074,,0.2962962962962963,0.1893863636363636,5.0,39.0,5.0,39.0,3.80666248977032,low,0.2136666666666666,Zach Reks,L,-0.35906656151087235,0.026766837588023066,-0.5493413771243199,-0.24273936571054694,-0.09765086963913355,-7.065101,5.8098693
676694,1449,2584,0.4721362229102167,R,0.2647540983606558,0.7352459016393442,0.2742424242424242,0.6787974683544303,87.1575980392157,102.93,11.345588235294118,67.53373493975904,0.4324324324324324,0.2950045317220544,190.0,472.0,190.0,472.0,6.4967749901858625,medium,0.0453105263157895,Jake Meyers,R,0.3546951634906425,-0.4096498578006524,0.40059964263883663,1.1372875945950753,-0.21701581668644845,19.811115,-5.1639647
676701,1450,1538,0.5110533159947984,R,0.22264631043257,0.77735368956743,0.3384615384615385,0.6886543535620053,85.93284671532847,99.75,13.9014598540146,66.49779005524861,0.4562043795620438,0.28729,149.0,251.0,149.0,251.0,5.993961427306569,medium,-0.065832883232172,Alan Trejo,R,-0.16856869982949793,0.41918923918921563,0.23095836943836245,0.16064472404114646,-0.8867766541245309,0.7846498,15.618307
676724,1451,272,0.5073529411764706,L,0.3188405797101449,0.6811594202898551,0.2932330827067669,0.7122302158273381,89.31190476190476,107.01,10.0,73.328,0.5714285714285714,0.3104202898550725,4.0,65.0,4.0,65.0,4.248495242049359,low,-0.3212,Jared Young,L,-0.1894900301794853,-0.6565593480076323,-0.502603381949468,-0.08896364634845101,-0.0803823795834064,-10.581813,-13.301844
676761,1452,52,0.5192307692307693,L,0.3333333333333333,0.6666666666666666,0.4230769230769231,0.6153846153846154,83.17142857142858,96.26,11.0,64.15384615384616,0.5,0.0,0.0,12.0,0.0,12.0,2.5649493574615367,low,,Irving Lopez,L,-0.21298114531683263,0.13818316521800966,0.2463647770597763,-0.0845324474317036,-0.21643060445780407,1.3354397,7.0948257
676782,1453,28,0.4642857142857143,L,0.5384615384615384,0.4615384615384615,0.2857142857142857,0.6428571428571429,89.3,89.3,6.0,,0.0,0.2296666666666666,1.0,5.0,1.0,5.0,1.9459101490553132,low,0.2755999999999999,Mickey Mcdonald,L,-0.05989522524884085,-0.1483972170116784,-0.04840291252238135,-0.005010534976441686,-0.1808917517344372,-3.5014446,-7.9545536
676801,1454,4625,0.4782702702702702,R,0.2974683544303798,0.7025316455696202,0.2856555692560624,0.6920620437956204,88.71234221598878,103.1,15.157082748948106,69.70670731707317,0.4098591549295775,0.3401741335587489,343.0,840.0,343.0,840.0,7.076653815443951,medium,0.0876626822157434,Chas Mccormick,R,-1.2072870101956308,-0.5641638298702844,-0.13887764659543544,0.37918365073873384,-0.10140899573216933,-11.694192,-6.987649
676882,1455,1,1.0,R,0.0,1.0,,1.0,99.3,99.3,-4.0,67.8,1.0,0.0,0.0,1.0,0.0,1.0,0.6931471805599453,low,,Chandler Seagle,R,0.025598397443466554,0.049501224773413406,-0.004997287988333698,0.056522315951962596,-0.019581634488265325,0.5577492,1.354055
676900,1456,23,0.5217391304347826,R,0.4166666666666666,0.5833333333333334,0.3636363636363636,0.6666666666666666,88.53333333333335,96.66,29.333333333333332,,0.0,0.0988571428571428,4.0,3.0,4.0,3.0,2.0794415416798357,low,0.173,Ryan Dorow,R,-0.0027323804731244562,0.07299149758836015,-0.0646019323873327,0.20132238162788893,-0.04725226480767419,1.25664,2.367067
676914,1457,580,0.3913793103448276,R,0.3524229074889867,0.6475770925110133,0.1573770491803278,0.6509090909090909,89.35,104.29,26.11111111111111,67.1420814479638,0.5142857142857142,0.4238439716312057,54.0,87.0,54.0,87.0,4.955827057601261,low,0.1599808429118773,Davis Schneider,R,-0.805163751715036,-1.2229289931421534,0.3268378510733338,-0.11003165109831654,-0.5038659243955016,-5.7645063,-14.41743
676946,1458,628,0.3980891719745223,R,0.2239999999999999,0.776,0.2916666666666667,0.5205479452054794,85.33861386138615,100.1,13.05940594059406,67.27616580310881,0.3505154639175257,0.3036375,58.0,102.0,58.0,102.0,5.081404364984463,low,0.1408255578093306,Matthew Batten,R,-0.10673892791000397,0.7602386614217641,0.05684379055871035,0.20965277016886832,-0.18275401347948542,6.6209426,10.2873
676950,1459,252,0.4444444444444444,R,0.2410714285714286,0.7589285714285714,0.296875,0.5967741935483871,85.01764705882353,98.97,8.147058823529411,,0.3823529411764705,0.1810877192982456,29.0,28.0,29.0,28.0,4.060443010546419,low,-0.1478029556650246,David Mackinnon,R,0.2642127896178451,0.3044969572999777,0.39347223443923707,0.8323792861613138,-0.11544145653097758,9.1717005,15.137692
677008,1460,124,0.4677419354838709,L,0.3448275862068966,0.6551724137931034,0.359375,0.5833333333333334,92.355,105.99,19.35,72.7537037037037,0.45,0.318,1.0,31.0,1.0,31.0,3.49650756146648,low,0.328258064516129,Heston Kjerstad,L,0.43263561791682187,0.1240120002347363,-0.25346119374240955,-0.08636470989448408,0.04431478458358046,5.095865,0.47198132
677223,1461,5,0.6,L,0.3333333333333333,0.6666666666666666,0.5,0.6666666666666666,,,,,,0.0,0.0,1.0,0.0,1.0,0.6931471805599453,low,,Jack Larsen,L,-0.025532719145393866,-0.07572962551526437,-0.020752841332090596,-0.028096802597174297,0.027056470964756378,-0.3607157,-0.5861328
677347,1462,185,0.4918918918918919,R,0.3296703296703297,0.6703296703296703,0.2323232323232323,0.7906976744186046,85.63636363636364,104.66,4.5,70.85529411764706,0.3636363636363636,0.1564888888888888,13.0,32.0,13.0,32.0,3.828641396489095,low,0.0292764423076922,Kyren Paris,R,0.575086987097646,-0.44267358611288493,0.20538409490160445,0.009143397026263073,0.3586578883137912,-15.558722,-1.3758012
677551,1463,4210,0.4809976247030879,L,0.134320987654321,0.865679012345679,0.2802457466918714,0.6838586437440306,88.43657458563537,104.16,8.929281767955802,70.62692307692308,0.439511653718091,0.3409727831431079,276.0,863.0,276.0,863.0,7.038783541388542,medium,-0.0717315020068181,Wander Franco,L,-0.46063817376469823,0.650599686445854,-0.6034157364752656,-0.10085946142444852,1.4295118077597522,-13.329161,14.837529
677587,1464,342,0.5467836257309941,L,0.3101604278074866,0.6898395721925134,0.4034090909090909,0.6987951807228916,85.84181818181818,97.36,1.4363636363636365,66.44842767295597,0.4727272727272727,0.262906976744186,33.0,53.0,33.0,53.0,4.465908118654584,low,0.1055666094911378,Brayan Rocchio,L,-0.24097429820512709,0.41746440060574663,-0.15533056875415896,0.5446529098791412,-0.2194332410615072,-0.4576718,15.753988
677588,1465,158,0.4240506329113924,L,0.2686567164179104,0.7313432835820896,0.1805555555555555,0.627906976744186,88.5,99.13,13.27777777777778,68.37936507936507,0.2222222222222222,0.2644411764705882,12.0,22.0,12.0,22.0,3.5553480614894135,low,0.1156893939393939,José Tena,L,-0.42120094382297585,-0.3214978856957543,0.110163143691229,0.1974559448019352,0.5828430269778957,-8.021299,-4.8050194
677592,1466,388,0.5257731958762887,R,0.4019607843137255,0.5980392156862745,0.265625,0.7806122448979592,91.86603773584903,104.88,10.037735849056604,71.03469387755102,0.4150943396226415,0.2021941747572815,23.0,80.0,23.0,80.0,4.6443908991413725,low,-0.0139086956521738,Everson Pereira,R,0.6231611957292781,-1.0523051886717831,-0.16180833931063837,0.10927032477267096,-0.13569499454318432,9.612639,-14.615786
677594,1467,4593,0.5220988460701067,R,0.2781484570475396,0.7218515429524603,0.3566206336311942,0.7132801501642422,92.3749703440095,108.8,9.205917159763311,75.19536541889482,0.4304399524375743,0.3557333860759493,300.0,964.0,300.0,964.0,7.142827401161621,medium,0.0030462932226832,Julio Rodríguez,R,0.713303078457383,-0.34914673029449567,-1.5347230019781402,-0.03510944994357378,0.0754849609127203,-12.100255,5.899828
677595,1468,401,0.5486284289276808,L,0.3045454545454545,0.6954545454545454,0.4242424242424242,0.7176470588235294,90.7,106.32,7.6,73.86650246305419,0.5,0.2836388888888889,48.0,60.0,48.0,60.0,4.6913478822291435,low,0.1243374999999999,Ronny Mauricio,L,1.0231026541829764,0.9737206384795827,-0.5122500870471328,-0.2911917564501133,-0.7271326649567021,13.296906,1.6469307
677649,1469,2424,0.5429042904290429,R,0.263677811550152,0.736322188449848,0.3780584056827151,0.7234226447709594,88.60596330275229,105.9,12.41324200913242,71.38343195266272,0.3817330210772833,0.3140167427701674,183.0,474.0,183.0,474.0,6.489204931325317,medium,0.0374387148094348,Ezequiel Duran,R,-0.11490767461480918,-0.01567761829720379,-1.3093857195902325,-0.5000710604558158,0.09543840445781118,-10.642664,7.1256604
677800,1470,358,0.4441340782122905,L,0.3081761006289308,0.6918238993710691,0.2528089887640449,0.6333333333333333,90.99803921568626,105.9,11.745098039215684,72.60955414012739,0.4038461538461538,0.3748705882352941,10.0,75.0,10.0,75.0,4.454347296253507,low,0.2247066666666666,Wilyer Abreu,L,-0.8211682435557341,-0.6243158005719387,-0.4759660045373941,-0.19355932530457914,0.42342753311020803,-15.278012,-10.87927
677941,1471,138,0.6159420289855072,R,0.3058823529411765,0.6941176470588235,0.3793103448275862,0.7875,91.8375,101.43,6.166666666666667,66.16265060240964,0.4583333333333333,0.110375,11.0,29.0,11.0,29.0,3.713572066704308,low,-0.1522413793103448,Jordyn Adams,R,-0.06457077482063349,-0.2032968156553263,-0.21756202202114755,0.32195162099026003,-0.40802356960004843,8.561856,-6.576651
677950,1472,2959,0.4900304156809733,L,0.236551724137931,0.763448275862069,0.3358885017421603,0.6351706036745407,88.07058823529412,104.2,2.377295492487479,67.59761273209548,0.4628378378378378,0.2750197530864197,176.0,634.0,176.0,634.0,6.698268054115413,medium,0.094734782764554,Alek Thomas,L,0.35320828928814296,0.7149148682240255,-0.7322197587198402,0.25486763576634897,0.1105797636092141,-13.825911,8.67004
677951,1473,5024,0.5107484076433121,R,0.2194076383476227,0.7805923616523772,0.3261205564142195,0.7068965517241379,90.23710499490316,106.7,16.115188583078492,73.8048695652174,0.3757700205338809,0.3279757942511346,294.0,1028.0,294.0,1028.0,7.187657164114956,medium,0.007707714603351,Bobby Witt,R,0.5943872881355294,0.639298650673786,-0.967549111847654,0.05237016806913818,0.06609756808729537,16.14568,-2.7989407
677954,1474,263,0.4448669201520912,R,0.1623931623931623,0.8376068376068376,0.2595419847328244,0.6287878787878788,87.08125,101.91,5.041666666666667,,0.3125,0.2782769230769231,11.0,54.0,11.0,54.0,4.189654742026425,low,0.0306346801346801,Jordan Groshans,R,0.6405458824179283,0.33135899989475454,0.21184432829878994,0.6359578331573792,0.49715363346836555,15.289814,3.465152
678009,1475,588,0.4251700680272108,L,0.2239999999999999,0.776,0.2292358803986711,0.6306620209059234,89.44827586206897,104.2,18.42528735632184,68.45795918367347,0.4534883720930232,0.3081527777777778,29.0,115.0,29.0,115.0,4.976733742420574,low,-0.0387988005997001,Parker Meadows,L,0.3557681525248318,0.17680925047566687,0.42713720462266963,-0.16844773294313933,0.3735787067358475,11.349384,7.1955137
678225,1476,1579,0.4642178594046865,L,0.2278308321964529,0.772169167803547,0.2688039457459926,0.6705729166666666,87.66377952755904,102.87,1.68503937007874,65.78448275862068,0.3450980392156862,0.2808567901234567,119.0,286.0,119.0,286.0,6.0063531596017325,medium,0.0323552330022918,Ji Hwan Bae,L,-1.0615672368458977,-0.21738781500413204,-0.9833580159485494,0.5568221242668742,0.8301479735326796,-11.316775,15.728749
678246,1477,1401,0.4525339043540328,R,0.2018927444794952,0.7981072555205048,0.2178932178932179,0.6822033898305084,87.12672413793103,102.13,18.04310344827586,,0.3859649122807017,0.2815584045584045,116.0,235.0,116.0,235.0,5.863631175598097,medium,-0.0060359501100513,Miguel Vargas,R,-0.5718292837240249,-0.3862352084206071,0.1865096215096607,0.050015420824289294,0.6695682447911617,-22.152039,-7.243425
678545,1478,341,0.5601173020527859,R,0.2356020942408376,0.7643979057591623,0.3496932515337423,0.7528089887640449,88.24754098360657,101.8,-2.4754098360655736,69.37407407407407,0.3666666666666666,0.2617553191489362,31.0,63.0,31.0,63.0,4.553876891600541,low,0.1035099846390169,Osleivis Basabe,R,0.5187796403047453,0.886843888473154,-0.9046742935619994,0.308618154414046,0.27873749275594323,-13.719594,8.633683
678554,1479,340,0.488235294117647,R,0.2289156626506023,0.7710843373493976,0.3220338983050847,0.6687116564417178,83.8688524590164,100.3,13.36065573770492,69.328025477707,0.360655737704918,0.3017065217391304,35.0,57.0,35.0,57.0,4.532599493153256,low,0.0822360902255638,Curtis Mead,R,-0.11626258829713192,0.3326004590538724,-0.11264244684039722,0.21427157687223367,0.13434094631376978,-0.18303183,11.350118
678662,1480,2403,0.5942571785268415,R,0.2962184873949579,0.7037815126050421,0.4186046511627907,0.7978436657681941,88.09132420091325,104.03,12.28538812785388,70.59059011164275,0.363013698630137,0.2965308641975308,188.0,460.0,188.0,460.0,6.47543271670409,medium,0.018786586493987,Ezequiel Tovar,R,-1.1263385741219287,-0.20087335589579394,-1.2340836498355807,-0.2462282247656673,-0.11923818119055886,-13.620278,-4.507481
678882,1481,349,0.5616045845272206,R,0.2806122448979592,0.7193877551020408,0.3901098901098901,0.7485029940119761,85.48727272727272,102.44,8.090909090909092,67.84322916666666,0.3090909090909091,0.2873932584269663,27.0,62.0,27.0,62.0,4.499809670330265,low,-0.0236385902031063,Ceddanne Rafaela,R,-0.3444107897022765,-0.012393150184088837,-0.613608519626879,0.22066150059012246,-0.3918911612710855,19.434814,-9.113537
678894,1482,820,0.5134146341463415,R,0.2755344418052257,0.7244655581947743,0.2871536523929471,0.7257683215130024,89.45307692307692,105.41,4.0534351145038165,71.5187341772152,0.4615384615384615,0.2857348837209302,72.0,143.0,72.0,143.0,5.375278407684165,low,0.0912766122766122,Liover Peguero,R,1.5282721031403423,0.33370041735501055,0.10571030358508379,0.302272370581581,0.14172525273136413,9.416527,-1.845949
679032,1483,532,0.5319548872180451,R,0.2650176678445229,0.734982332155477,0.3923076923076923,0.6654411764705882,86.48787878787878,102.16,7.07,68.34097744360902,0.35,0.3353291139240506,62.0,96.0,62.0,96.0,5.0689042022202315,low,0.0121471774193548,Johan Rojas,R,0.3422174131466313,0.9218295782233773,-0.3639439025442956,-0.2974160271456487,0.027751573129624597,-2.0610852,6.4291573
679529,1484,4395,0.4609783845278726,R,0.2245804540967423,0.7754195459032577,0.2398148148148148,0.6747203579418345,91.2724928366762,105.83,16.312320916905446,73.84268502581756,0.4761215629522431,0.3057810487580497,267.0,820.0,267.0,820.0,6.992096427415888,medium,0.021445386863981,Spencer Torkelson,R,0.5009307799273437,-0.49094155301495374,0.5648058100769288,-0.2680756740987799,0.7171084450196578,4.104029,-3.0915217
679631,1485,591,0.5042301184433164,L,0.2315436241610738,0.7684563758389261,0.2691029900332226,0.7482758620689656,87.26981132075473,100.3,10.273584905660377,,0.3867924528301887,0.2887579617834395,13.0,144.0,13.0,144.0,5.062595033026967,low,-0.0230758547008547,Terrin Vavra,L,-0.7021157158063139,-0.33259601215778434,0.10005211645705712,0.4156865466720295,0.38702572382403794,-8.649742,-3.429683
679845,1486,250,0.468,R,0.188034188034188,0.811965811965812,0.2301587301587301,0.7096774193548387,86.31568627450982,100.2,10.764705882352942,68.57304347826087,0.4705882352941176,0.3479558823529411,24.0,44.0,24.0,44.0,4.23410650459726,low,0.1680719696969697,Nick Loftin,R,0.564459426032253,0.31669941565415083,0.4302870708150671,0.5304990633783556,-0.09980140883842417,14.472369,4.254945
679881,1487,165,0.4787878787878787,L,0.2784810126582279,0.7215189873417721,0.2702702702702703,0.6483516483516484,85.87200000000001,101.68,20.96,70.15373134328358,0.44,0.2459318181818181,6.0,38.0,6.0,38.0,3.80666248977032,low,0.114359649122807,J. P. Martínez,L,-0.8826778549618626,-0.39564025554078736,-0.09734013537430938,-0.3430224208168856,-0.28878317748571253,-12.523591,-10.377152
680118,1488,523,0.491395793499044,R,0.2723735408560311,0.7276264591439688,0.2921348314606741,0.69921875,86.60454545454546,104.26,8.420454545454545,72.77445255474453,0.4482758620689655,0.3291608391608391,45.0,98.0,45.0,98.0,4.969813299576001,low,0.0516149659863945,Dairon Blanco,R,0.07465760527780374,-0.42839346102289766,-0.4585114051977872,-0.34494972034450017,0.33712105868947173,-9.924482,-1.5068773
680418,1489,38,0.631578947368421,R,0.3333333333333333,0.6666666666666666,0.4,0.782608695652174,85.02000000000001,89.54,29.2,67.99545454545455,0.2,0.1261428571428571,2.0,5.0,2.0,5.0,2.0794415416798357,low,-0.1766,Tyler Cropley,R,-0.3915042578755463,-0.20345370435988203,-0.13095521309682714,0.10739193361860269,-0.11020206231381521,-9.868048,-6.614899
680552,1490,38,0.5,L,0.368421052631579,0.631578947368421,0.2222222222222222,0.75,92.06,101.24,11.6,,0.2,0.0982222222222222,6.0,3.0,6.0,3.0,2.302585092994046,low,-0.1473333333333333,Travis Swaggerty,L,0.18163273168199734,-0.29945182598600056,0.013545480388700964,0.08232679507965573,0.07217771264602883,5.005033,-6.8974886
680574,1491,1667,0.418116376724655,R,0.2539454806312768,0.7460545193687231,0.2539682539682539,0.5766509433962265,89.3157894736842,104.04,13.79352226720648,68.84368231046932,0.3442622950819672,0.3703200992555831,101.0,302.0,101.0,302.0,6.0014148779611505,low,0.0660040325224576,Matt Mclain,R,-0.4554861665613045,-0.48818439090908583,0.17371009013263208,0.4514330589511899,0.16955653765298234,0.6837118,-14.204558
680700,1492,914,0.4660831509846827,L,0.1502347417840375,0.8497652582159625,0.2420814479638009,0.6758474576271186,86.45517241379311,100.47,10.080459770114942,65.39408284023669,0.5086705202312138,0.2980448430493273,25.0,198.0,25.0,198.0,5.41164605185504,low,-0.2091189898989898,Richie Palacios,L,-0.4912404924281384,0.09986604385413098,0.356662586719976,0.48833683290891156,0.3741443741321694,1.6108826,4.551756
680716,1493,31,0.3870967741935484,R,0.3333333333333333,0.6666666666666666,0.2857142857142857,0.4705882352941176,90.06666666666666,97.12,24.333333333333332,71.50833333333334,0.0,0.201125,5.0,3.0,5.0,3.0,2.1972245773362196,low,-0.5363333333333333,Jonathan Ornelas,R,0.29554315409647297,0.1069728507369018,0.1525559077525695,-0.046575788175353204,0.12340487254045875,4.9084334,-1.9741004
680757,1494,5447,0.3936111621075822,L,0.0904850746268657,0.9095149253731344,0.2043544690603514,0.568752209261223,85.52264150943397,98.0,11.181903864278985,62.48852459016394,0.34720908230842,0.3264388435878428,362.0,987.0,362.0,987.0,7.2078598714324755,medium,0.045325580614284,Steven Kwan,L,-0.7843939452255666,1.3383248151508624,0.7513054459879019,0.5096006609351633,1.3942010846712478,6.592279,15.177045
680776,1495,2685,0.5072625698324023,L,0.2415565345080763,0.7584434654919237,0.3098901098901099,0.7113636363636363,89.73356009070295,105.4,9.428571428571429,72.44056603773585,0.3772727272727272,0.3141597122302158,119.0,576.0,119.0,576.0,6.54534966033442,medium,0.0800816118113911,Jarren Duran,L,0.2911509175335971,-0.3514164510739965,-0.9873905020042671,0.17642312489983686,1.2952631190833679,-8.420253,3.6720972
680777,1496,3668,0.4563794983642312,R,0.2700119474313023,0.7299880525686977,0.2797494780793319,0.6495433789954338,89.59240986717268,105.8,15.821631878557875,71.45987460815047,0.4429657794676806,0.3213152173913043,284.0,636.0,284.0,636.0,6.825460036255307,medium,0.0585160333067588,Ryan Jeffers,R,0.6959077064336208,-0.25311749809804446,-0.2650544766006856,-0.481074642356364,-0.10447698951361135,0.10935603,-2.302428
680779,1497,1031,0.4451988360814743,R,0.2570806100217865,0.7429193899782135,0.2923351158645276,0.6276595744680851,88.59490445859872,105.34,12.477707006369426,71.01821305841924,0.5192307692307693,0.2875612648221344,83.0,170.0,83.0,170.0,5.537334267018537,low,-0.0078640680368533,Henry Davis,R,-0.005229529699928224,-0.40987464342647734,0.20319678384894022,-1.1333612053809814,0.382059989294022,-16.688618,-5.181031
680814,1498,550,0.5272727272727272,R,0.3551724137931035,0.6448275862068965,0.3006993006993007,0.7727272727272727,90.85352112676055,106.4,17.87323943661972,,0.391304347826087,0.2875035971223021,45.0,94.0,45.0,94.0,4.941642422609304,low,0.0522593380614657,Peyton Burdick,R,-0.24295689303135531,-1.3185406584246808,-0.6270837488418882,0.24416411399514107,-0.6178496788867883,-9.441654,-17.088106
680869,1499,1153,0.5030355594102341,R,0.3224137931034483,0.6775862068965517,0.2862129144851658,0.7172413793103448,89.75265957446808,103.82,11.78191489361702,70.20017985611511,0.4627659574468085,0.3570367892976588,79.0,220.0,79.0,220.0,5.703782474656201,low,-0.1874325086306099,Zack Gelof,R,0.3222530990613997,-0.5035510735387932,-0.24511174576679207,0.14909580431940675,-0.17396114465211937,16.80558,-6.1859374
680911,1500,3760,0.4827127659574468,R,0.1801652892561983,0.8198347107438017,0.3370136698212408,0.6318622174381054,86.03148936170213,102.2,10.259574468085106,67.957,0.3783783783783784,0.2790902636916835,337.0,649.0,337.0,649.0,6.894670039433482,medium,-0.0120477749379323,Owen Miller,R,0.12904480142492655,1.0429224132880952,-0.2361126071069424,0.0779131238118461,0.11845924248981936,1.5029455,12.110039
680963,1501,6,0.3333333333333333,R,0.0,1.0,0.25,0.5,86.9,86.9,40.0,,0.0,0.0,0.0,1.0,0.0,1.0,0.6931471805599453,low,,Cody Wilson,R,-0.014628883332583779,0.03275951216367511,0.03623223829569665,0.06818723271023665,0.0474178775452203,0.6316052,1.1652713
680977,1502,3372,0.3976868327402135,L,0.1379567486950037,0.8620432513049963,0.2160278745644599,0.5872727272727273,88.42993197278912,102.23,8.134353741496598,67.52333333333334,0.423469387755102,0.3470035971223021,139.0,695.0,139.0,695.0,6.727431724850855,medium,0.0397251798561151,Brendan Donovan,L,-0.2975071960616697,0.5565853318550681,0.2623459563342747,0.9213067410334188,0.5088208712908566,5.731495,8.034475
681082,1503,4504,0.4464920071047957,L,0.1422178020885132,0.8577821979114868,0.2859778597785978,0.5954623287671232,88.09682926829268,101.31,11.267965895249697,66.67388535031847,0.3941248470012239,0.3086872166817769,277.0,826.0,277.0,826.0,7.00669522683704,medium,-0.0223183975664548,Bryson Stott,L,-0.6472656659768983,1.068216785914366,-0.3823700022947167,-0.6540037150115606,1.9412757039133528,-5.862523,15.017835
681146,1504,1254,0.354066985645933,R,0.1621621621621621,0.8378378378378378,0.2249190938511326,0.4795597484276729,87.62110552763818,100.16,8.974874371859297,67.56176470588235,0.4898989898989899,0.2499209621993127,105.0,186.0,105.0,186.0,5.676753802268282,low,-0.0629486943164362,Jonah Bride,R,0.10655167669250926,0.8831028829915223,1.361403198402824,-0.28536764811783816,0.5089780333487528,14.29951,10.03009
681297,1505,364,0.4038461538461538,L,0.2448979591836735,0.7551020408163265,0.2094240837696335,0.6184971098265896,87.41499999999999,103.8,4.725,69.78073394495414,0.4358974358974359,0.226012987012987,9.0,68.0,9.0,68.0,4.356708826689592,low,-0.0340816993464052,Colton Cowser,L,0.5104124926033722,0.0393684562759543,-0.006046567210974967,0.23778654433013163,0.3358351713293599,9.594001,-7.285667
681351,1506,821,0.5140073081607796,R,0.3104265402843602,0.6895734597156398,0.3341232227488152,0.7042606516290727,90.03150684931506,104.8,19.993150684931507,67.88449612403102,0.5555555555555556,0.3345999999999999,51.0,164.0,51.0,164.0,5.375278407684165,low,0.0736305595408894,Logan O'Hoppe,R,0.5352552191176555,-0.07343445512771647,0.6109594414389159,-0.569612327283853,-0.2964190110902866,3.536752,-5.16495
681481,1507,2172,0.5253222836095764,L,0.2427695004382121,0.7572304995617879,0.3363553943789664,0.7202993451824135,89.53790322580645,103.9,13.344086021505376,68.71455805892548,0.5216216216216216,0.3461862917398945,102.0,467.0,102.0,467.0,6.345636360828596,low,0.0660930847713818,Kerry Carpenter,L,0.322204031153146,0.3025753102232551,-0.2989590908828546,-0.04435072216407622,-0.23698839396477211,-1.5425344,-4.432064
681526,1508,57,0.3157894736842105,R,0.2777777777777778,0.7222222222222222,0.1333333333333333,0.5185185185185185,87.5875,99.14,6.375,,0.25,0.1967333333333333,2.0,13.0,2.0,13.0,2.772588722239781,low,-0.2269999999999999,Bryan Lavastida,R,0.008211160156433304,-0.21092034200837317,0.27860032284184144,0.557437449205338,0.0024709975506017018,5.702942,-8.941713
681546,1509,2401,0.461057892544773,L,0.3387533875338753,0.6612466124661247,0.2536,0.6863596872284969,88.08899676375404,105.0,15.750809061488674,71.5813627254509,0.538961038961039,0.3509707903780068,156.0,426.0,156.0,426.0,6.368187186350492,medium,0.0606595341278439,James Outman,L,0.31881142939411494,-1.4116744430958938,-0.08350989411451201,0.21300588911799856,-0.5257233773378542,5.7372804,-20.15268
681584,1510,1268,0.4361198738170347,R,0.3598553345388788,0.6401446654611211,0.2292993630573248,0.6390625,87.16101694915254,102.22,18.333333333333332,68.45925925925926,0.3977272727272727,0.3004423676012461,135.0,186.0,135.0,186.0,5.7745515455444085,medium,0.0177857825567503,David Villar,R,0.0006396678459580607,-1.1522062166994471,1.0259660612862573,0.18549506708154695,-0.27079408453263315,4.1453485,-13.350369
681807,1511,425,0.5647058823529412,R,0.2541666666666666,0.7458333333333333,0.3857142857142857,0.7395348837209302,89.48,101.91,16.2,69.32954545454545,0.5072463768115942,0.3213628318584071,51.0,62.0,51.0,62.0,4.736198448394496,low,0.0120253004427577,David Fry,R,-0.5522522699530713,-0.11450949132463634,-0.1430504513302097,-1.1830148937614937,-0.5827911009376232,-6.3761725,-0.74038106
681962,1512,111,0.3243243243243243,R,0.2222222222222222,0.7777777777777778,0.1636363636363636,0.4821428571428571,80.86470588235295,98.08,6.411764705882353,66.944,0.5882352941176471,0.2468148148148148,16.0,11.0,16.0,11.0,3.332204510175204,low,0.0388068181818181,Vinny Capra,R,-0.20812182504604756,0.18862860344113236,0.7476536816981996,0.017263166309153293,0.15289254887665607,11.078007,10.696145
681987,1513,675,0.4844444444444444,R,0.2538226299694189,0.746177370030581,0.2828571428571428,0.7015384615384616,85.32962962962964,100.25,12.703703703703704,,0.3394495412844037,0.2462090395480226,51.0,126.0,51.0,126.0,5.181783550292085,low,0.0529495798319328,Nate Eaton,R,-0.6399368541278441,-0.041001569112446005,-0.3303051067966923,0.4680182327720315,-0.1352467567988592,17.073746,13.597153
682073,1514,545,0.3853211009174312,R,0.2666666666666667,0.7333333333333333,0.1760299625468165,0.5863309352517986,90.62916666666666,104.25,1.5138888888888888,68.5875,0.3943661971830985,0.2516875,50.0,78.0,50.0,78.0,4.859812404361672,low,0.0909989743589743,David Hensley,R,0.08909777771534681,-0.6454359093473178,-0.2684350986682396,1.273198765015282,0.257356681108054,11.050531,-9.022099
682515,1515,143,0.4615384615384615,R,0.303030303030303,0.696969696969697,0.2702702702702703,0.6666666666666666,88.485,101.08,20.8,69.81269841269841,0.4,0.2969189189189189,9.0,28.0,9.0,28.0,3.6375861597263857,low,-0.0053253968253967,Logan Porter,R,0.10051864551597704,-0.4327081835640217,0.23665228059089835,-0.22811693422693705,0.05329342387761927,-1.6668847,-12.160812
682617,1516,184,0.3967391304347826,R,0.410958904109589,0.589041095890411,0.22,0.6071428571428571,93.02727272727272,107.5,-5.136363636363637,71.39242424242424,0.3636363636363636,0.2934666666666666,16.0,29.0,16.0,29.0,3.828641396489095,low,0.3128211206896551,Marco Luciano,R,0.7294106518771857,-0.5386486177957087,-0.3571957956918103,1.0732305381637808,0.08080077303067848,11.471613,-9.758806
682622,1517,444,0.4707207207207207,R,0.2296650717703349,0.7703349282296651,0.2857142857142857,0.6475770925110133,91.30337078651684,107.82,1.9438202247191012,72.89356435643565,0.3595505617977528,0.3574959349593496,35.0,88.0,35.0,88.0,4.820281565605037,low,-0.0636707792207792,Noelvi Marte,R,0.5728559299747059,-0.04539415589642969,-0.4100331585550043,0.22147274244856877,0.34097495563529345,-13.773085,1.2094746
682626,1518,1676,0.4510739856801909,R,0.294973544973545,0.705026455026455,0.2641083521444695,0.660759493670886,90.0921146953405,107.16,12.415770609318995,72.59815950920246,0.4416058394160584,0.3105903890160183,152.0,285.0,152.0,285.0,6.082218910376446,medium,-0.0711763157894737,Francisco Álvarez,R,0.6214807047231639,-0.5929998076230355,-0.17344635017647952,-0.05753332915510338,0.11013920091120315,15.708956,-5.083375
682641,1519,896,0.4620535714285714,R,0.1521739130434782,0.8478260869565217,0.2521186440677966,0.6957547169811321,87.13453608247421,103.18,6.293814432989691,70.57509293680297,0.4507772020725388,0.2950199203187251,98.0,153.0,98.0,153.0,5.529429087511423,low,0.1194743897559023,Luis Matos,R,0.6875313044024287,0.44240747628155724,0.31548013675875725,0.2140641869291071,0.6224266622979437,5.8325396,3.9108565
682829,1520,1747,0.4522037779049799,L,0.2734177215189873,0.7265822784810126,0.3288100208768267,0.6020278833967047,91.17396694214877,109.19,3.636363636363636,75.26969111969112,0.4958677685950413,0.3046501182033096,121.0,302.0,121.0,302.0,6.049733455231958,medium,0.1164825953697115,Elly De La Cruz,L,1.0121405734170743,0.27145527595520014,-0.9936983961405405,0.22975179467601264,-0.13353856725890467,-15.243973,5.580023
682848,1521,774,0.4612403100775193,L,0.1988795518207282,0.8011204481792717,0.2617283950617284,0.6802168021680217,89.11824817518249,100.84,16.525547445255473,68.24884393063583,0.5147058823529411,0.2710637254901961,58.0,146.0,58.0,146.0,5.3230099791384085,low,0.124734293811998,Endy Rodríguez,L,-0.8211715570897135,-0.36654676093319927,0.22769432286256489,-0.32968255490154197,-0.21914083382720412,-17.829538,-10.69046
682928,1522,3186,0.5414312617702448,L,0.2040579710144927,0.7959420289855073,0.3640350877192982,0.7194968553459119,87.09910714285714,103.5,11.089020771513352,70.02073394495413,0.4414414414414414,0.2934136413641364,259.0,650.0,259.0,650.0,6.813444599510896,medium,0.115592474012474,Cj Abrams,L,0.6944867262085778,0.463289797407569,-0.2178377855578036,-0.3173981230726525,-0.5721122939412105,3.5275288,20.546741
682985,1523,3437,0.4608670352051207,L,0.2392676767676768,0.7607323232323232,0.2709859154929577,0.6636582430806257,90.53673076923076,107.61,4.655172413793103,74.34384384384384,0.4615384615384615,0.3235071942446043,212.0,622.0,212.0,622.0,6.727431724850855,medium,0.0056386276770005,Riley Greene,L,0.7670721751896329,0.01209439702169262,-0.9859846168718366,0.31018222402134377,0.4523300724425151,-13.6190815,5.679125
682998,1524,2865,0.4523560209424084,L,0.2083333333333333,0.7916666666666666,0.2760695187165775,0.6449963476990505,89.3887573964497,105.9,10.673870333988212,71.73987341772151,0.4742063492063492,0.3684077025232404,198.0,555.0,198.0,555.0,6.625392368007956,medium,0.0815268632268632,Corbin Carroll,L,-0.5810937631900734,-0.21167544846349354,-0.9126400629232047,0.3400914905374476,0.18923557601637575,-9.804585,5.5464573
683002,1525,2941,0.4576674600476028,L,0.2459138187221397,0.7540861812778603,0.2496607869742198,0.6666666666666666,92.05413223140496,106.9,9.793388429752063,74.14492254733219,0.45625,0.3453736702127659,193.0,559.0,193.0,559.0,6.6240652277998935,medium,0.1052795702911379,Gunnar Henderson,L,0.9756932379660042,-0.482637322755224,-0.7008045630258222,-0.06391801383623498,1.3025766075748264,-16.506351,6.5107284
683011,1526,2323,0.4765389582436504,R,0.2673893405600722,0.7326106594399278,0.2849785407725322,0.6692573402417962,88.74462365591398,103.1,14.174731182795698,69.15894736842105,0.4756756756756757,0.290315,133.0,467.0,133.0,467.0,6.398594934535208,medium,0.0772433707394825,Anthony Volpe,R,-0.9083166283025318,-0.6447542682056414,0.19450992904204573,-0.15530248574507582,0.11973611281367258,-12.081635,-9.240992
683021,1527,500,0.4,R,0.12,0.88,0.1742738589211618,0.61003861003861,86.43529411764706,97.78,6.176470588235294,63.2320987654321,0.3069306930693069,0.2866402877697842,52.0,87.0,52.0,87.0,4.941642422609304,low,-0.2258072502210433,Michael Stefanic,R,-0.4538742171575607,0.7104982067036872,0.03348658660652549,0.47305170573237937,0.6721483573212429,-4.83634,17.902906
683146,1528,1654,0.4631197097944377,L,0.283289817232376,0.716710182767624,0.2773722627737226,0.6466346153846154,89.69420289855071,107.35,6.942028985507246,74.00072727272727,0.4505494505494505,0.2651267605633803,104.0,322.0,104.0,322.0,6.056784013228625,low,0.0871537267080745,Brett Baty,L,0.31260982803598664,-0.1378577022250263,-0.5035620872143292,0.0738102121926002,0.8971152428004386,-22.734146,1.6551276
683734,1529,6167,0.4668396302902546,R,0.2115317818687043,0.7884682181312956,0.3121676571786049,0.6333333333333333,90.77698275862068,105.4,9.49051724137931,68.73738738738739,0.3816131830008673,0.318947528981086,406.0,1233.0,406.0,1233.0,7.402451520818244,medium,0.0214298738708504,Andrew Vaughn,R,0.2087747973483559,0.6484484493840754,-0.328502599982737,0.009775656744759373,0.1691135891250071,-0.32838443,5.981072
683737,1530,346,0.476878612716763,L,0.2848484848484848,0.7151515151515152,0.2916666666666667,0.7077922077922078,89.16363636363636,104.88,5.045454545454546,68.40833333333333,0.4090909090909091,0.2406049382716049,15.0,66.0,15.0,66.0,4.406719247264253,low,0.0490151515151515,Michael Busch,L,0.06011649428893094,-0.49217716908099485,-0.2281870152325727,-0.15095507415042642,0.05517228020887256,-5.715061,-10.832987
685133,1531,269,0.3531598513011152,L,0.3578947368421052,0.6421052631578947,0.1897810218978102,0.5227272727272727,81.41333333333334,97.9,7.833333333333333,63.96629213483146,0.4333333333333333,0.2729375,9.0,55.0,9.0,55.0,4.174387269895637,low,-0.1187636363636363,Wade Meckler,L,0.38973202834026655,-0.3220234807478567,1.010229213410051,0.4572725395298571,-0.11947434147411387,5.2153387,-11.401784
686217,1532,873,0.427262313860252,L,0.131367292225201,0.868632707774799,0.2888402625820569,0.5793269230769231,83.42467532467532,100.0,7.707792207792208,65.39116022099446,0.4105960264900662,0.30947533632287,43.0,180.0,43.0,180.0,5.41164605185504,low,0.062360465116279,Sal Frelick,L,-0.8316868095962584,0.5474732573850238,-0.06522728482115202,0.10383730465249259,0.21479397181424045,-3.6645136,17.326729
686452,1533,133,0.4812030075187969,L,0.1875,0.8125,0.21875,0.7246376811594203,84.49565217391304,102.04,2.0869565217391304,68.45614035087719,0.5217391304347826,0.3653437499999999,10.0,22.0,10.0,22.0,3.49650756146648,low,0.3017363636363636,Drew Millas,L,-0.06729942420000332,-0.09845703251839216,0.08845043827669867,0.4014020347084766,0.0562153559243602,7.506178,-7.969492
686469,1534,2048,0.46142578125,L,0.1523809523809524,0.8476190476190476,0.2943327239488117,0.6530398322851153,90.2855791962175,105.3,14.63443396226415,,0.471563981042654,0.3473592057761732,137.0,417.0,137.0,417.0,6.318968113746434,medium,0.001534229550666,Vinnie Pasquantino,L,1.1835839450471841,1.1057702510575194,0.15327450439548143,0.02065505770298903,0.4089041052848219,15.593294,1.6901907
686490,1535,24,0.5416666666666666,R,0.2307692307692307,0.7692307692307693,0.4166666666666667,0.6666666666666666,84.375,96.02,-13.25,64.28181818181818,0.0,0.1471666666666666,4.0,2.0,4.0,2.0,1.9459101490553132,low,0.22075,Cam Eden,R,0.07929452796597128,0.18940254886631527,0.04812957258422136,0.17622626369479677,-0.07024962776309554,1.8443639,3.2046323
686527,1536,604,0.543046357615894,L,0.2439024390243902,0.7560975609756098,0.4177631578947368,0.67,89.56642857142856,105.02,16.32857142857143,69.25681818181818,0.5588235294117647,0.2816868131868132,27.0,155.0,27.0,155.0,5.209486152841421,low,0.0008499402628434,Dominic Canzone,L,0.059783621142467436,0.8297171748256118,-0.3398262693877416,-0.67901874360183,-0.8940745888216417,-0.34675792,19.424568
686531,1537,163,0.4785276073619632,R,0.2307692307692307,0.7692307692307693,0.2584269662921348,0.7432432432432432,87.31481481481481,98.42,16.59259259259259,64.4,0.2592592592592592,0.3263157894736842,11.0,27.0,11.0,27.0,3.6635616461296463,low,0.1707474747474747,Andre Lipcius,R,-0.015234800183580541,-0.06936182909791165,0.7024062004331951,-0.14973167983874475,0.10985862723852438,0.23872131,-7.5570555
686668,1538,1568,0.5191326530612245,R,0.3415233415233415,0.6584766584766585,0.3142857142857143,0.7352555701179554,88.11218487394959,103.7,11.634453781512605,69.84633569739952,0.4261603375527426,0.2573714953271028,131.0,297.0,131.0,297.0,6.061456918928017,medium,-0.0111949263628652,Brenton Doyle,R,0.4733163798337889,-0.5710504375892855,-0.5839081302266032,0.04411620718622934,-0.1361661105560776,-3.383338,-12.295275
686676,1539,375,0.5573333333333333,R,0.2870813397129187,0.7129186602870813,0.3279569892473118,0.783068783068783,85.03333333333333,99.99,9.966666666666669,69.15838926174497,0.35,0.1495416666666666,34.0,62.0,34.0,62.0,4.574710978503383,low,-0.1021669829222011,Korey Lee,R,0.27504378471700375,-0.13474476628842452,-0.4677388284352082,0.21716707557860102,-0.44122260574360295,11.71049,-4.8555613
686681,1540,2530,0.5237154150197628,L,0.2249056603773584,0.7750943396226415,0.3284046692607004,0.7253012048192771,88.77610619469027,104.08,18.836283185840703,69.51206543967281,0.5794183445190156,0.2884846625766871,127.0,525.0,127.0,525.0,6.481577129276431,medium,0.0244523434570679,Michael Massey,L,-0.0670832126722317,0.4390270717551168,0.04034820545191312,-1.1254861902478204,-0.3193896547564351,-4.6214375,3.1305199
686759,1541,174,0.4482758620689655,R,0.3333333333333333,0.6666666666666666,0.2903225806451613,0.6296296296296297,88.71249999999999,102.72,-1.3333333333333333,69.79666666666667,0.375,0.1886136363636363,23.0,21.0,23.0,21.0,3.80666248977032,low,0.0561055900621118,Tj Hopkins,R,0.7084836250535657,-0.2102528180707389,0.24465153649209806,0.36558235401969746,0.5129582358520551,8.284685,-2.2944438
686823,1542,1755,0.5720797720797721,L,0.1603585657370517,0.8396414342629482,0.3933253873659118,0.7358078602620087,86.08155339805825,101.26,8.983009708737864,66.69518987341772,0.4126213592233009,0.2940422535211268,92.0,405.0,92.0,405.0,6.210600077024653,low,0.0992117552334943,Will Brennan,L,-0.462821277108993,1.1995890016622615,-1.2760697330541726,0.17955168690047346,0.5296338359561045,-11.096714,9.452815
686894,1543,1581,0.4705882352941176,R,0.3198924731182796,0.6801075268817204,0.2897657213316892,0.6610389610389611,89.18924302788845,104.6,10.358565737051793,69.45645161290322,0.4959677419354839,0.2837634146341463,121.0,289.0,121.0,289.0,6.018593214496234,medium,0.0850346592696388,Joey Wiemer,R,0.23114752263078867,-0.2918638217267353,-0.22830761603995225,-0.537221287748722,0.22056817641484944,-13.533077,-17.3448
687093,1544,875,0.5291428571428571,R,0.2138228941684665,0.7861771058315334,0.3468468468468468,0.7169373549883991,85.17202380952381,101.46,7.589285714285714,68.55882352941177,0.4216867469879518,0.3261787234042553,82.0,153.0,82.0,153.0,5.4638318050256105,low,0.003415510919815,Vaughn Grissom,R,-0.20460967045490716,0.12306535143724347,0.1241048842913052,-0.34222778945809434,0.23966058946346114,-7.8829727,-0.50486803
687263,1545,1280,0.47578125,R,0.2725779967159277,0.7274220032840722,0.2488114104595879,0.6964560862865947,88.87302325581396,104.36,14.116279069767442,67.14199134199134,0.4439252336448598,0.3023079268292682,67.0,261.0,67.0,261.0,5.796057750765372,low,0.0506502544747526,Zach Neto,R,0.8382785275817268,-0.18097877609050372,0.6547065296477619,-0.6148807158831304,0.24816672213284163,4.6079316,-2.2986152
687401,1546,112,0.5089285714285714,R,0.2280701754385965,0.7719298245614035,0.3555555555555555,0.6119402985074627,88.14166666666667,108.32,0.0416666666666666,,0.2916666666666667,0.1924117647058823,21.0,13.0,21.0,13.0,3.5553480614894135,low,0.1565934065934066,Joey Ortiz,R,0.11555377821966915,0.35452756845945277,-0.6995978182241225,0.5038061221169315,0.08090812613096636,-6.2372756,9.079421
687462,1547,169,0.4792899408284023,L,0.2592592592592593,0.7407407407407407,0.2560975609756097,0.6896551724137931,86.95925925925927,102.16,1.6296296296296295,68.91935483870968,0.5555555555555556,0.322340909090909,6.0,38.0,6.0,38.0,3.80666248977032,low,0.068517543859649,Spencer Horwitz,L,0.14422231970451124,0.3035415369805262,0.21437894254697523,0.288562231463363,-0.16570538752340683,9.445304,3.3400702
687799,1548,429,0.5034965034965035,L,0.2870370370370371,0.7129629629629629,0.2809523809523809,0.7168949771689498,86.59454545454545,101.26,20.78181818181818,66.72843601895735,0.4545454545454545,0.32713,26.0,74.0,26.0,74.0,4.61512051684126,low,-0.0637016632016632,Cade Marlowe,L,0.2841925811472908,-0.5653066168410495,0.4529572230477226,-0.1843777711986897,0.09656752910754782,-0.42266893,-10.237273
687952,1549,933,0.5273311897106109,R,0.2764227642276422,0.7235772357723578,0.3651115618661257,0.7090909090909091,90.26470588235294,105.78,18.647058823529413,72.06071428571428,0.4105960264900662,0.3462821576763485,60.0,181.0,60.0,181.0,5.488937726156687,low,-0.0531693370165745,Christian Encarnacion-Strand,R,0.27303499506864537,-0.11005879278159578,-0.6336462927449283,-1.4681662683555305,-0.10649852913609945,-5.9534698,-1.4859838
689172,1550,522,0.5095785440613027,L,0.2932330827067669,0.706766917293233,0.3284132841328413,0.7051792828685259,85.26538461538462,100.76,17.205128205128204,67.27377049180328,0.4545454545454545,0.2219538461538461,24.0,106.0,24.0,106.0,4.875197323201151,low,-0.0709842767295597,Brett Wisely,L,-0.7264221427572449,-0.16866059153501653,-0.2998374483354031,-0.36012762392549535,0.17615752745104044,-12.234427,-5.545139
691016,1551,519,0.4971098265895953,L,0.3178294573643411,0.6821705426356589,0.2981132075471698,0.7047244094488189,89.25903614457832,106.8,5.734939759036145,71.38414634146342,0.4698795180722891,0.215695652173913,20.0,118.0,20.0,118.0,4.9344739331306915,low,-0.0069050847457627,Tyler Soderstrom,L,1.3877368380151383,-0.10857060600327388,-0.3195799034732223,0.14640407362849386,0.028485552972437184,13.6897745,-12.820974
691023,1552,1659,0.515370705244123,R,0.2795321637426901,0.7204678362573099,0.3321995464852608,0.7232947232947233,89.41111111111111,107.06,10.123417721518988,73.23441558441559,0.4267515923566879,0.3412967741935483,119.0,346.0,119.0,346.0,6.144185634125646,medium,-0.059814130276388,Jordan Walker,R,1.9661943036712743,0.5608404181186779,-0.30767208241381167,0.03795019792175793,0.05243122547017725,17.625584,-11.10451
691026,1553,529,0.4272211720226843,R,0.1858407079646017,0.8141592920353983,0.247011952191235,0.5899280575539568,85.96020408163265,100.43,12.806122448979592,67.48940092165898,0.3195876288659793,0.2108666666666666,37.0,98.0,37.0,98.0,4.912654885736052,low,-0.0210008273579702,Masyn Winn,R,-0.7242292174660858,0.5921660871238872,-0.047554862064662674,0.32862116428641286,0.40755190986764006,-6.2995753,16.671244
691176,1554,120,0.4916666666666666,L,0.288135593220339,0.711864406779661,0.2372881355932203,0.7377049180327869,89.57826086956523,102.68,-0.8260869565217391,74.69152542372882,0.4347826086956521,0.403060606060606,7.0,26.0,7.0,26.0,3.5263605246161616,low,0.3514725274725274,Jasson Domínguez,L,0.014450101987244616,-0.2794198892094697,-0.33528304696330974,0.4901595532161798,0.36164462865777164,-4.521608,0.6420275
691406,1555,134,0.4925373134328358,R,0.2878787878787878,0.7121212121212122,0.3648648648648648,0.65,85.43076923076923,108.3,-0.3846153846153846,75.39830508474576,0.52,0.2760555555555555,12.0,24.0,12.0,24.0,3.610917912644224,low,0.1441666666666667,Junior Caminero,R,0.6136479158426413,0.21886034786609973,-0.3551142915684235,0.06856384513118627,0.05922126426138364,15.056477,-2.8789957
691718,1556,70,0.5142857142857142,L,0.4722222222222222,0.5277777777777778,0.1612903225806451,0.7948717948717948,87.41666666666667,102.95,26.0,72.63888888888889,0.1666666666666666,0.1228235294117647,4.0,13.0,4.0,13.0,2.8903717578961645,low,-0.0669230769230769,Pete Crow-Armstrong,L,-0.826244257721726,-0.7009733096153928,-0.5353729843846592,-0.30104901159763425,-0.2732919772750628,-11.993274,-10.902326
691783,1557,132,0.4545454545454545,R,0.3,0.7,0.2121212121212121,0.696969696969697,77.81052631578947,86.8,14.0,67.14999999999999,0.5263157894736842,0.1661764705882353,12.0,22.0,12.0,22.0,3.5553480614894135,low,0.0361742424242424,Jordan Lawlar,R,0.1282754552800786,-0.5329781272443026,0.3130963964759056,0.2578217049764992,-0.3592030919414428,4.804979,-13.088989
693049,1558,920,0.5369565217391304,L,0.305668016194332,0.694331983805668,0.395112016293279,0.6993006993006993,88.82514619883041,107.1,7.2105263157894735,74.04750830564784,0.3588235294117647,0.2490807692307692,63.0,197.0,63.0,197.0,5.564520407322694,low,0.0201339940375473,Oscar Colás,L,0.4381743990233323,0.24402985687976472,-1.3498728213203686,0.09352955768173347,-0.2856297072263879,-11.76191,6.90075
693304,1559,497,0.5251509054325956,R,0.3026819923371647,0.6973180076628352,0.2816326530612245,0.7619047619047619,85.51234567901234,99.2,8.728395061728396,67.08394160583941,0.5308641975308642,0.2684094488188976,43.0,84.0,43.0,84.0,4.852030263919617,low,-0.0175664451827242,Nick Gonzales,R,-0.43120012705297184,-0.8355166677486129,0.5455504889379796,-0.5860073739102657,0.0585813860760444,-1.7030498,-10.166171
694384,1560,529,0.4158790170132325,L,0.1545454545454545,0.8454545454545455,0.2029520295202952,0.6395348837209303,85.41123595505618,97.72,6.550561797752809,63.18708133971292,0.4269662921348314,0.3366106870229007,29.0,102.0,29.0,102.0,4.882801922586371,low,0.0358593644354293,Nolan Schanuel,L,0.7044687660702504,0.6489139614784498,0.9130419330137366,0.27833025192391786,0.0652916193317427,14.0810175,4.4300785
694497,1561,335,0.3432835820895522,L,0.3043478260869565,0.6956521739130435,0.0903614457831325,0.591715976331361,89.02307692307693,104.56,8.897435897435898,69.92407407407407,0.6153846153846154,0.4347027027027026,11.0,63.0,11.0,63.0,4.31748811353631,low,0.4362828282828283,Evan Carter,L,0.397055247169059,-0.3077646404562389,0.26249897271839695,0.2976785628409654,0.3998155996136788,5.7999506,-11.784796
696100,1562,293,0.4846416382252559,R,0.352112676056338,0.647887323943662,0.35625,0.6390977443609023,88.69791666666667,106.22,10.833333333333334,74.29851851851852,0.4375,0.2657792207792208,13.0,64.0,13.0,64.0,4.356708826689592,low,0.0926286057692307,Hunter Goodman,R,0.2813735912270491,0.05318865956428232,-0.4190943249130923,0.292943985154799,-0.4430294483401369,12.239004,-3.1925833
696285,1563,453,0.445916114790287,R,0.2029702970297029,0.7970297029702971,0.2889908256880734,0.5914893617021276,86.3962962962963,100.8,1.8271604938271604,65.9020618556701,0.35,0.2944067796610169,28.0,90.0,28.0,90.0,4.77912349311153,low,-0.0476865079365079,Jacob Young,R,0.4207452059030887,0.6348748284052033,0.05167100588533497,0.832393164299981,0.6238337713413172,4.764244,3.9166126
807799,1564,2186,0.4336688014638609,L,0.1698312236286919,0.830168776371308,0.272983114446529,0.5866071428571429,88.96393805309734,104.78,3.973568281938326,69.78117359413203,0.4162995594713656,0.3386155172413793,144.0,436.0,144.0,436.0,6.364750756851911,medium,0.01359499235474,Masataka Yoshida,L,0.5310816453760446,0.8874318445230002,-0.12126317413617169,-0.10428565075647582,1.491933801033663,11.826471,4.210428
