batter,embedding_index,swing,contact,split_inplay,ev,la,spray
116338,1,0.52421045,0.6676839,0.3965846,83.40309,10.74633,3.8342245
120074,2,0.49162462,0.6498655,0.41028216,86.61999,13.564685,7.9922433
121347,3,0.44730604,0.59163404,0.38242882,84.32218,7.922466,5.0454807
133380,4,0.54132485,0.7042254,0.41124472,83.130646,15.134187,4.4239006
134181,5,0.48155272,0.7076247,0.44150013,84.43399,11.425019,3.7947457
136860,6,0.48831695,0.68623644,0.40629572,83.05957,11.208038,9.7797365
150029,7,0.37073848,0.6506333,0.3979968,84.0283,14.487049,2.774061
150212,8,0.49692202,0.6428131,0.3930979,82.34713,9.026917,3.7164156
150229,9,0.603334,0.74549365,0.457237,82.609764,8.429644,2.938918
217100,10,0.5182877,0.6583662,0.39356637,80.843346,10.418129,0.254919
276519,11,0.43762988,0.65294164,0.36964244,79.5321,14.345754,9.628516
285078,12,0.5379632,0.6209161,0.39749825,82.457375,8.790566,6.751292
346874,13,0.530027,0.64571196,0.39397478,82.57413,9.429242,1.5250537
400085,14,0.44032195,0.7467382,0.45615885,79.774895,5.0056963,-0.24879536
400121,15,0.49635053,0.73246425,0.43662867,84.01784,12.213489,5.881984
400284,16,0.4129636,0.68528175,0.43412456,81.166084,9.621698,5.659334
405395,17,0.4807578,0.7242545,0.43611395,84.66889,12.620717,7.906634
407781,18,0.591619,0.6205653,0.35470596,82.2965,11.208478,2.959034
407812,19,0.48710594,0.6530797,0.39790654,85.8396,8.088771,-1.9356611
407862,20,0.458594,0.65703994,0.3913844,81.8962,10.674969,1.647423
407893,21,0.4516541,0.64068735,0.3875828,82.80844,8.55118,12.412163
408042,22,0.47537017,0.6298483,0.3763303,81.9889,10.256259,2.7077603
408045,23,0.35720214,0.68728715,0.43664324,83.27104,2.9145877,-3.7358017
408047,24,0.58249015,0.6744256,0.39447248,83.306595,9.48219,-0.7078479
408234,25,0.49439895,0.66787916,0.39647663,85.72214,10.143132,-0.9262885
408236,26,0.52031153,0.65573984,0.4064834,83.48455,7.3523383,2.0134363
408242,27,0.48755044,0.63464904,0.38230827,81.99645,10.48244,3.1161387
408252,28,0.5588243,0.7071309,0.41402984,81.53787,11.637971,-0.46219453
408299,29,0.45893633,0.68315184,0.44680798,78.607445,10.76544,4.501731
408307,30,0.5299688,0.6763726,0.3982213,82.349335,8.566215,0.17297643
408314,31,0.49966314,0.72000355,0.46034208,80.84197,10.721428,5.271394
424325,32,0.45767283,0.5563958,0.33640474,80.91786,14.2712755,4.053565
424825,33,0.4267949,0.6448812,0.3927823,79.20957,10.426316,5.770657
425496,34,0.428107,0.6262208,0.37453824,80.79503,10.680911,2.8456485
425509,35,0.4923026,0.63389814,0.36984324,81.9789,12.872065,6.197838
425543,36,0.51826245,0.6185943,0.3544081,80.95823,13.012709,1.6804584
425549,37,0.5004666,0.6807649,0.37230915,79.62825,14.937381,5.4938664
425557,38,0.47110566,0.6078949,0.36312473,82.41805,10.270061,0.84043115
425560,39,0.44538742,0.61251694,0.3724372,82.03999,10.765826,6.9282284
425567,40,0.45970607,0.65869176,0.4122384,81.14391,11.732741,7.299731
425664,41,0.39734876,0.7098846,0.44306636,81.725655,10.667849,5.08375
425766,42,0.5240734,0.7578066,0.47769082,81.86932,9.517789,4.357448
425772,43,0.46747753,0.57852054,0.34884015,81.14321,12.905674,2.9487247
425783,44,0.42690656,0.60594076,0.37785548,84.074486,5.966963,2.5998979
425784,45,0.5305683,0.60402226,0.36002138,82.97251,13.139368,3.4762437
425796,46,0.58343935,0.6632058,0.42380133,84.68124,10.161709,4.647089
425834,47,0.49404582,0.56330276,0.3659609,82.432785,8.591856,2.7008643
425835,48,0.47848687,0.6290825,0.37678522,82.20835,10.024838,2.344361
425877,49,0.55845433,0.7362693,0.42611787,83.93307,13.838106,3.2573764
425900,50,0.44227052,0.6461366,0.38614672,80.55792,13.492961,5.631276
425902,51,0.5351781,0.69699,0.4430757,84.27857,8.337947,3.2610717
429664,52,0.55317444,0.721903,0.4337942,86.22617,7.5387845,1.5429564
429665,53,0.45164108,0.64636695,0.39686176,84.22409,12.434071,7.104469
429666,54,0.38755834,0.7068486,0.46762165,82.8888,7.922283,5.3570256
429667,55,0.56219137,0.59576404,0.36964008,84.77133,11.12224,8.42889
429711,56,0.4349773,0.5909237,0.36555666,83.41047,10.13632,4.6200614
429713,57,0.5002553,0.6576791,0.39323646,80.87686,9.58434,5.6378126
430001,58,0.41730574,0.5640324,0.33953187,82.49858,8.730012,4.150001
430203,59,0.45041937,0.6863424,0.40480042,81.21317,11.516084,3.1076279
430321,60,0.56644595,0.66905564,0.4155485,82.96384,8.4326105,2.0734928
430404,61,0.36111602,0.61989254,0.37949097,80.57078,12.806974,8.147797
430603,62,0.47606,0.6862063,0.40319642,80.77354,10.477341,1.0395017
430605,63,0.4534388,0.5684264,0.34205762,82.79592,8.941488,2.840165
430611,64,0.5143335,0.5988892,0.38259885,80.459175,9.313014,5.566027
430613,65,0.471857,0.63141745,0.3772981,81.97696,10.038397,2.4706333
430637,66,0.48597226,0.65592307,0.39202246,81.97854,10.471963,5.040725
430652,67,0.45560876,0.6979636,0.4162342,80.91975,7.5319047,-1.3101683
430681,68,0.42859045,0.65812665,0.3902223,79.74802,10.394316,4.4810743
430832,69,0.40372992,0.62090147,0.38950807,84.8317,14.0590515,8.370632
430897,70,0.4047702,0.57278347,0.3626533,80.05715,10.48225,5.708466
430910,71,0.46611273,0.7374211,0.44658458,80.072876,6.5185437,2.0182383
430945,72,0.58895534,0.6977339,0.41526437,84.16318,10.780665,2.5054898
430947,73,0.5118472,0.75063723,0.4447719,80.85689,7.0486627,4.595657
430948,74,0.35364565,0.6807995,0.41886282,77.93419,9.029355,4.0164723
431094,75,0.4275044,0.7010668,0.41241315,80.41503,12.069129,4.1321507
431145,76,0.37959808,0.5860593,0.35682076,81.699974,6.4180636,5.097116
431151,77,0.40192908,0.5869768,0.34905696,81.68709,10.962943,0.807286
431171,78,0.46416545,0.6671803,0.40046665,81.92073,4.9093213,0.37185138
433217,79,0.5165579,0.6390935,0.38829657,81.321686,10.733371,-0.5193617
434158,80,0.36709353,0.6275185,0.353396,81.789795,15.501582,7.051197
434540,81,0.5085266,0.65766513,0.3982331,82.51781,9.057162,3.6039846
434563,82,0.36214712,0.6834309,0.40426543,80.37906,10.450874,1.6601741
434567,83,0.38748822,0.57439125,0.3629654,81.2425,8.979269,5.8166757
434604,84,0.48777106,0.59874237,0.35471618,84.818886,5.987886,-2.630811
434636,85,0.41623843,0.75897866,0.4418332,80.90546,11.448888,-0.15251563
434658,86,0.50556576,0.6708216,0.38561344,81.36557,10.561594,0.91669863
434670,87,0.4946013,0.65963715,0.4094391,84.97977,6.90321,4.1928787
434778,88,0.49752647,0.65499973,0.39643383,85.50734,7.595417,4.8050704
435044,89,0.47361276,0.62190187,0.37269646,82.24567,9.720209,2.2662997
435062,90,0.49134883,0.68562496,0.39476326,85.06187,5.8179336,-3.943215
435063,91,0.42118382,0.59165215,0.35569292,83.23249,13.689917,7.630802
435064,92,0.49662644,0.6308701,0.37895507,78.98443,10.386267,9.80045
435078,93,0.4974061,0.67608786,0.4019808,80.701805,10.328334,2.331638
435079,94,0.45421636,0.7377698,0.4034371,80.467186,15.239364,4.3424225
435180,95,0.47887495,0.6456383,0.3819273,80.61127,8.474374,0.41282094
435263,96,0.45079413,0.7269479,0.43387157,83.79167,12.203261,9.233935
435401,97,0.4675302,0.65851635,0.37993354,80.99236,8.35125,-1.9445499
435522,98,0.47201118,0.6697762,0.4156924,82.11326,11.070927,3.5001192
435559,99,0.4836851,0.72187877,0.4167616,80.92195,14.638072,7.714372
435622,100,0.46847337,0.6356842,0.40403914,84.583435,3.160158,-1.4021995
435623,101,0.4729158,0.6549424,0.39192048,81.734375,8.844622,2.0572705
443558,102,0.4938648,0.62678874,0.39836434,87.30912,10.426951,2.8961117
444379,103,0.43042472,0.62122715,0.37678164,80.450386,8.3369665,4.259196
444432,104,0.51266456,0.6364026,0.41299954,85.78103,8.834508,3.3022335
444482,105,0.50557965,0.67344093,0.40893072,84.81896,8.051018,1.9660922
444489,106,0.45136663,0.6647703,0.37420487,81.76036,15.709301,3.0727687
444836,107,0.47298408,0.6255391,0.3747913,82.25817,10.201641,2.5009193
444843,108,0.4934326,0.6532122,0.37902284,81.86886,10.846247,0.8896804
444876,109,0.5275181,0.70996404,0.4229515,80.541565,11.355005,1.4854056
445055,110,0.5147771,0.71075267,0.40297985,80.865,6.48464,-2.971503
445095,111,0.4841276,0.6210962,0.37354988,81.56282,10.831153,3.6024036
445988,112,0.39134032,0.75640976,0.47354567,81.82478,8.176442,-0.5042085
446192,113,0.4927292,0.5898782,0.3563268,83.15659,9.940516,3.171627
446225,114,0.4760665,0.64423275,0.38415816,81.66113,9.434636,1.7915225
446263,115,0.44719535,0.6301559,0.38550615,84.32064,10.991979,6.923279
446308,116,0.48943883,0.67405283,0.4120412,81.86477,9.688,3.5931807
446334,117,0.4799389,0.67213804,0.41215008,84.49934,12.553172,4.4832497
446359,118,0.43405727,0.6970571,0.3998811,80.0923,12.363971,8.452568
446381,119,0.4849702,0.7292037,0.42945537,79.93023,10.076723,1.0465679
446386,120,0.47202855,0.6517316,0.3655106,81.16064,11.630572,3.4152837
446481,121,0.46890357,0.5502661,0.3473153,82.108925,11.406473,3.7115562
446653,122,0.4939914,0.61107016,0.3637238,81.60513,8.421,2.4080932
446868,123,0.48999187,0.63983226,0.38075235,81.96383,11.392003,2.805791
448170,124,0.46122846,0.617457,0.35459375,81.82869,11.598066,1.2436457
448602,125,0.46624953,0.58789796,0.36543214,82.20672,10.581298,4.2721972
448605,126,0.4835114,0.5543461,0.34811255,82.22864,10.263353,6.303746
448674,127,0.45653173,0.6198114,0.36808366,81.89551,10.4469,1.7981989
448801,128,0.48197445,0.6092334,0.3637976,85.161865,11.96928,4.1976547
449107,129,0.46836913,0.70999014,0.42434722,80.848976,8.036162,1.9596249
449168,130,0.46411145,0.6216368,0.373185,81.85996,9.527314,2.4938498
449181,131,0.5528674,0.67311454,0.38522536,82.810715,8.000441,-0.6381672
449786,132,0.52100116,0.6343207,0.37567195,81.8924,11.7045145,2.7259102
450314,133,0.3946029,0.6972517,0.47127816,82.18702,6.9795136,6.2905
450317,134,0.552353,0.6276196,0.3912835,83.97448,12.006408,3.6845546
450641,135,0.47090003,0.60478467,0.36633378,82.394905,10.232916,2.7192516
451089,136,0.4641212,0.597479,0.35679632,82.19603,7.534203,0.48819464
451109,137,0.49969333,0.6306933,0.3662047,81.9328,12.513033,3.4560664
451192,138,0.5491425,0.671829,0.3713047,83.81882,9.399504,-2.7872345
451594,139,0.42692065,0.61716056,0.3758551,80.80897,7.03113,3.1706212
451705,140,0.4724418,0.66183835,0.38770875,81.0649,8.400828,-2.143199
451713,141,0.46702406,0.5977219,0.36638185,84.79058,10.674926,1.1433204
452035,142,0.4703849,0.59851,0.3422932,81.36152,12.661805,3.4456987
452095,143,0.4695032,0.59009707,0.35034156,84.12705,9.024848,3.9604867
452104,144,0.45068854,0.6253484,0.361397,80.84836,7.7964005,3.829905
452220,145,0.42530146,0.668043,0.39175466,81.026535,13.164726,7.6929026
452234,146,0.4139996,0.634275,0.40045282,83.38038,9.0487385,5.223841
452239,147,0.4781641,0.573051,0.35246044,81.78999,7.2233844,4.6273937
452252,148,0.48831078,0.7007148,0.43400815,85.25344,9.53923,0.3799372
452254,149,0.50215316,0.6386532,0.41645512,84.60332,3.837225,0.44252476
452655,150,0.44097224,0.72053343,0.4238806,81.80391,9.849131,2.6468208
452672,151,0.3876274,0.659039,0.38165197,78.50738,7.2919393,-1.7960749
452678,152,0.5038678,0.68765116,0.41999993,83.64088,9.2401495,7.913331
453056,153,0.48182324,0.6938567,0.40974456,81.30994,7.6638484,2.3232615
453064,154,0.45821974,0.70149577,0.4342585,84.920876,10.017397,5.731055
453203,155,0.45282876,0.72102475,0.43151775,79.99954,8.75558,0.7448242
453211,156,0.36364603,0.51233304,0.32643425,80.52488,6.5496244,4.891678
453269,157,0.55083936,0.6372533,0.37770227,83.2895,7.5471253,-0.3081412
453307,158,0.47780725,0.6293861,0.37641856,82.117,10.036992,2.4080472
453400,159,0.4760957,0.60731655,0.36895972,82.39188,7.325122,2.331602
453527,160,0.4751609,0.6388244,0.38078547,81.64538,9.719093,2.1104033
453539,161,0.37500513,0.6798857,0.42683077,79.54239,6.2263937,6.259362
453568,162,0.48949987,0.7084325,0.4225677,82.89859,13.282193,3.9919698
453895,163,0.43878832,0.6211714,0.3776925,80.01153,9.909679,7.054847
453923,164,0.44161394,0.63603014,0.36040363,80.48684,12.688631,0.17191447
453943,165,0.44864213,0.6634368,0.40495348,83.930954,15.659711,6.4993763
454560,166,0.34617123,0.64569,0.3785421,80.29782,9.195029,-0.7874398
454975,167,0.4729027,0.67199045,0.40087903,81.378624,8.66089,-0.02712114
455104,168,0.43288895,0.55747265,0.33470947,82.02732,12.824262,1.8846285
455117,169,0.44430268,0.612031,0.36682415,82.10759,13.143387,6.4464793
455139,170,0.44907922,0.59467167,0.33872098,81.10659,15.375763,7.386758
455369,171,0.545458,0.7177121,0.4263337,81.30777,12.2923355,3.8025818
455755,172,0.35793164,0.6944521,0.4376549,77.810844,7.3222675,1.8663082
455759,173,0.43246588,0.6426723,0.38745743,79.31274,13.039804,10.0647955
455976,174,0.4386074,0.75600016,0.44526196,85.7871,8.12344,-3.03935
456030,175,0.42266586,0.7364221,0.43902117,82.29693,7.150134,1.3810039
456078,176,0.42823207,0.63493806,0.38574728,82.81016,11.530551,4.625578
456121,177,0.44007105,0.6200544,0.3912513,82.429665,7.7560587,2.6841562
456124,178,0.48879215,0.6403105,0.39404353,83.29856,11.783967,5.728437
456422,179,0.40583098,0.5777994,0.35605678,78.61191,7.7541127,1.047095
456488,180,0.5507357,0.7608992,0.4614213,84.173935,8.278863,2.6217413
456665,181,0.45181367,0.61077315,0.36643887,80.58785,9.344967,8.5903635
456714,182,0.44828016,0.70295423,0.41918442,83.83595,5.9650354,1.4397478
456715,183,0.45737362,0.68365926,0.3879134,82.4955,6.8138437,-2.7343392
456781,184,0.46339834,0.68436074,0.37656367,82.86464,13.4862585,-2.6592176
457449,185,0.44901517,0.58948493,0.35444012,82.32648,11.132817,3.3591146
457454,186,0.45974478,0.57364625,0.34825066,83.69675,15.822711,5.119208
457477,187,0.44425339,0.6353247,0.35721707,79.76711,13.139235,1.3090575
457574,188,0.44199255,0.66519153,0.40101743,79.74456,10.298763,2.1439629
457705,189,0.4172181,0.607132,0.35914636,82.24165,11.015423,7.316283
457706,190,0.41684878,0.6315509,0.3642812,82.11112,10.464971,-3.4647388
457708,191,0.43728405,0.5707415,0.35242382,83.355736,12.449963,3.4319658
457727,192,0.40900218,0.6458517,0.39973694,80.67105,4.0656137,-0.08842188
457759,193,0.44070998,0.7208739,0.40460637,84.72188,15.34252,1.4781277
457760,194,0.52471876,0.6167363,0.3699726,82.71959,12.743969,3.6971943
457762,195,0.45878184,0.63894886,0.38307756,81.332306,9.27159,2.5537672
457763,196,0.47490266,0.7211847,0.45087788,83.941376,10.2997055,2.7625375
457775,197,0.417515,0.65977883,0.3996358,82.129814,7.649338,3.0838683
457787,198,0.5253811,0.58544946,0.36175308,82.75586,11.427168,9.218045
457788,199,0.44199663,0.6148406,0.35271686,80.22648,10.39726,-0.80039847
457789,200,0.42156056,0.64520365,0.3684325,80.43709,11.505524,-0.81917065
457803,201,0.52186906,0.6227837,0.37242487,83.04406,11.549732,8.500775
457926,202,0.43434492,0.6594766,0.393763,79.175896,10.013096,4.5012264
458015,203,0.4197876,0.6506038,0.38952577,82.98237,12.0051985,1.4939758
458085,204,0.4376823,0.643779,0.38132042,81.274,8.028611,2.685619
458582,205,0.48158762,0.6234487,0.3593549,82.10405,12.010727,0.6411791
458668,206,0.46740457,0.61461055,0.37072384,81.929436,9.955891,2.9677694
458675,207,0.49305964,0.5689949,0.3540321,83.1647,14.680981,6.7026987
458689,208,0.5364834,0.6149201,0.3681458,82.5198,10.482197,2.0964766
458731,209,0.37565994,0.6958215,0.42063484,82.26977,9.893154,1.2154588
458913,210,0.47078675,0.60305774,0.35868707,79.821175,3.1384208,1.4593812
459431,211,0.47274464,0.597661,0.3628939,82.51235,7.531125,6.1748543
459964,212,0.4422603,0.564853,0.34618908,79.98577,8.682539,7.654666
460003,213,0.49530035,0.62355983,0.36830205,82.2369,10.24553,0.9532266
460026,214,0.5018653,0.6057739,0.34311822,82.05509,8.772869,1.7435638
460055,215,0.45729154,0.6033066,0.3600744,80.4204,10.49169,8.207294
460060,216,0.43160018,0.63113534,0.37390268,79.86505,9.697207,1.20015
460075,217,0.5298882,0.6745973,0.4000593,86.14519,6.10629,0.6821342
460077,218,0.41822574,0.6411455,0.37422884,78.97597,14.793489,3.494364
460086,219,0.47277582,0.63524485,0.37301213,82.166664,8.241784,5.802581
460099,220,0.40393117,0.60037076,0.3739524,80.646545,7.651972,4.0152597
460131,221,0.4917635,0.6143596,0.37073356,83.478485,6.3284154,0.854059
460269,222,0.41140404,0.60613894,0.3782331,80.00566,7.7969556,8.682768
460576,223,0.56498486,0.6560588,0.35881612,83.70205,14.920392,1.5784158
461235,224,0.5015511,0.5810218,0.34350988,83.03929,14.781532,6.4192634
461314,225,0.5465264,0.63524914,0.4021993,84.03523,11.991328,4.1200542
461416,226,0.481067,0.62949544,0.379396,82.73896,4.399623,1.7856534
461815,227,0.4713915,0.69435084,0.43802893,82.51892,9.356771,3.793618
461858,228,0.45366263,0.65082777,0.39158404,83.90309,11.337926,5.7647967
461865,229,0.5397037,0.66011494,0.3660584,79.30586,7.9029927,-0.6475045
462101,230,0.45359936,0.7107241,0.4419594,82.60817,8.216036,4.440943
462564,231,0.44222873,0.5790311,0.35988063,81.75364,10.342331,9.131961
463610,232,0.5045211,0.6574414,0.38593304,81.959755,10.416388,-0.062119164
465041,233,0.39344567,0.615259,0.3634789,81.41547,8.757923,2.064364
465674,234,0.56174546,0.672899,0.38560432,80.476875,12.744971,1.628367
465753,235,0.4520517,0.56702065,0.33692273,81.28898,9.175161,2.9431145
465784,236,0.4421162,0.6309461,0.37795308,81.01411,3.6023657,-2.4855595
466320,237,0.51350904,0.76722693,0.46910095,84.78964,8.294141,0.5766642
466988,238,0.47495806,0.6390558,0.37904304,81.0526,9.750197,-0.114994876
467055,239,0.5650939,0.7077485,0.41522634,86.864685,10.932729,-0.6132829
467070,240,0.49574956,0.60469836,0.3388051,80.02238,12.689588,-1.1728705
467092,241,0.5417863,0.6632868,0.41060212,84.548706,2.4139352,1.5481164
467143,242,0.5492359,0.6661513,0.39025542,84.311356,13.206186,5.179897
467793,243,0.4255526,0.6604829,0.43141475,83.78647,7.445565,9.074627
467798,244,0.483289,0.6647012,0.39831892,82.25358,8.267319,2.3555996
467827,245,0.54133725,0.70086575,0.41506812,82.05369,8.673623,0.59652746
468406,246,0.45717716,0.6708504,0.39503232,80.889854,11.526035,2.286771
471083,247,0.498266,0.62647545,0.36384165,81.92609,11.367236,0.997295
471865,248,0.5663673,0.6174945,0.3983231,85.04437,8.386992,0.007521286
472528,249,0.44867194,0.5889629,0.35219377,82.8358,13.780996,4.0271883
473724,250,0.48216578,0.6833817,0.42258373,80.773,10.286306,5.874834
474233,251,0.46888936,0.6055719,0.37725493,82.47453,12.751454,9.060597
474249,252,0.45770788,0.6349256,0.3806297,82.005714,9.335814,1.3060374
474319,253,0.48967886,0.6003423,0.36163628,82.5122,10.712492,1.0900735
474443,254,0.43202803,0.6545205,0.38380998,80.20808,8.568832,-3.5605512
474494,255,0.36922246,0.6188036,0.3772995,80.18399,8.769305,2.512101
474568,256,0.42539093,0.6952159,0.4304695,81.1795,9.703007,3.493316
474832,257,0.49364018,0.60710466,0.31818673,82.3033,17.6037,1.918312
474865,258,0.5004628,0.6491538,0.3842491,81.72758,8.243095,1.0870298
474892,259,0.45318857,0.50823444,0.31137234,83.21062,11.863147,5.3948145
475100,260,0.47414866,0.6229777,0.3661324,82.57842,13.086655,4.371762
475174,261,0.5012318,0.63553894,0.36875486,82.002205,7.3828034,6.4981055
475247,262,0.46191034,0.6197935,0.39105102,82.705536,3.986573,5.5955877
475253,263,0.4447245,0.62929136,0.38118827,83.12269,10.177949,6.268708
475582,264,0.45018563,0.6805385,0.45022687,87.37324,8.437692,1.897295
476192,265,0.4934096,0.5962896,0.36454776,82.77785,8.342815,3.6694553
476270,266,0.4306251,0.61986804,0.37224084,80.456566,7.9498262,1.6880367
476633,267,0.46482274,0.6534474,0.37431,83.24337,15.450863,1.0752047
476704,268,0.4555724,0.6425225,0.37406212,82.63125,11.2642145,-2.7352626
476883,269,0.48290282,0.5931052,0.379541,84.744095,8.341638,6.024189
477165,270,0.45769054,0.6055765,0.3592565,82.78438,7.3947325,4.232075
477195,271,0.46572244,0.644931,0.3934123,82.615166,6.6156425,-0.18709598
485567,272,0.42737207,0.62076086,0.3797729,81.15526,6.1124763,4.0055146
488671,273,0.35659266,0.47870594,0.304669,80.30718,6.939803,2.8741639
488681,274,0.5088758,0.6127986,0.35203442,82.29685,11.754482,-2.4345343
488689,275,0.45852363,0.6256722,0.37213323,80.702126,10.332098,2.8248205
488703,276,0.47354814,0.6339192,0.3782708,81.87862,9.786832,1.9853793
488721,277,0.5143371,0.621628,0.39423087,81.71922,8.871908,4.8047714
488726,278,0.46165508,0.7718623,0.4663345,83.15069,8.557861,2.4691226
488771,279,0.4523273,0.5696607,0.34831673,82.95836,10.078532,0.39249504
488810,280,0.48974353,0.6277346,0.36485812,82.54132,11.71768,0.26486954
488818,281,0.46231794,0.65711784,0.40292606,81.16543,11.622822,2.6145365
488852,282,0.46105942,0.58310866,0.35135475,81.06411,10.615646,5.9434724
488862,283,0.49022716,0.68698204,0.40956995,82.38439,4.9919405,0.9058625
488912,284,0.45332968,0.68138635,0.4034148,81.87225,10.956174,2.6779158
489067,285,0.47905308,0.65251607,0.3863291,81.743385,9.584323,1.2863076
489138,286,0.49238592,0.6243669,0.3740175,82.453186,14.754348,6.544002
489149,287,0.49458247,0.646569,0.39071107,83.698906,9.287748,6.2878823
489232,288,0.38454902,0.56305116,0.34776765,82.70934,11.361487,3.4312077
489267,289,0.4647207,0.5894892,0.3611983,82.16118,10.766883,6.2304597
489305,290,0.42587835,0.5992929,0.35522684,83.10532,11.703702,1.3477776
489365,291,0.43230277,0.65535766,0.40248033,80.54158,9.41778,6.0269465
491676,292,0.47236004,0.5947441,0.3438105,81.10641,9.429945,-0.8827666
491696,293,0.49030438,0.6896893,0.4109402,80.855995,8.531875,0.6544984
492802,294,0.5572965,0.7147366,0.4186502,80.182785,8.667162,0.3719638
492841,295,0.5069252,0.6561976,0.40757644,81.88988,8.900461,1.2911426
493114,296,0.470761,0.7234315,0.41602415,80.16471,6.682823,1.7138352
493128,297,0.43785587,0.6541924,0.38197818,80.858185,8.847508,-1.3150471
493193,298,0.46581745,0.6604173,0.38952234,82.3615,8.263435,4.4453826
493316,299,0.49935383,0.6794577,0.393721,86.19292,16.521395,3.5737104
493329,300,0.4921839,0.77507395,0.481002,84.57564,10.125601,3.539882
493343,301,0.5305442,0.69155264,0.41681603,83.14681,9.608443,2.660908
493351,302,0.48482227,0.733239,0.47639117,80.24541,8.01718,6.053792
493472,303,0.41051415,0.61527395,0.36811686,80.24783,8.474205,3.5419245
493596,304,0.45588395,0.65637743,0.3696472,81.98564,13.350478,1.765412
499624,305,0.4643284,0.60097545,0.38868713,83.1899,5.561245,1.0205154
499864,306,0.47374168,0.6318415,0.376643,81.71195,11.727066,4.7454114
500135,307,0.550096,0.6648491,0.42778453,83.956314,11.215092,6.870721
500207,308,0.48654857,0.6746832,0.4014814,81.836655,9.804759,1.5222219
500208,309,0.55113375,0.7574395,0.45776838,82.866455,10.793444,6.060044
500743,310,0.46663797,0.75301224,0.45795316,81.502335,9.473266,1.0704683
500871,311,0.5181022,0.68496305,0.3786113,83.102234,16.321686,4.3921647
500874,312,0.4393343,0.6804043,0.4285797,85.00812,6.865142,-0.48099786
500887,313,0.4748138,0.613608,0.3631663,82.16907,10.659984,2.0886772
501213,314,0.4699674,0.6138255,0.36801282,82.78708,7.5392923,1.6899819
501245,315,0.4669723,0.62304527,0.37373507,81.917984,9.537827,2.3642066
501255,316,0.48276034,0.6764867,0.36895612,80.199524,9.653537,-2.592205
501303,317,0.45760298,0.69051707,0.3836814,79.57581,9.060168,5.3836603
501571,318,0.4663128,0.67506886,0.40620244,84.253006,8.075497,-0.3505325
501647,319,0.5231365,0.6341272,0.39512822,84.607735,9.444646,0.52222246
501659,320,0.4805733,0.6445309,0.39349186,83.24921,7.1814117,3.3871498
501800,321,0.42176804,0.62313956,0.38274375,81.45034,8.332882,3.1731205
501888,322,0.49526918,0.6467404,0.37991682,82.48175,10.580582,2.4071908
501896,323,0.4403577,0.6082015,0.36347958,83.86221,4.2307334,0.70128113
501936,324,0.47372398,0.63334996,0.38080746,81.97687,9.65582,2.479501
501981,325,0.50421864,0.5596313,0.35782596,83.64058,10.628013,0.89219034
501983,326,0.4783797,0.6202656,0.3656142,83.35805,7.7861233,1.435978
501986,327,0.50988746,0.68500024,0.40837452,81.10136,11.138361,4.794154
502023,328,0.47517985,0.63579625,0.37957868,81.8392,9.723779,2.3005745
502029,329,0.47254172,0.6607959,0.39249644,81.86981,10.642597,1.576245
502034,330,0.53042763,0.6459777,0.3829736,81.71722,9.069996,0.99178857
502054,331,0.3875877,0.63489515,0.3687859,84.775,6.33454,2.2993348
502082,332,0.5537201,0.7099966,0.4059793,83.2384,11.780826,1.7074975
502100,333,0.4387214,0.6571567,0.3920221,79.66845,8.160672,0.020439515
502110,334,0.5164688,0.61731243,0.36019984,84.58368,10.005353,0.9737642
502117,335,0.4542075,0.5938939,0.36044025,79.038795,8.389905,-0.4701244
502126,336,0.49180678,0.6452858,0.39379668,82.30529,8.903219,4.881827
502143,337,0.44747955,0.6371108,0.42178082,84.39352,4.836349,4.9093556
502151,338,0.45164603,0.6311566,0.37766206,81.477394,9.694849,3.1803796
502182,339,0.4694978,0.68928987,0.404406,82.68932,7.4188313,-0.23027575
502205,340,0.5007881,0.65700036,0.40428913,81.27845,7.738635,1.4854288
502210,341,0.4935804,0.71021235,0.41780376,82.14991,12.539504,1.2640017
502213,342,0.4756279,0.62094873,0.36956653,81.71833,9.151914,1.8165895
502226,343,0.44213837,0.65631855,0.40372643,78.26386,6.299049,2.7286549
502261,344,0.41146424,0.64062524,0.37721625,80.752846,5.7980657,-1.5710412
502273,345,0.46314842,0.64252305,0.3564243,80.77869,9.362618,-3.5011446
502285,346,0.43295488,0.6576361,0.4008427,80.82108,7.44253,1.154589
502317,347,0.42666274,0.59322315,0.37088042,81.869026,11.807227,6.0841203
502374,348,0.39846006,0.60887325,0.35960072,82.249115,11.198445,3.2431982
502409,349,0.43524706,0.6393951,0.37982112,80.50003,7.794006,0.53658354
502457,350,0.47369978,0.6368635,0.38293248,81.940605,9.716755,2.606348
502481,351,0.44510517,0.68990904,0.43281946,79.00047,3.4700913,2.4683094
502517,352,0.5013884,0.76144034,0.46479547,84.315575,12.372033,2.905771
502523,353,0.43320763,0.6460153,0.3705787,78.85614,9.92563,1.4349046
502544,354,0.5201756,0.6828245,0.39576703,81.07181,9.688338,1.7488039
502570,355,0.4818154,0.6209546,0.37626833,81.580826,11.332269,2.1952753
502582,356,0.4765755,0.6679872,0.40690175,81.22151,9.803172,4.661247
502671,357,0.43665612,0.6515431,0.41019425,85.71953,10.940174,1.8801873
502676,358,0.47741282,0.69757855,0.41463104,80.95564,11.442099,2.2909667
503351,359,0.513585,0.6537443,0.38684332,82.365654,9.382594,1.4383162
503437,360,0.48916385,0.6785969,0.39211106,81.37527,8.467438,-2.3009777
503556,361,0.48477605,0.66357327,0.4044069,83.233734,7.8077025,10.087301
506560,362,0.4927518,0.73103356,0.40364864,81.69154,13.645364,-1.9909052
506702,363,0.44099775,0.680541,0.39566895,80.74215,13.945745,3.6069214
506703,364,0.510478,0.6515729,0.38650444,82.58101,9.31133,0.09904087
506747,365,0.56562126,0.67278534,0.40100795,82.63699,12.119144,4.3565936
506924,366,0.5107964,0.6475979,0.37921318,81.57253,13.083442,2.607726
506997,367,0.4737776,0.60957074,0.36508632,82.868385,10.414021,2.5274594
514888,368,0.4836003,0.76248366,0.45462975,83.45297,10.698699,5.8714104
514913,369,0.47482893,0.65205383,0.3652492,79.06053,11.403585,-2.30245
514917,370,0.44521698,0.6510011,0.39052472,80.63192,4.901836,0.521755
516416,371,0.49038455,0.7540487,0.42696637,84.269394,8.940299,-2.0204422
516472,372,0.5474194,0.6827217,0.3987011,79.78665,7.3228273,1.4960288
516770,373,0.5049399,0.7069929,0.40923634,84.26151,9.5971575,3.8106487
516782,374,0.5292843,0.6635919,0.39700538,83.06939,7.048657,0.676748
516809,375,0.4714194,0.56431514,0.3458624,82.844475,7.3014197,2.748982
516811,376,0.46478415,0.66184986,0.38346094,81.60853,8.563783,-2.7836182
516949,377,0.536993,0.6225289,0.38003108,81.28462,12.269283,6.7742643
517369,378,0.47585467,0.6764995,0.41564286,84.30578,6.5660057,1.6674716
517370,379,0.5857761,0.5979882,0.38739136,84.82844,8.723547,4.6383376
518170,380,0.48620752,0.62394714,0.37666753,82.696144,9.531406,2.3446949
518418,381,0.46726885,0.62559414,0.3741624,81.96556,10.033038,2.4944108
518466,382,0.44518128,0.4792428,0.30245438,81.67,8.110156,4.514871
518490,383,0.46116295,0.66288126,0.40098125,83.51572,5.7972713,-0.37917143
518542,384,0.44618508,0.67905664,0.405966,80.02225,6.718828,0.4566277
518568,385,0.43794093,0.6887665,0.4217021,79.76992,7.2610774,3.6683395
518577,386,0.4775111,0.6100453,0.37913683,81.11705,9.212553,4.257354
518586,387,0.5372086,0.63829774,0.3919956,80.8045,8.095836,3.1459858
518595,388,0.49965814,0.65097994,0.39296806,84.168655,12.218535,3.8349202
518614,389,0.4295525,0.6133366,0.3682138,81.039246,10.501074,3.326216
518618,390,0.5036943,0.6797337,0.39425367,82.484146,10.5741205,2.2312846
518625,391,0.4694003,0.64898705,0.3910791,82.09039,9.4463825,2.2149265
518626,392,0.45136407,0.62668514,0.39647442,85.807106,10.944125,5.1804385
518649,393,0.46789435,0.58696926,0.3480885,82.23028,9.755376,2.246831
518653,394,0.36814845,0.6917395,0.40545997,78.23526,6.6463437,-1.462641
518692,395,0.52818763,0.6615166,0.38246393,85.51673,9.966951,0.28853828
518700,396,0.40895832,0.59759605,0.34278655,78.25287,8.399848,0.9368768
518735,397,0.40205723,0.63230747,0.40813842,83.67686,9.477603,1.4297448
518755,398,0.45195973,0.6325784,0.3719887,82.138954,10.393684,1.8316963
518764,399,0.4723445,0.6351624,0.3793366,81.6866,9.866838,2.175592
518792,400,0.465563,0.70271116,0.44955027,83.57184,7.6358824,5.8054996
518902,401,0.42365545,0.64509034,0.38707516,78.33104,9.255752,0.1548097
518911,402,0.46636328,0.6061907,0.36946633,82.49956,10.127767,5.2542973
518934,403,0.41621777,0.7299049,0.43814906,84.4518,4.546508,-5.002382
518953,404,0.49143595,0.6691067,0.40193555,80.641335,10.076002,2.103891
518960,405,0.4157353,0.75122684,0.4343068,82.28329,9.203096,-2.3076162
518991,406,0.44767013,0.626072,0.37241703,80.95821,9.573648,1.8228455
519023,407,0.4658845,0.6781515,0.3969289,80.96467,13.843374,8.5837555
519025,408,0.45980734,0.61612314,0.37955254,82.76498,11.894141,3.3233025
519037,409,0.48452723,0.59774685,0.3565556,81.52959,10.768395,2.9433799
519048,410,0.49302906,0.61650085,0.38180122,83.485435,7.318962,4.7485666
519058,411,0.5244585,0.6913623,0.41518965,84.858315,13.140728,4.47189
519068,412,0.4631961,0.66409665,0.41068774,82.81517,6.62477,1.2732544
519071,413,0.50470996,0.6906755,0.4085403,80.73693,11.152064,2.802395
519082,414,0.49620613,0.6094594,0.36533776,82.15748,12.26626,1.8244652
519083,415,0.43876216,0.619257,0.33439404,81.27077,13.981727,4.420825
519107,416,0.45719957,0.61173147,0.36653247,81.76928,9.662213,2.6432016
519184,417,0.4237285,0.78512436,0.48315415,78.659645,7.3087482,1.322838
519203,418,0.4904682,0.70537114,0.41154864,84.81032,13.771359,6.729386
519208,419,0.4716124,0.66280776,0.3994173,82.966064,8.56564,3.0005736
519222,420,0.52400666,0.67289215,0.38922235,83.37164,9.3370695,-2.9602513
519237,421,0.47718897,0.59252834,0.3715282,83.903755,8.366391,0.55372614
519295,422,0.4493784,0.7037467,0.4246328,82.12445,8.496179,4.5398993
519299,423,0.37901568,0.7444655,0.4497857,79.20553,10.940486,-0.17324363
519303,424,0.47635683,0.63656163,0.38159302,81.77785,9.130009,2.4414341
519306,425,0.4635606,0.58130443,0.34507555,83.297356,11.536362,3.9340994
519317,426,0.44644523,0.6005884,0.38815466,87.35695,5.1655283,2.5868034
519333,427,0.4787282,0.6499093,0.3675417,80.46984,11.183377,0.83983755
519345,428,0.51020926,0.6404631,0.38597754,82.92874,9.591916,1.7485508
519346,429,0.4700553,0.59285146,0.34541467,84.00102,14.370934,4.649605
519390,430,0.47697577,0.6997106,0.40956303,82.47728,16.535011,2.9097433
519421,431,0.47751892,0.59625196,0.3611166,83.19534,12.166453,4.3870115
519425,432,0.43098333,0.64882517,0.3901769,80.91526,9.237072,1.9996991
519445,433,0.44040552,0.6603566,0.3813175,80.435814,10.123511,3.2826884
520471,434,0.51696616,0.7009845,0.41475195,83.07609,12.248538,2.7647953
521692,435,0.59046423,0.71172744,0.42033413,86.335365,15.79243,6.948292
523253,436,0.3233183,0.6299033,0.38884026,81.3982,11.103559,0.8949152
524968,437,0.56500113,0.6306548,0.37479553,85.40812,11.401307,0.28472635
527038,438,0.45943123,0.7213896,0.41751173,81.86293,15.389074,5.3924727
527043,439,0.43727845,0.6083208,0.38486913,81.18311,5.3101606,12.135715
527049,440,0.4533775,0.6230936,0.37694657,81.7071,4.1498075,4.806751
534606,441,0.46652684,0.599907,0.3561819,81.3895,6.526605,0.9399952
534627,442,0.42173928,0.65528405,0.37242085,80.93028,8.725875,-4.627596
537953,443,0.41710785,0.68708736,0.40381688,81.44108,10.522222,-0.21377945
541600,444,0.48294073,0.6986291,0.39503598,80.8478,6.8442025,-1.6980861
541608,445,0.52380425,0.6928334,0.42968616,82.10508,10.412485,1.5513724
541645,446,0.5759065,0.60402316,0.3737567,85.03044,6.4714003,1.7613881
541650,447,0.5268267,0.6930938,0.4206043,83.36907,11.103059,2.3300376
542194,448,0.5787151,0.6334489,0.40637162,85.127174,10.877648,3.8374317
542208,449,0.46121103,0.6766926,0.3959837,80.96053,9.953701,6.420971
542255,450,0.5199705,0.7535305,0.44183844,81.11406,8.8731985,1.114728
542289,451,0.48582596,0.63116527,0.378214,82.06083,10.248674,2.6023328
542303,452,0.4943593,0.68289906,0.4248532,85.55613,9.501649,3.5903506
542340,453,0.4889397,0.60075206,0.34782183,82.97172,5.027995,3.4616957
542364,454,0.45744494,0.7014565,0.41200396,81.58489,12.82677,3.6202197
542436,455,0.49267954,0.64045894,0.3901473,80.39808,4.466329,-0.36722708
542454,456,0.5501846,0.6270377,0.37998718,83.03122,9.835642,2.6549768
542455,457,0.51584446,0.60295963,0.372911,84.60263,14.168337,4.289302
542513,458,0.45618886,0.75839293,0.4648878,80.96737,4.5921793,-0.01669661
542583,459,0.456041,0.64467007,0.39807916,83.76939,12.300609,4.711004
542642,460,0.46599102,0.5608886,0.3455637,82.80129,6.8901324,1.5961816
542883,461,0.48011705,0.6322043,0.37869996,82.156624,9.864771,2.4065855
542908,462,0.5303749,0.69805086,0.38968858,82.129074,16.684893,7.362256
542921,463,0.47825494,0.5992528,0.3819256,82.460075,7.2963014,2.8150308
542923,464,0.46897694,0.6229691,0.37417433,81.760956,10.055254,2.9701166
542932,465,0.40352967,0.6654424,0.36780185,81.366264,2.9123828,-2.1345
542942,466,0.41465065,0.5685974,0.34513023,81.3966,8.614653,2.5900483
542963,467,0.5374087,0.6654402,0.4014828,79.77417,10.422514,6.9693303
542979,468,0.4488065,0.49344245,0.3103282,82.14559,8.674788,-1.5794512
542992,469,0.43316528,0.6306704,0.3754206,81.218956,11.204123,4.710753
542993,470,0.53847265,0.7383749,0.4179008,78.95181,6.1324444,-2.4062226
542994,471,0.47452828,0.5764426,0.35564023,83.27854,0.56392163,-0.35908195
543038,472,0.46829766,0.5638711,0.33243042,81.9503,12.992252,3.047748
543063,473,0.52789444,0.6027258,0.37131727,82.048294,8.597678,1.7851139
543068,474,0.502835,0.67946166,0.40311608,84.570724,13.223969,1.907619
543089,475,0.5027844,0.6549373,0.3830224,80.925514,10.89753,2.1234174
543094,476,0.42165855,0.6342844,0.36801425,80.28305,11.718888,1.9634118
543105,477,0.5127609,0.6692659,0.38178068,83.95995,12.653244,1.021767
543148,478,0.43710664,0.5715933,0.3473936,82.06081,13.588749,2.94618
543194,479,0.49606588,0.6072572,0.36612877,82.17066,10.882947,3.885923
543213,480,0.44636974,0.71345973,0.44553918,79.63202,7.7843018,2.8014176
543216,481,0.54750645,0.69867706,0.44161186,81.24451,8.450481,5.7702227
543228,482,0.5278726,0.67110574,0.3842339,83.216034,14.801677,3.8170137
543238,483,0.4659791,0.58982843,0.35013738,81.858955,5.9048753,-0.909419
543257,484,0.36543062,0.64701426,0.38720697,79.81522,12.001465,1.018307
543281,485,0.5397298,0.71624094,0.41115847,82.861946,14.474818,2.412981
543302,486,0.45159933,0.5761719,0.3498204,81.23842,7.58585,4.2750993
543305,487,0.41873077,0.60148144,0.40756792,81.15923,6.0351005,6.088495
543308,488,0.5701131,0.6095927,0.36183757,83.543755,12.751895,1.145419
543309,489,0.49457902,0.6288702,0.39119673,82.6464,11.448218,7.2731104
543321,490,0.48158574,0.6268797,0.37517828,81.932755,9.078293,0.86291975
543329,491,0.4719228,0.6348975,0.37179193,80.94088,9.789421,1.9898065
543333,492,0.5026054,0.66838324,0.41547602,85.815765,0.18958224,0.38828877
543362,493,0.49614477,0.6262163,0.38106227,82.7469,9.467371,3.2725654
543376,494,0.49132067,0.65997237,0.3855907,81.65719,11.697222,1.9183158
543377,495,0.45752808,0.6954895,0.40433145,81.09834,7.9253488,1.1530135
543401,496,0.442033,0.6794266,0.38288677,82.0907,13.133847,3.2755315
543432,497,0.45176008,0.6240141,0.37787777,82.23559,8.872201,2.3591256
543434,498,0.47372928,0.66188896,0.40950862,85.2054,11.6343355,2.003744
543459,499,0.50369805,0.65087193,0.38835767,81.71206,9.872512,1.5711157
543482,500,0.47278163,0.6436275,0.3787261,81.47655,10.414981,2.7270918
543484,501,0.44769356,0.64887595,0.40112397,84.27985,11.066971,4.9624033
543510,502,0.4977911,0.6667101,0.3717537,82.968185,12.6136875,0.85203177
543543,503,0.4953796,0.6353605,0.40242022,86.11789,10.760081,0.2551709
543569,504,0.46160302,0.61393493,0.36498544,81.904625,10.086834,1.3880334
543590,505,0.42690265,0.5282638,0.33331722,82.09217,6.842348,4.667958
543592,506,0.40550473,0.68659234,0.40334523,81.90548,11.0913725,4.1724987
543611,507,0.49962977,0.64950097,0.38755277,82.39989,10.066093,2.9393237
543633,508,0.4881374,0.63939273,0.3791747,81.32971,10.620063,1.9324131
543685,509,0.40793645,0.6992355,0.37564906,83.92145,17.02748,1.7988338
543698,510,0.46729907,0.6354217,0.3792357,81.80161,10.104321,2.3947031
543706,511,0.39817598,0.7248997,0.44596472,80.06923,4.600494,2.60857
543742,512,0.4606963,0.612098,0.3893434,84.320656,4.8450675,1.0927591
543760,513,0.44339868,0.6504718,0.38552758,81.62153,14.768721,6.560815
543768,514,0.48054284,0.68081456,0.39244378,84.24769,13.388913,3.98066
543776,515,0.4721694,0.721233,0.4421922,79.634575,4.8436384,3.8067827
543807,516,0.46572217,0.6216687,0.3816873,82.629906,8.455848,3.3074548
543829,517,0.5293037,0.7700223,0.4492193,80.47437,4.2415233,-2.4802642
543877,518,0.4737989,0.722635,0.41045666,84.11665,12.393479,-0.9348218
543921,519,0.46192807,0.61811674,0.3698543,81.97318,9.868099,2.5091915
543939,520,0.4703609,0.70399004,0.41305217,82.17216,9.12535,3.2856736
543942,521,0.4710909,0.62635046,0.37399104,82.02219,9.751759,2.0110307
544369,522,0.56073534,0.68883264,0.40570185,81.17906,12.950807,6.750328
544725,523,0.5422156,0.6797904,0.4038373,81.821014,3.4295914,1.5912638
544925,524,0.45241305,0.60118586,0.36480433,81.54416,11.560373,7.7340746
545121,525,0.46126163,0.75449145,0.4741296,81.689766,4.28029,8.243483
545337,526,0.3891239,0.61545646,0.37550685,80.296005,9.919451,3.7243423
545338,527,0.47600195,0.61550486,0.36476004,80.4885,10.875782,4.4186535
545341,528,0.5188967,0.6573362,0.37538105,85.00065,12.928304,4.371804
545346,529,0.47607288,0.6398558,0.38755044,81.842834,9.021562,2.7849438
545350,530,0.5104075,0.62670547,0.3648044,82.31025,12.42813,2.4012969
545358,531,0.42101094,0.5559514,0.35086975,82.375,6.042453,6.4168305
545361,532,0.3993999,0.6736722,0.36420572,85.283806,14.436617,-0.2958194
545404,533,0.46942475,0.61834115,0.3709334,82.08895,10.391184,2.830938
546318,534,0.53018665,0.6777223,0.4063692,84.6095,9.836224,1.2381636
546990,535,0.4980152,0.587564,0.35702246,84.01187,11.673047,1.3438269
546991,536,0.53536195,0.70120615,0.4406951,82.597046,8.189673,4.626835
547004,537,0.4898084,0.6100831,0.38363892,82.40842,7.630404,3.3285103
547170,538,0.4984184,0.5985531,0.3538006,81.162704,8.353107,3.0592349
547172,539,0.44422704,0.6674906,0.39530408,79.03217,8.676753,2.1144433
547173,540,0.44434342,0.6326873,0.37620428,81.234146,10.402166,3.6284337
547176,541,0.48081636,0.62136996,0.37551734,82.65164,10.676626,2.845477
547180,542,0.5200503,0.6315529,0.3905074,85.718925,11.155906,0.9698156
547379,543,0.38221088,0.54693997,0.34777278,82.09112,3.8116517,1.8942935
547912,544,0.3704608,0.54663515,0.34264314,81.03584,7.4176836,0.14664774
547957,545,0.4274437,0.68412083,0.4239375,82.77758,6.5112762,-0.040092412
547982,546,0.50665355,0.6010453,0.3629608,82.313034,10.113911,5.8156595
547989,547,0.49567518,0.68589544,0.4059309,86.911385,10.315498,-0.17186694
552662,548,0.46642974,0.62114704,0.37320432,82.59117,8.992667,2.16721
553869,549,0.49724123,0.6682119,0.36979812,82.56227,12.7522135,-0.6794279
553882,550,0.46470532,0.68603915,0.38059533,80.00428,13.236347,-0.73751575
553883,551,0.46567768,0.6377407,0.38052654,81.69166,9.000172,1.853974
553902,552,0.6374987,0.8293746,0.4922394,83.049866,15.82588,6.048677
553988,553,0.40917686,0.66384584,0.39921576,79.10083,5.2879806,5.587908
553993,554,0.4337309,0.62368333,0.34828797,83.28179,14.424899,4.589238
554054,555,0.48981622,0.61856943,0.36965537,81.663506,9.090045,2.284519
554429,556,0.4005996,0.6820189,0.4178345,82.68523,10.313926,3.8798287
570256,557,0.49729425,0.660091,0.40106195,84.40611,11.059376,6.0007453
570267,558,0.45348033,0.56692785,0.33679926,82.69039,6.7186365,0.20090598
570481,559,0.5494689,0.63346446,0.38636428,83.55125,5.317962,-0.8046695
570482,560,0.5464706,0.70084375,0.40188727,84.70336,10.734174,-1.540331
570489,561,0.4847092,0.60045534,0.38881898,81.33137,7.265972,1.6617724
570560,562,0.47762495,0.6758691,0.39091042,81.6564,9.303749,-3.156819
570615,563,0.5758176,0.6218234,0.37809107,85.281906,9.960299,1.7516001
570639,564,0.47767502,0.62518674,0.37513158,81.9239,9.929947,2.4364498
570717,565,0.43007854,0.6731273,0.39644903,80.6335,7.5210156,1.1536953
570731,566,0.5647745,0.638863,0.39592594,83.4045,9.601771,6.017703
570799,567,0.5350442,0.63714796,0.35166648,81.883095,16.096561,4.834114
571431,568,0.53305334,0.65678346,0.3883586,84.2809,15.3411,5.185093
571437,569,0.43730584,0.5870975,0.3734287,83.088684,6.634935,4.9722857
571448,570,0.5119696,0.70267564,0.41626927,84.651115,16.949516,6.3308225
571466,571,0.47094622,0.68807906,0.4057,79.85198,8.059145,1.6532737
571467,572,0.482926,0.625344,0.37468198,82.26215,9.739619,3.4558606
571506,573,0.46870673,0.660383,0.41853046,84.88587,6.47032,7.1399493
571553,574,0.4817409,0.6081613,0.36180407,82.70019,9.377237,2.8955243
571595,575,0.55680907,0.65974104,0.40199634,81.73612,8.156238,4.719142
571602,576,0.46168965,0.5986127,0.3476943,84.11669,10.719373,-0.1349928
571657,577,0.50640255,0.72332704,0.41141862,82.68327,13.923164,4.686206
571665,578,0.4654662,0.6209489,0.37107348,81.935455,10.095137,2.6299908
571679,579,0.46262944,0.62815106,0.3816892,81.45059,8.284045,1.8710718
571681,580,0.48391542,0.62268907,0.3683015,79.934006,7.638511,3.629019
571697,581,0.5566824,0.70579475,0.40662256,82.37991,12.3664465,0.46786633
571718,582,0.41099522,0.61342174,0.37451527,82.318794,11.766674,4.1911798
571740,583,0.45787388,0.66744685,0.4054177,76.76801,10.724319,0.74074143
571745,584,0.4311244,0.6279913,0.37905294,83.53139,10.941337,5.9507604
571757,585,0.5034953,0.6071808,0.3537691,82.14375,9.071725,1.8066298
571761,586,0.4741035,0.6112024,0.3711394,82.69051,8.740357,3.3013823
571771,587,0.47389317,0.65285695,0.39543912,82.774216,12.855694,6.0016203
571788,588,0.38723224,0.7102495,0.4136144,80.820206,7.384372,0.3164363
571812,589,0.4389527,0.5892689,0.3609958,82.29842,9.855759,3.0736563
571825,590,0.43102774,0.6025362,0.3643723,83.514755,8.284084,0.99094945
571830,591,0.5114143,0.6726647,0.40613928,84.2491,11.298218,5.6697073
571841,592,0.36846897,0.67630076,0.42754018,79.98552,8.083081,2.8786757
571851,593,0.44600433,0.62172437,0.36840743,79.80703,10.171946,3.3945909
571868,594,0.4099788,0.5782041,0.34779972,81.757,13.260367,3.0145884
571875,595,0.43228367,0.6200148,0.37161335,83.74505,11.144322,1.6149399
571912,596,0.4362842,0.6470429,0.3860549,81.13237,9.067461,2.9942975
571918,597,0.4473067,0.62084633,0.36708507,81.45498,4.5583096,-2.8766642
571963,598,0.46848693,0.61841905,0.37273866,82.07541,9.854207,2.5884078
571970,599,0.38499922,0.59576195,0.35942602,83.089424,12.686689,7.3973947
571974,600,0.4601239,0.6095708,0.3673088,81.84864,12.657769,5.869251
571976,601,0.44062394,0.6408569,0.39007702,84.133766,8.695723,5.2611213
571980,602,0.5707876,0.6723832,0.37232336,86.48136,12.111759,-2.4245648
572000,603,0.4485443,0.6056471,0.3697555,81.93537,10.188254,3.2900786
572008,604,0.5172891,0.65018904,0.3820817,82.5405,11.896201,0.13497186
572019,605,0.5851592,0.6012126,0.35169536,83.63635,12.026083,-1.7525688
572033,606,0.48061347,0.7028257,0.40944496,80.83177,14.015205,3.3356044
572039,607,0.518309,0.63078755,0.35228404,83.11261,12.173254,0.94974995
572041,608,0.48182988,0.69024926,0.42869788,83.35286,10.337461,5.789177
572073,609,0.43128762,0.6851785,0.39661962,80.25251,13.387852,5.329553
572114,610,0.42797157,0.6165802,0.33929297,83.21341,20.590645,6.4045496
572122,611,0.47290054,0.68214834,0.41454747,83.79611,14.190942,6.6755867
572128,612,0.42580193,0.5618235,0.35611737,81.1699,9.2646265,2.5369294
572138,613,0.44505975,0.6278322,0.3900648,82.14251,11.3500395,5.4227657
572180,614,0.4331118,0.54522425,0.33966228,81.40174,9.699644,4.2547755
572182,615,0.43883818,0.60654235,0.36889037,81.87521,11.903982,2.0880775
572191,616,0.50072676,0.602348,0.3708977,83.38366,10.021418,1.5425296
572204,617,0.4166373,0.55264413,0.3384746,82.81104,11.853205,5.8202105
572227,618,0.48746368,0.65005547,0.38297072,81.639275,10.06107,1.39466
572228,619,0.50409025,0.5726955,0.35680142,82.95625,10.441321,5.1912594
572233,620,0.49400678,0.6234463,0.35469502,83.30329,13.704637,3.186182
572241,621,0.51223314,0.6300941,0.37523416,82.717766,10.69874,1.8372704
572287,622,0.48171857,0.5726011,0.34369135,84.743774,16.356716,7.2573614
572365,623,0.43272516,0.69771886,0.4466097,83.198494,6.240287,1.6434343
572669,624,0.48520666,0.5677423,0.34496975,81.154305,12.217699,5.5231285
572761,625,0.37847346,0.6218513,0.35653248,81.80277,14.681694,6.3699822
572804,626,0.4863142,0.60628664,0.36798266,82.15574,11.307744,3.8192823
572816,627,0.58849126,0.6824447,0.39614815,85.11528,13.227582,-2.84455
572821,628,0.40422803,0.6432405,0.39705095,82.18338,15.809336,11.977781
572863,629,0.45905504,0.604739,0.33888665,79.63227,16.39464,8.633944
573088,630,0.4614302,0.66887546,0.41184887,81.620766,7.3476195,3.6976993
573113,631,0.4503645,0.66939247,0.40938318,80.09481,8.595772,1.7563746
573131,632,0.39836437,0.6445571,0.38509795,84.21046,11.098265,4.3349953
573135,633,0.4242983,0.6428416,0.37861997,81.38101,10.439164,3.3522136
573262,634,0.42125052,0.6579962,0.37943697,83.901665,15.189144,4.923799
573627,635,0.4632376,0.616505,0.37653914,83.736595,6.048488,2.1469204
574831,636,0.47810242,0.6296773,0.37674373,82.22823,10.173158,2.546307
574847,637,0.51908076,0.62669176,0.38560596,83.69714,9.691944,2.959283
575929,638,0.49071783,0.62719566,0.39229038,84.84814,10.330682,1.1550857
576397,639,0.4818822,0.6321032,0.36836174,81.37469,11.9323225,5.5917034
576788,640,0.45895916,0.6439811,0.38495642,81.2584,10.071678,2.1778522
578428,641,0.4924644,0.7911495,0.45471963,81.63825,9.377842,1.9953027
578570,642,0.48172674,0.642324,0.38620022,81.28006,9.07407,2.5404916
581527,643,0.46934032,0.68391013,0.40497333,83.03697,7.8205395,-1.3130566
582473,644,0.45799103,0.61786973,0.37298176,81.36629,10.047134,2.929973
588751,645,0.53013504,0.71302456,0.424568,83.58586,10.57694,-1.2546303
591712,646,0.5004651,0.61376387,0.3640453,81.25703,13.696155,5.506951
591720,647,0.5464934,0.76420146,0.45180285,79.40811,8.696926,4.284096
591741,648,0.5348855,0.6627366,0.4102624,83.221756,9.650685,3.2379549
591971,649,0.39360335,0.7330459,0.4416506,80.27446,11.171604,1.2444276
591994,650,0.45383307,0.61526746,0.38455558,82.843,6.461869,3.225155
592120,651,0.46691102,0.62575734,0.3746414,81.95113,10.026167,2.3421044
592122,652,0.46209723,0.5287989,0.32858965,82.165695,9.240983,2.9625306
592144,653,0.51492083,0.66642946,0.3994038,82.594574,9.43948,2.3724406
592166,654,0.45613518,0.6192486,0.3713138,81.800545,10.186442,2.566233
592178,655,0.4940821,0.6042058,0.36629498,82.562035,13.350206,6.862342
592192,656,0.4189894,0.68670774,0.39545357,83.29098,12.263199,4.975623
592200,657,0.43457252,0.5895457,0.34255287,80.31028,13.842598,8.314565
592206,658,0.5349526,0.6510089,0.38146454,84.36088,13.140221,2.4436533
592230,659,0.505192,0.6084583,0.37427935,81.54034,6.0628066,1.7635686
592239,660,0.47703254,0.7046175,0.401469,79.64223,9.094195,-0.09203998
592261,661,0.37458318,0.61455274,0.38418084,79.15155,7.844884,1.3260813
592273,662,0.4670752,0.66655,0.40350413,84.48274,10.0236025,3.838334
592274,663,0.44700783,0.6332921,0.37564346,81.827705,10.640797,1.471315
592325,664,0.4378559,0.666484,0.39633086,81.91333,9.806455,-0.5116553
592348,665,0.4791357,0.59398174,0.35816798,82.97072,8.518285,2.008602
592387,666,0.49469993,0.6838578,0.4343951,84.06382,9.536945,5.1904793
592407,667,0.46940416,0.6667138,0.3903597,79.973076,13.529328,5.391116
592419,668,0.5134201,0.65381986,0.4000977,80.70959,9.273315,5.9265075
592444,669,0.5035884,0.6248729,0.36347055,84.81605,10.365248,3.9324517
592450,670,0.4243609,0.5606537,0.3466069,85.90862,7.2557793,3.411154
592518,671,0.4922477,0.7025346,0.4387789,85.80847,11.83385,3.0432065
592530,672,0.46421912,0.61886984,0.37384638,83.26489,11.008561,4.6214375
592567,673,0.51891625,0.6602252,0.40673357,84.94174,6.693165,1.0092324
592592,674,0.5409443,0.6758201,0.40773347,83.23731,11.446338,1.9261965
592596,675,0.47553864,0.6334267,0.37799987,82.08971,10.148267,2.590091
592609,676,0.4147121,0.56493545,0.34675142,82.38789,11.76575,2.8638437
592620,677,0.4633594,0.60456496,0.3536964,82.33176,7.8949733,1.4682417
592621,678,0.4973804,0.55244005,0.33657014,84.03637,10.889994,-0.4071128
592622,679,0.4977401,0.6464561,0.37811372,81.57547,13.170343,4.628924
592626,680,0.4551673,0.6541112,0.41578162,85.6097,11.172374,5.3949275
592647,681,0.49085897,0.6051611,0.37515414,82.267815,9.871122,5.8863816
592656,682,0.5018842,0.6688259,0.40359512,81.368454,7.9086847,4.949119
592660,683,0.45976886,0.6643043,0.39433476,83.105,8.226168,2.034237
592663,684,0.48645073,0.6922102,0.40296683,84.35374,10.420381,3.7372286
592669,685,0.4780529,0.6765415,0.4168628,84.65264,14.241058,6.3398066
592680,686,0.4827151,0.59400684,0.36455455,82.36369,4.219,0.6774575
592685,687,0.41686141,0.5621648,0.34607062,82.27117,11.536421,5.247948
592696,688,0.5778369,0.7001277,0.43368092,85.030655,13.107385,4.708787
592710,689,0.4112256,0.64955616,0.38316023,81.76799,7.0601387,-0.83087575
592731,690,0.48528758,0.6011329,0.36692113,82.138504,10.438955,1.1316274
592743,691,0.47371686,0.7665441,0.50402987,82.53242,6.7377753,5.825719
592769,692,0.48770106,0.6312772,0.37725538,82.15881,10.363417,2.383038
592774,693,0.49194825,0.63170725,0.37368676,82.46048,11.050033,2.1077576
592808,694,0.5700485,0.6835708,0.3921937,83.66862,7.887045,-0.656327
592835,695,0.5267847,0.63049656,0.37166044,81.715576,10.848496,3.4338965
592859,696,0.45527574,0.63791776,0.384636,81.56192,8.697014,-1.4791784
592863,697,0.5248376,0.68531317,0.4087419,82.51478,9.31182,1.5348163
592885,698,0.43485677,0.6213714,0.37619415,84.133156,3.1784198,1.1445425
593160,699,0.49151984,0.7173855,0.4174577,82.06543,14.160209,1.5863997
593428,700,0.44193316,0.67990303,0.431536,83.97734,8.680332,4.9064035
593495,701,0.50670904,0.74750096,0.43510938,80.64291,8.527234,-0.530937
593523,702,0.5617703,0.6542054,0.38593218,83.67725,8.669473,-2.0889916
593525,703,0.49972427,0.63759315,0.38651273,82.69827,8.373233,1.1305125
593527,704,0.47616842,0.7043005,0.41015932,79.86711,8.187159,-0.39015818
593528,705,0.49594995,0.5904838,0.33647385,81.968765,15.435637,0.4892154
593590,706,0.4928647,0.6912679,0.4106826,82.20346,8.567297,2.291209
593643,707,0.6051092,0.77489686,0.4386122,81.52749,12.800276,5.220232
593647,708,0.537046,0.6648497,0.3852646,82.76983,11.7243185,0.059520442
593700,709,0.533823,0.62338406,0.3897503,79.44847,8.944128,6.0212827
593871,710,0.45234492,0.68883836,0.40637788,81.54656,14.322862,4.4142814
593934,711,0.4389846,0.55239636,0.32938734,84.99059,10.354676,7.5048466
593993,712,0.55243367,0.6288174,0.3676358,83.14534,13.159769,2.8788915
594011,713,0.45775995,0.63391966,0.38208902,81.00271,4.6581125,0.9228264
594555,714,0.46676794,0.62488925,0.37386832,81.992256,9.972731,2.826495
594576,715,0.43589357,0.60075414,0.35222712,80.68957,10.151293,0.6650487
594694,716,0.5108648,0.6401053,0.39995497,79.3956,7.9522343,2.4174073
594777,717,0.49613202,0.5914866,0.35864532,83.00665,9.87263,6.078493
594807,718,0.5010921,0.68127495,0.40265238,83.79513,17.676683,6.6391025
594809,719,0.46136585,0.7234497,0.40077105,84.113075,8.1690855,-4.8725386
594824,720,0.39374995,0.657925,0.36548954,78.0011,4.232653,-0.016871842
594828,721,0.5034016,0.707985,0.4645656,85.75124,12.075644,7.216506
594838,722,0.4354633,0.68738973,0.4054908,82.30141,9.283512,-0.9748743
594940,723,0.41981414,0.6008981,0.36137292,81.11943,9.579565,2.2188604
594953,724,0.5092163,0.5827052,0.37206239,85.5036,8.7721195,4.205365
594988,725,0.5689412,0.63103485,0.40369526,83.81733,5.0788155,5.5261745
595005,726,0.4681782,0.6397709,0.3767172,82.10867,10.603464,2.34447
595023,727,0.37505928,0.5427236,0.3400639,80.640205,8.771398,1.2651644
595025,728,0.5130135,0.5945781,0.35862988,82.368515,12.289367,1.7123437
595144,729,0.4201774,0.6674035,0.39854038,81.09659,7.221204,-0.0135344695
595222,730,0.48693457,0.55633986,0.34080988,83.30108,13.176193,1.0443296
595238,731,0.4876287,0.6245119,0.37000695,81.89926,9.818911,0.8661205
595281,732,0.51796293,0.63445485,0.39920357,82.950165,5.937172,3.9937367
595284,733,0.4860871,0.60074186,0.3348767,81.011116,8.820147,4.744824
595373,734,0.43938237,0.5927729,0.3593149,80.240814,8.80028,2.584065
595375,735,0.5346979,0.6725998,0.40454495,82.6181,8.624832,4.6232266
595386,736,0.408867,0.6201484,0.38467285,82.6157,8.604563,5.1430335
595426,737,0.41579536,0.66383266,0.39950883,81.54525,8.298612,1.5094306
595453,738,0.47879493,0.5722454,0.3389448,81.098595,7.5163817,4.291474
595751,739,0.6209076,0.600122,0.35717586,86.650764,7.3806505,-2.7852154
595777,740,0.43684053,0.7079514,0.40740785,82.175095,10.800902,4.037219
595879,741,0.58106726,0.6579802,0.42322972,86.78494,10.319945,2.849075
595885,742,0.44551903,0.6036652,0.34791243,82.2741,12.993249,6.390032
595909,743,0.4730478,0.60224664,0.3560674,83.2659,8.49202,1.116932
595943,744,0.45898974,0.6485243,0.3743288,81.9567,9.483383,1.6080548
595956,745,0.45089203,0.7023548,0.38944143,80.398224,12.414361,5.553453
595963,746,0.42872512,0.5743662,0.36920562,80.89824,1.8581147,1.7503064
595978,747,0.5064652,0.63341635,0.38004228,81.93294,14.98456,5.243192
595981,748,0.46285927,0.6268486,0.37660635,81.196495,8.243205,-0.55257654
596012,749,0.5185651,0.5977628,0.3480874,81.92036,12.637677,1.0716138
596019,750,0.50156677,0.7071805,0.4149795,84.79458,11.846891,5.2586346
596056,751,0.39844307,0.63664705,0.37201032,79.39644,9.456622,4.289367
596059,752,0.50972486,0.68014723,0.3989211,85.423256,15.560455,7.10944
596103,753,0.42718768,0.5986181,0.36209404,82.30043,5.7166843,-2.3974545
596105,754,0.45772627,0.6311607,0.39677912,81.565796,4.845671,3.0984259
596115,755,0.4829236,0.64677256,0.35312438,84.391716,15.854673,0.6950617
596117,756,0.43986395,0.6661544,0.38541174,79.80497,14.176435,5.845789
596119,757,0.46907446,0.65171,0.4010194,81.79554,8.340258,1.4552312
596129,758,0.3691805,0.6538965,0.40827033,83.62164,7.7881417,4.2820654
596142,759,0.45752454,0.65995055,0.4108627,85.900314,13.274159,7.487198
596143,760,0.49127704,0.6852106,0.41207153,80.95562,8.317696,0.85961384
596144,761,0.4898058,0.63442147,0.36675346,82.04916,11.193611,1.2969598
596146,762,0.4867183,0.6796572,0.42084724,84.12166,9.523148,5.350983
596451,763,0.42940518,0.55212986,0.3283571,79.79042,8.8173065,4.8124814
596748,764,0.523214,0.67746544,0.44247094,83.54838,8.993895,7.360661
596816,765,0.4585416,0.62915766,0.37912545,82.26007,10.189401,2.5437825
596825,766,0.469557,0.5473036,0.33659217,81.917656,12.169413,7.3850317
596847,767,0.42453578,0.5867069,0.3566492,83.34336,9.422423,2.015599
598265,768,0.47122967,0.6144976,0.40629876,83.867165,8.159228,4.74071
598284,769,0.4909152,0.5537887,0.34068364,83.31315,10.993545,4.6456695
599096,770,0.43249536,0.58700126,0.35338202,80.20091,14.39378,3.1844394
600301,771,0.43798023,0.6502446,0.38701704,81.61311,11.499312,5.291062
600303,772,0.41038427,0.7110272,0.42070472,82.18532,12.522,5.647965
600466,773,0.5006628,0.6243711,0.38388145,81.75784,9.218299,3.6420918
600474,774,0.4512802,0.6279359,0.37841645,81.74544,11.869571,6.8171144
600524,775,0.48967347,0.6519767,0.3787168,84.13757,15.4505825,3.879703
600858,776,0.5293971,0.6626823,0.37153423,81.13225,9.995194,-3.2933462
600869,777,0.47392294,0.6851113,0.38618428,83.72312,10.723205,5.7705646
602074,778,0.50352776,0.71851367,0.41563472,81.84089,9.0894785,-3.3917933
602080,779,0.49349174,0.6354473,0.37919012,82.15108,9.672334,2.0857167
602104,780,0.458036,0.63964844,0.39329547,83.373474,6.5429955,1.0463656
602115,781,0.5308548,0.60693884,0.36769494,82.7343,8.765995,1.3891861
602922,782,0.4561529,0.6627467,0.38107404,82.58986,12.120742,-0.30273587
605113,783,0.4908763,0.66984224,0.41005978,81.12169,9.592436,6.5229673
605119,784,0.47403738,0.62890875,0.37320262,83.13088,6.5108495,1.3556885
605125,785,0.47743756,0.6469883,0.38621253,81.0771,11.99218,5.0034566
605131,786,0.38023907,0.6451953,0.3683101,81.052986,11.855499,2.045193
605137,787,0.4704087,0.6362393,0.41284046,83.91589,6.3634176,2.8048413
605141,788,0.3837886,0.72579557,0.42921922,83.93675,14.820719,4.531237
605170,789,0.44117844,0.6599171,0.3954546,82.863235,5.197292,4.0414314
605183,790,0.48974743,0.6594925,0.40463996,83.35033,6.250574,0.6998075
605196,791,0.55316216,0.635702,0.3882162,83.95595,11.744062,4.4546847
605204,792,0.48772457,0.56282556,0.3345005,83.94923,8.634665,1.7613534
605227,793,0.45142516,0.6140469,0.38224712,81.626884,10.535498,2.8087816
605233,794,0.41617128,0.55932826,0.3497438,83.00713,3.6455996,3.925588
605244,795,0.4977701,0.61271876,0.36113638,81.93364,13.666149,3.2068422
605253,796,0.37703106,0.58936524,0.35819116,78.89545,9.293347,2.2167664
605323,797,0.44869322,0.5656318,0.34739864,81.12039,9.199705,3.8803923
605346,798,0.5084111,0.6170664,0.37017617,82.26211,10.469062,2.2425938
605353,799,0.44674295,0.68921715,0.3963863,82.39114,6.735074,-1.9625776
605357,800,0.50542516,0.6195163,0.37187284,82.46908,8.634635,4.270192
605361,801,0.41652304,0.6763703,0.39175433,82.12847,9.56447,-2.2067797
605412,802,0.44394898,0.74120986,0.44650707,80.62428,9.830291,1.1869714
605421,803,0.45745766,0.6390704,0.38495398,81.87015,12.1689005,6.1813235
605439,804,0.44169128,0.5816226,0.3516579,80.493546,6.5932994,1.2162508
605474,805,0.41492212,0.57931775,0.3505453,80.11462,7.644946,2.6305351
605480,806,0.47613928,0.61955947,0.391884,79.65103,4.513211,-1.5529785
605486,807,0.50029856,0.62887347,0.36821914,82.76764,7.489744,0.8049922
605490,808,0.477526,0.6214017,0.37856975,78.45338,8.293017,7.697871
605504,809,0.45835745,0.59503573,0.35686374,81.853,10.011523,3.639773
605508,810,0.4942452,0.6674855,0.39176178,80.738716,1.6549405,-0.882025
605509,811,0.4583078,0.6647239,0.39065352,79.68996,4.6627746,-4.7171006
605512,812,0.5004561,0.6270238,0.3837588,84.841484,9.58491,2.5912592
605520,813,0.48130977,0.5743982,0.3507523,82.22847,9.964848,3.3273857
605548,814,0.46915027,0.5682515,0.3411117,82.88863,2.4592948,1.9779809
605612,815,0.5575537,0.7057515,0.4108069,83.212296,10.219582,-0.41634887
606019,816,0.4452749,0.66330296,0.37579954,81.46553,11.885153,-0.07049241
606115,817,0.49590692,0.65578896,0.40627077,83.01492,8.690433,4.313039
606132,818,0.55904776,0.72530353,0.42315802,84.07827,3.9891694,-4.1833186
606157,819,0.53499234,0.6017323,0.37323773,83.732864,13.986233,6.720852
606192,820,0.48999166,0.5864814,0.36407042,84.968376,10.884666,2.769085
606213,821,0.5293646,0.70822227,0.3820733,84.04156,16.676481,-0.31117958
606299,822,0.5243804,0.7520372,0.44978297,80.52351,13.603492,-0.25065473
606336,823,0.48976794,0.63841337,0.38002625,82.082794,11.055789,2.902599
606466,824,0.46533176,0.71928245,0.44494894,84.455345,7.765964,6.0843554
606956,825,0.45585084,0.58794373,0.34818557,82.16363,10.258791,1.6935098
606988,826,0.4499056,0.5809624,0.35651845,81.43361,10.091584,4.0681405
606992,827,0.50204515,0.6110202,0.37008947,83.79761,12.575193,3.2808802
606993,828,0.46913093,0.60650736,0.36004314,79.94523,9.355486,1.8653107
606995,829,0.46673563,0.62472785,0.37452805,82.11112,10.052285,2.2660909
607043,830,0.4186957,0.6216195,0.34588063,83.11586,6.579634,-0.63794106
607054,831,0.41148528,0.6211931,0.3709571,81.057495,7.6818066,1.1227492
607111,832,0.414411,0.6206235,0.37614092,80.81777,9.585687,2.47881
607208,833,0.47267726,0.6508605,0.3940296,83.818214,9.869149,4.5764194
607223,834,0.47692648,0.5873599,0.3653776,82.27047,9.2903185,5.0305943
607249,835,0.44335443,0.627438,0.37526238,82.08068,8.957775,1.8206638
607257,836,0.4610605,0.57061416,0.32976362,80.89608,13.284121,1.572331
607297,837,0.49062186,0.6471963,0.38694385,82.272095,10.849512,2.2212892
607333,838,0.42054275,0.5875331,0.35247004,80.88186,8.862849,0.56330764
607345,839,0.48023072,0.6800493,0.40610874,81.94983,4.7009845,-0.21279761
607369,840,0.4052003,0.5928455,0.3548347,80.56585,11.322948,3.2433546
607385,841,0.48812777,0.63604164,0.38023633,83.824196,12.739586,3.0437148
607387,842,0.4639101,0.60182923,0.36652175,83.99432,9.755237,2.2100658
607430,843,0.41716382,0.6217594,0.36728472,80.972595,8.877898,-1.2999309
607461,844,0.48043796,0.70450723,0.4239961,81.77361,6.4167795,5.9964824
607468,845,0.34304476,0.59281117,0.35555297,79.84648,7.3168645,1.7274581
607471,846,0.46342364,0.6237484,0.37724763,80.83194,9.631699,2.3746753
607680,847,0.5282044,0.73671275,0.43747157,82.56239,11.6455965,4.094401
607732,848,0.4307664,0.6537309,0.39151564,81.714645,10.028412,4.794869
607752,849,0.44794267,0.6300866,0.37560913,83.77458,6.985169,-1.5033252
607776,850,0.48335433,0.5970184,0.3732668,83.66819,7.39427,3.4179459
608061,851,0.53567827,0.7140891,0.43068436,80.73302,13.609416,3.6853426
608070,852,0.43883467,0.75270975,0.4365401,83.8979,14.648715,6.957463
608324,853,0.40897393,0.70468175,0.42327565,82.38523,14.52643,6.46385
608325,854,0.50434303,0.6889975,0.41252032,80.53908,12.093611,2.7178843
608336,855,0.47422507,0.53993154,0.34923792,85.257706,16.049318,6.864857
608339,856,0.47736102,0.6107495,0.36778462,81.94062,10.787997,3.1892772
608348,857,0.4181922,0.65022385,0.3865445,81.06605,11.77634,2.5055478
608360,858,0.46905544,0.6288315,0.37535968,81.65943,9.654599,2.260957
608365,859,0.4928259,0.6174474,0.36018676,82.331985,13.007332,2.8148873
608369,860,0.54428005,0.64000034,0.3865703,84.622986,8.248228,3.261516
608384,861,0.5622457,0.64477646,0.38572422,84.3511,7.898018,1.0635225
608385,862,0.45391902,0.674432,0.4030368,83.56215,8.863525,2.8609927
608422,863,0.483007,0.64350754,0.3868192,82.420876,9.549578,2.0771215
608475,864,0.54232436,0.72915494,0.4164491,84.7865,7.519844,-4.510346
608577,865,0.4868153,0.6663718,0.4095806,85.59472,7.1574364,2.1913447
608596,866,0.46294498,0.6056388,0.3708344,82.93598,11.872273,5.353964
608597,867,0.50840616,0.6240413,0.36004078,82.75167,8.299003,1.422678
608654,868,0.46524245,0.61201876,0.36852816,80.93635,12.101424,3.954104
608671,869,0.40005016,0.6292502,0.38719052,78.50847,2.755108,-2.5329893
608672,870,0.4559492,0.6337828,0.3706669,82.578415,7.1474524,-2.6170235
608686,871,0.5091564,0.6545427,0.3768134,81.953445,14.579553,4.014559
608700,872,0.4396087,0.6758488,0.39395362,80.97883,7.957278,5.673116
608701,873,0.4059484,0.6448581,0.39274976,82.27731,7.3651233,2.6225224
608703,874,0.4067017,0.6257003,0.37317514,81.45991,5.95509,-2.1430097
608715,875,0.46959022,0.60790366,0.35450292,82.1117,14.850821,2.7868094
608841,876,0.4638131,0.685261,0.4166241,84.14623,8.097276,2.9978006
609274,877,0.48988208,0.61128575,0.3588889,81.99037,12.531992,3.7475917
609275,878,0.56307584,0.5627333,0.3656976,83.478714,9.5964,4.666767
609280,879,0.52718276,0.727395,0.43427435,83.64887,9.70386,3.7098656
611177,880,0.54415995,0.72722644,0.4448718,84.70658,9.170454,1.6882915
613564,881,0.47725034,0.6045005,0.3563075,81.94084,13.070989,5.701807
614173,882,0.5080958,0.58229995,0.35939643,84.58072,7.035172,1.7959514
614177,883,0.4742494,0.5684541,0.36575454,85.0938,4.842706,4.871013
615699,884,0.46998054,0.60011226,0.36480507,82.077934,9.835715,2.9696233
620439,885,0.4783571,0.59642977,0.35372034,84.48788,16.16509,3.092161
620443,886,0.4417408,0.62401897,0.38985372,82.740715,4.2310967,2.9562066
620446,887,0.54647094,0.65275925,0.39026818,82.331154,8.079222,0.39426735
620453,888,0.5047322,0.61671185,0.37830552,83.17978,9.845678,2.3609774
621002,889,0.40826252,0.6239879,0.3494795,81.47697,6.029484,2.7525296
621005,890,0.46623155,0.5982695,0.35780644,81.346085,8.404731,-2.2914956
621006,891,0.47636297,0.6280749,0.35158324,80.91624,8.041268,-1.4395044
621008,892,0.4687061,0.62693626,0.3728118,81.402725,9.099875,1.6557454
621011,893,0.55443853,0.7103683,0.40584618,81.725136,13.450394,-0.5905092
621020,894,0.47531578,0.6144683,0.38787463,82.782036,10.117401,4.2052083
621028,895,0.47399813,0.7613636,0.46920347,81.15125,10.399367,1.6913692
621035,896,0.44769394,0.5575242,0.32463875,80.76011,11.895433,2.1029763
621043,897,0.44277775,0.6920271,0.42615184,85.19483,8.23592,2.4121008
621044,898,0.41052985,0.6231137,0.36144298,79.503296,12.9016285,3.0816119
621311,899,0.5558009,0.6415662,0.38545695,83.26619,12.601057,0.14633146
621433,900,0.42529017,0.5486335,0.34267858,81.25477,12.53204,3.687037
621438,901,0.49324694,0.6648628,0.38041705,82.88392,12.778549,5.925543
621439,902,0.4992125,0.62255776,0.3812737,85.129326,15.149701,7.271196
621446,903,0.52862537,0.6123043,0.39172214,83.74384,8.941553,5.4263325
621450,904,0.4691977,0.6364688,0.39711252,81.92012,8.384533,4.1148863
621453,905,0.44457844,0.61083746,0.36770448,80.87452,9.533715,0.5279448
621458,906,0.48129705,0.58799934,0.37028497,84.656044,8.214074,5.2455444
621466,907,0.49116173,0.57312423,0.3331946,82.9872,15.569601,3.5912442
621471,908,0.3872663,0.6799806,0.3876906,80.50079,8.367423,-2.166598
621493,909,0.41240233,0.6397757,0.37465367,82.64805,10.872344,2.9036431
621500,910,0.43285975,0.57790416,0.33865887,81.51107,12.751293,3.5301871
621512,911,0.60342175,0.61777955,0.39703205,83.54693,7.1029224,-0.1301649
621514,912,0.50284004,0.6354762,0.37750283,81.90453,14.042418,4.715752
621529,913,0.4275024,0.64133275,0.37687433,80.76977,11.321736,3.164007
621532,914,0.45729265,0.63717836,0.3789217,80.5806,10.4752445,1.9968388
621545,915,0.45132548,0.6229719,0.36551133,79.550316,10.701297,5.2116942
621550,916,0.4750492,0.5632451,0.31373945,83.437546,19.363102,5.687755
621559,917,0.41980153,0.57540786,0.33654013,79.70092,13.681835,5.1377587
621563,918,0.48950866,0.7306842,0.44125366,83.60719,6.308832,0.7552679
621566,919,0.45447576,0.61210465,0.36906013,86.17857,12.205619,2.312776
621573,920,0.46093288,0.72025603,0.4191201,83.64619,8.752932,-0.65025747
622046,921,0.5411158,0.58907515,0.36299726,83.0457,10.29423,2.3888774
622100,922,0.48989448,0.6148338,0.36609244,82.92102,9.7271385,0.47354668
622110,923,0.4563484,0.70781595,0.41465184,81.55783,7.490529,-1.9716729
622168,924,0.5558184,0.66624415,0.39430243,81.934,7.624597,1.9260876
622194,925,0.4330687,0.65338963,0.37717232,84.03087,7.54355,-2.6718643
622210,926,0.48272827,0.62654823,0.3749341,82.165306,9.861141,2.4118426
622226,927,0.4902332,0.5586882,0.35035467,83.45064,10.966355,5.7883797
622268,928,0.49758112,0.6517583,0.39249372,81.52436,9.514539,3.2257318
622270,929,0.4810792,0.65159243,0.3945739,80.35661,6.5280976,-0.13867216
622441,930,0.47719583,0.66737485,0.39925885,80.02941,9.109615,1.6489856
622492,931,0.4860851,0.62429494,0.37585425,82.29211,10.119395,2.5495713
622497,932,0.55295604,0.6631615,0.40319866,81.989296,9.671351,3.6964552
622534,933,0.4677807,0.69164854,0.41772822,83.23622,9.099197,-0.44790137
622569,934,0.4198416,0.69381654,0.4062183,83.75645,12.585848,3.4764051
622666,935,0.5072932,0.66866803,0.41664624,83.199905,11.290876,3.2925565
622668,936,0.47162068,0.6423888,0.38505408,82.130615,9.012524,2.0668333
622682,937,0.53718746,0.69962204,0.40456098,85.27106,7.6482863,-4.7232733
622713,938,0.46957982,0.6409191,0.37960932,81.7644,9.899539,1.7222599
622761,939,0.50031894,0.6381039,0.38492978,81.761375,10.661818,0.5011034
623143,940,0.470225,0.6328225,0.39131165,78.062965,9.385075,3.4116404
623166,941,0.47235477,0.6347809,0.37874204,81.89905,10.356653,2.5516899
623168,942,0.49256307,0.70713294,0.39672297,78.47041,15.521922,6.161761
623180,943,0.45317426,0.63069457,0.3779681,82.24089,7.5431323,0.84791076
623182,944,0.47921154,0.5917135,0.35211724,83.16584,9.987466,2.7529476
623205,945,0.49799293,0.57761645,0.36838537,82.174065,6.2815433,-1.437961
623214,946,0.4850302,0.63668984,0.38912946,81.95113,6.7366624,2.0074475
623323,947,0.4556168,0.60240114,0.361545,80.45411,6.481358,1.9576092
623507,948,0.48961878,0.63345397,0.385438,82.37011,8.614861,2.961937
623508,949,0.49375674,0.6226528,0.37631574,82.3509,10.439863,3.0523713
623515,950,0.48332912,0.6115403,0.3703065,82.23578,9.596687,1.8455839
623520,951,0.4547042,0.6208089,0.36423618,85.65682,10.5479,0.34314534
623912,952,0.5579711,0.69507015,0.4119281,85.25822,7.05942,-0.35958493
623993,953,0.49357262,0.6968322,0.4089897,85.968445,16.660864,4.592257
624407,954,0.4425537,0.6728056,0.40246204,81.22689,9.274355,0.19624367
624413,955,0.49036995,0.68131614,0.40245116,86.64108,14.506606,2.0084863
624414,956,0.5325948,0.69607025,0.38212976,82.809715,7.26245,0.8642147
624415,957,0.3722462,0.5867442,0.3529859,79.996796,8.522255,5.397875
624419,958,0.4758604,0.6487726,0.39819866,81.81987,9.78936,2.516796
624424,959,0.4520601,0.6431891,0.3748023,84.30901,10.292345,2.3366256
624428,960,0.47130603,0.73746735,0.4237475,80.552826,10.143585,0.16549738
624431,961,0.46309224,0.7107212,0.46095958,83.40207,9.907259,2.8437743
624503,962,0.5807283,0.6754612,0.39200476,84.056046,9.981058,2.8232138
624507,963,0.5293563,0.62687284,0.3753693,82.183624,12.625708,6.741012
624512,964,0.51582575,0.6897297,0.40472266,81.67535,9.030151,2.6621046
624513,965,0.40182313,0.5994417,0.3467155,80.24688,16.199268,5.0538745
624577,966,0.51867205,0.6477172,0.40509412,84.85306,7.869419,1.1701798
624585,967,0.44507113,0.6141478,0.38609207,84.72455,11.156347,6.4889727
624636,968,0.44861567,0.67198765,0.40230402,79.65141,8.897877,5.1299357
624641,969,0.5420066,0.6677664,0.38671985,83.21459,11.532998,1.3810335
625329,970,0.5288282,0.67539793,0.3967416,84.31542,9.15177,-1.1974351
625510,971,0.4599624,0.6309656,0.37624088,80.83035,12.742588,3.838224
627500,972,0.48341572,0.6406013,0.3854666,82.10216,9.355344,2.4055185
628329,973,0.51165193,0.679129,0.42040578,83.98516,5.4213233,1.3067979
628336,974,0.48668316,0.70708567,0.42641607,80.78389,9.61297,6.0555353
628338,975,0.43226668,0.6506791,0.38314086,79.657455,7.360798,2.7090507
628356,976,0.41931,0.6271529,0.39810094,84.50067,9.563873,7.610209
628450,977,0.49459723,0.61675715,0.3674888,83.4765,9.853807,-0.93231875
628451,978,0.49033093,0.6687672,0.39026842,82.4154,11.530783,3.496608
630105,979,0.43718177,0.7140855,0.40003833,82.16793,12.2583065,0.45882556
630111,980,0.6218318,0.63878214,0.38072258,85.35628,8.078018,0.75526124
640447,981,0.43887818,0.60653794,0.35398138,80.57415,11.544779,-0.28331023
640449,982,0.40486804,0.57571864,0.3382541,80.53934,7.215548,5.4333487
640457,983,0.45019257,0.6579139,0.38352656,83.271706,15.088908,4.433306
640458,984,0.50399274,0.6283385,0.3748472,80.45363,11.360433,4.731418
640459,985,0.49741372,0.6372278,0.3822262,82.42521,10.76898,3.0351284
640460,986,0.49472862,0.6336646,0.3727593,82.75295,10.313871,0.44962788
640461,987,0.50798315,0.6175535,0.3592944,84.112236,7.619184,0.79588234
640492,988,0.55133814,0.66945845,0.38520277,83.42854,9.482799,-2.5718505
641313,989,0.5523227,0.67241997,0.3860871,83.46925,7.8463936,-1.4800464
641319,990,0.44597948,0.64780736,0.37749678,79.295105,11.362188,3.3115406
641343,991,0.4465954,0.6065543,0.36418962,81.556656,9.520783,4.0945916
641355,992,0.4772541,0.6568209,0.3979208,84.69893,13.190926,5.7866845
641432,993,0.46555844,0.7385016,0.4607519,83.751656,11.576445,7.07035
641470,994,0.41473454,0.5389112,0.33306724,81.49765,10.861474,4.4246426
641477,995,0.49326336,0.5945692,0.35154215,82.233345,13.69548,2.1552844
641487,996,0.40587088,0.69861305,0.4121987,82.22304,7.445124,-0.23743154
641505,997,0.3933523,0.6113624,0.3636022,79.84886,7.1503,3.600932
641511,998,0.47100967,0.6291857,0.35410297,79.217094,11.585914,-0.47901547
641512,999,0.48065063,0.60937506,0.35739556,80.8448,11.023678,3.1532621
641513,1000,0.43178552,0.5921018,0.36872005,84.28401,11.689932,1.7470449
641525,1001,0.49918658,0.57897013,0.34986106,83.05311,10.994328,1.6349994
641531,1002,0.47462982,0.6418673,0.37147415,83.08078,11.3703985,3.7604272
641553,1003,0.48508364,0.6219306,0.3628293,81.49022,12.111147,2.8107896
641561,1004,0.5121178,0.6336365,0.3712804,81.67515,12.156086,2.5353408
641583,1005,0.5050692,0.6623969,0.3988053,83.38592,10.397055,1.4301101
641584,1006,0.46737605,0.6453374,0.37455434,80.66122,12.317694,2.897202
641598,1007,0.36637682,0.62603396,0.37502992,83.049736,12.780024,7.437924
641645,1008,0.37523115,0.71677154,0.40786603,81.12008,5.926614,-2.0552564
641658,1009,0.4201386,0.6302647,0.38141465,80.25656,10.420049,-0.113320634
641680,1010,0.4951088,0.6894246,0.41240254,83.451935,10.716439,5.6807795
641684,1011,0.45500433,0.5656234,0.33892336,81.82575,13.985488,7.0227013
641741,1012,0.45972258,0.6428132,0.38644207,80.85284,9.265888,3.4130924
641779,1013,0.4258797,0.61952126,0.35873947,82.50716,11.236017,2.264369
641786,1014,0.44913158,0.5580962,0.36248356,83.32772,10.617201,0.3527966
641796,1015,0.4399742,0.6971864,0.39020532,81.72633,15.589078,4.2955117
641820,1016,0.49657562,0.63433504,0.39349848,84.943375,7.1684365,2.8625987
641829,1017,0.47274876,0.59814143,0.3613603,82.41723,10.154367,3.893436
641856,1018,0.4495156,0.6314062,0.35831946,81.32534,12.577271,3.641193
641857,1019,0.47944435,0.57474697,0.3187307,84.647,10.405535,-1.8255801
641878,1020,0.48393548,0.62363696,0.37033942,80.72263,11.276604,2.7421043
641914,1021,0.5029337,0.6455284,0.38047087,83.99313,5.9331713,-4.119844
641924,1022,0.49108148,0.581714,0.33398077,82.55513,15.17692,2.026647
641929,1023,0.44609815,0.59600604,0.3626351,81.6172,10.66238,2.1424973
641933,1024,0.47371787,0.57928514,0.35568157,84.16299,14.243795,4.474085
641943,1025,0.49078253,0.64212567,0.3826781,83.03848,7.9068713,2.832618
641958,1026,0.5242018,0.6708409,0.3965167,82.00154,10.411647,1.2652234
641999,1027,0.4749437,0.62008095,0.37236604,82.07165,9.828372,2.1557932
642020,1028,0.5258172,0.6259166,0.36883754,83.49991,8.112275,0.76527995
642082,1029,0.44109175,0.54400134,0.32042927,80.02952,10.133238,4.389884
642086,1030,0.49744752,0.6663845,0.40367255,83.5511,12.052915,3.3639371
642094,1031,0.47687957,0.6193447,0.37401062,81.1119,9.684932,3.0995314
642133,1032,0.45903775,0.68394655,0.42712522,85.6481,11.615197,3.475723
642136,1033,0.44437256,0.5638514,0.33998206,81.85377,8.982952,1.0499004
642137,1034,0.4769759,0.60836184,0.37447253,82.90795,9.423888,2.2747552
642156,1035,0.45656317,0.6260121,0.39171502,79.82966,5.974012,2.7834713
642162,1036,0.524225,0.6324131,0.34332374,82.198944,16.485792,-0.63402116
642165,1037,0.3791912,0.6100162,0.38170972,80.78725,12.0134535,4.5505114
642180,1038,0.44907764,0.6475746,0.3820872,79.970184,8.360981,1.5753433
642201,1039,0.45851672,0.57184374,0.3244592,80.427284,9.741274,1.9088027
642211,1040,0.47588325,0.5960476,0.3722033,83.91947,4.688949,1.7244325
642215,1041,0.45536038,0.5911516,0.3531681,81.52205,11.034815,4.259668
642221,1042,0.49478185,0.66658205,0.4024611,81.03503,6.4962316,-0.04050238
642336,1043,0.5920549,0.7430123,0.4265661,83.8653,15.4115095,6.8943586
642350,1044,0.51244056,0.5909933,0.35766533,84.87458,15.110318,3.108707
642423,1045,0.50999916,0.7005331,0.42077008,80.06453,4.9003487,0.44623482
642451,1046,0.48528972,0.6338785,0.3806282,82.074326,10.19287,2.8807406
642456,1047,0.4851463,0.682436,0.39067376,82.11566,7.2750664,-2.3137383
642707,1048,0.44748268,0.6630092,0.41025963,80.04335,8.219444,1.6987545
642708,1049,0.52075225,0.698069,0.42857403,84.35581,7.8265996,-1.2654499
642715,1050,0.46784052,0.60379624,0.3498829,82.065956,12.225341,4.1467543
642721,1051,0.4247188,0.597391,0.38615477,82.86972,1.2623982,2.8521206
642727,1052,0.3979831,0.6173621,0.37663105,80.29142,8.544877,2.6603708
642731,1053,0.48808149,0.6985814,0.40683916,82.22126,9.487649,6.1739416
642736,1054,0.5163352,0.68627024,0.39351073,79.976746,11.949183,4.449875
642772,1055,0.43457118,0.5824871,0.35566,80.87267,9.371068,3.5016892
642851,1056,0.41019812,0.6528198,0.40002236,80.60073,8.300272,4.7346654
643217,1057,0.4902568,0.69298744,0.40665564,83.18542,11.646248,-0.12889552
643265,1058,0.47013456,0.6729515,0.3943894,85.420815,8.045534,-0.78500295
643269,1059,0.4841435,0.63816345,0.37487027,80.95688,8.776287,3.6188462
643271,1060,0.46765596,0.6211328,0.37488332,82.01781,10.000385,3.2061813
643275,1061,0.5009996,0.64189905,0.38027212,82.25816,10.621957,1.972927
643289,1062,0.5600249,0.735875,0.418338,83.38695,12.53882,0.9660331
643335,1063,0.38567522,0.7253706,0.45151174,79.42308,4.470534,-0.20821826
643348,1064,0.4293595,0.5564353,0.3375397,81.47855,10.414773,2.984009
643376,1065,0.43985274,0.6662039,0.3870719,82.5962,16.81945,6.0509796
643393,1066,0.4537381,0.7271553,0.4176806,79.27,11.9861355,5.0194683
643396,1067,0.4366779,0.7608829,0.44682714,82.10003,4.6042886,0.9680601
643414,1068,0.48160574,0.6330768,0.37912723,82.05039,9.71976,2.416983
643418,1069,0.44813612,0.6215612,0.37930518,81.65808,6.127996,0.62326616
643436,1070,0.4512023,0.6190394,0.35696557,83.12523,9.739537,0.60775733
643446,1071,0.5598458,0.712531,0.3926762,81.655136,12.47857,3.1257865
643524,1072,0.5325447,0.690422,0.42606264,83.08074,11.282724,5.430911
643565,1073,0.4198592,0.5939769,0.33766997,81.085884,9.37853,-4.227545
643603,1074,0.4037674,0.6598005,0.39239326,82.981064,13.935896,3.0540795
644337,1075,0.4458664,0.6142076,0.3584197,80.52799,11.499636,3.0793653
644374,1076,0.4806762,0.6334211,0.36907127,82.19357,11.254653,4.2982326
644433,1077,0.49735108,0.6482021,0.39804956,82.62378,11.262108,3.941807
645277,1078,0.5893595,0.69118094,0.3902224,84.14989,17.088562,5.599461
645302,1079,0.48585117,0.6505041,0.38154945,79.90811,14.066375,3.7960868
645305,1080,0.5003627,0.6315851,0.3831324,82.58246,9.256396,1.7818674
645444,1081,0.38230044,0.64103895,0.391525,79.00886,6.213505,0.60057324
645801,1082,0.41249707,0.61463493,0.3899436,82.09557,9.02142,6.9159975
645848,1083,0.50770086,0.65833324,0.39859048,83.09934,9.883529,1.702657
646240,1084,0.5347384,0.67078817,0.40140164,88.51971,12.92005,1.7547861
647304,1085,0.53080267,0.72807735,0.44552636,84.75409,7.0741982,5.343711
647351,1086,0.45648324,0.6986034,0.4027327,82.2844,11.901186,0.35227448
648717,1087,0.55412585,0.63155323,0.36034924,82.13614,14.370568,3.7561333
649557,1088,0.5092129,0.6863565,0.4247954,83.32781,10.3228655,7.7293534
649966,1089,0.42553866,0.66233397,0.37888768,82.79287,13.184004,5.128156
650331,1090,0.4913259,0.6739288,0.40690392,84.0035,14.545259,5.9152637
650333,1091,0.4369096,0.8080479,0.45850965,82.79094,10.815922,-2.7106774
650339,1092,0.52352625,0.61118674,0.36128637,82.423874,9.261517,0.47746244
650391,1093,0.5267538,0.65129906,0.42562628,85.66251,6.738113,3.29144
650402,1094,0.47395128,0.6431197,0.38395897,83.72757,14.787338,1.756788
650489,1095,0.55105835,0.6575421,0.3814392,81.93572,10.475035,0.17740132
650490,1096,0.42189416,0.68774766,0.41683894,84.893936,4.9262104,-1.9717544
650559,1097,0.50478166,0.66876984,0.40857294,84.812706,10.641514,2.3611422
650619,1098,0.42593503,0.5734526,0.34811983,81.7731,6.836526,1.448776
650813,1099,0.4716845,0.62186193,0.37447467,81.84877,9.888953,2.7214692
650859,1100,0.49710035,0.6835411,0.41966102,82.82359,7.776863,3.9870713
650907,1101,0.5198836,0.58980304,0.33943465,84.360916,14.239287,-0.6395249
650968,1102,0.59003055,0.7283219,0.44196123,82.65175,11.344512,4.8810353
655316,1103,0.38868427,0.6559651,0.37367302,81.0807,13.10532,0.3738878
656024,1104,0.4804865,0.681155,0.4133848,81.07366,10.351993,6.0526724
656180,1105,0.4442492,0.6528049,0.35963163,83.83337,11.898226,2.7287035
656185,1106,0.45040634,0.626442,0.3911167,80.60228,8.798978,2.8520427
656248,1107,0.4202614,0.6276271,0.37361374,82.71366,11.368303,5.4409814
656252,1108,0.50072634,0.57170117,0.3587262,83.79828,8.079372,3.5354
656305,1109,0.41619068,0.61804515,0.37255323,85.243065,14.057627,4.583948
656308,1110,0.5289479,0.6096866,0.35237116,82.79015,10.294279,1.1396286
656364,1111,0.45335704,0.6113783,0.3640277,81.8419,10.936202,0.71904516
656371,1112,0.41352022,0.6141575,0.38310033,82.43887,8.57727,6.2410364
656388,1113,0.46636456,0.6253864,0.3704107,81.29819,11.22476,3.4532
656403,1114,0.41048583,0.5997679,0.3427395,80.85617,15.015928,4.6581764
656413,1115,0.47074488,0.554381,0.32960662,80.39625,10.536858,7.1325946
656448,1116,0.5040843,0.61841774,0.3769767,83.26997,12.249244,4.085669
656467,1117,0.45549628,0.5871354,0.36189324,83.88734,8.270349,1.6710548
656484,1118,0.47925037,0.6205174,0.3765007,82.42073,11.053638,4.3629723
656494,1119,0.48155352,0.6224603,0.3729244,82.22836,10.47138,2.8781528
656495,1120,0.47468686,0.64909863,0.39044288,81.28403,10.449456,0.23894468
656509,1121,0.44980508,0.57775444,0.3540121,82.27149,5.594099,0.7763714
656514,1122,0.46668062,0.63585573,0.38373208,81.61436,5.523967,-0.45018274
656537,1123,0.49152187,0.6231512,0.37852988,81.92405,8.406965,0.38006935
656541,1124,0.44289592,0.55042446,0.36372882,83.9528,10.639118,4.8926287
656555,1125,0.40124726,0.63610107,0.36336178,83.29793,16.099943,7.1023927
656568,1126,0.495041,0.6475341,0.38731244,82.29412,9.972461,2.021402
656577,1127,0.52251536,0.5487805,0.33085126,83.88147,16.501476,5.1028047
656582,1128,0.39456567,0.64906657,0.37602305,79.66384,11.350368,1.6314073
656627,1129,0.4409103,0.63684267,0.38505164,80.95812,7.9308205,1.5287805
656669,1130,0.44805855,0.5897513,0.33810726,81.400055,13.2868805,5.8346596
656695,1131,0.48988336,0.6164939,0.36989924,82.78065,8.933591,2.366795
656716,1132,0.45399085,0.68288475,0.38624167,81.95205,12.110874,-0.08813537
656775,1133,0.4688564,0.6903082,0.4102967,83.656456,13.786674,5.269247
656811,1134,0.46378973,0.64386475,0.38237914,84.07239,7.805009,3.8888469
656821,1135,0.4625362,0.606813,0.36789224,82.90695,11.0249,3.061463
656847,1136,0.55474013,0.58635706,0.34581164,83.32724,11.00305,3.1291056
656883,1137,0.48719078,0.64216954,0.38216317,82.676834,10.456735,2.501936
656896,1138,0.47362226,0.6443355,0.37951288,83.083206,9.567499,1.9294741
656941,1139,0.42281353,0.6080398,0.38028452,84.82336,11.317796,6.2410517
656976,1140,0.4215113,0.68495536,0.42350215,81.745766,7.7394304,3.890616
657011,1141,0.46822843,0.6302271,0.37456137,81.897545,9.045264,2.3905056
657041,1142,0.4108141,0.6705544,0.39583135,83.15592,11.529148,4.448077
657061,1143,0.454452,0.6281906,0.39360285,80.74778,5.8167205,1.3712507
657077,1144,0.44267565,0.72171104,0.4228584,83.49291,6.6218123,1.5437318
657088,1145,0.4287988,0.6462197,0.38579282,81.57794,9.6292715,1.3968673
657108,1146,0.44790053,0.57481176,0.3501803,82.50237,11.808154,3.9020717
657129,1147,0.46313843,0.6167395,0.37196434,82.18112,9.690301,2.3716981
657136,1148,0.48849896,0.6295988,0.3708244,83.258026,12.777955,2.3801165
657145,1149,0.35668543,0.6191532,0.37211043,81.30917,8.622102,-0.5152396
657193,1150,0.47733986,0.6575338,0.38547185,81.89185,10.198302,3.0158708
657247,1151,0.4665311,0.5761216,0.34771296,82.417656,13.153032,3.1974225
657434,1152,0.47853357,0.5736306,0.34364453,82.00508,13.69817,5.1220574
657524,1153,0.47965395,0.6317732,0.37818646,82.17222,10.253945,2.5480971
657557,1154,0.49277014,0.6278844,0.35940534,81.48333,14.265407,3.915023
657656,1155,0.43244126,0.63244075,0.36314294,82.305115,10.706776,3.1097736
657658,1156,0.42042044,0.6380114,0.3793381,81.41414,9.521447,0.7283977
657709,1157,0.41896477,0.676137,0.39800406,79.24335,9.615123,-1.0058441
657757,1158,0.4567431,0.6691598,0.41630727,82.85922,9.235721,4.6297855
658069,1159,0.5852838,0.6681309,0.37664905,82.44085,14.472506,1.5454814
658668,1160,0.4792945,0.67115676,0.3956547,82.46839,8.489694,5.353513
660162,1161,0.43282932,0.6131609,0.36444843,83.972534,9.897236,3.207601
660271,1162,0.48757008,0.6241064,0.37520006,87.34213,9.027576,2.6214712
660294,1163,0.42471594,0.6389131,0.3738569,82.799736,11.376594,-0.6829614
660620,1164,0.4145531,0.6773936,0.41902483,82.41388,11.904175,4.685174
660634,1165,0.360831,0.6848094,0.39423472,78.451904,2.8629243,-2.0405045
660636,1166,0.43161032,0.66033715,0.41817248,81.98109,11.082775,4.922461
660644,1167,0.5078661,0.67074823,0.38507727,80.98101,10.606261,4.5184565
660650,1168,0.4876444,0.535669,0.32631025,81.844894,11.705404,4.501054
660670,1169,0.4655723,0.65041167,0.37924787,87.10331,12.353566,1.7262266
660688,1170,0.519912,0.77807224,0.4902026,82.45934,12.688591,6.244797
660707,1171,0.5066235,0.63162583,0.39941585,83.29806,9.533676,2.82965
660731,1172,0.48468,0.59915316,0.3730078,84.12566,9.6433325,3.5107682
660757,1173,0.5677222,0.68264824,0.41356313,86.215576,7.881331,0.30666164
660766,1174,0.5022813,0.65388304,0.3719573,82.19435,14.486172,6.558429
660821,1175,0.4924349,0.65004015,0.38331553,84.89018,7.7036195,-1.5816076
660829,1176,0.3718472,0.6223822,0.37791094,80.01886,10.442277,3.653714
661388,1177,0.44969684,0.6185326,0.39193395,85.833694,5.948378,3.674686
661531,1178,0.51573724,0.6456137,0.3696872,81.19465,15.547453,5.5333447
662139,1179,0.47100276,0.65770835,0.38155305,82.36502,15.279022,3.5308502
663330,1180,0.42598292,0.59503627,0.3570796,81.751366,11.378969,4.5682607
663368,1181,0.33715355,0.6186456,0.3808219,80.40899,10.012585,2.7032568
663411,1182,0.46546736,0.61051077,0.36709598,81.66159,11.046244,3.7181356
663457,1183,0.37751126,0.64183325,0.42097783,82.71037,6.3948035,3.620634
663478,1184,0.4715835,0.61417973,0.37341684,82.14686,9.966795,3.3496382
663527,1185,0.44317147,0.6509312,0.38362205,82.284676,9.385323,1.3203439
663538,1186,0.47008508,0.76285285,0.45748663,82.27524,9.374867,-0.05831338
663550,1187,0.55871016,0.5761477,0.3556975,83.1642,7.518111,3.331184
663586,1188,0.5123735,0.62029153,0.36735708,85.66005,12.222105,1.7382444
663609,1189,0.43301862,0.5908968,0.36328816,83.26082,8.837477,4.3597913
663611,1190,0.42972118,0.8120621,0.47335687,81.944466,5.1822824,-5.224459
663616,1191,0.42947748,0.572151,0.3695873,82.909065,8.400936,6.5853186
663624,1192,0.5523659,0.6402292,0.37881464,85.07978,10.970273,-2.4483325
663630,1193,0.454771,0.5555314,0.34057575,82.29926,9.102855,1.221745
663647,1194,0.437229,0.70581776,0.40641356,84.83215,9.055181,-4.2923675
663656,1195,0.5051954,0.685142,0.41127473,84.27211,10.424236,2.6797092
663662,1196,0.45355523,0.6262111,0.37333485,83.16515,7.474292,-1.7344234
663697,1197,0.38049084,0.67355084,0.40530705,81.867805,11.970475,4.829497
663698,1198,0.46802473,0.6170865,0.3699551,83.54319,12.971164,3.687229
663728,1199,0.51618713,0.626312,0.377186,84.09433,15.2426405,7.944596
663731,1200,0.47571844,0.61270595,0.3665937,82.088844,10.4917555,2.910048
663743,1201,0.4529642,0.68530494,0.43010578,82.98907,9.234899,5.805002
663757,1202,0.38254395,0.6186279,0.36847454,82.70463,12.052242,2.4860444
663796,1203,0.535357,0.63380796,0.36415052,81.59507,12.803443,0.5762058
663799,1204,0.44837642,0.65485096,0.38647753,82.67669,11.402629,4.338404
663837,1205,0.42809805,0.71222126,0.412065,84.32975,7.945074,-2.3430922
663845,1206,0.40182838,0.6140044,0.34826624,82.555115,7.8111057,-1.8953174
663853,1207,0.5011755,0.60601366,0.38042516,84.82896,5.3379474,-0.20927499
663886,1208,0.40462852,0.6158869,0.37360346,81.32748,5.8185925,2.6078207
663897,1209,0.46053508,0.627943,0.3707174,80.79683,12.226584,2.2878377
663898,1210,0.50334376,0.65730613,0.39016038,83.55873,6.7605133,0.0142715685
663905,1211,0.50797987,0.6475784,0.39985546,83.0895,8.592816,5.349908
663911,1212,0.46023986,0.613583,0.37415826,81.88397,9.202529,4.2746115
663967,1213,0.4901235,0.62549424,0.36874846,81.20335,11.806711,3.0922012
663993,1214,0.44102767,0.64935887,0.37095097,84.07177,3.058611,-4.354273
664011,1215,0.4624536,0.62927157,0.3784479,82.00786,9.683271,2.6987586
664023,1216,0.46113738,0.58687264,0.37718904,83.23293,8.967538,-1.1654148
664029,1217,0.39779118,0.57574326,0.34486383,81.365814,9.370229,-1.4069067
664034,1218,0.494141,0.691428,0.3656093,82.354385,10.838961,0.93235046
664040,1219,0.5357351,0.59313405,0.35075054,83.95674,14.249257,3.8191705
664041,1220,0.47172552,0.55604625,0.3456245,83.2629,8.880479,-0.16381095
664056,1221,0.44674593,0.6616991,0.38251635,81.98614,13.138299,5.0659976
664057,1222,0.48409054,0.62993056,0.38080132,82.80834,5.027214,0.4657627
664058,1223,0.4141861,0.7843448,0.4807818,78.54855,8.512958,2.8567104
664059,1224,0.4665979,0.5910298,0.35694015,80.15036,9.396662,2.765556
664068,1225,0.49870247,0.61879337,0.35355097,82.52527,15.636729,1.5950414
664119,1226,0.50878996,0.62544465,0.3723048,81.497314,11.846265,4.6946816
664167,1227,0.47567216,0.6351465,0.3767516,81.7322,9.322742,0.7367214
664238,1228,0.403529,0.62243384,0.36244226,82.26306,14.65017,2.3180468
664247,1229,0.46017414,0.608177,0.3723119,83.00638,11.674431,5.950621
664314,1230,0.46905953,0.55509853,0.34335852,81.24622,8.345185,3.8120542
664334,1231,0.472731,0.62788045,0.379931,82.29196,7.7783093,1.6044408
664670,1232,0.4858635,0.6976742,0.39969438,79.44577,9.356376,0.37624368
664702,1233,0.37823334,0.751475,0.42316577,80.5505,8.70366,-3.5237432
664728,1234,0.4493552,0.68609154,0.41022885,83.06175,8.370823,3.8827748
664731,1235,0.41629064,0.6406216,0.37311378,80.91643,10.397116,-0.28814277
664761,1236,0.4864145,0.69959843,0.41505715,85.07848,6.766603,-1.9507532
664770,1237,0.48463854,0.6633671,0.38661298,81.974655,9.333972,0.29912168
664774,1238,0.41982445,0.65686715,0.3693554,82.5435,16.09544,3.6063733
664789,1239,0.44504976,0.5948185,0.34833995,81.171455,11.029516,4.510758
664842,1240,0.4461744,0.6446009,0.38351384,81.71535,10.536303,2.3749263
664848,1241,0.46193868,0.62959903,0.37570655,81.9441,9.900313,2.3084013
664850,1242,0.48498976,0.6968055,0.41207394,80.40769,13.115326,10.017742
664869,1243,0.47740883,0.6401089,0.3820669,81.40777,9.223543,2.4213135
664874,1244,0.50274754,0.56015843,0.32715553,82.19867,14.694949,3.6375039
664901,1245,0.40751573,0.65697587,0.38865283,81.18527,9.2160015,1.1629615
664913,1246,0.47023913,0.6116405,0.3778048,82.454346,13.25736,4.8981433
664926,1247,0.50932103,0.6092319,0.344405,82.04104,15.019423,1.860672
664954,1248,0.48842424,0.67656255,0.4003509,81.28106,12.689865,4.2465286
664983,1249,0.4862185,0.6373186,0.38752064,80.11386,6.780507,2.5214028
665019,1250,0.45880625,0.6383088,0.3771684,83.14143,13.587262,5.4644814
665066,1251,0.48260668,0.62585753,0.37483087,82.09204,10.083905,2.525588
665120,1252,0.4811494,0.6514978,0.39953646,85.28489,7.240745,3.0592139
665154,1253,0.44800666,0.61978704,0.3732415,81.067444,6.6082616,1.2230452
665155,1254,0.4550854,0.61028224,0.3624404,81.28577,11.415805,5.845785
665161,1255,0.5128098,0.66020733,0.40561426,82.30639,4.571371,4.3701644
665482,1256,0.42135373,0.65438926,0.3937672,82.63098,2.2047515,-1.6822503
665487,1257,0.51759607,0.60990757,0.3850736,86.08018,9.977704,4.431536
665489,1258,0.48536217,0.6724324,0.4332772,86.51373,7.7298446,3.7312987
665506,1259,0.48531878,0.5976187,0.38122755,82.291275,4.653343,5.4097185
665561,1260,0.4904418,0.709144,0.4216178,81.294685,11.445963,1.3789629
665650,1261,0.46383697,0.60558045,0.36340174,81.60155,7.593615,0.8927192
665742,1262,0.3958633,0.61906564,0.39344093,84.372154,7.0757136,2.187248
665750,1263,0.4707482,0.6372157,0.40839276,82.913795,5.9047213,-2.890497
665759,1264,0.47700706,0.6275547,0.37541175,82.14823,10.154661,2.4907389
665804,1265,0.43305334,0.6118207,0.3695844,81.71507,12.526555,6.336466
665828,1266,0.48813245,0.65471995,0.38155204,82.24128,12.284783,1.4083039
665833,1267,0.4301679,0.6539,0.447026,86.17849,8.421928,5.492254
665839,1268,0.43420324,0.65553343,0.39393607,82.586136,11.078997,3.8888521
665861,1269,0.48665303,0.62802076,0.3679619,82.15676,12.868939,4.208781
665862,1270,0.46284178,0.62464046,0.39490363,84.79414,8.849224,4.470861
665877,1271,0.41460365,0.7019685,0.41355285,80.46364,10.843972,4.6880174
665922,1272,0.4740304,0.6486187,0.388698,82.09571,8.427086,1.3881009
665923,1273,0.4826245,0.68300927,0.39459994,79.01567,10.098941,2.3482397
665926,1274,0.53286487,0.6692861,0.39869195,83.38229,10.4525175,3.6461463
665947,1275,0.44966725,0.58087575,0.35875106,81.93503,6.797162,1.679343
666018,1276,0.43786737,0.66438174,0.37827533,83.62255,11.946007,-0.8595973
666023,1277,0.51925236,0.63076866,0.37159678,82.16585,12.139896,2.3477054
666128,1278,0.4646553,0.6297643,0.37842423,82.347015,9.345251,2.1238399
666134,1279,0.4180217,0.6236562,0.37499607,85.020134,12.021088,1.5900462
666135,1280,0.4980008,0.68263453,0.41204083,84.39361,8.241971,0.7508613
666137,1281,0.46213022,0.5761922,0.35233352,82.16622,9.704944,2.6277137
666139,1282,0.50017375,0.6166621,0.36020124,83.75617,10.728069,-2.5545154
666149,1283,0.44709614,0.61037004,0.36976972,81.58861,10.729321,3.2944736
666150,1284,0.4811741,0.6968179,0.40169972,82.50714,8.846691,-1.9588481
666152,1285,0.4085164,0.65035576,0.39102405,80.32038,9.470064,2.3251798
666158,1286,0.43887064,0.64427114,0.38984883,81.57433,7.376949,3.2887857
666160,1287,0.58042175,0.6063325,0.36996883,83.10823,14.381872,4.490418
666163,1288,0.42359492,0.59717995,0.38048944,81.95111,9.643156,3.9266455
666164,1289,0.5174995,0.6484142,0.3953482,82.49861,6.785062,1.1722512
666165,1290,0.49539447,0.54579395,0.3437606,82.02577,9.920096,4.162012
666176,1291,0.48681402,0.60665286,0.3636207,84.0372,12.069866,3.3250937
666179,1292,0.5250094,0.65417767,0.37903455,82.473465,10.734381,1.4530286
666181,1293,0.42155164,0.5560099,0.3436023,82.188515,7.520601,5.4626307
666182,1294,0.5488105,0.72069716,0.3836374,86.43786,8.00253,-4.609142
666185,1295,0.44100237,0.6292847,0.38398328,81.327286,11.1247225,1.9095695
666197,1296,0.45028,0.5997651,0.36163926,82.41528,12.235114,4.0470405
666198,1297,0.45267916,0.6424086,0.3779818,80.733185,8.984308,3.3798304
666211,1298,0.47972795,0.5529102,0.33986506,81.48264,10.02946,6.8319817
666213,1299,0.44614685,0.65888184,0.38657972,81.49121,8.901337,0.95786023
666310,1300,0.44409314,0.6565209,0.36883906,83.38945,14.558318,1.5557412
666397,1301,0.36365563,0.54678696,0.345841,80.962204,5.8634124,1.9619627
666464,1302,0.528945,0.5816868,0.35453275,83.88401,9.059586,-1.7986329
666560,1303,0.44597912,0.58057725,0.3510335,82.7922,10.374596,4.8942857
666561,1304,0.44518295,0.63717604,0.38399246,80.37276,8.970282,3.134829
666624,1305,0.48852143,0.55542594,0.3536945,84.1716,12.711758,4.550058
666703,1306,0.44599536,0.6377832,0.3897003,81.14372,8.566066,3.6025772
666783,1307,0.47703156,0.62701523,0.3755421,82.12539,10.0833025,2.5373216
666801,1308,0.47994003,0.5913338,0.35201862,81.76358,5.1656775,8.7180395
666906,1309,0.47220612,0.6844954,0.40366647,83.093605,8.738336,-0.12570229
666915,1310,0.48166367,0.5679131,0.35018244,84.7766,10.769334,1.548147
666922,1311,0.51396173,0.5925586,0.35529262,82.45396,10.142961,2.7831845
666931,1312,0.501628,0.6304167,0.37825957,81.81008,6.722279,3.5982585
666969,1313,0.5190905,0.63602173,0.3988896,86.39309,12.894665,4.3556905
666971,1314,0.50248724,0.6855308,0.43637884,85.11938,10.249969,3.6993346
667452,1315,0.44777307,0.6706296,0.3885139,81.840546,12.040626,-0.40169033
667472,1316,0.46389908,0.6618851,0.39970484,84.99098,7.676989,0.27911383
667670,1317,0.4609796,0.58288413,0.33961958,84.71647,14.154456,4.396846
667727,1318,0.49755722,0.64747,0.38166165,82.26883,10.787644,1.9053493
668227,1319,0.44391394,0.65105647,0.4055934,86.3798,10.649213,5.023127
668472,1320,0.4286361,0.5911814,0.3601618,81.60314,12.439324,2.625129
668663,1321,0.50788724,0.6775501,0.3915703,79.48723,10.854451,3.146628
668670,1322,0.4177284,0.58733296,0.35541737,82.20098,12.146093,4.97288
668683,1323,0.47131464,0.62842655,0.37612954,81.91875,9.770689,2.1972873
668709,1324,0.44256073,0.6003377,0.35877147,80.69269,15.060768,5.1220503
668715,1325,0.411222,0.6388101,0.3626814,82.19272,13.97903,1.9529479
668721,1326,0.4907904,0.6172242,0.36712646,82.37103,7.293468,-0.92892534
668723,1327,0.48690698,0.62788683,0.37789932,81.890205,9.555057,2.8573654
668731,1328,0.45076376,0.6110462,0.3588345,81.725,10.196572,0.24397922
668751,1329,0.51134753,0.67047024,0.4003371,82.45191,9.321286,4.4056096
668800,1330,0.501015,0.681402,0.39478755,83.15229,13.364592,0.31160602
668804,1331,0.489756,0.6177361,0.3634732,82.95775,8.176465,2.5759711
668843,1332,0.42582348,0.62785643,0.3849344,80.941,7.6289454,3.0255163
668901,1333,0.50583416,0.61715883,0.39514259,85.96486,7.6040545,4.1762204
668904,1334,0.47566104,0.6521807,0.40220702,84.66127,11.082021,5.6846366
668930,1335,0.4374289,0.6664489,0.3861509,81.04744,10.019844,-1.7512931
668939,1336,0.4035523,0.70152956,0.4049386,81.86043,10.847645,1.9180709
668942,1337,0.41764838,0.6406266,0.39205927,81.11937,8.438633,0.7322928
668952,1338,0.4366426,0.5956868,0.3643683,80.48663,7.498572,3.3155115
669003,1339,0.44874638,0.5801236,0.34474194,82.73993,8.076752,0.0700927
669004,1340,0.46645147,0.63157386,0.37186176,85.67533,10.1172085,4.728991
669008,1341,0.49529043,0.64440036,0.38021365,82.50021,9.566879,0.8900644
669016,1342,0.44596273,0.640017,0.35920897,84.0355,11.510902,-1.0952775
669023,1343,0.47034216,0.60152745,0.35840133,81.40822,13.28685,2.8491175
669065,1344,0.5219155,0.6037286,0.3684646,82.95511,8.419974,3.5378819
669087,1345,0.50433517,0.5676073,0.35771924,84.11608,8.197069,1.2915112
669127,1346,0.48554274,0.60646224,0.36895946,84.3116,15.603438,5.397642
669134,1347,0.5288943,0.70687795,0.4203593,83.787506,11.895672,3.2087831
669200,1348,0.4783418,0.6209625,0.37202448,82.231125,10.415307,2.2045028
669221,1349,0.4577464,0.65254974,0.38533923,84.26247,8.938909,5.4504724
669222,1350,0.49032843,0.6848513,0.3954204,82.23919,11.973578,1.285549
669224,1351,0.5310182,0.6407295,0.38374895,83.18733,10.631405,0.95854527
669242,1352,0.45441607,0.7230953,0.44688305,82.08307,6.953881,2.956115
669256,1353,0.4363919,0.7013115,0.41131133,82.902534,6.513345,1.2292293
669257,1354,0.42086744,0.6801166,0.3817177,83.296,15.331871,0.7003124
669261,1355,0.39677957,0.5933613,0.35016394,83.51263,13.802037,5.5003476
669288,1356,0.50118864,0.5821095,0.35158914,82.37043,12.95978,5.098099
669289,1357,0.4474535,0.7001733,0.42174083,80.43208,10.119362,3.108961
669304,1358,0.5062273,0.66714245,0.4095042,83.694305,12.533486,6.389241
669309,1359,0.4724665,0.6254045,0.3731759,82.04331,10.268826,2.5104835
669352,1360,0.50733083,0.5859888,0.37461942,80.853714,6.284151,4.9564347
669357,1361,0.502063,0.56069326,0.32485947,84.36422,16.619175,2.8904014
669364,1362,0.45411974,0.66717905,0.40042722,80.20487,7.920033,-0.5585182
669369,1363,0.44788083,0.6442984,0.38092566,80.48215,10.653562,2.6609647
669374,1364,0.48668063,0.5397551,0.32959077,85.29966,12.912297,0.9004808
669392,1365,0.46734858,0.63865805,0.3767184,81.40151,10.3624525,-0.04777926
669394,1366,0.5112592,0.6089144,0.37295398,85.096436,10.180629,4.4150825
669397,1367,0.4669243,0.66462594,0.38339606,78.91202,7.694255,-1.9999082
669450,1368,0.40463597,0.5941079,0.36886585,81.784515,7.2304335,4.8105235
669477,1369,0.52694553,0.6635716,0.4059513,83.36134,11.396442,1.3250674
669699,1370,0.49313965,0.6288209,0.38174012,82.6927,9.349164,3.1636446
669701,1371,0.40835017,0.662438,0.38278288,82.183205,11.268414,2.3811584
669707,1372,0.44444776,0.6240367,0.37623945,81.64142,10.927527,1.9792812
669720,1373,0.48243058,0.6824299,0.42211518,82.989494,8.707086,4.1309237
669738,1374,0.5118603,0.65608543,0.3845003,82.56148,10.222114,0.6788602
669742,1375,0.49945372,0.63508844,0.38159996,84.396095,11.5457115,3.445613
669743,1376,0.38184714,0.66300637,0.38588178,81.08025,13.440909,6.4306607
669911,1377,0.47877955,0.56781775,0.34553486,81.930954,9.814293,3.9500601
670032,1378,0.45905253,0.7031483,0.4114872,80.94038,2.1682103,-2.7050736
670042,1379,0.5144914,0.572335,0.35007688,83.24705,7.7797017,6.271194
670084,1380,0.43912193,0.6138505,0.3654245,81.20439,10.731876,1.3110669
670097,1381,0.39884692,0.5968601,0.34198895,81.02991,17.824606,4.569466
670128,1382,0.4452216,0.6512708,0.383444,80.8448,10.115164,1.6814771
670148,1383,0.47940442,0.6244636,0.3712989,81.99627,10.277888,1.8190713
670156,1384,0.3580608,0.6444468,0.4020302,80.83019,9.708117,2.415644
670223,1385,0.48400682,0.6085617,0.37304088,83.30489,10.038596,4.6820884
670242,1386,0.48284295,0.5550729,0.34359443,84.04611,11.727188,6.3845015
670276,1387,0.3858928,0.6310992,0.38161704,79.677,6.0795183,1.0718355
670298,1388,0.47528577,0.64047295,0.3830475,82.15227,10.143831,2.179991
670351,1389,0.47176477,0.6478718,0.38644007,83.21259,12.026096,5.781931
670370,1390,0.4427939,0.55550563,0.33945718,82.35582,8.061496,0.9483251
670462,1391,0.48630738,0.6339612,0.37705535,81.93727,10.25758,2.5083656
670541,1392,0.45372197,0.7050365,0.42647374,88.15051,11.085161,1.8438869
670623,1393,0.42614537,0.7070571,0.39999998,81.61356,15.752072,11.338971
670712,1394,0.47723672,0.63288194,0.37203538,82.991356,12.9663,4.7424765
670764,1395,0.41085988,0.626188,0.3693963,79.943405,11.203618,3.3349414
670768,1396,0.42929697,0.6313531,0.36491695,82.02471,10.501175,-1.1072942
670770,1397,0.40609223,0.6708833,0.4027601,80.00826,13.1077585,6.4144955
670869,1398,0.47102252,0.66899437,0.38127306,80.77403,11.923967,1.1407692
671056,1399,0.41016054,0.6236648,0.3703812,83.16169,8.454856,1.765752
671083,1400,0.41676036,0.642602,0.39212847,80.12525,7.2566047,1.8236682
671213,1401,0.41948742,0.6144895,0.38900635,83.42137,10.231906,4.154882
671218,1402,0.48444042,0.6057887,0.364885,82.84783,8.920604,2.0057545
671221,1403,0.49939954,0.61445034,0.35428762,81.210815,10.961017,2.3173754
671250,1404,0.47406885,0.5925271,0.35500234,82.07481,10.584003,3.5631332
671277,1405,0.5263314,0.6772346,0.4452426,82.87665,5.248481,2.4617226
671289,1406,0.46852705,0.7211394,0.41525716,82.40891,7.402214,1.2446321
671732,1407,0.45712975,0.5955779,0.36601037,82.088264,9.559281,1.5959897
671739,1408,0.5270614,0.6755697,0.41616288,85.95627,7.964568,0.2051474
672275,1409,0.43167007,0.6197745,0.38742542,82.907326,10.00509,2.8092544
672279,1410,0.42810702,0.6245303,0.37272424,80.359505,10.518978,4.493643
672284,1411,0.47449914,0.6281517,0.3795163,83.4423,9.278518,4.6503406
672356,1412,0.50712097,0.56964356,0.3643573,84.63274,4.304791,-0.4548105
672386,1413,0.40169775,0.70688236,0.4298543,84.07821,9.634503,-0.0878166
672478,1414,0.5159728,0.6590907,0.38941133,83.37213,4.87189,1.7758112
672515,1415,0.41749963,0.7038038,0.41080293,84.69263,7.737615,-2.625977
672580,1416,0.4145872,0.67282814,0.40685558,84.44252,6.1445546,-0.6028851
672640,1417,0.44841534,0.6424242,0.38230917,81.721,8.575742,0.6302763
672695,1418,0.3649568,0.69360906,0.41304544,80.10412,7.812422,2.0597534
672701,1419,0.5440038,0.6856057,0.4053871,82.09667,10.331341,4.590254
672724,1420,0.4750201,0.6275524,0.36920235,81.278336,11.017857,5.6304693
672744,1421,0.50284165,0.6126173,0.3650959,82.23141,11.366088,3.7393713
672779,1422,0.45692497,0.6869358,0.42694825,80.73689,7.438897,6.7407074
672820,1423,0.5220769,0.6950309,0.40653184,84.372215,12.028311,-0.123315714
672832,1424,0.48955053,0.62933946,0.37317693,81.99424,9.275613,1.4171004
673237,1425,0.5909214,0.68999,0.41216972,85.69754,11.4438925,3.056732
673357,1426,0.57953966,0.63232493,0.37238815,84.97443,10.935307,3.0663643
673451,1427,0.42519534,0.6587612,0.3796031,82.13519,3.5982008,-2.1918526
673490,1428,0.38973755,0.7035709,0.41421363,82.089066,13.562919,5.181091
673548,1429,0.37863147,0.6579352,0.38414583,83.83689,10.623715,-1.4320409
673962,1430,0.50794077,0.6515404,0.38362256,84.18966,10.564582,2.7681015
675649,1431,0.49533752,0.6549033,0.3911872,82.13937,10.354873,2.297321
675656,1432,0.51082283,0.64292115,0.36877856,83.31871,12.734844,0.77586514
675961,1433,0.47195208,0.5995133,0.3610569,80.47896,10.437782,2.684117
675986,1434,0.4423808,0.61158484,0.36949843,82.649605,6.9166007,1.4755111
676059,1435,0.46038783,0.6186975,0.3893135,83.38586,8.927499,2.5850215
676070,1436,0.47392383,0.65204394,0.3906875,81.75586,9.4655485,1.579515
676116,1437,0.4295708,0.5323991,0.3108748,81.77711,8.049711,6.07597
676356,1438,0.501626,0.6665838,0.39121962,80.24557,11.467598,5.6556582
676369,1439,0.4746029,0.5572562,0.35306972,82.718094,10.917267,4.7546268
676391,1440,0.48977435,0.7410588,0.44971505,82.4617,11.685135,-0.19147791
676475,1441,0.5191438,0.7279971,0.43785405,84.74611,10.391597,2.6500206
676480,1442,0.51554424,0.6041118,0.36567408,81.99724,12.743263,5.6826005
676551,1443,0.47202313,0.6077134,0.36783567,82.18639,9.807495,2.9295268
676609,1444,0.39984754,0.6520691,0.3768944,79.59985,16.801332,5.5140543
676625,1445,0.4553343,0.61666846,0.36602855,82.02053,9.924281,2.1487174
676628,1446,0.54395616,0.5997482,0.3637975,84.311905,10.311762,3.0131836
676632,1447,0.4670047,0.6231885,0.3832022,81.680855,10.019945,2.9466586
676646,1448,0.5200541,0.6426528,0.37774327,82.96559,11.014484,0.74045306
676694,1449,0.4627379,0.6170525,0.37927243,81.13644,7.3941574,-0.55218434
676701,1450,0.4937479,0.6666643,0.3874585,81.643105,12.420641,3.1401446
676724,1451,0.4734242,0.58155656,0.34361574,82.55549,11.759732,2.0801606
676761,1452,0.47609577,0.6478097,0.38649336,81.30131,11.213398,3.3824387
676782,1453,0.4770215,0.612781,0.36602148,82.199905,10.656809,2.5398674
676801,1454,0.47173804,0.6134757,0.36159155,83.29337,12.413885,0.64429975
676882,1455,0.47967705,0.6337766,0.3792806,82.01771,9.781577,2.4006183
676900,1456,0.47896656,0.63391286,0.37830445,81.94631,9.440473,1.635354
676914,1457,0.39656395,0.5595755,0.32866538,81.551094,15.325417,5.127213
676946,1458,0.41867408,0.67667353,0.40933263,81.62311,10.487387,1.6715777
676950,1459,0.42077294,0.649709,0.3948138,80.35812,6.782598,0.9586866
677008,1460,0.48431578,0.631226,0.38856494,83.21294,8.796515,2.105246
677223,1461,0.4716186,0.6233672,0.37292555,82.071144,10.190117,2.4260206
677347,1462,0.45155704,0.59204066,0.3616879,81.24742,6.9694505,3.7704961
677551,1463,0.4767525,0.75302136,0.4453702,84.11951,7.3643446,0.4459152
677587,1464,0.50584614,0.63695604,0.38278797,80.84027,6.7113605,0.52316
677588,1465,0.4161701,0.61447084,0.362508,81.08553,9.39973,0.40605897
677592,1466,0.49697015,0.551768,0.33670756,82.354935,8.73235,4.0674047
677594,1467,0.508809,0.6583562,0.399146,86.15064,8.554023,1.8210692
677595,1468,0.53983384,0.66934985,0.4266757,84.55532,8.156629,4.5803647
677649,1469,0.5123436,0.6640586,0.40043786,85.17087,11.252748,0.5059974
677800,1470,0.4542647,0.60453343,0.3586863,83.63822,12.385572,0.60389644
677941,1471,0.51060784,0.6133369,0.36755162,81.98941,9.046694,1.8627645
677950,1472,0.4874895,0.6862149,0.425474,84.34745,5.7931867,2.0162716
677951,1473,0.5199728,0.68231636,0.40703282,85.544655,13.039331,0.2178426
677954,1474,0.43802598,0.6674066,0.41086787,82.332924,6.8430014,1.2793618
678009,1475,0.4236421,0.6420039,0.38523343,82.32069,11.576199,3.7338398
678225,1476,0.4502188,0.6508999,0.37368116,83.796814,6.249757,-4.0797663
678246,1477,0.43002546,0.64996004,0.37220368,82.13447,14.063679,0.8322185
678545,1478,0.520754,0.6858121,0.41226643,83.95837,4.7029777,0.16271582
678554,1479,0.48829603,0.66488963,0.38647228,81.39993,9.667024,0.8374493
678662,1480,0.56940186,0.6375503,0.3434134,82.92359,13.796201,-3.8037934
678882,1481,0.5342541,0.6205898,0.36903992,83.014694,10.472994,1.1147485
678894,1482,0.47242096,0.6187714,0.3916216,81.921455,5.6895742,3.432938
679032,1483,0.5116675,0.68347055,0.41906074,82.54167,8.705984,2.6133223
679529,1484,0.4393764,0.63804543,0.3779642,83.40081,11.626146,4.9665565
679631,1485,0.4786519,0.6366924,0.37171844,81.5765,8.712075,0.050697863
679845,1486,0.47674933,0.6675116,0.40915498,81.07704,8.20199,2.6900456
679881,1487,0.45469534,0.61904013,0.36300188,82.19653,13.905458,2.9703825
680118,1488,0.4792354,0.6146927,0.3643949,82.58362,9.012283,3.344126
680418,1489,0.466666,0.6124424,0.36196887,81.74481,10.869172,1.3960863
680552,1490,0.46543628,0.605077,0.36437207,82.23815,9.600373,2.8724344
680574,1491,0.38991696,0.6014451,0.36819953,82.91912,11.7363,0.7256876
680700,1492,0.45379353,0.68203086,0.3989568,81.587395,9.785311,2.3275347
680716,1493,0.45270553,0.63431185,0.3838283,81.71415,9.376168,2.7521443
680757,1494,0.38862124,0.77321774,0.4485542,80.30797,9.6036215,-3.6685655
680776,1495,0.4961733,0.6223009,0.359948,83.443,7.2387223,-2.9085245
680777,1496,0.44942927,0.6380856,0.37683633,83.873314,12.2726755,4.3444915
680779,1497,0.44407618,0.64482534,0.38730597,83.06955,11.74551,7.166118
680814,1498,0.5023107,0.5485698,0.33031434,83.33905,12.920975,1.8984426
680869,1499,0.4989125,0.58888406,0.3705642,83.465675,10.209476,2.7528162
680911,1500,0.4678651,0.7233013,0.42765543,82.285095,9.037547,0.16353868
680963,1501,0.47017962,0.63146645,0.3769351,81.99667,9.8976755,2.1808903
680977,1502,0.38625416,0.72843057,0.42907622,82.76732,8.19628,0.37948665
681082,1503,0.43631434,0.72166705,0.41507956,82.842125,10.910827,-2.9135318
681146,1504,0.343634,0.7117129,0.45017323,81.27205,7.9053874,7.0370264
681297,1505,0.42668337,0.6200305,0.3741159,82.90821,9.430851,1.5119458
681351,1506,0.48862213,0.6333461,0.38823205,82.531456,12.969107,6.8997335
681481,1507,0.50433284,0.66839325,0.39288384,84.31987,10.344761,3.6935241
681526,1508,0.42911068,0.61965525,0.37329736,81.064644,8.13395,1.5373225
681546,1509,0.46198377,0.55357075,0.32341233,81.9033,11.907534,4.0905447
681584,1510,0.42167816,0.5551391,0.33424625,80.49417,11.522353,5.9479856
681807,1511,0.53326625,0.6436971,0.37580177,82.79332,16.103376,5.314955
681962,1512,0.39360818,0.6429108,0.39068595,79.98114,9.922746,3.5238945
681987,1513,0.4778423,0.6537312,0.37788665,81.15618,10.460332,-0.89708513
682073,1514,0.39107183,0.5868229,0.35769358,82.66585,4.409341,-0.6608281
682515,1515,0.45486826,0.6056289,0.35422415,81.686516,10.890929,3.8955317
682617,1516,0.4379462,0.57564753,0.36117622,82.395836,3.970063,0.6650638
682622,1517,0.46964216,0.6541305,0.39276496,83.79632,5.412532,2.8038614
682626,1518,0.4644027,0.60814494,0.38293487,84.13418,10.961264,3.8205068
682641,1519,0.45758745,0.69958925,0.4244546,81.910675,7.785649,2.9770114
682829,1520,0.44348192,0.6448793,0.40917835,85.459465,5.898486,1.6056033
682848,1521,0.45934242,0.66112953,0.38580155,82.30161,14.766803,4.425042
682928,1522,0.52225614,0.7032947,0.43607497,83.50116,9.274361,4.22152
682985,1523,0.45006862,0.64810693,0.38507086,85.11346,6.0620284,-0.16987321
682998,1524,0.44560063,0.6773931,0.40150496,84.45359,9.64389,1.324984
683002,1525,0.4530359,0.6350901,0.3827815,85.288925,7.788459,1.8260728
683011,1526,0.43982172,0.63677645,0.37145087,82.6117,14.301352,3.338141
683021,1527,0.41584203,0.7441221,0.4454411,80.75756,5.1545196,-0.44266152
683146,1528,0.46425095,0.6336212,0.38356268,84.43017,6.059161,1.5304528
683734,1529,0.48025995,0.69872254,0.4179814,85.56523,9.9447775,3.0893233
683737,1530,0.45946893,0.6160537,0.3691226,83.19507,10.424749,3.6717458
685133,1531,0.39637652,0.60061526,0.37568513,78.68771,7.166344,5.0255427
686217,1532,0.42590818,0.72950184,0.4225641,81.05586,9.592598,-0.14547282
686452,1533,0.44912815,0.6344735,0.37592608,80.64293,8.526719,0.95013505
686469,1534,0.48559678,0.73625135,0.44589615,83.850815,10.215727,4.0307817
686490,1535,0.4810581,0.637644,0.38110667,81.45638,9.446557,2.0897515
686527,1536,0.5370348,0.70052403,0.43350935,84.57898,13.299586,5.075691
686531,1537,0.47146687,0.6366827,0.38097125,81.08286,11.395062,3.8648355
686668,1538,0.500595,0.57786584,0.34920293,82.24408,8.226961,3.0336607
686676,1539,0.5405864,0.61772317,0.36824235,81.364655,9.934276,1.324358
686681,1540,0.51862425,0.6800304,0.396888,83.50733,15.8284445,5.186986
686759,1541,0.43330568,0.60419077,0.37668678,81.4748,5.27968,2.4830022
686823,1542,0.54812413,0.7471044,0.42328045,83.15406,7.4397016,-3.6097553
686894,1543,0.4497341,0.62473524,0.39390644,83.88482,9.8494625,6.4428806
687093,1544,0.50907546,0.672715,0.39621997,81.42659,9.856223,2.609134
687263,1545,0.46340045,0.6326945,0.38796046,82.45359,9.92709,5.570431
687401,1546,0.48151362,0.6538197,0.3923642,83.53887,6.7874465,-0.57903093
687462,1547,0.4911841,0.6574106,0.3945432,81.28763,7.71806,3.016023
687799,1548,0.47137102,0.5947294,0.34760395,81.36419,11.870006,4.393611
687952,1549,0.5213535,0.6454611,0.37323007,84.61105,14.832348,4.634996
689172,1550,0.47451264,0.6230089,0.36638212,81.71828,12.241771,0.5957509
691016,1551,0.49023053,0.5898947,0.3701324,83.297195,6.881206,3.220144
691023,1552,0.4943369,0.643787,0.40366745,83.85745,7.3255377,2.8421733
691026,1553,0.41540307,0.7006716,0.417624,82.35441,9.459997,0.095472574
691176,1554,0.48057586,0.61825925,0.37258258,82.05176,6.004794,0.34032428
691406,1555,0.48804152,0.6439407,0.40020117,84.12843,9.647523,2.9247115
691718,1556,0.4815927,0.5807549,0.35072505,82.76182,12.557702,2.1878757
691783,1557,0.45347813,0.5848199,0.3545609,80.489456,10.130039,3.5715601
693049,1558,0.5355819,0.6390509,0.38031316,85.14735,7.544742,0.33151925
693304,1559,0.48505577,0.59522605,0.34545958,80.93247,11.675372,5.588767
694384,1560,0.44203237,0.68026954,0.41957828,79.82302,7.645344,3.3222163
694497,1561,0.39629602,0.6012251,0.3628105,81.195045,8.745924,2.1987631
696100,1562,0.48779494,0.6129591,0.37234554,83.3154,12.165184,1.9998798
696285,1563,0.43124238,0.6741159,0.4096391,81.55637,4.0035143,0.00904356
807799,1564,0.4304624,0.7073306,0.4528744,83.574425,5.3074636,3.0730395
