batter,season,p_throws,pred_woba,rate_bb,rate_k,rate_hbp,rate_bip
621438,2024,L,0.33779620394137966,0.07134420841096016,0.2029368912314497,0.008438043916111812,0.717280856107211
502110,2024,L,0.3730706310403731,0.06729973982441835,0.2346276605074537,0.008433403645524364,0.6896391960789455
624413,2024,L,0.37244166526534034,0.074442583982609,0.22397253999453073,0.008764069140894311,0.6928208072617755
570482,2024,L,0.33836515172043696,0.04284347860588258,0.166897650892148,0.00747493408981784,0.78278393786338
657656,2024,L,0.3198630748026517,0.0998673335104563,0.24500156124473124,0.009150825872232524,0.6459802791215927
624585,2024,L,0.3666189582907918,0.09709597453904249,0.23824352332985413,0.008697571348882388,0.6559629308938069
621566,2024,L,0.3505039895409438,0.08971486697056495,0.25459492905948927,0.014055631348759449,0.6416345704011506
607043,2024,L,0.31657514316453905,0.12141617516078361,0.2298007347272499,0.014574171821647374,0.6342089179687439
542303,2024,L,0.37510316755013423,0.06547813435708943,0.18846391095558593,0.007998432092032274,0.738059523620166
645277,2024,L,0.3274827046294629,0.03803714068501543,0.15185812848967778,0.007193340293578239,0.8029113917606954
671739,2024,L,0.29869690151913203,0.04908313438794837,0.22989717416487734,0.012460874990137046,0.708558816551125
606115,2024,L,0.29818447420341004,0.0655652986473455,0.19407905271128364,0.008071679407466675,0.7322839676535114
669221,2024,L,0.3554075033169441,0.09628216842713921,0.21074019307107464,0.008834584183439867,0.6841430549635626
664983,2024,L,0.2655140500708373,0.07761329719363493,0.22876480476374292,0.013083193151529888,0.6805387063134751
444482,2024,L,0.30302230488637794,0.060420394526773585,0.21013476506583662,0.01268597692204112,0.7167588631544217
630105,2024,L,0.30783249247087596,0.09719631345952454,0.17577922816537797,0.013582031220745635,0.7134424265300215
682998,2024,L,0.3154287078467105,0.08931483514914308,0.20328397404904025,0.013832324489715919,0.6935688661715719
606466,2024,L,0.34321417801483145,0.06203596448533131,0.1488118109627644,0.007880726328736841,0.7812714991087696
672695,2024,L,0.2950430599142609,0.11883539119059335,0.17588809247389584,0.0087404652108469,0.6965360507239305
672515,2024,L,0.34413965746488995,0.09605647252653429,0.16940951963892817,0.008973725267042503,0.7255602822446806
553993,2024,L,0.33683590951103864,0.11203926686012862,0.25767483395331825,0.009263803934516222,0.6210220952153361
545341,2024,L,0.34471962970597464,0.05936108784769763,0.2362043660185634,0.008123875869148624,0.6963106719838101
572233,2024,L,0.35424477119280584,0.08666686179211698,0.2220712249201034,0.008730656935687241,0.6825312563856512
666971,2024,L,0.34699458188815985,0.058378443465837454,0.17377404538137375,0.007747357694817379,0.7601001532074457
518595,2024,L,0.33645158646605555,0.07153975327612108,0.2003139812483555,0.008177107741773174,0.7199691570600641
669004,2024,L,0.3113173794794906,0.09243235469858271,0.2599105313215546,0.014058161079232172,0.6335989536217245
493329,2024,L,0.3405283748817411,0.05227754516769512,0.10491034660691285,0.00732408300576353,0.8354880256745337
686681,2024,L,0.2942650013668778,0.061974359420972396,0.2421659042970278,0.01288583896959892,0.6829738967013704
687093,2024,L,0.3042998681263272,0.06673202517690884,0.2009528656537683,0.008320584767242198,0.7239945240973327
680776,2024,L,0.2986687082181585,0.07732858870735466,0.24181612948994155,0.012751991792161299,0.6681032905155602
665839,2024,L,0.2943270016991575,0.08956377165318233,0.21255371171644602,0.014332598556515442,0.6835499179251721
681508,2024,L,0.315175189310609,0.07750388445178684,0.2302820599941642,0.008560121705972559,0.6836539352917292
678882,2024,L,0.29085101280254566,0.06403949509158958,0.2817534476467666,0.008593502153300969,0.6456135553504397
686765,2024,L,0.315175189310609,0.07750388445178684,0.2302820599941642,0.008560121705972559,0.6836539352917292
677800,2024,L,0.3008654001593983,0.09333631794656698,0.3124778102469528,0.015047961541348758,0.5791379113939915
657136,2024,L,0.297509355919394,0.070807448676099,0.29754113476903843,0.008988089043848494,0.6226633282831547
671213,2024,L,0.32439993809823364,0.10323457986881601,0.2677164105955009,0.013712320156996319,0.6153366875160791
682829,2024,L,0.2866314873403583,0.08445164728426248,0.31617220760080433,0.008742653892945564,0.5906334916215127
663697,2024,L,0.3284445605341148,0.12094739492459149,0.21628827871420095,0.009370044427966578,0.6533942828027465
571912,2024,L,0.28894769814416144,0.08304401096308979,0.2509237181418115,0.008857499199611226,0.6571747729075633
664023,2024,L,0.31950505732489454,0.08640138484592458,0.2657699169390127,0.008419191612053702,0.6394095067305082
676679,2024,L,0.315175189310609,0.07750388445178684,0.2302820599941642,0.008560121705972559,0.6836539352917292
682634,2024,L,0.315175189310609,0.07750388445178684,0.2302820599941642,0.008560121705972559,0.6836539352917292
542194,2024,L,0.3069132952390099,0.039153197476243344,0.23597217929579142,0.007654152159366619,0.7172204710548601
691718,2024,L,0.22977802633096298,0.0923109622535085,0.4726686439810785,0.01605776111608703,0.41896263115836035
571771,2024,L,0.33939386974427876,0.08202617670247651,0.17206693578794413,0.008253955791571415,0.7376529306692382
669242,2024,L,0.3109960247529611,0.06786099041715586,0.14839399152751734,0.007780605338021267,0.7759644117712345
571970,2024,L,0.3298166210287546,0.12083926871542183,0.2602019102429079,0.014998203061181244,0.6039606185313581
595909,2024,L,0.27424200251643155,0.08202107806961828,0.30746814437244874,0.014115109558821379,0.5963956674512803
656541,2024,L,0.2693759995526003,0.09301617644939321,0.36522082208002676,0.014213435923451692,0.5275495651431024
666134,2024,L,0.2759931715236457,0.1068080207598987,0.36345196483585995,0.015114402000527462,0.5146256122932542
669911,2024,L,0.2769982154819959,0.07572652547944389,0.3467947040031404,0.00897365312502574,0.568505115822254
641857,2024,L,0.30406411566377917,0.09201414419378744,0.29509720600195277,0.013773617343294063,0.5991150322142357
678662,2024,L,0.30873880571942025,0.05707001360199218,0.26190455592836637,0.008753991284779609,0.672271440354794
453568,2024,L,0.3025968182502169,0.06570707836959204,0.19216644584924272,0.01309165572115265,0.7290348194618337
679529,2024,L,0.3673427816548296,0.09516514649509888,0.20632175725820195,0.008859466277995097,0.6896536296736258
628451,2024,L,0.31999628918557477,0.07108799904957565,0.15605750707947671,0.007963335215638238,0.7648911586631882
672761,2024,L,0.315175189310609,0.07750388445178684,0.2302820599941642,0.008560121705972559,0.6836539352917292
682985,2024,L,0.3062920331240931,0.08920936408916104,0.2767973683926826,0.014181845303482562,0.6198114224503105
664056,2024,L,0.30218509900476137,0.08247196833510913,0.21451408217829138,0.008793481163044205,0.6942204695118078
668901,2024,L,0.3378918952614295,0.06625479324058266,0.2580910839842808,0.008555624623958421,0.667098496771119
578428,2024,L,0.29601106426062646,0.043979626753926714,0.13469734512881346,0.007473288491945158,0.8138497427504053
596019,2024,L,0.34771967389962877,0.062197814376166526,0.14446674035156223,0.007880350125203092,0.7854550940905439
686555,2024,L,0.315175189310609,0.07750388445178684,0.2302820599941642,0.008560121705972559,0.6836539352917292
606992,2024,L,0.30323046645869617,0.07161265596124254,0.29725553206909,0.008775204094187512,0.6223566085103724
641343,2024,L,0.28521798060518844,0.0958965423593524,0.2789068075667029,0.013310199580069959,0.6118864504809807
682626,2024,L,0.33801650662988336,0.09756599913073874,0.25134536129435875,0.008655325086792674,0.6424333135681884
516782,2024,L,0.3264551371415124,0.05584429856610316,0.18060899096788566,0.008173270837860739,0.7553734388781334
642715,2024,L,0.314855993937239,0.09832527629378578,0.2724957438671301,0.009144154306045624,0.6200348245020362
694192,2024,L,0.315175189310609,0.07750388445178684,0.2302820599941642,0.008560121705972559,0.6836539352917292
668930,2024,L,0.27060988901085803,0.10151928909593065,0.23682189781109184,0.013387429333744014,0.6482713830741316
687401,2024,L,0.2912114969592555,0.06207035247545744,0.2517532222022966,0.00808244558017002,0.6780939798382029
596142,2024,L,0.34375862404746405,0.07705218222091413,0.25279189611030806,0.008814755447171536,0.6613411666043446
663368,2024,L,0.29217249753648966,0.13753991766570198,0.2524365725240031,0.009579196994750442,0.6004443127454744
680737,2024,L,0.315175189310609,0.07750388445178684,0.2302820599941642,0.008560121705972559,0.6836539352917292
700250,2024,L,0.28538342920109583,0.0822249495133259,0.2620180180831863,0.014027382025624703,0.6417296510373316
683011,2024,L,0.31822652509748917,0.1074769089090693,0.260209684844617,0.009162747923793185,0.6231506590296345
641943,2024,L,0.29112391887220995,0.07438738640747916,0.20120170669390994,0.01372249431701402,0.7106884133343468
663698,2024,L,0.2971996818957101,0.082906154536252,0.32473436471241046,0.009229728882838045,0.5831297511894143
665833,2024,L,0.2969610383941756,0.08408717100756392,0.3397416502115682,0.013854002336417114,0.56231717584989
657077,2024,L,0.31548685679737165,0.08118640461286183,0.1510213497170003,0.013209989334300575,0.7545822555415288
542932,2024,L,0.32191364951881996,0.12219526971126646,0.20636342633067145,0.008964303585404253,0.6624770004599843
691176,2024,L,0.2926551035302193,0.09205217097194289,0.22706900607683553,0.008181447682172577,0.6726973759182486
519317,2024,L,0.38132866572818863,0.07703038076263337,0.2607075336338928,0.008584402271215166,0.6536776834166999
663757,2024,L,0.30006107452881114,0.1266474674309023,0.27508527403730476,0.015257438454849864,0.5830098191792987
650402,2024,L,0.3395186436674363,0.08404936740056321,0.2043308530662123,0.008423594712878542,0.703196185462794
624431,2024,L,0.31255448621927673,0.053804432480940724,0.15645268122093434,0.0067584049552028526,0.7829844815966606
666149,2024,L,0.3042104938505177,0.11181158281495836,0.26798852192848227,0.008951670598850651,0.6112482260822272
624424,2024,L,0.3064903720981881,0.09509433900314891,0.25597121949317325,0.01452659120938498,0.6344078505894415
669477,2024,L,0.31437954424264525,0.05505171549337922,0.21331883358626483,0.007790506865267414,0.7238389446147405
622268,2024,L,0.2576092088077211,0.07406355480036936,0.2389677378358964,0.013196638469823975,0.6737720706113582
663457,2024,L,0.30713650299934064,0.12097183015312107,0.2577146055587138,0.01441449312126201,0.606899071028945
663609,2024,L,0.35477053713935014,0.10659093561117261,0.2859244900759645,0.009300028787763802,0.5981845442366636
668942,2024,L,0.2850525297682901,0.10508791098123678,0.23243004701609582,0.013873550579557548,0.6486084916322614
664238,2024,L,0.3100933458961484,0.1276491257310498,0.27503569011862206,0.00966366413436649,0.5876515206806913
571745,2024,L,0.3379009159579439,0.08953800127402461,0.2385911539596717,0.008437255174859513,0.6634335907755609
649966,2024,L,0.30788275326279624,0.1206156214259421,0.23301713848567904,0.0095251076905355,0.6368421318685623
670042,2024,L,0.2965967364229209,0.06802256199151635,0.2932461464252646,0.012892554252999705,0.625838736126641
668227,2024,L,0.3376716298964992,0.10262196140608462,0.23425829815795074,0.00906281019747063,0.6540569299389677
663728,2024,L,0.322384576715477,0.06818290094921663,0.25657946295256095,0.008658405017112509,0.6665792330433363
680474,2024,L,0.315175189310609,0.07750388445178684,0.2302820599941642,0.008560121705972559,0.6836539352917292
668832,2024,L,0.28538342920109583,0.0822249495133259,0.2620180180831863,0.014027382025624703,0.6417296510373316
663527,2024,L,0.320625652616961,0.10028055531301647,0.2120380360371837,0.008899759885971796,0.6787816503235305
680869,2024,L,0.3112472549567704,0.08840956009124445,0.27549909947897294,0.008907086367397114,0.6271842538070367
664913,2024,L,0.3068795519600225,0.07605872267052431,0.2708115764122621,0.01360056507813228,0.6395291357797905
691016,2024,L,0.2709362459154862,0.06937197188429962,0.32229982034436916,0.01256371260963016,0.59576449564619
667670,2024,L,0.3374700785737387,0.09896034928684899,0.3095800130349219,0.009276123706938992,0.5821835148991883
663743,2024,L,0.34075249462481094,0.086962334982449,0.14817458242399162,0.007826863032892624,0.757036218709129
665052,2024,L,0.28538342920109583,0.0822249495133259,0.2620180180831863,0.014027382025624703,0.6417296510373316
672640,2024,L,0.34134036856800415,0.10434239880987836,0.12331857043350547,0.008094578707852814,0.7642444524630986
667472,2024,L,0.347441291973185,0.08530212334264811,0.23652183141147742,0.00876700374506151,0.6694090409554294
660821,2024,L,0.29436361476465667,0.07034614503889032,0.276134501573707,0.012793765702635388,0.6407255881445933
681146,2024,L,0.31527987077580083,0.11323866752422264,0.14944244360619557,0.008929170690422511,0.7283897177958254
665782,2024,L,0.315175189310609,0.07750388445178684,0.2302820599941642,0.008560121705972559,0.6836539352917292
676914,2024,L,0.2923807220436158,0.14056930832336229,0.3756519460535145,0.009959446656263074,0.473819299522657
676391,2024,L,0.3081684466624005,0.051143176741135395,0.12210457815016161,0.007248636595946233,0.819503609698617
687462,2024,L,0.2571701761346214,0.06411171211079231,0.23256806755394707,0.01322655628139823,0.6900936652026117
682729,2024,L,0.315175189310609,0.07750388445178684,0.2302820599941642,0.008560121705972559,0.6836539352917292
665489,2024,L,0.394919664168015,0.07469211223413796,0.14551577027092,0.00770942231346659,0.7720826953522983
623168,2024,L,0.2644109301551016,0.07936275969349389,0.143101117407297,0.008204891757446719,0.7693312302587257
694388,2024,L,0.28538342920109583,0.0822249495133259,0.2620180180831863,0.014027382025624703,0.6417296510373316
669364,2024,L,0.2793021925308069,0.08828349152723668,0.1719973778759144,0.008112393791236456,0.7316067375377417
669394,2024,L,0.3393641986665887,0.06297663878484136,0.2522014835343102,0.008162110124115801,0.6766597682466379
672642,2024,L,0.315175189310609,0.07750388445178684,0.2302820599941642,0.008560121705972559,0.6836539352917292
681393,2024,L,0.315175189310609,0.07750388445178684,0.2302820599941642,0.008560121705972559,0.6836539352917292
656448,2024,L,0.30984424246211434,0.08234451822824768,0.28570329550129503,0.009153143149742726,0.6227990439113783
686611,2024,L,0.315175189310609,0.07750388445178684,0.2302820599941642,0.008560121705972559,0.6836539352917292
677588,2024,L,0.2762513621704118,0.1367718315378778,0.317085531220249,0.015632648864442517,0.5305099884827159
660766,2024,L,0.3015580329206119,0.0713177500303071,0.21397963089587188,0.008834156791173666,0.705868462761508
695578,2024,L,0.28538342920109583,0.0822249495133259,0.2620180180831863,0.014027382025624703,0.6417296510373316
671277,2024,L,0.29123381460983405,0.046899697169998145,0.16913841324868445,0.008549380856398673,0.7754125084436486
683083,2024,L,0.315175189310609,0.07750388445178684,0.2302820599941642,0.008560121705972559,0.6836539352917292
696285,2024,L,0.3075798891553534,0.0825439457880734,0.1683100887935694,0.008209692636651278,0.7409362731638646
686452,2024,L,0.2762910587266159,0.10147093558259236,0.2321087091852458,0.008476053903377533,0.6579443016518541
608336,2024,L,0.32393953531688763,0.09093828640132741,0.3862109540805922,0.014585156452300439,0.5082656032169216
596117,2024,L,0.2439788731940629,0.08829090381738706,0.2714127514932145,0.01457000531328963,0.6257263391340375
624641,2024,L,0.2907640872716913,0.05609220601343288,0.2324689821971641,0.008704437433252641,0.7027343747128509
665019,2024,L,0.28709662093692356,0.08735457992181013,0.27227584384850606,0.013953707063961063,0.626415870375783
669016,2024,L,0.28079487949367465,0.09469740303652087,0.3395283373301679,0.014724793159071985,0.5510494672725884
664761,2024,L,0.35329264509439845,0.0759524120808605,0.17860176787562781,0.00819824056212594,0.7372475789345027
681082,2024,L,0.29522586491747427,0.08390041433793882,0.177103677002182,0.012043198915683428,0.7269527095123958
605137,2024,L,0.3485619905362992,0.08080474037279058,0.1974179921527028,0.008386811639579828,0.7133904567894498
642180,2024,L,0.25658668535361434,0.09975752616664095,0.2540729957952522,0.014567533133922983,0.6316019439094894
663604,2024,L,0.315175189310609,0.07750388445178684,0.2302820599941642,0.008560121705972559,0.6836539352917292
543309,2024,L,0.33529218941832734,0.06607210423717927,0.233250551863512,0.008090690178686851,0.6925866540070236
456781,2024,L,0.32859926077945234,0.07062918598086014,0.19295520064437413,0.008335341600410537,0.7280802711883553
595777,2024,L,0.3183012829134076,0.0978377870282943,0.16015471027592823,0.008610920097908727,0.7333965823781401
605113,2024,L,0.2911736115618624,0.06757953636890748,0.1920579148892679,0.00810626612789376,0.7322562817075561
593428,2024,L,0.3446846723616497,0.0809355518002907,0.16179944683895317,0.008332578296366275,0.7489324235365745
592518,2024,L,0.38477249306132233,0.0692433490516596,0.16340028193552877,0.008059984736828197,0.7592963840363934
670623,2024,L,0.33941706938923605,0.09073036923901881,0.1431807938095996,0.008412175492982094,0.7576766605811697
673548,2024,L,0.3610442159983041,0.13423923756729572,0.21096126394070805,0.009429440714458408,0.6453700573919661
641355,2024,L,0.3137813645169027,0.07627935613669946,0.2306205031879147,0.013691268713856893,0.6794088715987607
701305,2024,L,0.315175189310609,0.07750388445178684,0.2302820599941642,0.008560121705972559,0.6836539352917292
572138,2024,L,0.29693782819628284,0.08790452739133212,0.24842772635158233,0.01359449428687876,0.6500732525668342
605170,2024,L,0.3224608608760816,0.08398660741358017,0.2032533928098306,0.008604444430663211,0.7041555552512986
663656,2024,L,0.36310111945127443,0.07879228376192941,0.16563910885962646,0.012793119504566748,0.7427754872854072
687597,2024,L,0.315175189310609,0.07750388445178684,0.2302820599941642,0.008560121705972559,0.6836539352917292
691011,2024,L,0.315175189310609,0.07750388445178684,0.2302820599941642,0.008560121705972559,0.6836539352917292
668845,2024,L,0.315175189310609,0.07750388445178684,0.2302820599941642,0.008560121705972559,0.6836539352917292
676070,2024,L,0.28394191053339296,0.07390148002288237,0.1899721177161803,0.008005902026297093,0.7281205008838844
642020,2024,L,0.2932094119839416,0.06086735711374215,0.25970241363263985,0.00816492154310631,0.671265307272885
666150,2024,L,0.2736083541994149,0.08322497833664041,0.23475967194414535,0.013821357044665042,0.6681939931096544
663993,2024,L,0.3344466383395592,0.09349124316877508,0.21422467222853595,0.013247589879386897,0.6790364949816026
622110,2024,L,0.3207610971737058,0.0788500810786504,0.15492844577229523,0.0080228442943956,0.7581986295985332
694671,2024,L,0.315175189310609,0.07750388445178684,0.2302820599941642,0.008560121705972559,0.6836539352917292
669701,2024,L,0.2853398465857144,0.11818914719603417,0.25983121126228437,0.014952725036685658,0.6070269177052244
543760,2024,L,0.3371531519079862,0.10758159687786333,0.17429697508314235,0.008568830134694996,0.7095525981648819
677649,2024,L,0.30824085174007837,0.06595783657739258,0.2510515073313613,0.00851800182762941,0.674472654031096
641680,2024,L,0.33392576880302427,0.06561720501460398,0.14928680868178115,0.007826959987002117,0.7772690256899712
608348,2024,L,0.3152184646073013,0.10126674816317414,0.21231800283120014,0.008979477793942203,0.6774357706425678
665750,2024,L,0.3091629394003381,0.07487073005625623,0.2499294547927048,0.00831778978396752,0.6668820254584004
607680,2024,L,0.3125989389242491,0.04020309316014375,0.15848729053917673,0.007655184612010255,0.7936544310837667
676572,2024,L,0.315175189310609,0.07750388445178684,0.2302820599941642,0.008560121705972559,0.6836539352917292
605346,2024,L,0.19065730088857438,0.0344042144624621,0.4249278806327471,0.008248888635731484,0.5324190183455697
621493,2024,L,0.3487936461127626,0.10509253948439418,0.20856785764997215,0.008587692343929624,0.6777519109421047
683021,2024,L,0.30054578194686765,0.0940477852754403,0.11508936430348536,0.007909597320522013,0.7829532528902692
694359,2024,L,0.28538342920109583,0.0822249495133259,0.2620180180831863,0.014027382025624703,0.6417296510373316
672569,2024,L,0.315175189310609,0.07750388445178684,0.2302820599941642,0.008560121705972559,0.6836539352917292
681351,2024,L,0.33906546255214476,0.06929294855061024,0.20967021614574866,0.008184581312714682,0.7128522539654972
592273,2024,L,0.3279018362059893,0.06595363133373994,0.2177364403837387,0.008226090891463898,0.7080838365075047
655316,2024,L,0.32705533251198704,0.1285159197326889,0.18303911228474717,0.009249748181167165,0.6791952200552576
669003,2024,L,0.2608212077015237,0.10246935797042407,0.33518473744313143,0.014308297693801006,0.5480376072376859
656555,2024,L,0.36862565250183865,0.1200338993224072,0.22709539614397029,0.009437613059402489,0.6434330919498183
661388,2024,L,0.32960467407830646,0.0917748681847557,0.2540153873135027,0.00871090847983384,0.6454988361243422
571657,2024,L,0.30012009405225026,0.05965865320731974,0.1942552940444202,0.008323810418015975,0.7377622432170147
680777,2024,L,0.3200508654073224,0.09451130738720216,0.2884055648279754,0.008996349963612036,0.6080867777105268
467793,2024,L,0.3534446934108447,0.10694865058473388,0.153505827833781,0.00840739918381042,0.7311381226995728
680577,2024,L,0.28538342920109583,0.0822249495133259,0.2620180180831863,0.014027382025624703,0.6417296510373316
686797,2024,L,0.315175189310609,0.07750388445178684,0.2302820599941642,0.008560121705972559,0.6836539352917292
668885,2024,L,0.315175189310609,0.07750388445178684,0.2302820599941642,0.008560121705972559,0.6836539352917292
666397,2024,L,0.3013256915599973,0.1498579074809193,0.3222315352915472,0.015413716758414301,0.5124968409525891
650489,2024,L,0.27526866658810517,0.0438274680564729,0.254688314491981,0.00801413050960922,0.6934700873196219
668904,2024,L,0.36550444173516733,0.08395606399495072,0.17922751043814733,0.008314660673476422,0.72850176512308
622534,2024,L,0.3261357495694117,0.08358533466699362,0.15463938389487175,0.008323500852827657,0.7534517824279066
669224,2024,L,0.31300126088509145,0.05386757976384906,0.251651287757911,0.011968434503403503,0.6825126976334149
592450,2024,L,0.4118690013838337,0.10344577528785108,0.2777699347625882,0.009088668795183672,0.6096956215499626
665742,2024,L,0.3637685353625269,0.1175278825531549,0.19881999239687506,0.014384871100301462,0.6692672539258739
665828,2024,L,0.3002593176093751,0.07574367292804808,0.2200328478049013,0.008490616381641298,0.6957328633856259
693304,2024,L,0.30698695166115253,0.10996922942888065,0.23590693918727945,0.008878799342070802,0.6452450328222934
668804,2024,L,0.34121950032318815,0.08187176789947453,0.20602835087896293,0.008367315101813204,0.7037325656119127
519203,2024,L,0.334448847541541,0.06534175600324192,0.1752584994368009,0.013346383140759014,0.7460533613698405
687529,2024,L,0.28538342920109583,0.0822249495133259,0.2620180180831863,0.014027382025624703,0.6417296510373316
689172,2024,L,0.25097702181154863,0.08618601893076303,0.3137938727850989,0.014403305155751715,0.5856168028039703
672275,2024,L,0.3058199398474972,0.09520528557381992,0.26039367321721946,0.008544825820559576,0.6358562154904375
666464,2024,L,0.27248645021470824,0.06323312063069023,0.3960991872031967,0.008482893355697437,0.5321847995197391
680977,2024,L,0.3171560446193868,0.11767547174131877,0.18570912550342494,0.01477497402842727,0.6818404282599878
502671,2024,L,0.36771405310309085,0.09325630333892074,0.22478637596408388,0.008938087570984786,0.6730192336723414
676475,2024,L,0.3216752759283457,0.055145414154230035,0.14446791245890775,0.011732109411704975,0.788654564504229
457759,2024,L,0.35885577511935596,0.08770458528126907,0.1534746868690567,0.008580234755540539,0.7502404934952442
641487,2024,L,0.30195142154526267,0.11024162072685757,0.19213742821844174,0.014503339439296275,0.6831176104000473
645302,2024,L,0.2939796159664596,0.085802056138585,0.22733384811985538,0.008558407762633669,0.6783056865545832
671732,2024,L,0.27454912384518615,0.08227919301334982,0.2899118480897099,0.012758236202273279,0.6150507214991545
640902,2024,L,0.315175189310609,0.07750388445178684,0.2302820599941642,0.008560121705972559,0.6836539352917292
691594,2024,L,0.315175189310609,0.07750388445178684,0.2302820599941642,0.008560121705972559,0.6836539352917292
547180,2024,L,0.3488546231000522,0.06909635545134368,0.2338658632765819,0.013377779130634404,0.6836600019557487
607208,2024,L,0.3509893339372571,0.07658624082418676,0.1733967270623497,0.008124171038904629,0.7418928600932864
656941,2024,L,0.3331482155669014,0.10088414561022724,0.2997513607778929,0.014658866756337376,0.5847056281328611
642215,2024,L,0.29148697891819314,0.13420259429515707,0.35408009892274833,0.009513585837348779,0.5022037223615886
592663,2024,L,0.34699329687545155,0.06843685416607158,0.19467741892381013,0.008529156185236803,0.7283565703499433
592206,2024,L,0.32822801789529477,0.053897842315429434,0.23339021366884694,0.008222287729361722,0.7044896558276639
701538,2024,L,0.28538342920109583,0.0822249495133259,0.2620180180831863,0.014027382025624703,0.6417296510373316
650333,2024,L,0.3291267553462616,0.08892157828332416,0.09642027233119337,0.01322904874452676,0.8014291012807002
677951,2024,L,0.36344226050281103,0.05450405840840643,0.17682046970817125,0.007922396516561379,0.760753073978321
502054,2024,L,0.3562629753409766,0.12522576718255493,0.22831048594477638,0.008911584218988654,0.6375521633741247
672580,2024,L,0.3598722685778132,0.10330971934402892,0.1818039132506398,0.00816914144043272,0.7067172268658453
641658,2024,L,0.2784436323861482,0.10211721910804579,0.2592699570408764,0.009084353621073448,0.6295284709504348
592669,2024,L,0.3290791222522537,0.06855335009183848,0.23929673167267426,0.008531555814827391,0.6836183613826798
543257,2024,L,0.312941885511031,0.13153768505071065,0.22942922756557632,0.009092643700341935,0.6299404447281316
521692,2024,L,0.35020022200477224,0.026459980971427956,0.20529590579005275,0.00788518445534857,0.7603589295883465
664728,2024,L,0.2785456403668476,0.08260772353228775,0.24119799031010222,0.012779321105940674,0.6634149655658531
663853,2024,L,0.3060272828883182,0.06135559566651285,0.28266961760796616,0.00824924607753373,0.6477255403828044
807799,2024,L,0.31762969805698155,0.08358917022942693,0.1540051799370758,0.013168453949473032,0.7492371958831395
666624,2024,L,0.30380844002167423,0.0857287092964815,0.33684889780626287,0.008664501834874798,0.5687578908945293
676609,2024,L,0.2673419840894944,0.10536339798378103,0.24806629884897774,0.009581828266747716,0.6369884743741034
680700,2024,L,0.2957181783615968,0.09305646685221687,0.1401695928258723,0.01363636358319204,0.7531375768229114
677587,2024,L,0.24091453065804824,0.055871477266476066,0.27169914639386084,0.00793267014237165,0.664496705340742
682657,2024,L,0.315175189310609,0.07750388445178684,0.2302820599941642,0.008560121705972559,0.6836539352917292
678877,2024,L,0.315175189310609,0.07750388445178684,0.2302820599941642,0.008560121705972559,0.6836539352917292
681807,2024,L,0.2887970459579347,0.05367907815507652,0.25978518279387924,0.008798746457860922,0.6777369928549473
657041,2024,L,0.327736430806213,0.1089576133785146,0.2149662929395565,0.008768812803360723,0.6673072800524447
647304,2024,L,0.3194097968810975,0.05143803064034103,0.16253292437765923,0.011776014456989493,0.7742530288463707
643289,2024,L,0.3077847116809697,0.047804234935987996,0.15065000746403473,0.007603508646548911,0.7939422482033498
676694,2024,L,0.30047342942413025,0.08465952866657736,0.2445409085038484,0.00852533176856409,0.6622742312116516
673237,2024,L,0.34558478685221533,0.035555444103144554,0.20253142114556077,0.007623356249562999,0.7542897779513629
514888,2024,L,0.3277236977150833,0.06013176065276672,0.12584280029066983,0.007343723422690367,0.8066817147591202
666197,2024,L,0.2790460930309481,0.10197250947616084,0.31744415464101966,0.009318469458493843,0.5712648653168536
608324,2024,L,0.3565374741563513,0.10783934458177825,0.1280809772112083,0.008158757035840625,0.7559209210616031
606192,2024,L,0.34853249712654816,0.08081970170133135,0.266104388703102,0.008846081211734235,0.6442298285316264
666158,2024,L,0.28710462664712183,0.09833033719439105,0.24377901386473966,0.013891049130902075,0.6439996001999597
595281,2024,L,0.2696012498733574,0.061327992212267195,0.23418716623921382,0.012673488203279456,0.6918113536298708
660271,2024,L,0.3442926403655856,0.08317996931851257,0.2741299883690824,0.012961204612179278,0.6297288376752408
643217,2024,L,0.3082809394681511,0.07507161605418396,0.1912458930158515,0.013720249522159264,0.7199622411041484
676113,2024,L,0.28538342920109583,0.0822249495133259,0.2620180180831863,0.014027382025624703,0.6417296510373316
678246,2024,L,0.33086105245500186,0.12675141303246426,0.20839061434638126,0.009092236856210079,0.6557657360495694
669234,2024,L,0.315175189310609,0.07750388445178684,0.2302820599941642,0.008560121705972559,0.6836539352917292
663837,2024,L,0.3413906916346303,0.08859658565379444,0.18171995020781864,0.008760675672130212,0.720922788582847
678009,2024,L,0.3175140050413964,0.09492168896052314,0.22233633884469364,0.014157623117072643,0.6685843496862236
668670,2024,L,0.3008835641428294,0.10598890671053052,0.30353323769821805,0.00910636013937124,0.5813714956366621
700242,2024,L,0.28538342920109583,0.0822249495133259,0.2620180180831863,0.014027382025624703,0.6417296510373316
670032,2024,L,0.2663979597778603,0.08555263671538359,0.1535361864688242,0.013341665836358,0.7475695114284951
686676,2024,L,0.25613113164860984,0.056243734030719944,0.30106732346098325,0.008511253639888573,0.6341776875035868
682868,2024,L,0.315175189310609,0.07750388445178684,0.2302820599941642,0.008560121705972559,0.6836539352917292
672820,2024,L,0.30494934527668216,0.04715489716353663,0.2290085080666176,0.008502878267436011,0.715333715827331
657757,2024,L,0.29737649135268673,0.08137467261920583,0.22367383912527974,0.013128323318864238,0.6818231651341794
683734,2024,L,0.3469272130099118,0.06431807048413046,0.1765443210205819,0.008129124346878387,0.7510084852763048
666969,2024,L,0.33717906869433933,0.06748268282125429,0.2609235952567505,0.008544433192162866,0.6630492880964776
686217,2024,L,0.2630527898999317,0.10579667423536757,0.19060041120915033,0.01461285994495734,0.6889900533351321
543877,2024,L,0.3100369727463422,0.0669581727223102,0.17925555546772914,0.008050157530097532,0.7457361137280475
681297,2024,L,0.2848647715273207,0.12169270886340432,0.3200096136675433,0.015630914727290227,0.5426667612627244
623993,2024,L,0.3367525860409969,0.06894414178581318,0.19524453878257644,0.00797823029440727,0.7278330899465474
676059,2024,L,0.3583679890875182,0.09231691681553818,0.21230586756113226,0.008198621863593856,0.6871785944373899
683002,2024,L,0.3354354536819446,0.08428767395748292,0.23943389688649902,0.012540916179918671,0.6637375134177091
602104,2024,L,0.3290044535093705,0.10031140184730176,0.2111068931310049,0.00871896955609251,0.6798627359758337
656775,2024,L,0.30865549575956785,0.07943113116346888,0.17733140010753987,0.013872039983646162,0.7293654287380672
663624,2024,L,0.3516423482854168,0.05019250616967171,0.22405835219962086,0.008226549003903499,0.7175225920384898
656896,2024,L,0.34994019253678177,0.07526641719498652,0.18920356044363706,0.00822174685431016,0.7273082759245426
668939,2024,L,0.3589734098952424,0.0953593205199235,0.15314138756962692,0.008628515054981993,0.7428707764209489
621043,2024,L,0.35633042182891506,0.09103707524038282,0.2017466412324412,0.00858094220708459,0.6986353403918043
621439,2024,L,0.32299374006014964,0.07378814714775697,0.2706477847845217,0.00877464512376307,0.6467894229043409
665862,2024,L,0.2953848545194866,0.08424794889305846,0.2801008324236799,0.01381712341581466,0.6218340947835589
695257,2024,L,0.315175189310609,0.07750388445178684,0.2302820599941642,0.008560121705972559,0.6836539352917292
694377,2024,L,0.315175189310609,0.07750388445178684,0.2302820599941642,0.008560121705972559,0.6836539352917292
656582,2024,L,0.325524380679496,0.1243987075082868,0.2028071311207286,0.009011382277075403,0.6637827788206428
643396,2024,L,0.3118358959137845,0.07833662824899111,0.1400195548229002,0.0081648954444247,0.7734789213217426
650559,2024,L,0.35116418219529616,0.06639613022137429,0.2067805842258239,0.008493286022867893,0.7183299990914046
457705,2024,L,0.35373287254157226,0.1238845994466502,0.20741990695567608,0.008993138397423038,0.6597023535646677
573262,2024,L,0.3116174471136163,0.1046547799891566,0.25016877694282835,0.014701481070314782,0.6304749612687007
691026,2024,L,0.3115133945308244,0.10862096344118263,0.19777614400064591,0.008890976966305971,0.6847119162159744
672279,2024,L,0.24202988098533032,0.13052614648573854,0.3493998329839875,0.015857579479661394,0.5042164405525006
691023,2024,L,0.33896201459290065,0.07241552774310012,0.19733959994315384,0.007851446232321774,0.7223934268989047
572761,2024,L,0.32127261525348433,0.12240940812889656,0.2670918719761521,0.015275734328046272,0.5952229861675685
671056,2024,L,0.34050113874041654,0.11215307563026217,0.24658567297582532,0.009162670474108344,0.6320985809249385
641598,2024,L,0.35343037837784,0.12573938108518917,0.2341030357315436,0.009391521501038252,0.6307660618930045
668709,2024,L,0.28723856462639874,0.11579389640634802,0.26898264735609106,0.014313853817480142,0.6009096019766256
677594,2024,L,0.3560629490464926,0.06496504015226996,0.24316097092239117,0.008117954432976615,0.6837560358041652
660844,2024,L,0.315175189310609,0.07750388445178684,0.2302820599941642,0.008560121705972559,0.6836539352917292
663662,2024,L,0.30150541678962445,0.09530820680454831,0.2680970253450678,0.008730565578598245,0.6278642016569793
664770,2024,L,0.28386688895073703,0.08448584899232492,0.26746417126585,0.014251481447694139,0.6337984985446039
543807,2024,L,0.34974194528839064,0.10623078855170284,0.20280857906738695,0.008687301710731463,0.6822733293305179
677870,2024,L,0.315175189310609,0.07750388445178684,0.2302820599941642,0.008560121705972559,0.6836539352917292
669065,2024,L,0.2946901728630314,0.05514183344040166,0.28657780171893515,0.012922884521480363,0.6453574804072232
545121,2024,L,0.2934982877183019,0.06903719041483862,0.10453251728232035,0.007717798343158125,0.8187124941432334
660688,2024,L,0.32877146208914493,0.043614449907332875,0.09158525542622879,0.006407529236738042,0.8583927647459619
673357,2024,L,0.3278760359141254,0.05150939321456647,0.26062599655430874,0.008418352052469349,0.6794462557683751
696100,2024,L,0.3139188583623007,0.06099383564191173,0.3030950950067212,0.008101050566759445,0.6278100171423308
687363,2024,L,0.28538342920109583,0.0822249495133259,0.2620180180831863,0.014027382025624703,0.6417296510373316
665877,2024,L,0.30596440544236475,0.10189871089859058,0.12786201958414387,0.008812712462677329,0.7614265569025465
686780,2024,L,0.315175189310609,0.07750388445178684,0.2302820599941642,0.008560121705972559,0.6836539352917292
695336,2024,L,0.315175189310609,0.07750388445178684,0.2302820599941642,0.008560121705972559,0.6836539352917292
690993,2024,L,0.28538342920109583,0.0822249495133259,0.2620180180831863,0.014027382025624703,0.6417296510373316
621035,2024,L,0.32129153305532593,0.11787764743716668,0.27629801623478234,0.009331519477763058,0.5964928177099756
605141,2024,L,0.3805282366067063,0.10984507628196534,0.13393866810104646,0.008465770703768232,0.7477504848302345
518692,2024,L,0.3467530927919409,0.07291726194522663,0.19777496645924816,0.013720350177673288,0.7155874204289394
681624,2024,L,0.315175189310609,0.07750388445178684,0.2302820599941642,0.008560121705972559,0.6836539352917292
596103,2024,L,0.3106284542950098,0.10363029714589482,0.2773740835692111,0.009131643299712977,0.6098639774261273
677008,2024,L,0.28052293016615154,0.07381232953089846,0.3134326903563523,0.013509168444989244,0.599245811721187
666023,2024,L,0.3225533969891595,0.06427982825059624,0.21894117300956545,0.008151234272310494,0.7086277649333083
657557,2024,L,0.31252135830442485,0.07663601938949689,0.2614181591679111,0.00897806231170363,0.6529677590112124
656305,2024,L,0.3554547961353942,0.10885637091152048,0.2649324313524304,0.009248047861536888,0.6169631505031781
592192,2024,L,0.3381754475197457,0.1080870366835001,0.2001620579126513,0.009326657560182852,0.6824242479304954
642136,2024,L,0.2921530825349411,0.10895099493643201,0.2672823184557839,0.014049880409451392,0.6097168063584975
687263,2024,L,0.3291204786268129,0.07859159660772595,0.21782746000260977,0.008347382428734909,0.695233560967848
668715,2024,L,0.3226085564858884,0.10428062146650151,0.22587494789775373,0.009062694264619094,0.6607817366791022
663886,2024,L,0.3303398128275365,0.11742515322104988,0.21836415590513206,0.00868622929776014,0.6555244625786649
670770,2024,L,0.29218609452086036,0.11007925738349017,0.19358145294926785,0.014459603000523782,0.6818796865650701
694362,2024,L,0.315175189310609,0.07750388445178684,0.2302820599941642,0.008560121705972559,0.6836539352917292
682622,2024,L,0.3311917329359057,0.09179989490899242,0.2134612830740071,0.008454010836982207,0.6862848117239589
669289,2024,L,0.31808045100451915,0.07723753217537778,0.12923554654073793,0.007758769523971248,0.7857681522197186
641584,2024,L,0.2783814130999353,0.09507193799361634,0.2495264514783972,0.01443642577339275,0.6409651852275755
686668,2024,L,0.2860526478590073,0.07992375553474985,0.31320673069399074,0.008738505170839484,0.5981310099004155
571448,2024,L,0.3464242773379245,0.05417781118331198,0.1547545441092529,0.00781592267937996,0.7832517213530401
664040,2024,L,0.3069584500070126,0.07723812278682492,0.29173575242599525,0.013642878528390025,0.6173832459243099
666185,2024,L,0.30190882381136097,0.08441327446180505,0.21312863203105625,0.008658040198667038,0.6938000540198227
686482,2024,L,0.28538342920109583,0.0822249495133259,0.2620180180831863,0.014027382025624703,0.6417296510373316
666139,2024,L,0.2904357567353686,0.07363900835515579,0.262746261340971,0.012816198149430273,0.6507985318468814
694376,2024,L,0.315175189310609,0.07750388445178684,0.2302820599941642,0.008560121705972559,0.6836539352917292
518792,2024,L,0.3080033887265583,0.06811288075507867,0.18318055466191252,0.013323406142568776,0.7353831596771575
663967,2024,L,0.23594703198305875,0.06238924219331189,0.3483368385405604,0.014161999835938433,0.575111918760125
593871,2024,L,0.33363016257428546,0.06968385005582069,0.17794046468047625,0.008238511147061823,0.7441371738589664
680716,2024,L,0.2539273060010767,0.11812683355248127,0.3155523452663596,0.009920033604329762,0.5564007876559208
679822,2024,L,0.315175189310609,0.07750388445178684,0.2302820599941642,0.008560121705972559,0.6836539352917292
805779,2024,L,0.315175189310609,0.07750388445178684,0.2302820599941642,0.008560121705972559,0.6836539352917292
669127,2024,L,0.3128406381262603,0.07968369675574434,0.31116233616247224,0.009000226678082661,0.6001537398822249
687231,2024,L,0.315175189310609,0.07750388445178684,0.2302820599941642,0.008560121705972559,0.6836539352917292
660758,2024,L,0.315175189310609,0.07750388445178684,0.2302820599941642,0.008560121705972559,0.6836539352917292
621020,2024,L,0.3356773109932777,0.08307475603780663,0.22989144337380843,0.008704337090451797,0.6783294630109004
665804,2024,L,0.3195927285902756,0.09928907992047778,0.26333833872525053,0.009178151981891418,0.628194428794074
663538,2024,L,0.3318773298788851,0.06703979232265021,0.11030825350999027,0.007960104071746214,0.8146918496118406
621550,2024,L,0.327214797907372,0.09617096462413985,0.33618105302092977,0.00942469314097998,0.5582232881963669
678894,2024,L,0.3043761841084776,0.07736392671909906,0.2423585126145612,0.008608644491654195,0.6716689157362394
518735,2024,L,0.32141632067504744,0.09572828224032813,0.2606960535648894,0.008809085105228409,0.634766578781251
669707,2024,L,0.29615043476344033,0.09925621942007419,0.2708192743327404,0.009070335351709102,0.6208541697732031
664774,2024,L,0.3137925222192442,0.11196375871592729,0.21761605673658585,0.014706085987935042,0.6557140998550874
671218,2024,L,0.3193204658756287,0.0815461952312608,0.25677029100522103,0.008681646295314082,0.6530018676241616
666310,2024,L,0.29749019069787497,0.10060867840645482,0.23613432161993586,0.013658058908372113,0.6495989428526627
665926,2024,L,0.2685193140919051,0.0503145916307528,0.2120748822363882,0.012718294811428362,0.7248922305870047
691406,2024,L,0.37082077620995857,0.0676906487076975,0.18021310041544003,0.007695843578071387,0.7444004068304145
676356,2024,L,0.26804394432959866,0.053736716601520476,0.17658048574596727,0.007847950457716933,0.7618348491549252
656716,2024,L,0.2780988110079377,0.08234699397302277,0.22458974131575063,0.013756700783550572,0.6793065631490895
650490,2024,L,0.3820501452107921,0.10895077340652339,0.14549319006139216,0.008401118516975609,0.7371549177267207
670764,2024,L,0.2971604715698862,0.11379744990830234,0.1926324350546029,0.008734738165229074,0.6848353768830509
642350,2024,L,0.294361967904895,0.068804389086733,0.32584842103946715,0.008850310459923077,0.5964968796898223
666163,2024,L,0.26304490179815243,0.09363997832496301,0.3191677610921334,0.014336238894135964,0.5728560217628726
500743,2024,L,0.31321984730976854,0.06905352965623994,0.11838566212645678,0.0076938611737871945,0.804866946993418
669257,2024,L,0.3646685357649666,0.10581879912509931,0.18084313345400488,0.009031199917024517,0.7043068675486379
669304,2024,L,0.32988786690322563,0.058081079939945074,0.18072492865037057,0.007861022808749854,0.7533329676933249
643565,2024,L,0.28886479617192845,0.12026791068724123,0.26118771371583127,0.014925834733688147,0.6036185399926338
679032,2024,L,0.275287518050962,0.04735674329326585,0.21762552509377722,0.00803323514718248,0.7269844974225834
669720,2024,L,0.32642883134757344,0.06510612501287684,0.18473116236924142,0.007913680522944973,0.7422490314520171
683737,2024,L,0.30995764507692297,0.0896876376201275,0.27426912627037503,0.014342350841581098,0.621700885714208
596115,2024,L,0.3280997037499074,0.07741730940656567,0.26855614986702575,0.00899609577152847,0.6450304445499402
680118,2024,L,0.30807845753128,0.08829253869580504,0.2617396823907707,0.008659027024996506,0.6413087524283362
702358,2024,L,0.315175189310609,0.07750388445178684,0.2302820599941642,0.008560121705972559,0.6836539352917292
592200,2024,L,0.3035575929759902,0.12429117413221502,0.2568068281671142,0.009015748639852482,0.6098862491768833
645444,2024,L,0.2676617336799133,0.11261899361508314,0.23500581416897262,0.008989872855712877,0.6433853180797088
672386,2024,L,0.37359701351680347,0.09347100690933399,0.1215328425295828,0.008091961639516766,0.776904188357352
641933,2024,L,0.334000686739283,0.09084911429135545,0.28964387479336645,0.008910674646966604,0.6105963367799888
656811,2024,L,0.30848948969770107,0.08072866027897421,0.2554578865174194,0.013496650741680296,0.650316802536353
643376,2024,L,0.3494770963517562,0.0941933327609677,0.18955722949568263,0.008442882867695775,0.7078065538817593
665953,2024,L,0.315175189310609,0.07750388445178684,0.2302820599941642,0.008560121705972559,0.6836539352917292
694384,2024,L,0.2767823920709479,0.1037380771543031,0.19449008678073934,0.014043003568978847,0.6877288328672156
656537,2024,L,0.27749124454045176,0.06696844898285725,0.2862432900245533,0.008157556211184169,0.638630703856613
660644,2024,L,0.2918322517185677,0.08228736842079713,0.17949828160463843,0.008080603450293294,0.7301337466331205
592626,2024,L,0.3173786950759861,0.07792890696918366,0.2592401245777512,0.013932766311930321,0.6488982032359263
656976,2024,L,0.30159973474067636,0.09692643973353528,0.18852711303296402,0.013599450255938597,0.7009469959379272
665487,2024,L,0.35718696170423614,0.07917569140383063,0.23066386264412964,0.008410706081435447,0.6817497391815069
666018,2024,L,0.28243319851636495,0.09829868168341176,0.2492391358143286,0.01442288510740062,0.6380392975695388
650391,2024,L,0.3563311775084557,0.0565978343313391,0.20385323286851692,0.007792293158303628,0.7317566380103497
693307,2024,L,0.315175189310609,0.07750388445178684,0.2302820599941642,0.008560121705972559,0.6836539352917292
702616,2024,L,0.28538342920109583,0.0822249495133259,0.2620180180831863,0.014027382025624703,0.6417296510373316
666181,2024,L,0.28838534230603957,0.11186252587967027,0.3020007138914746,0.014106254554516296,0.5720305061636259
666160,2024,L,0.2478638886671524,0.04544794153447643,0.3573584912318708,0.012311320074419504,0.5848822469787585
665161,2024,L,0.32623580762712784,0.059801245091415677,0.19717273319658757,0.00785814975384128,0.7351678713649
670541,2024,L,0.3675646849149907,0.08002436790460402,0.22811857205451277,0.013780668368876987,0.6780763920748282
676439,2024,L,0.28538342920109583,0.0822249495133259,0.2620180180831863,0.014027382025624703,0.6417296510373316
665506,2024,L,0.288052323341782,0.07544524162319391,0.26015357439811965,0.008401755497034183,0.6559994276058003
682668,2024,L,0.315175189310609,0.07750388445178684,0.2302820599941642,0.008560121705972559,0.6836539352917292
669397,2024,L,0.27703053787955284,0.08294324266695537,0.18192973172125917,0.008181612017000702,0.7269454148612345
664702,2024,L,0.30779987947728654,0.10439284361234173,0.15228510792680666,0.008557062908812092,0.7347649860273514
608070,2024,L,0.36024892557789934,0.07266743321168556,0.10880788479995157,0.007792072800035069,0.810732609581653
680718,2024,L,0.28538342920109583,0.0822249495133259,0.2620180180831863,0.014027382025624703,0.6417296510373316
642133,2024,L,0.3163138096453532,0.07570903766322631,0.24629616311853028,0.013037486169614285,0.6649573143461195
664034,2024,L,0.34229255820119525,0.07318652077121314,0.1757833282820485,0.008493112732876064,0.7425370385864034
624428,2024,L,0.2995975209571122,0.07752673631752874,0.14457184676919874,0.013923686967009765,0.7639777296607889
682617,2024,L,0.2984140512118271,0.11103746760382678,0.2948925814466751,0.008470786644809169,0.5855991651207078
663898,2024,L,0.3306159034078334,0.07633769365132367,0.20365086818249212,0.008192038666384672,0.7118194001373518
620443,2024,L,0.31089216325798985,0.08905189307532468,0.23665146279669833,0.008764754085769311,0.665531889347465
682177,2024,L,0.28538342920109583,0.0822249495133259,0.2620180180831863,0.014027382025624703,0.6417296510373316
686823,2024,L,0.2768293075467997,0.0461167461924739,0.13370846939247363,0.011251388964380311,0.8089233945288755
682928,2024,L,0.27941769057583205,0.05402411216200847,0.2007214485464991,0.0125084961575417,0.7327459432183314
594807,2024,L,0.3209109654347928,0.06664118677070523,0.27754175974647055,0.008936377187417063,0.6468806763718452
642201,2024,L,0.27176326830788455,0.102072878938184,0.3261771565807764,0.009297391533443852,0.5624525733233098
624415,2024,L,0.3036485714986827,0.13377875533779157,0.2654265465167802,0.015053546536993354,0.5857411518227611
593160,2024,L,0.31516089148102855,0.057300190537006045,0.14979745446643852,0.0078473503511614,0.7850550037288787
642708,2024,L,0.3060032201801341,0.045699169868623664,0.18322386859899178,0.007865917323428784,0.7632110430328634
670242,2024,L,0.32120133468479894,0.09296874122850379,0.33278018847784313,0.014511130897840202,0.5597399386489724
595978,2024,L,0.2721673370643267,0.05843478323259889,0.27190440495643625,0.008455441823603046,0.6612053700986392
700932,2024,L,0.28538342920109583,0.0822249495133259,0.2620180180831863,0.014027382025624703,0.6417296510373316
677941,2024,L,0.27147242113828884,0.056714595379162805,0.28882484079933773,0.00813088409290325,0.6463296784430296
608701,2024,L,0.3395408486735533,0.11333738787380711,0.20233125391896548,0.008697690734732966,0.6756336669411517
607732,2024,L,0.31581793323420865,0.09409200885292517,0.18699618645461524,0.0083656069901824,0.7105461968430105
681481,2024,L,0.29183816619169345,0.06926421395344108,0.23909609633524062,0.013544991010195484,0.6780946981355738
660162,2024,L,0.3083126714540535,0.10645348103466401,0.28644245220445574,0.009230744882542805,0.5978733214139357
553869,2024,L,0.3145857814790026,0.06962892198707832,0.1934865538839467,0.008255387834505296,0.7286291361814231
646240,2024,L,0.3364964327411018,0.0519294296305617,0.20256041685135637,0.012542585930423568,0.7329675686388678
670869,2024,L,0.2611845539107476,0.08470846709726419,0.25561368257179046,0.014073690654436265,0.6456041598196761
691723,2024,L,0.315175189310609,0.07750388445178684,0.2302820599941642,0.008560121705972559,0.6836539352917292
657193,2024,L,0.26764237881422087,0.07562541404133581,0.2552650897712264,0.014601164677335406,0.6545083304936259
680728,2024,L,0.28538342920109583,0.0822249495133259,0.2620180180831863,0.014027382025624703,0.6417296510373316
621028,2024,L,0.3038912714930983,0.06331347576572445,0.11647244697344926,0.0074785191421079126,0.8127355572039948
667452,2024,L,0.3104717334845004,0.07430451787336718,0.20973612370488653,0.008464968867138224,0.7074943896556151
641779,2024,L,0.33485694111410597,0.11495853031837165,0.26330166856818604,0.008848380189424835,0.6128914217306091
663616,2024,L,0.2840849410594315,0.0888647897679264,0.3529270451237329,0.013833697982426027,0.5443744676190411
671083,2024,L,0.30331158412507453,0.1143733247498502,0.2193527060280245,0.008540678622609942,0.6577332900696473
572191,2024,L,0.29736503733801783,0.07323929830036728,0.2766119375003594,0.00867994746609404,0.6414688187878794
661531,2024,L,0.24838490797592563,0.059434280420397174,0.2584913078289509,0.008578891910020961,0.6734955196351997
682073,2024,L,0.3193374465161083,0.12644577454901973,0.28105043510689026,0.009142313924389201,0.5833614773600976
641645,2024,L,0.30062770466560834,0.12252893391490463,0.1591372143454074,0.014803948158731657,0.703529903099078
672284,2024,L,0.2930072095089033,0.07855611198603484,0.27432818755005667,0.013688243695232876,0.6334274566452776
592325,2024,L,0.2824507464907828,0.09521862567000391,0.2759505873689334,0.01435987251384099,0.6144709146441258
677956,2024,L,0.315175189310609,0.07750388445178684,0.2302820599941642,0.008560121705972559,0.6836539352917292
605244,2024,L,0.27261717296123616,0.0689810810102935,0.3055206665497796,0.008876511377109582,0.6166217420040598
670276,2024,L,0.26431729964434525,0.12696842535704836,0.233980990961342,0.014783729529686873,0.6242668539794012
673962,2024,L,0.3470782527244949,0.06677159246789256,0.24779753129077994,0.008030388589656618,0.6774004867159039
695238,2024,L,0.28538342920109583,0.0822249495133259,0.2620180180831863,0.014027382025624703,0.6417296510373316
671289,2024,L,0.31762459721341363,0.07707094386458312,0.1564247300054851,0.008428663327878333,0.7580756639596502
680757,2024,L,0.30706197355060766,0.10908130114486841,0.11674584124074344,0.014276088247334083,0.7598967701194371
669137,2024,L,0.315175189310609,0.07750388445178684,0.2302820599941642,0.008560121705972559,0.6836539352917292
676116,2024,L,0.29808007535266523,0.12508122803091748,0.3490005443959809,0.015421938521221796,0.5104962893529321
682641,2024,L,0.324968000116295,0.08250548594851127,0.14185351773378868,0.0077986754414271124,0.7678423219567435
676801,2024,L,0.3060109611398925,0.0971691137940366,0.27106087824667513,0.009045337874891934,0.6227246691499547
605131,2024,L,0.3073393457372578,0.12421752548081826,0.23036929268671189,0.009106761283622,0.6363064200423163
662139,2024,L,0.2957257145034685,0.08367802045868201,0.2575685936130064,0.014508750800168224,0.6442446357909746
663897,2024,L,0.27643992377441323,0.082729821150678,0.2382691078282241,0.008801087113588067,0.6701999840256078
675961,2024,L,0.26312707898390914,0.06772364540396295,0.2849427623275432,0.0087277334043499,0.6386058584900083
608671,2024,L,0.2559004717187685,0.1126418819036513,0.26427539835985236,0.014668646392288778,0.6084140730123194
669326,2024,L,0.315175189310609,0.07750388445178684,0.2302820599941642,0.008560121705972559,0.6836539352917292
656484,2024,L,0.328097966505014,0.07352316694175254,0.2664279594612591,0.014144187515092407,0.6459046867530245
543685,2024,L,0.37396952613737644,0.11158450641153309,0.16080284840689835,0.008857112103445426,0.7187555341489305
643446,2024,L,0.3066419034963142,0.06170037906240451,0.12311168229003247,0.012407340241879476,0.8027805973509252
608385,2024,L,0.3102842386232273,0.09476369118855055,0.20118058467175934,0.013852669269310771,0.6902030542897127
668952,2024,L,0.29180254904277053,0.10944362468662112,0.2603943634557706,0.00852116377618852,0.6216408475304308
666176,2024,L,0.2930542462972978,0.07513606429609077,0.33132916673325946,0.009401650694703284,0.5841331180703386
670156,2024,L,0.29423393087936994,0.12079008966488057,0.23064819755413365,0.014916410465095363,0.6336453023919448
680779,2024,L,0.3393433725711402,0.09026502307799578,0.21764480825193366,0.008737581686655596,0.6833525861378142
690291,2024,L,0.28538342920109583,0.0822249495133259,0.2620180180831863,0.014027382025624703,0.6417296510373316
678489,2024,L,0.315175189310609,0.07750388445178684,0.2302820599941642,0.008560121705972559,0.6836539352917292
681460,2024,L,0.315175189310609,0.07750388445178684,0.2302820599941642,0.008560121705972559,0.6836539352917292
676551,2024,L,0.17612666759413403,0.12456515211654531,0.6096114232421539,0.010656621040264111,0.2551668043019022
518934,2024,L,0.35700637880607544,0.08897286471392381,0.1511805069528657,0.008271164998423697,0.751575464022336
608369,2024,L,0.3504881175639067,0.06001153436794449,0.19068850453362907,0.012117986810919664,0.7371819750036827
543510,2024,L,0.3005356940873424,0.0630968052885023,0.25948922039484973,0.008306489374934792,0.669107484095764
596146,2024,L,0.32542679929168294,0.07709439233013156,0.19293245981600765,0.013290423800450262,0.7166827217227446
672701,2024,L,0.26267251874196906,0.047710082706484455,0.23731284451425635,0.01341388822279428,0.7015631853619559
679845,2024,L,0.31810076951782046,0.07330169653162788,0.1466154034784753,0.007584540229664395,0.7724983596304911
642086,2024,L,0.29382197967055507,0.06592573117912438,0.21330511788867407,0.013186004573120767,0.7075831466591832
694355,2024,L,0.315175189310609,0.07750388445178684,0.2302820599941642,0.008560121705972559,0.6836539352917292
669200,2024,L,0.06615194421462597,0.05315584365603763,0.8572929147280587,0.009462318462197628,0.08008892316649287
669134,2024,L,0.3272258687171688,0.053896797202323106,0.15622318592843176,0.007981632383395863,0.7818983847367262
669369,2024,L,0.25582383629213834,0.08281762232379311,0.2800829822192107,0.008649990285100313,0.628449406121945
656577,2024,L,0.2609749013142582,0.053030127498946984,0.45258796408277385,0.008972649198416236,0.48540925943941576
642731,2024,L,0.30922243753290896,0.06988485222795357,0.1803960168860889,0.007984836964145661,0.7417342925686661
666152,2024,L,0.2544906731604423,0.13722872790587629,0.3094629428971064,0.015010179989470811,0.5382981502174268
641856,2024,L,0.2863971159566273,0.0976638878787177,0.2661558429045139,0.014298587501383858,0.6218816820570314
686469,2024,L,0.34948806883252803,0.06784703313692615,0.12648116945875687,0.012517713798738025,0.7931540828787194
645305,2024,L,0.28464783515846237,0.06613129981130994,0.29429759828893304,0.008543996504973023,0.6310271058941258
669743,2024,L,0.33204222226162144,0.13298320843572523,0.18253775593892785,0.009189768022566644,0.6752892685818015
575929,2024,L,0.3265128120237507,0.07396187872752846,0.24944566438393256,0.00870429719533308,0.6678881593104995
609280,2024,L,0.33164650096973747,0.04871122809234571,0.13606757610719147,0.0075012506036321565,0.8077199439657633
656413,2024,L,0.29733776732782424,0.11123852678516874,0.2897794471699867,0.00900991085903477,0.5899721155482796
678225,2024,L,0.27232955094792133,0.09552339985133237,0.270223836854403,0.014596326866469776,0.6196564369124843
623520,2024,L,0.3252763894140205,0.08737665112492822,0.287960438095343,0.008908080126548474,0.6157548302907561
595879,2024,L,0.31381037728536876,0.04113830563217028,0.2728066004986918,0.007630763263882008,0.678424330316276
672724,2024,L,0.29485562010096,0.10084930054056225,0.24697249147684341,0.008417762367830954,0.6437604463070196
656180,2024,L,0.32142271781740717,0.10078970654631521,0.2920050173658689,0.00954380076349134,0.5976614755197031
647351,2024,L,0.322167270975279,0.0698974215378119,0.16222257188081518,0.008276920269861102,0.7596030884697852
669222,2024,L,0.31551306699652404,0.07515388006652414,0.19994487842149336,0.008244593129850368,0.7166566482419269
694175,2024,L,0.315175189310609,0.07750388445178684,0.2302820599941642,0.008560121705972559,0.6836539352917292
663905,2024,L,0.27683727729916385,0.06233754219051868,0.2607146536094559,0.012347460248237267,0.6646003441545031
686527,2024,L,0.3010080483753364,0.04810614637893366,0.23665608813461442,0.012669710611802281,0.7025680541979518
600869,2024,L,0.32107147030450073,0.07873896870446588,0.20667357272290182,0.008609122307033007,0.7059783362455142
673490,2024,L,0.3217388132948494,0.10984501248214694,0.17651719921129025,0.008856376969117962,0.704781411873999
672012,2024,L,0.28538342920109583,0.0822249495133259,0.2620180180831863,0.014027382025624703,0.6417296510373316
663647,2024,L,0.34335733788288775,0.0738389813174113,0.19441161977811405,0.008499245414243685,0.7232501518122909
663586,2024,L,0.3573670567296339,0.07424193936579167,0.2462706333147554,0.008568958671221085,0.6709184695082968
676632,2024,L,0.2648257147743551,0.08027383646907478,0.2854789363952929,0.013557060545849212,0.6206901664529165
678554,2024,L,0.3011590244359899,0.07317047013064772,0.1983545588724113,0.008261572036448344,0.7202134010547993
677950,2024,L,0.26993413410893335,0.07127017918921062,0.22206627857017253,0.01331580695731457,0.6933477356667815
592178,2024,L,0.3316563772947099,0.09574876566692078,0.23019894258425072,0.008677426095757994,0.6653748650716604
665966,2024,L,0.315175189310609,0.07750388445178684,0.2302820599941642,0.008560121705972559,0.6836539352917292
669357,2024,L,0.31542937032498186,0.08340032765015393,0.3179260256937883,0.013487481498160803,0.5851861654557282
668723,2024,L,0.27778992133607094,0.056439650260245854,0.19247397669483665,0.007483584073951746,0.7436027907085847
669208,2024,L,0.315175189310609,0.07750388445178684,0.2302820599941642,0.008560121705972559,0.6836539352917292
623912,2024,L,0.3228246598692432,0.041187042342886254,0.17490694310829258,0.007734526557516895,0.7761714892281408
656883,2024,L,0.356491119682686,0.05950852049676847,0.13332337825851678,0.00811391531387094,0.7990541859055863
686894,2024,L,0.3144219569340339,0.09757379746071684,0.25677274069929373,0.008742514865895518,0.6369109477581858
670224,2024,L,0.28538342920109583,0.0822249495133259,0.2620180180831863,0.014027382025624703,0.6417296510373316
624503,2024,L,0.29567016347443736,0.04954159502623986,0.21756944802327552,0.013249251486109875,0.7196397049099755
650859,2024,L,0.30807603348903784,0.06330583319595222,0.17505849283638994,0.007766714812822984,0.7538689581346649
805373,2024,L,0.315175189310609,0.07750388445178684,0.2302820599941642,0.008560121705972559,0.6836539352917292
681584,2024,L,0.31815508141595406,0.12126251052337635,0.28205999661762343,0.00909205220617522,0.5875854414297924
695391,2024,L,0.315175189310609,0.07750388445178684,0.2302820599941642,0.008560121705972559,0.6836539352917292
543063,2024,L,0.2902429432820199,0.06323067800818125,0.2261514178306904,0.0128150327806473,0.6978028716869112
687799,2024,L,0.28260493891709976,0.10130926656772168,0.3018500051680007,0.013971515967197694,0.5828692122084015
682988,2024,L,0.315175189310609,0.07750388445178684,0.2302820599941642,0.008560121705972559,0.6836539352917292
642197,2024,L,0.315175189310609,0.07750388445178684,0.2302820599941642,0.008560121705972559,0.6836539352917292
641432,2024,L,0.3156113472409223,0.07145030089208004,0.1510717805042968,0.013099304340211202,0.7643786146599291
592696,2024,L,0.2853842652428218,0.03876399723526807,0.19399999870859613,0.010596270508860467,0.756639734877025
681546,2024,L,0.28729499845516776,0.10288019919834807,0.3389332957339975,0.014854820144344227,0.5433316862757109
613564,2024,L,0.2645282169142117,0.08644988534202713,0.32310012761351853,0.013285224412690628,0.5771647619697188
621466,2024,L,0.27798436228009044,0.0855847921006926,0.3048117313489884,0.014411853626429045,0.5951916232936688
671221,2024,L,0.2862794631651362,0.0722685034492788,0.30558097895001174,0.008538225207890169,0.6136122926290828
605204,2024,L,0.3277981640246521,0.09111277782002042,0.27124218613446494,0.00869993440755406,0.6289451029961015
527038,2024,L,0.32588543330282244,0.07028289442452204,0.1381960554329694,0.008225955514016838,0.7832950940287361
663330,2024,L,0.3328051841547083,0.12890750267850837,0.23158519537831157,0.008814226101956398,0.6306930755545149
592885,2024,L,0.3327649377943085,0.09222978653956658,0.23042292199406986,0.013913857394503149,0.6634334330038092
660636,2024,L,0.30997796147693213,0.06941253593655106,0.19385387532913823,0.008077884791437206,0.7286557036307925
665856,2024,L,0.315175189310609,0.07750388445178684,0.2302820599941642,0.008560121705972559,0.6836539352917292
649557,2024,L,0.3355667287183115,0.06511289585861367,0.14486881096154794,0.007714339156710878,0.7823039544093499
669374,2024,L,0.30264890552663076,0.0900926469755037,0.3694371544734859,0.009722670134317166,0.5307475266642495
622761,2024,L,0.30531966830501706,0.060768181412105396,0.2300757857038586,0.008311391659865696,0.700844640443474
656248,2024,L,0.3274345187551148,0.10491839826489092,0.2708649822579042,0.009096582842244584,0.6151200360979623
624512,2024,L,0.2595223410544384,0.06787397457286923,0.21552634615291644,0.01256237558833917,0.7040373025370833
621458,2024,L,0.2803859594469216,0.07349410772777852,0.35203990402291235,0.0138342800434287,0.5606317081078968
642851,2024,L,0.27834782633197913,0.07693420596130313,0.2287813690415424,0.008790466661294289,0.6854939588896328
621512,2024,L,0.26616182412189415,0.04446532927143346,0.27028747884995824,0.008000447609295282,0.6772467427679421
669261,2024,L,0.31414001248161233,0.11698141763391467,0.3026975131820855,0.01487766429775804,0.56544340338937
664901,2024,L,0.2877592102334082,0.09561066570443372,0.22673885596259588,0.008996572287455378,0.6686539065565169
665561,2024,L,0.2584985662021185,0.04976820979654148,0.1772597275104971,0.007184498429368602,0.7657875637116646
672744,2024,L,0.2584856145065619,0.060077564968299184,0.3442189456444473,0.009142307872689603,0.586561181021585
668800,2024,L,0.29184885996083143,0.06375286154389295,0.23951346793153966,0.00857557936225413,0.6881580909984785
666182,2024,L,0.3785045216534321,0.0581549007174494,0.17509487633817597,0.008304719853368194,0.7584455017299929
681962,2024,L,0.26704369866954064,0.11477508650831045,0.22072175902819005,0.009376151589459503,0.6551270041977149
658668,2024,L,0.3132197071380586,0.08043392977119045,0.17213425201502058,0.008296585326208273,0.7391352324072654
605361,2024,L,0.2819492779484925,0.10450956094037386,0.22270679822504436,0.014285454759824253,0.6584981853548427
663550,2024,L,0.20480504320755022,0.03780352670886591,0.4330637896404077,0.012012736116417011,0.5171199467051768
593934,2024,L,0.37194306935071236,0.0987535336653037,0.3043001842760825,0.009164804470751143,0.5877814776386536
672356,2024,L,0.2964677191649695,0.07374209765819799,0.33928142251030297,0.008758783022321755,0.578217697253563
608841,2024,L,0.3517317836445927,0.06789484399143089,0.18517540317767223,0.008240128712455526,0.7386896246107263
455117,2024,L,0.2899598654471756,0.08972679442153496,0.2675862176688988,0.008927606881722257,0.6337593800043949
668731,2024,L,0.25862195676233574,0.09566373544952367,0.2961220250574089,0.014005604822057921,0.5942086358487008
670097,2024,L,0.3019107198855312,0.1274822860641742,0.26591544943737827,0.00947434281265599,0.5971279233892932
673995,2024,L,0.315175189310609,0.07750388445178684,0.2302820599941642,0.008560121705972559,0.6836539352917292
621311,2024,L,0.2534262969323624,0.05168669549182464,0.3047211063545631,0.012267088387202413,0.631325109503839
641313,2024,L,0.29833710762249505,0.045241297603953436,0.22653778512737113,0.00805846578805264,0.7201624526161188
682119,2024,L,0.315175189310609,0.07750388445178684,0.2302820599941642,0.008560121705972559,0.6836539352917292
677942,2024,L,0.315175189310609,0.07750388445178684,0.2302820599941642,0.008560121705972559,0.6836539352917292
664954,2024,L,0.2758453600960503,0.0769935801954261,0.20347844850177665,0.012975589657470862,0.7065523819919758
571466,2024,L,0.25926236517118895,0.08317405868015755,0.2504539048346388,0.01394831698613956,0.6524237198818124
669450,2024,L,0.297476868847855,0.12287941172261342,0.2650674182916916,0.008850069329109376,0.6032031007271264
657088,2024,L,0.30671602366865236,0.13323894739556968,0.23377094516007443,0.015355418158077313,0.6176346884167537
641511,2024,L,0.277960762893905,0.0835322845666749,0.24841426419689466,0.008883166380900117,0.6591702847393667
666703,2024,L,0.28677423900374566,0.09240849723287745,0.24037978142241395,0.009086574420911675,0.6581251463516854
671286,2024,L,0.315175189310609,0.07750388445178684,0.2302820599941642,0.008560121705972559,0.6836539352917292
676369,2024,L,0.3164901963772124,0.09296675545938457,0.30391205563784235,0.00861462646777203,0.5945065617850052
666915,2024,L,0.31390997091451445,0.07683372017544221,0.3326456143278427,0.008963355180852948,0.5815573083855501
676701,2024,L,0.27613642148644907,0.07624189325258403,0.24421316997103312,0.008318484734199234,0.6712264518544705
660707,2024,L,0.2826373227737674,0.05502438128363632,0.3045499486415453,0.008733707577339413,0.6316919625346142
691182,2024,L,0.315175189310609,0.07750388445178684,0.2302820599941642,0.008560121705972559,0.6836539352917292
669087,2024,L,0.2867704207841442,0.06737901518421509,0.3486358573872749,0.008104148012800173,0.5758809796352683
693049,2024,L,0.2744725789005406,0.05637368069925784,0.29727235472927044,0.013412926321881378,0.6329410386241792
543228,2024,L,0.30489647348756277,0.05215783529508086,0.22150450906632715,0.008118515492519162,0.7182191403078335
664874,2024,L,0.26925133457217826,0.09638103352341282,0.3625539815494711,0.009646127588976114,0.5314188567809014
605119,2024,L,0.32832104329399386,0.08439363695712293,0.24074624712960951,0.008668383162289782,0.6661917330818417
640492,2024,L,0.2931710322291626,0.04458789947704248,0.22674487786285355,0.007925069739696356,0.7207421524268677
547989,2024,L,0.3536677990836671,0.058165857743607996,0.21922595484234694,0.008712273637847956,0.7138959143425424
686554,2024,L,0.28538342920109583,0.0822249495133259,0.2620180180831863,0.014027382025624703,0.6417296510373316
643265,2024,L,0.3452827452429022,0.06202922283605357,0.239119362740059,0.00814167005695387,0.690709744641373
677347,2024,L,0.3013014447195888,0.10319764701813547,0.28506258146101726,0.00902203760805106,0.6027177340150224
657061,2024,L,0.27017385625130463,0.08744816468677465,0.24578486232142124,0.00841010143403032,0.6583568708424724
668752,2024,L,0.28538342920109583,0.0822249495133259,0.2620180180831863,0.014027382025624703,0.6417296510373316
674441,2024,L,0.28538342920109583,0.0822249495133259,0.2620180180831863,0.014027382025624703,0.6417296510373316
621545,2024,L,0.24125889553145555,0.08515305872096689,0.2877471790687262,0.009093530285871133,0.6180062312243806
680911,2024,L,0.30950629671051355,0.0683354546241924,0.19514601974152035,0.008374216260671488,0.7281443084887805
553882,2024,L,0.286059417585661,0.09515091345416321,0.19830573406655663,0.014364205342169874,0.6921791486817961
683146,2024,L,0.29508005175127655,0.07752744606358057,0.2800315057990118,0.013803690305623093,0.6286373571570318
667428,2024,L,0.315175189310609,0.07750388445178684,0.2302820599941642,0.008560121705972559,0.6836539352917292
663611,2024,L,0.309943418995586,0.07107645080286634,0.095689969188567,0.0078452915686615,0.8253882877901945
663630,2024,L,0.2940050857909669,0.09770614394710758,0.30295971097459046,0.008851024557410618,0.5904831195706628
660670,2024,L,0.39719348124374276,0.0997090532217466,0.21210318466161218,0.00870802151106271,0.6794797417598506
645801,2024,L,0.3111743616803835,0.10128385230355838,0.24966797709509597,0.013511831931231616,0.6355363384078401
664314,2024,L,0.24406896787494348,0.08903932208638057,0.3371202214506246,0.01339498056091107,0.5604454760702478
669699,2024,L,0.1904981659664705,0.04669726828991632,0.31968768294984645,0.01310680411270064,0.6205082426092435
665923,2024,L,0.2614694201819573,0.07192060224983234,0.221712048048753,0.008365300021314737,0.6980020490081591
542364,2024,L,0.28484682154827823,0.0892904749676311,0.20271424637747015,0.014200222580866038,0.6937950559448568
596129,2024,L,0.3093337413151788,0.1207918717486512,0.25404832489639884,0.014793609313115696,0.610366193714568
592348,2024,L,0.2914541123641259,0.08506382177210461,0.29133086171566414,0.008862295029553123,0.6147430228437352
621563,2024,L,0.2841030863326944,0.06431017884087846,0.18186207280224806,0.012666655963410772,0.7411610939481486
664059,2024,L,0.2868045781193449,0.09092526730864532,0.2344829593847314,0.008526226349872096,0.6660655453775052
666165,2024,L,0.2636536701098995,0.07769057078514117,0.3383328049859363,0.012196215330779787,0.5717804089151576
694497,2024,L,0.28438282452486807,0.13152611025477962,0.2952614795106944,0.01502574588455453,0.5581866637250981
501303,2024,L,0.2915766598567866,0.08603105454596252,0.1800493659322953,0.008327577889467348,0.7255920015986895
808982,2024,L,0.28538342920109583,0.0822249495133259,0.2620180180831863,0.014027382025624703,0.6417296510373316
644433,2024,L,0.26160313852500566,0.048339810973927665,0.30072867821546784,0.007698185283667837,0.6432333257933581
687952,2024,L,0.35534972262733916,0.06683789523257586,0.26368339548418324,0.008977158326139482,0.6605015507581196
608596,2024,L,0.30632548860281494,0.09048812584282538,0.3135689321890952,0.009154415270408871,0.5867885263161793
666135,2024,L,0.29150872407815537,0.06365299120247228,0.22868527954891907,0.013751575099741996,0.6939101540979312
545361,2024,L,0.39558008260977934,0.11159398485370126,0.22865595577787798,0.009327332209664318,0.6504227280661365
543305,2024,L,0.32741604274611263,0.09329606959563753,0.2023737758571544,0.00827959803362794,0.6960505573630855
666211,2024,L,0.2507345925990429,0.08827317347403568,0.3667283750530398,0.0143806141388897,0.5306178370843266
670223,2024,L,0.30055102469706163,0.07014312950843192,0.2947260268050087,0.013529088904600752,0.6216017559313636
541645,2024,L,0.31464064313296813,0.050169843606337916,0.2627885642216487,0.008091040974823516,0.678950550719383
622569,2024,L,0.3273243917143806,0.1032384101682642,0.17709912856015314,0.008738164662246993,0.7109242964006294
669352,2024,L,0.255618684040959,0.07379157468990966,0.2531492470765319,0.008241513329905194,0.6648176627566345
664058,2024,L,0.2947240476517423,0.0789747898541644,0.08923757351623568,0.007637337779099501,0.824150298804068
688363,2024,L,0.28538342920109583,0.0822249495133259,0.2620180180831863,0.014027382025624703,0.6417296510373316
650907,2024,L,0.29951863273732615,0.07245238722038971,0.31869817646148574,0.009175793440158163,0.5996736415682162
607054,2024,L,0.2712265442482156,0.10677903584403899,0.25546657273817386,0.014666235594938123,0.6230881580097647
676946,2024,L,0.26897498019803284,0.08867357443870892,0.2548543585038663,0.008891725725506892,0.6475803412441005
665120,2024,L,0.29318705724640765,0.07293207380297578,0.2683665250184451,0.012963971458516332,0.645737428931734
669392,2024,L,0.26785439877532796,0.07092473539411821,0.3119980769985615,0.008974247371747823,0.6081029409176827
668853,2024,L,0.28538342920109583,0.0822249495133259,0.2620180180831863,0.014027382025624703,0.6417296510373316
518595,2024,R,0.32098800798980903,0.07050893299017172,0.20934658949028945,0.012718923372585256,0.7074255537297285
657656,2024,R,0.3068849041011444,0.09203456630448542,0.2644789239434449,0.014324478079688943,0.6291620313547952
642201,2024,R,0.26516149284831675,0.10196158012996911,0.3281255673482575,0.014258440406407225,0.5556544123940327
621566,2024,R,0.39180205857692907,0.10331730221683491,0.23435966015375556,0.009409458863588462,0.6529135785659886
657193,2024,R,0.2977016258380816,0.08908194328970159,0.2384842842212151,0.009498223021566991,0.6629355491860079
578428,2024,R,0.2859824838380875,0.04380452346592023,0.1371431758021525,0.012045065194270777,0.807007235846346
596019,2024,R,0.35107524570750154,0.07634094001925977,0.15536749147640028,0.008640944651875981,0.7596506238329591
516782,2024,R,0.3124711356481099,0.05173079836084841,0.19426917200390073,0.01302833317062411,0.7409716965636974
682626,2024,R,0.32732538063536093,0.0857255237073056,0.2537860225446364,0.013254023550138886,0.6472344298995881
542303,2024,R,0.35714386499344974,0.06417562853282709,0.20854277396693802,0.012714132910787318,0.7145674641827653
645277,2024,R,0.3283409480233803,0.05264798214918287,0.1741225010932545,0.008316220941782014,0.7649132962763563
671739,2024,R,0.35186733582683183,0.054519646822258065,0.19929292442992577,0.00813543257307647,0.7380519957080863
672284,2024,R,0.33367867358395586,0.09372278980985034,0.24813592278422755,0.009157579112923636,0.6489837076526851
570482,2024,R,0.3254080075111128,0.049782192497820565,0.17035758324391034,0.01219717498058568,0.7676630497584044
607043,2024,R,0.34949329023495196,0.1475805026450097,0.21820457897517953,0.009618876517813735,0.6245960419677998
668901,2024,R,0.3239142611270285,0.06144708840603183,0.2660556005471422,0.013011838154308156,0.6594854723391766
621438,2024,R,0.3256544422139889,0.06618461613360942,0.2169075864113921,0.012940141622180646,0.7039676562782765
502110,2024,R,0.35643398428316087,0.06721029423013822,0.24942394072161428,0.012904006556044732,0.6704617583230503
624413,2024,R,0.36230104365531207,0.06516824890034591,0.23011640253639626,0.013453982026884739,0.6912613665363054
606115,2024,R,0.286218584600296,0.059079017301629094,0.1945595485264578,0.012446111847905679,0.7339153228730891
624585,2024,R,0.34813526530330274,0.08999802101176424,0.2618973451870746,0.013716728853704735,0.6343879040679297
664056,2024,R,0.2865652523002383,0.08076598372859808,0.2362139586263666,0.013727351561669788,0.6692927061697236
682668,2024,R,0.3014417977220648,0.07302966672572805,0.24141132557515435,0.013265134236551148,0.6722938735298223
620443,2024,R,0.2988298931742235,0.0934846759085428,0.2570970462274111,0.01388346545189348,0.635534811927409
669221,2024,R,0.34320179113622307,0.08903061248809711,0.21753655522429832,0.013538889185709667,0.6798939425832979
444482,2024,R,0.34572744967184205,0.06878568720698064,0.18082975314065733,0.008203233382618632,0.742181326447648
630105,2024,R,0.33826038035383366,0.10577872621054854,0.15628653260648628,0.008770056398840225,0.7291646847435362
665487,2024,R,0.35139230077551104,0.06477159180924544,0.23304523199424512,0.012845561848155225,0.6893376146783288
553993,2024,R,0.32466069025577055,0.09722006190852582,0.26944867529445377,0.014493834499982062,0.6188374287437896
545341,2024,R,0.3354069474227996,0.05888450887202225,0.2367559983643943,0.012686417586602258,0.6916730754180197
572233,2024,R,0.34463606066160485,0.08419366622168536,0.22304373091478968,0.01356974362791185,0.6791928586985486
666971,2024,R,0.33448310108454077,0.06032762738645813,0.17813687715606139,0.012170142135861149,0.7493653538372352
682998,2024,R,0.35729285320626597,0.10435349433508631,0.18200614514114055,0.008901166322028965,0.7047391946513583
456781,2024,R,0.3160646079708507,0.06793095676203048,0.20146618815392445,0.013215435206893316,0.7173874194584583
663604,2024,R,0.3014417977220648,0.07302966672572805,0.24141132557515435,0.013265134236551148,0.6722938735298223
642180,2024,R,0.28618413554585054,0.11578546314308981,0.22986460768465286,0.009393722510762379,0.6449562065330576
606466,2024,R,0.34084236373021815,0.09082104461353528,0.15360600892078038,0.008562877740120902,0.7470100682507629
672695,2024,R,0.29971227725433963,0.14168414494453752,0.2009778576176142,0.009710239010076002,0.64762775853069
672515,2024,R,0.33091884943514843,0.09231453477306176,0.1719944771176518,0.014522312348624942,0.7211686755466356
664983,2024,R,0.30020962169343823,0.0847358446092722,0.19867037195368936,0.008581654982816817,0.7080121285167678
553869,2024,R,0.3023817745651263,0.0685687262430536,0.19904415606488765,0.013060042384740497,0.71932707576976
605113,2024,R,0.27433190097765275,0.06686213505672091,0.20942795465448216,0.012565326456033352,0.711144583984958
701538,2024,R,0.324550712706913,0.09347392266531718,0.23557522554597193,0.00912503323138651,0.6618258191340473
650333,2024,R,0.35249096723459467,0.09273150618607828,0.0759442077257465,0.008203431368328217,0.8231208546094961
592669,2024,R,0.31566717587201115,0.0664888649961626,0.24948641660575444,0.012795099513485612,0.671229619417617
677951,2024,R,0.3478598803236942,0.056538920389160495,0.1874852157615067,0.012305186032036196,0.7436706780385218
502054,2024,R,0.3407473470423985,0.11922219239414875,0.24750524647680355,0.01439320159704421,0.6188793592784168
664728,2024,R,0.3161114270290775,0.09297836318525028,0.20739037382544243,0.008663318026311819,0.6909679458995429
672580,2024,R,0.34385720863628777,0.10053831081868907,0.18967464829561617,0.013065564083655392,0.6967214769774093
666023,2024,R,0.31225929730577884,0.07045734243480414,0.22176605442405015,0.012227299083155759,0.6955493042843375
669004,2024,R,0.3494711939314951,0.11225311956446425,0.24513462899037078,0.009322221387031824,0.6332900295770528
493329,2024,R,0.3289116521635334,0.05250744912037177,0.11103108195338081,0.011505119569259075,0.8249563488423357
686681,2024,R,0.33316631936955216,0.0640518366874157,0.21181764387000782,0.008573245160628308,0.7155572738618445
680700,2024,R,0.32424889764166315,0.11049209581247703,0.13042365422955804,0.008699363730172075,0.7503848864894316
686482,2024,R,0.324550712706913,0.09347392266531718,0.23557522554597193,0.00912503323138651,0.6618258191340473
676609,2024,R,0.25907123922216996,0.09555721371067577,0.25569104319007585,0.014636608993430333,0.6341151344135884
666185,2024,R,0.306186067863277,0.10348796619619335,0.22390333399082527,0.009433968219018745,0.6631747315216799
686765,2024,R,0.324550712706913,0.09347392266531718,0.23557522554597193,0.00912503323138651,0.6618258191340473
677800,2024,R,0.35593379623507354,0.10855071306269735,0.2631318606066131,0.009667858976246823,0.6186495672431122
657136,2024,R,0.288685227099658,0.06951108569027578,0.3055623767538135,0.013849853389873894,0.6110766842911132
671213,2024,R,0.3655329322906504,0.11930310088171961,0.23280682475974404,0.009281070188448936,0.6386090033017038
676356,2024,R,0.25669545259414495,0.04815022331011719,0.1841102515312477,0.012207197606675553,0.7555323267915648
666139,2024,R,0.33209646763771955,0.08769111385016254,0.23300410623667892,0.008865987691713048,0.6704387910958405
666624,2024,R,0.2990521531328188,0.0781398285789467,0.32777436150434275,0.012902025556371401,0.5811837842179409
666018,2024,R,0.3106395947363328,0.1041162465531404,0.2376609174472024,0.009325550575694199,0.6488972850580086
691406,2024,R,0.3493569204814093,0.0588400514808817,0.20173813128609114,0.011963249088523357,0.7274585680070027
665839,2024,R,0.3288280937127312,0.09794317775924641,0.1869096524008777,0.009122568737545963,0.7060246019157622
681508,2024,R,0.324550712706913,0.09347392266531718,0.23557522554597193,0.00912503323138651,0.6618258191340473
678882,2024,R,0.2843968968885189,0.05879278085195213,0.2720219556352065,0.012797555876748093,0.6563877070061636
687093,2024,R,0.2921202331427757,0.05762325748966239,0.2065096612751926,0.01276654858662467,0.723100532517879
680776,2024,R,0.335471833043347,0.09691217259153678,0.22225777306147265,0.008757812265322434,0.6720722416386551
683737,2024,R,0.346851655391993,0.10449991533529585,0.2546376970868652,0.009353331610313603,0.631509055891349
673548,2024,R,0.3496036966377156,0.12654777799825329,0.22165238459481568,0.01512565899475582,0.6366741777232071
663538,2024,R,0.32036520692052334,0.06625177673690931,0.12057461590116729,0.012769098685337522,0.8004045083997322
664023,2024,R,0.3264892889971902,0.11203894645997901,0.26875315356386226,0.009426139015739054,0.6097817612908262
670770,2024,R,0.3208689156959517,0.11391551583411041,0.16505724910064196,0.00903143525487895,0.7119957994259025
668715,2024,R,0.3117520113410735,0.1051337113517775,0.23292965716263164,0.014421098449979877,0.6475155334743803
663886,2024,R,0.3183789457556363,0.11212781288748908,0.22854109810808315,0.013713387277748741,0.6456177020884583
682829,2024,R,0.32270778631507857,0.09485767911815092,0.2763239237824664,0.009098790724476601,0.6197196064650315
663697,2024,R,0.31404557519524323,0.10887783833025796,0.23440006356937296,0.01485175566016561,0.6418703430230847
571912,2024,R,0.2754768342473992,0.08364768695041815,0.2685711504377144,0.014034748720850636,0.6337464140246089
676679,2024,R,0.3014417977220648,0.07302966672572805,0.24141132557515435,0.013265134236551148,0.6722938735298223
643565,2024,R,0.32648568225589647,0.1404694048927368,0.2347714721940644,0.009733064944160949,0.6150260583638373
542194,2024,R,0.2929164364255619,0.0356492878989487,0.24259590433325431,0.011378666074053287,0.7103761410717144
682622,2024,R,0.3168696242875117,0.0829111127763181,0.21844646849027743,0.012985117113099156,0.6856573008658369
641584,2024,R,0.3152106281461978,0.10617989644733826,0.21632630970258718,0.009266401965556363,0.6682273922106159
664034,2024,R,0.32840534131625515,0.07232101027201755,0.1831703404656359,0.013296210978509259,0.7312124381034432
691718,2024,R,0.27212405708259996,0.10739930165545623,0.42484617957988363,0.010978169224985844,0.4567763503241883
670623,2024,R,0.3237960173343843,0.08864816847109758,0.16164399136662863,0.013691858562185341,0.7360159803623039
682634,2024,R,0.3014417977220648,0.07302966672572805,0.24141132557515435,0.013265134236551148,0.6722938735298223
668845,2024,R,0.3014417977220648,0.07302966672572805,0.24141132557515435,0.013265134236551148,0.6722938735298223
595909,2024,R,0.3162184283163277,0.08952864761095572,0.27625408492539244,0.009164207928854598,0.6250530592370354
656541,2024,R,0.3093588384603176,0.11447183455816365,0.3379735396781909,0.009853632823935254,0.5377009935938432
666134,2024,R,0.3294585079707714,0.11339396387920644,0.32064280070389667,0.009984273039101143,0.5559789619780895
571771,2024,R,0.32158108201333485,0.07541232196585593,0.19197628636720512,0.013120497099399919,0.7194908941396096
669242,2024,R,0.312779238649765,0.09150944327514836,0.16568209526189862,0.008366822446168575,0.7344416385431393
571970,2024,R,0.3697941150861085,0.14556433142562555,0.24714315848616136,0.009815287009415863,0.5974772227921153
669911,2024,R,0.3000190838821256,0.09787271657489832,0.33183694959719173,0.009231831376780195,0.5610585032225973
641857,2024,R,0.3449921460132473,0.10895593189309162,0.2736668485356255,0.009272933710775519,0.6081042864845649
678662,2024,R,0.3004805007521692,0.04813924012381162,0.2611888933944304,0.013097534600520079,0.6775743321470385
606192,2024,R,0.33580105253940834,0.07334441429440693,0.27470702554199156,0.0135477060398521,0.6384008538063262
681546,2024,R,0.32634477848404037,0.1272559472111253,0.3173935486714326,0.00992778865055509,0.5454227151466269
660271,2024,R,0.39068679417265145,0.1007385769844974,0.2527621164724376,0.009036637646872502,0.6374626689487464
605131,2024,R,0.29675527256475054,0.12411832500393394,0.23853435669834708,0.0146844862667855,0.62266283214178
681624,2024,R,0.3014417977220648,0.07302966672572805,0.24141132557515435,0.013265134236551148,0.6722938735298223
621035,2024,R,0.3065707637638473,0.10674432191996484,0.2924852043945975,0.01443793685625698,0.5863325365916277
687597,2024,R,0.3014417977220648,0.07302966672572805,0.24141132557515435,0.013265134236551148,0.6722938735298223
691011,2024,R,0.324550712706913,0.09347392266531718,0.23557522554597193,0.00912503323138651,0.6618258191340473
605141,2024,R,0.36823195655067664,0.09880738664199873,0.1420164770126931,0.013891852081837859,0.7452842844693889
453568,2024,R,0.33643678976311137,0.06842823783426175,0.17474387178662332,0.008432451414694916,0.7483954391723568
681481,2024,R,0.32668295867587493,0.07401818183275305,0.2275285863223302,0.008887578735592235,0.6895656531275189
678009,2024,R,0.3585188568512082,0.1056929078337354,0.19007277314553175,0.009095613893918419,0.6951387048418503
656716,2024,R,0.3131706539638081,0.0921084058328079,0.199222913518795,0.008839731537601064,0.6998289492043931
676070,2024,R,0.2793153373675727,0.0871719733389097,0.18741178918214516,0.01233299145211402,0.7130832460324906
666150,2024,R,0.3098990969339458,0.0840901704488277,0.19970122144811023,0.00875420071390336,0.7074544074826666
686676,2024,R,0.24881959482865643,0.05601469230264559,0.304405045287777,0.012313255634607244,0.6272670066187778
700242,2024,R,0.324550712706913,0.09347392266531718,0.23557522554597193,0.00912503323138651,0.6618258191340473
679529,2024,R,0.3516151533932861,0.09428815949369251,0.22667743958180941,0.014082307891237203,0.6649520927316664
690291,2024,R,0.324550712706913,0.09347392266531718,0.23557522554597193,0.00912503323138651,0.6618258191340473
672761,2024,R,0.324550712706913,0.09347392266531718,0.23557522554597193,0.00912503323138651,0.6618258191340473
682985,2024,R,0.35458303589958845,0.09975929962341627,0.242375769567182,0.009244505508419085,0.6486204261511972
663837,2024,R,0.3293172012021118,0.08660755547429481,0.18608244975464577,0.013878199472956156,0.7134317955640798
682868,2024,R,0.3014417977220648,0.07302966672572805,0.24141132557515435,0.013265134236551148,0.6722938735298223
672820,2024,R,0.2948433442157008,0.049531071650263325,0.23716188413889816,0.012911095936199433,0.7003959487249735
683734,2024,R,0.3314072048806124,0.06522390197440563,0.18600247398171155,0.012936533145841507,0.7358370909768879
676113,2024,R,0.324550712706913,0.09347392266531718,0.23557522554597193,0.00912503323138651,0.6618258191340473
673357,2024,R,0.3253816732002682,0.04111872839605242,0.25504512751078634,0.01190232574553125,0.6919338195482101
668670,2024,R,0.2880825682506618,0.10344644413102873,0.3181936200864742,0.014315274792954533,0.5640446609166199
678246,2024,R,0.32228181347669593,0.11241990521044477,0.20046436063059367,0.014184926376472106,0.6729308077936738
690993,2024,R,0.324550712706913,0.09347392266531718,0.23557522554597193,0.00912503323138651,0.6618258191340473
694359,2024,R,0.324550712706913,0.09347392266531718,0.23557522554597193,0.00912503323138651,0.6618258191340473
672569,2024,R,0.324550712706913,0.09347392266531718,0.23557522554597193,0.00912503323138651,0.6618258191340473
642136,2024,R,0.3266492713456431,0.13165524198010956,0.252098877915336,0.009340174689973921,0.6069057057228855
592273,2024,R,0.31295604469175775,0.06779146337927629,0.23023885830844704,0.012887232977988316,0.68908244480293
607680,2024,R,0.30188453673029275,0.03627036530411786,0.16891457083038885,0.011507349781485455,0.7833077141337234
665750,2024,R,0.3231519938157666,0.0929663957303087,0.2274170273856094,0.008753593173791476,0.6708629834728396
641680,2024,R,0.3361636934406267,0.08237759331880821,0.16355489564921316,0.008580345400152845,0.7454871653150021
663993,2024,R,0.37148607077116286,0.11350788806757613,0.20127009262644793,0.009023678266333194,0.6761983408697267
694671,2024,R,0.3014417977220648,0.07302966672572805,0.24141132557515435,0.013265134236551148,0.6722938735298223
669701,2024,R,0.32159445343364557,0.12723220971177324,0.2311422382186865,0.009526033067358804,0.6320995180325394
543760,2024,R,0.3271749606644814,0.09451011380534412,0.17314124633170302,0.0136660620609092,0.7186825777423175
677649,2024,R,0.29691967069042036,0.059380723746136434,0.25489619032052596,0.012826670996745598,0.6728964146429248
687957,2024,R,0.324550712706913,0.09347392266531718,0.23557522554597193,0.00912503323138651,0.6618258191340473
676572,2024,R,0.3014417977220648,0.07302966672572805,0.24141132557515435,0.013265134236551148,0.6722938735298223
605346,2024,R,0.18991796863972202,0.02661754312482547,0.40740466015917043,0.012112300368300955,0.5538654962953226
621493,2024,R,0.3312401844550798,0.10357608797838776,0.22791594652398128,0.013764602765245555,0.6547433631872283
608671,2024,R,0.29388470057955063,0.12936635876854685,0.2135604713170002,0.009422834427323428,0.6476503353392505
683021,2024,R,0.28692406322176617,0.09543056599081684,0.12931879876891889,0.013264362715123743,0.7619862732521506
686555,2024,R,0.324550712706913,0.09347392266531718,0.23557522554597193,0.00912503323138651,0.6618258191340473
669003,2024,R,0.2998274668630686,0.12245600396108809,0.31086772751465186,0.009519413334283447,0.5571568549864784
641343,2024,R,0.3255566025366947,0.11797394423009329,0.24969743897496074,0.009287462899699651,0.6230411536709274
655316,2024,R,0.31833921080069416,0.11864597970474833,0.18407196628458175,0.01458571073486256,0.6826963435815059
694192,2024,R,0.3014417977220648,0.07302966672572805,0.24141132557515435,0.013265134236551148,0.6722938735298223
668930,2024,R,0.30412973032963236,0.11486073101190938,0.20314494953805468,0.009401071108771057,0.6725932476670312
687401,2024,R,0.2794250172810111,0.06921557762669073,0.26265209938202594,0.013031924182913782,0.6551003985697432
596142,2024,R,0.331530426477284,0.06722569152775362,0.2609144974676098,0.013567865382573797,0.6582919452599848
663368,2024,R,0.29605454788863683,0.1676367841842155,0.2657984022090505,0.01055253041515776,0.5560122835223635
543877,2024,R,0.29909736948761856,0.06730018534695434,0.18318760951784552,0.013161341489878,0.7363508632439634
622534,2024,R,0.31287339918728263,0.06867950438214132,0.1640139844602604,0.01302661348140538,0.7542798969499245
571657,2024,R,0.29613086846923686,0.049400182433055176,0.1869627768139703,0.01246717315305049,0.7511698674279176
467793,2024,R,0.3581793523075492,0.11682574270334917,0.17086144538930437,0.009094458414701115,0.70321835425629
676059,2024,R,0.34008373502964123,0.0882955020712162,0.22942392313035342,0.012838486669970532,0.6694420877338927
702616,2024,R,0.324550712706913,0.09347392266531718,0.23557522554597193,0.00912503323138651,0.6618258191340473
543510,2024,R,0.2886813780442083,0.05586661482943095,0.26443704352639136,0.012561248446457585,0.6671350930224059
656896,2024,R,0.3354304674874735,0.07282149551573755,0.19893879778305462,0.013009046775201694,0.7152306601287673
668904,2024,R,0.3531784639146995,0.07332293423421056,0.1823847109786536,0.012636016580970383,0.731656337381318
686797,2024,R,0.324550712706913,0.09347392266531718,0.23557522554597193,0.00912503323138651,0.6618258191340473
668885,2024,R,0.3014417977220648,0.07302966672572805,0.24141132557515435,0.013265134236551148,0.6722938735298223
666397,2024,R,0.346415031828372,0.17284541961754227,0.27572047763275526,0.009752320691577738,0.5416817808804189
596103,2024,R,0.2958521718866695,0.10110637691918672,0.29335733840041645,0.014155370885282789,0.5913809134583491
677008,2024,R,0.33456503981527896,0.0794831776381798,0.2512888251813711,0.008676528613801603,0.6605514688824003
663624,2024,R,0.3353891678759281,0.05134139064139671,0.23944567904040295,0.01221406957782303,0.6969988612027297
681297,2024,R,0.3218252205608933,0.13200811317991967,0.2832998400583071,0.010272659352234766,0.5744193872341955
668939,2024,R,0.37285530947535284,0.10846448117607638,0.14724728407699358,0.009107094983272406,0.7351811403673835
656775,2024,R,0.33641594234656186,0.09006347337590764,0.169491068408543,0.009004181513962877,0.7314412770242237
656811,2024,R,0.35153627068316634,0.08777670886976574,0.2230388968316162,0.008905704281213284,0.6802786895953201
680577,2024,R,0.324550712706913,0.09347392266531718,0.23557522554597193,0.00912503323138651,0.6618258191340473
683002,2024,R,0.3768820790623841,0.10014354771035548,0.21560957748239454,0.008713010590808356,0.6755338641358642
602104,2024,R,0.3149738759195174,0.09356578982073027,0.2194024897464686,0.013801237839303261,0.6732304826144482
665833,2024,R,0.36615065371400657,0.0876288537344332,0.2669750021366739,0.008939332990081433,0.636456811122467
668804,2024,R,0.3543045577563983,0.10121609338520045,0.2115430857915188,0.008888401562330617,0.6783524191515525
693304,2024,R,0.29629112131506546,0.09416025567551237,0.23652152727818856,0.013768119797847707,0.6555500968870276
683011,2024,R,0.30936686275551195,0.09736262512883838,0.25855676079891793,0.014238833377995431,0.6298417805656749
657077,2024,R,0.35405214385120587,0.08880065487123293,0.13590277830303474,0.008448695146162057,0.7668478717721796
542932,2024,R,0.3098713161601639,0.11446293778966625,0.2172975675210788,0.014361999938567203,0.6538774940634826
691176,2024,R,0.30319942333443034,0.10452356833217963,0.22609073969869406,0.008517676640593318,0.6608680159091356
669224,2024,R,0.36035358342673013,0.06383494314134408,0.2191395650213425,0.008193242335269722,0.7088322485516386
663757,2024,R,0.33772557156377614,0.142588325017358,0.24457691852513547,0.009795861274467894,0.6030388950236582
650402,2024,R,0.3272973224880468,0.07690857518991519,0.20351336404558065,0.013072137457553345,0.706505923439193
678894,2024,R,0.28957191613740446,0.07392656202676487,0.2669047791706943,0.01278726133846387,0.6463813970058044
695257,2024,R,0.3014417977220648,0.07302966672572805,0.24141132557515435,0.013265134236551148,0.6722938735298223
694377,2024,R,0.3014417977220648,0.07302966672572805,0.24141132557515435,0.013265134236551148,0.6722938735298223
669707,2024,R,0.2815232161797597,0.09678118120516606,0.2914845772219582,0.014075845349239523,0.597658396068142
624431,2024,R,0.2937804992747024,0.059824053472498896,0.18118643569212559,0.011141845576532083,0.7478476657890317
641943,2024,R,0.32446645572305205,0.08671274477673507,0.18510091668727335,0.008838897819922933,0.7193474409965955
663698,2024,R,0.28549864752364523,0.0745542162254574,0.3326195948164838,0.014264175514393808,0.5785620137154707
700250,2024,R,0.324550712706913,0.09347392266531718,0.23557522554597193,0.00912503323138651,0.6618258191340473
663609,2024,R,0.341079718509179,0.10199679930928156,0.31339515549326996,0.014408780254875894,0.5701992652666311
676475,2024,R,0.3593755838095651,0.06355830366140022,0.13032283419157087,0.00791839601765307,0.7982004655201156
680977,2024,R,0.35328615833122634,0.12200311525307167,0.16015723188113884,0.009226871453238016,0.70861278122865
665877,2024,R,0.29690398448720573,0.09871837096458318,0.13713333681053852,0.014286967898841551,0.7498613239736801
666464,2024,R,0.2728201723266174,0.05641623344089143,0.37510769196280846,0.012078884256686634,0.5563971904454763
682641,2024,R,0.3134756338534583,0.07449358840875492,0.14252491258621486,0.012177016931905439,0.7708044818592661
687529,2024,R,0.324550712706913,0.09347392266531718,0.23557522554597193,0.00912503323138651,0.6618258191340473
686780,2024,R,0.3014417977220648,0.07302966672572805,0.24141132557515435,0.013265134236551148,0.6722938735298223
695336,2024,R,0.3014417977220648,0.07302966672572805,0.24141132557515435,0.013265134236551148,0.6722938735298223
691023,2024,R,0.320163738079994,0.06461612343862744,0.2196702300302602,0.011635831163874346,0.7040778157583837
592200,2024,R,0.29078466840749423,0.11172817184031511,0.26940513340432054,0.014173760298315208,0.6046929342449254
689172,2024,R,0.28839889519370365,0.09353319330938008,0.2775104039231501,0.009389870094578137,0.619566533133054
666149,2024,R,0.2900294982670639,0.10476947326230185,0.2817456656134084,0.013737705456166871,0.5997471555486954
624424,2024,R,0.3462447666318504,0.10800557293042716,0.22602866811284306,0.00939455328716969,0.656571205843913
669477,2024,R,0.2993182299035285,0.05396819237652175,0.23190004763845282,0.011879482393511914,0.7022522783766106
672279,2024,R,0.27266362920409876,0.14093178312433577,0.3104026449607297,0.010351259227080552,0.538314313379116
663457,2024,R,0.35798308386749034,0.13309743868499285,0.2050969981244506,0.009333173935449387,0.6524723897736704
622268,2024,R,0.288291870858241,0.08257484921681331,0.21009334494869136,0.008691455023171228,0.6986403511598609
664774,2024,R,0.35031410386359696,0.12886303121234297,0.1937525759833641,0.009407867991239237,0.6679765244440643
573262,2024,R,0.3455669756306567,0.11676702087211406,0.23565730093535786,0.009559507265144207,0.638016170145966
502671,2024,R,0.35140983129735665,0.09020497073927644,0.2391153918825426,0.013870545284963124,0.6568090914868709
656305,2024,R,0.3432427120439884,0.10808110561444323,0.2694707081619001,0.014575125677774253,0.6078730603250704
572761,2024,R,0.3584085046428953,0.13673181604292325,0.24457971052565472,0.009946212485697478,0.6087422610812714
680474,2024,R,0.3014417977220648,0.07302966672572805,0.24141132557515435,0.013265134236551148,0.6722938735298223
668832,2024,R,0.324550712706913,0.09347392266531718,0.23557522554597193,0.00912503323138651,0.6618258191340473
687231,2024,R,0.3014417977220648,0.07302966672572805,0.24141132557515435,0.013265134236551148,0.6722938735298223
680869,2024,R,0.3041061206915801,0.07976187785374035,0.2661233231783337,0.013232989463485228,0.6408818094138344
664913,2024,R,0.3413306616535546,0.08644745559827197,0.24160682623816068,0.008970287090712441,0.6629754305746693
691016,2024,R,0.31145018250234774,0.08001441286660935,0.296099128285234,0.00888115203758877,0.6150053063805906
667670,2024,R,0.3250025298451119,0.08752909093117263,0.32073683771106754,0.014200097119323294,0.5775339744706491
668709,2024,R,0.3192281933127423,0.12962817721860992,0.24149133343182855,0.009368268493737297,0.619512220886594
669397,2024,R,0.26760048916532503,0.08731722892843657,0.19604832843424796,0.01325863242694721,0.7033758107675908
660844,2024,R,0.324550712706913,0.09347392266531718,0.23557522554597193,0.00912503323138651,0.6618258191340473
645302,2024,R,0.2828406486775958,0.07638524774048519,0.23440239892570539,0.0132354858911283,0.6759768676914629
668942,2024,R,0.32113958588410063,0.11728661304957247,0.19745997531027654,0.009012933769942083,0.676240478510153
641487,2024,R,0.3349972611652589,0.12741841923522235,0.17002758384049813,0.009292468810850186,0.6932615271618932
593871,2024,R,0.348657292549091,0.09583502700010055,0.18485025667339086,0.00906044846531005,0.7102542678064246
663662,2024,R,0.28881576428666356,0.08891254921968848,0.27360994038168646,0.013585051034242205,0.6238924589349442
457759,2024,R,0.34946321369963,0.08480775138442212,0.15284278450395566,0.013548590049686934,0.7488008738189459
670042,2024,R,0.3375992124016561,0.08027098953278376,0.26934691569568303,0.008603537296573734,0.6417785574536481
668227,2024,R,0.32592582979136975,0.09219124183744308,0.23108693434195607,0.014345379369550413,0.6623764444365952
663728,2024,R,0.337150501742374,0.08466859438764605,0.2633239014003243,0.009269222062430525,0.6427382816244438
677594,2024,R,0.3447379244453086,0.06067619992916449,0.24699199355076817,0.012539883131801632,0.6797919240595632
663527,2024,R,0.3086952604620762,0.09685137311072642,0.22165490723274384,0.013999215589472707,0.6674945041806192
694388,2024,R,0.324550712706913,0.09347392266531718,0.23557522554597193,0.00912503323138651,0.6618258191340473
672642,2024,R,0.324550712706913,0.09347392266531718,0.23557522554597193,0.00912503323138651,0.6618258191340473
680718,2024,R,0.324550712706913,0.09347392266531718,0.23557522554597193,0.00912503323138651,0.6618258191340473
676914,2024,R,0.287192204393271,0.13456966690826436,0.36965071101688274,0.015456663222240085,0.480322959089759
676391,2024,R,0.299727178066779,0.05016194300186299,0.11959922181772083,0.011161015727773164,0.8190778184602225
687462,2024,R,0.29403216435029333,0.07554688622301577,0.19763420338195142,0.008174079992353717,0.7186448311142967
682729,2024,R,0.324550712706913,0.09347392266531718,0.23557522554597193,0.00912503323138651,0.6618258191340473
665489,2024,R,0.37526876831197514,0.06748388139435887,0.15972634271040484,0.01228524836342876,0.7605045281243138
623168,2024,R,0.269588336153604,0.0835345814899786,0.15933965172148573,0.008880344527976636,0.7482454226621383
681393,2024,R,0.3014417977220648,0.07302966672572805,0.24141132557515435,0.013265134236551148,0.6722938735298223
669364,2024,R,0.2911896949578796,0.09838833497289577,0.15885930576370594,0.008367562433313925,0.7343847962397234
669394,2024,R,0.3218065750328272,0.05779301363472337,0.2736249600443007,0.012244173911349732,0.6563378524302612
663743,2024,R,0.3253665783701272,0.08117155629576422,0.16204703911610321,0.012173291499204974,0.7446081131271894
665052,2024,R,0.324550712706913,0.09347392266531718,0.23557522554597193,0.00912503323138651,0.6618258191340473
672640,2024,R,0.32587990187694127,0.10248900445378409,0.13685445790111975,0.013323946830560643,0.747332590905956
667472,2024,R,0.334156904420021,0.08389188815080036,0.23905801271268343,0.013482326876380681,0.6635677729834747
660821,2024,R,0.3420844607492531,0.0849125471505436,0.24300295931127364,0.00874496340040863,0.6633395300697602
681146,2024,R,0.2993309904180458,0.1117822157118651,0.17219564593438022,0.014587123291699923,0.7014350149581513
660766,2024,R,0.29558996594382875,0.06336060108078888,0.2200442952786972,0.013388252552840365,0.7032068516397911
695578,2024,R,0.324550712706913,0.09347392266531718,0.23557522554597193,0.00912503323138651,0.6618258191340473
671277,2024,R,0.3264070569991184,0.050419750164062,0.14330363103749746,0.006991711741176736,0.7992849073836515
671117,2024,R,0.324550712706913,0.09347392266531718,0.23557522554597193,0.00912503323138651,0.6618258191340473
696285,2024,R,0.29451832370780223,0.08027849615871561,0.18408420232390976,0.01302806674473879,0.7226092350999237
686452,2024,R,0.2911703403076403,0.11613429279651982,0.21648595415758767,0.00893138407609064,0.6584483691410519
671083,2024,R,0.2882413944495643,0.10867958379144411,0.2351926765452133,0.013052309324348203,0.6430754302569864
656941,2024,R,0.37892262913005803,0.1158614300979872,0.27006756082942923,0.00969133859869584,0.6043796707798406
596117,2024,R,0.2672419247328284,0.09984813762319884,0.2559401344399982,0.00944696145542461,0.6347647667818368
624641,2024,R,0.28447473812905993,0.04782856271373721,0.2241279166892013,0.01309711568349452,0.7149464049839775
665019,2024,R,0.32679575253329796,0.09565352450073958,0.2496163850962586,0.009322660149232723,0.6454074312800718
669016,2024,R,0.33457117310296924,0.10225468795459439,0.2898497307539039,0.0094219194318738,0.5984736616405507
664761,2024,R,0.3365758565466105,0.07041845934893948,0.1926471336516808,0.0125408697795138,0.7243935372622542
681082,2024,R,0.32981545813629604,0.08780633351241453,0.1478374889088701,0.00824754398765396,0.7561086336104605
642215,2024,R,0.2767849604905556,0.12444301049584973,0.36953941510784305,0.014470347140370415,0.49154722704399473
607208,2024,R,0.3322271068182631,0.0739353357578013,0.18673201272245335,0.012861056281684968,0.7264715947788938
686611,2024,R,0.3014417977220648,0.07302966672572805,0.24141132557515435,0.013265134236551148,0.6722938735298223
677588,2024,R,0.30207732931629844,0.1502031626447452,0.30339222058119636,0.010242797756875501,0.5361618181953067
683083,2024,R,0.324550712706913,0.09347392266531718,0.23557522554597193,0.00912503323138651,0.6618258191340473
608336,2024,R,0.3600138821129364,0.10879380816122826,0.3664455501350413,0.009917332394419323,0.5148433097246476
592206,2024,R,0.317294562984725,0.0524998857179034,0.24657537476322772,0.012382306097865005,0.6885424336257586
592518,2024,R,0.3733977000047419,0.0632144424009001,0.17098941723340313,0.012322098257243352,0.7534740424994701
595777,2024,R,0.3210941520670255,0.10710991334800767,0.167542340316293,0.009231043879309939,0.7161167014753024
593428,2024,R,0.33223780531010033,0.06711825016408553,0.1707301480551779,0.012711491005795947,0.7494401104086758
592626,2024,R,0.357917222037745,0.08865333553297858,0.23548185609716085,0.009269088648049683,0.6665957198641269
521692,2024,R,0.3441789554136477,0.026235232223726476,0.20426369955677212,0.011887113326169116,0.7576139547422398
624428,2024,R,0.3291712304870791,0.08547393965697436,0.12739235720530825,0.008675806356314469,0.7784578968442766
641658,2024,R,0.2692425463742967,0.09269794195048886,0.26803840286821445,0.013972128370774294,0.625291526412756
543257,2024,R,0.32842641792807364,0.140067400042442,0.21890071337306094,0.00943152994939595,0.6316003569799401
657557,2024,R,0.3062282565101002,0.07426423708413073,0.2648006163865558,0.013801666964151794,0.6471334796548937
680118,2024,R,0.29817698390000275,0.08351753135212117,0.2757215729228863,0.013525353790522278,0.6272355415095394
663853,2024,R,0.29606057072052894,0.059780959475980645,0.2886020934710894,0.012453345901735044,0.6391636009480471
641933,2024,R,0.3251095958584593,0.08362264723074456,0.2959551312006634,0.013853314270075074,0.6065689071028845
596115,2024,R,0.32099837073535487,0.07440633739676297,0.26681442074422096,0.013725953428957955,0.6450532882793566
664040,2024,R,0.3561643967988852,0.08823665422373819,0.2560154817583749,0.008925082663130513,0.6468227812996777
650490,2024,R,0.36902691718943703,0.10376275306573703,0.15132436259596485,0.01371118165030189,0.7312017030212372
670764,2024,R,0.307254840623999,0.1387335202599618,0.21064654502288124,0.009384848098629456,0.6412350864885692
666163,2024,R,0.3093074544318832,0.1086548046248971,0.27209188229753467,0.009291018780249636,0.6099622935794061
643376,2024,R,0.33883868099302294,0.09043690807870625,0.1923545093221271,0.013522845457484218,0.7036857371007265
642350,2024,R,0.28792416430174367,0.05967040184189113,0.3249066982053059,0.01351064685599627,0.60191225307239
665804,2024,R,0.3080811433269204,0.09080079288172906,0.28035941020490424,0.014008100217198527,0.6148316974194193
621020,2024,R,0.32256376805564113,0.08072759797355902,0.23960317844183637,0.013451278999367676,0.6662179443209636
669289,2024,R,0.30852919459043787,0.07873917389578086,0.1375635428893317,0.012463162076886714,0.7712341207284351
621550,2024,R,0.3218484674002187,0.09585451613262319,0.3398470989896555,0.01455090503240857,0.5497474797975372
641355,2024,R,0.3474550494001478,0.0871483880580338,0.2154436486183057,0.009146361065599785,0.6882616019131766
677587,2024,R,0.24933648960783739,0.06835968018923885,0.26337788516936955,0.008742617267734332,0.6595198176153778
678877,2024,R,0.3014417977220648,0.07302966672572805,0.24141132557515435,0.013265134236551148,0.6722938735298223
666310,2024,R,0.3308641441249103,0.11039157078459033,0.21567856814117978,0.009323882749799004,0.6646059780232516
518792,2024,R,0.3420206456595934,0.0747942773333509,0.15564019868425935,0.008388220787966569,0.7611773032384193
701305,2024,R,0.3014417977220648,0.07302966672572805,0.24141132557515435,0.013265134236551148,0.6722938735298223
572138,2024,R,0.3253999714210856,0.10414377231019377,0.22324168086797957,0.008907991268817674,0.6637065554593525
665926,2024,R,0.3015402527733159,0.05630156460196334,0.20370395864843427,0.008506973575772564,0.7314875037250436
657041,2024,R,0.31684404077608963,0.09941561831988836,0.22312596067352217,0.013896886079275073,0.6635615348177276
647304,2024,R,0.36338094393346193,0.05844570567243624,0.1353345437807426,0.007663683556343913,0.7985560665205209
608070,2024,R,0.3643984230763925,0.09211620154482511,0.11724348364361976,0.008745470567085457,0.7818948440542555
605170,2024,R,0.33304501592932245,0.10025192050596587,0.19420096973101167,0.009006649420761924,0.6965404602894755
663656,2024,R,0.3998361153148665,0.09115070397227783,0.14660214272788,0.008211635887207039,0.754035517025543
665161,2024,R,0.31097122840594327,0.05859743997531134,0.2194078027895971,0.012150128564532259,0.7098446283028014
700932,2024,R,0.324550712706913,0.09347392266531718,0.23557522554597193,0.00912503323138651,0.6618258191340473
686823,2024,R,0.31508092271141197,0.05530227434160109,0.11757558265358464,0.007412518050560427,0.8197096248162627
666197,2024,R,0.2709182614788811,0.09912184379141276,0.3116622566297861,0.0143884328036423,0.5748274667977818
676694,2024,R,0.28995129259873664,0.08756423492695174,0.2568893755045952,0.013249655509022979,0.6422967337050661
643289,2024,R,0.2961779021650515,0.04755832140011765,0.15118715097535168,0.01159545049045344,0.7896590770882237
669257,2024,R,0.3545649052727456,0.10445290742172736,0.18408485552703,0.014301344338028864,0.6971608922711109
666158,2024,R,0.329648288105371,0.1123055968654037,0.2103215436026047,0.008965043391842084,0.6684078167234484
696100,2024,R,0.306472834494436,0.060177824603771635,0.3117448454072365,0.011817041080863191,0.6162602894107009
595281,2024,R,0.3067319417174454,0.0740338868290577,0.21050764197434355,0.008353476052522343,0.7071049950794615
628451,2024,R,0.30650264239111613,0.0643461867695815,0.16096544036929492,0.012701395191334468,0.7619869773939438
669234,2024,R,0.3014417977220648,0.07302966672572805,0.24141132557515435,0.013265134236551148,0.6722938735298223
693307,2024,R,0.3014417977220648,0.07302966672572805,0.24141132557515435,0.013265134236551148,0.6722938735298223
643217,2024,R,0.34162604073073594,0.08101502380644209,0.1642677018075384,0.008644022175215718,0.7460732524380038
642020,2024,R,0.28502449684479736,0.0565483721240599,0.25072292378947786,0.012321233429654042,0.6804074707024897
681351,2024,R,0.32406376120340186,0.06489927850555545,0.23149816126096967,0.012510995958459347,0.6910915641611207
608348,2024,R,0.3025380351818886,0.09432363478855312,0.22908321488029884,0.01399325924553088,0.6625998913762656
680716,2024,R,0.24345292344408734,0.11373325217461039,0.3347613218526376,0.01496061471457511,0.5365448111205945
666969,2024,R,0.328539826310123,0.06179018001664763,0.2621586437447106,0.013105323237227745,0.6629458526588816
656555,2024,R,0.3535155877485658,0.1129450678961285,0.2411091486952875,0.014982533990964154,0.6309632494555709
642715,2024,R,0.3069646725944165,0.0845166151574453,0.2771682835724402,0.013868798927567464,0.6244463020066869
661388,2024,R,0.3147702672054345,0.0803980947074937,0.2582038108738584,0.013339633122222652,0.648058461594822
680777,2024,R,0.30830082961842853,0.0890581869593022,0.2956242594496361,0.013553119935707954,0.6017644337206541
623993,2024,R,0.35138661980686975,0.06959185925847665,0.19132154494251913,0.00879524667009174,0.7302913487459423
643396,2024,R,0.2987967368386804,0.07669031664411599,0.14811287638069912,0.013037028549055977,0.7621597783675949
518735,2024,R,0.33483890172731773,0.11335402113899218,0.25033986716032924,0.009430704205951107,0.6268754069798164
665862,2024,R,0.33561007874972065,0.09777172067445113,0.25282878426154465,0.009231752898018732,0.6401677425939986
519317,2024,R,0.3592320607528644,0.07786427427425435,0.2868993584318495,0.01347539159002812,0.6217609759648235
592450,2024,R,0.3887161818872829,0.09705369451166079,0.30252399530253954,0.013490990738178435,0.5869313197512995
665742,2024,R,0.3996163050655536,0.14087871135682356,0.1907636062153213,0.009198188905804464,0.6591594937717523
665828,2024,R,0.31125070263474564,0.0907876813831626,0.22424409809954157,0.008999071642238338,0.6759691487662366
519203,2024,R,0.3691962518157257,0.07702610881245556,0.17246646661722062,0.0088756904520744,0.7416317346171029
691026,2024,R,0.298325207920122,0.10376417274035304,0.20915741638033283,0.014265615285519728,0.6728127959430147
671218,2024,R,0.3087799548995447,0.07419636644011865,0.2689270169650967,0.013237108274065087,0.6436395086242448
672275,2024,R,0.31968434067123846,0.10860108131030635,0.2549307343791343,0.009153687018975202,0.6273144974838765
592192,2024,R,0.3238428678021581,0.09891580112720234,0.2031163523196512,0.01458217803294062,0.6833856681224888
571745,2024,R,0.3229934909708738,0.08513131340898974,0.2545853027454227,0.0134219053385153,0.6468614782458137
669127,2024,R,0.3077659932336977,0.06853764358333515,0.30975519086424397,0.013310977658839493,0.6083961878657678
671732,2024,R,0.3212890970928082,0.10318587756029979,0.25075239929671767,0.008946051747489685,0.6371156716793175
805779,2024,R,0.3014417977220648,0.07302966672572805,0.24141132557515435,0.013265134236551148,0.6722938735298223
664238,2024,R,0.2989228140910857,0.11884480192081293,0.28156997578172965,0.01493825319224778,0.5846469697315464
672386,2024,R,0.35686032435447934,0.097624092211139,0.1351846261744639,0.013730328113400145,0.7534609537621936
664770,2024,R,0.3224372434402068,0.08759766075830816,0.22312157633624216,0.008979928995686195,0.6803008336225308
543807,2024,R,0.3412781154209553,0.09100734166924326,0.2032782579569645,0.013576897601091436,0.6921375026777566
640902,2024,R,0.3014417977220648,0.07302966672572805,0.24141132557515435,0.013265134236551148,0.6722938735298223
691594,2024,R,0.3014417977220648,0.07302966672572805,0.24141132557515435,0.013265134236551148,0.6722938735298223
592663,2024,R,0.3337067072180348,0.06892360555547519,0.20230046717811115,0.013275939585060856,0.7154999884498919
660688,2024,R,0.3352445185643191,0.0578144801930464,0.10003280664181081,0.00748873073844162,0.8346639826091027
677950,2024,R,0.3108662522127837,0.07822557398361457,0.1917015705505768,0.008507698140676992,0.7215651566020386
656976,2024,R,0.33847621631653596,0.10664936892570587,0.152704005826733,0.008691981348945894,0.7319546436456582
543309,2024,R,0.3201510305628438,0.06815356448959471,0.2534397114283631,0.012192141350967625,0.6662145832675266
807799,2024,R,0.35508031631379944,0.09203143231295088,0.12297128287358222,0.008302793716531903,0.7766944902065694
666181,2024,R,0.3282254790800859,0.13412376403307952,0.2789199305331854,0.009498608663221386,0.577457697184093
680757,2024,R,0.3337984371076635,0.1209604896742861,0.0906976197491775,0.008893772938205998,0.7794481179359891
682177,2024,R,0.324550712706913,0.09347392266531718,0.23557522554597193,0.00912503323138651,0.6618258191340473
608324,2024,R,0.34295350409994585,0.10385656940197935,0.13919379237311533,0.013523058817643418,0.7434265795032177
514888,2024,R,0.31066895579158266,0.05859980916808673,0.13006746083015674,0.012336870845921402,0.7989958589038579
673237,2024,R,0.3380267290560729,0.03179863048287118,0.19364852918975023,0.011146933683905938,0.7634059066516103
663898,2024,R,0.3173328368113705,0.0699973115302229,0.2141744274507015,0.01266775325955623,0.7031605078737564
607732,2024,R,0.30193031061247605,0.09260885541389303,0.2019493445626447,0.013315164138158081,0.6921266357579648
686668,2024,R,0.2801222852945621,0.07749871663521347,0.31928805368168944,0.01317119670572478,0.5900420329230593
657757,2024,R,0.3317712849331491,0.08292300267039038,0.18827168214044027,0.008974765616601847,0.7198305491826597
670032,2024,R,0.2916051714146008,0.10030863380132736,0.13904379528235833,0.008564199372337652,0.7520833713677741
622110,2024,R,0.30497848114474263,0.08071906268350507,0.17419443901809487,0.012900050622612123,0.732186447670307
608385,2024,R,0.34573205338450297,0.10801107093497637,0.18029116586071278,0.008828909510792541,0.702868853812998
621439,2024,R,0.3162075499498816,0.06310305466956145,0.27752377796779076,0.013424439769941806,0.6459487276075204
621043,2024,R,0.34214640371577365,0.0764177417429373,0.2133915269907072,0.012988819703103971,0.697201912036558
650559,2024,R,0.33850264670265534,0.06685733561356541,0.211189330232304,0.013018110547137815,0.7089352233155422
457705,2024,R,0.3415292229815588,0.11339973128977694,0.21180820740272432,0.014262849095902188,0.660529212384826
671056,2024,R,0.323632141657967,0.12016829857427111,0.2673431501945648,0.015132947221586148,0.597355603919029
571448,2024,R,0.33778109115286015,0.05204815192256093,0.1540780620458251,0.01242358610645998,0.7814501998319795
660644,2024,R,0.2979476053875725,0.09144123229645225,0.18317460522831547,0.008789871053009886,0.7165942910684873
669065,2024,R,0.3330063556309801,0.06513618413222977,0.26449645323342463,0.008547740920645391,0.6618196224996155
677870,2024,R,0.3014417977220648,0.07302966672572805,0.24141132557515435,0.013265134236551148,0.6722938735298223
669720,2024,R,0.31198731858712575,0.06172396673668587,0.20251423770631638,0.012301444406262851,0.7234603519528093
545121,2024,R,0.2998883234225579,0.07734258840783641,0.09743100291463029,0.007919701286872985,0.8173067076895976
656448,2024,R,0.30191124989356066,0.07729890144952732,0.29076312745578575,0.013276486795720055,0.6186614837469447
547180,2024,R,0.3948870121518737,0.09064654117042956,0.21420343307607856,0.008966381584144692,0.686183643715348
666160,2024,R,0.2896668627186164,0.051193430156168444,0.3252803577683773,0.008608376445311676,0.6149178358296578
687263,2024,R,0.31372812735790284,0.08158537005695178,0.2394874939749492,0.013272379410993988,0.6656547563214982
687363,2024,R,0.324550712706913,0.09347392266531718,0.23557522554597193,0.00912503323138651,0.6618258191340473
518692,2024,R,0.3831776948627395,0.0819805977112681,0.1784362878437569,0.008945883684714861,0.7306372308124891
650489,2024,R,0.2915786379030214,0.05859121125900646,0.252990394464454,0.008537736419568261,0.6798806583628988
663616,2024,R,0.3299728774210178,0.10426925807339044,0.3125091885875689,0.009409259010134452,0.5738122942721959
656537,2024,R,0.26642284650779324,0.0671207330621371,0.29432672180682784,0.012244856282901383,0.6263076894012289
606992,2024,R,0.29731319686450564,0.06168594643976107,0.2945500428943304,0.013070891149264038,0.6306931201302209
686217,2024,R,0.28837576563979916,0.11372253580985754,0.16113545409145963,0.009243045226509723,0.7158989642998005
694384,2024,R,0.3024427969345708,0.11352598101728632,0.16401508450031302,0.008923621055785412,0.7135353141777515
694362,2024,R,0.3014417977220648,0.07302966672572805,0.24141132557515435,0.013265134236551148,0.6722938735298223
694376,2024,R,0.3014417977220648,0.07302966672572805,0.24141132557515435,0.013265134236551148,0.6722938735298223
641598,2024,R,0.3420724543463255,0.12066223638430153,0.2494809368222835,0.01492465226057894,0.61493217385676
500743,2024,R,0.2998020673271809,0.06283970203216897,0.13354262537664002,0.012369644295350422,0.7912480284246093
679822,2024,R,0.3014417977220648,0.07302966672572805,0.24141132557515435,0.013265134236551148,0.6722938735298223
621028,2024,R,0.29090717190754395,0.06054432987527514,0.13013392624593095,0.012098131937230491,0.7972236117168793
605137,2024,R,0.36136395459536375,0.09160153466753522,0.18517928160718858,0.00875927856986359,0.7144599051561085
664702,2024,R,0.3032182082082277,0.11660408988444915,0.16563441901882234,0.014198237354902428,0.7035632534393389
642708,2024,R,0.29198247602550914,0.04572012407484149,0.19302908260620538,0.01233003737583046,0.7489207555191554
682657,2024,R,0.324550712706913,0.09347392266531718,0.23557522554597193,0.00912503323138651,0.6618258191340473
669304,2024,R,0.3152133286723947,0.06319818628316573,0.18729137806263618,0.012739005632889015,0.7367714301829397
670242,2024,R,0.36380198393390223,0.11405457166805179,0.3128073388608789,0.009645658180292125,0.5634924313060428
679032,2024,R,0.25878653981785676,0.045183483088697775,0.23773709314778296,0.012109792636109661,0.7049696311646664
645444,2024,R,0.27815608303561107,0.1304760403385202,0.2391678861781697,0.009325606684884528,0.6210304671936541
670156,2024,R,0.32937246360617456,0.13414833824055428,0.1956523465773978,0.009650531407936987,0.6605487834901612
702358,2024,R,0.3014417977220648,0.07302966672572805,0.24141132557515435,0.013265134236551148,0.6722938735298223
642133,2024,R,0.36073755740615293,0.08068836243608372,0.21304080847596552,0.008783012772100376,0.6974878165974742
670541,2024,R,0.4256928659347648,0.09188346167454536,0.20123855246428954,0.008894284603152926,0.6979837006628166
676116,2024,R,0.33854490557992706,0.15114748148254356,0.3193734600621012,0.010014626241020756,0.5194644324146079
595978,2024,R,0.2644200121309421,0.05312785390191299,0.2717077960590732,0.012825722130594141,0.6623386282742082
665782,2024,R,0.3014417977220648,0.07302966672572805,0.24141132557515435,0.013265134236551148,0.6722938735298223
669288,2024,R,0.2792798601284836,0.08258681113540779,0.34219998035224375,0.009471459833362263,0.5657417480448382
670869,2024,R,0.287856069819577,0.08655470603522708,0.22393352513651102,0.008904274340512695,0.6806074951433247
656582,2024,R,0.3084816656886463,0.11715922852747702,0.22087234337900177,0.014078297508701794,0.6478901302404494
663967,2024,R,0.27121979495174714,0.06681269078775597,0.3122452526345334,0.009187292899733072,0.6117547640890963
676439,2024,R,0.324550712706913,0.09347392266531718,0.23557522554597193,0.00912503323138651,0.6618258191340473
670276,2024,R,0.2912326703513557,0.1448660759257552,0.20832925581067352,0.009391080780628608,0.6374135875949489
681807,2024,R,0.28137144083511734,0.053772456157149214,0.2522193536748543,0.013242132855568828,0.6807660572541845
691723,2024,R,0.3014417977220648,0.07302966672572805,0.24141132557515435,0.013265134236551148,0.6722938735298223
646240,2024,R,0.3821047474600969,0.058130442645627646,0.19082661344844395,0.008338106501677923,0.7427048363920442
665953,2024,R,0.3014417977220648,0.07302966672572805,0.24141132557515435,0.013265134236551148,0.6722938735298223
682928,2024,R,0.3188875391654412,0.05696876840762467,0.16625821763481813,0.007964058274020285,0.768808955911583
682617,2024,R,0.2857692271552087,0.10829301184464973,0.3144572108925499,0.013329212317474035,0.5639205650973483
665506,2024,R,0.2731801043642571,0.07387280941247701,0.2795295959554626,0.013037026946856215,0.6335605670708159
677956,2024,R,0.3014417977220648,0.07302966672572805,0.24141132557515435,0.013265134236551148,0.6722938735298223
593160,2024,R,0.30713674931717205,0.05938687906163424,0.15359651752883421,0.012405187311563502,0.7746114162822176
677941,2024,R,0.2641571080962207,0.06000169839452679,0.2895174321292487,0.012407083335530047,0.638073785694635
641779,2024,R,0.3189410333796184,0.11142023420016733,0.27508969428009816,0.01366364199479679,0.5998264294513947
668853,2024,R,0.324550712706913,0.09347392266531718,0.23557522554597193,0.00912503323138651,0.6618258191340473
673962,2024,R,0.33477797687988753,0.0669506381133144,0.253618177079477,0.011709438082655649,0.667721746760689
641645,2024,R,0.32852835135005887,0.13593419406509794,0.14305997871636006,0.00943984942586919,0.711565978562567
649966,2024,R,0.2988912222134735,0.10376506647059049,0.22377686341399028,0.014759154679194182,0.6576989160739354
572191,2024,R,0.285975852894256,0.07208695551507918,0.2892172621080733,0.013377704688989757,0.6253180772920233
666182,2024,R,0.36125256420435387,0.0547342348873584,0.17651344182561068,0.012379520005087094,0.7563728027171346
594807,2024,R,0.31397794526097506,0.05930203326792836,0.2827280481407752,0.01312434166960726,0.6448455772960473
624415,2024,R,0.33510184208709676,0.1514519777363483,0.24238142617081945,0.009662096444141923,0.5965044990594899
667452,2024,R,0.29794649290237,0.07805501564861214,0.22525629554386478,0.013642613858630644,0.6830460748626085
650391,2024,R,0.33961088238342113,0.05151788551649995,0.220965475918561,0.011590194533308182,0.7159264437796573
661531,2024,R,0.23962416680467707,0.05359244226165907,0.25418544750364835,0.012809755712429781,0.6794123548029416
680728,2024,R,0.324550712706913,0.09347392266531718,0.23557522554597193,0.00912503323138651,0.6618258191340473
695238,2024,R,0.324550712706913,0.09347392266531718,0.23557522554597193,0.00912503323138651,0.6618258191340473
592325,2024,R,0.3252197475316294,0.10175358062874408,0.22931072650981396,0.009019899716129735,0.6599157939196375
605244,2024,R,0.2643140477225469,0.06419993145050319,0.3045445132396051,0.013319511225800986,0.6179360440204507
662139,2024,R,0.32907415554330005,0.09132342376423425,0.23419662891762924,0.00952749503605276,0.6649524525952734
608701,2024,R,0.32537927735197936,0.11005780276039297,0.21313047505078678,0.014038208795059872,0.6627735134248354
669137,2024,R,0.3014417977220648,0.07302966672572805,0.24141132557515435,0.013265134236551148,0.6722938735298223
669326,2024,R,0.3014417977220648,0.07302966672572805,0.24141132557515435,0.013265134236551148,0.6722938735298223
682073,2024,R,0.30726182051454537,0.13265369967626892,0.29148063866027446,0.014648558283889194,0.5612171034635628
621466,2024,R,0.31928941966663954,0.10533079384777462,0.28006086633884686,0.00953639402810029,0.6050719461736405
663897,2024,R,0.2665373335710981,0.07305506327311158,0.24517279368732414,0.013499880876971246,0.6682722625915274
675961,2024,R,0.2571922549790911,0.07213579118773025,0.29438111522900373,0.013270626726462563,0.6202124669449075
665155,2024,R,0.3203480323621469,0.1146350050301201,0.2505395421662431,0.00958578807760278,0.6252396649534848
676801,2024,R,0.2996790628137926,0.0902324578307585,0.2642792372220128,0.014228198904191039,0.6312601057785703
671289,2024,R,0.3077815249736664,0.07244668713574236,0.15420196712721157,0.013382124795566027,0.7599692210492763
668952,2024,R,0.2762717196775485,0.10400075619819783,0.2807670142625128,0.012287389641351846,0.602944839131998
656484,2024,R,0.36322452114399806,0.08327862429890362,0.23685997559792896,0.00919789774996939,0.6706635015634669
669200,2024,R,0.07590152491622096,0.05532488258602653,0.8316635827580674,0.0144935970318697,0.09851793768131047
669134,2024,R,0.31372714671901947,0.053018820154689617,0.15705881736729155,0.012416866941014832,0.777505495395052
543685,2024,R,0.36620347909163414,0.1102274933969497,0.15696963550048235,0.014353832477471974,0.7184490394838733
666176,2024,R,0.28433155802902654,0.07518461511082658,0.3313725652272345,0.014248364962378699,0.5791944541555861
641856,2024,R,0.323714550863801,0.10710044838483086,0.23939332997524232,0.009282088124000587,0.6442241332722431
678489,2024,R,0.324550712706913,0.09347392266531718,0.23557522554597193,0.00912503323138651,0.6618258191340473
680779,2024,R,0.3212479232382468,0.08904960699760113,0.24149022149956587,0.013951109766628842,0.6555090615612619
643446,2024,R,0.3357616094208787,0.06754587484077365,0.11136967451778237,0.00781610759364446,0.8132683426803964
668752,2024,R,0.324550712706913,0.09347392266531718,0.23557522554597193,0.00912503323138651,0.6618258191340473
608369,2024,R,0.3905122693287331,0.07408132809061226,0.1725846082134223,0.007987639542631134,0.7453464237068032
642086,2024,R,0.3282704494212791,0.069734998631046,0.19225575751103327,0.00857704072637206,0.7294322043009945
596146,2024,R,0.3685786596949888,0.09025427750223702,0.16375374350746572,0.008361160956668504,0.7376308169225417
672701,2024,R,0.2962874736484701,0.046307834188265055,0.2137218748114239,0.008568283041871986,0.7314020078787418
645305,2024,R,0.28002666589988073,0.059570533175720065,0.2839485633036327,0.011629344879037364,0.6448515581738875
656577,2024,R,0.259572141721877,0.05078205346915537,0.44605660367643574,0.013491845603262543,0.48966949653848607
686469,2024,R,0.3887094728588275,0.07532314854850435,0.10741246072356489,0.007928443707359276,0.8093359473418301
642731,2024,R,0.297902517294739,0.061550387638082744,0.1887376694332318,0.012135347380660964,0.7375765961261362
666152,2024,R,0.2908354110302549,0.14036694008783862,0.2442488731020276,0.009264489216583169,0.606119697561611
595284,2024,R,0.2853776293764047,0.10163669400869277,0.3074190929212871,0.009571117195580781,0.5813730961414867
681460,2024,R,0.324550712706913,0.09347392266531718,0.23557522554597193,0.00912503323138651,0.6618258191340473
518934,2024,R,0.34177153528009324,0.09017069306025384,0.16472111945889797,0.013453920627490684,0.7316542665616008
694355,2024,R,0.3014417977220648,0.07302966672572805,0.24141132557515435,0.013265134236551148,0.6722938735298223
678225,2024,R,0.3143056714497974,0.11230148919041999,0.22739717005962162,0.009351676218042613,0.6509496644682423
686527,2024,R,0.34758241895079184,0.04464745443694037,0.19653691211175006,0.007937768193048707,0.7508778655021842
575929,2024,R,0.31367599845112104,0.06593490964469918,0.2604369810079769,0.013588669238513209,0.6600394397603336
647351,2024,R,0.319544657444981,0.08892323088127296,0.17694676113807137,0.008946046097617871,0.7251839618617311
609280,2024,R,0.3181871076730712,0.04993186674331296,0.14617290230446664,0.012107192663433429,0.7917880388522804
542963,2024,R,0.24823478060491314,0.04387996695792772,0.2746965465794549,0.007754473410347561,0.6736690133937853
656413,2024,R,0.2856840433920471,0.09675029367765108,0.29779161591800324,0.013741875604495265,0.5917162149738499
595879,2024,R,0.30308073948826186,0.0341046088481687,0.2676816450902028,0.010991542998588287,0.6872222027458046
670224,2024,R,0.324550712706913,0.09347392266531718,0.23557522554597193,0.00912503323138651,0.6618258191340473
669743,2024,R,0.31643555034068693,0.12849614352405703,0.19693348815794806,0.014943534606888003,0.6596268334122192
663550,2024,R,0.24867377731963614,0.04712377796988713,0.3858214738644658,0.008583109140178175,0.5584716390666363
672724,2024,R,0.28504636857217436,0.0861672513585092,0.24824733462880202,0.013016251846513253,0.6525691623099094
669369,2024,R,0.2714299683330578,0.10587840464623388,0.27727966238082596,0.008993951863380338,0.6078479807507633
672012,2024,R,0.324550712706913,0.09347392266531718,0.23557522554597193,0.00912503323138651,0.6618258191340473
669357,2024,R,0.35424180076138706,0.09737649862921162,0.3000646753501048,0.009276051716179347,0.5932827738574652
600869,2024,R,0.3263990127101265,0.0933226776353962,0.21022616174032593,0.00934481845406542,0.6871063420711507
673490,2024,R,0.3082572317269541,0.11033473255986073,0.18332280736269105,0.014401451674550113,0.6919410086579689
694175,2024,R,0.3014417977220648,0.07302966672572805,0.24141132557515435,0.013265134236551148,0.6722938735298223
663586,2024,R,0.34769543420704996,0.06709373343122352,0.2543044062773138,0.013132244868289096,0.6654696152207286
663905,2024,R,0.3144228550654873,0.06617341406747332,0.23006312399737028,0.00844972727565946,0.6953137346680881
677942,2024,R,0.3014417977220648,0.07302966672572805,0.24141132557515435,0.013265134236551148,0.6722938735298223
663647,2024,R,0.32672521444653696,0.08224812743665548,0.2176336490415692,0.013798147562682186,0.6863200760352735
676632,2024,R,0.30850115204689416,0.08960664030577169,0.24383485131444985,0.00895609742365694,0.657602410938122
668731,2024,R,0.2997353701044006,0.10885127181091328,0.25472018985953643,0.009195784413053281,0.6272327542493243
641432,2024,R,0.3448210315736586,0.07747784275642881,0.12599578291409685,0.008323060037163661,0.7882033148394463
678554,2024,R,0.2880601173991362,0.07134186139384968,0.20339101022128914,0.012678701983681092,0.7125884266365304
656180,2024,R,0.30930238523374065,0.08907475251754453,0.2985212904694851,0.01437389678945205,0.5980300603459698
592178,2024,R,0.3203161089385243,0.08163883694973818,0.24210021295716305,0.013170698157929305,0.6630902515176981
543063,2024,R,0.324213495054331,0.07987313987166775,0.20649429348099177,0.00864432958105402,0.7049882371967515
665966,2024,R,0.3014417977220648,0.07302966672572805,0.24141132557515435,0.013265134236551148,0.6722938735298223
668723,2024,R,0.26499186229601723,0.051538367776532215,0.21910864979036832,0.011803650714118088,0.7175493320887856
623912,2024,R,0.3127399292611515,0.03843267771607934,0.17816566242908527,0.011927657591116789,0.7714740023873454
656883,2024,R,0.34930978221194553,0.052917269961334334,0.12614287861315437,0.0130840415026753,0.8078558099348274
592696,2024,R,0.31498480401604845,0.04244370659871673,0.18191371881081378,0.007630786683530547,0.7680117876512329
687799,2024,R,0.316262219486744,0.12129290462199366,0.28114926626578496,0.009612209007637321,0.5879456195269925
669222,2024,R,0.3025434296799364,0.07971915339708675,0.20910536645125527,0.013012803762685005,0.6981626766502419
613564,2024,R,0.29700356194470606,0.09977843088343903,0.3026987395781114,0.009317131629054651,0.5882056978462386
624503,2024,R,0.33169241554309986,0.052555181297270284,0.20376370385881468,0.008473013820607963,0.7352081019644745
650859,2024,R,0.3020832758278468,0.08580241970171111,0.19078666390674634,0.008662250146998602,0.7147486671912422
657088,2024,R,0.33947187713557364,0.14567483443057028,0.19503352528017256,0.010129540047013828,0.6491620999888588
687066,2024,R,0.3014417977220648,0.07302966672572805,0.24141132557515435,0.013265134236551148,0.6722938735298223
805373,2024,R,0.3014417977220648,0.07302966672572805,0.24141132557515435,0.013265134236551148,0.6722938735298223
695391,2024,R,0.3014417977220648,0.07302966672572805,0.24141132557515435,0.013265134236551148,0.6722938735298223
642197,2024,R,0.3014417977220648,0.07302966672572805,0.24141132557515435,0.013265134236551148,0.6722938735298223
669261,2024,R,0.34980129641262525,0.1324291528623809,0.28052082300618253,0.009829612042441427,0.5772204113911067
682988,2024,R,0.3014417977220648,0.07302966672572805,0.24141132557515435,0.013265134236551148,0.6722938735298223
623520,2024,R,0.31525049398358973,0.07793728693336839,0.280168122204521,0.013829424028299078,0.6280651671179919
681584,2024,R,0.3003820975939437,0.11652729102210888,0.309114208504311,0.014497752699440696,0.559860747300989
642851,2024,R,0.26773418931170256,0.07632449002297874,0.24632889353050696,0.013760701855628006,0.6635859144420394
679845,2024,R,0.30315505053929676,0.07323172749580613,0.16310495516973872,0.011919563266262579,0.7517437542941587
668800,2024,R,0.2841206270592245,0.06713370954324573,0.23811762300731087,0.012860804249310813,0.681887863432033
670097,2024,R,0.29554154028688495,0.12059601240679427,0.2636883996323144,0.01489376697921851,0.6008218222377347
621512,2024,R,0.2580493278571066,0.03835708662429821,0.27188331399516186,0.01195071074150986,0.6778088894070425
624512,2024,R,0.28998949733925855,0.06899804168877892,0.1925420405478604,0.00827132477043611,0.7301885931107899
671221,2024,R,0.3004190951207363,0.09382509828441306,0.2995910166399233,0.009682835063718174,0.5969010503168126
592885,2024,R,0.36997421761183347,0.11179335275320235,0.20993227863026204,0.009165331612546094,0.6691090364305798
622761,2024,R,0.2946975867562454,0.05981550807675823,0.2420778202982366,0.012229198919728344,0.6858774726652721
649557,2024,R,0.32304171894304334,0.0555425094670015,0.15232178367189478,0.012252514115122065,0.7798831925466523
660636,2024,R,0.29659115312094825,0.07205920479806356,0.2129070624073113,0.012772033960993521,0.7022616996562928
663330,2024,R,0.318629861131191,0.12421774414165063,0.24543174939943854,0.014247915147185137,0.6161025910017371
669374,2024,R,0.298746393418732,0.07718766887700178,0.3621212993144853,0.01462900794679234,0.5460620236130256
656248,2024,R,0.3131787446967946,0.10621487942415606,0.2861514141997163,0.014301619764701961,0.593332086780246
455117,2024,R,0.27687418492324833,0.0787898396779009,0.27930132612338743,0.013669375735629319,0.6282394587008404
527038,2024,R,0.31943980985807063,0.07498510424724876,0.1443714749252448,0.013166544015417284,0.7674768768750155
672744,2024,R,0.24697521726646487,0.05876053260725092,0.35041841066684104,0.013595863418517512,0.5772251927522132
664901,2024,R,0.2775156578240566,0.10159325671269574,0.23572637223554893,0.014358772603729572,0.6483215979680484
665561,2024,R,0.26652568572093227,0.06621040995805025,0.1846372776795387,0.008169981237129342,0.7409823306397535
664954,2024,R,0.30418554560655225,0.0808546986322547,0.17857337385631955,0.00828583528368094,0.7322860921973793
621458,2024,R,0.3294263485728179,0.08121275831816163,0.3155488100385821,0.00914344584446231,0.5940949859338152
681962,2024,R,0.2569328641300251,0.10486133599886799,0.2355319092890909,0.014610888611168148,0.6449958655960576
621311,2024,R,0.2926522396724349,0.053666456042848434,0.27121601028616443,0.008323395112059954,0.6667941376864867
605361,2024,R,0.31580195415169715,0.11321440274266537,0.1957588481479712,0.009155307325341104,0.6818714413744092
672356,2024,R,0.28599748198285846,0.07794774349107789,0.3446071562079168,0.013094905100477023,0.5643501955170477
593934,2024,R,0.35557872598581935,0.09626076598766443,0.33066986802242415,0.014444226388532022,0.558625139358256
669208,2024,R,0.3014417977220648,0.07302966672572805,0.24141132557515435,0.013265134236551148,0.6722938735298223
608841,2024,R,0.34101569506705687,0.0685528385640698,0.19225327178340434,0.012709099550696308,0.7264847903763966
658668,2024,R,0.29835840590150475,0.06885063302699589,0.17830341699747698,0.012641926011300937,0.740204024265347
680769,2024,R,0.324550712706913,0.09347392266531718,0.23557522554597193,0.00912503323138651,0.6618258191340473
666703,2024,R,0.2729398345976511,0.09264012340808087,0.27032791797366157,0.014275706165628715,0.6227562521009109
571466,2024,R,0.290438063490159,0.09165173466101659,0.22072745657089426,0.008819510896146843,0.6788012972657581
673995,2024,R,0.3014417977220648,0.07302966672572805,0.24141132557515435,0.013265134236551148,0.6722938735298223
641313,2024,R,0.28909407008699495,0.04209243478102937,0.2206951145073114,0.012593458126408802,0.7246189915631909
660707,2024,R,0.2670002942885491,0.051411758975113804,0.33427427529901294,0.01300654508451143,0.6013074205846185
605204,2024,R,0.31879522523472487,0.0906704526875157,0.27373266203869895,0.013671059709906513,0.6219258260297719
682119,2024,R,0.3014417977220648,0.07302966672572805,0.24141132557515435,0.013265134236551148,0.6722938735298223
641511,2024,R,0.2686717652505072,0.08147008240942787,0.2557056217449451,0.01337312715579199,0.6494511689714042
671286,2024,R,0.3014417977220648,0.07302966672572805,0.24141132557515435,0.013265134236551148,0.6722938735298223
676701,2024,R,0.27020240235640125,0.06745461502551192,0.23121819135938884,0.011998397427630418,0.6893287963225315
670092,2024,R,0.324550712706913,0.09347392266531718,0.23557522554597193,0.00912503323138651,0.6618258191340473
676369,2024,R,0.3076606904452655,0.0867711689662442,0.3099760506532143,0.012992307072485077,0.5902604729440439
640492,2024,R,0.28520834601020406,0.04855409227551595,0.22474901972172961,0.012175927487332844,0.7145209611689451
682619,2024,R,0.3014417977220648,0.07302966672572805,0.24141132557515435,0.013265134236551148,0.6722938735298223
693049,2024,R,0.3204615327918615,0.06297519299541525,0.2578596494050531,0.008872720600516453,0.6702924367242056
669450,2024,R,0.3171916999564071,0.12908240616463476,0.25287649700333886,0.009293733456633167,0.6087473629729966
691182,2024,R,0.324550712706913,0.09347392266531718,0.23557522554597193,0.00912503323138651,0.6618258191340473
674441,2024,R,0.324550712706913,0.09347392266531718,0.23557522554597193,0.00912503323138651,0.6618258191340473
675659,2024,R,0.324550712706913,0.09347392266531718,0.23557522554597193,0.00912503323138651,0.6618258191340473
669087,2024,R,0.2759232881258881,0.05795786543927311,0.3546870423960586,0.01149493957950586,0.5758601521200867
666915,2024,R,0.3016520140769304,0.0737426870163984,0.3438132641208129,0.013517203332626048,0.5689268446178453
679881,2024,R,0.2805724731394068,0.10141694708635195,0.28804300054970156,0.009727307237293408,0.6008127455783491
657061,2024,R,0.2850864813508084,0.10042255538619968,0.23572398837887756,0.008993698701138211,0.6548597578528874
543228,2024,R,0.2980171644300783,0.052595907059039784,0.21559662287538137,0.01291146037880787,0.718896009260635
686554,2024,R,0.324550712706913,0.09347392266531718,0.23557522554597193,0.00912503323138651,0.6618258191340473
596129,2024,R,0.35015607408109445,0.13432912442165945,0.2226350462596994,0.009830377177297126,0.6332054517857154
547989,2024,R,0.34814472192878626,0.048789954130521375,0.21519675479881864,0.013131301975103305,0.7228819884522716
666135,2024,R,0.32759335903636294,0.06746712683737997,0.20808754725302134,0.008690314049952538,0.7157550124440634
643265,2024,R,0.33329065757131626,0.06910787856894689,0.248888526494545,0.013214157561049081,0.6687894375596664
683146,2024,R,0.3406415436582647,0.08825361212497024,0.24481793270338414,0.008876740069728854,0.6580517151085838
605119,2024,R,0.31419629298121826,0.07944357744275166,0.25241448994295496,0.013587562681347714,0.6545543690641566
677347,2024,R,0.2880824213739604,0.09911326454573453,0.30958818533332144,0.0139312775495532,0.5773672732035292
667428,2024,R,0.3014417977220648,0.07302966672572805,0.24141132557515435,0.013265134236551148,0.6722938735298223
621545,2024,R,0.2297811749347508,0.08424925645212573,0.307138016602982,0.014234462735010753,0.5943782648499908
664874,2024,R,0.2649475931322062,0.08011455200408556,0.34945958188277604,0.01427340894201546,0.5561524575599275
663611,2024,R,0.3021135017490573,0.07603062890217378,0.1061228502574573,0.013433611910372453,0.8044129092906493
553882,2024,R,0.3143074196507467,0.10178643796099351,0.17817813850534475,0.009140519157498892,0.710894904904731
645801,2024,R,0.3484035455542321,0.11849987648373966,0.22164945029828584,0.009125491816715426,0.6507251817560534
680911,2024,R,0.29853606804668525,0.06434111228640836,0.19850532449302236,0.012733733813398526,0.7244198291337884
664314,2024,R,0.28323993939684283,0.11365957631508361,0.3091676775594412,0.009259204770199996,0.5679135409930802
694497,2024,R,0.3295687310093111,0.152529167891577,0.2584300100247091,0.00976005637152262,0.5792807660022867
663630,2024,R,0.28190700771067123,0.09797112813475807,0.3152129812152667,0.013859957007275565,0.5729559335887976
660670,2024,R,0.3871276690048924,0.09061323717549151,0.21199323733821787,0.013859988563314924,0.6835335371156935
644433,2024,R,0.24787028878126435,0.055237444062707544,0.3155546856598236,0.012130262412324096,0.6170776071852021
665923,2024,R,0.24771197207131684,0.06818652511509529,0.24109046864740033,0.013354438896978366,0.6773685675878615
666165,2024,R,0.30642203940967855,0.09716228162650302,0.3039606159322174,0.008999702042375074,0.58987739992044
668843,2024,R,0.29901814821117073,0.1105656771981283,0.2113461550862467,0.009162590813953092,0.6689255775032883
669699,2024,R,0.22167208375024,0.049999299107828715,0.27092257825078536,0.008277904682629768,0.6708002174850425
676896,2024,R,0.3014417977220648,0.07302966672572805,0.24141132557515435,0.013265134236551148,0.6722938735298223
542364,2024,R,0.3182007170979846,0.09643727127497355,0.17596549047600307,0.009025899861006204,0.7185713387288545
621563,2024,R,0.31702681002154093,0.06331852280055578,0.16007975298214724,0.007877593644024005,0.7687241308583246
664059,2024,R,0.29788864466629283,0.10844818738088945,0.23586525882232365,0.009054176331007625,0.6466323769862224
592348,2024,R,0.3033055960153105,0.08895241071608595,0.2925973656396514,0.009538905965712838,0.6089113182627086
808982,2024,R,0.324550712706913,0.09347392266531718,0.23557522554597193,0.00912503323138651,0.6618258191340473
687952,2024,R,0.3522424724677302,0.061172515192526984,0.2603263019497812,0.013352303494916883,0.6651488789477512
501303,2024,R,0.3007379768316865,0.10288775995946689,0.1927882020480239,0.009019584224913363,0.6953044534899248
670223,2024,R,0.3544855336022366,0.08475014757989872,0.25337423504947665,0.008853455721208672,0.6530221615421532
608596,2024,R,0.29661784232352995,0.07870031037171359,0.3182139832532759,0.013840336588464973,0.5892453696769501
686894,2024,R,0.29579203171061097,0.09333021254163328,0.2775615810441642,0.013957529200241969,0.6151506766089228
688363,2024,R,0.324550712706913,0.09347392266531718,0.23557522554597193,0.00912503323138651,0.6618258191340473
545361,2024,R,0.39373041489267907,0.10545401584046686,0.2329694653016968,0.01486876870457459,0.6467077501106092
650907,2024,R,0.2930725838275417,0.057154115314135334,0.30673143725862884,0.013600070697053192,0.6225143762576943
543305,2024,R,0.3273684845939701,0.11934856245547765,0.22061488017789674,0.00924362852442221,0.6507929289854115
622569,2024,R,0.31584266489359525,0.0929692829986824,0.17584822264950511,0.01400945833666406,0.7171730355113772
666211,2024,R,0.2906534144044891,0.10651348556363759,0.32638512343281934,0.009554506696393726,0.5575468842499351
664058,2024,R,0.28563718538290106,0.07799171996333838,0.09874335583977967,0.012132197235620753,0.8111327265557504
669352,2024,R,0.24477337904718857,0.06513638163633985,0.2611058327749199,0.012076903970286886,0.6616808808645035
541645,2024,R,0.3123090100681073,0.04228403946664775,0.25503992409396165,0.011806530717789584,0.6908695056498284
665856,2024,R,0.3014417977220648,0.07302966672572805,0.24141132557515435,0.013265134236551148,0.6722938735298223
607054,2024,R,0.3096528452368659,0.12448600263261421,0.22660193667698184,0.009418288225460878,0.6394937728305529
676946,2024,R,0.2586597560780176,0.08898188142800234,0.2581682126727872,0.01362432360510791,0.6392255819768072
675915,2024,R,0.3014417977220648,0.07302966672572805,0.24141132557515435,0.013265134236551148,0.6722938735298223
665120,2024,R,0.33592152390646857,0.0873423233887859,0.24011869949996728,0.008900972343680345,0.6636380047232651
643393,2024,R,0.2938840129035372,0.09806484655953847,0.15023587337875155,0.00882489126340374,0.7428743882311611
660162,2024,R,0.3369660410587473,0.10892370538289275,0.26326593602970033,0.009377539682183468,0.6184328178015115
669392,2024,R,0.2603564833982706,0.07239413288628925,0.3201557673253426,0.01415519640863127,0.5932949036117476
