batter,season,p_throws,pred_woba,rate_bb,rate_k,rate_hbp,rate_bip
621438,2024,L,0.32730789377634933,0.06653675187800512,0.21397120733408828,0.007697202942558109,0.7117948384562177
502110,2024,L,0.37247159429983345,0.07058645892213075,0.24062482869285154,0.007834590227915902,0.6809541218971955
624413,2024,L,0.37881747217857414,0.07432826360473453,0.22342556026300917,0.008008298868520109,0.6942378767487983
570482,2024,L,0.341483715648491,0.045192669649214576,0.17166143793190905,0.006935580858275203,0.7762103115219392
657656,2024,L,0.3213503941093696,0.10728846828381819,0.2554718384560242,0.008338830400381445,0.6289008638367573
624585,2024,L,0.3605377576455043,0.09635280053822369,0.25619782393572776,0.008051027263649951,0.6393983484684007
621566,2024,L,0.34700410033529683,0.0821123608919344,0.24707850581315471,0.014097079862452651,0.6567120541438546
607043,2024,L,0.31940231663875013,0.13237943255093607,0.2380066789952084,0.015224529253405492,0.6143893581900796
542303,2024,L,0.3766771857869372,0.06201766918726828,0.18831896715977786,0.007328075074666931,0.7423352868510205
645277,2024,L,0.32833550793829763,0.03628811800901079,0.14385837301463686,0.006643344628461449,0.8132101644172378
671739,2024,L,0.3016198929409796,0.04993067560907051,0.22422922270513312,0.012607708643989279,0.713232392621447
606115,2024,L,0.3033382003680389,0.06985304950454801,0.18568559657273345,0.007562214712418806,0.7368991388352117
669221,2024,L,0.35058018736445,0.09722591940132463,0.22357961626956946,0.008018748167316875,0.6711757158965594
664983,2024,L,0.26436374891586933,0.07884494030422673,0.2546261592952392,0.013413588381836575,0.6531153108914763
444482,2024,L,0.3105967935843543,0.06531459942903134,0.21006481677043276,0.012942431164222844,0.71167815181538
630105,2024,L,0.3080126039659632,0.10139170736950644,0.18969104851450078,0.014166123514291156,0.6947511200698177
682998,2024,L,0.31810720880518506,0.09323159073443901,0.21683790518350546,0.014458540357738454,0.6754719640522286
606466,2024,L,0.3518264055982532,0.05544792082379001,0.14053314614186316,0.0071593732045885875,0.7968595598778484
672695,2024,L,0.30141743844334645,0.12552193287770366,0.17376960905027766,0.008027141199256353,0.6926813161398125
672515,2024,L,0.33063587068512684,0.10227039106135584,0.18149348148927796,0.008122370263541318,0.70811375774428
553993,2024,L,0.3289277863604857,0.11252220164939808,0.27264876147799055,0.008430590634031884,0.6063984465029688
545341,2024,L,0.3437965312232662,0.05405912314852758,0.23733685369894367,0.007530722973833426,0.7010733003787081
572233,2024,L,0.35094587570971036,0.0877893753921702,0.2241663791453142,0.00792467298547632,0.6801195708756425
666971,2024,L,0.3504899676891545,0.06509117755097862,0.170114252816895,0.007106387722488652,0.7576881821347132
518595,2024,L,0.33734933541397516,0.07663696053771006,0.19839051123758003,0.007571781641249166,0.7174007460833117
669004,2024,L,0.3093732766037471,0.0909566176727041,0.25654717570886,0.014366076067774501,0.6381301300206709
493329,2024,L,0.34978391889184135,0.061864162723267474,0.10266006916176468,0.006771473522505887,0.8287042941049895
686681,2024,L,0.29271087411894675,0.06234535490351179,0.23120623804176918,0.013252450808868364,0.6931959561019411
687093,2024,L,0.29161797238570364,0.06720144318614622,0.2072378927144437,0.0075444789084746335,0.7180161840566978
680776,2024,L,0.2868271287299502,0.07784456445134326,0.25355848167415207,0.013198393864277904,0.6553985603421094
665839,2024,L,0.2805191928657758,0.08806455192453476,0.2308385421135901,0.014570498594038644,0.6665264078527411
681508,2024,L,0.27744169198417706,0.07985958698072727,0.2762732322487648,0.007960840925873104,0.6359063397304275
678882,2024,L,0.28566179738598974,0.06783329813033036,0.26984496061382446,0.007759253214160254,0.654562489045318
686765,2024,L,0.27744169198417706,0.07985958698072727,0.2762732322487648,0.007960840925873104,0.6359063397304275
677800,2024,L,0.27600604036174364,0.09217418699660579,0.30557161891120493,0.014903702595003685,0.5873504920043784
657136,2024,L,0.3043640474191506,0.07286805631352405,0.288682133099624,0.008059391550704146,0.6303904191761646
671213,2024,L,0.31344264810672273,0.10049643409559303,0.27247381405301574,0.013832499254364245,0.6131972541936481
682829,2024,L,0.3013587254797407,0.0768583515104606,0.3102385287493586,0.007753012081497408,0.6051501079979515
663697,2024,L,0.3203980347079055,0.13026399017840043,0.2334275951825941,0.008609147812089454,0.6276992682335918
571912,2024,L,0.29480458199725723,0.08983250234385741,0.24404330151159798,0.008033050789942004,0.658091145776618
664023,2024,L,0.32069676276123044,0.0871162738373797,0.27432565403378584,0.007724235663701902,0.6308338368057161
676679,2024,L,0.27744169198417706,0.07985958698072727,0.2762732322487648,0.007960840925873104,0.6359063397304275
682634,2024,L,0.27744169198417706,0.07985958698072727,0.2762732322487648,0.007960840925873104,0.6359063397304275
542194,2024,L,0.3064115890391637,0.04787109306950308,0.25010225873324116,0.00724019849323939,0.6947864499196756
691718,2024,L,0.23851366955604741,0.08333022280285962,0.34893246921679355,0.014663488036351188,0.5530738186040262
571771,2024,L,0.3368854022409846,0.09526685581121502,0.19039599841749752,0.007867915471431914,0.7064692300137126
669242,2024,L,0.313751420608032,0.06582782956421501,0.15694773651439342,0.007112122501104189,0.7701123135741367
571970,2024,L,0.3292243566837021,0.11851499695629544,0.27343440575585665,0.015458093770159812,0.5925925041060109
595909,2024,L,0.26834197034953716,0.0788911577075467,0.3174463061505255,0.014203358010016697,0.5894591793007786
656541,2024,L,0.26296039909961666,0.0957374112777705,0.3775876853493523,0.014492145692948676,0.5121827579719055
666134,2024,L,0.281298944413794,0.1025544524291384,0.35074166315689403,0.015039661814210351,0.5316642204906132
669911,2024,L,0.2691074787128397,0.07617328906288408,0.3546042055213703,0.008097046162478786,0.5611254596473372
641857,2024,L,0.2818656121862837,0.08718444858829977,0.32581628893034514,0.014261854830136958,0.5727374067540821
678662,2024,L,0.299187810732651,0.05717670044293643,0.26047438928247046,0.007752492959139572,0.6745964166821982
453568,2024,L,0.305564394725867,0.06707869496122854,0.19192613275496953,0.01364303599612205,0.7273521375351919
679529,2024,L,0.3564692490205262,0.08984284643022866,0.21439382835636636,0.007953480272805614,0.6878098443119793
628451,2024,L,0.32119631260737147,0.07014937271408204,0.16710712909330872,0.007315407558494506,0.7554280911106165
672761,2024,L,0.27744169198417706,0.07985958698072727,0.2762732322487648,0.007960840925873104,0.6359063397304275
682985,2024,L,0.30445704209711305,0.09022472571406184,0.28921276280320507,0.014495918870583775,0.606066592666757
664056,2024,L,0.304815067079275,0.08121908082081028,0.2351138910720083,0.00803281157541087,0.6756342170420143
668901,2024,L,0.3159518985656543,0.06700566408518854,0.2751269330800415,0.007881144068820489,0.6499862576457637
578428,2024,L,0.30151088110980373,0.05633225725168312,0.12439505738831526,0.007063723344742159,0.8122089623682794
596019,2024,L,0.3465507811589609,0.06565747316749726,0.14305832724787262,0.007294353788586306,0.7839898463858227
686555,2024,L,0.27744169198417706,0.07985958698072727,0.2762732322487648,0.007960840925873104,0.6359063397304275
606992,2024,L,0.29962565152084253,0.06792417728384065,0.29759299279307844,0.008006262773258657,0.6264765666594105
641343,2024,L,0.2841348473768928,0.09529297570155311,0.2862831443349025,0.013588319864344086,0.6048355597587957
682626,2024,L,0.33396141936718127,0.09795889113490376,0.26183016424972466,0.007968020389976878,0.6322429231612385
516782,2024,L,0.3233242777930035,0.04980148052078735,0.18835892953590228,0.007502980154415569,0.754336609391356
642715,2024,L,0.32322360349211093,0.09889362785245798,0.2682456329101508,0.008329988082452893,0.6245307516511552
694192,2024,L,0.27744169198417706,0.07985958698072727,0.2762732322487648,0.007960840925873104,0.6359063397304275
668930,2024,L,0.2764694687563686,0.09765612580337012,0.23471797540934908,0.013622367639393519,0.6540035304326576
687401,2024,L,0.2864517023711274,0.06664231359004655,0.2591275951153677,0.007713509943644206,0.6665165816644029
596142,2024,L,0.3455607148004098,0.08616619881278924,0.268883531344346,0.008086328693229113,0.6368639410200935
663368,2024,L,0.28952951706029,0.1420710549235184,0.27219888835951406,0.008725521441468327,0.5770045345861179
680737,2024,L,0.27744169198417706,0.07985958698072727,0.2762732322487648,0.007960840925873104,0.6359063397304275
700250,2024,L,0.2544272812544834,0.0820654064950824,0.2913915633791207,0.014222201865479104,0.6123208281688314
683011,2024,L,0.31722645582702597,0.10980066267219125,0.2677685585864029,0.008392519071035592,0.6140382607216107
641943,2024,L,0.29118490989760537,0.08146880541848306,0.21629785163987136,0.014129297476023723,0.6881040454176766
663698,2024,L,0.2916436693565033,0.07737440224600253,0.3108015552091663,0.008185675375135057,0.6036383676805396
665833,2024,L,0.2980043121856139,0.08631172866353261,0.33220380067680927,0.014409830608288113,0.5670746403602316
657077,2024,L,0.3151054714254385,0.08426589563762223,0.16723611209543623,0.014085105117313045,0.7344128866807917
542932,2024,L,0.317506376522569,0.11991100210470232,0.217032868901061,0.008173517383885926,0.6548826120329014
691176,2024,L,0.2858114307833567,0.08535566003367649,0.2666384801651159,0.007807082454628663,0.640198777042232
519317,2024,L,0.3770837880838894,0.0696986118032468,0.265891702517799,0.007704451112494884,0.656705235543967
663757,2024,L,0.29772457705516087,0.12697386110082481,0.284386063711835,0.015580999127850619,0.5730590759971395
650402,2024,L,0.3394863837607573,0.0893930976169407,0.2081493655533397,0.007876582813291287,0.6945809560192001
624431,2024,L,0.31561187527329515,0.06480181769968199,0.16103177705490176,0.006636054963728717,0.7675303493578084
666149,2024,L,0.2834596157125843,0.09744526287357758,0.2835730491369402,0.00819497946371607,0.6107867079721707
624424,2024,L,0.30686289368073105,0.0914261634715882,0.25949918656946963,0.014768955518596439,0.6343056945339737
669477,2024,L,0.3147646778483353,0.06424570473467171,0.21684051844256425,0.0073058648903857526,0.7116079116745545
622268,2024,L,0.2628060406774332,0.07239261637300969,0.25137522537800044,0.013502405892666956,0.6627297525966148
663457,2024,L,0.30664178969510086,0.12480047692976469,0.25603838620978986,0.014606140625478232,0.6045549957688121
663609,2024,L,0.3206735871122027,0.09393859875635513,0.2829659901630613,0.008177330245560879,0.6149180799545536
668942,2024,L,0.2878210970485729,0.11164074825558547,0.24179954507960452,0.014520333781961835,0.632039371909241
664238,2024,L,0.3201763786427099,0.1231615222369305,0.26298433263003607,0.00855358067043093,0.6053005627757845
571745,2024,L,0.3400088096956985,0.09459669350876099,0.24239107753807312,0.007846928372978118,0.655165299805446
649966,2024,L,0.3040571230417812,0.11798956580905513,0.23454573480447147,0.008539328728533158,0.6389253702249319
670042,2024,L,0.29728061519192744,0.06694006197639306,0.2971911480396994,0.013306186996914677,0.6225626030249762
668227,2024,L,0.33241422541479326,0.09367506203148324,0.2449679527492355,0.00815979536801551,0.6531971881877972
663728,2024,L,0.32633383050010567,0.06720346366093811,0.26172346817118103,0.007773785504886143,0.6632992823595372
680474,2024,L,0.27744169198417706,0.07985958698072727,0.2762732322487648,0.007960840925873104,0.6359063397304275
668832,2024,L,0.2544272812544834,0.0820654064950824,0.2913915633791207,0.014222201865479104,0.6123208281688314
663527,2024,L,0.32447214708312044,0.10014074011387859,0.2077530998420295,0.008052753004148613,0.6840534074520155
680869,2024,L,0.30610307116211694,0.09143561119035254,0.28047695930265715,0.008074650394801739,0.6200127786563968
664913,2024,L,0.2954561041732204,0.07885654249908595,0.2909816010252545,0.014075431385917783,0.6160864258017795
691016,2024,L,0.26104140714296953,0.07315260143550117,0.33286627487958736,0.013083014111818253,0.5808981097860302
667670,2024,L,0.3322715454019879,0.09903048864308533,0.30652420289226545,0.008407663592326675,0.586037645586595
663743,2024,L,0.342617653483935,0.08921956333336763,0.16193548711750394,0.007302700004228788,0.7415422496923596
665052,2024,L,0.2544272812544834,0.0820654064950824,0.2913915633791207,0.014222201865479104,0.6123208281688314
672640,2024,L,0.2864336453478509,0.09442835429121646,0.25427120528021374,0.008035483304234793,0.6432649564584787
667472,2024,L,0.3254939711319618,0.08134199076592398,0.2467847539242066,0.007875748549845327,0.6639975066896306
660821,2024,L,0.2948894146414267,0.06800308549980799,0.27262085957559046,0.013306348652254866,0.6460697064390702
681146,2024,L,0.3104751344465253,0.12040674639370906,0.16323240384423765,0.00825587987073847,0.7081049701787481
665782,2024,L,0.27744169198417706,0.07985958698072727,0.2762732322487648,0.007960840925873104,0.6359063397304275
676914,2024,L,0.2951785068953149,0.12738291817459116,0.3313021999703121,0.008591906154318887,0.5327229759528638
676391,2024,L,0.3006965619307236,0.062412612962740956,0.14319156768565802,0.007104377938028754,0.7872914411986142
687462,2024,L,0.2571746550067334,0.07805246061999237,0.25377475413419365,0.014006025648524318,0.6541667606397846
682729,2024,L,0.27744169198417706,0.07985958698072727,0.2762732322487648,0.007960840925873104,0.6359063397304275
665489,2024,L,0.39108420309487185,0.07936426074266834,0.15752395573646405,0.007256036512333299,0.7558557468055064
623168,2024,L,0.2764547826461555,0.08840395164026084,0.17390211090870292,0.007748466823226331,0.7299454712910882
694388,2024,L,0.2544272812544834,0.0820654064950824,0.2913915633791207,0.014222201865479104,0.6123208281688314
669364,2024,L,0.2794779732421165,0.08771127131700583,0.209590192015426,0.007760364691783967,0.694938171707623
669394,2024,L,0.34597025350018346,0.07417775000120685,0.2653223423664664,0.007686979167197063,0.6528129290666331
672642,2024,L,0.27744169198417706,0.07985958698072727,0.2762732322487648,0.007960840925873104,0.6359063397304275
681393,2024,L,0.27744169198417706,0.07985958698072727,0.2762732322487648,0.007960840925873104,0.6359063397304275
656448,2024,L,0.31970743335903434,0.07712554443361917,0.26717470219052813,0.007853591098805287,0.6478461628101203
686611,2024,L,0.27744169198417706,0.07985958698072727,0.2762732322487648,0.007960840925873104,0.6359063397304275
677588,2024,L,0.2599552566513521,0.10874855955998253,0.3022648146944558,0.014932117552538933,0.5740545072355974
660766,2024,L,0.3125895378324271,0.06571974994728866,0.23285947098337198,0.007904364189790564,0.6935164150849029
695578,2024,L,0.2544272812544834,0.0820654064950824,0.2913915633791207,0.014222201865479104,0.6123208281688314
671277,2024,L,0.2845505019151765,0.04815717258791472,0.1823737884304802,0.009257534384864841,0.7602115044890582
683083,2024,L,0.27744169198417706,0.07985958698072727,0.2762732322487648,0.007960840925873104,0.6359063397304275
696285,2024,L,0.30429271270713915,0.09096147050334664,0.19285690804219024,0.007761957188148829,0.7084196656542953
686452,2024,L,0.2802068107658683,0.09332386243711976,0.2642535878361749,0.008048281147668312,0.6343742697476299
608336,2024,L,0.32410034221100487,0.10022428963762069,0.38874269782181503,0.014821188119852356,0.49621182371241235
596117,2024,L,0.2546203202230945,0.10628831678935687,0.2706503896436374,0.014938406116795038,0.608122887969152
624641,2024,L,0.28960139428557163,0.057929012641217525,0.2186846994265273,0.007680752772743748,0.715705535886286
665019,2024,L,0.276294812737627,0.08607091256382253,0.28038686472041563,0.014228769244816527,0.619313454511998
669016,2024,L,0.2814361019401878,0.09038494776315817,0.32474807241219245,0.014822774212444875,0.5700442038335457
664761,2024,L,0.35065538803629287,0.07533798517239743,0.18194598583622829,0.007522325559907985,0.7351937037852022
681082,2024,L,0.30068043570578085,0.08612026463187397,0.1788979463111826,0.012747461565623754,0.7222343267196275
605137,2024,L,0.3447353800543198,0.08221496673589801,0.21689350695766663,0.007885733498140117,0.6930057922490107
642180,2024,L,0.25422636854522507,0.09424040826633123,0.25034279487927286,0.014498308142024303,0.6409184883447893
663604,2024,L,0.27744169198417706,0.07985958698072727,0.2762732322487648,0.007960840925873104,0.6359063397304275
543309,2024,L,0.32696056483492697,0.06227472548986256,0.24123662507705038,0.007432751652409811,0.6890558962266654
456781,2024,L,0.331808641385424,0.0754546434285303,0.19375321850570487,0.0076476768985307125,0.7231444630831324
595777,2024,L,0.32659530215457333,0.10337845385772389,0.15699414734925865,0.007900100361351237,0.7317272968737316
605113,2024,L,0.28929378496067454,0.07028635198025993,0.19506449896563136,0.007495097280415232,0.7271540508401618
593428,2024,L,0.34905178749269916,0.09625552276109885,0.16558798729976382,0.0077199907822468805,0.7304365000084885
592518,2024,L,0.3881302423184841,0.0653806092200029,0.16497747203800134,0.007317875198410095,0.7623240431910189
670623,2024,L,0.334087600960057,0.09650713417379367,0.14979180719429586,0.007808327404060205,0.7458927310201983
673548,2024,L,0.3499011958611454,0.12930639608980365,0.22850341479357683,0.008623603590752772,0.6335665862665767
641355,2024,L,0.3073201181572551,0.07636414721465712,0.24009236113656143,0.014053155774876976,0.6694903350280712
701305,2024,L,0.27744169198417706,0.07985958698072727,0.2762732322487648,0.007960840925873104,0.6359063397304275
572138,2024,L,0.27288434180809873,0.0977698222501409,0.28089811056842345,0.01444404442270474,0.6068880226619126
605170,2024,L,0.3237485237500444,0.08570617907122813,0.2059361166546451,0.007743413881327897,0.7006142895813532
663656,2024,L,0.35946412206932515,0.07624003548008922,0.16786804877319986,0.01309541472576633,0.7427965010830215
687597,2024,L,0.27744169198417706,0.07985958698072727,0.2762732322487648,0.007960840925873104,0.6359063397304275
691011,2024,L,0.27744169198417706,0.07985958698072727,0.2762732322487648,0.007960840925873104,0.6359063397304275
668845,2024,L,0.27744169198417706,0.07985958698072727,0.2762732322487648,0.007960840925873104,0.6359063397304275
676070,2024,L,0.2788967537131423,0.07298110578803253,0.2434189021434775,0.007705265620855126,0.6758947260251692
642020,2024,L,0.290809411180178,0.06457805191004128,0.2649991159530326,0.0076240572406062156,0.6627987747363305
666150,2024,L,0.26464054682508575,0.08184902874877749,0.2437934539100934,0.014083054114370651,0.6602744631789399
663993,2024,L,0.3286450142785414,0.09887258245983706,0.23412345361819456,0.01382450694547083,0.653179457077203
622110,2024,L,0.3228179989826319,0.08330931077838398,0.1611961568806249,0.007493191130965863,0.7480013408629997
694671,2024,L,0.27744169198417706,0.07985958698072727,0.2762732322487648,0.007960840925873104,0.6359063397304275
669701,2024,L,0.28087619141345777,0.11654088898595526,0.2677962708141337,0.01517064783913097,0.6004921921913291
543760,2024,L,0.33658363514489387,0.10720162863342031,0.18287683364145405,0.008006938169401834,0.7019146003485099
677649,2024,L,0.3179950138751178,0.06462840899596428,0.2543900584816671,0.007611634353018744,0.6733698985814726
641680,2024,L,0.33573918402798014,0.0698410238347741,0.16687062933372537,0.007352132661901974,0.7559362151899583
608348,2024,L,0.31602584897528496,0.10412794711977479,0.22484981089573466,0.008220725194853387,0.6628015170110683
665750,2024,L,0.3115379627748133,0.0754954955173755,0.23876227814613835,0.007482759310234387,0.6782594662728746
607680,2024,L,0.3179979728856268,0.04434597395271415,0.15658896797924962,0.007023568262645769,0.792041489661195
676572,2024,L,0.27744169198417706,0.07985958698072727,0.2762732322487648,0.007960840925873104,0.6359063397304275
605346,2024,L,0.2612128629362939,0.06482465181654569,0.3077159993407558,0.007900884186094265,0.6195584654937519
621493,2024,L,0.34596629005072244,0.1019016337294801,0.21372928678157266,0.007893641295866874,0.6764754392272194
683021,2024,L,0.2998981040559921,0.09839734515407408,0.1448144071140738,0.00752356804790198,0.7492646787312015
694359,2024,L,0.2544272812544834,0.0820654064950824,0.2913915633791207,0.014222201865479104,0.6123208281688314
672569,2024,L,0.27744169198417706,0.07985958698072727,0.2762732322487648,0.007960840925873104,0.6359063397304275
681351,2024,L,0.3163365661088476,0.077307684104046,0.23482868901871362,0.007789619936640532,0.6800740068970192
592273,2024,L,0.32514332464085066,0.06243664245298619,0.2198120108549975,0.007549344230960076,0.7102020031416908
655316,2024,L,0.3208359782070167,0.129447768267558,0.19905464824744948,0.008418876769328053,0.6630787068849121
669003,2024,L,0.25379324683399823,0.0996393904881964,0.3373655335432161,0.014744674563678757,0.5482504005672576
656555,2024,L,0.35634199870911953,0.116181234439832,0.23920269193401889,0.008532128607632068,0.6360839460297105
661388,2024,L,0.3349544967038251,0.0973956252902488,0.2456737877079923,0.008004644828203454,0.6489259418637788
571657,2024,L,0.30144785789149625,0.06730204539374529,0.2077663483891041,0.007664950632746053,0.7172666552193382
680777,2024,L,0.31584230507632316,0.09930617036018506,0.2939286770813141,0.008198129284953433,0.5985670232852968
467793,2024,L,0.3495450906455625,0.10707631175791095,0.14808576554422123,0.007780523609804562,0.7370573979756488
680577,2024,L,0.2544272812544834,0.0820654064950824,0.2913915633791207,0.014222201865479104,0.6123208281688314
686797,2024,L,0.27744169198417706,0.07985958698072727,0.2762732322487648,0.007960840925873104,0.6359063397304275
668885,2024,L,0.27744169198417706,0.07985958698072727,0.2762732322487648,0.007960840925873104,0.6359063397304275
666397,2024,L,0.28102585373514816,0.13952176520195644,0.33303529086327704,0.015466457676717914,0.511976487921933
650489,2024,L,0.2938449140723247,0.04737058111053095,0.23954079075543683,0.007426166350877282,0.705662461351757
668904,2024,L,0.35103158463688483,0.07993771127037276,0.20019472212911787,0.007625189777209946,0.7122423764329746
622534,2024,L,0.3333588025859821,0.09112496590355779,0.16310270106170352,0.007773274105572767,0.7379990580997884
669224,2024,L,0.2750421815012039,0.06040459749806802,0.2589358078480628,0.012840763709479263,0.667818830140562
592450,2024,L,0.41078188969443125,0.10769434549924387,0.28859218443171175,0.008215977853529807,0.5954974913071432
665742,2024,L,0.3690892450869216,0.11879258829538586,0.18932093258705535,0.014586659219862982,0.6772998206493988
665828,2024,L,0.3036284658614523,0.07239975967768254,0.21832702042029817,0.007676462034467135,0.7015967576864042
693304,2024,L,0.291272061206667,0.09651833658753696,0.25748619397878486,0.008019711137800268,0.6379757581888592
668804,2024,L,0.34354983635526526,0.08631097922481362,0.2071413140692446,0.007651839977512613,0.6988958668437036
519203,2024,L,0.3379783290235119,0.07349750184860476,0.17787841386857622,0.014053461306906942,0.7345706230273019
687529,2024,L,0.2544272812544834,0.0820654064950824,0.2913915633791207,0.014222201865479104,0.6123208281688314
689172,2024,L,0.24951894421179358,0.08568957831296724,0.30604655438959877,0.014518492621575766,0.5937453751166043
672275,2024,L,0.3010447371872041,0.09698835519200628,0.27245088827194947,0.007940643594703988,0.6226201127304104
666464,2024,L,0.27981762041802044,0.06657806405805926,0.3212399581488192,0.007731509241436106,0.6044504683800198
680977,2024,L,0.31236874256044256,0.11769982123087522,0.19413938604955377,0.015216439372346171,0.6729443527407661
502671,2024,L,0.373763793826771,0.09987796492901588,0.22309092569142186,0.008221493044376353,0.6688096169450674
676475,2024,L,0.3066602304183138,0.06056663501978245,0.16739288035978292,0.012551882684100228,0.7594886004516996
457759,2024,L,0.35692881022539524,0.09111179084933989,0.16619421552059266,0.007961985704685162,0.7347320083971942
641487,2024,L,0.30775810583241264,0.11290351986529881,0.18686683542796,0.01487336968568046,0.6853562755887009
645302,2024,L,0.28719463563581954,0.08374324398942891,0.23931407064139215,0.007899558484075591,0.6690431283810072
671732,2024,L,0.2598302459005146,0.07988598605589203,0.3127002989983896,0.013447430386749282,0.5939662834651469
640902,2024,L,0.27744169198417706,0.07985958698072727,0.2762732322487648,0.007960840925873104,0.6359063397304275
691594,2024,L,0.27744169198417706,0.07985958698072727,0.2762732322487648,0.007960840925873104,0.6359063397304275
547180,2024,L,0.34970419313294476,0.07496720874277943,0.23154265486860495,0.013616576903005816,0.6798735575345718
607208,2024,L,0.34487520569826224,0.08007403243356975,0.18438983982808702,0.0076647864134956846,0.727871342234815
656941,2024,L,0.32708856903388395,0.1008378337641106,0.308421245602505,0.01486023822975203,0.5758806816992245
642215,2024,L,0.2771988315939306,0.09519994446615918,0.30741913925679,0.008240100809630033,0.5891408158667839
592663,2024,L,0.3417732322593805,0.06909328874750785,0.20045176762322067,0.007778477811933558,0.722676466296118
592206,2024,L,0.3396113609905694,0.05324270626060213,0.22579447981423934,0.007503708658051863,0.7134591041342336
701538,2024,L,0.2544272812544834,0.0820654064950824,0.2913915633791207,0.014222201865479104,0.6123208281688314
650333,2024,L,0.33153117968833645,0.09844423066598314,0.0979240618721449,0.014140509723226608,0.7894911977061679
677951,2024,L,0.3600653693041577,0.05309851246694392,0.18501780718141422,0.007376356405162803,0.7545073231325632
502054,2024,L,0.3548190195927379,0.13133706023500558,0.23711887573186524,0.008168754701520013,0.6233753098849963
672580,2024,L,0.34423310519359696,0.1053961032550598,0.20319414384017181,0.00768041752951471,0.6837293348482523
641658,2024,L,0.2849370970875956,0.10979893732457989,0.26053153032438464,0.00829464200318026,0.6213748904960276
592669,2024,L,0.3450606994532566,0.07143468294128738,0.23775838784500405,0.007692091676846539,0.6831148377798966
543257,2024,L,0.3149835890768129,0.13857148890106874,0.23660536250148578,0.008306220996295998,0.6165169271772627
521692,2024,L,0.34263711618868753,0.026076248043271712,0.2109626178654002,0.007107525476064523,0.7558536081399222
664728,2024,L,0.2918064309040594,0.08795237122417984,0.23088533382515944,0.013672903689425274,0.6674893909800921
663853,2024,L,0.2976220357832767,0.070500639114349,0.2882299485522522,0.007744479550796741,0.6335249325285783
807799,2024,L,0.3082301053951202,0.08277474787150381,0.16885349171494518,0.013634437220129117,0.734737324064755
666624,2024,L,0.3089782075317532,0.0874116706242551,0.3368617866880881,0.007940069564713532,0.5677864744143211
676609,2024,L,0.2792470670826039,0.10823710887262036,0.2499177540763302,0.008468560748319658,0.6333765760283268
680700,2024,L,0.2938551896132915,0.09513297454431865,0.1775909554793482,0.01442768516071691,0.7128483851950339
677587,2024,L,0.2536320166324423,0.07002096707707943,0.26944738587724143,0.007691804319431331,0.6528398424771681
682657,2024,L,0.27744169198417706,0.07985958698072727,0.2762732322487648,0.007960840925873104,0.6359063397304275
678877,2024,L,0.27744169198417706,0.07985958698072727,0.2762732322487648,0.007960840925873104,0.6359063397304275
681807,2024,L,0.288578067770309,0.061207525322236424,0.25328768434032684,0.007771715942543571,0.6777330747940843
657041,2024,L,0.33232380171867054,0.10893158584473807,0.21794189370542835,0.0079553348879291,0.6651711866897926
647304,2024,L,0.3148766269055393,0.0514752913565131,0.16527226436535036,0.012192049322818583,0.7710603952901166
643289,2024,L,0.30568445922430176,0.05309194425627859,0.16112506824871678,0.007192697335832905,0.7785902904811316
676694,2024,L,0.30830504999426556,0.09091184001872213,0.2380757348259721,0.007758830064292357,0.6632535950753808
673237,2024,L,0.32610098427449813,0.03631628131773706,0.21326443216361082,0.007017530624271292,0.7434017547427317
514888,2024,L,0.3316115098845965,0.07002838141539869,0.1354239454069835,0.006907287259873336,0.787640386635908
666197,2024,L,0.27890761051822227,0.09011779644514378,0.30890485552525515,0.008236213761071866,0.5927411342654639
608324,2024,L,0.35879081654630796,0.12106384974489388,0.14015912524798757,0.007744327907221898,0.7310326974553305
606192,2024,L,0.34617022165524725,0.08278768700182072,0.2736638148796699,0.008182504952972553,0.6353659946713235
666158,2024,L,0.28372470532108135,0.10211736842080626,0.2579675781612405,0.01451921834446137,0.6253958351305232
595281,2024,L,0.2723033653818815,0.058099917883904485,0.22561824138564926,0.012799691164716975,0.7034821493607573
660271,2024,L,0.339463400317249,0.07727587734411016,0.2733429444082599,0.013010709723043861,0.6363704688745246
643217,2024,L,0.3102677139897682,0.0814264934361937,0.20529901718289062,0.014213115869450399,0.6990613744051111
676113,2024,L,0.2544272812544834,0.0820654064950824,0.2913915633791207,0.014222201865479104,0.6123208281688314
678246,2024,L,0.3246220721520355,0.12552977219648684,0.20934426278708365,0.008210983890331525,0.6569149823120088
669234,2024,L,0.27744169198417706,0.07985958698072727,0.2762732322487648,0.007960840925873104,0.6359063397304275
663837,2024,L,0.34355502086111905,0.08634410235862541,0.18574215678867767,0.007925614084447214,0.7199881284175184
678009,2024,L,0.28539772140024183,0.0992622351669345,0.2625188398232992,0.01467029377904156,0.6235486299032991
668670,2024,L,0.2986931717773995,0.10657753637637285,0.300439257684046,0.008185434064469532,0.584797772948272
700242,2024,L,0.2544272812544834,0.0820654064950824,0.2913915633791207,0.014222201865479104,0.6123208281688314
670032,2024,L,0.27323084855895524,0.09771957700387489,0.16619042214258087,0.014121377512876178,0.7219686240217855
686676,2024,L,0.275590040865908,0.06361031986573946,0.2688721094913723,0.0076591599049801624,0.6598584114490296
682868,2024,L,0.27744169198417706,0.07985958698072727,0.2762732322487648,0.007960840925873104,0.6359063397304275
672820,2024,L,0.2946121010588072,0.055660713175059405,0.2273969068271907,0.007677989892827072,0.7092643901010494
657757,2024,L,0.301177966809332,0.08360572494241628,0.20924869071534935,0.013496408802015926,0.6936491758976557
683734,2024,L,0.3450848271453458,0.06988793751756979,0.17383420481790812,0.007442611760799781,0.7488352458681913
666969,2024,L,0.333018714692207,0.06677016917487741,0.2677668015165389,0.007816874884489653,0.6576461545303378
686217,2024,L,0.26895212331090657,0.10955142041744532,0.20443388281394662,0.014709658357540643,0.6713050379940408
543877,2024,L,0.3162870203616872,0.06934626978903172,0.1747063033669456,0.007420486882307005,0.7485269397475824
681297,2024,L,0.27069847864290936,0.10194331864086975,0.2957596928281236,0.01485177594089567,0.587445212726557
623993,2024,L,0.3423280093601467,0.07931478626914548,0.21091658713214703,0.007548046725636205,0.7022205807734198
676059,2024,L,0.33925928419240975,0.09174097447183595,0.21819945443301839,0.007569674586961666,0.6824898964997738
683002,2024,L,0.32778765867217485,0.08710963498590109,0.2509097127085828,0.012983223606832654,0.6489974288119359
602104,2024,L,0.3293167632718856,0.10186012760519912,0.21745479954636723,0.007982743676918563,0.6727023287630298
656775,2024,L,0.3049383968649706,0.08574881215120679,0.19533763664767073,0.01438379726269373,0.704529754974241
663624,2024,L,0.36051554115745027,0.054768812664304445,0.2192772621884349,0.007491353187090725,0.7184625718958889
656896,2024,L,0.3381787219221824,0.07263760178841104,0.1943132506513074,0.007516489132251368,0.725532657771815
668939,2024,L,0.3425540740379072,0.10066422032769251,0.17745908275302294,0.008003565727925687,0.7138731319322009
621043,2024,L,0.35939898758913297,0.09441240693997573,0.20131484538398797,0.007838514054580322,0.6964342328720311
621439,2024,L,0.32830144897960367,0.07383318941421914,0.2711399674330463,0.007873895665850839,0.6471529487232546
665862,2024,L,0.29025936293908994,0.07952476248355568,0.2776446188768043,0.014018122016042139,0.628812496348756
695257,2024,L,0.27744169198417706,0.07985958698072727,0.2762732322487648,0.007960840925873104,0.6359063397304275
694377,2024,L,0.27744169198417706,0.07985958698072727,0.2762732322487648,0.007960840925873104,0.6359063397304275
656582,2024,L,0.3163895587104528,0.13207530259813066,0.22027920181072957,0.008263901286464245,0.6393815940814199
643396,2024,L,0.31129068312587005,0.08266818281811124,0.1444896292294086,0.0075509109980343644,0.7652912760800514
650559,2024,L,0.35061392999116014,0.06903360985757645,0.20215106844512878,0.007766968016578228,0.7210483529827704
457705,2024,L,0.3515932259957529,0.12046826037711497,0.2161077874070707,0.008214215452676775,0.6552097373909468
573262,2024,L,0.3107736965499411,0.10602264461390278,0.2481265840161642,0.015066048712762785,0.6307847229712407
691026,2024,L,0.3046275068550296,0.09620090945800557,0.19669459261400984,0.007827465533931474,0.6992770322571353
672279,2024,L,0.2515465031605644,0.10485872730266596,0.306929865316447,0.015037216613834545,0.5731741904402061
691023,2024,L,0.33618046267976903,0.0714084443938825,0.22499764491199353,0.007268628213106566,0.6963252818336625
572761,2024,L,0.3209017086509572,0.14279271317101616,0.27899064541824475,0.01592590638688694,0.5622907350093095
671056,2024,L,0.31221038911659227,0.10616317309487577,0.2640860607210977,0.008280780240651731,0.6214699844570479
641598,2024,L,0.34436671784049483,0.12456738204419973,0.2543445256071108,0.008554359092907055,0.6125337327882671
668709,2024,L,0.284938910082783,0.11377111954750647,0.28341044414691013,0.014723334783277342,0.5880951023847573
677594,2024,L,0.35316777814108224,0.06440924619711079,0.24355257718830023,0.007485911394492909,0.6845522646573654
660844,2024,L,0.27744169198417706,0.07985958698072727,0.2762732322487648,0.007960840925873104,0.6359063397304275
663662,2024,L,0.2986875610122626,0.08825143030964108,0.2683530529096295,0.00782706011208302,0.6355684571391352
664770,2024,L,0.26217425550084633,0.07882463735758893,0.2577550920413942,0.013996621475428964,0.649423649021785
543807,2024,L,0.3564446151272453,0.10227480615146717,0.20781835240279992,0.00795076977484402,0.6819560728709516
677870,2024,L,0.27744169198417706,0.07985958698072727,0.2762732322487648,0.007960840925873104,0.6359063397304275
669065,2024,L,0.28353057636586304,0.06266148504261117,0.2723698611610682,0.01331694539841152,0.6516517077662789
545121,2024,L,0.3004472732438067,0.07325778470647781,0.12740484142323624,0.007240309899411772,0.7920970638316174
660688,2024,L,0.3241575235631477,0.04833641881946663,0.09094995863105113,0.006036064564923324,0.8546775568295482
673357,2024,L,0.33839396508366765,0.05330813503748989,0.25401276587190724,0.0075633006508367615,0.6851157972828938
696100,2024,L,0.3045633552975421,0.07151992844885889,0.2828173075042655,0.00773028310922594,0.6379324794990138
687363,2024,L,0.2544272812544834,0.0820654064950824,0.2913915633791207,0.014222201865479104,0.6123208281688314
665877,2024,L,0.2982343011788917,0.10527583589809003,0.17888366298707403,0.008057361020992613,0.7077831402931458
686780,2024,L,0.27744169198417706,0.07985958698072727,0.2762732322487648,0.007960840925873104,0.6359063397304275
695336,2024,L,0.27744169198417706,0.07985958698072727,0.2762732322487648,0.007960840925873104,0.6359063397304275
690993,2024,L,0.2544272812544834,0.0820654064950824,0.2913915633791207,0.014222201865479104,0.6123208281688314
621035,2024,L,0.31707841609571563,0.11938898814059959,0.27707512581658766,0.008538484946316958,0.59499740119803
605141,2024,L,0.3804021201333928,0.11741648589150254,0.14483143058080764,0.007937925372379601,0.7298141570985798
518692,2024,L,0.34795361065334746,0.07271887263273832,0.20805141836900248,0.014058246872235716,0.7051714618892432
681624,2024,L,0.27744169198417706,0.07985958698072727,0.2762732322487648,0.007960840925873104,0.6359063397304275
596103,2024,L,0.3175693012699319,0.10782829138711339,0.2747807196820337,0.008206829716008354,0.609184158071391
677008,2024,L,0.2602159594368764,0.07504890015289162,0.30754188775302704,0.013776832937213929,0.6036323790704072
666023,2024,L,0.3127303964902064,0.06908070170980064,0.21273529785072123,0.007503254003941817,0.7106807473289669
657557,2024,L,0.3101575280405813,0.07711342645138383,0.2652372818683601,0.00819912945430627,0.6494501622185824
656305,2024,L,0.356113844133264,0.1090085733746465,0.26439248454423125,0.00834757523384588,0.6182513681910425
592192,2024,L,0.33764213963464634,0.11108224679395186,0.2024528096466847,0.008402522594016545,0.6780624226084186
642136,2024,L,0.2880313134025887,0.11306685480433974,0.2884730080711972,0.014617170793546125,0.5838429670218512
687263,2024,L,0.3159113073290471,0.07292836173321116,0.23812284123037517,0.0076686251584800295,0.6812801719837596
668715,2024,L,0.32233260066564273,0.10104837053196901,0.2309249866663313,0.008147276155606535,0.6598793665140442
663886,2024,L,0.3193294988514735,0.10982104219072822,0.22928261925801305,0.007992578633238226,0.6529037606523622
670770,2024,L,0.29337553981842224,0.11374918622250181,0.20674556235676825,0.01498485823488036,0.6645203930090106
694362,2024,L,0.27744169198417706,0.07985958698072727,0.2762732322487648,0.007960840925873104,0.6359063397304275
682622,2024,L,0.3141049096662361,0.08215395882433887,0.23013416226165267,0.007649632587761694,0.680062247416081
669289,2024,L,0.3172752335542514,0.07774378636084266,0.1334338962980449,0.007386869105362514,0.7814354470548492
641584,2024,L,0.27207534397967864,0.09607215649863177,0.26406422920301315,0.014757482895716517,0.6251061315932261
686668,2024,L,0.2780826635952014,0.0765250555334804,0.32732289153928934,0.008072614921278927,0.5880794396247203
571448,2024,L,0.3511742796623468,0.049967488835512226,0.1561339723595101,0.006990197613895693,0.7869083405560066
664040,2024,L,0.3085350671349299,0.07365143172491048,0.2817423435545254,0.013692245238435577,0.6309139793513997
666185,2024,L,0.29189535766773883,0.08886338664100503,0.23807621127573086,0.008109891153040014,0.6649505108584094
686482,2024,L,0.2544272812544834,0.0820654064950824,0.2913915633791207,0.014222201865479104,0.6123208281688314
666139,2024,L,0.2832573496132456,0.07205081579274326,0.2718464178192082,0.013181491534868318,0.6429212760865184
694376,2024,L,0.27744169198417706,0.07985958698072727,0.2762732322487648,0.007960840925873104,0.6359063397304275
518792,2024,L,0.3025529536966715,0.07520830586468226,0.19561889413477354,0.013723615633720088,0.7154491856102848
663967,2024,L,0.24882319665255465,0.07905715606172517,0.3021235271808258,0.01429979803219303,0.6045195185495691
593871,2024,L,0.3424981422421617,0.06473401823392576,0.15868823222004785,0.007491010651376356,0.769086738233572
680716,2024,L,0.2676378517581422,0.08469513427939604,0.2853473121330323,0.008088529973303239,0.6218690237386568
679822,2024,L,0.27744169198417706,0.07985958698072727,0.2762732322487648,0.007960840925873104,0.6359063397304275
805779,2024,L,0.27744169198417706,0.07985958698072727,0.2762732322487648,0.007960840925873104,0.6359063397304275
669127,2024,L,0.3199470297625161,0.0850138433963512,0.30403052262177555,0.008187533137244898,0.6027681007182459
687231,2024,L,0.27744169198417706,0.07985958698072727,0.2762732322487648,0.007960840925873104,0.6359063397304275
660758,2024,L,0.27744169198417706,0.07985958698072727,0.2762732322487648,0.007960840925873104,0.6359063397304275
621020,2024,L,0.3412796326044042,0.08539649549291677,0.22523105457821566,0.007938445751602258,0.6814340027912482
665804,2024,L,0.2987977680977902,0.10094027775440424,0.2704323677309148,0.008220655341880856,0.6204066982061868
663538,2024,L,0.3271560307346693,0.07203845161749524,0.11345123804924734,0.007310231197868171,0.8072000792295404
621550,2024,L,0.33042668730071045,0.0962787678045631,0.33136702808938234,0.00840079036261345,0.5639534133129575
678894,2024,L,0.2936558354128829,0.07344153531290096,0.2546665943918623,0.007724928785575488,0.664166940995907
518735,2024,L,0.3300987138910114,0.1147667434335451,0.27069764982261124,0.008267201776264064,0.6062684045560783
669707,2024,L,0.2790937178824248,0.09791441003344473,0.28840662097164227,0.008209333451721793,0.6054696347050258
664774,2024,L,0.31705197375162536,0.11584866439607429,0.2193719172891206,0.015000866316822823,0.6497785517997611
671218,2024,L,0.29844807818366176,0.07875364497450078,0.2855559785279515,0.007959045319751484,0.6277313314098344
666310,2024,L,0.28418703075529245,0.0895794081645072,0.2552874726414848,0.013842400164500439,0.6412907180315833
665926,2024,L,0.27163693039638326,0.05543181547884555,0.21076253504800954,0.012789216222954616,0.7210164347238289
691406,2024,L,0.32032075646533487,0.0719288307654784,0.2391048984228705,0.007687381750853164,0.6812788894844912
676356,2024,L,0.2693642427440633,0.06321316224850948,0.22801661325464379,0.007633929084664023,0.7011362954343213
656716,2024,L,0.2865758042688253,0.0882307849936444,0.2293539205103596,0.014396539279395926,0.6680187548865957
650490,2024,L,0.3748143899045319,0.12131405755315607,0.15693276711531187,0.007797858311282062,0.7139553176623118
670764,2024,L,0.2937171241157588,0.1252361585132615,0.23802607843290538,0.008355289087918064,0.6283824744937266
642350,2024,L,0.30226190160269867,0.07122506742352663,0.3144521197615247,0.007852827782688195,0.6064699852457409
666163,2024,L,0.2604386204211152,0.1029416408675144,0.3225328276363243,0.01492515994065638,0.5596003721205046
500743,2024,L,0.3181908168856291,0.0686211761361921,0.11414834425827079,0.007209617873408651,0.810020862238689
669257,2024,L,0.3604943101595036,0.10646919614912081,0.19188035599998726,0.008250467551015172,0.6933999795054785
669304,2024,L,0.3205921469103598,0.057189626131374925,0.19483516794122188,0.00728332272045926,0.7406918821035579
643565,2024,L,0.2836285464663357,0.11704609320054297,0.2830022235293862,0.01525215844774332,0.5846995251166627
679032,2024,L,0.2837139567497195,0.05772230890992717,0.21856496313912177,0.007434325702162872,0.71627840088477
669720,2024,L,0.33374938145680744,0.06402942255686254,0.18219365531769555,0.0072415964336212425,0.7465353261536857
683737,2024,L,0.27347239546362656,0.08598011106731229,0.29312553051753854,0.014420489267348074,0.6064738676705772
596115,2024,L,0.3276911595100139,0.071326553668933,0.26996527250488006,0.008043076077340476,0.6506650973898199
680118,2024,L,0.3023074132924942,0.0868443111414509,0.27581674623874186,0.007946407869449664,0.6293925343319462
702358,2024,L,0.27744169198417706,0.07985958698072727,0.2762732322487648,0.007960840925873104,0.6359063397304275
592200,2024,L,0.2987831599471905,0.1163524852808706,0.26637404036699414,0.00819196574321585,0.6090815092370737
645444,2024,L,0.26905755432223694,0.13618736444814838,0.25747732057654044,0.008421018688640217,0.5979142962847374
672386,2024,L,0.37100869063360914,0.10897861103227903,0.13258670320262672,0.007790103864543481,0.7506445818792464
641933,2024,L,0.33974129931132013,0.08747078104513041,0.2870221532716097,0.008103056671351003,0.6174040094500363
656811,2024,L,0.30194834044113383,0.07807534070115395,0.2658563331550362,0.013824516983540544,0.642243809468343
643376,2024,L,0.34402115556523716,0.10223895605569507,0.19170275910347603,0.007793330205105513,0.6982649550409924
665953,2024,L,0.27744169198417706,0.07985958698072727,0.2762732322487648,0.007960840925873104,0.6359063397304275
694384,2024,L,0.27088126660134804,0.10269476747343731,0.21237700654597422,0.014168296609659759,0.6707599294295905
656537,2024,L,0.28571445951543056,0.06773260206228937,0.26773052796453356,0.007460417320193538,0.6570764528943349
660644,2024,L,0.29782958633684714,0.08363049493221063,0.20181417929112092,0.007468561957271183,0.7070867644092784
592626,2024,L,0.3194476051197613,0.07953543050826417,0.25518861549034655,0.01412337007703917,0.651152584093843
656976,2024,L,0.3020118109643479,0.10588582786653634,0.20870766602382285,0.014120615148534759,0.671285890726965
665487,2024,L,0.36343445991246215,0.0796496867592702,0.23725420102509348,0.007704675383343186,0.6753914364204625
666018,2024,L,0.2744304230107109,0.09347029022842301,0.25213775031615715,0.014487658506297638,0.6399043004194696
650391,2024,L,0.3536231236082556,0.05965652156671367,0.21508469318427015,0.007297106663883994,0.7179616795290997
693307,2024,L,0.27744169198417706,0.07985958698072727,0.2762732322487648,0.007960840925873104,0.6359063397304275
702616,2024,L,0.2544272812544834,0.0820654064950824,0.2913915633791207,0.014222201865479104,0.6123208281688314
666181,2024,L,0.2708683512366387,0.11305993710917672,0.3343855127121309,0.014573073714944068,0.5379814767802271
666160,2024,L,0.2526705137862476,0.04586817797782595,0.33691824489640976,0.012544575233047046,0.6046690021093416
665161,2024,L,0.3188924262462001,0.05868307465546915,0.20266875290569197,0.007209004259198115,0.7314391698324925
670541,2024,L,0.3716901763066819,0.08283958574812257,0.23850318395387915,0.014246499050576103,0.6644107323408737
676439,2024,L,0.2544272812544834,0.0820654064950824,0.2913915633791207,0.014222201865479104,0.6123208281688314
665506,2024,L,0.2885832111162361,0.07551928617492744,0.26479758317331065,0.007717964946938852,0.6519651663936338
682668,2024,L,0.27744169198417706,0.07985958698072727,0.2762732322487648,0.007960840925873104,0.6359063397304275
669397,2024,L,0.28527399815624865,0.08713949652812199,0.1751197633283149,0.007497260541764059,0.730243479481528
664702,2024,L,0.31434916779198424,0.11775779089634196,0.15752833408586506,0.008067171274756217,0.7166467037373647
608070,2024,L,0.35386858559961076,0.07094117058676958,0.11717253282846916,0.007328710384403679,0.8045575867229978
680718,2024,L,0.2544272812544834,0.0820654064950824,0.2913915633791207,0.014222201865479104,0.6123208281688314
642133,2024,L,0.3122388298793849,0.07553420934549517,0.25934508953421836,0.013241652921428003,0.6518790473446124
664034,2024,L,0.34026899986434794,0.0784388252510856,0.1842386612424669,0.007802242420395343,0.7295202712080248
624428,2024,L,0.3021627524959239,0.08924957848929937,0.14724607075974103,0.01442813175972286,0.7490762202410863
682617,2024,L,0.2828327704029871,0.10421757086748719,0.32028086595753263,0.008126796099551222,0.5673747677071252
663898,2024,L,0.333783164684017,0.07695816473827798,0.20934599186906985,0.0075209311333559615,0.706174912628373
620443,2024,L,0.31013038640316665,0.08634386579314213,0.22489606003580215,0.007840895061864169,0.6809191797912516
682177,2024,L,0.2544272812544834,0.0820654064950824,0.2913915633791207,0.014222201865479104,0.6123208281688314
686823,2024,L,0.27162480268143585,0.05133617329459831,0.1549780452377464,0.01231099109089706,0.7813747914212481
682928,2024,L,0.280895819354358,0.05513465603848406,0.20847730934684977,0.01297205866182544,0.7234159749719536
594807,2024,L,0.3280736315229351,0.06702039307493139,0.2705046932873709,0.007880374766080243,0.6545945390702628
642201,2024,L,0.27902475576571334,0.10019742363206062,0.3052444184802105,0.008248114199917497,0.5863100449600555
624415,2024,L,0.2969049242663736,0.13462830456234468,0.2761599348401937,0.015318301751874637,0.573893459781336
593160,2024,L,0.3163050326552355,0.06612561869102437,0.14857611008611604,0.0072985513815737165,0.7779997197130964
642708,2024,L,0.3110640092572806,0.05104918798805259,0.18103794105049723,0.007257472736663219,0.7606553984069275
670242,2024,L,0.299568457614813,0.09036707756422228,0.35330002927227283,0.014753809251933203,0.5415790833359141
595978,2024,L,0.2841732852346201,0.06791225151201535,0.2646491024355286,0.0078097246506400484,0.6596289201676215
700932,2024,L,0.2544272812544834,0.0820654064950824,0.2913915633791207,0.014222201865479104,0.6123208281688314
677941,2024,L,0.27175343503450294,0.07126332139369025,0.2848100049544495,0.007770873714471305,0.6361558003932408
608701,2024,L,0.33335667561765076,0.11516187479056138,0.20800352082055695,0.00798323947572007,0.6688513654856592
607732,2024,L,0.3091173350916215,0.09176663727118559,0.19935731022565997,0.0076948069671041504,0.7011812454920192
681481,2024,L,0.28463130415665366,0.0680324044595461,0.24235335749869347,0.013734483981999345,0.6758797542907204
660162,2024,L,0.3141938207436527,0.10083876819233081,0.2855735911712294,0.008382182179041577,0.605205459149895
553869,2024,L,0.3226692787648455,0.07328562778531328,0.19357401701881574,0.0076310886521879255,0.7255092660657917
646240,2024,L,0.33340568562004513,0.05239730056291821,0.2152368576297131,0.012830553090308401,0.7195352888975929
670869,2024,L,0.257660734274653,0.08643302554133718,0.259369453826814,0.014449993369434365,0.6397475275865169
691723,2024,L,0.27744169198417706,0.07985958698072727,0.2762732322487648,0.007960840925873104,0.6359063397304275
657193,2024,L,0.25843582109683905,0.07804618558047625,0.25258437422967794,0.014550669918939075,0.6548187689090936
680728,2024,L,0.2544272812544834,0.0820654064950824,0.2913915633791207,0.014222201865479104,0.6123208281688314
621028,2024,L,0.31154175708628984,0.06895469593695026,0.12169140646580734,0.007128247046106132,0.8022256511089964
667452,2024,L,0.3168060911706171,0.07875664943667374,0.19744945740785425,0.007753314855231217,0.716040578161724
641779,2024,L,0.30681897695064286,0.10657245954124943,0.27408015704880384,0.007980161256803762,0.6113672217856208
663616,2024,L,0.275721367539053,0.08954711816999347,0.356869114533655,0.014151463622119503,0.5394323044755445
671083,2024,L,0.2953017250495555,0.11439730949116182,0.2232691128641368,0.00788450169074453,0.6544490764834199
572191,2024,L,0.30411358641845027,0.07833456636176395,0.2803842234488799,0.007984611264037746,0.633296597580206
661531,2024,L,0.2610648518046599,0.0637620599367191,0.2642479330877869,0.00793208235883999,0.6640579244886934
682073,2024,L,0.29736890442705816,0.11707396864563915,0.29290057575870476,0.0083167776240636,0.5817086791829453
641645,2024,L,0.29600837954183057,0.11731047425306533,0.1752122124375678,0.015130371988027861,0.6923469420709831
672284,2024,L,0.2912211848519443,0.0755023449306468,0.2838090784051164,0.01386299446209598,0.62682558234942
592325,2024,L,0.28003390508655934,0.09125392744989289,0.27538043213066665,0.014585861281637929,0.6187797786837748
677956,2024,L,0.27744169198417706,0.07985958698072727,0.2762732322487648,0.007960840925873104,0.6359063397304275
605244,2024,L,0.278636963165025,0.0707800487759046,0.29055386439863173,0.007955589076146106,0.6307104987666862
670276,2024,L,0.26139126334426616,0.12454503500711765,0.2786039982703917,0.015356655071650705,0.5814943116261428
673962,2024,L,0.3383141999045799,0.06361397345066581,0.2633360780036557,0.00741898391630413,0.6656309643716359
695238,2024,L,0.2544272812544834,0.0820654064950824,0.2913915633791207,0.014222201865479104,0.6123208281688314
671289,2024,L,0.30640817851400437,0.07083422750444186,0.16801324043140958,0.007572824906048594,0.753579707763823
680757,2024,L,0.3103048562808043,0.1135987400009524,0.11647367055906671,0.014775824957096182,0.755151764723988
669137,2024,L,0.27744169198417706,0.07985958698072727,0.2762732322487648,0.007960840925873104,0.6359063397304275
676116,2024,L,0.2823256803981446,0.11957285262162981,0.3540984855850035,0.015590311987514384,0.5107383491204511
682641,2024,L,0.31761539955284035,0.08304803367830196,0.16439690465363607,0.0073973944398643765,0.7451576674219663
676801,2024,L,0.31715519377938556,0.099568306364242,0.2501989895710786,0.008111068296290354,0.6421216360117197
605131,2024,L,0.3070766397466658,0.12632269379423267,0.22974497783063702,0.008233758218816997,0.6356985706709698
662139,2024,L,0.29468015757267846,0.08240220203430432,0.25717909512089776,0.014761621269973199,0.6456570817991848
663897,2024,L,0.28559150824266477,0.09028353000270933,0.24671750725617853,0.008034337344810202,0.6549646255816972
675961,2024,L,0.26958808643106236,0.08051352388120557,0.2700078248201685,0.008041904326574657,0.6414367474065554
608671,2024,L,0.25858040915800534,0.12164927546703401,0.2701713069171073,0.014860363137708343,0.5933190552877758
669326,2024,L,0.27744169198417706,0.07985958698072727,0.2762732322487648,0.007960840925873104,0.6359063397304275
656484,2024,L,0.2638318263963824,0.07986161830506151,0.29540346866602873,0.014206337711446911,0.6105285758700087
543685,2024,L,0.37232032081018457,0.10790800352661722,0.1636530239807184,0.007971158148045901,0.7204678166479425
643446,2024,L,0.3092027560034843,0.06771286976117645,0.13067420579171757,0.013246580792051038,0.7883663433757833
608385,2024,L,0.31834672377400797,0.09833521047612698,0.19879907704130864,0.014082117773547469,0.6887835942354729
668952,2024,L,0.2838229314108353,0.1014160454948419,0.258488205852719,0.007799629799097426,0.6322961182496576
666176,2024,L,0.2947714265049174,0.06888877061544035,0.31775294587017355,0.008280166281503328,0.6050781168093687
670156,2024,L,0.2812350703593496,0.1274854065892238,0.25792542844197947,0.015384963402760724,0.5992042009156766
680779,2024,L,0.31643382897729216,0.09315230987380754,0.2537826226976931,0.008096319858627665,0.6449687463725039
690291,2024,L,0.2544272812544834,0.0820654064950824,0.2913915633791207,0.014222201865479104,0.6123208281688314
678489,2024,L,0.27744169198417706,0.07985958698072727,0.2762732322487648,0.007960840925873104,0.6359063397304275
681460,2024,L,0.27744169198417706,0.07985958698072727,0.2762732322487648,0.007960840925873104,0.6359063397304275
676551,2024,L,0.26757490591267447,0.08639469912199575,0.31657218597675646,0.008152948638841017,0.5888801656566018
518934,2024,L,0.36058683024708366,0.10416038528225072,0.16601608976743534,0.007722538555058887,0.722100988209022
608369,2024,L,0.34763964708404804,0.05675461766807096,0.20296541618285754,0.012451501898910847,0.72782846551868
543510,2024,L,0.3136559064441377,0.0686312810434325,0.24378186722739303,0.0076554131993559395,0.6799314375887482
596146,2024,L,0.32603862903981695,0.08489215469899727,0.1927931006692034,0.013619957852316665,0.708694786241173
672701,2024,L,0.2529662070275681,0.05597683253576866,0.2543593068081018,0.013461311395884634,0.676202548393588
679845,2024,L,0.29726929607484787,0.0812883785056579,0.20039253711972277,0.007483124487714863,0.7108359610462787
642086,2024,L,0.29229365494258003,0.0683125156160448,0.22262364829107745,0.013808386082910006,0.6952554486559511
694355,2024,L,0.27744169198417706,0.07985958698072727,0.2762732322487648,0.007960840925873104,0.6359063397304275
669200,2024,L,0.26973660751338774,0.07954789826638019,0.2998639770662989,0.008049607436829115,0.6125385177564401
669134,2024,L,0.31727703020457,0.05911730670859769,0.1844764736643815,0.007305271253764358,0.7491009489475786
669369,2024,L,0.26131134721348015,0.0897193172198152,0.2903135032620663,0.008059599721758728,0.6119075809692951
656577,2024,L,0.26508668015630715,0.06156133166880891,0.3964619950977101,0.008191534018400575,0.5337851401329952
642731,2024,L,0.30786994397578815,0.07059831685045555,0.18790330842729516,0.007443870257638515,0.7340545042164911
666152,2024,L,0.25517232981396964,0.11345049564767162,0.2897734194957185,0.014830304506688466,0.5819457803010081
641856,2024,L,0.2819226258410144,0.09532243826461789,0.2679498666281143,0.014488634091752061,0.6222390611865241
686469,2024,L,0.3349924116314973,0.07572381245699074,0.1401514984959507,0.013013225045867513,0.7711114655919479
645305,2024,L,0.27428340453120514,0.06922839129524996,0.27980920738579446,0.007761601107197882,0.6432008016680885
669743,2024,L,0.32228885342191865,0.13463075477779093,0.19854508196367784,0.008391516886613356,0.6584326456036483
575929,2024,L,0.32613970251533175,0.07910494700882871,0.25420522042283433,0.007912368027499658,0.6587774633693847
609280,2024,L,0.32614281911976734,0.050789352939862246,0.1463799418539473,0.006970686185972065,0.7958600176526409
656413,2024,L,0.3012986540539928,0.11387450176480259,0.2844985860190859,0.008200272037522063,0.5934266406109321
678225,2024,L,0.273365271759143,0.0954100084070722,0.25986014728117063,0.014740706575693372,0.6299891380877597
623520,2024,L,0.32382995983187124,0.08629061302305231,0.2815447195758604,0.00804977567168101,0.624114891094092
595879,2024,L,0.31214756774398866,0.04007176888348664,0.26841437333169094,0.0069737321943102665,0.6845401257850771
672724,2024,L,0.29003524972050865,0.09608817313021296,0.2623314898375008,0.007948145199096904,0.6336321917834189
656180,2024,L,0.3186702220966593,0.09674989713281905,0.2809597274361022,0.00837841930273592,0.6139119568402358
647351,2024,L,0.30976167469901467,0.0762682415639578,0.18219531697388544,0.007719822659365148,0.7338166186500952
669222,2024,L,0.3202375061899628,0.08033994512272688,0.18765575149811153,0.0074154414997110625,0.7245888630190931
694175,2024,L,0.27744169198417706,0.07985958698072727,0.2762732322487648,0.007960840925873104,0.6359063397304275
663905,2024,L,0.2689435380147551,0.062351332839249464,0.27389256300956205,0.01296191077443489,0.6507941939286244
686527,2024,L,0.27651571054098945,0.05780717790481025,0.24732391160577408,0.013217410416244925,0.6816514998096038
600869,2024,L,0.3199696381058711,0.08706833454357386,0.21652241331696107,0.007883268295212964,0.688525986564371
673490,2024,L,0.32963230645988634,0.12018667131771334,0.1804658335870334,0.008075013030046877,0.6912724813498292
672012,2024,L,0.2544272812544834,0.0820654064950824,0.2913915633791207,0.014222201865479104,0.6123208281688314
663647,2024,L,0.3464048755384731,0.07839475522524367,0.18553763137097865,0.007668994136324481,0.7283986187524959
663586,2024,L,0.3672428428548806,0.07166169913718447,0.24566826001182235,0.0077940438701674915,0.6748759965789833
676632,2024,L,0.26022325165608684,0.08339912774292065,0.2933279228256751,0.014009024024693699,0.6092639252680283
678554,2024,L,0.289947327917067,0.07264628809087059,0.2280794775870702,0.007713255457336331,0.6915609802558813
677950,2024,L,0.27462927891333677,0.07269488426188846,0.22958053413584978,0.013599121149211166,0.6841254609344993
592178,2024,L,0.33939330658100414,0.09481922746821497,0.23876753555556754,0.007997383128049628,0.6584158528760792
665966,2024,L,0.27744169198417706,0.07985958698072727,0.2762732322487648,0.007960840925873104,0.6359063397304275
669357,2024,L,0.3044803041790194,0.07592571080768068,0.3225335209684212,0.013537695970183486,0.5880030721504854
668723,2024,L,0.2799829814995014,0.07426914399825581,0.2598052779415349,0.007795623299164751,0.6581299538484484
669208,2024,L,0.27744169198417706,0.07985958698072727,0.2762732322487648,0.007960840925873104,0.6359063397304275
623912,2024,L,0.3244326313617778,0.04437233422059581,0.17096332831366906,0.007274848547070434,0.7773894896555041
656883,2024,L,0.2817016020432095,0.07393051145555099,0.2658094286115682,0.007875573954977603,0.6523844869742423
686894,2024,L,0.3116977108191089,0.09573676411185303,0.26690407134446514,0.007952963671088203,0.6294062009620011
670224,2024,L,0.2544272812544834,0.0820654064950824,0.2913915633791207,0.014222201865479104,0.6123208281688314
624503,2024,L,0.28769087133222715,0.050564380324282523,0.22204498461524563,0.013516945061354847,0.7138736887481439
650859,2024,L,0.31173070043902207,0.06585680505793604,0.17496907308059984,0.007278453436826929,0.7518956668518237
805373,2024,L,0.27744169198417706,0.07985958698072727,0.2762732322487648,0.007960840925873104,0.6359063397304275
681584,2024,L,0.29634731252094376,0.11365008401169611,0.2983050335050372,0.008312387225665591,0.5797324950995681
695391,2024,L,0.27744169198417706,0.07985958698072727,0.2762732322487648,0.007960840925873104,0.6359063397304275
543063,2024,L,0.29016177045359787,0.06549089408956507,0.22817180917644758,0.013195941277247214,0.6931413573583436
687799,2024,L,0.2689678062750163,0.09007356888598642,0.2897516663062903,0.014060054224364455,0.6061147092961201
682988,2024,L,0.27744169198417706,0.07985958698072727,0.2762732322487648,0.007960840925873104,0.6359063397304275
642197,2024,L,0.27744169198417706,0.07985958698072727,0.2762732322487648,0.007960840925873104,0.6359063397304275
641432,2024,L,0.31514075844165673,0.07474809764116122,0.1559436694425417,0.013419245630895693,0.7558889875669594
592696,2024,L,0.2864575152743197,0.042828782938965075,0.19382175274228788,0.010955029589081296,0.7523944339940236
681546,2024,L,0.2780396436324223,0.10054759222110071,0.34162091541992307,0.015136969731889051,0.5426945227121956
613564,2024,L,0.26503253004952093,0.08320520736864057,0.3110982174702405,0.013819273439052192,0.5918773016711889
621466,2024,L,0.2855407897234208,0.08820290906592693,0.2921720105955099,0.014679714281899549,0.6049453660669233
671221,2024,L,0.29358819516346285,0.0704563054431388,0.2811303626002092,0.007557185010277948,0.6408561476091401
605204,2024,L,0.3294351552920447,0.09543211536104534,0.26826947783522287,0.00795185999757298,0.6283465470480948
527038,2024,L,0.33066436158971196,0.0741491291101001,0.14106018283949198,0.007603792095508921,0.7771868957957845
663330,2024,L,0.30450765446859585,0.10784589276972761,0.2716485865817078,0.008181501207974855,0.6123240195222295
592885,2024,L,0.3256818310212861,0.09071636194374942,0.2475646515989144,0.014267796272109258,0.6474511898059684
660636,2024,L,0.2982858864467847,0.07947088838213871,0.21196544193197847,0.007589504099239764,0.7009741651463779
665856,2024,L,0.27744169198417706,0.07985958698072727,0.2762732322487648,0.007960840925873104,0.6359063397304275
649557,2024,L,0.33530197436784304,0.07360847916530294,0.1597553671321641,0.007289298731369054,0.7593468541980861
669374,2024,L,0.3094039528530817,0.08888056021721606,0.35156118657833124,0.008632394344824358,0.5509258589478961
622761,2024,L,0.31271441472030886,0.06589175134369485,0.228589363870782,0.007660922625343437,0.6978579612724609
656248,2024,L,0.3087401407708535,0.10213154086195045,0.26480711614488534,0.008094665719306685,0.6249666770112139
624512,2024,L,0.27031269928259305,0.0775805980006259,0.22078233567655442,0.012960898829149732,0.6886761670161526
621458,2024,L,0.26479387307122415,0.07363655396611772,0.3626916077419777,0.014070581248017909,0.5496012568339834
642851,2024,L,0.28720039077205756,0.0883105461849057,0.2199200784694758,0.008123899361196452,0.6836454751089479
621512,2024,L,0.2821566306469047,0.04671052843395308,0.26441510705184873,0.007342222130802256,0.681532141847738
669261,2024,L,0.30905971168483143,0.1168087912583505,0.31180107121055495,0.015258268237285344,0.5561318694522891
664901,2024,L,0.28964305447374844,0.09965949612777102,0.22550867341523212,0.008309289510493837,0.6665225398818697
665561,2024,L,0.2694926860421156,0.06332134434502142,0.2107671981494287,0.00738951735053041,0.718521941544107
672744,2024,L,0.2722438317338785,0.07085742658511032,0.302214009899501,0.007971045956112892,0.6189575184074779
668800,2024,L,0.30285164453853775,0.06820192787462225,0.2220716954044552,0.007518584979997535,0.7022077914254742
666182,2024,L,0.3840644971431986,0.05966593570646313,0.1751076846207838,0.007542060315304038,0.757684319985196
681962,2024,L,0.27498456251207465,0.10582365948598961,0.2598525129228177,0.008347339385942707,0.6259764883523179
658668,2024,L,0.31537118509239875,0.07777846910907622,0.18636496935021354,0.007777188556861661,0.728079371264683
605361,2024,L,0.28933549380882,0.10862048864044381,0.21780025244457993,0.014482733131547541,0.6590965254601737
663550,2024,L,0.22470397458779057,0.05201656759619646,0.3871572792428756,0.012964526763863149,0.5478616262817833
593934,2024,L,0.3627022671149134,0.09563691002261049,0.3156246253870196,0.008383268906985049,0.5803551959298604
672356,2024,L,0.2948557154695834,0.072959467007635,0.3173763751679975,0.007707239799687367,0.6019569178636724
608841,2024,L,0.3365410510429207,0.06937497633518942,0.19473148743726626,0.007623196664783932,0.7282703406588297
455117,2024,L,0.2892418179119407,0.09441158918420973,0.28087373033370844,0.008179652138554448,0.616535028027185
668731,2024,L,0.25545860831703493,0.09382905090220163,0.3004271038265791,0.014339270784329236,0.5914045736812176
670097,2024,L,0.2985548537365363,0.13035588249619848,0.27472741862451056,0.00857852910439986,0.5863381706662907
673995,2024,L,0.27744169198417706,0.07985958698072727,0.2762732322487648,0.007960840925873104,0.6359063397304275
621311,2024,L,0.2547616470307279,0.05212007453256266,0.30214477748586577,0.01242360446415094,0.6333115433902938
641313,2024,L,0.3005226796180339,0.04116702990925314,0.22383654159616798,0.007292629138953799,0.7277037987842869
682119,2024,L,0.27744169198417706,0.07985958698072727,0.2762732322487648,0.007960840925873104,0.6359063397304275
677942,2024,L,0.27744169198417706,0.07985958698072727,0.2762732322487648,0.007960840925873104,0.6359063397304275
664954,2024,L,0.26464116435228763,0.08002516912419183,0.2410170047266074,0.013888774625788693,0.6650690510745964
571466,2024,L,0.26536571791363317,0.08899184878251636,0.25048534542217815,0.014586235236307529,0.6459365707511247
669450,2024,L,0.2987520304073212,0.12632591340743307,0.27290178617137445,0.008186515489746249,0.5925857853885146
657088,2024,L,0.2615018374113866,0.09749962491915203,0.2728252617005419,0.014569009089437583,0.615106103313132
641511,2024,L,0.2770614173420997,0.08991377881457396,0.2471613695689676,0.008082080572362609,0.6548427716959293
666703,2024,L,0.27530610321469434,0.08478357293585205,0.2608520598559036,0.00803060511368818,0.6463337618373625
671286,2024,L,0.27744169198417706,0.07985958698072727,0.2762732322487648,0.007960840925873104,0.6359063397304275
676369,2024,L,0.3178278470821356,0.09151596229637729,0.3003813361612851,0.007857619021023192,0.6002450831307901
666915,2024,L,0.32210983775951213,0.07611132814201726,0.31470172262428886,0.008039306352164537,0.6011476446422401
676701,2024,L,0.2819800292090465,0.07433995187749248,0.23491402970130096,0.007611596297212112,0.6831344222877892
660707,2024,L,0.28752754926795443,0.057459084451903085,0.2953236702868141,0.0077785690145648284,0.6394386756692039
691182,2024,L,0.27744169198417706,0.07985958698072727,0.2762732322487648,0.007960840925873104,0.6359063397304275
669087,2024,L,0.28830350893104717,0.0720617811750611,0.3465025472706409,0.007627436341464244,0.5738082344230775
693049,2024,L,0.2772078569482712,0.05600731280915465,0.277614386227289,0.013472386668747683,0.6529059131620867
543228,2024,L,0.3205948193000071,0.0604293527984535,0.20826382998443468,0.007420447091257378,0.7238863693780443
664874,2024,L,0.2720295955014411,0.09179813266277081,0.3458330417704291,0.008573775408208228,0.5537950496408215
605119,2024,L,0.33038022934850825,0.08261655271372059,0.23483758539425217,0.007915228880937427,0.674630633979675
640492,2024,L,0.2954386319248671,0.046954006879827426,0.22196010614440007,0.007174840106838667,0.7239110474108326
547989,2024,L,0.3481126400100825,0.05331421833631172,0.2250312828476903,0.00800215538186292,0.7136523437368341
686554,2024,L,0.2544272812544834,0.0820654064950824,0.2913915633791207,0.014222201865479104,0.6123208281688314
643265,2024,L,0.35095806678691743,0.06876813704572124,0.22053327605851114,0.007373033467499214,0.7033255529657494
677347,2024,L,0.26144552829685064,0.08903760471521369,0.3257339010720831,0.008175675749710381,0.5770528191462346
657061,2024,L,0.2634652967547216,0.08525740684856715,0.27145216753327667,0.007793599300954712,0.635496825139827
668752,2024,L,0.2544272812544834,0.0820654064950824,0.2913915633791207,0.014222201865479104,0.6123208281688314
674441,2024,L,0.2544272812544834,0.0820654064950824,0.2913915633791207,0.014222201865479104,0.6123208281688314
621545,2024,L,0.2541146762705397,0.08697691961846707,0.2873441784925979,0.008209007533565318,0.6174698933088876
680911,2024,L,0.30990432423213665,0.07264356183354999,0.19336189142734722,0.007692179375821199,0.7263023659361385
553882,2024,L,0.2853698730741163,0.09506875850628582,0.21544581499423543,0.014874159223866548,0.6746112661938859
683146,2024,L,0.2869143013266801,0.0824805211718583,0.2876983494330808,0.014135114064652628,0.6156860164762863
667428,2024,L,0.27744169198417706,0.07985958698072727,0.2762732322487648,0.007960840925873104,0.6359063397304275
663611,2024,L,0.31281373814385144,0.08660954469554992,0.0940576408488001,0.007397728729247964,0.8119350865566535
663630,2024,L,0.2875866346639798,0.10055710685071867,0.3163321843485184,0.00809025687229803,0.5750204528554349
660670,2024,L,0.395520753625711,0.10050859105099583,0.22121365664964104,0.008048916360932317,0.670228835681079
645801,2024,L,0.2953258252034374,0.10760089340800799,0.27685005401254226,0.01416039881412564,0.6013886537118167
664314,2024,L,0.2451142815481744,0.09019566414128154,0.3484005136893221,0.01410151531097798,0.5473023061311635
669699,2024,L,0.24983829296259905,0.07200927170677107,0.2934550617020401,0.013848913914955881,0.6206867512258059
665923,2024,L,0.2659499322149778,0.0787962793850689,0.22001591198242446,0.007753725252858244,0.6934340837500681
542364,2024,L,0.2863011007572903,0.09666719132501883,0.20782704368661678,0.014461868852199791,0.6810438957172759
596129,2024,L,0.3083951285696423,0.12472084082027879,0.272392319077436,0.015282081882527016,0.5876047593435819
592348,2024,L,0.29137653900848337,0.08725087661124331,0.28283165657498793,0.00800699925867316,0.621910466492446
621563,2024,L,0.288424219011321,0.07695673561229303,0.18710771651686023,0.013458329810058504,0.7224772181955067
664059,2024,L,0.28304729006233015,0.09446472395239468,0.2595260699707472,0.00791951020593352,0.638089695266329
666165,2024,L,0.25682920418785055,0.08200811100975876,0.35025434468665667,0.01298284699400707,0.5547546977174125
694497,2024,L,0.2675492030685427,0.11927946090289543,0.31573876818656155,0.015173220144103656,0.549808551097322
501303,2024,L,0.2970513305146345,0.09586530201898918,0.19596908679489353,0.007729811269019548,0.7004357993506771
808982,2024,L,0.2544272812544834,0.0820654064950824,0.2913915633791207,0.014222201865479104,0.6123208281688314
644433,2024,L,0.2746736645606461,0.06164618049131439,0.26935160737748903,0.007421199039629916,0.6615810133303283
687952,2024,L,0.32323509707853004,0.059484766783341185,0.2772519969439056,0.00785682331162543,0.6554064132234019
608596,2024,L,0.30061238343494157,0.08492248416752664,0.32283222661829414,0.008233130525861316,0.5840121585502065
666135,2024,L,0.2859222297656381,0.07001750174609786,0.23428506921993378,0.013800629455072426,0.6818967978611915
545361,2024,L,0.39304394733575704,0.10980417976635057,0.23767648670918706,0.008426798991611332,0.6440925346605103
543305,2024,L,0.3271277884876856,0.09452877060731445,0.20647936499012046,0.00769729201567158,0.6912945732604755
666211,2024,L,0.24839699607957996,0.09114160447127663,0.3680577626575031,0.01461305047816234,0.5261875829286083
670223,2024,L,0.27044449687673144,0.07267436322684542,0.3211560994840749,0.014041107710164326,0.5921284276144075
541645,2024,L,0.3126029888115064,0.054124405520721945,0.2703086453756948,0.0073972394643297005,0.668169710778
622569,2024,L,0.3239378948576537,0.09575375070265599,0.19519920219058495,0.007974913607051827,0.7010721333299019
669352,2024,L,0.2675822055318451,0.07904239206912923,0.2695832540956222,0.007715110121544507,0.6436592433516277
664058,2024,L,0.30404899965146565,0.09314435515137169,0.08980581534687684,0.007233160971143788,0.8098166673573537
688363,2024,L,0.2544272812544834,0.0820654064950824,0.2913915633791207,0.014222201865479104,0.6123208281688314
650907,2024,L,0.2999569008229638,0.07175274038331729,0.29512060529283773,0.008099766226085426,0.6250268889682663
607054,2024,L,0.27936861500008486,0.11040402300225596,0.2539892307046063,0.015067449350789656,0.6205392968488758
676946,2024,L,0.2804760145347468,0.09403433598485476,0.24437477417575001,0.008097557586178824,0.6534933315848005
665120,2024,L,0.2962282722314512,0.0724616433998288,0.2615468977749823,0.01305434362955927,0.6529371155650071
669392,2024,L,0.271165105261356,0.07455455517215992,0.26543487572565044,0.007925143827334898,0.6520854263170038
668853,2024,L,0.2544272812544834,0.0820654064950824,0.2913915633791207,0.014222201865479104,0.6123208281688314
518595,2024,R,0.31961141929409975,0.07305816220118358,0.21199784179228248,0.01303094156828087,0.7019130544612247
657656,2024,R,0.30687601681902155,0.08839772443996435,0.2644399244224159,0.014344082168110847,0.6328182688265879
642201,2024,R,0.2651647279299132,0.0948145959427201,0.31908073803530074,0.014242736846190766,0.5718619287946182
621566,2024,R,0.3854444458820857,0.1024081840728162,0.24346455732088582,0.008817090307667174,0.6453101684028049
657193,2024,R,0.28672933235772485,0.08624424037303782,0.2373790764639362,0.008555566184925308,0.6678211163356332
578428,2024,R,0.2892668397948694,0.05222920535296468,0.13471545525022685,0.012710991095248637,0.8003443483646304
596019,2024,R,0.34451497782794577,0.07646681757088522,0.16545226778594058,0.008159913705511532,0.749921001575381
516782,2024,R,0.3118884850371598,0.051695439408209046,0.20212490506421077,0.013400873637128436,0.7327787826836998
682626,2024,R,0.3186566268781379,0.09857890805085551,0.2721205941189577,0.013916467648976178,0.6153840301301263
542303,2024,R,0.351504959297476,0.06270967991305273,0.2152039108747796,0.013003813007310789,0.7090825960428794
645277,2024,R,0.3152700026369361,0.05684387323643634,0.19629992618419254,0.008036226863412238,0.73881997456092
671739,2024,R,0.345385893210138,0.05836576574874667,0.20747720531617825,0.0077438379835690595,0.7264131907494377
672284,2024,R,0.3280993192794411,0.08735657890691156,0.26009751508022555,0.008460687829375195,0.6440852180354074
570482,2024,R,0.32661561132150796,0.054970175705393726,0.17962860407323525,0.012624276520832065,0.7527769431712507
607043,2024,R,0.3455960529978309,0.15371141210908484,0.23065375480999623,0.009058719073568318,0.6065761142787202
668901,2024,R,0.2992826742740052,0.06500104077366847,0.28750498308532596,0.013349747593938222,0.6341442285127782
621438,2024,R,0.3080330697380893,0.06891974351062549,0.23439141887828538,0.01344478523148736,0.6832440530767161
502110,2024,R,0.35340040455369653,0.07025350779673677,0.2611841577336605,0.013218662391032164,0.6553436729365275
624413,2024,R,0.3588130823045197,0.065363121048621,0.23557393433586468,0.013777164999449877,0.6852857795244264
606115,2024,R,0.2878808292109487,0.06504182431251149,0.2001763136812284,0.013170641572460192,0.7216112210337163
624585,2024,R,0.3407072449946936,0.08813353868763206,0.27628071586617586,0.013986362324664488,0.6215993827407083
664056,2024,R,0.2888433334990055,0.08149850738761606,0.25204574660361717,0.014136761417995676,0.6523189848026989
682668,2024,R,0.2622130949647617,0.07627099325542518,0.29240961480233835,0.013713083152721621,0.617606307906748
620443,2024,R,0.2983853554340173,0.09412023862928603,0.24060246752866368,0.013981725007560236,0.6512955688884827
669221,2024,R,0.3358070656432493,0.09323265466615385,0.23380575801010148,0.013846438731275371,0.659115148758703
444482,2024,R,0.34820195868196774,0.07417455206109788,0.1897625138327971,0.007776037825135256,0.7282868964084659
630105,2024,R,0.33859473789433164,0.10884032335386044,0.16518864633801972,0.00834204676481368,0.7176289835723911
665487,2024,R,0.34919249592306684,0.06756443081971134,0.24106529468378549,0.01306910038585393,0.6783011744343004
553993,2024,R,0.31573068716466124,0.09371450093486806,0.2801257114153026,0.014682759283289862,0.6114770278926652
545341,2024,R,0.32691205036267995,0.056783934349840755,0.2518928848387419,0.013270264705572417,0.6780529159728824
572233,2024,R,0.33916299211799794,0.08379739488424974,0.2295932888549653,0.01388701852919066,0.672722298330679
666971,2024,R,0.33543708262544764,0.06730175396752655,0.17721612949331522,0.01255017900651445,0.7429319378694683
682998,2024,R,0.3548844404448793,0.10373739247086126,0.20501616080276217,0.008461576350391221,0.6827848706211755
456781,2024,R,0.31143742566670785,0.07484653330037547,0.2182900293137487,0.013804671183963405,0.6930587662512877
663604,2024,R,0.2622130949647617,0.07627099325542518,0.29240961480233835,0.013713083152721621,0.617606307906748
642180,2024,R,0.27959952008880135,0.1115886079998247,0.23742116752984896,0.008614606386005091,0.6423756175913476
606466,2024,R,0.3360907785358379,0.09625277859852195,0.1755696771936113,0.008281147675487877,0.7198963969593292
672695,2024,R,0.29892532965466295,0.14160492774674907,0.2003075173765234,0.009023278947989611,0.6490642764527138
672515,2024,R,0.3218275827582483,0.10170240514812347,0.18627600699696767,0.014714051349469124,0.6973075377329339
664983,2024,R,0.29575328301621034,0.0825704478052669,0.2162092244219351,0.007987962711763573,0.6932323641445942
553869,2024,R,0.3061540587816992,0.06897394337370497,0.20675573797386107,0.013583083974936376,0.7106872347994027
605113,2024,R,0.27428951489303005,0.0648656847753479,0.20963176304887707,0.01295394498590801,0.7125486076390133
701538,2024,R,0.28595799127416693,0.08972925743039775,0.26750420813683207,0.008511483431119553,0.6342550506488225
650333,2024,R,0.3511915909391255,0.09748659216437237,0.07872016850461254,0.007871488059194928,0.8159217517298115
592669,2024,R,0.3184415630639177,0.06766193372540706,0.261724027530558,0.013001760811136345,0.6576122782083538
677951,2024,R,0.34305153310873876,0.05837563262723485,0.1996815373812665,0.012759306039485493,0.7291835242094672
502054,2024,R,0.33830907765097473,0.11391010305764761,0.24901298505981342,0.01441348566319118,0.6226634267358419
664728,2024,R,0.32838023560928153,0.09356250308331729,0.20368544629420612,0.008148409402714898,0.6946036417148762
672580,2024,R,0.33097319654108975,0.10549093678253631,0.2110802385114781,0.013639541890602831,0.6697892829789103
666023,2024,R,0.2988154792714006,0.07018766771985412,0.2254406539360978,0.012825138512981666,0.6915465404226925
669004,2024,R,0.34196939200454396,0.11363958106833924,0.2581134086120076,0.008855047707825019,0.6193919626261644
493329,2024,R,0.33663035963248295,0.05919353945281686,0.11086930591206706,0.012008799511075316,0.8179283549154496
686681,2024,R,0.3268862362575351,0.06345621908822606,0.21220363056296154,0.008124348963277291,0.7162158010196403
680700,2024,R,0.31851688277131435,0.10677938896681602,0.16891669928537542,0.008397580676251475,0.7159063304290377
686482,2024,R,0.28595799127416693,0.08972925743039775,0.26750420813683207,0.008511483431119553,0.6342550506488225
676609,2024,R,0.26654753373679574,0.10201471221908516,0.26669553163324344,0.014840250080413479,0.6164495062744928
666185,2024,R,0.2975771638870004,0.10078923557969031,0.2346368437081473,0.008757155787918141,0.655816765075007
686765,2024,R,0.28595799127416693,0.08972925743039775,0.26750420813683207,0.008511483431119553,0.6342550506488225
677800,2024,R,0.3159052667497816,0.1037875988797174,0.2816106034026349,0.008787435776898096,0.60581436180677
657136,2024,R,0.2931055034812949,0.07038593236229787,0.29568115359343544,0.013965298240151068,0.6199676157832793
671213,2024,R,0.3558274617823066,0.11464975838978908,0.23690888230837304,0.008488569748401049,0.6399527899499737
676356,2024,R,0.2576071801909526,0.0607496805494382,0.23993635835387753,0.013185721018951393,0.6861282401053594
666139,2024,R,0.32634616103344355,0.08202772053729902,0.24379461017540763,0.008291806848781362,0.6658858625412147
666624,2024,R,0.29429073127758526,0.0813409010666219,0.3427880077343271,0.0133762876860236,0.5624948030691646
666018,2024,R,0.3063241276722321,0.09868630798974828,0.2422283556429782,0.008517899054386862,0.6505674367135121
691406,2024,R,0.30444863569546965,0.06886495617100036,0.2519155214657538,0.01313129941995183,0.666088222284693
665839,2024,R,0.31366800230464104,0.09555987271427362,0.20750573638758357,0.00860153809004931,0.6883328529674141
681508,2024,R,0.28595799127416693,0.08972925743039775,0.26750420813683207,0.008511483431119553,0.6342550506488225
678882,2024,R,0.27076641569409493,0.061431468681371885,0.27766728690110387,0.013110059310347906,0.6477911843046513
687093,2024,R,0.2783699488748877,0.060568777654210794,0.21682212268548995,0.013098224503872229,0.7095108752300621
680776,2024,R,0.32725805430514965,0.09007471596550583,0.2272119370645003,0.008029777277686258,0.6746835696266743
683737,2024,R,0.30524814162274455,0.09769491874993841,0.27936753929727204,0.008683338921381194,0.6142542037283484
673548,2024,R,0.3372883234215868,0.12510126442844108,0.23987897197069888,0.015392709712864924,0.6196270535820453
663538,2024,R,0.3159039553747106,0.07162929237228861,0.12871544701805296,0.013109721811751074,0.7865455390901815
664023,2024,R,0.3220934931791849,0.11339291684190553,0.2769313934318444,0.008759497390850017,0.6009161925570154
670770,2024,R,0.318438373964199,0.11376563117775396,0.1804621745381722,0.008601613019822861,0.6971705804033674
668715,2024,R,0.3122005381040856,0.10635939387809602,0.23857052608022283,0.014716819459008112,0.6403532605457603
663886,2024,R,0.3081198455065701,0.11128926476284282,0.2459590572512795,0.014198536488414931,0.6285531410444247
682829,2024,R,0.316591833406468,0.09406515492134523,0.29908572199508127,0.008598593608139417,0.5982505293921092
663697,2024,R,0.30929918131382955,0.11505352821440724,0.23982269329420117,0.015122724593112369,0.630001054014064
571912,2024,R,0.28056185080781765,0.0889500367931889,0.2640903136565423,0.01432527892863705,0.6326343722536449
676679,2024,R,0.2622130949647617,0.07627099325542518,0.29240961480233835,0.013713083152721621,0.617606307906748
643565,2024,R,0.319445249041188,0.1356563294693245,0.2539381211242994,0.00904599865167541,0.6013595508660957
542194,2024,R,0.2894665550278307,0.043790349299732,0.26056727580352385,0.011959395505258479,0.6836829791809463
682622,2024,R,0.29507250280790975,0.07952180738771931,0.2507276309625163,0.013391906321333299,0.656358654974947
641584,2024,R,0.3024225264495249,0.10606530099925186,0.2374653348471457,0.008666737246452647,0.6478026258557514
664034,2024,R,0.3280923540492922,0.07521821061658919,0.18744636476522294,0.013635072797274527,0.7237003515075122
691718,2024,R,0.2697783560309254,0.09058479372213897,0.3316701290286673,0.008807084367327904,0.5689379929604689
670623,2024,R,0.32006661800152575,0.09256338709417464,0.16099597063300475,0.014081797523735066,0.732358844369827
682634,2024,R,0.2622130949647617,0.07627099325542518,0.29240961480233835,0.013713083152721621,0.617606307906748
668845,2024,R,0.2622130949647617,0.07627099325542518,0.29240961480233835,0.013713083152721621,0.617606307906748
595909,2024,R,0.30499549251281666,0.08535611218254423,0.2894177705634759,0.008562034122419128,0.6166640828826022
656541,2024,R,0.30094065764163364,0.11114450563715265,0.35181494123100154,0.009075235024974423,0.5279653176722895
666134,2024,R,0.32083350429297675,0.11068892786013047,0.32887030465431666,0.00918223507201794,0.5512585328989226
571771,2024,R,0.31449010677193995,0.07554636740158624,0.20829471038060102,0.01346146068382129,0.7026974618462566
669242,2024,R,0.30519591890645376,0.09134243581552605,0.17270569366140506,0.00798400903573819,0.7279678621491301
571970,2024,R,0.3628630331294933,0.14829533733382588,0.2614021340959419,0.009303943192320205,0.5809985853460217
669911,2024,R,0.2874527146452582,0.09318327519999778,0.3323287575811973,0.008498402598207343,0.5659895650855523
641857,2024,R,0.32019805081502134,0.10186173291504706,0.3106742564595775,0.008734111872389138,0.5787298995045201
678662,2024,R,0.2846537149704108,0.049383543593268575,0.2674727332780883,0.013114331418179146,0.6700293913467954
606192,2024,R,0.33246540883474607,0.07507319788262194,0.28272756148956285,0.013891558535065152,0.6283076828846115
681546,2024,R,0.31161904820716146,0.12388861811778867,0.3295585059499323,0.009166063127988561,0.5373868125379443
660271,2024,R,0.38115055583464486,0.09796778841038961,0.2622080767651934,0.00850837897522924,0.631315756687169
605131,2024,R,0.29625425909888947,0.11827572088188246,0.23568609158935191,0.014724550221062572,0.6313136371503271
681624,2024,R,0.2622130949647617,0.07627099325542518,0.29240961480233835,0.013713083152721621,0.617606307906748
621035,2024,R,0.3009688614940513,0.1089372755597621,0.2961267005877099,0.014771759411596412,0.5801642645793298
687597,2024,R,0.2622130949647617,0.07627099325542518,0.29240961480233835,0.013713083152721621,0.617606307906748
691011,2024,R,0.28595799127416693,0.08972925743039775,0.26750420813683207,0.008511483431119553,0.6342550506488225
605141,2024,R,0.3662867905835506,0.10360995206738176,0.14711840038941837,0.014323553325927038,0.7349480949390758
453568,2024,R,0.33381078874039644,0.06866566672085062,0.18364208248267602,0.008018379916298756,0.739673870330314
681481,2024,R,0.32049035279659005,0.07457207994060241,0.22446126565039193,0.008315586828491376,0.6926510675132029
678009,2024,R,0.3205231167212759,0.10371560584044699,0.23216305531763048,0.008622030847268512,0.6554993077567498
656716,2024,R,0.31558483792470216,0.09667534487023163,0.2129114489639444,0.008499111348996639,0.6819140940597579
676070,2024,R,0.26387493764482634,0.07220708360635479,0.2605537842516593,0.013390193370450748,0.6538489394462612
666150,2024,R,0.2968164508660321,0.08484262541870974,0.2180252723213165,0.008241946457580307,0.6888901564296308
686676,2024,R,0.26233549419664626,0.0590466968621097,0.2790189983702074,0.012724805636054166,0.6492094995734681
700242,2024,R,0.28595799127416693,0.08972925743039775,0.26750420813683207,0.008511483431119553,0.6342550506488225
679529,2024,R,0.3440720835707297,0.09310738147325334,0.22610382048678154,0.01415951505745131,0.6666292821114704
690291,2024,R,0.28595799127416693,0.08972925743039775,0.26750420813683207,0.008511483431119553,0.6342550506488225
672761,2024,R,0.28595799127416693,0.08972925743039775,0.26750420813683207,0.008511483431119553,0.6342550506488225
682985,2024,R,0.346600393141301,0.09873741669581458,0.25775392488797555,0.008642733283532796,0.6348659251065709
663837,2024,R,0.3294837399825081,0.08833063322652981,0.19767102091844893,0.014267544819021564,0.6997308008410478
682868,2024,R,0.2622130949647617,0.07627099325542518,0.29240961480233835,0.013713083152721621,0.617606307906748
672820,2024,R,0.2842241868031797,0.05619021396921334,0.2321126526303664,0.013168175129502037,0.6985289585071128
683734,2024,R,0.33066535893985793,0.06821770432065345,0.18444072157826308,0.013273771738922484,0.7340678020397191
676113,2024,R,0.28595799127416693,0.08972925743039775,0.26750420813683207,0.008511483431119553,0.6342550506488225
673357,2024,R,0.3250476556155758,0.0448437395759981,0.2623038928343945,0.0123263252237777,0.6805260427101336
668670,2024,R,0.2825233989128322,0.1062902560892785,0.3190739645224343,0.014471292107105037,0.5601644874362812
678246,2024,R,0.31129091674992915,0.11360687353997866,0.20996269319669186,0.014385000493103556,0.6620454328446258
690993,2024,R,0.28595799127416693,0.08972925743039775,0.26750420813683207,0.008511483431119553,0.6342550506488225
694359,2024,R,0.28595799127416693,0.08972925743039775,0.26750420813683207,0.008511483431119553,0.6342550506488225
672569,2024,R,0.28595799127416693,0.08972925743039775,0.26750420813683207,0.008511483431119553,0.6342550506488225
642136,2024,R,0.3200581692425131,0.13660280743686615,0.277468915661724,0.008821667655194316,0.5771066096787568
592273,2024,R,0.30172557661255844,0.06738514799635817,0.24889537602876372,0.013461751877567913,0.6702577241480665
607680,2024,R,0.299366777823792,0.04155357179047817,0.17674944512833266,0.012162696589734569,0.7695342865927248
665750,2024,R,0.3175101322189521,0.08846864427202697,0.22887919380207875,0.008121727227665493,0.6745304342534175
641680,2024,R,0.3312906643300441,0.08447363105078384,0.1804358048001411,0.008175104189252918,0.7269154602195669
663993,2024,R,0.365586072192708,0.11519346897974349,0.21771553307707997,0.008453625644317285,0.658637372337928
694671,2024,R,0.2622130949647617,0.07627099325542518,0.29240961480233835,0.013713083152721621,0.617606307906748
669701,2024,R,0.3142968345292654,0.1251732079998454,0.24287993166720692,0.008775346647474733,0.6231715138704288
543760,2024,R,0.32122183738843496,0.09608281848013252,0.18618533458288533,0.014265350267279287,0.7034664968977877
677649,2024,R,0.30431420101072365,0.05997583053539443,0.2552699800625683,0.012960684548937325,0.6717935047785246
687957,2024,R,0.28595799127416693,0.08972925743039775,0.26750420813683207,0.008511483431119553,0.6342550506488225
676572,2024,R,0.2622130949647617,0.07627099325542518,0.29240961480233835,0.013713083152721621,0.617606307906748
605346,2024,R,0.24772053206743005,0.060019528657570625,0.31938960829663365,0.013357843879975618,0.6072330195441464
621493,2024,R,0.328808385851645,0.10285369176616467,0.2319855764394468,0.014182926672759414,0.6509778042520704
608671,2024,R,0.28986682660473884,0.13381350342724535,0.21947183646059631,0.008705087237587785,0.6380095728563916
683021,2024,R,0.2897352412427227,0.0979117332467362,0.157387192889478,0.013733358150324542,0.7309677150662988
686555,2024,R,0.28595799127416693,0.08972925743039775,0.26750420813683207,0.008511483431119553,0.6342550506488225
669003,2024,R,0.2868255432528442,0.11295828603788154,0.31780942731868483,0.008854657280187085,0.5603776297189544
641343,2024,R,0.31844911093071343,0.11618289596193306,0.26659212622521467,0.008539557545990792,0.6086854197211526
655316,2024,R,0.31052577204065007,0.11743177928162178,0.20564155715589624,0.014713059789455385,0.6622136037787559
694192,2024,R,0.2622130949647617,0.07627099325542518,0.29240961480233835,0.013713083152721621,0.617606307906748
668930,2024,R,0.30583616958678167,0.11124662293530929,0.20556766813157498,0.008557081081818853,0.6746286282787115
687401,2024,R,0.2698003884003617,0.06785922796948848,0.28141244229319073,0.013353912849110326,0.6373744168127706
596142,2024,R,0.33018326699075373,0.07159761536536885,0.27416305740147323,0.013936041356957318,0.6403032855090999
663368,2024,R,0.29736585727356524,0.15386280500707641,0.2663027475327672,0.00940380925904539,0.570430637383664
543877,2024,R,0.30317257545087245,0.07114001720442628,0.18018176884501536,0.01362772543248787,0.7350504888071332
622534,2024,R,0.3175553141034869,0.07473423282477841,0.17272420783960635,0.013557527871916959,0.7389840313535027
571657,2024,R,0.29196141218197375,0.05429210418092496,0.2006014827051476,0.01304048717989822,0.7320659253795821
467793,2024,R,0.3510808327117911,0.11703695140421906,0.18354580729256706,0.00869919994207539,0.6907180412176976
676059,2024,R,0.318845311744764,0.08617931226399307,0.23499914840041633,0.013163284450779187,0.6656582544767766
702616,2024,R,0.28595799127416693,0.08972925743039775,0.26750420813683207,0.008511483431119553,0.6342550506488225
543510,2024,R,0.2889981179118769,0.056337712241393015,0.268142820477013,0.012976078044062896,0.6625433896614843
656896,2024,R,0.3226524505246886,0.0751419931037669,0.2110224582228607,0.013519929965872831,0.7003156180457095
668904,2024,R,0.33590524300930985,0.07924080939777241,0.20579560705598804,0.013281885453478907,0.7016816978354795
686797,2024,R,0.28595799127416693,0.08972925743039775,0.26750420813683207,0.008511483431119553,0.6342550506488225
668885,2024,R,0.2622130949647617,0.07627099325542518,0.29240961480233835,0.013713083152721621,0.617606307906748
666397,2024,R,0.31797017829976904,0.15738729177933272,0.29314703859716407,0.008922705401876735,0.540542964042642
596103,2024,R,0.29896765236476125,0.10673480224133212,0.29822004829565346,0.014396879485241489,0.5806482695821902
677008,2024,R,0.29857648772011314,0.08040181135828273,0.2737962723513066,0.008349677355059601,0.63745223897929
663624,2024,R,0.3358828718883404,0.052851055165493384,0.24005364854860334,0.012230500684713038,0.6948647952642946
681297,2024,R,0.30425994730912026,0.11519014539196379,0.2718192379135692,0.008973149240272149,0.6040174669864977
668939,2024,R,0.3566310689573635,0.10846683250211302,0.15977206041459133,0.008473805098500474,0.7232873021537644
656775,2024,R,0.33258535411578,0.0932964567051565,0.190770303144097,0.00849318365950014,0.7074400571257234
656811,2024,R,0.34182297366667813,0.08130567429295608,0.23688699359126167,0.0083744648712004,0.6734328665957828
680577,2024,R,0.28595799127416693,0.08972925743039775,0.26750420813683207,0.008511483431119553,0.6342550506488225
683002,2024,R,0.36279404174826835,0.10106058305190284,0.23660438196759373,0.008220167831129182,0.6541148668437422
602104,2024,R,0.31673253782307503,0.09638677154146365,0.22369574864658245,0.013975074403315225,0.6659424060158803
665833,2024,R,0.355530279666142,0.08726482484761862,0.2721974147815225,0.00850700668926355,0.6320307530240681
668804,2024,R,0.34849990656165364,0.10244525383383972,0.21706652600284387,0.008343601328500053,0.6721446187886893
693304,2024,R,0.2769685803874158,0.08761833149290099,0.26951044713344435,0.013993022584123323,0.6288781990055936
683011,2024,R,0.3047579573712191,0.09621012521050662,0.26852241272029653,0.014456583914647289,0.6208108773297077
657077,2024,R,0.34991534627265153,0.0893247179472123,0.1493001764225623,0.008174431399184385,0.7532006739991572
542932,2024,R,0.30846889836986313,0.11680718781326434,0.23001247993538648,0.01463263260842093,0.6385476995887635
691176,2024,R,0.29259355260616776,0.0932807961589758,0.2557377308710895,0.008251263320904851,0.6427302101282469
669224,2024,R,0.31389271415924186,0.06681981119515903,0.23509939709692704,0.007906083127663142,0.6901747086410993
663757,2024,R,0.3294147584977115,0.14168204488098138,0.2629035942560963,0.009162748580515582,0.5862516128200496
650402,2024,R,0.32407645959300274,0.07785219214645776,0.21456236964360303,0.013427001990808214,0.6941584354739759
678894,2024,R,0.27640640027521207,0.06960753892314636,0.2762928235855089,0.012928364001020905,0.6411712738139456
695257,2024,R,0.2622130949647617,0.07627099325542518,0.29240961480233835,0.013713083152721621,0.617606307906748
694377,2024,R,0.2622130949647617,0.07627099325542518,0.29240961480233835,0.013713083152721621,0.617606307906748
669707,2024,R,0.26743973396140447,0.09235813689146184,0.2982592205107552,0.014023091158680157,0.5953595511179126
624431,2024,R,0.29890708057348997,0.06543667505603466,0.17859720946138424,0.011778257808109382,0.744187857343003
641943,2024,R,0.3201423980275724,0.08915312652083913,0.2083221791777385,0.008280498912097995,0.6942441949781484
663698,2024,R,0.2763099175049948,0.07289185323714392,0.32477200004289014,0.01433512756105752,0.5880010196104136
700250,2024,R,0.28595799127416693,0.08972925743039775,0.26750420813683207,0.008511483431119553,0.6342550506488225
663609,2024,R,0.3046147426617117,0.09275771356262259,0.3019657490640367,0.014190088835881128,0.5910864479766351
676475,2024,R,0.3475088576132316,0.06476463562882379,0.1472892735533372,0.007538375477728391,0.7804077153766313
680977,2024,R,0.34459662944773645,0.12380977881380109,0.16729214107956508,0.008735001029107221,0.70016307940986
665877,2024,R,0.2874984551335883,0.10030077064837432,0.18943927695078752,0.01438699812379943,0.6958729554236261
666464,2024,R,0.2636206761054525,0.06110256917746938,0.3345216082743463,0.012836120354689813,0.5915397027554388
682641,2024,R,0.30646642288433995,0.07854639901364888,0.16956863257954863,0.013011431236785215,0.7388735359447971
687529,2024,R,0.28595799127416693,0.08972925743039775,0.26750420813683207,0.008511483431119553,0.6342550506488225
686780,2024,R,0.2622130949647617,0.07627099325542518,0.29240961480233835,0.013713083152721621,0.617606307906748
695336,2024,R,0.2622130949647617,0.07627099325542518,0.29240961480233835,0.013713083152721621,0.617606307906748
691023,2024,R,0.3164008762713309,0.06735077340039779,0.24637680235997206,0.012097460741418995,0.6741749630771371
592200,2024,R,0.2860788521030904,0.1115586663891875,0.2803262785444516,0.014434516066144851,0.5936805389118277
689172,2024,R,0.28150006640311614,0.09104264286638665,0.277079121707563,0.008599907216110541,0.623278328104739
666149,2024,R,0.26842476870666326,0.09256819946398454,0.3028168784003607,0.014151566205192872,0.590463356059603
624424,2024,R,0.3422206851758103,0.10724963953901538,0.2348525535422548,0.008789649399743867,0.6491081567852568
669477,2024,R,0.29719234242440806,0.05839778372778819,0.23260403059013046,0.012209489529007094,0.6967886963091358
672279,2024,R,0.28059734902411554,0.11226525886021152,0.27710003996426213,0.008892838579347681,0.6017418624156062
663457,2024,R,0.34751151633254473,0.13514215296536533,0.21705248084490242,0.00869505623252375,0.639110309508247
622268,2024,R,0.29440662883363067,0.0794144123823371,0.22109192445824052,0.008111902716298499,0.6913817606971935
664774,2024,R,0.35045759297089235,0.1299818582179992,0.19967935829914749,0.00872308962267326,0.6616156945841356
573262,2024,R,0.341869382265997,0.11119114316754167,0.23354024415473051,0.008846801305311826,0.6464218121539701
502671,2024,R,0.35170596380604124,0.09464970578246625,0.2430972359678001,0.014203241878749646,0.6480498168498369
656305,2024,R,0.3390639056516522,0.11198192856328436,0.27712687647291234,0.014809892181973478,0.5960813026426652
572761,2024,R,0.35380360381900633,0.14969857926997382,0.25461667153549905,0.009396609365683466,0.5862881406956701
680474,2024,R,0.2622130949647617,0.07627099325542518,0.29240961480233835,0.013713083152721621,0.617606307906748
668832,2024,R,0.28595799127416693,0.08972925743039775,0.26750420813683207,0.008511483431119553,0.6342550506488225
687231,2024,R,0.2622130949647617,0.07627099325542518,0.29240961480233835,0.013713083152721621,0.617606307906748
680869,2024,R,0.29091612993310195,0.08495677540602983,0.2880560057648105,0.013599488141905246,0.6133877305816956
664913,2024,R,0.33758787409022034,0.08144894794859431,0.2514509800429449,0.008374868541790184,0.6587252030598171
691016,2024,R,0.30124191371362896,0.082365762610719,0.3004144343105579,0.008354918524250616,0.6088648841315857
667670,2024,R,0.3122141052524894,0.08703626028653402,0.32701001093031973,0.014379090713992883,0.5715746382802889
668709,2024,R,0.31986182179858663,0.12922208148591766,0.2538905946166749,0.008738169440997381,0.6081491541502573
669397,2024,R,0.2778509776067606,0.0876360800677055,0.18689679842206572,0.013557507066368128,0.7119096142078413
660844,2024,R,0.28595799127416693,0.08972925743039775,0.26750420813683207,0.008511483431119553,0.6342550506488225
645302,2024,R,0.27655398360814515,0.07954861229708608,0.24351370530822644,0.013634204211907402,0.663303477793753
668942,2024,R,0.3183439101519489,0.118453073218672,0.20741008994289734,0.008487477007006881,0.6656493598285911
641487,2024,R,0.33616109930021726,0.12761706875189643,0.17170030823388,0.008677235682760883,0.6920053871602266
593871,2024,R,0.3455193962975528,0.10473508725795032,0.18196885085191183,0.00863848130273843,0.7046575803807055
663662,2024,R,0.28147401035249886,0.08932880748366005,0.28846795589332613,0.01374731464368811,0.6084559218097355
457759,2024,R,0.34618261666314726,0.08694041929338613,0.16271637047237303,0.013940671381937933,0.736402539224066
670042,2024,R,0.3334254070681142,0.08091542838615036,0.2809112074958128,0.008194264757950692,0.6299790986439503
668227,2024,R,0.3218101177936753,0.08698398838568382,0.24376898078670656,0.014471262572977945,0.6547757682199764
663728,2024,R,0.3351500795298393,0.08481983157248618,0.2680055698356599,0.00856877988355476,0.6386058189491212
677594,2024,R,0.3361577407590043,0.060968589926381475,0.2546279239363603,0.012950401698597916,0.6714530848520225
663527,2024,R,0.309970951450484,0.09561861828412183,0.2203073029774224,0.014078837314446105,0.6699952416047001
694388,2024,R,0.28595799127416693,0.08972925743039775,0.26750420813683207,0.008511483431119553,0.6342550506488225
672642,2024,R,0.28595799127416693,0.08972925743039775,0.26750420813683207,0.008511483431119553,0.6342550506488225
680718,2024,R,0.28595799127416693,0.08972925743039775,0.26750420813683207,0.008511483431119553,0.6342550506488225
676914,2024,R,0.28117607966032626,0.12092118011288978,0.34331588804429425,0.015104758976224875,0.5206581723579469
676391,2024,R,0.2916710620935936,0.06333289826795983,0.1482342297882629,0.012361799486334498,0.7760710729291869
687462,2024,R,0.28656622451480124,0.08576882513958907,0.22747204374268637,0.008219467099731032,0.678539663482954
682729,2024,R,0.28595799127416693,0.08972925743039775,0.26750420813683207,0.008511483431119553,0.6342550506488225
665489,2024,R,0.3713658881589278,0.06784263783059144,0.1692940937318201,0.012712362126237648,0.7501509065799395
623168,2024,R,0.2798833535211991,0.0875099021750354,0.1780674075751614,0.008369785645345408,0.7260529047008866
681393,2024,R,0.2622130949647617,0.07627099325542518,0.29240961480233835,0.013713083152721621,0.617606307906748
669364,2024,R,0.28922964345813673,0.0977402465644815,0.19227811336131626,0.008190269873992854,0.7017913707618871
669394,2024,R,0.3218991153559864,0.06471864176259867,0.28798738098462795,0.012750268695752508,0.6345437096133277
663743,2024,R,0.32706716132051095,0.0848606492093602,0.17128652708757033,0.012786942854217298,0.7310658806450906
665052,2024,R,0.28595799127416693,0.08972925743039775,0.26750420813683207,0.008511483431119553,0.6342550506488225
672640,2024,R,0.2709407377834395,0.0897075596823385,0.27196935253696014,0.014053473973744963,0.6242696134794954
667472,2024,R,0.30914015394134425,0.07756129258150572,0.25855752175282876,0.013518709836292827,0.6503624761430935
660821,2024,R,0.3398306142645843,0.0814290670261447,0.24801971378547677,0.008157428821666545,0.662393790860097
681146,2024,R,0.29836016775844926,0.11700150308964138,0.18150999179152139,0.0148954822543443,0.6865930221799362
660766,2024,R,0.30125855479426933,0.06774179829532713,0.23767247461851987,0.01372937446406691,0.6808563524075345
695578,2024,R,0.28595799127416693,0.08972925743039775,0.26750420813683207,0.008511483431119553,0.6342550506488225
671277,2024,R,0.32665756221406905,0.05224533198702176,0.14241733791956282,0.006680809728076426,0.7986565203264631
671117,2024,R,0.28595799127416693,0.08972925743039775,0.26750420813683207,0.008511483431119553,0.6342550506488225
696285,2024,R,0.2883333851689027,0.08795554726058114,0.21241121120537815,0.013734396221980602,0.6858988452622548
686452,2024,R,0.28885788293393605,0.10616852753446862,0.25302061935951925,0.00862317064880816,0.6321876830283915
671083,2024,R,0.2805537142467758,0.10810915581120212,0.24337950499120278,0.013757408564226723,0.6347539308940926
656941,2024,R,0.36331556898183104,0.11415406613252686,0.28910908200348867,0.008926120174813998,0.5878107325230979
596117,2024,R,0.27777584849360154,0.11331848298190199,0.25223415800128113,0.008795087249333481,0.6256522707239064
624641,2024,R,0.2797846405979742,0.05261661357232505,0.2217296911751961,0.013252259016793952,0.7124014358088638
665019,2024,R,0.3117892246109778,0.09435985713253275,0.2628053829527553,0.008729829762028804,0.6341049294978969
669016,2024,R,0.32405157290410214,0.09596828353149477,0.29402169471515777,0.008706938176952075,0.6013030835614807
664761,2024,R,0.3303158127576965,0.07045452580294943,0.19878077126407634,0.012896648132469322,0.7178680544486314
681082,2024,R,0.33142059435696064,0.09205345850002342,0.15859980235703122,0.007914847584387982,0.7414318914053212
642215,2024,R,0.2611925691778615,0.08990149476250732,0.3254747382709861,0.014168639976943244,0.5704551273485492
607208,2024,R,0.3272049677484916,0.07401054905611222,0.1971035023338405,0.01343694562547809,0.7154490025590675
686611,2024,R,0.2622130949647617,0.07627099325542518,0.29240961480233835,0.013713083152721621,0.617606307906748
677588,2024,R,0.2914051372571059,0.12084542093819237,0.27474105509340824,0.00885497656984949,0.5955585475043098
683083,2024,R,0.28595799127416693,0.08972925743039775,0.26750420813683207,0.008511483431119553,0.6342550506488225
608336,2024,R,0.3628418431581044,0.1115300449002069,0.3668082582562801,0.00909522066041455,0.5125664763080139
592206,2024,R,0.3181943777903806,0.05526852420467648,0.25289280693257843,0.012839530090092631,0.6789991392103086
592518,2024,R,0.3699425911008011,0.062126516906410086,0.1759738145645015,0.012683761493273063,0.7492159070654593
595777,2024,R,0.3246643080207264,0.11025696223612666,0.1806543096027611,0.008734359298341566,0.7003543685712431
593428,2024,R,0.3347298650536297,0.07545208787643079,0.16924027090986288,0.013041759834293606,0.7422658806061436
592626,2024,R,0.35574541559500533,0.08871843274291481,0.23683931090654586,0.008568959529706412,0.6658732966507218
521692,2024,R,0.33532925342099523,0.026506732196567896,0.20662562669651446,0.012242794319934686,0.7546248474384588
624428,2024,R,0.3254071542551933,0.09316966486588965,0.13305073649421978,0.00821242930891838,0.7655671693020624
641658,2024,R,0.27160283483824355,0.09869007112023497,0.2751488817591273,0.014348736467596612,0.6118123102578329
543257,2024,R,0.32203915099366753,0.13489924263300687,0.22706757943143893,0.008682384266507269,0.6293507932450807
657557,2024,R,0.3041620153135107,0.07524718858583647,0.2659854669413349,0.014172571667172078,0.6445947726643826
680118,2024,R,0.2902050959043467,0.0819520067565468,0.28299201357647524,0.013752402741497366,0.621303576809881
663853,2024,R,0.28214371283002015,0.06506065521817753,0.30246157232341947,0.013048646728568857,0.6194291249380717
641933,2024,R,0.3225181172284785,0.08019835658587465,0.29925333203807536,0.014002182230440391,0.6065461295797394
596115,2024,R,0.3149723608554281,0.07013883374241843,0.2726120320323339,0.013950159581558564,0.6432989743914476
664040,2024,R,0.34892915209889885,0.08968671464001657,0.261614543256382,0.008287067997601566,0.6404116736903349
650490,2024,R,0.3675628076418261,0.10608018466089843,0.14904827999869089,0.013924193188343375,0.7309473425106238
670764,2024,R,0.3044207187239163,0.1384007056461743,0.2244989995298228,0.008845304584704394,0.6282549900296581
666163,2024,R,0.2981937350439725,0.11344976667096339,0.2852768643148228,0.008804420805479666,0.59246894889371
643376,2024,R,0.33257413886017206,0.09936725944443461,0.19282540009460614,0.013975966006956865,0.6938313740592684
642350,2024,R,0.2919375898665738,0.06500278748587325,0.3148625894841231,0.013581644185940565,0.6065529789643254
665804,2024,R,0.2830891484421014,0.0949271504283159,0.29066664927005587,0.014206594243185692,0.6001996060553118
621020,2024,R,0.324305319475791,0.08533948692495735,0.23898875083794735,0.013768696907322554,0.6619030645700654
669289,2024,R,0.3082175877020781,0.08119481004186219,0.1474105174079331,0.013228332771121745,0.758166339423116
621550,2024,R,0.31593329277955345,0.09261816764352462,0.3409889451104278,0.01455419556252386,0.5518386916198579
641355,2024,R,0.33608525803174555,0.08652496296265692,0.23571272396807239,0.008770910907564447,0.6689914015305422
677587,2024,R,0.263513730748669,0.076606210611474,0.24911773071403984,0.008274589717354853,0.6660014686065059
678877,2024,R,0.2622130949647617,0.07627099325542518,0.29240961480233835,0.013713083152721621,0.617606307906748
666310,2024,R,0.31643838102111854,0.09996460432383664,0.23542951601107484,0.008624123911534836,0.6559817567141857
518792,2024,R,0.33915796498787765,0.0769388192731853,0.16327102254202877,0.007859911782696283,0.7519302463307621
701305,2024,R,0.2622130949647617,0.07627099325542518,0.29240961480233835,0.013713083152721621,0.617606307906748
572138,2024,R,0.30520562814945,0.10449004425042376,0.25131541760609805,0.008597019025744227,0.6355975183832336
665926,2024,R,0.29796182756983536,0.06569970118241747,0.21308496976951646,0.008029590404461079,0.7131857387129551
657041,2024,R,0.31462564635330215,0.10390279710916434,0.22915254113733646,0.014190649520126358,0.6527540129574375
647304,2024,R,0.3551948533301719,0.056958121241226005,0.14410136958108097,0.007279800075593524,0.7916607092827918
608070,2024,R,0.35281389264305907,0.0892038655567861,0.13293193636912626,0.008412290036319846,0.7694519077005817
605170,2024,R,0.333350545584175,0.09559976074720707,0.20169019905645916,0.008247324338536031,0.6944627157924732
663656,2024,R,0.3925678866695742,0.09186719348588249,0.15627413089129366,0.007821665347877683,0.7440370106743833
665161,2024,R,0.3035101004897617,0.06084601910786026,0.2249944658256022,0.01261456115150323,0.7015449539811051
700932,2024,R,0.28595799127416693,0.08972925743039775,0.26750420813683207,0.008511483431119553,0.6342550506488225
686823,2024,R,0.3050744034852062,0.05781736218405353,0.14145402139087543,0.007297662193680293,0.7934309536986763
666197,2024,R,0.26561750611015666,0.08929977408944217,0.3196017596659064,0.014334001242982872,0.5767644652888962
676694,2024,R,0.2917366985431315,0.09166157909948999,0.25979885332997543,0.013473496100506986,0.635066071165252
643289,2024,R,0.2944384843856686,0.052130222783776374,0.16140604721660082,0.012100164683036351,0.7743635655128116
669257,2024,R,0.3482009622040013,0.10585066156721898,0.19512466455903046,0.014468915725054775,0.6845557581330199
666158,2024,R,0.3175056210071883,0.11226252259807387,0.22696220952671312,0.008522424679700925,0.6522528440516444
696100,2024,R,0.2879468384187006,0.06685730230827355,0.29605164915413834,0.013054260236414764,0.6240367882802501
595281,2024,R,0.3033590848469943,0.07643165076284376,0.2183142135218355,0.007909421735528234,0.6973447137947322
628451,2024,R,0.3088868928770646,0.07038953148285264,0.17030257616869382,0.013352828312708967,0.7459550649078338
669234,2024,R,0.2622130949647617,0.07627099325542518,0.29240961480233835,0.013713083152721621,0.617606307906748
693307,2024,R,0.2622130949647617,0.07627099325542518,0.29240961480233835,0.013713083152721621,0.617606307906748
643217,2024,R,0.3397024427559331,0.08290680408118337,0.18058032362906257,0.008133001992258988,0.7283798710145907
642020,2024,R,0.27540839574194637,0.05973808594828657,0.2732676001496576,0.012946729800177458,0.6540475833736267
681351,2024,R,0.29996572368961083,0.07091063793513062,0.25014343718011833,0.013216006701302995,0.6657299178108242
608348,2024,R,0.3028305911933381,0.09691607431443919,0.23513312852370563,0.014346566598959784,0.6536042303665704
680716,2024,R,0.25342862293985474,0.08014700126345212,0.3020647269451233,0.013854730565719313,0.603933541419642
666969,2024,R,0.32348725505428316,0.06286642113813398,0.2664849758997815,0.013380837056666884,0.6572677656923182
656555,2024,R,0.3356332944248205,0.10866277954710768,0.2573586489617932,0.01515383527302807,0.618824736761202
642715,2024,R,0.3090308588343704,0.08099642352811656,0.2738538625795975,0.013996752685379962,0.6311529613155484
661388,2024,R,0.31767693696265203,0.08823654880189463,0.2584320886780207,0.01388144310157344,0.6394499200457138
680777,2024,R,0.29578126247399306,0.08985903129112066,0.3059146312681173,0.013877611635171991,0.5903487251424937
623993,2024,R,0.3548924601190696,0.06536899062890268,0.19573135785863094,0.008130972433835797,0.7307686790537309
643396,2024,R,0.2980713997515554,0.07838039202618437,0.15865962254550206,0.0134521356636131,0.7495078500526925
518735,2024,R,0.3377152333266739,0.12035796817476586,0.255024426009816,0.008890636863607347,0.6157269687983525
665862,2024,R,0.3261197108430157,0.09222110259554508,0.26097286835110584,0.008617783266923949,0.6381882460175763
519317,2024,R,0.3497190451862041,0.0769827706100908,0.301141735044379,0.013834321896437634,0.6080411732150232
592450,2024,R,0.380822779505767,0.09856345470279747,0.31802266758666875,0.013685147921196586,0.569728730292709
665742,2024,R,0.40387973590700005,0.15215005749715738,0.18613030235603237,0.008681780357033054,0.6530378601262409
665828,2024,R,0.3083813608788176,0.08845651153545268,0.21727269826317705,0.008295440670882727,0.6859753495686122
519203,2024,R,0.36695088754902744,0.07845448482936608,0.1808163911644467,0.008297124657837319,0.7324319990534998
691026,2024,R,0.29263501680645787,0.09497482923901751,0.2071055674906843,0.014109650905544136,0.6838099516277145
671218,2024,R,0.2862313059371371,0.07052886734155343,0.29457571573742497,0.013569101542380098,0.6213263147809861
672275,2024,R,0.310984450051609,0.10698359133925225,0.2612084634436421,0.008573037679921363,0.6232349077945069
592192,2024,R,0.32525153702918763,0.10284357204588089,0.20711278457797033,0.014734570157998537,0.6753090739975581
571745,2024,R,0.31653259188225397,0.08872280981744689,0.2651416634526683,0.013927606405529206,0.6322079209853894
669127,2024,R,0.304336238095896,0.06946388887030999,0.30666115379448966,0.013615777451756093,0.6102591795509543
671732,2024,R,0.3035183700357885,0.09583963323890556,0.2754607156528938,0.008431824338826027,0.6202678270543582
805779,2024,R,0.2622130949647617,0.07627099325542518,0.29240961480233835,0.013713083152721621,0.617606307906748
664238,2024,R,0.3014196451218398,0.11866361466993851,0.2866977293360065,0.01497405377815224,0.5796646017358632
672386,2024,R,0.35689167574651237,0.10735921593683034,0.14228981596916157,0.014344053633713818,0.7360069148050518
664770,2024,R,0.29411105405308485,0.0835413932432006,0.2295812444891869,0.008213792109977393,0.6786635699623919
543807,2024,R,0.3444441225003699,0.09465818718457522,0.2104063301660721,0.014015812866796377,0.6809196698322573
640902,2024,R,0.2622130949647617,0.07627099325542518,0.29240961480233835,0.013713083152721621,0.617606307906748
691594,2024,R,0.2622130949647617,0.07627099325542518,0.29240961480233835,0.013713083152721621,0.617606307906748
592663,2024,R,0.32835756491021867,0.06949832675275111,0.21127960656572514,0.013657357349098382,0.7055647093865963
660688,2024,R,0.32478307279311064,0.060719901695126775,0.10909521424375711,0.0071881186796082484,0.8229967654969265
677950,2024,R,0.3159024081933006,0.08245130864042542,0.2061458154561347,0.00824180522823226,0.7031610703467177
656976,2024,R,0.3366300842884044,0.10737602175015759,0.16648495611666048,0.008095994210099426,0.718043028352495
543309,2024,R,0.30805240326987293,0.06896305090346283,0.26436784224355914,0.01272017455968796,0.6539489325693086
807799,2024,R,0.34551661337642203,0.08919707892691006,0.13608338542359505,0.007908498437858255,0.7668110374956884
666181,2024,R,0.30601051676365193,0.12958409617435998,0.30647355610270605,0.00890338448413033,0.5550389627599612
680757,2024,R,0.33232886384623495,0.12483886782213746,0.09649533696478171,0.00847211690530641,0.7701936782387414
682177,2024,R,0.28595799127416693,0.08972925743039775,0.26750420813683207,0.008511483431119553,0.6342550506488225
608324,2024,R,0.34684506255143605,0.10826976997711854,0.1420447063811912,0.013971945781701866,0.7357135783257087
514888,2024,R,0.31102906880066705,0.06479666831695283,0.14097333205309093,0.01265886131699412,0.7815711382721483
673237,2024,R,0.3143164497149184,0.033797449007247356,0.21260378305119085,0.011600141485463723,0.741998626736264
663898,2024,R,0.31420961857896795,0.07005696489354024,0.2262241887852368,0.012983238273978707,0.690735608138136
607732,2024,R,0.2974544023342799,0.09542702599358222,0.21539659561239877,0.013853611057601325,0.675322767057363
686668,2024,R,0.2673410255175622,0.07314939561816575,0.3348029210295294,0.013616333927387498,0.5784313491169845
657757,2024,R,0.33288193112653663,0.0789012857562826,0.18082204171875577,0.008248683935003364,0.7320279889844432
670032,2024,R,0.29367684851334713,0.10555092001252775,0.14841281502339196,0.008096621151668018,0.7379396442469248
622110,2024,R,0.30639666889897627,0.08200759099648643,0.18723872058820024,0.01327815220725919,0.7174755359948047
608385,2024,R,0.348143773596644,0.11182688025461168,0.18896426259872726,0.008217108170699225,0.6909917486645438
621439,2024,R,0.31402884960294286,0.06719569245404064,0.28049241399550423,0.013620686321192125,0.6386912081776642
621043,2024,R,0.33913409152761387,0.07981620569749513,0.2208764008120076,0.013309959301167448,0.685997434088549
650559,2024,R,0.3310808407872322,0.06637885258486928,0.22022855369234776,0.013268883814950259,0.7001237095312582
457705,2024,R,0.33664203661559766,0.11467360553107044,0.22399109881291582,0.0145893497936013,0.6467459454337672
671056,2024,R,0.2958651924809656,0.1057460941375079,0.282587333540161,0.014859760474233798,0.5968068116855073
571448,2024,R,0.3322700029320786,0.052170844148691754,0.16036187980941466,0.0127578461799975,0.7747094308453559
660644,2024,R,0.2999001470172063,0.0856563431630047,0.1938999582687094,0.008060083249284465,0.7123836153805061
669065,2024,R,0.31833228973940675,0.07314094694313218,0.25951545733850256,0.008066008652764143,0.6592775873494904
677870,2024,R,0.2622130949647617,0.07627099325542518,0.29240961480233835,0.013713083152721621,0.617606307906748
669720,2024,R,0.3110306724938721,0.06272431897125924,0.20842394213690274,0.012718166142884318,0.7161335725374539
545121,2024,R,0.3009909304838678,0.08285014514959056,0.11012597044193481,0.007636915558234525,0.7993869688374005
656448,2024,R,0.3062526232851168,0.07351202184511041,0.2740904847672291,0.01302175164694748,0.6393757418214886
547180,2024,R,0.3890375188831653,0.09490677787554049,0.22541801636330897,0.008370041544574047,0.6713051643762061
666160,2024,R,0.29043403730993617,0.0490479592623647,0.31529756659332353,0.0080442415085518,0.6276102327202271
687263,2024,R,0.2973879941795118,0.07928645965725589,0.2612009724465384,0.01357529722622407,0.6459372710584949
687363,2024,R,0.28595799127416693,0.08972925743039775,0.26750420813683207,0.008511483431119553,0.6342550506488225
518692,2024,R,0.3856512838728262,0.08138424889665319,0.18700459492670035,0.008305994052861034,0.7233051623910849
650489,2024,R,0.2867946479336272,0.06210084398042456,0.2700046976626806,0.008202310352881896,0.6596921486260277
663616,2024,R,0.3181637006310239,0.10351682094603586,0.31895212883960794,0.008780704627162813,0.5687503457361064
656537,2024,R,0.2695391933713873,0.07131574198257366,0.28900811750599403,0.012877628716406318,0.6267985113282608
606992,2024,R,0.28681484435418886,0.061830241500743455,0.3062375650560921,0.013457457848040037,0.6184747349774886
686217,2024,R,0.2921888339257229,0.11370610713635919,0.17815240778709096,0.008473503665517561,0.6996679814510003
694384,2024,R,0.29416268837954357,0.11002407722319398,0.18288752996121393,0.008310651115956346,0.6987777411215479
694362,2024,R,0.2622130949647617,0.07627099325542518,0.29240961480233835,0.013713083152721621,0.617606307906748
694376,2024,R,0.2622130949647617,0.07627099325542518,0.29240961480233835,0.013713083152721621,0.617606307906748
641598,2024,R,0.3315222120398854,0.11739718543587964,0.2682145042292032,0.015052237286528245,0.5993360728998209
500743,2024,R,0.3007722107184901,0.0638609313420038,0.1426248358328937,0.013049374634971784,0.7804648582660396
679822,2024,R,0.2622130949647617,0.07627099325542518,0.29240961480233835,0.013713083152721621,0.617606307906748
621028,2024,R,0.2988642200700482,0.06172312682184616,0.13202816198022796,0.012655616350328662,0.7935930952161202
605137,2024,R,0.35493845255850776,0.0871941092837775,0.1957256741289273,0.00817178787529858,0.7089084290723089
664702,2024,R,0.30986626318915383,0.12956144689958143,0.17559202996199672,0.014642871451886065,0.6802036521679787
642708,2024,R,0.29553778408561077,0.05099316931992636,0.19453523353680724,0.012797430659019981,0.7416741658955097
682657,2024,R,0.28595799127416693,0.08972925743039775,0.26750420813683207,0.008511483431119553,0.6342550506488225
669304,2024,R,0.30599606343802543,0.060927658389608855,0.19879313054200817,0.013124424870533937,0.7271547863963046
670242,2024,R,0.3355167533226013,0.10907988277062788,0.33700834836618504,0.008936764814093662,0.5449750043638804
679032,2024,R,0.26923233249705636,0.05156849536497092,0.22893631373160647,0.01256255736684848,0.706932633622997
645444,2024,R,0.27903127129465205,0.13844559901140058,0.23976307677424025,0.008790489093309886,0.6130008352754193
670156,2024,R,0.31268472852773266,0.13865466507059737,0.2244701138919647,0.009040952360450681,0.6278342686246198
702358,2024,R,0.2622130949647617,0.07627099325542518,0.29240961480233835,0.013713083152721621,0.617606307906748
642133,2024,R,0.3582352006674883,0.08036814250566392,0.2252844868735539,0.008312524661268327,0.686034845707669
670541,2024,R,0.41600567861308846,0.09318880274087303,0.22029787326849853,0.008514815658514979,0.6779985080804891
676116,2024,R,0.31769644763111937,0.14147842470388808,0.33153456637910095,0.009227362545342423,0.5177596470183147
595978,2024,R,0.26940915110666624,0.05899877637836359,0.27312037486834473,0.013349146707342807,0.6545317024294981
665782,2024,R,0.2622130949647617,0.07627099325542518,0.29240961480233835,0.013713083152721621,0.617606307906748
669288,2024,R,0.28135329589199204,0.08493153455544232,0.3279782310227392,0.008773261140249924,0.578316972540671
670869,2024,R,0.2836864223274487,0.08907760894116698,0.2338611803247649,0.00847318547879097,0.668588024953758
656582,2024,R,0.2956936348232077,0.11672125435020489,0.24426004887195327,0.014300767656387041,0.6247179295612929
663967,2024,R,0.2789178528395924,0.08481695345156154,0.2805050071674231,0.008512906191417475,0.6261651341872531
676439,2024,R,0.28595799127416693,0.08972925743039775,0.26750420813683207,0.008511483431119553,0.6342550506488225
670276,2024,R,0.2883874966158869,0.13767552641407255,0.24903013186595618,0.008967572478345833,0.6043267694538377
681807,2024,R,0.27651173492104286,0.05612068772480777,0.25300972615228695,0.013220705936984897,0.6776488804723354
691723,2024,R,0.2622130949647617,0.07627099325542518,0.29240961480233835,0.013713083152721621,0.617606307906748
646240,2024,R,0.3769245569362021,0.05593310204835665,0.20322916158957235,0.007726261137397648,0.7331114754077332
665953,2024,R,0.2622130949647617,0.07627099325542518,0.29240961480233835,0.013713083152721621,0.617606307906748
682928,2024,R,0.31987746676190815,0.057956380258260005,0.1779989446933136,0.0076826627547190995,0.7563620127277643
682617,2024,R,0.26585903703025365,0.10262181621137609,0.34568863936851596,0.014098599461372539,0.5375909453593046
665506,2024,R,0.2708108776637025,0.07219100031742234,0.28443592079627494,0.013360253883239172,0.6300128247839122
677956,2024,R,0.2622130949647617,0.07627099325542518,0.29240961480233835,0.013713083152721621,0.617606307906748
593160,2024,R,0.30667235850744795,0.06650151705552654,0.15970697565680628,0.013055943390949301,0.760735563524171
677941,2024,R,0.25691213088776443,0.06879003665623531,0.29929715164080845,0.013327755883890803,0.6185850561127665
641779,2024,R,0.28864818574126855,0.10665856871277019,0.29544650950302787,0.013982335797929906,0.5839125859845093
668853,2024,R,0.28595799127416693,0.08972925743039775,0.26750420813683207,0.008511483431119553,0.6342550506488225
673962,2024,R,0.32007808132287424,0.06815153103681902,0.2796984167085265,0.012473489395483582,0.6396765630319261
641645,2024,R,0.3232063248680718,0.13643565059067791,0.15489173110190085,0.00892035966786213,0.6997522582484332
649966,2024,R,0.29415658313937154,0.10774067591915516,0.2332717911872767,0.014831514301766326,0.6441560178375944
572191,2024,R,0.289183956035536,0.07691010003747219,0.29134757514199333,0.013729299730101077,0.6180130250391981
666182,2024,R,0.36239562361174416,0.05704258797928893,0.18890426096603338,0.012663860218854375,0.7413892905903837
594807,2024,R,0.3083441890757875,0.06129499767208234,0.28769946874287294,0.013349730703106692,0.6376558020584036
624415,2024,R,0.3276715565927624,0.1488523209903003,0.24479463108553806,0.008860555449735711,0.5974924924644287
667452,2024,R,0.30082398002987576,0.08491075989310093,0.22008347671526296,0.013990882454362433,0.6810148810740135
650391,2024,R,0.33390131244126375,0.05372350782853946,0.22779844242820815,0.01201251595886067,0.706465533247285
661531,2024,R,0.2512409602616424,0.05917373936223781,0.2631549189904467,0.013532755869233332,0.6641385857648692
680728,2024,R,0.28595799127416693,0.08972925743039775,0.26750420813683207,0.008511483431119553,0.6342550506488225
695238,2024,R,0.28595799127416693,0.08972925743039775,0.26750420813683207,0.008511483431119553,0.6342550506488225
592325,2024,R,0.3217381279127886,0.09769635038973071,0.23534409693739528,0.008388758199256743,0.6585707944193816
605244,2024,R,0.2652139858221261,0.06576780017490619,0.2994872411713342,0.01363464193679792,0.6211103170093507
662139,2024,R,0.32999578232463106,0.0900864971493372,0.23669354718229102,0.008824256747456353,0.6643956991848045
608701,2024,R,0.31715073676061023,0.11511566484744368,0.22720713583801846,0.014426659130251597,0.6432505399279929
669137,2024,R,0.2622130949647617,0.07627099325542518,0.29240961480233835,0.013713083152721621,0.617606307906748
669326,2024,R,0.2622130949647617,0.07627099325542518,0.29240961480233835,0.013713083152721621,0.617606307906748
682073,2024,R,0.2829192107950158,0.12350782664049725,0.3208690172220789,0.014921014491156478,0.5407021420531446
621466,2024,R,0.32093571185054914,0.10950201703445858,0.287677800532463,0.00887532466105138,0.5939448588355846
663897,2024,R,0.2715471547412463,0.07837178881254074,0.25712781175002963,0.013828924298251333,0.6506714748959458
675961,2024,R,0.2584429784760293,0.08054056363899742,0.2875449631703418,0.013786359233161077,0.6181281140898445
665155,2024,R,0.3083980743306464,0.10854306921472558,0.26005921454449954,0.008784258946546669,0.6226134572705353
676801,2024,R,0.3024021658575283,0.09654123054320535,0.26404760609168304,0.014357082674180698,0.6250540802210431
671289,2024,R,0.29555865454825064,0.07114942148499638,0.17646035120478099,0.013627049180403245,0.7387631786989936
668952,2024,R,0.26694285015401176,0.09334116951874502,0.2797982090066196,0.013141188481150657,0.6137194320664132
656484,2024,R,0.2991323917729406,0.08838992873492586,0.26879886233989414,0.008515904724866186,0.6342953041891157
669200,2024,R,0.254747452956636,0.07599495295395525,0.3155466851436265,0.013787197590036715,0.5946711644760038
669134,2024,R,0.306828747851434,0.05589339402276426,0.1785503027137081,0.012695390773861398,0.7528609121543617
543685,2024,R,0.36361728542466637,0.11416916100184664,0.16400734347752993,0.0146537165384044,0.7071697794422285
666176,2024,R,0.28263531205165476,0.06931831603931365,0.3303274271880612,0.014161461038849719,0.5861927952827367
641856,2024,R,0.3121492223684472,0.1088694480778374,0.25376149198003345,0.008656441468839416,0.6287126185645836
678489,2024,R,0.28595799127416693,0.08972925743039775,0.26750420813683207,0.008511483431119553,0.6342550506488225
680779,2024,R,0.30307602354608726,0.08825644887508637,0.26336825213555115,0.014160564557660212,0.6342147346352207
643446,2024,R,0.33246370809403464,0.0713799904073105,0.12305925786582031,0.007524741289637196,0.7980360103962826
668752,2024,R,0.28595799127416693,0.08972925743039775,0.26750420813683207,0.008511483431119553,0.6342550506488225
608369,2024,R,0.38604901185185625,0.07404544152012137,0.1866361734654544,0.007567938697300593,0.7317504465332054
642086,2024,R,0.32439351942286426,0.06718839199489533,0.20382117375444483,0.008055467553483306,0.7209349666838637
596146,2024,R,0.3663522343994968,0.09504415178982749,0.173523759659277,0.00791653398940897,0.723515554031569
672701,2024,R,0.28411779177390506,0.05781786845706536,0.2335091831379721,0.008051239563212206,0.7006217084306291
645305,2024,R,0.25859754173153493,0.06544966834061584,0.2950493129416428,0.012977191957871103,0.626523827256262
656577,2024,R,0.25342641112007075,0.05894450842052397,0.4071958944625088,0.013880883276487654,0.5199787147204894
686469,2024,R,0.3736348883672375,0.07998079455273949,0.12175822064274237,0.0075647916715692745,0.7906961923443664
642731,2024,R,0.2938543387257984,0.06338253031913026,0.19565721651290596,0.01282403188580316,0.7281362212538144
666152,2024,R,0.2846500620519957,0.11850044452142605,0.24934982997156846,0.008637494543694875,0.6235122310221608
595284,2024,R,0.2866243959178038,0.10200761905069387,0.30537560298829686,0.00887162920277146,0.5837451485981754
681460,2024,R,0.28595799127416693,0.08972925743039775,0.26750420813683207,0.008511483431119553,0.6342550506488225
518934,2024,R,0.34721291515751485,0.10029710090078493,0.17418916230493123,0.013903501502966596,0.7116102351054026
694355,2024,R,0.2622130949647617,0.07627099325542518,0.29240961480233835,0.013713083152721621,0.617606307906748
678225,2024,R,0.3125114532066688,0.11313931605819295,0.22913493828208623,0.00867838031302827,0.6490473651134737
686527,2024,R,0.31792075121719104,0.05487304617742836,0.22408860638187797,0.007910117809356706,0.7131282297807632
575929,2024,R,0.3126305042954385,0.06784410413906794,0.2655173215646826,0.013691465339272702,0.6529471089576758
647351,2024,R,0.3144026261041806,0.09038037807150615,0.18025813432528529,0.008338992497643466,0.7210224944670907
609280,2024,R,0.3111190519876182,0.04868547119579357,0.15527198736058162,0.012476872328234908,0.783565669019544
542963,2024,R,0.2645363207228916,0.05647534698602889,0.22362665998804418,0.007693003403270124,0.7122049896498583
656413,2024,R,0.2807638444557367,0.10078088930844926,0.30836047322806936,0.014185499125758465,0.5766731375728974
595879,2024,R,0.2969470941570842,0.03158759796177453,0.2730795079169989,0.011168213416099087,0.6841646807479129
670224,2024,R,0.28595799127416693,0.08972925743039775,0.26750420813683207,0.008511483431119553,0.6342550506488225
669743,2024,R,0.30859054309118666,0.12777823142033698,0.21258463456602927,0.015065793913439759,0.6445713402333267
663550,2024,R,0.25677480927481544,0.0598854649414018,0.3682265995835211,0.008279934027457357,0.5636080012848902
672724,2024,R,0.2745047341547806,0.08258897129546547,0.26818067872576057,0.013688141931727698,0.6355422081871976
669369,2024,R,0.2732787948225958,0.10316801846854279,0.279279652392305,0.008628061412066164,0.608924267131684
672012,2024,R,0.28595799127416693,0.08972925743039775,0.26750420813683207,0.008511483431119553,0.6342550506488225
669357,2024,R,0.33893148272009566,0.09264753870788042,0.3138145965955018,0.008590892515250945,0.5849469715601031
600869,2024,R,0.3208673778377196,0.0950918214192044,0.22918911424196142,0.008716832750709927,0.6670022319561297
673490,2024,R,0.3147843911309546,0.12125263027800809,0.19107369380522451,0.014787954775475334,0.6728857218696022
694175,2024,R,0.2622130949647617,0.07627099325542518,0.29240961480233835,0.013713083152721621,0.617606307906748
663586,2024,R,0.34986252448392213,0.0693858160661004,0.2587002678169452,0.013471683564703652,0.6584422324864865
663905,2024,R,0.30530850996477127,0.06720527200246665,0.24845589069231458,0.008063369569062966,0.6762754669383526
677942,2024,R,0.2622130949647617,0.07627099325542518,0.29240961480233835,0.013713083152721621,0.617606307906748
663647,2024,R,0.32929212826613397,0.0808788496579316,0.20592526249951323,0.013885232207115088,0.6993106550053761
676632,2024,R,0.2981622912148659,0.09095065818984091,0.25424934647021713,0.008463316771146265,0.6463366787900411
668731,2024,R,0.29047843287169783,0.10557140732668961,0.2693727782387972,0.008643974374821927,0.6164118405214181
641432,2024,R,0.34894185595972205,0.07639948321648,0.13295454433740675,0.007810911728849617,0.7828350605716702
678554,2024,R,0.2769486781253536,0.07256176057204934,0.23921734070591544,0.013328355946978492,0.6748925420947437
656180,2024,R,0.2988412610661959,0.08879474949396648,0.299847865710512,0.014500377113705422,0.596857008034272
592178,2024,R,0.3213393367665487,0.08451589947394178,0.2528859746532161,0.013468835404453301,0.6491292908354874
543063,2024,R,0.31833611359676,0.08110716321100267,0.22050300791496388,0.00817232390719154,0.6902175052021273
665966,2024,R,0.2622130949647617,0.07627099325542518,0.29240961480233835,0.013713083152721621,0.617606307906748
668723,2024,R,0.2653155721264147,0.07080290386620611,0.27535329385203766,0.013428018232314569,0.6404157839131412
623912,2024,R,0.31069674071530307,0.04069639829217143,0.18445577075648067,0.012377916740757012,0.7624699137760264
656883,2024,R,0.26725572717866986,0.07016146496605113,0.2777128762526254,0.013592409725604094,0.6385332498888323
592696,2024,R,0.31731175693428476,0.04487318826035935,0.18126751736146998,0.007213694235555153,0.7666456006759546
687799,2024,R,0.30018027229676614,0.10750018224788224,0.27097685330249194,0.008605764288560306,0.6129172004904755
669222,2024,R,0.3015245001970464,0.08469947000125018,0.21044156984124396,0.013251858844710179,0.6916071013517765
613564,2024,R,0.29412895896041275,0.09287871554190229,0.29901816052817265,0.008547915203445727,0.599555209377773
624503,2024,R,0.3194686525684611,0.05113242625785437,0.2160839615619496,0.007888882538421906,0.724894730056198
650859,2024,R,0.30151120571175866,0.08817835392899422,0.19695858957618798,0.008207991294701254,0.7066550644667319
657088,2024,R,0.29170203365239605,0.10842844094791822,0.24627047919598308,0.008686053230540449,0.6366150267014064
687066,2024,R,0.2622130949647617,0.07627099325542518,0.29240961480233835,0.013713083152721621,0.617606307906748
805373,2024,R,0.2622130949647617,0.07627099325542518,0.29240961480233835,0.013713083152721621,0.617606307906748
695391,2024,R,0.2622130949647617,0.07627099325542518,0.29240961480233835,0.013713083152721621,0.617606307906748
642197,2024,R,0.2622130949647617,0.07627099325542518,0.29240961480233835,0.013713083152721621,0.617606307906748
669261,2024,R,0.3422476111244957,0.1309087510738537,0.29515685934619973,0.009182832064230973,0.5647515577852362
682988,2024,R,0.2622130949647617,0.07627099325542518,0.29240961480233835,0.013713083152721621,0.617606307906748
623520,2024,R,0.3073424380409962,0.07823752440093584,0.2877206996341505,0.014217966587360903,0.6198238096565404
681584,2024,R,0.2812555867369641,0.11027944974289616,0.3182699928606883,0.014645949679069733,0.5568046076604969
642851,2024,R,0.2746777770322843,0.08217973808109898,0.23998661952671907,0.014231999839851258,0.6636016426217597
679845,2024,R,0.2818210823083152,0.0781102380605986,0.21755661007108526,0.012935240830912888,0.6913979109965316
668800,2024,R,0.2872014636971001,0.06747228443970556,0.2300440168124559,0.012840379039246728,0.6896433198044444
670097,2024,R,0.29094024647824096,0.12356414608722238,0.2749064819918493,0.015118261584961929,0.5864111106908277
621512,2024,R,0.2683055263856194,0.04444542503390673,0.27581103942737856,0.01226024114766553,0.6674832937956535
624512,2024,R,0.29531519853360716,0.07742920392034128,0.20445976579513325,0.007870035700248365,0.7102409944410529
671221,2024,R,0.29648277659284417,0.0893706603167268,0.29332171005366314,0.008690938614921803,0.6086166910160153
592885,2024,R,0.3645256490874124,0.11048658150664034,0.22216780577374157,0.008537218777077601,0.6588083931777212
622761,2024,R,0.29591940664046934,0.06618709906443965,0.2452366850301997,0.012677430452633129,0.6758987853857144
649557,2024,R,0.3182216246847483,0.05915349891014713,0.16476470137184604,0.012670596147918843,0.7634112033895268
660636,2024,R,0.2843837762409337,0.07999360270124721,0.23087965548539266,0.013334303928119037,0.675792438004595
663330,2024,R,0.2900997989277709,0.10484221946197465,0.28523202841368583,0.014391275761190845,0.5955344763036652
669374,2024,R,0.3035880661750138,0.0778213831090617,0.3505980827536684,0.014699867654081149,0.5568806657957396
656248,2024,R,0.29241699468422805,0.10440013315014735,0.28437304521402723,0.014397854168981431,0.5968289679535369
455117,2024,R,0.27364055770684814,0.07909317883305558,0.2940751684949979,0.0139891487610084,0.6128425037743057
527038,2024,R,0.32104818920114203,0.08051610846010718,0.14657903366544497,0.013543360402133053,0.7593614968983461
672744,2024,R,0.25737528820853794,0.06701400916128063,0.3157248335141315,0.01351509882188777,0.6037460587690597
664901,2024,R,0.27935669227006615,0.10503290289853166,0.23844844006519494,0.014822344237360844,0.641696312904996
665561,2024,R,0.2759947321480686,0.0756744763337712,0.2107316692346533,0.008160805932873797,0.7054330487864688
664954,2024,R,0.29479520141316456,0.08204788993828627,0.21175142648045361,0.008152746740616676,0.6980479372973839
621458,2024,R,0.3074848409940349,0.08055897885675856,0.32639593939700107,0.008589422935208285,0.5844556586122959
681962,2024,R,0.2630188476809172,0.10086683718611456,0.2771377675667216,0.014651964333247766,0.6073434309944061
621311,2024,R,0.29118180660571225,0.05295979433807546,0.2714879569468633,0.00777052850685379,0.6677817198097344
605361,2024,R,0.31900315470339496,0.11946597569549416,0.20074156582963448,0.008559334963023559,0.6712331227917238
672356,2024,R,0.28245384802674467,0.07573617612538049,0.32910326064407874,0.01299302615872547,0.5821675368716589
593934,2024,R,0.3466521541877381,0.09686921141151804,0.33638268482989797,0.014688048005625218,0.5520600562135967
669208,2024,R,0.2622130949647617,0.07627099325542518,0.29240961480233835,0.013713083152721621,0.617606307906748
608841,2024,R,0.3234604362285483,0.06875924741678466,0.20423820618845354,0.013239431659006833,0.7137631154911154
658668,2024,R,0.30024954345054433,0.0717341100143977,0.19489239489539012,0.0133899734850556,0.7199835210447375
680769,2024,R,0.28595799127416693,0.08972925743039775,0.26750420813683207,0.008511483431119553,0.6342550506488225
666703,2024,R,0.2609055516051342,0.08624889606481606,0.2848577495086237,0.014134283316579465,0.6147590699807525
571466,2024,R,0.2913967782084892,0.09283286668771751,0.2248857865705271,0.008398630349308251,0.673882716724602
673995,2024,R,0.2622130949647617,0.07627099325542518,0.29240961480233835,0.013713083152721621,0.617606307906748
641313,2024,R,0.2877197547162261,0.0420154975156977,0.23342583496535693,0.013057459615204384,0.7115012084119574
660707,2024,R,0.26977386882048554,0.0543214813210264,0.32292077118902196,0.013224437069770138,0.60953331061378
605204,2024,R,0.3129043027192115,0.0896853934466574,0.28221415069285916,0.013868384428469707,0.6142320717472427
682119,2024,R,0.2622130949647617,0.07627099325542518,0.29240961480233835,0.013713083152721621,0.617606307906748
641511,2024,R,0.26251242248308126,0.0812088593073199,0.2661962797052048,0.013658791075938148,0.6389360706444381
671286,2024,R,0.2622130949647617,0.07627099325542518,0.29240961480233835,0.013713083152721621,0.617606307906748
676701,2024,R,0.2685379426808261,0.06693095249324875,0.24303688406813442,0.012767587475417152,0.67726457570677
670092,2024,R,0.28595799127416693,0.08972925743039775,0.26750420813683207,0.008511483431119553,0.6342550506488225
676369,2024,R,0.29926324034462276,0.08676708440879309,0.31511997283256804,0.013297635110492378,0.5848153073874763
640492,2024,R,0.28092306505412573,0.05199307728001738,0.23415539409023375,0.012454349930048523,0.7013971790927617
682619,2024,R,0.2622130949647617,0.07627099325542518,0.29240961480233835,0.013713083152721621,0.617606307906748
693049,2024,R,0.316459693115853,0.06123313266720328,0.2604607918537354,0.008186529686810648,0.6701195457123548
669450,2024,R,0.3016507698441784,0.1286976771696016,0.2784109531384718,0.008818121895714995,0.5840732474723773
691182,2024,R,0.28595799127416693,0.08972925743039775,0.26750420813683207,0.008511483431119553,0.6342550506488225
674441,2024,R,0.28595799127416693,0.08972925743039775,0.26750420813683207,0.008511483431119553,0.6342550506488225
675659,2024,R,0.28595799127416693,0.08972925743039775,0.26750420813683207,0.008511483431119553,0.6342550506488225
669087,2024,R,0.2676817075377301,0.06620316963711623,0.36999572049208085,0.012566138324766689,0.5512349718068915
666915,2024,R,0.30426693318171427,0.07433115106694421,0.3359064424959531,0.01358529281641148,0.5761771137161752
679881,2024,R,0.2815225694516414,0.0983042491534553,0.2992028647053492,0.008852744650143154,0.5936401413336054
657061,2024,R,0.2736289406895278,0.09323930570536842,0.25233643403615263,0.008409069923903561,0.6460151905842351
543228,2024,R,0.3039554108597063,0.059299230406030246,0.21815329484966384,0.013196545839821817,0.7093509283395354
686554,2024,R,0.28595799127416693,0.08972925743039775,0.26750420813683207,0.008511483431119553,0.6342550506488225
596129,2024,R,0.3473776006871489,0.13702205658587113,0.23933439778044227,0.00920770705967067,0.6144358385057913
547989,2024,R,0.34488341654012983,0.04724537200318495,0.22169902664473928,0.01365326620007873,0.717402334680149
666135,2024,R,0.316828768815808,0.07127846136730269,0.21705040642446813,0.00818492450198595,0.7034862064670523
643265,2024,R,0.3316070098838224,0.07829224134812393,0.2466568535968522,0.013484240567365476,0.6615666645981317
683146,2024,R,0.32666430945829467,0.09251957169490947,0.26130068047726224,0.008395043070701427,0.6377847044479972
605119,2024,R,0.3144222783270631,0.08333132025630254,0.24750883661737114,0.013758776164574554,0.6554010673097598
677347,2024,R,0.24587424736456617,0.08321927623117585,0.34771448264133414,0.01403238521624953,0.5550338556065089
667428,2024,R,0.2622130949647617,0.07627099325542518,0.29240961480233835,0.013713083152721621,0.617606307906748
621545,2024,R,0.24414532875907813,0.08733811848554006,0.3034341835964801,0.014402186505360202,0.5948255118651354
664874,2024,R,0.2579329595106283,0.0805323991415341,0.35378152294275617,0.014336047720142613,0.551350030472528
663611,2024,R,0.3036712042050467,0.08462683608298921,0.10470981961939452,0.013779187353441734,0.7968841566478209
553882,2024,R,0.3109653912077019,0.09812510578017558,0.18981578381003014,0.008533158867131628,0.7035259519576416
645801,2024,R,0.33392074925074366,0.11892652720905388,0.2432417673692027,0.008542279331494129,0.6292894261891425
680911,2024,R,0.29792450597449527,0.06943354165245953,0.19961272074781045,0.013185439304402132,0.7177682980659802
664314,2024,R,0.28152400477805056,0.10747028728353428,0.31826557622968943,0.008674904998036356,0.5655892313770092
694497,2024,R,0.30336280113479647,0.13676261499402173,0.2859592742966626,0.009056345356770716,0.5682217650360999
663630,2024,R,0.2740182839952157,0.09870364270640038,0.3257075615726295,0.014082416560365574,0.5615063789455472
660670,2024,R,0.37900117221909985,0.09310931906906132,0.2307557680985764,0.014223586761287745,0.6619113259490061
644433,2024,R,0.2583409570627485,0.060954589408281155,0.2858238008662597,0.01280144880476903,0.6404201609047843
665923,2024,R,0.25489313020276294,0.07210223887223564,0.23273608677453167,0.013554407462906346,0.681607266701192
666165,2024,R,0.2975526937819986,0.09673063431757288,0.3141679778660478,0.00837815893243261,0.5807232291095568
668843,2024,R,0.2948915227883449,0.11689761112639398,0.24582701778964655,0.008735288020699287,0.6285400832897542
669699,2024,R,0.2819971969010826,0.07825428494848963,0.2702437194374443,0.00835855258075981,0.6431434429605534
676896,2024,R,0.2622130949647617,0.07627099325542518,0.29240961480233835,0.013713083152721621,0.617606307906748
542364,2024,R,0.315934181159411,0.09940966325575477,0.18200768101730036,0.008339398160855887,0.710243257136927
621563,2024,R,0.3164438698993762,0.07000462621812664,0.170596229039974,0.00757584074964246,0.7518233031250005
664059,2024,R,0.28867184047930977,0.1105716091629745,0.26225150125432267,0.008553624943301374,0.6186232643510882
592348,2024,R,0.2921752897236056,0.08654829422121879,0.3063720824082038,0.008808669684317767,0.5982709534772418
808982,2024,R,0.28595799127416693,0.08972925743039775,0.26750420813683207,0.008511483431119553,0.6342550506488225
687952,2024,R,0.311758464446963,0.058363023961253764,0.2784762762126772,0.013261352009141475,0.6498993473581267
501303,2024,R,0.30199013227370053,0.10373854832593038,0.20157728863385757,0.008529131356202983,0.6861550315659086
670223,2024,R,0.3107363691665647,0.0857745912450529,0.2943579248775375,0.00856062022023404,0.6113068635491149
608596,2024,R,0.2826804868612325,0.07596474920815627,0.3366530381059217,0.014037352742963171,0.5733448599243463
686894,2024,R,0.29448378516797197,0.09336308755194217,0.2831978131286717,0.014090850138423957,0.6093482490436833
688363,2024,R,0.28595799127416693,0.08972925743039775,0.26750420813683207,0.008511483431119553,0.6342550506488225
545361,2024,R,0.3874609219829781,0.10771459704926474,0.24406926948961236,0.015137694282153632,0.6330784385384286
650907,2024,R,0.28729447187331814,0.06328821963831546,0.29935922840514495,0.013797883858549853,0.6235546685415788
543305,2024,R,0.3210320465802099,0.12521041397068713,0.2228471125266426,0.008778526931188663,0.6431639459666543
622569,2024,R,0.311236310057414,0.0971112181641748,0.19848101790681666,0.01452724708917016,0.6898805175990618
666211,2024,R,0.2865512071806491,0.10783873410364839,0.3376661093874842,0.008852815245233066,0.5456423400316129
664058,2024,R,0.2959293898190254,0.09014964866513926,0.10078784596021569,0.012948616651283171,0.7961138879323478
669352,2024,R,0.25420347377801633,0.07322101963603841,0.2812793617333,0.012934052150958632,0.6325655668479083
541645,2024,R,0.3102768239415202,0.0453132564578476,0.26472461922759033,0.01214555044883721,0.677816573439446
665856,2024,R,0.2622130949647617,0.07627099325542518,0.29240961480233835,0.013713083152721621,0.617606307906748
607054,2024,R,0.30767006763398613,0.12620658314333602,0.23971965618505145,0.008834775862885487,0.6252389848462585
676946,2024,R,0.2693231907231978,0.09207030927892249,0.25530353766009495,0.01397490461102792,0.6386512485369328
675915,2024,R,0.2622130949647617,0.07627099325542518,0.29240961480233835,0.013713083152721621,0.617606307906748
665120,2024,R,0.33221237002948173,0.08723610920817457,0.24804625263734634,0.00833028204124339,0.6563873562874798
643393,2024,R,0.2987111938969163,0.11148057274550378,0.1500543230275651,0.008198120735099434,0.7302669826482269
660162,2024,R,0.32720579770282704,0.10457728868804873,0.28254493833261163,0.008839613227657316,0.6040381596750478
669392,2024,R,0.2583250216189038,0.07520406268238332,0.282135778872725,0.013921554019800166,0.6287386037780495
