batter,season,p_throws,pred_woba,rate_bb,rate_k,rate_hbp,rate_bip
621438,2024,L,0.3179282353262767,0.06528784337585854,0.2199349941790178,0.007722772310698308,0.707054390689416
502110,2024,L,0.369038987315401,0.0713018032982727,0.2476469696170314,0.007803903594457479,0.6732473223234495
624413,2024,L,0.37310802845177315,0.07856098426801121,0.2293760164142054,0.008045818580932345,0.6840171814637879
570482,2024,L,0.3408392662222501,0.047972090821714566,0.17300949849086256,0.006852802533036192,0.7721656076211832
657656,2024,L,0.32263300881112383,0.10543842127114564,0.2503746238904418,0.008399507878222617,0.6357874463122039
624585,2024,L,0.3626120174961317,0.09795054431899339,0.24766356303380246,0.008064635711174124,0.6463212570423806
621566,2024,L,0.33860208799628466,0.0882619089320754,0.2647326400152847,0.014481757278460985,0.6325236931383328
607043,2024,L,0.31835652020693145,0.12430443446307497,0.22649754324591112,0.014989394859407597,0.6342086273952787
542303,2024,L,0.3749710740477656,0.0625286353640247,0.191573727153528,0.0073355493584936265,0.7385620876862455
645277,2024,L,0.32848231897396224,0.033583838129424955,0.13388433424880514,0.00638403261655415,0.8261477941462065
671739,2024,L,0.3042398577529083,0.05407232971293664,0.23800599613941717,0.0127437827164123,0.6951778926417269
606115,2024,L,0.3077400817251081,0.07065167003477822,0.1886183344037596,0.007517483995697634,0.7332125122197114
669221,2024,L,0.3473031367078045,0.09733854198709065,0.21999406722028764,0.007935431585412347,0.6747319584973824
664983,2024,L,0.25749452246217425,0.07706224029725879,0.2571915820056948,0.01327583422598295,0.652470343524045
444482,2024,L,0.30425818733675725,0.0674710477020122,0.2217219702002556,0.013090059125069246,0.6977169237532203
630105,2024,L,0.3131961390083639,0.10151226813541323,0.18627803343319288,0.014216616110510574,0.6979930816580011
682998,2024,L,0.3116278081447156,0.09302797550716516,0.22355587925249387,0.014501846222871413,0.6689143002520943
606466,2024,L,0.3468874063796752,0.05328877508206484,0.14270957297838507,0.007076921395468383,0.796924728574263
672695,2024,L,0.2978064547117046,0.12661965363833638,0.1704874789282575,0.007979730276326357,0.6949131366554344
672515,2024,L,0.3342393605208264,0.10270060077132613,0.18245495661504352,0.008101832396722191,0.7067426096223991
553993,2024,L,0.32921904114271255,0.11479137102514875,0.27303041196314465,0.008532386156763752,0.6036458309794737
545341,2024,L,0.34579993040006485,0.052425463732941546,0.23696639918714407,0.007536885726515605,0.7030712503610717
572233,2024,L,0.3521932854108588,0.08734274855300224,0.22527312516572318,0.008006181579872295,0.679377943135974
666971,2024,L,0.3462216613603684,0.06508335894404745,0.1683128628855683,0.0072093780530317,0.7593943997165921
518595,2024,L,0.3362560537581539,0.0793488300897677,0.19518447395991673,0.007601229969171894,0.7178654648268957
669004,2024,L,0.31140161891074547,0.09357403491546575,0.2565186241609529,0.014301150773322889,0.6356061900224559
493329,2024,L,0.34476364340056254,0.0595427506790294,0.10365894500186615,0.0066855000136046795,0.8301128047524386
686681,2024,L,0.2965604558972143,0.05933265853900616,0.23645874848187803,0.013126520009904177,0.6910820734938242
687093,2024,L,0.29720403821882835,0.07336026858248895,0.204139139631221,0.007601184892149075,0.7148994061721958
680776,2024,L,0.28564125409909874,0.07952984432290791,0.2586511562446994,0.013212605444540068,0.6486063928025171
665839,2024,L,0.2849035971861416,0.08767532908866316,0.232017495715603,0.01463563134224204,0.6656715447580255
681508,2024,L,0.27564012403141996,0.08001484538298723,0.2775977466584612,0.007976672322266051,0.6344107365699704
678882,2024,L,0.288649317140986,0.06393257227430255,0.26855892702023576,0.00772323630562127,0.6597852643846513
686765,2024,L,0.27564012403141996,0.08001484538298723,0.2775977466584612,0.007976672322266051,0.6344107365699704
677800,2024,L,0.2733822373400825,0.08756059889842717,0.3205805508166865,0.014830336141438053,0.5770285145816779
657136,2024,L,0.2982718292571929,0.07108966778189589,0.2908345358190904,0.008085109857833707,0.629990685672138
671213,2024,L,0.30710771601185255,0.10303441925481746,0.28553564787895225,0.014061159563337951,0.5973687721266702
682829,2024,L,0.29963735435026484,0.07787779172765645,0.3124861283677565,0.00786866160660422,0.6017674187022729
663697,2024,L,0.32497185882937835,0.12556063717939053,0.22500035709698038,0.00851670506062203,0.6409223010309995
571912,2024,L,0.2921902037665724,0.08789866287389927,0.2429483979252432,0.008016135093195119,0.6611368032645445
664023,2024,L,0.3197004665923666,0.08716583746769571,0.2627531169051801,0.007708082009744755,0.6423729633943497
676679,2024,L,0.27564012403141996,0.08001484538298723,0.2775977466584612,0.007976672322266051,0.6344107365699704
682634,2024,L,0.27564012403141996,0.08001484538298723,0.2775977466584612,0.007976672322266051,0.6344107365699704
542194,2024,L,0.3088257617379326,0.0439001290524008,0.23794196352444247,0.0070799867067884836,0.7110779208522018
691718,2024,L,0.23603139291089562,0.07761901363347626,0.35385683170405835,0.014563635968311235,0.5539605181349673
571771,2024,L,0.3386559115478384,0.09153048781403456,0.18882683928448946,0.007888034478104385,0.7117546386930298
669242,2024,L,0.31114143048358267,0.06491526331646959,0.1584184705093583,0.0071871400908332115,0.7694791264034284
571970,2024,L,0.3323920468700944,0.11591786991157504,0.26198153081481174,0.01529244833651034,0.6068081505346782
595909,2024,L,0.26410885446592736,0.07781386070785652,0.31929317269099033,0.014246014967760262,0.5886469512514434
656541,2024,L,0.26441025600512214,0.08715999991650743,0.3700191092543669,0.014204531169514551,0.52861635885446
666134,2024,L,0.2771781760575658,0.09718965705329219,0.34551316872907123,0.014813078387914316,0.5424840953781609
669911,2024,L,0.27100260250247016,0.08091045576883207,0.3557593749270358,0.00811168408265932,0.555218486504623
641857,2024,L,0.2888471110517361,0.09084392924484007,0.32469702909713094,0.01461027347509835,0.5698487685464315
678662,2024,L,0.30643145183223863,0.05492635137008882,0.2574185592070916,0.007627923687092123,0.6800271643212686
453568,2024,L,0.30374978111356354,0.06416561651166412,0.1903310570654842,0.013659528104621886,0.7318437973610441
679529,2024,L,0.3536115760215767,0.09117197752751238,0.2154317240344923,0.007919465655149043,0.6854768333685116
628451,2024,L,0.319074599391414,0.07314153224138303,0.1740515086475029,0.007474828556329195,0.745332130896861
672761,2024,L,0.27564012403141996,0.08001484538298723,0.2775977466584612,0.007976672322266051,0.6344107365699704
682985,2024,L,0.29583782982873924,0.08597814786874317,0.3015323560165695,0.014428757509091922,0.5980607386644251
664056,2024,L,0.31049160574648227,0.08041171496674263,0.22929846494262054,0.008014123065447559,0.682275697553243
668901,2024,L,0.3123317060129674,0.06475708056722565,0.28293642180757905,0.007819232506854717,0.644487264208227
578428,2024,L,0.3069873906853034,0.058236496641352054,0.1215015634408062,0.006908334148208283,0.8133536052357985
596019,2024,L,0.3478351898909794,0.0670529633297249,0.135836825905702,0.007334059487541156,0.7897761512650852
686555,2024,L,0.27564012403141996,0.08001484538298723,0.2775977466584612,0.007976672322266051,0.6344107365699704
606992,2024,L,0.3034512796234164,0.06799086433853536,0.29389404979930905,0.008034647259161814,0.6300804389200048
641343,2024,L,0.2819216204048288,0.09783971026544298,0.29731835024139736,0.013819512319410936,0.5910224282108223
682626,2024,L,0.3374589137247631,0.0955710154309137,0.25582039545873797,0.0078726396289297,0.6407359499800144
516782,2024,L,0.32949182619985307,0.05145201593151465,0.18206292746939937,0.0075730370435465955,0.7589120184233292
642715,2024,L,0.32797418544955814,0.09807383831487677,0.2619175264836965,0.008255488157583347,0.6317531484074635
694192,2024,L,0.27564012403141996,0.08001484538298723,0.2775977466584612,0.007976672322266051,0.6344107365699704
668930,2024,L,0.27336152480604364,0.0992310688415841,0.24622947339912044,0.013544657386173022,0.6409948003145832
687401,2024,L,0.2805011917361768,0.06690353604408915,0.2659476981478298,0.007651568161469374,0.6594971989760731
596142,2024,L,0.3450172879567429,0.08695856481602225,0.26282019207924323,0.008140122803613875,0.6420811217588793
663368,2024,L,0.2846124440319394,0.1344402529243742,0.28929386228597875,0.008756521384083468,0.5675093630529362
680737,2024,L,0.27564012403141996,0.08001484538298723,0.2775977466584612,0.007976672322266051,0.6344107365699704
700250,2024,L,0.25151318406521,0.08135189099825818,0.3005989456075034,0.014251845365802993,0.6037973179171574
683011,2024,L,0.3176920094288439,0.10232277511173664,0.2579103596335446,0.008225016877939625,0.6315418480150553
641943,2024,L,0.2925416481588695,0.08033108872343304,0.21760844456088527,0.014123344867945593,0.6879371227676286
663698,2024,L,0.2940804208831413,0.0766157276847139,0.3089807896183427,0.008194750439711875,0.6062087325849469
665833,2024,L,0.2974796195578642,0.07985047208176495,0.32455247635053347,0.014097769684533143,0.5814992810232116
657077,2024,L,0.3134737763737898,0.08095511622378788,0.16241847426621184,0.013895569849224017,0.742730839391285
542932,2024,L,0.31970406328640627,0.11998752237744494,0.2128746600903076,0.008174337457189042,0.6589634790395169
691176,2024,L,0.2873846582627856,0.08883369739318639,0.2650348602136385,0.007857804417210122,0.6382736377398136
519317,2024,L,0.3778928402335567,0.07218094570670912,0.27796649233266624,0.0077982631248338895,0.6420542999874803
663757,2024,L,0.29636866379974525,0.12333128254474478,0.28089054967965404,0.015459441931993799,0.5803187262083918
650402,2024,L,0.3426234906647646,0.08520136808407043,0.19470411306935795,0.007669893395781652,0.7124246240006072
624431,2024,L,0.3188640181203207,0.06528906484970604,0.15448390879640503,0.006605202178811026,0.7736218244657924
666149,2024,L,0.28778096808261927,0.0984626277803177,0.2785470496660386,0.008173739158143813,0.6148165827428449
624424,2024,L,0.307142097445875,0.09839739255186859,0.2599505179380771,0.015013021418249931,0.6266390679832136
669477,2024,L,0.31927897723777965,0.06041578969182211,0.2110354401611189,0.007169144446002074,0.7213796250669914
622268,2024,L,0.2653953695415102,0.07206013863305559,0.2508209591697937,0.013508666297741924,0.6636102355246655
663457,2024,L,0.30789889856079994,0.12234026890005817,0.25755735074972197,0.014557422627415922,0.6055449588173555
663609,2024,L,0.31488816793246954,0.09388777502383786,0.29539854596199755,0.008267690464751573,0.6024459892302346
668942,2024,L,0.2817749001858634,0.11000600467169207,0.24479260385666293,0.014271589332541686,0.6309298019224395
664238,2024,L,0.31016679449701046,0.12221066888153544,0.2832286947179602,0.008547418049513766,0.5860132181767035
571745,2024,L,0.3408600919005801,0.08773766365411281,0.23896307534393763,0.007742760599740128,0.665556499308039
649966,2024,L,0.3053289993033002,0.12263778263194186,0.23395690010204967,0.008470686610543463,0.6349346305247496
670042,2024,L,0.2978826563007886,0.06944474043890486,0.29105114622823064,0.01334469556037467,0.6261594180097382
668227,2024,L,0.33235271983315445,0.0970922427809624,0.2490060158415034,0.008190446960383258,0.6457112942616395
663728,2024,L,0.3256170128279487,0.07413244065052402,0.2724172342301275,0.007835082751859963,0.6456152423064282
680474,2024,L,0.27564012403141996,0.08001484538298723,0.2775977466584612,0.007976672322266051,0.6344107365699704
668832,2024,L,0.25151318406521,0.08135189099825818,0.3005989456075034,0.014251845365802993,0.6037973179171574
663527,2024,L,0.3227679054350182,0.1022817576108436,0.20907138309175513,0.008009185360172972,0.6806376725466331
680869,2024,L,0.31108160448354577,0.0879658518256195,0.2741956947912638,0.007948573321144204,0.6298898810530482
664913,2024,L,0.30058801725545126,0.07781770606673517,0.28575516539595025,0.014224033392771446,0.6222030951415541
691016,2024,L,0.2636158213239247,0.07427280902293311,0.3275007966471643,0.013066466540043708,0.5851599278465126
667670,2024,L,0.33481193909608836,0.10042563045736985,0.30297892953937594,0.00837404365366707,0.5882213943238349
663743,2024,L,0.3444502575604745,0.09151844245285255,0.16430191907188618,0.00734711703261031,0.7368325208889006
665052,2024,L,0.25151318406521,0.08135189099825818,0.3005989456075034,0.014251845365802993,0.6037973179171574
672640,2024,L,0.28952067274946297,0.09329219667737679,0.2551638166723426,0.008007878193768497,0.6435361095674009
667472,2024,L,0.31565358006234834,0.07556372464272226,0.2480660043597347,0.00774180204171062,0.6686284699907736
660821,2024,L,0.29035650714630784,0.06620729810301319,0.2867949665466567,0.013022777076714512,0.633974957644493
681146,2024,L,0.3121982100096713,0.12477642379422076,0.168874258517359,0.008365307303331779,0.6979840093046753
665782,2024,L,0.27564012403141996,0.08001484538298723,0.2775977466584612,0.007976672322266051,0.6344107365699704
676914,2024,L,0.29900558909082164,0.12451401833917883,0.32334098910588344,0.008558492084184207,0.5435865006215619
676391,2024,L,0.3000963035505877,0.060404288707243466,0.135106681993688,0.006910747369647408,0.7975782815909372
687462,2024,L,0.2569320616359882,0.07855135244598355,0.2615957413931571,0.013975354041628156,0.6458775517841074
682729,2024,L,0.27564012403141996,0.08001484538298723,0.2775977466584612,0.007976672322266051,0.6344107365699704
665489,2024,L,0.39709746774776566,0.07913736944987695,0.15076370733027303,0.007241557870562429,0.7628573660966497
623168,2024,L,0.28012565259314504,0.0873946275280078,0.17351306083416249,0.007758360995162101,0.731333949496243
694388,2024,L,0.25151318406521,0.08135189099825818,0.3005989456075034,0.014251845365802993,0.6037973179171574
669364,2024,L,0.28395293462566146,0.09257727220625794,0.21131432596637084,0.007826959932961274,0.6882814415159807
669394,2024,L,0.3338827644200384,0.07256495782251816,0.27601316725559877,0.007731856496349639,0.6436900187325841
672642,2024,L,0.27564012403141996,0.08001484538298723,0.2775977466584612,0.007976672322266051,0.6344107365699704
681393,2024,L,0.27564012403141996,0.08001484538298723,0.2775977466584612,0.007976672322266051,0.6344107365699704
656448,2024,L,0.315041838387806,0.0731471943736378,0.26702723302273546,0.007766036520225914,0.6520595348710471
686611,2024,L,0.27564012403141996,0.08001484538298723,0.2775977466584612,0.007976672322266051,0.6344107365699704
677588,2024,L,0.25662317836358695,0.10769301043669023,0.30856499946121135,0.014971151816311907,0.5687708375861896
660766,2024,L,0.3062290142619244,0.07092309470662946,0.2256776557267375,0.008000808927577992,0.6953984415035999
695578,2024,L,0.25151318406521,0.08135189099825818,0.3005989456075034,0.014251845365802993,0.6037973179171574
671277,2024,L,0.29470092967147254,0.0475435009349239,0.18421144706635442,0.009208619867706958,0.7590364311955288
683083,2024,L,0.27564012403141996,0.08001484538298723,0.2775977466584612,0.007976672322266051,0.6344107365699704
696285,2024,L,0.30273749539197414,0.08931747452014542,0.19696876223097282,0.007728495643811296,0.7059852684851035
686452,2024,L,0.2782148027678769,0.09244802150144574,0.26040678002208173,0.007967635793328943,0.639177563617868
608336,2024,L,0.3230929855786838,0.09189875936963073,0.3916502249133921,0.014488507089063614,0.5019625079985949
596117,2024,L,0.24861027093841992,0.09954340426303228,0.27948158944923557,0.014832749743778115,0.6061422568478977
624641,2024,L,0.2884677921427699,0.05715693421832152,0.22847825878505998,0.007614301588337904,0.7067505045972357
665019,2024,L,0.27985045939400244,0.08409999726703539,0.2723538564549167,0.01419105164483933,0.629355094270934
669016,2024,L,0.2797714980220195,0.08833438707405622,0.3379183604435304,0.014870546797605421,0.5588767062410922
664761,2024,L,0.3544088412601841,0.0710466247347713,0.18271033402409764,0.0074469773812052735,0.738796062184506
681082,2024,L,0.29376579722371166,0.08973804358547409,0.19166939541733757,0.012821517975003251,0.7057710436595866
605137,2024,L,0.3494150810198332,0.0827839863154831,0.19853174900209056,0.007643045928257596,0.7110412181444037
642180,2024,L,0.2514293304460451,0.10366173289881853,0.27157010087944594,0.014958681887011237,0.6098094843618209
663604,2024,L,0.27564012403141996,0.08001484538298723,0.2775977466584612,0.007976672322266051,0.6344107365699704
543309,2024,L,0.3228798975934479,0.0652030123916462,0.24799151129418215,0.007438759371282237,0.6793667183255643
456781,2024,L,0.3317259482895379,0.06939098182517182,0.19251291176488583,0.007500467718041606,0.7305956381738647
595777,2024,L,0.3248944831104629,0.10117322312417303,0.14891665707714424,0.007805035478158553,0.7421050845505658
605113,2024,L,0.2934147719750248,0.07173545521979892,0.198000334656805,0.007530168255693613,0.7227340422625205
593428,2024,L,0.34491244722012804,0.09091327804035275,0.1619696352231327,0.007678527416361823,0.7394385601830454
592518,2024,L,0.3885144092299494,0.06583149218406789,0.16297859974329196,0.007198824544063014,0.7639910845298382
670623,2024,L,0.33840264415265764,0.09575281402256239,0.14991495854257775,0.0078054134553524595,0.7465268134639987
673548,2024,L,0.35691962840378466,0.12738861710214205,0.21686692995193346,0.008562830528311176,0.6471816224431193
641355,2024,L,0.3121951171807625,0.07590763559787406,0.25415865747839755,0.014175138126287836,0.6557585689036247
701305,2024,L,0.27564012403141996,0.08001484538298723,0.2775977466584612,0.007976672322266051,0.6344107365699704
572138,2024,L,0.27838399208563863,0.0912634351364442,0.28050533012747253,0.01428470908427361,0.6139465262663921
605170,2024,L,0.3217804556493816,0.09019999676228287,0.22218881989031194,0.007915749862246512,0.6796954346294812
663656,2024,L,0.3628604937657537,0.07988375021202591,0.16687683262549363,0.013214513317581762,0.7400249047040871
687597,2024,L,0.27564012403141996,0.08001484538298723,0.2775977466584612,0.007976672322266051,0.6344107365699704
691011,2024,L,0.27564012403141996,0.08001484538298723,0.2775977466584612,0.007976672322266051,0.6344107365699704
668845,2024,L,0.27564012403141996,0.08001484538298723,0.2775977466584612,0.007976672322266051,0.6344107365699704
676070,2024,L,0.2794491757182155,0.07432916172154093,0.24719723675927271,0.007730183085151341,0.6707434170795663
642020,2024,L,0.2862814452461806,0.0646018292233936,0.2799901717444932,0.007656059929372218,0.6477519399380435
666150,2024,L,0.2598881386763197,0.08029990244853473,0.2586562066161785,0.014083323254164842,0.6469605682870613
663993,2024,L,0.3302918413885347,0.10563794730938415,0.2351268528767144,0.014005380925443562,0.6452298186509489
622110,2024,L,0.3159060369265426,0.08299436440398071,0.1653762170730643,0.007448913265966473,0.7441805047314309
694671,2024,L,0.27564012403141996,0.08001484538298723,0.2775977466584612,0.007976672322266051,0.6344107365699704
669701,2024,L,0.2849230361054851,0.11409851866339901,0.26042902622932557,0.015019706296656483,0.6104527482582869
543760,2024,L,0.33449686993841116,0.10634959750913447,0.17679996918408927,0.007966690864569378,0.7088837420704284
677649,2024,L,0.31788302161937837,0.06555567992458829,0.24660944771797802,0.007498138960345019,0.6803367333747805
641680,2024,L,0.33754372444201786,0.06871783907564771,0.1652142306613012,0.007379853855682535,0.7586880763818379
608348,2024,L,0.3178795978115922,0.1034788111817088,0.22132333788420824,0.008268392159655857,0.666929459298296
665750,2024,L,0.30647426546228274,0.07777521683556789,0.2512145983221252,0.00752732587267075,0.66348285929784
607680,2024,L,0.3204338838876063,0.04350614210631474,0.1556216760408967,0.00699204509061343,0.7938801360671107
676572,2024,L,0.27564012403141996,0.08001484538298723,0.2775977466584612,0.007976672322266051,0.6344107365699704
605346,2024,L,0.2581288215907925,0.06657803969394004,0.3051988916077354,0.007892918892194092,0.6203301504403647
621493,2024,L,0.3452389261728648,0.10549478539830089,0.2095185852546339,0.00794011118110162,0.6770465182511275
683021,2024,L,0.2967862422868213,0.09694207794776119,0.15279150148621806,0.007542829260772828,0.7427235916190522
694359,2024,L,0.25151318406521,0.08135189099825818,0.3005989456075034,0.014251845365802993,0.6037973179171574
672569,2024,L,0.27564012403141996,0.08001484538298723,0.2775977466584612,0.007976672322266051,0.6344107365699704
681351,2024,L,0.30754653215582556,0.07685242587227804,0.23266755714001613,0.0076468487937202175,0.6828331664912555
592273,2024,L,0.32315380358308293,0.05936025438833619,0.22078176290431567,0.007554806220604917,0.7123031775191595
655316,2024,L,0.32330190923944335,0.13168153041703923,0.19482644279220274,0.008391382060792428,0.665100645161289
669003,2024,L,0.2548316187260844,0.09660706443543965,0.3404704115078229,0.014556069387027097,0.5483664545536762
656555,2024,L,0.35693658426996244,0.1141258796355942,0.2402489940016157,0.008569853937459567,0.6370552728382262
661388,2024,L,0.33511350164570175,0.09798592461435729,0.2520970798446743,0.007962432194901059,0.6419545633952064
571657,2024,L,0.3040618777861985,0.06880375308566959,0.21566967846309068,0.007831420509918195,0.707695146925178
680777,2024,L,0.31461101462819935,0.09458919456364241,0.2852406354312514,0.008200767570584525,0.6119694027094671
467793,2024,L,0.35221336745461584,0.10216043751333576,0.14356275289343218,0.0075552099859826655,0.746721598604476
680577,2024,L,0.25151318406521,0.08135189099825818,0.3005989456075034,0.014251845365802993,0.6037973179171574
686797,2024,L,0.27564012403141996,0.08001484538298723,0.2775977466584612,0.007976672322266051,0.6344107365699704
668885,2024,L,0.27564012403141996,0.08001484538298723,0.2775977466584612,0.007976672322266051,0.6344107365699704
666397,2024,L,0.28729152437969896,0.13809644570897156,0.31444909115893893,0.015202866720915937,0.5322515950725901
650489,2024,L,0.28845427821642716,0.04607233968660655,0.2385322839988178,0.0073047098389178115,0.7080906662288473
668904,2024,L,0.34539441321297376,0.08074112903950226,0.20799557379199793,0.007631554541834402,0.7036317424280625
622534,2024,L,0.32981764082402104,0.08794345544165935,0.1633361728569569,0.007591150419499666,0.741129221322073
669224,2024,L,0.2778337023981918,0.060151638438093846,0.2660674006662644,0.012911962491412611,0.6608689964038388
592450,2024,L,0.41462592396126147,0.10572152449351743,0.28289372889662356,0.008186930653868815,0.6031978166036266
665742,2024,L,0.3689796675949442,0.11566890785118905,0.19244347001042364,0.014509810375174716,0.6773778123158837
665828,2024,L,0.2948971477268145,0.07442407098876341,0.23265060616752928,0.007741718665921384,0.6851836028060241
693304,2024,L,0.2850513304627046,0.09795026727212892,0.2699960915419066,0.008176059996888776,0.6238775805758249
668804,2024,L,0.335307967232767,0.08739041992643162,0.21985117887629604,0.007700109434006175,0.685058291955824
519203,2024,L,0.33786245161830175,0.0714205499678288,0.17293466295044643,0.013909037181263064,0.7417357481582662
687529,2024,L,0.25151318406521,0.08135189099825818,0.3005989456075034,0.014251845365802993,0.6037973179171574
689172,2024,L,0.2456663332152387,0.07856910511999488,0.31201936063235997,0.01434629046148267,0.5950652437591611
672275,2024,L,0.302200912298506,0.1004234576060176,0.27813734612441454,0.008002531582856822,0.6134366646928752
666464,2024,L,0.2815284820888618,0.06412400193520523,0.32264945707975284,0.007589749579535994,0.6056367908518605
680977,2024,L,0.31524986348492884,0.11497375824079774,0.1869627884473559,0.015074919725318303,0.6829885321984484
502671,2024,L,0.3722090863911883,0.09707106268234025,0.21660501740603172,0.008107887822205192,0.6782160329895863
676475,2024,L,0.30582310896350623,0.0595559838069648,0.1719312187775565,0.012317691314354473,0.7561951049061021
457759,2024,L,0.3540234533632691,0.09429085900460088,0.16550106718829405,0.007970556521170017,0.7322375172336831
641487,2024,L,0.3024889013650577,0.11315184402186208,0.21086931805596618,0.014984024468167172,0.6609948127836025
645302,2024,L,0.28545209686531636,0.08455175778626473,0.23995949255417728,0.007883246680017752,0.6676055034973826
671732,2024,L,0.26337059812040287,0.08187378340039715,0.3225546366107795,0.013661177203452547,0.5819104025247002
640902,2024,L,0.27564012403141996,0.08001484538298723,0.2775977466584612,0.007976672322266051,0.6344107365699704
691594,2024,L,0.27564012403141996,0.08001484538298723,0.2775977466584612,0.007976672322266051,0.6344107365699704
547180,2024,L,0.3500783505311393,0.07989719738784572,0.23664454584253566,0.013828493509418406,0.6696297633753583
607208,2024,L,0.3538742489990244,0.07844826625391241,0.17508287301939918,0.007526015808209925,0.7389428448784072
656941,2024,L,0.3229212323607886,0.10003360109494278,0.31256196940679526,0.014975175632902243,0.5724292531984566
642215,2024,L,0.2795875623171101,0.09896193438226977,0.3011905245015693,0.008313111965205507,0.5915344293912219
592663,2024,L,0.3355853507407275,0.06520487277418038,0.20263234045012488,0.007844582638845712,0.7243182040888116
592206,2024,L,0.33415082562538606,0.05588359906364452,0.23126103001686718,0.007537111371105944,0.7053182603023054
701538,2024,L,0.25151318406521,0.08135189099825818,0.3005989456075034,0.014251845365802993,0.6037973179171574
650333,2024,L,0.334368528867729,0.10194847714371887,0.10299660709696129,0.014208856476248189,0.7808460595349991
677951,2024,L,0.35890014375454343,0.05779959580874948,0.18401002385600249,0.0072993096071756625,0.7508910696045554
502054,2024,L,0.35919758965322907,0.12269787020487366,0.22686558915481822,0.008100092447348753,0.6423364479059058
672580,2024,L,0.34488736798036607,0.10617049754606361,0.192474150945412,0.0076128352773070064,0.6937425157275371
641658,2024,L,0.28487750007043705,0.10698860359322189,0.26045598892021177,0.008244933405456822,0.6243104737195565
592669,2024,L,0.3317475739550883,0.0702679710449641,0.24430048005999708,0.00767773399108263,0.677753814877949
543257,2024,L,0.31816963749689753,0.13952127906085418,0.21850290725681148,0.008298325612206364,0.633677488327336
521692,2024,L,0.34324149831023326,0.024782715369221373,0.20540052565320233,0.007138254521161039,0.7626785036708089
664728,2024,L,0.2895811199195319,0.08415277223838223,0.2289000462182231,0.013454601867219322,0.6734925805331604
663853,2024,L,0.2994399950506375,0.06534345312127103,0.2909959290194143,0.00764473116741527,0.6360158859058184
807799,2024,L,0.31077339935992404,0.08305116842968956,0.1719073676559544,0.01367810759847832,0.7313633561647028
666624,2024,L,0.3088880866993126,0.08548980063672251,0.3286565559425023,0.007851339778402815,0.5780023039464063
676609,2024,L,0.27536115206817213,0.11141915490909246,0.25321295890177636,0.008502196343098416,0.6268656913842138
680700,2024,L,0.2998524787625992,0.0967318165346278,0.17062285964679147,0.014364058581475214,0.7182812648992153
677587,2024,L,0.2542897052996063,0.0710282205814436,0.2741109884371906,0.0076851574634868355,0.6471756346096516
682657,2024,L,0.27564012403141996,0.08001484538298723,0.2775977466584612,0.007976672322266051,0.6344107365699704
678877,2024,L,0.27564012403141996,0.08001484538298723,0.2775977466584612,0.007976672322266051,0.6344107365699704
681807,2024,L,0.28935282512377175,0.06241793562499974,0.25111185577506007,0.007710775656755522,0.6787594324847307
657041,2024,L,0.32774134870851096,0.10445222888313528,0.20869689321611554,0.007957512020308023,0.6788933649400252
647304,2024,L,0.3245599348620608,0.05362586895952131,0.16050158712858323,0.012137013199990065,0.7737355309858492
643289,2024,L,0.3071104627829083,0.054482695434734114,0.15409872995780993,0.006990645104664445,0.784427930442869
676694,2024,L,0.309184602430631,0.08909635467664007,0.23676150564040233,0.007642495043565002,0.6664996444392355
673237,2024,L,0.325136439997012,0.038115020940190376,0.20775816568424932,0.006982154073137829,0.7471446600082498
514888,2024,L,0.33186707406795246,0.0691767789545817,0.1373702141157695,0.006863094223411248,0.7865899132739189
666197,2024,L,0.280471106789463,0.09158365278898656,0.31270196964382996,0.008269700765597285,0.5874446765697449
608324,2024,L,0.3566708187355553,0.11777952174330812,0.1415237467907125,0.007714866122839543,0.7329818653924536
606192,2024,L,0.3484970235173554,0.08151706344731541,0.26764354985857164,0.008085537550073223,0.6427538487860659
666158,2024,L,0.2831288523245459,0.09934717537172334,0.25214026202052414,0.014330917740112283,0.6341816447831755
595281,2024,L,0.2743555661879006,0.06483364681593652,0.22728157817402256,0.013121543327981008,0.6947632314858891
660271,2024,L,0.34604857289419194,0.08308830383203585,0.27075387056276007,0.013193239203774531,0.6329645873803353
643217,2024,L,0.30567220562697345,0.07813309419404871,0.20541678392908633,0.014085071001628174,0.7023650502427328
676113,2024,L,0.25151318406521,0.08135189099825818,0.3005989456075034,0.014251845365802993,0.6037973179171574
678246,2024,L,0.3194531797135168,0.12320207703734327,0.210167682583145,0.008216233797341396,0.6584140066704822
669234,2024,L,0.27564012403141996,0.08001484538298723,0.2775977466584612,0.007976672322266051,0.6344107365699704
663837,2024,L,0.346043617686071,0.08771802590610969,0.1798199167000173,0.007876089864709685,0.7245859679207232
678009,2024,L,0.2866477259948208,0.09531845438959506,0.2701966556807233,0.01450959784987491,0.6199752928400991
668670,2024,L,0.29475406514238983,0.10622810997354261,0.30218391204165385,0.008196455252842842,0.5833915221837073
700242,2024,L,0.25151318406521,0.08135189099825818,0.3005989456075034,0.014251845365802993,0.6037973179171574
670032,2024,L,0.2729506714342783,0.09540090675352332,0.16384759953051398,0.013816841296645479,0.7269346522391681
686676,2024,L,0.2816217464963643,0.061627830786911794,0.25752892458431853,0.007566928433850005,0.6732763171776716
682868,2024,L,0.27564012403141996,0.08001484538298723,0.2775977466584612,0.007976672322266051,0.6344107365699704
672820,2024,L,0.2994072413582725,0.05299649657359888,0.2105560632176624,0.007452879438795696,0.7289945613388471
657757,2024,L,0.28998051192526747,0.08278853677042981,0.23504774642201703,0.01352116158081874,0.6686425559521563
683734,2024,L,0.3482156964325747,0.06862792262221434,0.1783717178745237,0.007354117525276329,0.7456462417911596
666969,2024,L,0.3287070229088753,0.06526792450323841,0.2694321130177056,0.007806628396801047,0.6574933345889264
686217,2024,L,0.2736984099560079,0.1067398867076166,0.20423207122311865,0.014532680319020927,0.6744953602587725
543877,2024,L,0.3114243561800522,0.07210753299771785,0.18439579633117106,0.0074315672836433675,0.7360651037690118
681297,2024,L,0.26327641354497383,0.10293991952787465,0.3123616848600703,0.014942194090549848,0.5697562029205431
623993,2024,L,0.32859484175439024,0.07800978943513467,0.2250384527170985,0.0075301536171837906,0.689421603444805
676059,2024,L,0.33409309401555926,0.09257176195326484,0.23173893193717984,0.007653338082005284,0.6680359677790537
683002,2024,L,0.3279276857384042,0.08547092645204886,0.250819846176115,0.013013217975794394,0.6506960102164866
602104,2024,L,0.325854599265955,0.10539326954816865,0.22571052460481678,0.007973882227233841,0.6609223235924963
656775,2024,L,0.30497306058676193,0.08713968292751172,0.19532903891665687,0.014456198078731494,0.7030750797289954
663624,2024,L,0.3494639930994156,0.050190312438582,0.21806422891488286,0.0073010877437867105,0.7244443721461208
656896,2024,L,0.3358131576778655,0.07421317272369875,0.194560520755876,0.007525167351988495,0.7237011388087933
668939,2024,L,0.3407380913621016,0.10050603183085613,0.1825404156243259,0.008083392491972704,0.7088701597447993
621043,2024,L,0.3564371432870666,0.09089779723454552,0.20224790258977876,0.007691293394445461,0.6991630079371686
621439,2024,L,0.32704517605532807,0.07549625349317812,0.27791022589695363,0.007953285093645108,0.6386402358717519
665862,2024,L,0.2939282695093129,0.08279304825923409,0.2821234066302886,0.013969353040540238,0.6211141916701919
695257,2024,L,0.27564012403141996,0.08001484538298723,0.2775977466584612,0.007976672322266051,0.6344107365699704
694377,2024,L,0.27564012403141996,0.08001484538298723,0.2775977466584612,0.007976672322266051,0.6344107365699704
656582,2024,L,0.3203058269061254,0.12385723119571325,0.21694810090932823,0.008205183411029214,0.6509894845926418
643396,2024,L,0.3136489636922831,0.08220906850711981,0.1406175320511556,0.007581063959854808,0.7695923344759266
650559,2024,L,0.3383489753167942,0.06598164584212526,0.2138029022834329,0.007641196648536738,0.7125742534301946
457705,2024,L,0.3520287770562165,0.12179948146550344,0.21278779685886626,0.008198557413646654,0.6572141639338568
573262,2024,L,0.31149224145821686,0.10240162884766406,0.24357515344947428,0.014943132223950285,0.6390800856490491
691026,2024,L,0.30706532099549555,0.10078685236791127,0.20517501001018146,0.007963056476106836,0.6860750825811165
672279,2024,L,0.24880100683800888,0.10715831126648592,0.31746053014145564,0.015118717929194484,0.5602624410340363
691023,2024,L,0.33920757741320706,0.06965697490333869,0.2228237660274257,0.007277973122766332,0.7002412864179599
572761,2024,L,0.3264192964299172,0.14136734113369673,0.26657908309163275,0.015660127772095144,0.5763934485109572
671056,2024,L,0.3095472440543604,0.10651083430729828,0.26962472908770135,0.00830616075605641,0.6155582759762156
641598,2024,L,0.34969746558707077,0.12870708612829648,0.24258444696243406,0.008573471204144738,0.6201349940074575
668709,2024,L,0.28000466754937475,0.11018189532396949,0.2823964485246072,0.014519303854808985,0.5929023526112164
677594,2024,L,0.35501639181727307,0.0649067908491119,0.2449172404680574,0.0074889097297973885,0.6826870582851094
660844,2024,L,0.27564012403141996,0.08001484538298723,0.2775977466584612,0.007976672322266051,0.6344107365699704
663662,2024,L,0.2991735502989071,0.08680545108219924,0.27579380015162036,0.007788447259183181,0.6296123035385001
664770,2024,L,0.26476268635603506,0.07943443862115245,0.2603158262312597,0.014010566658509109,0.6462391674009139
543807,2024,L,0.3500898536212556,0.1045725024826591,0.2041497715456008,0.007865333104133771,0.6834123923392472
677870,2024,L,0.27564012403141996,0.08001484538298723,0.2775977466584612,0.007976672322266051,0.6344107365699704
669065,2024,L,0.2796453066029264,0.06821470002563425,0.29679799691387426,0.013630062938031241,0.6213572403675847
545121,2024,L,0.30646617018372635,0.07023471596269948,0.12158784783554012,0.007210496094804664,0.8009669384808011
660688,2024,L,0.32093312336722135,0.05345454157565359,0.09656245059928327,0.006265333826323446,0.8437176738087656
673357,2024,L,0.33322753305567115,0.05184727189751962,0.2609811215324305,0.007549965474795064,0.6796216413753052
696100,2024,L,0.3016427457637311,0.07389733054642617,0.2885840322845901,0.007776501505327023,0.6297421351430953
687363,2024,L,0.25151318406521,0.08135189099825818,0.3005989456075034,0.014251845365802993,0.6037973179171574
665877,2024,L,0.28940095965725926,0.09492986085581458,0.18696522357188697,0.008026849894319137,0.7100780652901132
686780,2024,L,0.27564012403141996,0.08001484538298723,0.2775977466584612,0.007976672322266051,0.6344107365699704
695336,2024,L,0.27564012403141996,0.08001484538298723,0.2775977466584612,0.007976672322266051,0.6344107365699704
690993,2024,L,0.25151318406521,0.08135189099825818,0.3005989456075034,0.014251845365802993,0.6037973179171574
621035,2024,L,0.31540327883131886,0.12023540636448429,0.2752259999390978,0.008477743686117648,0.5960608511125564
605141,2024,L,0.37639994528909704,0.1164442469523692,0.14242100995965057,0.00791116499593197,0.7332235772857538
518692,2024,L,0.3458000846457462,0.07194825746801833,0.21184404836328966,0.014180601511348664,0.7020270932637712
681624,2024,L,0.27564012403141996,0.08001484538298723,0.2775977466584612,0.007976672322266051,0.6344107365699704
596103,2024,L,0.3121238077638324,0.10573634765794732,0.27390015440946897,0.008128993741767511,0.6122345028877303
677008,2024,L,0.2520340184188784,0.07269717019411762,0.31531316056980807,0.013564927040962276,0.598424741636737
666023,2024,L,0.3093987316783965,0.06730876797837704,0.21256779634272618,0.0074232452676697746,0.7127001900253158
657557,2024,L,0.31184039985849143,0.074764157265237,0.25573414541821987,0.008122901880005425,0.6613787944643211
656305,2024,L,0.35385709885251604,0.11150093259449316,0.2636168468826992,0.008419104183224743,0.6164631166695074
592192,2024,L,0.3329460923733153,0.11229823227980408,0.21069341022935148,0.00839921411420623,0.6686091442120187
642136,2024,L,0.2849954379585988,0.10905906697543168,0.2938915012687367,0.014620924148910652,0.5824285074009017
687263,2024,L,0.32235100974343067,0.07955385018564662,0.23262548922658174,0.007738580160573693,0.6800820800141271
668715,2024,L,0.3182980626649462,0.10419927950467876,0.23773524430656853,0.008252551862254758,0.6498129253261663
663886,2024,L,0.33005205284560296,0.11504601591495951,0.2233726959792833,0.007971040045662035,0.6536102481672954
670770,2024,L,0.2938336671559576,0.11447788420909293,0.21288172110960685,0.015014761305114118,0.6576256320885436
694362,2024,L,0.27564012403141996,0.08001484538298723,0.2775977466584612,0.007976672322266051,0.6344107365699704
682622,2024,L,0.3109872794787231,0.07911349654727445,0.23169535980845954,0.007607657363018861,0.6815834874729834
669289,2024,L,0.3167819744807357,0.08272435130654845,0.13521454600922975,0.007333216289926308,0.7747278858505225
641584,2024,L,0.2756110869467227,0.10580115667177774,0.26308996368112775,0.014982118022149679,0.6161267613014173
686668,2024,L,0.28413407897928594,0.07371399368650548,0.31846012161091924,0.00788790368033885,0.5999379807635751
571448,2024,L,0.3496003766943051,0.04415684952904333,0.1643960659235321,0.007075039741717299,0.7843720447691084
664040,2024,L,0.31066902907240246,0.07529838385195543,0.28702031553884216,0.013666463462695826,0.6240148372825278
666185,2024,L,0.28739848508358856,0.09279099614130899,0.24359490988351426,0.008267186565923566,0.6553469081850775
686482,2024,L,0.25151318406521,0.08135189099825818,0.3005989456075034,0.014251845365802993,0.6037973179171574
666139,2024,L,0.28565052639821314,0.07163378923586411,0.2735177190138149,0.013177640585054114,0.6416708505618441
694376,2024,L,0.27564012403141996,0.08001484538298723,0.2775977466584612,0.007976672322266051,0.6344107365699704
518792,2024,L,0.3077597289613488,0.07240599810455084,0.18851648240273675,0.013739246486625466,0.7253382731767153
663967,2024,L,0.2483136522172499,0.079500018588947,0.3045032559111367,0.014342102651913331,0.6016546237052375
593871,2024,L,0.3418892569412093,0.06694818778311347,0.16185299710168338,0.00732508102966373,0.7638737333375429
680716,2024,L,0.2673970242043764,0.0889622029838837,0.2862620627194544,0.008165370135359038,0.6166103638797132
679822,2024,L,0.27564012403141996,0.08001484538298723,0.2775977466584612,0.007976672322266051,0.6344107365699704
805779,2024,L,0.27564012403141996,0.08001484538298723,0.2775977466584612,0.007976672322266051,0.6344107365699704
669127,2024,L,0.3191619537220686,0.0856151444067919,0.30362310451091107,0.008235832417940544,0.6025259183245438
687231,2024,L,0.27564012403141996,0.08001484538298723,0.2775977466584612,0.007976672322266051,0.6344107365699704
660758,2024,L,0.27564012403141996,0.08001484538298723,0.2775977466584612,0.007976672322266051,0.6344107365699704
621020,2024,L,0.3424154487640992,0.0888303560723974,0.22590359626995726,0.007863870863395222,0.6774021773556302
665804,2024,L,0.2948145709079867,0.1013437272116232,0.27575535788757666,0.008233652804174896,0.6146672606040647
663538,2024,L,0.3347060546439952,0.07596612536721452,0.11626000080968853,0.007220310066976773,0.8005535652935404
621550,2024,L,0.31994550948980677,0.09033672357158821,0.3353160426477054,0.008351597905823217,0.5659956361781994
678894,2024,L,0.30003701346762274,0.07552088474516065,0.236812078878188,0.007670691269111139,0.6799963445186137
518735,2024,L,0.3240545819024805,0.11343574985308952,0.2699545916144973,0.008214164546614122,0.6083954944264364
669707,2024,L,0.2771007256668524,0.1006001640359993,0.28720316182805017,0.008214659713693773,0.6039820144124972
664774,2024,L,0.31839143301315614,0.11733174687177239,0.2191547482747336,0.01496501940023444,0.6485484851004665
671218,2024,L,0.2983947147080095,0.07798559692342293,0.28055453661706287,0.0079833001519468,0.6334765670865089
666310,2024,L,0.28417396359227526,0.09026276652916188,0.2626466708753253,0.014123486522209893,0.6329670762087501
665926,2024,L,0.270643227429881,0.05645451929279685,0.20658943731929524,0.01290341610486703,0.7240526274625648
691406,2024,L,0.3124903175160491,0.06893244714408502,0.24503829175542954,0.007624754262901193,0.6784045069994604
676356,2024,L,0.26780468858875933,0.06356963008496339,0.2316715225643253,0.007613689938383817,0.6971451587708221
656716,2024,L,0.28746618397437707,0.09074983512016896,0.23952856548832263,0.014345742115148451,0.6553758575284473
650490,2024,L,0.38572193292565987,0.1142518552192084,0.14998395845913573,0.007698119671244064,0.7280660668283554
670764,2024,L,0.29142106190845696,0.11922891616473369,0.23211129559640928,0.008171187472388604,0.6404886024783253
642350,2024,L,0.291615527729451,0.07288418962665316,0.32941455144543325,0.007913777848684649,0.5897874814119299
666163,2024,L,0.26270018460471334,0.09733841750718536,0.32748909963132705,0.014660208712240169,0.56051227468466
500743,2024,L,0.3224249906274454,0.0729641489151184,0.11716491142709867,0.007209943722232567,0.8026609955840954
669257,2024,L,0.3621021015616144,0.10383793857004031,0.1840927053624644,0.008122917216805883,0.70394643906907
669304,2024,L,0.3224843263491817,0.061675146363367475,0.1982402246951013,0.0073553462593634105,0.7327292828059355
643565,2024,L,0.28114297889190437,0.11576008374537057,0.2840039439748355,0.015323858953382771,0.5849121130541577
679032,2024,L,0.2827655416839643,0.05362744120757054,0.22054969331595928,0.007378593790572935,0.7184442724397019
669720,2024,L,0.32335912856400767,0.06350059711359281,0.19161131365854037,0.00730304275032876,0.7375850458016411
683737,2024,L,0.2720224540922761,0.08299311667864408,0.304429368545505,0.014462161467598959,0.5981153523835837
596115,2024,L,0.32730006968707076,0.07531852593760464,0.27503380241218484,0.008130960226483746,0.6415167118204076
680118,2024,L,0.2975815988891657,0.08927165601012597,0.27568569286495626,0.008008092341475084,0.6270345593012159
702358,2024,L,0.27564012403141996,0.08001484538298723,0.2775977466584612,0.007976672322266051,0.6344107365699704
592200,2024,L,0.30242384282502144,0.11979224481239217,0.2572077171652324,0.008113031159564653,0.614887007081911
645444,2024,L,0.268145166382379,0.12507871852486144,0.25622382984898356,0.008359809587002718,0.6103376411958117
672386,2024,L,0.3674385429934697,0.10107400933933078,0.13312768492512947,0.007606006566827975,0.7581922989407153
641933,2024,L,0.34061729530077545,0.0928543437191855,0.2895385672598122,0.00812734277443995,0.6094797462886988
656811,2024,L,0.3069688621020509,0.07780401377300591,0.2605417725226317,0.013769484216825343,0.6478847291617319
643376,2024,L,0.34203128599624666,0.10034647889363363,0.19480759870098827,0.007792059932126901,0.6970538623849116
665953,2024,L,0.27564012403141996,0.08001484538298723,0.2775977466584612,0.007976672322266051,0.6344107365699704
694384,2024,L,0.27013593700684285,0.09821361119967066,0.20998248524752294,0.013979989588980434,0.6778239144289313
656537,2024,L,0.28646864879446415,0.06880404004291805,0.26422167081296133,0.007373681868961486,0.6596006068578005
660644,2024,L,0.28866572336663243,0.08185076330598148,0.19993988532738066,0.007403354847317052,0.7108059968150585
592626,2024,L,0.3160582390842961,0.0760911291647086,0.25523086802740935,0.014028524063438423,0.6546494788210641
656976,2024,L,0.30118419442760846,0.10351369926048616,0.19915809738705761,0.013980758236545253,0.6833474449308824
665487,2024,L,0.3514587540854005,0.08038837293865272,0.24081719990153136,0.007695046441160683,0.6710993803559056
666018,2024,L,0.27421399427728216,0.09020865919572923,0.2580649548182814,0.014622915124399604,0.637103469827665
650391,2024,L,0.34823829045047716,0.05766608556161561,0.21663086169625703,0.007061463461683561,0.7186415888768778
693307,2024,L,0.27564012403141996,0.08001484538298723,0.2775977466584612,0.007976672322266051,0.6344107365699704
702616,2024,L,0.25151318406521,0.08135189099825818,0.3005989456075034,0.014251845365802993,0.6037973179171574
666181,2024,L,0.27534497845489414,0.11265508312874828,0.3222213153238673,0.014556695986053296,0.5505669070845314
666160,2024,L,0.25017533234832495,0.04812959478187538,0.3479822359024844,0.012446749931589018,0.5914414200749969
665161,2024,L,0.32463328861528734,0.057670796778326136,0.19548157080227585,0.007138985018490215,0.7397086465994561
670541,2024,L,0.3796674522570557,0.08529107085781136,0.2320583767865117,0.014277713329342856,0.6683728377859803
676439,2024,L,0.25151318406521,0.08135189099825818,0.3005989456075034,0.014251845365802993,0.6037973179171574
665506,2024,L,0.29105091049336324,0.07389017895551396,0.26413092727923204,0.0077013312863572995,0.6542775638421724
682668,2024,L,0.27564012403141996,0.08001484538298723,0.2775977466584612,0.007976672322266051,0.6344107365699704
669397,2024,L,0.28517081239562914,0.09180201308517127,0.18121328150065585,0.007560038358694918,0.719424667548654
664702,2024,L,0.3142369991776597,0.11744867032552703,0.15010996293847942,0.00791810191396455,0.7245232643165306
608070,2024,L,0.34898122675447507,0.06782188145753504,0.11356716207739487,0.007261511316192403,0.8113494459135621
680718,2024,L,0.25151318406521,0.08135189099825818,0.3005989456075034,0.014251845365802993,0.6037973179171574
642133,2024,L,0.3146479783886825,0.07388198502186752,0.26074524433569957,0.013403043655194062,0.6519697266342117
664034,2024,L,0.34019876377060415,0.07360643601651425,0.1750786042880571,0.00769005518468082,0.7436249041526803
624428,2024,L,0.3034203891671596,0.08997095895359761,0.1463322098842265,0.014327802624183067,0.7493690304409907
682617,2024,L,0.2854917959594664,0.10405107715476256,0.3228156127656124,0.008157102392807966,0.5649762070713802
663898,2024,L,0.33787308508426195,0.07751033750858659,0.198102724147639,0.007450491364798072,0.7169364466342064
620443,2024,L,0.31624292644211005,0.08762816477629734,0.21978593971826293,0.007763399655573973,0.6848224958327166
682177,2024,L,0.25151318406521,0.08135189099825818,0.3005989456075034,0.014251845365802993,0.6037973179171574
686823,2024,L,0.27220653534294764,0.05219442583257466,0.16591171668369922,0.012204810902784111,0.7696890464417874
682928,2024,L,0.27971129137690015,0.05320981038066535,0.2080068761382925,0.012851478901581727,0.7259318354975909
594807,2024,L,0.31928345235259303,0.06667816076423687,0.28251181437190226,0.007994955569771232,0.6428150688433504
642201,2024,L,0.2731133914875187,0.09889954648402471,0.30830062553019705,0.00823531433642153,0.5845645135943466
624415,2024,L,0.2922099537092125,0.13640078091734273,0.28460611712796247,0.015377771930751469,0.5636153306522136
593160,2024,L,0.317483609800743,0.06538043688808856,0.14658569548164418,0.007258328125170258,0.7807755392227462
642708,2024,L,0.30802188948138187,0.049348075932827695,0.1781758774114458,0.007115154564933333,0.7653608922039187
670242,2024,L,0.29098667503916137,0.0981227830395678,0.3574794860073374,0.014884230536480803,0.5295135012117539
595978,2024,L,0.2775083589537011,0.06467651431799457,0.2608433922158668,0.007770173655099515,0.6667099203538193
700932,2024,L,0.25151318406521,0.08135189099825818,0.3005989456075034,0.014251845365802993,0.6037973179171574
677941,2024,L,0.27209864428431874,0.06848403208187642,0.28417348323518243,0.007697392682817567,0.6396450919282252
608701,2024,L,0.33463156034182473,0.11496360927387213,0.21815058925140948,0.008056322029362052,0.6588294800224824
607732,2024,L,0.3113161094443613,0.09512749860116998,0.2031733986927739,0.007744122864861511,0.6939549803138745
681481,2024,L,0.2902837081810634,0.0666765253027108,0.2404294291702399,0.013643061857332642,0.6792509842642254
660162,2024,L,0.3162345815262237,0.09901124148211798,0.28297070259822044,0.008333038888996568,0.6096850171234616
553869,2024,L,0.32305187969565896,0.07450716493833806,0.19223169722003874,0.0076261154069572875,0.7256350232976054
646240,2024,L,0.32984343111226866,0.05261362935421477,0.21666630895730002,0.012936389558471364,0.7177836716009263
670869,2024,L,0.2557908852460117,0.08805911942842133,0.26606446149738544,0.014380056613876395,0.6314963621165303
691723,2024,L,0.27564012403141996,0.08001484538298723,0.2775977466584612,0.007976672322266051,0.6344107365699704
657193,2024,L,0.25763976558584617,0.08003464556601007,0.2626084219724117,0.014710978159390922,0.6426459561103466
680728,2024,L,0.25151318406521,0.08135189099825818,0.3005989456075034,0.014251845365802993,0.6037973179171574
621028,2024,L,0.3139730842454076,0.07606317840771273,0.11788657673568315,0.007162670065284628,0.798887573893549
667452,2024,L,0.31452172217780144,0.0798243492609155,0.2132263885994686,0.007746601122837908,0.6992026610668312
641779,2024,L,0.3097349077009786,0.10377354436294431,0.26938377823179843,0.007932088789156628,0.6189105877821742
663616,2024,L,0.2770254840433992,0.09364348275292332,0.36583388117258325,0.014327784504483972,0.526194851157488
671083,2024,L,0.2943392750686104,0.11108633289850725,0.22704335419435354,0.007835468622368271,0.6540348443377115
572191,2024,L,0.3027115697532951,0.07757397070513387,0.27809618869015,0.008006094004581214,0.6363237468386812
661531,2024,L,0.26311634372679055,0.05835088028147394,0.26155061164700244,0.007839535347255346,0.6722589729779026
682073,2024,L,0.29943932501888737,0.11774159469579512,0.2890642510609043,0.008236454881614954,0.5849576993937186
641645,2024,L,0.29889655263114906,0.1259050027861094,0.17972480435203453,0.015498696154106015,0.6788714976017161
672284,2024,L,0.29295331520082396,0.07781479318350445,0.2803242321645071,0.014050664257481948,0.6278103112513989
592325,2024,L,0.28597601433574,0.0930514071874545,0.270270964650031,0.014728569663462995,0.6219490585793525
677956,2024,L,0.27564012403141996,0.08001484538298723,0.2775977466584612,0.007976672322266051,0.6344107365699704
605244,2024,L,0.27523890810225227,0.0709022455692185,0.28606288218810544,0.007935532247001243,0.6350993399357302
670276,2024,L,0.2649764860618539,0.12175701001526519,0.27188779084017306,0.015183068751676477,0.5911721303825271
673962,2024,L,0.3299228193984648,0.06677032408037872,0.2582542489408736,0.0073522842737355765,0.6676231424785114
695238,2024,L,0.25151318406521,0.08135189099825818,0.3005989456075034,0.014251845365802993,0.6037973179171574
671289,2024,L,0.3064592750342167,0.073280807003335,0.17523520659378608,0.007652997961980637,0.7438309865822876
680757,2024,L,0.30787123865935956,0.11466762480268423,0.12595540285615098,0.014808934294581272,0.7445680372710921
669137,2024,L,0.27564012403141996,0.08001484538298723,0.2775977466584612,0.007976672322266051,0.6344107365699704
676116,2024,L,0.28839585640899046,0.1207753267556488,0.34893680978659036,0.01534536099406764,0.5149425026874263
682641,2024,L,0.3087181059426668,0.08409922461113388,0.16787942280631518,0.007477528973209777,0.7405438221295773
676801,2024,L,0.3135170630848487,0.09817603922001801,0.2568768417176231,0.00798926629413487,0.636957853056781
605131,2024,L,0.306324953650558,0.1256147310785438,0.23838408826815807,0.008270833120136495,0.6277303470621869
662139,2024,L,0.2881274394471246,0.08741338175143633,0.2591648783650216,0.01470763795458424,0.6387141025135689
663897,2024,L,0.2796565403531159,0.08709475366788198,0.2538610614989395,0.008002411631857656,0.6510417735886704
675961,2024,L,0.2636146120319909,0.07946700519877745,0.2838998268755746,0.008036590572672628,0.628596576086297
608671,2024,L,0.25389765090398886,0.12085488294354463,0.2856046665992669,0.014962947398266096,0.5785775044084451
669326,2024,L,0.27564012403141996,0.08001484538298723,0.2775977466584612,0.007976672322266051,0.6344107365699704
656484,2024,L,0.2607215657616458,0.07845412288670449,0.3009366629621267,0.014226592341044028,0.6063826214420827
543685,2024,L,0.3659142162132266,0.10747560488461395,0.16692017860485503,0.007983359417273406,0.717620857873148
643446,2024,L,0.31427005310379663,0.06845886979352075,0.1257981401716313,0.013233284183087191,0.7925097050897575
608385,2024,L,0.3191317039048791,0.10540117031510365,0.1989311604371168,0.014275404033548614,0.6813922639979441
668952,2024,L,0.28140890255431306,0.1056686689867433,0.26465604803975074,0.007818659715048783,0.6218566215517397
666176,2024,L,0.29488326532309134,0.0707521404034506,0.3164751211873468,0.0083022082514661,0.6044705298345191
670156,2024,L,0.28166199784788487,0.12050493001379389,0.2510043966987436,0.015181999785834897,0.6133086733640621
680779,2024,L,0.31311282269936597,0.08951235592514645,0.25634261142379944,0.008081460342208628,0.646063571861769
690291,2024,L,0.25151318406521,0.08135189099825818,0.3005989456075034,0.014251845365802993,0.6037973179171574
678489,2024,L,0.27564012403141996,0.08001484538298723,0.2775977466584612,0.007976672322266051,0.6344107365699704
681460,2024,L,0.27564012403141996,0.08001484538298723,0.2775977466584612,0.007976672322266051,0.6344107365699704
676551,2024,L,0.2664789229834852,0.08551084890996806,0.316415315790359,0.008168134956249906,0.5899057011107625
518934,2024,L,0.3627621210683465,0.09827899070163626,0.14924984912296732,0.007515949864387436,0.744955210406081
608369,2024,L,0.3530854001776641,0.05443899782024521,0.2030340761903022,0.012376147851084053,0.7301507778806368
543510,2024,L,0.30524250471677444,0.06662965720063421,0.2545647887152554,0.007741623296216635,0.6710639318795711
596146,2024,L,0.32765070375851596,0.08343951052565969,0.1897782740233389,0.013655146172588404,0.713127069734823
672701,2024,L,0.24072745421574407,0.05900105910729989,0.2689421926759775,0.013665214092782586,0.6583915335120376
679845,2024,L,0.29853426213278744,0.08002483550680246,0.20456654936091578,0.00743751338087298,0.7079711027951167
642086,2024,L,0.2962926031474217,0.06892927915560067,0.2244102646244566,0.01375848678034949,0.6929019698542422
694355,2024,L,0.27564012403141996,0.08001484538298723,0.2775977466584612,0.007976672322266051,0.6344107365699704
669200,2024,L,0.2706743179545792,0.08112978886099113,0.3001984251411564,0.008076893879555134,0.6105948910958209
669134,2024,L,0.31124231316901657,0.06127222071202483,0.19364747748317024,0.007369795649301355,0.7377105068655726
669369,2024,L,0.26588535135397945,0.08462769487511007,0.27311466281889135,0.007847208940284496,0.6344104313676745
656577,2024,L,0.2589717486201991,0.0633243301178785,0.41219813565553304,0.008244801764556357,0.5162327329908789
642731,2024,L,0.31488087920701524,0.0672732260259451,0.17894574493409304,0.007340031552384868,0.7464409975683148
666152,2024,L,0.2556101621959954,0.1063727721998914,0.28261316345423787,0.014636854812059844,0.5963772094263299
641856,2024,L,0.2840078176529176,0.09562214415201448,0.2657232824932265,0.014574710721172201,0.6240798631733118
686469,2024,L,0.34235029946602413,0.07710163064904937,0.14835357050740333,0.013051703750647575,0.7614930946521401
645305,2024,L,0.276952761717302,0.06988991415451981,0.27823218502235414,0.0077373570537332724,0.6441405443271113
669743,2024,L,0.3232893631511938,0.1282309857639767,0.19615970342655192,0.008310356488727876,0.6672989538084565
575929,2024,L,0.3315990491557449,0.08174374757013239,0.2523889815520054,0.007935839073340695,0.6579314324193458
609280,2024,L,0.32364216777912713,0.04969485733568291,0.14772091834119,0.0069363767839685795,0.7956478468371343
656413,2024,L,0.2910302164651342,0.10983918614064517,0.2961592895613481,0.008199143763765676,0.5858023808791275
678225,2024,L,0.26808038758907354,0.09189997494124186,0.26924660198788347,0.014794187223882538,0.6240592359352262
623520,2024,L,0.3190549301249214,0.0853780727481129,0.2862688909336577,0.008123728742940322,0.6202293075503617
595879,2024,L,0.30869319699932907,0.040640978160621184,0.2708732977365243,0.0071109894618485115,0.6813747356741958
672724,2024,L,0.2875435930052384,0.09749504780127138,0.2595206998748699,0.007965949082801278,0.6350183044701444
656180,2024,L,0.31127596710976857,0.0971789740323479,0.2859928333338934,0.008418148201476542,0.6084100446790872
647351,2024,L,0.3193894265301355,0.07560733820730639,0.17728110292335778,0.007657456478289352,0.7394541016486118
669222,2024,L,0.3186441191790292,0.08214535846859482,0.19288902239409464,0.007432279575847724,0.717533338899758
694175,2024,L,0.27564012403141996,0.08001484538298723,0.2775977466584612,0.007976672322266051,0.6344107365699704
663905,2024,L,0.27046477641747935,0.06500003053780556,0.2785264910309918,0.012963406564196044,0.6435100726570009
686527,2024,L,0.27490217720770893,0.05502277304253246,0.25479797325899944,0.013171900062649036,0.6770073538905071
600869,2024,L,0.32163454174563,0.08168197625401961,0.20968869515511615,0.007809008242858749,0.7008203190471232
673490,2024,L,0.32223418595898357,0.11666522701324564,0.18991686249400996,0.008122036954316904,0.6852958728050429
672012,2024,L,0.25151318406521,0.08135189099825818,0.3005989456075034,0.014251845365802993,0.6037973179171574
663647,2024,L,0.3508293398995686,0.08010739845781432,0.17549543193127495,0.007629509751467897,0.7367676591442456
663586,2024,L,0.36669804638528924,0.06863263942050118,0.2394099474101011,0.007727214480015983,0.6842301979545882
676632,2024,L,0.25564766869958333,0.08643178285505866,0.30849557451073817,0.014164956824073814,0.5909076851925394
678554,2024,L,0.2971073017971952,0.07275594551914334,0.21945460659815091,0.007608407025975161,0.700181039466654
677950,2024,L,0.2810236185241706,0.07403116702605964,0.22169028259069345,0.013606888804730134,0.690671661439342
592178,2024,L,0.34485761945118604,0.09405297375729894,0.23409971341511118,0.007891985239436189,0.6639553269658338
665966,2024,L,0.27564012403141996,0.08001484538298723,0.2775977466584612,0.007976672322266051,0.6344107365699704
669357,2024,L,0.30384187105351307,0.08060619499005581,0.3358709454192302,0.013809235807474536,0.5697136239740482
668723,2024,L,0.2777108550715605,0.07303048641679552,0.2629251798222839,0.007797456052574973,0.656246878337866
669208,2024,L,0.27564012403141996,0.08001484538298723,0.2775977466584612,0.007976672322266051,0.6344107365699704
623912,2024,L,0.32561922113046576,0.04422801507221573,0.1712654087287412,0.007180130752224473,0.777326446989818
656883,2024,L,0.2774732082305486,0.07269684221820383,0.27429562159801074,0.007907665398466462,0.6450998707297562
686894,2024,L,0.30446568603271357,0.09346383529680936,0.26402975471236806,0.007947094594711867,0.6345593142443741
670224,2024,L,0.25151318406521,0.08135189099825818,0.3005989456075034,0.014251845365802993,0.6037973179171574
624503,2024,L,0.28583093296030226,0.0505750442649793,0.22986501416036204,0.013513445234926291,0.706046496121396
650859,2024,L,0.31528570965143954,0.06589719441983094,0.16557401178790931,0.007145868397294983,0.7613829265220068
805373,2024,L,0.27564012403141996,0.08001484538298723,0.2775977466584612,0.007976672322266051,0.6344107365699704
681584,2024,L,0.3012022407463631,0.11507800416590526,0.2853147942002157,0.008272340334801467,0.5913348613676002
695391,2024,L,0.27564012403141996,0.08001484538298723,0.2775977466584612,0.007976672322266051,0.6344107365699704
543063,2024,L,0.2893356913571091,0.06647087016734157,0.23177662110229533,0.013422720480481664,0.6883297896162752
687799,2024,L,0.2731411936222048,0.09274373010087199,0.2949818066378346,0.014226827368615021,0.5980476350702244
682988,2024,L,0.27564012403141996,0.08001484538298723,0.2775977466584612,0.007976672322266051,0.6344107365699704
642197,2024,L,0.27564012403141996,0.08001484538298723,0.2775977466584612,0.007976672322266051,0.6344107365699704
641432,2024,L,0.3167547523709403,0.0713138859265466,0.1621402832290225,0.01345017337288159,0.7530956577674107
592696,2024,L,0.2830190823117761,0.039767589809986376,0.19155319277623112,0.010673997271445294,0.7580052211954206
681546,2024,L,0.2860739843395528,0.1009189610385977,0.3373245653957905,0.01514881176997488,0.5466076619472318
613564,2024,L,0.2692537862176281,0.08509468149994794,0.31139594781460295,0.0141136429950704,0.5893957264925019
621466,2024,L,0.28317311958366365,0.09034170155163451,0.29745115998387917,0.014664762232414362,0.5975423762660715
671221,2024,L,0.2864401308739701,0.07568502498523816,0.2936564460776665,0.007685328498918172,0.6229732004060908
605204,2024,L,0.3327072293296816,0.09308559671180348,0.2678745908796906,0.007923714041983113,0.631116098124584
527038,2024,L,0.32801819160790535,0.07459998029656408,0.13765408602465495,0.007675370268952617,0.7800705624372137
663330,2024,L,0.3053618501743214,0.1153329636385598,0.27234636344816815,0.008256702213942457,0.6040639708543745
592885,2024,L,0.32893589675473267,0.08920330509976694,0.24196135146824543,0.014317991514529853,0.6545173515145384
660636,2024,L,0.29718793763192275,0.08063906136963211,0.21695351767951931,0.007688211602208101,0.6947192099098842
665856,2024,L,0.27564012403141996,0.08001484538298723,0.2775977466584612,0.007976672322266051,0.6344107365699704
649557,2024,L,0.33371218360126076,0.06803615914020399,0.1530322899996521,0.007216259882252867,0.7717152912497532
669374,2024,L,0.29775736558288696,0.09202387126946916,0.3670697138025961,0.00859475037249321,0.5323116638469582
622761,2024,L,0.3144366993227669,0.0691119059104158,0.23069051314966146,0.0076132846839534665,0.692584297103605
656248,2024,L,0.3029649623959001,0.10173733446948915,0.26533620531312774,0.00809376344321633,0.6248326970528588
624512,2024,L,0.2670995756723931,0.07747752513723541,0.22032334781111915,0.012859401408080786,0.6893397257217468
621458,2024,L,0.2731566860856784,0.06947888124303897,0.3494972605609602,0.013830558695288434,0.5671932988065644
642851,2024,L,0.2924216765411926,0.08549844688849033,0.21325999304358242,0.008037610371208738,0.6932039511586517
621512,2024,L,0.2764174393147384,0.04615532694132178,0.26468672887465844,0.007238188145231358,0.6819197562340004
669261,2024,L,0.30739943301317074,0.11869801102580577,0.3154822074624129,0.015246841289119855,0.5505729396031717
664901,2024,L,0.292740690961615,0.10474957668220954,0.2211908987739725,0.008268656288362626,0.6657908672943214
665561,2024,L,0.27081595998649427,0.062146507705587814,0.2098338537604639,0.007287005569507362,0.7207326323526883
672744,2024,L,0.2729610651474207,0.07066104406689583,0.2964843640266504,0.007967786908622414,0.6248868061469616
668800,2024,L,0.2972345237166495,0.06668901650312876,0.22787553671010896,0.007511579445421954,0.6979238675449602
666182,2024,L,0.3830302523390146,0.06058031396174936,0.1812559844849167,0.007364792326348516,0.750798908064896
681962,2024,L,0.2737292441351229,0.10429342730331136,0.2615409735285613,0.008313224311118085,0.6258523758465222
658668,2024,L,0.31268402502188536,0.07396316760212059,0.17676740457643123,0.007591564859232345,0.7416778628675994
605361,2024,L,0.2863693384415234,0.10608075649923747,0.2313269622485933,0.014491368457946251,0.6481009123997843
663550,2024,L,0.23419634999765568,0.05295745727233162,0.3879771832002455,0.012982298853140445,0.5460830612420384
593934,2024,L,0.36221815455654527,0.09836802585183438,0.3155070020540172,0.008314618729729398,0.5778103545311968
672356,2024,L,0.2971373656329468,0.07297010487413273,0.3163246312057236,0.007661895227462091,0.6030433694403607
608841,2024,L,0.33459542295960654,0.06240674699417056,0.18785571897353132,0.007587903713812664,0.7421496297249159
455117,2024,L,0.29079772722193736,0.0983976574351555,0.2861619318059769,0.00825762600472182,0.6071827850331893
668731,2024,L,0.26035119902610004,0.08894608633215804,0.2912071436848736,0.014082476476351757,0.6057642927539831
670097,2024,L,0.300317057932395,0.12757146225386456,0.27447724242622934,0.008527238593478148,0.5894240564051363
673995,2024,L,0.27564012403141996,0.08001484538298723,0.2775977466584612,0.007976672322266051,0.6344107365699704
621311,2024,L,0.25404955008751834,0.05291944686937399,0.3097316864059758,0.01230112280258557,0.6250477433250095
641313,2024,L,0.30255300326453977,0.04402121951672337,0.22369191387690235,0.007294595858415448,0.7249922689423313
682119,2024,L,0.27564012403141996,0.08001484538298723,0.2775977466584612,0.007976672322266051,0.6344107365699704
677942,2024,L,0.27564012403141996,0.08001484538298723,0.2775977466584612,0.007976672322266051,0.6344107365699704
664954,2024,L,0.26320028347554647,0.08281396110646426,0.2507600995370625,0.01396729218273135,0.6524586483557919
571466,2024,L,0.2622928299209882,0.09612541831549432,0.2617338715077948,0.014775557917980768,0.6273651528814513
669450,2024,L,0.2953893800757249,0.1194868964524963,0.2724466462910767,0.00810526571973784,0.5999611907219786
657088,2024,L,0.261970269054273,0.09256894299770077,0.2703084214617829,0.014427785591980224,0.6226948510717496
641511,2024,L,0.2763437839494238,0.08868740929635774,0.255082995612958,0.008127112666935133,0.6481024831520393
666703,2024,L,0.2699909169720229,0.0903673225883166,0.27012662721276826,0.00812530049282432,0.6313807493369529
671286,2024,L,0.27564012403141996,0.08001484538298723,0.2775977466584612,0.007976672322266051,0.6344107365699704
676369,2024,L,0.31262803100374675,0.0918461750009221,0.3132133159944028,0.00791387727863026,0.5870266318745395
666915,2024,L,0.3130605570427175,0.07586454084528696,0.3222346768836185,0.007996717455676972,0.593904064626266
676701,2024,L,0.27722271969350193,0.07400106979845397,0.23733026949007552,0.0077058429874604355,0.6809628176627822
660707,2024,L,0.28767800841085284,0.057222405474662154,0.2895841027735351,0.007636135586064988,0.6455573547137347
691182,2024,L,0.27564012403141996,0.08001484538298723,0.2775977466584612,0.007976672322266051,0.6344107365699704
669087,2024,L,0.2926489044136821,0.06941820073179203,0.33907836548424763,0.007533712475957633,0.5839697204745327
693049,2024,L,0.27990788467704425,0.0546575056542265,0.281387806853729,0.013284369307738185,0.6506703167616
543228,2024,L,0.31953749260420417,0.054401213855974115,0.2108831382143241,0.007368254986162004,0.7273473919251442
664874,2024,L,0.26867740645110477,0.0921584301306947,0.3373428226017775,0.008525487335031652,0.5619732596086289
605119,2024,L,0.32785232847273815,0.08714217359911888,0.24090592761896934,0.007861840241412064,0.6640900579409522
640492,2024,L,0.2915679611255052,0.04686085196109755,0.22513292622514505,0.007035910971675584,0.7209703105389902
547989,2024,L,0.35308333723894497,0.05532298526886018,0.22339920711968492,0.0081269170258636,0.7131508908964139
686554,2024,L,0.25151318406521,0.08135189099825818,0.3005989456075034,0.014251845365802993,0.6037973179171574
643265,2024,L,0.3491051168393841,0.06859116714888706,0.23009819728538264,0.0073131929407666,0.6939974439570713
677347,2024,L,0.273258826097294,0.0925947100637429,0.3066725070794226,0.008184709165099693,0.592548073741989
657061,2024,L,0.2596858109589275,0.08785174425623313,0.2780217048295751,0.007902246669518874,0.6262243037140132
668752,2024,L,0.25151318406521,0.08135189099825818,0.3005989456075034,0.014251845365802993,0.6037973179171574
674441,2024,L,0.25151318406521,0.08135189099825818,0.3005989456075034,0.014251845365802993,0.6037973179171574
621545,2024,L,0.24845193967660942,0.08919985751275777,0.2871896692769153,0.008236093392323035,0.6153743790976957
680911,2024,L,0.310758551960843,0.07481729447570451,0.18998288522137874,0.007599825640867897,0.7275999969625564
553882,2024,L,0.28910990384504165,0.09942442390675858,0.21052227772239668,0.01486194089676122,0.6751913584446816
683146,2024,L,0.29217660043019217,0.08300320093521625,0.27622532098267616,0.014003234513375888,0.626768243736833
667428,2024,L,0.27564012403141996,0.08001484538298723,0.2775977466584612,0.007976672322266051,0.6344107365699704
663611,2024,L,0.3153630122770573,0.08870218500545296,0.09459755672611872,0.007436888044673589,0.8092633695486828
663630,2024,L,0.28845242804035154,0.09876052258283183,0.316796366229379,0.008047668916572692,0.5763954418216368
660670,2024,L,0.3881175492004657,0.10414657670890745,0.22347481985556045,0.00812420866318553,0.6642543948360768
645801,2024,L,0.2984624685002789,0.10647573715961231,0.27586778948559476,0.014191051734368606,0.603465420996944
664314,2024,L,0.2583969831945897,0.09014801220155537,0.32558764985466204,0.014035488449070418,0.5702288502214393
669699,2024,L,0.25127659605275465,0.07272634444586477,0.29977899648714673,0.013909944676397267,0.613584715616343
665923,2024,L,0.2691647551031782,0.07556575061310726,0.21711877598058027,0.007535206438561348,0.6997802669520273
542364,2024,L,0.2883725045104154,0.09227869560331725,0.2011177217758991,0.014453458167397843,0.6921501230737839
596129,2024,L,0.3033642855694512,0.12387715693667857,0.2786061049677346,0.015227463543894591,0.5822892734110593
592348,2024,L,0.29264240202290737,0.08263655596901871,0.27672019490586003,0.007860343756212383,0.6327829044900836
621563,2024,L,0.2824742223721957,0.07658813796406572,0.1899916118958441,0.013402617443935297,0.7200176311320592
664059,2024,L,0.2837146468198772,0.09666060109825168,0.25694861645085054,0.00796553506558352,0.6384252469292657
666165,2024,L,0.2660553011759154,0.08049664497763385,0.35079928291107815,0.012809271551858336,0.5558948002713909
694497,2024,L,0.2667072327696289,0.11574394956272654,0.31851778242303697,0.015059896500291912,0.5506783712706262
501303,2024,L,0.28949497674163943,0.09456785517447265,0.18647569759660632,0.007639876470171514,0.7113165694271335
808982,2024,L,0.25151318406521,0.08135189099825818,0.3005989456075034,0.014251845365802993,0.6037973179171574
644433,2024,L,0.2710903070685169,0.05806169674235967,0.2714382635102617,0.007348163254571579,0.6631518773964854
687952,2024,L,0.3186525103315255,0.0616129715121135,0.274749733877812,0.00783472031081716,0.6558025733677603
608596,2024,L,0.30160776817655355,0.0844887199123084,0.31764423839623185,0.008308536868029449,0.5895585040948582
666135,2024,L,0.28948598628028005,0.06703564862551235,0.23097621353932346,0.013711658413830168,0.6882764789141663
545361,2024,L,0.38500634954348645,0.11611831961402014,0.2493387169643676,0.008525525905654157,0.6260174377804446
543305,2024,L,0.32460005012164644,0.09637485076022226,0.21167287741015345,0.007652868512362869,0.6842994041780218
666211,2024,L,0.2556737376016077,0.09406232442325507,0.36077491642096876,0.014512099483775215,0.5306506600495898
670223,2024,L,0.27866452048450585,0.07539713573387496,0.3088059891693364,0.014095540204508766,0.6017013346510921
541645,2024,L,0.31536971517744866,0.05429289791067382,0.2635480510118054,0.007355502959872466,0.674803546230537
622569,2024,L,0.3195590584779522,0.09798552771638665,0.18720055905486874,0.008041776516134587,0.7067721364069778
669352,2024,L,0.2645494953868592,0.07805889256086357,0.26470734987848327,0.007661627193747062,0.6495721313108641
664058,2024,L,0.30784784763545064,0.09343800119430336,0.08860780415479047,0.0071448639560187386,0.8108093303410494
688363,2024,L,0.25151318406521,0.08135189099825818,0.3005989456075034,0.014251845365802993,0.6037973179171574
650907,2024,L,0.2980854591387212,0.07432346491749561,0.29571845407753894,0.008108274216228915,0.621849805976911
607054,2024,L,0.2823540884005504,0.11486588374822289,0.2485621714847246,0.015007640359291433,0.621564305627879
676946,2024,L,0.28125247935189096,0.09558582416797143,0.23993416440142726,0.008011792655838283,0.656468218089112
665120,2024,L,0.29482548157619043,0.07371251405563466,0.2616218849901264,0.013146444373077491,0.6515191575523518
669392,2024,L,0.26808580414637245,0.07742032449638697,0.2696249224305521,0.00793351325965989,0.6450212395360667
668853,2024,L,0.25151318406521,0.08135189099825818,0.3005989456075034,0.014251845365802993,0.6037973179171574
518595,2024,R,0.31976846498642264,0.07120829380231188,0.2082374358569711,0.013018338656356472,0.707535931684527
657656,2024,R,0.3095414419953849,0.08958797863907038,0.2628835619697942,0.014485240702610562,0.633043219103298
642201,2024,R,0.2609675692674047,0.09476270326342665,0.3223917037867641,0.014223558313034798,0.5686220341664937
621566,2024,R,0.38383394632525,0.10081094155311061,0.24485909772943645,0.008749745991163299,0.6455802151139031
657193,2024,R,0.2876279592387683,0.08518215958705914,0.23975696464534957,0.00855339165156813,0.6665074835367645
578428,2024,R,0.2912037296673239,0.053771841917193496,0.13256468409944144,0.012650339523048636,0.8010131349100619
596019,2024,R,0.34517176219054607,0.0757892863370695,0.16156450488138463,0.00818606493735236,0.754460144478314
516782,2024,R,0.31175511718073423,0.048402164238460874,0.19728208167791697,0.013400100624794537,0.7409156534655895
682626,2024,R,0.3239594431594258,0.09026222276165606,0.26608982663809605,0.013640219755563903,0.6300077304763868
542303,2024,R,0.35466145642001234,0.0639999620466668,0.21128643475202377,0.013125776922758854,0.7115878262739844
645277,2024,R,0.3179061911888898,0.05613042582430122,0.19093813637767246,0.007976030428563383,0.744955407160105
671739,2024,R,0.35047656603586247,0.060705569107314145,0.2075333267635003,0.007780845023449667,0.7239802593604024
672284,2024,R,0.3308634677659953,0.09099879181860843,0.25455230853390437,0.008522354397541107,0.6459265449592106
570482,2024,R,0.32720946844433374,0.05634536018825813,0.18107791203341958,0.012662594604244577,0.7499141333585823
607043,2024,R,0.3450827296245968,0.14821351987954412,0.22679880881301642,0.008923176552733385,0.6160644942014393
668901,2024,R,0.2983447868707074,0.06159539539646075,0.29358210002615,0.013280331300030273,0.6315421729561175
621438,2024,R,0.30218468669300474,0.06488233349512154,0.23631990387281526,0.01339213746042176,0.6854056248210056
502110,2024,R,0.3514820321601962,0.06973550563253006,0.2642760927374331,0.013211288765733131,0.6527771125542942
624413,2024,R,0.35716456752101483,0.065640072168237,0.23785653472674953,0.013720268919766012,0.6827831251629304
606115,2024,R,0.29000973766171545,0.0641901751955415,0.20204526963393601,0.013110740568885348,0.7206538144059086
624585,2024,R,0.34224134286478863,0.08955402812206349,0.27341217100213705,0.014055735749161849,0.6229780647771505
664056,2024,R,0.2884975350414746,0.08191911407557648,0.2539618792818115,0.014094101067822416,0.650024904562846
682668,2024,R,0.26120505044732245,0.07560993262885564,0.2937815497287315,0.013746930452170174,0.6168615869054609
620443,2024,R,0.3013703604499442,0.09030857830065447,0.2416042558239468,0.01386725990138968,0.6542199063357542
669221,2024,R,0.336778368061574,0.08776779595077623,0.22352132523033888,0.013579950692607838,0.6751309274968593
444482,2024,R,0.3473573462457009,0.07868941487468324,0.18742004546186083,0.007815439472336152,0.7260751006736508
630105,2024,R,0.34098196003865733,0.10160591721209127,0.16222162647551333,0.008158712279797276,0.7280137443207241
665487,2024,R,0.34625655760233104,0.06471251212826469,0.23761007957852268,0.01302185918575692,0.6846555488980883
553993,2024,R,0.31715386057862144,0.09552767322557126,0.27888137947877034,0.014815274085313948,0.6107756732553553
545341,2024,R,0.32594908435731734,0.051677517682839985,0.24855596100819474,0.013053451737587356,0.6867130692919823
572233,2024,R,0.33871373830612383,0.08534750973490735,0.23367806714998537,0.014011971719239206,0.6669624513272486
666971,2024,R,0.3347789006261394,0.06469756108588294,0.17711047755647297,0.012667013761872991,0.745524946126821
682998,2024,R,0.3539153874469323,0.10388660369011994,0.20590109360539013,0.008489733330129196,0.6817225695732227
456781,2024,R,0.3163330999646244,0.07379982485490989,0.21383290232176147,0.01374096275228406,0.6986263100156517
663604,2024,R,0.26120505044732245,0.07560993262885564,0.2937815497287315,0.013746930452170174,0.6168615869054609
642180,2024,R,0.2780080007021775,0.11196729137070646,0.24309559766320188,0.008719997766656922,0.6362171134568217
606466,2024,R,0.3312365819311874,0.0912652105055168,0.17052109398537643,0.008174780140346321,0.7300389154007242
672695,2024,R,0.30452798621973726,0.14303726779043566,0.20419218730217642,0.008972225191749323,0.6437983193662588
672515,2024,R,0.3220417654740198,0.09700795540242711,0.18869470207015196,0.014590610216770489,0.6997067318755742
664983,2024,R,0.2894155716459999,0.08445769856149636,0.2163404060928318,0.008061338274624349,0.6911405575534307
553869,2024,R,0.3051965619753765,0.07189800802198307,0.2141000911658209,0.013704925524373433,0.700296975673173
605113,2024,R,0.2757119570530187,0.06428082451459528,0.21594159234677557,0.012897070896860636,0.7068805122265476
701538,2024,R,0.28686096405434175,0.09020142029342275,0.26784544740769023,0.00857519052012538,0.6333779411308454
650333,2024,R,0.3547361493474376,0.09820356382312882,0.0770708504654677,0.007908605408943451,0.8168169805090102
592669,2024,R,0.3144253047871907,0.06414168388493041,0.2585562457973851,0.01296385003594303,0.6643382200529369
677951,2024,R,0.3421416652694044,0.05795543066706528,0.19756220823626994,0.012626918856813092,0.7318554422678597
502054,2024,R,0.34195253983242097,0.1141545076501229,0.2504374077642068,0.01458645917077623,0.6208216255879079
664728,2024,R,0.32509068503353034,0.0897528413048715,0.20321451084274667,0.008058643003094276,0.6989740048213353
672580,2024,R,0.33149069325925246,0.1025834790023031,0.20724220262550352,0.01351937565448308,0.6766549422166362
666023,2024,R,0.29706070586390676,0.06966772435467507,0.2273494114638007,0.012834824729379737,0.6901480398104151
669004,2024,R,0.345595763779664,0.11414888391444583,0.25723206184827985,0.008771523042479124,0.6198475309099079
493329,2024,R,0.33363703978058673,0.061922455378921146,0.10980065684750696,0.012101534664220185,0.8161753531220101
686681,2024,R,0.32915525871962786,0.06124879591940725,0.21689980548569934,0.008008315150124616,0.7138430832168841
680700,2024,R,0.32414052991002046,0.107491158747787,0.16468259818771858,0.00838438289502936,0.7194418601656538
686482,2024,R,0.28686096405434175,0.09020142029342275,0.26784544740769023,0.00857519052012538,0.6333779411308454
676609,2024,R,0.26257266287020387,0.10276811815988073,0.267311213456511,0.01484351160130383,0.615077156941528
666185,2024,R,0.2949800768957403,0.09811656385765644,0.23801689003472326,0.008768374881793082,0.65509817161183
686765,2024,R,0.28686096405434175,0.09020142029342275,0.26784544740769023,0.00857519052012538,0.6333779411308454
677800,2024,R,0.3152596085410489,0.10165551927206945,0.29035863009946733,0.008844379797279991,0.5991414705647766
657136,2024,R,0.28384035373594413,0.06717993337408444,0.3034318957714013,0.013985439432808838,0.6154027315336164
671213,2024,R,0.3528747360979782,0.1143128952864525,0.2389149088260361,0.008548872460197974,0.6382233241790896
676356,2024,R,0.25693836261464703,0.06094616210372329,0.24021822141923513,0.013154278316118205,0.6856813382450094
666139,2024,R,0.325007177456159,0.08341837737028729,0.2390941336468353,0.008282462991855248,0.669205024655338
666624,2024,R,0.29487789793967006,0.07864287756604771,0.33905601733791224,0.013322687914945387,0.5689784168697612
666018,2024,R,0.3077913262194689,0.09981259283093728,0.24356174824097085,0.00864142418287059,0.6479842339853651
691406,2024,R,0.29859787107689,0.06631579416930865,0.25895657911239495,0.013025152952173068,0.6617024732672613
665839,2024,R,0.3197120215253433,0.09484294104003149,0.20542401545533404,0.008608520558744856,0.6911245222976345
681508,2024,R,0.28686096405434175,0.09020142029342275,0.26784544740769023,0.00857519052012538,0.6333779411308454
678882,2024,R,0.2768505725819128,0.059790110240358095,0.2745523067731595,0.013176497777928153,0.6524810849894787
687093,2024,R,0.28277214373885834,0.06248494688470693,0.21369334893331596,0.01313504839395323,0.7106866554850811
680776,2024,R,0.32605927480340585,0.09151124019709046,0.22382303635358217,0.008040623678562215,0.6766251002807593
683737,2024,R,0.3095554048421327,0.09738964612400094,0.2814297376513481,0.008731954947584518,0.6124486615392367
673548,2024,R,0.34491378273948226,0.1194501583216427,0.2340502766966363,0.01530626507379583,0.6311933005571575
663538,2024,R,0.3200545857066254,0.07618498034888403,0.13188554644884212,0.013176033095565432,0.7787534402424827
664023,2024,R,0.3287401353869294,0.11518939403022553,0.2779940582385049,0.008834830872701496,0.5979817168370354
670770,2024,R,0.3207136336971046,0.11950665756236868,0.18188966643919202,0.008686709164713506,0.6899169675966313
668715,2024,R,0.3056622133419074,0.10317574211172058,0.24475493999725603,0.014655812103134633,0.6374135056861859
663886,2024,R,0.3149624589095844,0.11026375161281947,0.2429151083486781,0.01416267005484514,0.6326584702179219
682829,2024,R,0.3235372499063393,0.09065041062591794,0.2853853341933586,0.008513363491948894,0.6154508922016859
663697,2024,R,0.31229145465636415,0.11371709840768772,0.23953466174740531,0.01508485719659717,0.6316633828768317
571912,2024,R,0.2804536052597646,0.08968882192425945,0.2590298351112236,0.014320116350189906,0.6369612267316866
676679,2024,R,0.26120505044732245,0.07560993262885564,0.2937815497287315,0.013746930452170174,0.6168615869054609
643565,2024,R,0.315635850845913,0.1352130389616793,0.2546835496328543,0.009090633608550076,0.6010127778869915
542194,2024,R,0.29272024102750366,0.04241873744585812,0.25342751674558833,0.01201251169492422,0.6921412337150704
682622,2024,R,0.2920703492590149,0.07590550897537007,0.25255013740769705,0.01334021560526287,0.6582041375315113
641584,2024,R,0.30940353280901417,0.10606387066026986,0.23240999633300122,0.008637310069882716,0.6528888233138808
664034,2024,R,0.3292231160630263,0.07396312938022116,0.1817621940143323,0.013649819527432916,0.7306248573333654
691718,2024,R,0.27143613588509113,0.08932601571661784,0.3312303599298402,0.008841311567714725,0.5706023132135625
670623,2024,R,0.3221444089102154,0.09343919305472383,0.1621320526071236,0.014072573042434377,0.730356181517933
682634,2024,R,0.26120505044732245,0.07560993262885564,0.2937815497287315,0.013746930452170174,0.6168615869054609
668845,2024,R,0.26120505044732245,0.07560993262885564,0.2937815497287315,0.013746930452170174,0.6168615869054609
595909,2024,R,0.29758121712094854,0.08271521002227179,0.2946948239046214,0.008545111357525642,0.6140448537724351
656541,2024,R,0.30179324913414324,0.1110481233228607,0.34871757991503627,0.009092592259235434,0.5311417048087775
666134,2024,R,0.3261095741440883,0.10825395361987618,0.31120835562585575,0.009021972501207636,0.5715157189460639
571771,2024,R,0.320386078047892,0.07765136420886669,0.2060067497412642,0.013653804675774742,0.702688081217321
669242,2024,R,0.3031554980189619,0.08969450862071109,0.17335075495695582,0.007937598562249468,0.7290171383420494
571970,2024,R,0.36616124223019475,0.15239025255477026,0.2642136819712337,0.0093122861147988,0.5740837790957829
669911,2024,R,0.29242001992493655,0.09606901634577472,0.331569205449821,0.008519781335130263,0.5638419968343645
641857,2024,R,0.3262927829048603,0.10061926425158935,0.2960297867694203,0.008737695197187749,0.5946132532326482
678662,2024,R,0.29434169156620155,0.049583805684125466,0.26242886279467786,0.013185030298537844,0.6748023008646857
606192,2024,R,0.3337082089410215,0.07292427871804753,0.27822784732079076,0.013854362059818447,0.6349935121643895
681546,2024,R,0.3177753012133391,0.12493090619964385,0.3299068463340916,0.009196445720759557,0.5359658018471103
660271,2024,R,0.3922700118632123,0.09482839078624229,0.24797033818686265,0.008224869502033029,0.648976401841023
605131,2024,R,0.29820049478807803,0.12256626585259311,0.24653743245547974,0.0149224340639771,0.6159738679015054
681624,2024,R,0.26120505044732245,0.07560993262885564,0.2937815497287315,0.013746930452170174,0.6168615869054609
621035,2024,R,0.3001986211456023,0.11024711466270923,0.2998710313623736,0.01484186313841146,0.5750399900199351
687597,2024,R,0.26120505044732245,0.07560993262885564,0.2937815497287315,0.013746930452170174,0.6168615869054609
691011,2024,R,0.28686096405434175,0.09020142029342275,0.26784544740769023,0.00857519052012538,0.6333779411308454
605141,2024,R,0.36165451228721696,0.1032550913808493,0.14710776774172235,0.014339868130445372,0.7352972723431016
453568,2024,R,0.32813914965133056,0.06400418983242989,0.18246961846301193,0.00800230945690847,0.7455238827082727
681481,2024,R,0.3250219436958597,0.07309225346516011,0.2294066324923925,0.008343857387083488,0.6891572568392758
678009,2024,R,0.32484082527793445,0.10458401980486824,0.23429499102285106,0.008648153659899717,0.6524728358222692
656716,2024,R,0.31954358499036106,0.09731907240028946,0.21085936593306168,0.008368349400984312,0.6834532129486736
676070,2024,R,0.2653253582622105,0.07195793940695044,0.26289645099940273,0.013425188686244007,0.6517204217306298
666150,2024,R,0.2955192732473027,0.0877482335884917,0.22496835737730947,0.00835286206395172,0.6789305471669527
686676,2024,R,0.2666403826326024,0.0595281025553554,0.272533074553609,0.012777732918765846,0.6551610897185829
700242,2024,R,0.28686096405434175,0.09020142029342275,0.26784544740769023,0.00857519052012538,0.6333779411308454
679529,2024,R,0.34299854798384355,0.09052453857720501,0.22599432502323547,0.014052255933344113,0.6694288796752488
690291,2024,R,0.28686096405434175,0.09020142029342275,0.26784544740769023,0.00857519052012538,0.6333779411308454
672761,2024,R,0.28686096405434175,0.09020142029342275,0.26784544740769023,0.00857519052012538,0.6333779411308454
682985,2024,R,0.34870184520637826,0.09591582628548925,0.25222723924174867,0.008576791203103888,0.6432801435209102
663837,2024,R,0.32917657161415376,0.08708247274288206,0.19605175706615566,0.014221708457338394,0.702644061182618
682868,2024,R,0.26120505044732245,0.07560993262885564,0.2937815497287315,0.013746930452170174,0.6168615869054609
672820,2024,R,0.2859332585309722,0.052072723542598044,0.22182076720664792,0.01300373943035985,0.7131027701064647
683734,2024,R,0.33174379636956947,0.06854482403387248,0.18552019042382054,0.013166554905107278,0.732768429482728
676113,2024,R,0.28686096405434175,0.09020142029342275,0.26784544740769023,0.00857519052012538,0.6333779411308454
673357,2024,R,0.32625759560757794,0.04356184426514241,0.2571520649201514,0.012318565655091677,0.6869675245943616
668670,2024,R,0.2793602960529746,0.10397940200950272,0.320552470906428,0.01441461660876734,0.5610535101944587
678246,2024,R,0.30983111202865293,0.11167417744694534,0.21337473893019981,0.014461235363632443,0.6604898481096005
690993,2024,R,0.28686096405434175,0.09020142029342275,0.26784544740769023,0.00857519052012538,0.6333779411308454
694359,2024,R,0.28686096405434175,0.09020142029342275,0.26784544740769023,0.00857519052012538,0.6333779411308454
672569,2024,R,0.28686096405434175,0.09020142029342275,0.26784544740769023,0.00857519052012538,0.6333779411308454
642136,2024,R,0.3184809103507265,0.13091254538142713,0.2797124428799815,0.00880073447544728,0.5805742772742613
592273,2024,R,0.3044187814210472,0.06421296704206912,0.24071153824217942,0.01335395571850539,0.6817215386443395
607680,2024,R,0.30185362307518354,0.04157242032817699,0.17557881136634956,0.012240094808110117,0.7706086734535753
665750,2024,R,0.3211061103302695,0.08972733802128169,0.23760441744186772,0.008150073326118154,0.664518171144885
641680,2024,R,0.3336889135113207,0.0832971840372992,0.1882550987666878,0.00829611023754853,0.7201516071666286
663993,2024,R,0.3697284054732006,0.11770198698521007,0.2120402849316895,0.008479734523602499,0.6617779931210733
694671,2024,R,0.26120505044732245,0.07560993262885564,0.2937815497287315,0.013746930452170174,0.6168615869054609
669701,2024,R,0.31814339022841537,0.1243942299654853,0.23946295323916514,0.008719637354864506,0.6274231803568399
543760,2024,R,0.3212519411402502,0.09251358632940766,0.180849285460528,0.014142325478891346,0.7124948025486566
677649,2024,R,0.30491611491346265,0.058556645002810735,0.25007592605900947,0.012867524989718354,0.6784999040128716
687957,2024,R,0.28686096405434175,0.09020142029342275,0.26784544740769023,0.00857519052012538,0.6333779411308454
676572,2024,R,0.26120505044732245,0.07560993262885564,0.2937815497287315,0.013746930452170174,0.6168615869054609
605346,2024,R,0.24458118260665762,0.061847835856797706,0.32058066209272085,0.013461760894247379,0.6041097414374841
621493,2024,R,0.327017784920603,0.1030231286619323,0.23260157615981283,0.01420408128240633,0.6501712139480977
608671,2024,R,0.29017063723401837,0.12618318290362718,0.21578384371097267,0.008614830881450448,0.6494181422999958
683021,2024,R,0.2845174749986108,0.09396799051389221,0.1668486387380294,0.013738001720239926,0.7254453692926784
686555,2024,R,0.28686096405434175,0.09020142029342275,0.26784544740769023,0.00857519052012538,0.6333779411308454
669003,2024,R,0.2930978278903992,0.11496118512125082,0.3150666814083405,0.008856955071047612,0.5611151783260392
641343,2024,R,0.3193853879107912,0.11702979259904174,0.2713697806295937,0.0085910326714313,0.6030093949340383
655316,2024,R,0.3130888653415517,0.11841824788239798,0.2014294776153382,0.01474683682431708,0.6654054382288235
694192,2024,R,0.26120505044732245,0.07560993262885564,0.2937815497287315,0.013746930452170174,0.6168615869054609
668930,2024,R,0.30837268228790515,0.11047810726962648,0.203298935390266,0.008456792845151443,0.6777661647800429
687401,2024,R,0.26440079768708347,0.06582997178113154,0.28544771229017174,0.01330490130715148,0.6354174145467282
596142,2024,R,0.32937639140027364,0.07380538462613835,0.2691154828451453,0.013964358118831965,0.6431147744932852
663368,2024,R,0.2986055805022269,0.1477698667019019,0.27958484237600845,0.009457435785564357,0.5631878551952495
543877,2024,R,0.30298251922976766,0.07078402183557123,0.18365973189097418,0.013574000498518467,0.7319822461645776
622534,2024,R,0.31439783387336434,0.08024858036709648,0.1780479260176682,0.013774356021498202,0.7279291380142267
571657,2024,R,0.29612571884298183,0.055877967390663946,0.2057152616637609,0.013091140487537114,0.7253156305890375
467793,2024,R,0.3496211147824976,0.11883044877020944,0.19472490358287375,0.00866616652786371,0.6777784809092919
676059,2024,R,0.31755934605881386,0.08554665353038485,0.2484284963913998,0.013212741623515456,0.652812108077985
702616,2024,R,0.28686096405434175,0.09020142029342275,0.26784544740769023,0.00857519052012538,0.6333779411308454
543510,2024,R,0.28656664838834806,0.054374241685936256,0.26847530884153503,0.012954983599506668,0.6641954644686827
656896,2024,R,0.3245889611859381,0.07141884655416997,0.20332012047628367,0.013349873708590662,0.7119111598714292
668904,2024,R,0.3325979573742006,0.07663886052250636,0.21456622428591265,0.013186546613200895,0.6956083682543911
686797,2024,R,0.28686096405434175,0.09020142029342275,0.26784544740769023,0.00857519052012538,0.6333779411308454
668885,2024,R,0.26120505044732245,0.07560993262885564,0.2937815497287315,0.013746930452170174,0.6168615869054609
666397,2024,R,0.324944094497314,0.16533497324049,0.2910393244118118,0.00903466547949011,0.5345910367078289
596103,2024,R,0.29546289678457155,0.10438490476009937,0.2997523360370172,0.014269892452044563,0.5815928667666932
677008,2024,R,0.2940570903239018,0.0803245226292756,0.2733334186963563,0.008324013198425436,0.6380180448916574
663624,2024,R,0.33133526599024427,0.05024417321530734,0.2389337784271324,0.012145063213951536,0.6986769850170921
681297,2024,R,0.30360674790707337,0.11300378993967418,0.27406356228355794,0.008977707700700322,0.6039549407713397
668939,2024,R,0.3547758896400745,0.10889444999310385,0.17108849511420157,0.008577945567431597,0.7114391093327312
656775,2024,R,0.33460686693724123,0.09541770158455708,0.18924357344481757,0.008472994172198774,0.7068657309112455
656811,2024,R,0.34119349132217186,0.08034986298442653,0.23903378273248838,0.008304275620315897,0.6723120789862669
680577,2024,R,0.28686096405434175,0.09020142029342275,0.26784544740769023,0.00857519052012538,0.6333779411308454
683002,2024,R,0.36643845144853837,0.1010345201370938,0.23255725346812314,0.008171130942019253,0.6582370948443179
602104,2024,R,0.3180349095385409,0.10034524737397692,0.2301146240287267,0.014107731521935852,0.655432397273732
665833,2024,R,0.3638541688483512,0.086108943531964,0.24978312691525142,0.008347214549498487,0.6557607148224557
668804,2024,R,0.3462562417603269,0.10060817526952297,0.22770456526736385,0.008383530584689472,0.6633037296049122
693304,2024,R,0.2752531067676222,0.08483099267765878,0.273330329007721,0.014087471618548102,0.6277512066396543
683011,2024,R,0.3051645250425099,0.09842836131230316,0.2681061524049569,0.0144602594251804,0.6190052276604149
657077,2024,R,0.34873832536252247,0.08693384688142532,0.14651187664834447,0.008137804474872213,0.7584164724525557
542932,2024,R,0.308926736261046,0.11539210443038594,0.22919306552423063,0.014633858304420242,0.6407809713296718
691176,2024,R,0.29929880080937643,0.097970091807572,0.25508314931400905,0.008367297925370751,0.6385794610060898
669224,2024,R,0.3160118171842041,0.06821720588976962,0.2337310974615934,0.00799353179208807,0.6900581635664899
663757,2024,R,0.3273123515345022,0.1415430576038596,0.2717765637575658,0.009143099005357246,0.5775372805226302
650402,2024,R,0.3263439133155036,0.07760128985223937,0.20830008288542257,0.013434275236594018,0.7006643523329615
678894,2024,R,0.28459988525662755,0.07069699407945484,0.26028027925045627,0.012898422678552441,0.6561243036331665
695257,2024,R,0.26120505044732245,0.07560993262885564,0.2937815497287315,0.013746930452170174,0.6168615869054609
694377,2024,R,0.26120505044732245,0.07560993262885564,0.2937815497287315,0.013746930452170174,0.6168615869054609
669707,2024,R,0.26421790744610063,0.09378281513102601,0.30382180300799744,0.014125129150174541,0.5882702526810059
624431,2024,R,0.30223221072080764,0.06455705323794036,0.16938147634962017,0.011845773183913942,0.7542156974737717
641943,2024,R,0.3265105399023195,0.08744288748527859,0.19939879921655987,0.008251414368396204,0.7049068992159305
663698,2024,R,0.27776536895534054,0.07133845686606975,0.3261560761277243,0.014248769714229718,0.5882566975264714
700250,2024,R,0.28686096405434175,0.09020142029342275,0.26784544740769023,0.00857519052012538,0.6333779411308454
663609,2024,R,0.3008897745499969,0.09061514900227734,0.31370099032094595,0.014238970329665104,0.5814448905809488
676475,2024,R,0.34495546316002856,0.06663548395913618,0.15159714347585843,0.0076432997142604955,0.7741240724072608
680977,2024,R,0.3421121450852242,0.12304826669643994,0.17190723562650748,0.008749773063512264,0.6962947245398794
665877,2024,R,0.2783427486406335,0.09071760547401028,0.19676416804754449,0.014265977863527079,0.6982522491105062
666464,2024,R,0.2682135867727159,0.0591143264546863,0.3324440464523386,0.01272812636750109,0.5957135009193305
682641,2024,R,0.2953087489728432,0.0762770358062963,0.1770247616884656,0.013043891675812224,0.7336543104066547
687529,2024,R,0.28686096405434175,0.09020142029342275,0.26784544740769023,0.00857519052012538,0.6333779411308454
686780,2024,R,0.26120505044732245,0.07560993262885564,0.2937815497287315,0.013746930452170174,0.6168615869054609
695336,2024,R,0.26120505044732245,0.07560993262885564,0.2937815497287315,0.013746930452170174,0.6168615869054609
691023,2024,R,0.31830327813415077,0.06810153750176977,0.24837051655087022,0.012220529851865058,0.6713074160371955
592200,2024,R,0.28896943605671815,0.11516424559132497,0.2757010124513228,0.014476006671339072,0.5946587352982816
689172,2024,R,0.28049156811020426,0.0846380743107344,0.27460437219340367,0.008474958811104692,0.6322825945656783
666149,2024,R,0.27406903820189293,0.09168748584547008,0.293917683585238,0.014082015665603291,0.6003128146881972
624424,2024,R,0.34052389218252155,0.1041538222767851,0.23787462122000913,0.008743986122531012,0.6492275694618653
669477,2024,R,0.30277524554722307,0.05687264481556041,0.22999881449782306,0.012258112300217162,0.7008704290292118
672279,2024,R,0.2821261404277289,0.11257052772440769,0.27723970751522925,0.008916583572806277,0.6012731812444156
663457,2024,R,0.3589486831395248,0.1340653741738791,0.20860945416639687,0.00861780587253974,0.6487073655911253
622268,2024,R,0.29810625335694574,0.07788418072052433,0.2161260357640393,0.008083928911507415,0.6979058545744349
664774,2024,R,0.34862638069611385,0.13357676452514763,0.207010231708237,0.008770557161110555,0.6506424464187057
573262,2024,R,0.3420732552750178,0.11508441262379081,0.2419296239775678,0.0088730986904647,0.6341128649949037
502671,2024,R,0.3541177194492613,0.09440167223018324,0.23954777176432376,0.0141667344533196,0.6518838209642867
656305,2024,R,0.34521552970959074,0.11344641647065995,0.265824583141933,0.014871043282267734,0.6058579576932077
572761,2024,R,0.3552391003384028,0.14991368600240074,0.2550379543520778,0.009330519815891612,0.5857178391930811
680474,2024,R,0.26120505044732245,0.07560993262885564,0.2937815497287315,0.013746930452170174,0.6168615869054609
668832,2024,R,0.28686096405434175,0.09020142029342275,0.26784544740769023,0.00857519052012538,0.6333779411308454
687231,2024,R,0.26120505044732245,0.07560993262885564,0.2937815497287315,0.013746930452170174,0.6168615869054609
680869,2024,R,0.3016457689461835,0.08383843742463615,0.27869940704270363,0.013544385107339511,0.6239177703358738
664913,2024,R,0.337893562370417,0.0813639862633483,0.24317389748782162,0.00840819405591439,0.6670539217541367
691016,2024,R,0.3050549257620079,0.0841441181892166,0.29073834989256503,0.008352845670986523,0.6167646861966408
667670,2024,R,0.32133199785458166,0.08694648981453718,0.31342488318170075,0.014289330203602003,0.5853392968214988
668709,2024,R,0.31541625160211534,0.1298135963089574,0.2487918972715615,0.008710933359290903,0.6126835729967642
669397,2024,R,0.2758338602919481,0.08886410209825057,0.19425999934119403,0.013546452471584914,0.7033294457560434
660844,2024,R,0.28686096405434175,0.09020142029342275,0.26784544740769023,0.00857519052012538,0.6333779411308454
645302,2024,R,0.27775253264099387,0.07697058882759214,0.24380496283809192,0.013602310425637351,0.6656221376794159
668942,2024,R,0.3139381665510292,0.1183059759639716,0.2059197301152276,0.008397142715757833,0.6673771507298396
641487,2024,R,0.33490930947144604,0.12616825512661015,0.1818061757092697,0.008616825176832281,0.6834087434314998
593871,2024,R,0.3488288764234427,0.10115442250463887,0.18638804693668284,0.00843459667379867,0.7040229337818652
663662,2024,R,0.2833256221519913,0.08187993377177616,0.2947870710613192,0.013567765351317906,0.6097652306475274
457759,2024,R,0.3438136466384328,0.08674600762734287,0.1608346840215428,0.013870917754395036,0.7385483908821231
670042,2024,R,0.3321726510428869,0.08253800847893039,0.2763652649188802,0.008262501705319069,0.6328342258466961
668227,2024,R,0.3208340594004111,0.08857126103044652,0.2518334146328184,0.014500558774897043,0.6450947649753883
663728,2024,R,0.33750224563632236,0.08335128133307325,0.2746266446396315,0.008494814561151493,0.6335272592148374
677594,2024,R,0.33839742236273673,0.05870381243305633,0.25174931223493346,0.01285818411501922,0.6766886913610467
663527,2024,R,0.30992415649388827,0.09988181913624931,0.2239966446110264,0.014165369792497018,0.6619561665675141
694388,2024,R,0.28686096405434175,0.09020142029342275,0.26784544740769023,0.00857519052012538,0.6333779411308454
672642,2024,R,0.28686096405434175,0.09020142029342275,0.26784544740769023,0.00857519052012538,0.6333779411308454
680718,2024,R,0.28686096405434175,0.09020142029342275,0.26784544740769023,0.00857519052012538,0.6333779411308454
676914,2024,R,0.28552354500856825,0.11919972001509102,0.3361066658714266,0.015054719039516738,0.5296388946130897
676391,2024,R,0.2921343014890185,0.06098167563777003,0.1378697589198509,0.01225937982438632,0.7888891852260056
687462,2024,R,0.2903846389431232,0.08552236810615894,0.2270880247534702,0.008251302322465978,0.6791383044605015
682729,2024,R,0.28686096405434175,0.09020142029342275,0.26784544740769023,0.00857519052012538,0.6333779411308454
665489,2024,R,0.3722460336303337,0.07012798930251843,0.16994512684428506,0.012880807488859258,0.7470460761799554
623168,2024,R,0.28053386777717165,0.09434121541735578,0.19038720550184954,0.008541208267232115,0.7067303715796747
681393,2024,R,0.26120505044732245,0.07560993262885564,0.2937815497287315,0.013746930452170174,0.6168615869054609
669364,2024,R,0.2968215906809361,0.09594867988407632,0.19018242690146006,0.008229865884284612,0.7056390274173746
669394,2024,R,0.3096599750190529,0.06392693946362282,0.30339718302985075,0.012900342088127176,0.6197755356293226
663743,2024,R,0.3276022325579261,0.08729790829131684,0.18212761970902966,0.012938155911051467,0.7176363160372824
665052,2024,R,0.28686096405434175,0.09020142029342275,0.26784544740769023,0.00857519052012538,0.6333779411308454
672640,2024,R,0.2754527809979748,0.08939138999130435,0.2719736558216006,0.014002631744783172,0.6246323227087137
667472,2024,R,0.30038076944769593,0.07294984015946168,0.2608622644586558,0.013376160710307106,0.6528117349054381
660821,2024,R,0.33688010421028464,0.08318869871406874,0.25079001732694484,0.00819844091778476,0.6578228423698789
681146,2024,R,0.2963369941432698,0.11563584140993456,0.18753556377746997,0.014933417721205192,0.6818951777681199
660766,2024,R,0.29650251742078537,0.06605474123686132,0.22680385982234305,0.013689520537093906,0.6934518788686558
695578,2024,R,0.28686096405434175,0.09020142029342275,0.26784544740769023,0.00857519052012538,0.6333779411308454
671277,2024,R,0.3289660231350685,0.05241790162365577,0.14721507743335974,0.006840275743368865,0.7935267449224749
671117,2024,R,0.28686096405434175,0.09020142029342275,0.26784544740769023,0.00857519052012538,0.6333779411308454
696285,2024,R,0.2869663190209404,0.0851633667507108,0.21866324717077734,0.013664497999325325,0.6825088879485947
686452,2024,R,0.28877216482966483,0.10705902334983826,0.25666631385556454,0.008661994490648882,0.6276126682624619
671083,2024,R,0.28029232270220283,0.10280596451927694,0.24418351999438612,0.01357610076742835,0.6394344146973512
656941,2024,R,0.37065973022406523,0.11666684069034995,0.28498740182362,0.009048034316630987,0.5892977244314128
596117,2024,R,0.2756830235624636,0.113035780639051,0.2581081731896233,0.00884239053493373,0.620013654976233
624641,2024,R,0.27965655092872993,0.05243750517807971,0.23120183816654719,0.013346081639819223,0.7030145755246763
665019,2024,R,0.3153661742301157,0.09155875163061088,0.25546734782691044,0.008630616106545305,0.6443432841095293
669016,2024,R,0.32630447453178707,0.09697833927079084,0.29337253002548336,0.008758018612211657,0.6008911129025766
664761,2024,R,0.3352083904829807,0.06722688295996467,0.19913660650750775,0.01280930972478645,0.7208272014179001
681082,2024,R,0.3282188104383642,0.0962922566221412,0.16244233431557492,0.00801940751058855,0.733246002471386
642215,2024,R,0.2648558463672307,0.09150396201544032,0.31974573267013656,0.014262045567573496,0.574488259794271
607208,2024,R,0.3335816464867948,0.07445202848160629,0.197181743226926,0.013308389963814133,0.715057838091676
686611,2024,R,0.26120505044732245,0.07560993262885564,0.2937815497287315,0.013746930452170174,0.6168615869054609
677588,2024,R,0.28882898622724196,0.11920712910720742,0.278694358127857,0.008855744118845287,0.5932427686489153
683083,2024,R,0.28686096405434175,0.09020142029342275,0.26784544740769023,0.00857519052012538,0.6333779411308454
608336,2024,R,0.36196340527562804,0.10951674242892745,0.36986102186663505,0.008989952193536698,0.5116322830013185
592206,2024,R,0.32004431307413084,0.055662070318408245,0.2495675807948761,0.012869450045357441,0.6819008985271523
592518,2024,R,0.37086619852122943,0.06244313862398367,0.1802114183180337,0.012695983730909726,0.7446494592445576
595777,2024,R,0.3198352008696036,0.11045211614803789,0.1788279487784891,0.008690680355961005,0.7020292543859575
593428,2024,R,0.33127605617836337,0.07151263553144964,0.169416263837372,0.013012637691078233,0.7460584639088441
592626,2024,R,0.354450280790229,0.09122854271571754,0.23793654948630422,0.008656865281447065,0.6621780425293162
521692,2024,R,0.3386767836644878,0.023914514259312628,0.2021260337413941,0.0122118720589285,0.7617475796874026
624428,2024,R,0.32581657823219184,0.09230927838750698,0.1312699763843051,0.00817335565179054,0.7682473897799448
641658,2024,R,0.27023074094521726,0.09465114416164871,0.2789632320212344,0.01427030743613824,0.6121153166460093
543257,2024,R,0.3203313259938141,0.13673758686045684,0.2292989910365992,0.008864318074030647,0.6250991048116091
657557,2024,R,0.30386457853043597,0.07285515115833455,0.2603497831565048,0.014009473802361757,0.6527855919972194
680118,2024,R,0.28975356195878493,0.08068445732777502,0.27700712881233985,0.013797879056670792,0.6285105344692755
663853,2024,R,0.2849045429687666,0.06087923216287266,0.3053827623347597,0.013019430322464855,0.6207185756343667
641933,2024,R,0.32436881996705913,0.08235961180581079,0.30035580029844855,0.014070107781458325,0.6032144802923369
596115,2024,R,0.31626603848264023,0.06910696253347122,0.2734672371351016,0.013889369392661787,0.6435364301203765
664040,2024,R,0.34997775498637534,0.09278705161400867,0.26386115321465253,0.008350392516132017,0.63500140279526
650490,2024,R,0.3712102023898658,0.10623394320724064,0.15738914902935777,0.01397962446979363,0.7223972827318632
670764,2024,R,0.3027150589713518,0.14369471465672767,0.23088385325133165,0.008866269623625207,0.6165551622776689
666163,2024,R,0.30328726189427735,0.1131882473834386,0.2911690548217826,0.008842705927421743,0.5867999913225793
643376,2024,R,0.3325057625461563,0.09462971201603802,0.19576700902665387,0.013852967495261099,0.695750311688821
642350,2024,R,0.2860870769893301,0.06333116607677151,0.3233603828804782,0.013582177105533918,0.5997262735864493
665804,2024,R,0.28073745950874,0.09536354918461691,0.2947701184357615,0.014136861597629275,0.5957294711298272
621020,2024,R,0.3241342340853768,0.08412231110687167,0.2434975667081184,0.01369938620646743,0.658680736235104
669289,2024,R,0.3049040426536226,0.08047727760715814,0.15085269633201595,0.013021350777790971,0.7556486757368978
621550,2024,R,0.311342842892368,0.08893936048431096,0.3403284599937703,0.014453578469953092,0.556278601640825
641355,2024,R,0.33922725320848574,0.08543996783982981,0.24486254426703888,0.008702122476596907,0.6609953657614707
677587,2024,R,0.26634083743655557,0.07595839480333838,0.250407090733906,0.008254940940142378,0.6653795740776585
678877,2024,R,0.26120505044732245,0.07560993262885564,0.2937815497287315,0.013746930452170174,0.6168615869054609
666310,2024,R,0.32077523734557123,0.09898054416421792,0.23405000051705335,0.008616983973449892,0.6583524709652222
518792,2024,R,0.34400585316878046,0.08012738063346851,0.15341938334778032,0.007898498011098076,0.7585547378109847
701305,2024,R,0.26120505044732245,0.07560993262885564,0.2937815497287315,0.013746930452170174,0.6168615869054609
572138,2024,R,0.3132424451473111,0.09764371798670735,0.24945743023949538,0.008539766250516095,0.6443590857583136
665926,2024,R,0.30068296987441684,0.06607687396171391,0.204499697633038,0.008102332264702894,0.7213210965817842
657041,2024,R,0.3136052092723998,0.0996815502772925,0.2219670043038668,0.01415753151013337,0.6641939133921637
647304,2024,R,0.36098663353020194,0.05892957548172701,0.14244321133673096,0.007314859811242635,0.7913123531523414
608070,2024,R,0.3491117913138914,0.09188749202999384,0.13423222859363756,0.008418090574919676,0.7654621882945527
605170,2024,R,0.3324749728425024,0.09795935530430616,0.20594250507409462,0.008321274199620029,0.687776865453756
663656,2024,R,0.3928221383487007,0.09163709024909887,0.15311287587693534,0.00778051056994262,0.7474695221016091
665161,2024,R,0.302655456341927,0.05901894358323185,0.2277893937659251,0.012584912348204287,0.7006067496384404
700932,2024,R,0.28686096405434175,0.09020142029342275,0.26784544740769023,0.00857519052012538,0.6333779411308454
686823,2024,R,0.3090797291956,0.058114258941538044,0.1429513669548015,0.007316405158468662,0.7916179683602338
666197,2024,R,0.2670617661461987,0.08675667921546956,0.325350047113452,0.014252774584880352,0.5736404992794787
676694,2024,R,0.2953257828639199,0.09291744218056242,0.25681086025652866,0.013504144142584046,0.6367675538823391
643289,2024,R,0.29625613762666103,0.05762075453443818,0.1608299293121114,0.012312755565260925,0.7692365603216476
669257,2024,R,0.3496346556321427,0.10553030212426429,0.19267757035013017,0.014546397741066924,0.6872457291960796
666158,2024,R,0.321128634949508,0.11084509692173795,0.2204712419661425,0.008406824773241237,0.6602768361588279
696100,2024,R,0.287703012714608,0.06866429446651454,0.29977004950130576,0.013091044601067357,0.6184746111541536
595281,2024,R,0.31091534474734844,0.07441933590652886,0.21012655590004226,0.007851125703742442,0.7076029819820904
628451,2024,R,0.30727020461634896,0.06871564734385306,0.17657475478506904,0.01337505507426819,0.7413345428255836
669234,2024,R,0.26120505044732245,0.07560993262885564,0.2937815497287315,0.013746930452170174,0.6168615869054609
693307,2024,R,0.26120505044732245,0.07560993262885564,0.2937815497287315,0.013746930452170174,0.6168615869054609
643217,2024,R,0.33752210663169074,0.08354042684530183,0.17630100138598742,0.008138020518164433,0.7320205512649768
642020,2024,R,0.2722649914329541,0.05948072287587322,0.2886377393304195,0.013109749833974341,0.63877178880099
681351,2024,R,0.2929297327359668,0.07105533186164528,0.25185510880680656,0.013115930089051086,0.6639736294674977
608348,2024,R,0.3022195959740163,0.09559811127018882,0.23815790180128546,0.01425531952777767,0.6519886674757327
680716,2024,R,0.252719997082424,0.08159754721286482,0.30451992026633645,0.013959313147221835,0.5999232195601796
666969,2024,R,0.3262073369601636,0.05953250827535978,0.25551998796930764,0.013212577645684894,0.6717349259804336
656555,2024,R,0.33597905041863885,0.10411336295197086,0.2583342325670174,0.015110794295341571,0.6224416104599092
642715,2024,R,0.3095048713690769,0.08388243233175077,0.2745778156402357,0.01407128423095835,0.6274684675353178
661388,2024,R,0.31471057700173755,0.08475861448241204,0.2666831398399532,0.013755833579001803,0.6348024115428003
680777,2024,R,0.302864719106183,0.0847136948493886,0.2893418599450077,0.013768080620872487,0.6121763640956598
623993,2024,R,0.34695851661728255,0.0690549837765383,0.19451961355371092,0.008130165410351373,0.7282952377274983
643396,2024,R,0.2976015912928438,0.07911854603622627,0.15730975975076913,0.013581351183812726,0.7499903429672758
518735,2024,R,0.34062952609507435,0.1264271509624929,0.2550139793053581,0.008901291977013356,0.609657577727609
665862,2024,R,0.33482931849710124,0.09403849407427287,0.25195275612318474,0.008504237141987671,0.6455045132070802
519317,2024,R,0.3508555458451422,0.0783736388364583,0.3023419088619077,0.01389580515185808,0.6053886463613628
592450,2024,R,0.39541507682146704,0.096868074382219,0.30334358647102405,0.013701179244500676,0.5860871609069955
665742,2024,R,0.40403319973149654,0.14680081575483295,0.18905661851185424,0.008580085348227023,0.6555624807598104
665828,2024,R,0.30551485650433524,0.08770114662396289,0.22265007491882696,0.008322496275042706,0.6813262816230641
519203,2024,R,0.3675635069300038,0.0793001037050062,0.17960360907825812,0.008325990796676211,0.7327702965530396
691026,2024,R,0.2950988134230476,0.09805212217342843,0.2157991230934012,0.014260212820059862,0.671888541642647
671218,2024,R,0.2850533575895776,0.07056017329268531,0.2942901659898604,0.013558939361781477,0.6215907214877313
672275,2024,R,0.3174660706428977,0.10537975896871977,0.26868179570676914,0.008610474689815736,0.6173279703292879
592192,2024,R,0.32191287765962695,0.10446771330560832,0.2101647070104989,0.014731934210379402,0.6706356458416887
571745,2024,R,0.31927639172196803,0.08348655843246786,0.2665966387610246,0.013879646388377747,0.6360371564670819
669127,2024,R,0.3053888802179915,0.07085475043830225,0.3091420954712333,0.013704586712269519,0.6062985671630241
671732,2024,R,0.3039108268210783,0.10074790212473202,0.2863690235038749,0.008560570778306869,0.6043225033493324
805779,2024,R,0.26120505044732245,0.07560993262885564,0.2937815497287315,0.013746930452170174,0.6168615869054609
664238,2024,R,0.29807306491796204,0.11662585141810278,0.2997487421648775,0.01495729957123237,0.5686681072170195
672386,2024,R,0.3553312384964504,0.10354420513806792,0.14366330308231715,0.014210199681534547,0.738582291684141
664770,2024,R,0.3003141513397464,0.08261983763846616,0.2221928623604343,0.008194815183623567,0.6869924852072434
543807,2024,R,0.33746786119106625,0.09161662543277357,0.21363362150076926,0.013931870407541524,0.6808178825453226
640902,2024,R,0.26120505044732245,0.07560993262885564,0.2937815497287315,0.013746930452170174,0.6168615869054609
691594,2024,R,0.26120505044732245,0.07560993262885564,0.2937815497287315,0.013746930452170174,0.6168615869054609
592663,2024,R,0.3242600348046506,0.06477982966721664,0.2067779258669957,0.013666134506380675,0.7147761097742289
660688,2024,R,0.33097026262647594,0.06329794579223155,0.10494715651230553,0.007278159106982402,0.8244767382258336
677950,2024,R,0.3192742714935791,0.08220835691427562,0.1963503915338281,0.008089578326804023,0.7133516733182376
656976,2024,R,0.3376371338905067,0.10914301280389352,0.15956964613106683,0.008088334387025229,0.7231990063197834
543309,2024,R,0.3080401921863676,0.06806932601517535,0.26847197654413574,0.01265665108532921,0.6508020465985882
807799,2024,R,0.3469146271574794,0.08911805639073811,0.13980006316662766,0.007946161062344973,0.763135719837169
666181,2024,R,0.31132910549738463,0.1363995073286952,0.3036596668158793,0.008990044674439916,0.5509507809546993
680757,2024,R,0.331157549986682,0.126019293162308,0.10031602700907469,0.008491033761228582,0.76517364624897
682177,2024,R,0.28686096405434175,0.09020142029342275,0.26784544740769023,0.00857519052012538,0.6333779411308454
608324,2024,R,0.34369999341899443,0.10976934511412825,0.1495459725415896,0.013958337742937766,0.7267263443879359
514888,2024,R,0.3128993652017418,0.06640345377297839,0.13732404904776746,0.012740873250992234,0.7835316241280591
673237,2024,R,0.3161867913342251,0.03493772506546702,0.20521607881190737,0.011571245719996135,0.748274951142686
663898,2024,R,0.31967024009159584,0.07007297682351919,0.2109125573972677,0.012904911474847285,0.7061095553408053
607732,2024,R,0.2967890621986888,0.09540947593984667,0.22181712607190737,0.013862532073731403,0.6689108660049935
686668,2024,R,0.27282829651114615,0.0721792974736138,0.32743293432105086,0.013382540679744356,0.587005228199905
657757,2024,R,0.32942167869955824,0.08054824419150955,0.18108228344992677,0.008277347359481046,0.7300921258839974
670032,2024,R,0.29609100090646057,0.11259692131967548,0.14688523572558027,0.008167377482208797,0.7323504649257292
622110,2024,R,0.303488662128021,0.08126587788388978,0.18529046503153623,0.0131484969011674,0.7202951601594983
608385,2024,R,0.3520847740864942,0.11124328486331284,0.18248606376490487,0.008158311809162214,0.6981123389854632
621439,2024,R,0.31953635172669864,0.06431362996061404,0.2777868101406618,0.013532054605751034,0.6443675058990193
621043,2024,R,0.33790906406056,0.07946304812578539,0.2174863722972304,0.013153504288265304,0.6898970745149163
650559,2024,R,0.3272035228452468,0.06559499161627924,0.22544275360233018,0.013196031992274678,0.6957662225587087
457705,2024,R,0.33852153359098813,0.12000830739216803,0.22390870197572535,0.014773629030261741,0.6413093613874972
671056,2024,R,0.2933751989265265,0.1057539272485581,0.2920983987785754,0.014849165395471936,0.5872985087568487
571448,2024,R,0.3331717148725894,0.04998079243725656,0.16752166599585872,0.012927879306923892,0.7695696615516192
660644,2024,R,0.29094882817175344,0.08885994185291493,0.20456678337048523,0.008180308562068197,0.6983929670185454
669065,2024,R,0.31527625570701767,0.07658235203422258,0.2749839685027924,0.008239771698520616,0.6401939074987907
677870,2024,R,0.26120505044732245,0.07560993262885564,0.2937815497287315,0.013746930452170174,0.6168615869054609
669720,2024,R,0.3068387848199722,0.06054902969403275,0.2118737471352079,0.012693521901991292,0.7148837006283354
545121,2024,R,0.2959894540362991,0.0825953576148673,0.10883458688606562,0.0075874570567788175,0.8009825991519248
656448,2024,R,0.3014718248479156,0.069441184516333,0.28265619644303924,0.013052012294420823,0.6348506067976284
547180,2024,R,0.38933097481091744,0.0970410130671064,0.22100577096363225,0.008357664563914107,0.6735955519486722
666160,2024,R,0.2906383799793836,0.051485287838476584,0.3123944445493205,0.00803546854196276,0.6280847992202783
687263,2024,R,0.3025323073568438,0.08155238151844467,0.25979898451942174,0.013624354798286352,0.6450242791451026
687363,2024,R,0.28686096405434175,0.09020142029342275,0.26784544740769023,0.00857519052012538,0.6333779411308454
518692,2024,R,0.3803765587217242,0.0766378685055131,0.18335810128845673,0.008234734591525806,0.7317692961339274
650489,2024,R,0.28967387892257423,0.06147759093757424,0.25984842923925117,0.008153869526651914,0.6705201093159772
663616,2024,R,0.3204179499468792,0.10655184788408474,0.32444016149712673,0.008885628222794718,0.5601223625531067
656537,2024,R,0.27176383599861614,0.06850113694751137,0.2821020775462406,0.012639771388354079,0.6367570147962015
606992,2024,R,0.28873396633028414,0.06160645760374256,0.30382835684974874,0.013527755873887532,0.6210374289862475
686217,2024,R,0.3011094454671358,0.11221007989828855,0.1724029465765852,0.008382706426705583,0.7070042665949704
694384,2024,R,0.29786018413056975,0.10458916405870518,0.1747828402517528,0.00818153390579206,0.712446460977487
694362,2024,R,0.26120505044732245,0.07560993262885564,0.2937815497287315,0.013746930452170174,0.6168615869054609
694376,2024,R,0.26120505044732245,0.07560993262885564,0.2937815497287315,0.013746930452170174,0.6168615869054609
641598,2024,R,0.3331298946818486,0.12153445539930437,0.2637240414974071,0.01517606729301267,0.5995654354853174
500743,2024,R,0.30266893289483066,0.0675321433075492,0.14197897620380331,0.013061268212581979,0.7774276131055474
679822,2024,R,0.26120505044732245,0.07560993262885564,0.2937815497287315,0.013746930452170174,0.6168615869054609
621028,2024,R,0.298773333036918,0.06683648081544721,0.12998623080680702,0.012734108301279006,0.7904431800339925
605137,2024,R,0.3486181170994022,0.08991508459460466,0.20353074895510562,0.008301877382705592,0.6982522887863377
664702,2024,R,0.30845671012072706,0.12202385614633639,0.16227755265344268,0.014400731738807506,0.7012978593883554
642708,2024,R,0.29217412168911255,0.050457474376256854,0.19497429178109596,0.012770134293972247,0.7417980990562533
682657,2024,R,0.28686096405434175,0.09020142029342275,0.26784544740769023,0.00857519052012538,0.6333779411308454
669304,2024,R,0.3063375305634739,0.06177018949597506,0.20593380606190717,0.013071677734943804,0.7192243258762391
670242,2024,R,0.33366257790475135,0.11202716993084016,0.33123663931969693,0.008966428410464026,0.5477697625622621
679032,2024,R,0.26666573032183094,0.048437489439720816,0.23832389379567634,0.01255782854551451,0.7006807885598542
645444,2024,R,0.283345978263254,0.1345253054686864,0.24463055960782384,0.008830736673592337,0.6120133976455897
670156,2024,R,0.3140287687734982,0.1367658562720721,0.22192098344672118,0.009042602128683479,0.6322705582425981
702358,2024,R,0.26120505044732245,0.07560993262885564,0.2937815497287315,0.013746930452170174,0.6168615869054609
642133,2024,R,0.35919444127544803,0.080096754084598,0.22113256612012222,0.00826952026539072,0.6905011594092785
670541,2024,R,0.4290607409820424,0.0931975036560975,0.20536220071109654,0.008419026849542757,0.693021268544937
676116,2024,R,0.3277946964910833,0.14223710275594986,0.3285252472084682,0.00914188697288767,0.5200957628728154
595978,2024,R,0.2630061565573396,0.059692122892083574,0.2746345064580762,0.013453776018810926,0.6522195946378752
665782,2024,R,0.26120505044732245,0.07560993262885564,0.2937815497287315,0.013746930452170174,0.6168615869054609
669288,2024,R,0.2783063966775783,0.08371978077250654,0.3293691982208483,0.008780506654363252,0.5781305146710531
670869,2024,R,0.28511441734885656,0.0943726211518297,0.23428563345480516,0.008458174724121739,0.6628835704920369
656582,2024,R,0.306048057644208,0.11729658710098935,0.23199837366243203,0.014307751752218587,0.6363972886678481
663967,2024,R,0.28098023473703815,0.08686141201196072,0.27449212862582645,0.008549222034207448,0.630097237323108
676439,2024,R,0.28686096405434175,0.09020142029342275,0.26784544740769023,0.00857519052012538,0.6333779411308454
670276,2024,R,0.29382538506907707,0.13784479502031055,0.24447673586382793,0.008926439250812107,0.6087520307152358
681807,2024,R,0.27696880848699246,0.058004982395769435,0.2539916533949639,0.013276898544530123,0.6747264655784103
691723,2024,R,0.26120505044732245,0.07560993262885564,0.2937815497287315,0.013746930452170174,0.6168615869054609
646240,2024,R,0.37471958450191,0.057805624411360106,0.20483146932674767,0.007814842570690187,0.7295480635304585
665953,2024,R,0.26120505044732245,0.07560993262885564,0.2937815497287315,0.013746930452170174,0.6168615869054609
682928,2024,R,0.3199970845762112,0.05621143847583668,0.17359325842483603,0.007576734623138857,0.7626185691063077
682617,2024,R,0.2707700122667373,0.09859419673004234,0.34507246736658886,0.01405967385848761,0.542273662479468
665506,2024,R,0.2753012632716174,0.07254596094672704,0.2873583688773808,0.013431025700522766,0.626664644013602
677956,2024,R,0.26120505044732245,0.07560993262885564,0.2937815497287315,0.013746930452170174,0.6168615869054609
593160,2024,R,0.30585774387857145,0.06263804043731294,0.16090850717559088,0.012920742901411314,0.7635327097633601
677941,2024,R,0.2580429893490525,0.06678844784501646,0.29994415195049917,0.01327128236408706,0.6199961175701745
641779,2024,R,0.2938380998264107,0.10165181395527373,0.2882622773984023,0.013879213314975264,0.5962066951529916
668853,2024,R,0.28686096405434175,0.09020142029342275,0.26784544740769023,0.00857519052012538,0.6333779411308454
673962,2024,R,0.31566645281672084,0.06570213502403789,0.2677550956439648,0.012133744231346897,0.6544090256240067
641645,2024,R,0.32195838890597145,0.13230210564493025,0.15951756994480346,0.00891586999674377,0.6992644547603902
649966,2024,R,0.2977620372292446,0.10681244139024818,0.2219968414979523,0.014741552687952467,0.656449164142833
572191,2024,R,0.29005438633816666,0.07626925816047442,0.28970631915575246,0.01383749702608306,0.6201869247719173
666182,2024,R,0.3674030969728644,0.05571845117612323,0.18487035891970638,0.012426826186321108,0.7469843643407668
594807,2024,R,0.30393404948144076,0.06220354399130645,0.29647571592778593,0.0134065536444567,0.6279141863447172
624415,2024,R,0.32240517511853783,0.15454279459004475,0.2604288310120749,0.009024254877117364,0.5760041191452789
667452,2024,R,0.29870036397280436,0.08269487771060154,0.23246502586801276,0.01394466798746675,0.6708954277019894
650391,2024,R,0.3332066880048295,0.05460433533027279,0.23127244481262024,0.01188130064475939,0.7022419185233099
661531,2024,R,0.25030114466848435,0.053780882980294216,0.26967014980958254,0.013446853133325973,0.6631021136395365
680728,2024,R,0.28686096405434175,0.09020142029342275,0.26784544740769023,0.00857519052012538,0.6333779411308454
695238,2024,R,0.28686096405434175,0.09020142029342275,0.26784544740769023,0.00857519052012538,0.6333779411308454
592325,2024,R,0.32254638660333795,0.09461767948822342,0.22578863049260284,0.008435245042719069,0.6711584454671198
605244,2024,R,0.2616779591478656,0.06375375465129288,0.2980732624209761,0.013542496936340041,0.62463048609041
662139,2024,R,0.32431808347531277,0.09329726874700284,0.23990747769336337,0.008778792866827829,0.6580164605124219
608701,2024,R,0.3207928064223418,0.10914570045725872,0.232999650415547,0.01435396161839901,0.6435006875296313
669137,2024,R,0.26120505044732245,0.07560993262885564,0.2937815497287315,0.013746930452170174,0.6168615869054609
669326,2024,R,0.26120505044732245,0.07560993262885564,0.2937815497287315,0.013746930452170174,0.6168615869054609
682073,2024,R,0.2870125789138517,0.12141726074146039,0.311836993105057,0.014777130423792301,0.5519686160620405
621466,2024,R,0.3184141717878877,0.10832979431439416,0.2933533491189239,0.008877718854074674,0.5894391376938731
663897,2024,R,0.26681822883028405,0.07866400037651278,0.2640113455127608,0.013861906068826283,0.6434627476328797
675961,2024,R,0.25160195452989165,0.07908700646167391,0.3018311382324023,0.013740428231374623,0.6053414272804603
665155,2024,R,0.3088078981357076,0.10942217753432007,0.24961636220915698,0.008759300766371856,0.6322021589634493
676801,2024,R,0.30509837821058494,0.09362003592428335,0.259777130065894,0.014213403337180717,0.6323894307410861
671289,2024,R,0.29552338751339147,0.06943476984118284,0.18018198668104382,0.013598816265073706,0.7367844274721289
668952,2024,R,0.26639564917131203,0.093677386202777,0.2809514973066852,0.013071708093821261,0.6122994089266153
656484,2024,R,0.2969633804452299,0.08742474179440335,0.27078637820955237,0.008566864272201331,0.6332220159301766
669200,2024,R,0.2566381532624772,0.07601789890878599,0.3157891584534179,0.013846185792995468,0.5943467562876057
669134,2024,R,0.3001472524102107,0.058433025660559905,0.19085512146551245,0.01284698788966022,0.7378648651947255
543685,2024,R,0.3584115440851518,0.11281266203691549,0.16746898151859876,0.014673365626190192,0.7050449908096623
666176,2024,R,0.2844864695326981,0.06667493291798976,0.3227131157502637,0.014110261145757157,0.5965016906852827
641856,2024,R,0.31696448761326956,0.10810971958251897,0.24799463457344775,0.008619011514446629,0.6352766340555053
678489,2024,R,0.28686096405434175,0.09020142029342275,0.26784544740769023,0.00857519052012538,0.6333779411308454
680779,2024,R,0.30070396870128113,0.08657420518576668,0.2678323684862867,0.014127125533046864,0.6314663010758335
643446,2024,R,0.3347035772105055,0.06716118489545907,0.11738709442387807,0.007479003482488541,0.8079727167120984
668752,2024,R,0.28686096405434175,0.09020142029342275,0.26784544740769023,0.00857519052012538,0.6333779411308454
608369,2024,R,0.38542036724230255,0.0732527929976441,0.1865486380285676,0.007597081534474329,0.7326014878679123
642086,2024,R,0.3239993524317596,0.0702853443593599,0.2074236420087769,0.008170871756704737,0.7141201417306926
596146,2024,R,0.3652245737565832,0.09306976187772807,0.1666846278807186,0.007797219107841304,0.7324483910424308
672701,2024,R,0.27352031530886095,0.058395496064819044,0.2356637172957574,0.008072832036813641,0.6978679547241006
645305,2024,R,0.2628053382389287,0.06582256076504218,0.29361181797911445,0.013025199249761121,0.6275404225519858
656577,2024,R,0.25129287917144216,0.05848113826673422,0.41315045306379905,0.013890368220150138,0.5144780400313405
686469,2024,R,0.378408162672118,0.08199585567029398,0.1226170271820756,0.007632603545027112,0.7877545138320498
642731,2024,R,0.2979564186516771,0.06150331447474374,0.19286903535912273,0.012621668815959755,0.7330059806659668
666152,2024,R,0.28621923104538577,0.11395459332072197,0.24302867023705876,0.008576961969955452,0.6344397750168953
595284,2024,R,0.2808459067882377,0.10508639983012573,0.3128367973644987,0.008913351299652632,0.573163451153714
681460,2024,R,0.28686096405434175,0.09020142029342275,0.26784544740769023,0.00857519052012538,0.6333779411308454
518934,2024,R,0.347285701396834,0.10122235753979156,0.16863070007400427,0.013838641513911084,0.7163083012158592
694355,2024,R,0.26120505044732245,0.07560993262885564,0.2937815497287315,0.013746930452170174,0.6168615869054609
678225,2024,R,0.30684352786934427,0.1047897276755743,0.2357054959254594,0.008647725592920404,0.6508570502959142
686527,2024,R,0.3164211737813461,0.05579731308932872,0.22673903693213537,0.007947181753395288,0.7095164681850915
575929,2024,R,0.31732389444813014,0.07174299731290543,0.2593700325258358,0.013791897773315463,0.6550950718681484
647351,2024,R,0.32258021315837476,0.09043162305039018,0.18131487812651534,0.008321758285653283,0.7199317400559092
609280,2024,R,0.30827450028910686,0.04957018371742675,0.15933722178626097,0.012521280188597418,0.7785713146204731
542963,2024,R,0.2652808447058065,0.05769118103538691,0.2342759193860276,0.007782746976178082,0.7002501527964688
656413,2024,R,0.275117785233668,0.09532436233473912,0.31549000217469053,0.014046127480602681,0.5751395079691506
595879,2024,R,0.29577621699015777,0.03134456275471614,0.2733076779565591,0.01128186257055753,0.6840658964933372
670224,2024,R,0.28686096405434175,0.09020142029342275,0.26784544740769023,0.00857519052012538,0.6333779411308454
669743,2024,R,0.30992468655916255,0.1270802948272231,0.2089271390919015,0.015027512886362908,0.648965054020125
663550,2024,R,0.27275642742219297,0.05966407873659065,0.3529139264431242,0.00832644813259708,0.5790955473073771
672724,2024,R,0.2750704838088755,0.0817162511336429,0.2659755276346542,0.013694665886199086,0.6386135554257352
669369,2024,R,0.2739814865374082,0.10307346459172727,0.28111598173015645,0.008620789191188537,0.6071897647583548
672012,2024,R,0.28686096405434175,0.09020142029342275,0.26784544740769023,0.00857519052012538,0.6333779411308454
669357,2024,R,0.3399599098705924,0.09647636012371681,0.31195290101647366,0.008554435435492655,0.583016302716974
600869,2024,R,0.31614221907615214,0.09629729543596859,0.22127072583032267,0.008644723304788562,0.6737872547249923
673490,2024,R,0.3090948674832333,0.11375466178884282,0.19869371191970844,0.014678911203379668,0.6728727147289715
694175,2024,R,0.26120505044732245,0.07560993262885564,0.2937815497287315,0.013746930452170174,0.6168615869054609
663586,2024,R,0.3500939889880443,0.06636249333789214,0.25462393795090793,0.01346751390083288,0.6655460549844022
663905,2024,R,0.309965389098451,0.06956014024038384,0.2460327031400543,0.008078676538471639,0.6763284804056835
677942,2024,R,0.26120505044732245,0.07560993262885564,0.2937815497287315,0.013746930452170174,0.6168615869054609
663647,2024,R,0.33211604006186746,0.08035209307179822,0.1964588118813369,0.013817750848390402,0.7093713437235495
676632,2024,R,0.2956667015347554,0.09362679166147928,0.26159010553953416,0.00853194136330514,0.6362511605713224
668731,2024,R,0.2961368368660883,0.1038487714425822,0.2565281811171793,0.008526365580812911,0.6310966827018683
641432,2024,R,0.34756107010801135,0.07663770431947714,0.14019877021864288,0.007872628417564403,0.7752908975577789
678554,2024,R,0.2848177780929639,0.07100412963820181,0.22823333394206452,0.013236350889937777,0.687526185131165
656180,2024,R,0.2971726550690467,0.0833036577076558,0.2912384976754527,0.014282242853892206,0.6111756014501282
592178,2024,R,0.3269768928686796,0.08339528002497865,0.24900090505737038,0.013566136001681302,0.6540376778318242
543063,2024,R,0.3149823434915049,0.07919866646387576,0.2265477018309318,0.008128845616541022,0.6861247856673223
665966,2024,R,0.26120505044732245,0.07560993262885564,0.2937815497287315,0.013746930452170174,0.6168615869054609
668723,2024,R,0.2629535469513654,0.068538592294128,0.2802914621738206,0.01340385768894421,0.6377660873925475
623912,2024,R,0.3120375364451108,0.04068076962241833,0.17853782706079374,0.012371890142844367,0.7684095133493553
656883,2024,R,0.2640145207060089,0.06717744792380591,0.2849460258161085,0.013596383930312586,0.6342801419029308
592696,2024,R,0.31637191118062813,0.04172073480454881,0.17573038141375416,0.007035199936543519,0.7755136835310212
687799,2024,R,0.30486388874225356,0.1083207029526812,0.2769709660203,0.008673030730010233,0.6060353000663733
669222,2024,R,0.30431505718433866,0.08461769556457475,0.20910092253131243,0.013287402377387098,0.6929939799637519
613564,2024,R,0.2984507715840075,0.09433753737425575,0.2995047907738728,0.008688305865841895,0.5974693662266684
624503,2024,R,0.320289092486473,0.04851009790117266,0.2155579819648894,0.007812004708892259,0.7281199151350155
650859,2024,R,0.30150271162501147,0.08718924495718643,0.1948116797444319,0.008160444206513897,0.7098386318604992
657088,2024,R,0.2958429004568622,0.10388298804421302,0.2379621789601798,0.008618970780263,0.649535862363345
687066,2024,R,0.26120505044732245,0.07560993262885564,0.2937815497287315,0.013746930452170174,0.6168615869054609
805373,2024,R,0.26120505044732245,0.07560993262885564,0.2937815497287315,0.013746930452170174,0.6168615869054609
695391,2024,R,0.26120505044732245,0.07560993262885564,0.2937815497287315,0.013746930452170174,0.6168615869054609
642197,2024,R,0.26120505044732245,0.07560993262885564,0.2937815497287315,0.013746930452170174,0.6168615869054609
669261,2024,R,0.3483014039350887,0.12959677178888138,0.2918356117338422,0.009063082592411901,0.5695045332479644
682988,2024,R,0.26120505044732245,0.07560993262885564,0.2937815497287315,0.013746930452170174,0.6168615869054609
623520,2024,R,0.3054018519964393,0.07434989356406431,0.28669590311843796,0.014155035880065558,0.6247991675510187
681584,2024,R,0.2839101421840521,0.10765174838255419,0.30818524268553915,0.014542694484882102,0.5696203147091232
642851,2024,R,0.2764692839064344,0.0865981439546628,0.23407707120544882,0.014350597686359146,0.664974186543368
679845,2024,R,0.2843628902497634,0.07845959057670193,0.220655988879481,0.01289570961445776,0.6879887111294157
668800,2024,R,0.2835569285451582,0.06625748980119021,0.23773522430431637,0.012907802652448567,0.6830994833356261
670097,2024,R,0.2938108430351149,0.12224546209202418,0.27456629429506424,0.015052396121377909,0.5881358470698579
621512,2024,R,0.2667624086176348,0.042838422418514176,0.2722437172876498,0.01221527646644855,0.6727025832572596
624512,2024,R,0.2948034947889066,0.07722663149505235,0.19659046794256332,0.00780609909248788,0.718376801355428
671221,2024,R,0.30255707476661897,0.08808726499600394,0.2859774206653345,0.008634582054041516,0.6173007324430347
592885,2024,R,0.36340286646054465,0.10950355686529677,0.22100038544063882,0.008563971054996768,0.6609320871160234
622761,2024,R,0.2992597373038604,0.0653550292406965,0.24732511895412762,0.012636066279143017,0.6746837855430466
649557,2024,R,0.31662371319257204,0.059741388249943,0.16366383188344674,0.012816537785493628,0.7637782422851027
660636,2024,R,0.2841534375871728,0.077121794820889,0.2298337369703016,0.01335760634288099,0.6796868609305712
663330,2024,R,0.29229537693097446,0.11027214288989945,0.28553414480660494,0.014497750342910605,0.5896959624779127
669374,2024,R,0.29554282722109165,0.07843387926505335,0.3545635324375897,0.014556409535597219,0.5524461792408012
656248,2024,R,0.2867966942977627,0.10358724993457712,0.2862010672110495,0.014335335160433416,0.5958763472535219
455117,2024,R,0.275827135278511,0.08002401549320227,0.2961813363020215,0.013997225021365346,0.6097974230755814
527038,2024,R,0.3205256619556709,0.08196094213076828,0.14054251852525984,0.013714466245598316,0.7637820727681751
672744,2024,R,0.25878044532570355,0.06521865389772812,0.31119398300266826,0.013528485641837935,0.6100588770455522
664901,2024,R,0.2797233166973682,0.10143161830368634,0.23641196743116238,0.014590648376151804,0.647565765756928
665561,2024,R,0.27873958696380147,0.07346626500378159,0.20886400848433584,0.008163793933452942,0.7095059330169979
664954,2024,R,0.29350417275023394,0.08387417221608072,0.2178174259817851,0.008227305827324564,0.6900810964550425
621458,2024,R,0.3148317442524661,0.08050710802010247,0.31921853720469867,0.008601435124203522,0.5916729195428314
681962,2024,R,0.2596257702093487,0.09596420858618436,0.27997441875679446,0.014492067134941715,0.6095693059331528
621311,2024,R,0.2878157192092849,0.05732589114406913,0.2766231701179321,0.00782116353744319,0.658229774910652
605361,2024,R,0.31934319236124514,0.12119350631044641,0.20585864820193045,0.008577704760954916,0.6643701397754466
672356,2024,R,0.2873338961441239,0.07363887962703525,0.32444628852054624,0.012871544063626509,0.589043288406771
593934,2024,R,0.3452639207539807,0.0973453227180114,0.3346209780555443,0.014669600386619113,0.5533640979162612
669208,2024,R,0.26120505044732245,0.07560993262885564,0.2937815497287315,0.013746930452170174,0.6168615869054609
608841,2024,R,0.3205524128218143,0.06417466350618059,0.20616561420500745,0.013166841107960589,0.7164928814101862
658668,2024,R,0.29536135960179816,0.0663647043812512,0.19085846519498528,0.013217509448265212,0.7295593214700806
680769,2024,R,0.28686096405434175,0.09020142029342275,0.26784544740769023,0.00857519052012538,0.6333779411308454
666703,2024,R,0.25524953456262955,0.08905754774629512,0.2942362480688289,0.014186603201004358,0.6025196004742174
571466,2024,R,0.28894371934485946,0.09028883910152431,0.22671805761825833,0.008349840796032185,0.6746432617542912
673995,2024,R,0.26120505044732245,0.07560993262885564,0.2937815497287315,0.013746930452170174,0.6168615869054609
641313,2024,R,0.28955450009156536,0.04421039579886592,0.23655117464732592,0.013094057875691924,0.7061443718428517
660707,2024,R,0.26869294918780173,0.05205240948371133,0.3147148098451483,0.012979594533090081,0.6202531858100435
605204,2024,R,0.31790964932310023,0.09456623654371539,0.28248263263117357,0.014089865784310592,0.6088612648766112
682119,2024,R,0.26120505044732245,0.07560993262885564,0.2937815497287315,0.013746930452170174,0.6168615869054609
641511,2024,R,0.26393833937093214,0.08453766613168405,0.2715513945400006,0.013825002310494173,0.6300859368486889
671286,2024,R,0.26120505044732245,0.07560993262885564,0.2937815497287315,0.013746930452170174,0.6168615869054609
676701,2024,R,0.26804571094919805,0.06659280624249787,0.24013523337055,0.012949287171476401,0.6803226739646172
670092,2024,R,0.28686096405434175,0.09020142029342275,0.26784544740769023,0.00857519052012538,0.6333779411308454
676369,2024,R,0.30050105075275146,0.08551535485961274,0.3254191612370643,0.013402841269468101,0.5756626422735498
640492,2024,R,0.2796231142475543,0.05241187908161274,0.2392691141779051,0.012559084052717641,0.6957599228289285
682619,2024,R,0.26120505044732245,0.07560993262885564,0.2937815497287315,0.013746930452170174,0.6168615869054609
693049,2024,R,0.321108122088184,0.059200812759240946,0.2533417505918789,0.008095622592237573,0.6793618142673238
669450,2024,R,0.30024641770408456,0.12882068338765373,0.2891076622064538,0.008851546612165561,0.573220109098581
691182,2024,R,0.28686096405434175,0.09020142029342275,0.26784544740769023,0.00857519052012538,0.6333779411308454
674441,2024,R,0.28686096405434175,0.09020142029342275,0.26784544740769023,0.00857519052012538,0.6333779411308454
675659,2024,R,0.28686096405434175,0.09020142029342275,0.26784544740769023,0.00857519052012538,0.6333779411308454
669087,2024,R,0.277137794035554,0.06468460324800275,0.3554818948434389,0.012458886014788754,0.5673746158356299
666915,2024,R,0.30162073139261647,0.07373866053486945,0.3301828545890873,0.013494272022796119,0.5825842125105711
679881,2024,R,0.2786698997018569,0.09650638038275977,0.30175761212121105,0.00886357072869903,0.592872436728362
657061,2024,R,0.2749404004345419,0.08862922633644275,0.2528238959760892,0.00839180220622749,0.6501550752184686
543228,2024,R,0.30707436486691925,0.05707118331111608,0.21673074383148475,0.013240727065427412,0.7129573457671868
686554,2024,R,0.28686096405434175,0.09020142029342275,0.26784544740769023,0.00857519052012538,0.6333779411308454
596129,2024,R,0.3481633286671337,0.13420491728460007,0.23722336579335718,0.009186177128857413,0.6193855402392855
547989,2024,R,0.35101594688917237,0.046600432229405804,0.21155353630718107,0.013714832738034099,0.728131198692077
666135,2024,R,0.3235062147487823,0.06887655158305235,0.21222295311274758,0.008098440249712072,0.7108020550350774
643265,2024,R,0.3354188536718952,0.0770116647634458,0.24508394723151294,0.013336831381360012,0.6645675560773888
683146,2024,R,0.33222193971577546,0.09458280451944406,0.24877573169056522,0.008361683944947407,0.6482797795809203
605119,2024,R,0.3141213792699308,0.08454034865778287,0.2559278708818845,0.013848661502706638,0.6456831186235978
677347,2024,R,0.25929743952448936,0.0855172874135755,0.32711967996428737,0.014075964623925494,0.5732870683722023
667428,2024,R,0.26120505044732245,0.07560993262885564,0.2937815497287315,0.013746930452170174,0.6168615869054609
621545,2024,R,0.23966531731461377,0.08593408002894642,0.2983846582733146,0.01427047359026939,0.6014107879680654
664874,2024,R,0.25816808754509285,0.07790273958361214,0.3403307831062408,0.014208356646470043,0.5675581202979397
663611,2024,R,0.3038729837800172,0.08557576892672204,0.10456152411007044,0.01386129953345237,0.7960014068318283
553882,2024,R,0.31085912861623716,0.0983369969454958,0.19164819491893914,0.008562998068569052,0.7014518104530936
645801,2024,R,0.33664833142783346,0.11977727116200187,0.24431493817995037,0.00857867721876613,0.6273291126947865
680911,2024,R,0.2994603626933122,0.0672188473648425,0.19418731374455528,0.013072450605432825,0.7255213884649394
664314,2024,R,0.2928628139057087,0.11016132913011303,0.3041437799570363,0.00868139184998108,0.5770134994918529
694497,2024,R,0.3068603639348037,0.13383169572648068,0.28280096755285156,0.008995583757816509,0.5743717526704588
663630,2024,R,0.278082618535641,0.09526227961032206,0.3261554949328628,0.0140100216066429,0.5645722046027408
660670,2024,R,0.3819780117355895,0.09028881204420132,0.2210424630922307,0.014199924323810786,0.6744687998165073
644433,2024,R,0.25600618610272113,0.05953239042071065,0.28721755058546644,0.012899116464862722,0.6403509432207146
665923,2024,R,0.2550486023075674,0.07599136484177613,0.23695545092246706,0.013639268136371311,0.6734139166817537
666165,2024,R,0.3031890467096173,0.09600779917407919,0.3222743447724715,0.008402962041531818,0.5733148936314652
668843,2024,R,0.2948281400122572,0.11612572110706128,0.24290374685608598,0.008727938269453386,0.6322425938478029
669699,2024,R,0.2873758641320197,0.07972345661853514,0.2675359883710143,0.00841825998731143,0.6443222957591312
676896,2024,R,0.26120505044732245,0.07560993262885564,0.2937815497287315,0.013746930452170174,0.6168615869054609
542364,2024,R,0.31658395185494176,0.09763690134148398,0.18066765988681513,0.008344678613411417,0.7133507601004074
621563,2024,R,0.30952726170725053,0.0681426844910235,0.16633773324324871,0.0074171550947755545,0.7581024271043164
664059,2024,R,0.29319963673585503,0.11053220368292695,0.25343285549504707,0.008546467581741763,0.627488473285489
592348,2024,R,0.29785951594311255,0.08641226997030887,0.2982835664989346,0.008685614577548462,0.6066185489853037
808982,2024,R,0.28686096405434175,0.09020142029342275,0.26784544740769023,0.00857519052012538,0.6333779411308454
687952,2024,R,0.30913542594379007,0.056244948853974366,0.2754211212591651,0.01318941418597751,0.6551445148186904
501303,2024,R,0.2964025424834024,0.10503597513202774,0.2020579232005531,0.008391911795072718,0.6845141897247878
670223,2024,R,0.3215268622173374,0.08680294278178727,0.27432584193923587,0.008534338491869017,0.6303368769245914
608596,2024,R,0.285971571827773,0.07327677652056304,0.33058585430723975,0.013996280780041325,0.5821410876293797
686894,2024,R,0.28872628983417653,0.08771528499343945,0.2786589139773882,0.013985340958335684,0.6196404599957684
688363,2024,R,0.28686096405434175,0.09020142029342275,0.26784544740769023,0.00857519052012538,0.6333779411308454
545361,2024,R,0.3826377779492505,0.10438897824540931,0.24548420486694006,0.015003570353400499,0.6351232461528502
650907,2024,R,0.2895421832945337,0.06257993518704648,0.2921255222634234,0.013777829629121264,0.6315167123108159
543305,2024,R,0.31360392898123834,0.11717689915170211,0.23033258788171052,0.008641552124077283,0.6438489606519112
622569,2024,R,0.3075714201906139,0.09067375596387998,0.18870250908950537,0.014310760236257821,0.7063129740560211
666211,2024,R,0.2914769590462604,0.11171671560855398,0.3307699028626497,0.008840438826429148,0.5486729424961355
664058,2024,R,0.29431749440122,0.09027029621736894,0.10684093412578155,0.012914888458176652,0.7899738814101465
669352,2024,R,0.2510925479535927,0.06996058721353876,0.2812973704922497,0.012939017379017597,0.6358030252129353
541645,2024,R,0.3108219751628263,0.04380358499840481,0.25429641908065465,0.012153193776330647,0.689746802809759
665856,2024,R,0.26120505044732245,0.07560993262885564,0.2937815497287315,0.013746930452170174,0.6168615869054609
607054,2024,R,0.31503255836352073,0.12938511009752582,0.2330301140961013,0.008802236027957103,0.6287825398092832
676946,2024,R,0.2679887332611464,0.09010287985545619,0.2520548336463279,0.013932294197123992,0.6439099919017601
675915,2024,R,0.26120505044732245,0.07560993262885564,0.2937815497287315,0.013746930452170174,0.6168615869054609
665120,2024,R,0.33231310427446725,0.08633826478514874,0.24636246885054805,0.00826906041084906,0.6590302061175913
643393,2024,R,0.3033561598837144,0.11381222119075333,0.14721388309661573,0.008207034430705055,0.7307668613127424
660162,2024,R,0.33398581705973546,0.10972674238157738,0.2799859526225215,0.008887534778122142,0.601399770119644
669392,2024,R,0.25669950220027044,0.07714156084736702,0.28433299445151233,0.013984615389277982,0.6245408286846319
