batter,season,p_throws,pred_woba,rate_bb,rate_k,rate_hbp,rate_bip
621438,2024,L,0.31664526909584856,0.06581633177409166,0.22124666868514073,0.007739480991269859,0.70519751790565
502110,2024,L,0.3710253445860492,0.07081750084361525,0.24153048793044443,0.0077380310863651375,0.6799139809443301
624413,2024,L,0.383985955745986,0.08178470517868469,0.22892436643936293,0.007984668987814665,0.6813062606331164
570482,2024,L,0.33586272155947916,0.04404109826864736,0.16946649390384877,0.006825185840092369,0.779667220873616
657656,2024,L,0.3234331806748262,0.10554827599128029,0.24843319420219526,0.008383657225083128,0.6376348726259708
624585,2024,L,0.35238940810961483,0.09608347761582452,0.25660300522463486,0.008063123585283494,0.6392503924521993
621566,2024,L,0.34686070882952097,0.08638581336623377,0.2584849625236077,0.014296046652158766,0.6408331772413585
607043,2024,L,0.31387175322321414,0.12170945919704813,0.23791170309557053,0.015019777865495904,0.6253590609949148
542303,2024,L,0.3751828225868155,0.06313928454955059,0.1943898631345621,0.0071428007531297065,0.7353280527762596
645277,2024,L,0.33245603422766745,0.03345685278674261,0.1451449170715955,0.006535535348325855,0.8148626952293951
671739,2024,L,0.30339663849919946,0.051331507538736394,0.22750188414862274,0.012733058119185115,0.7084335498196445
606115,2024,L,0.3100251313666027,0.07448969150306305,0.18547105051698723,0.007553876180262995,0.7324853824973149
669221,2024,L,0.3498601786837948,0.096057579108184,0.21368971453267457,0.007913716591058884,0.6823389904072749
664983,2024,L,0.26240048789548376,0.07791538258051463,0.25433329022466944,0.013362706526396421,0.65438862021975
444482,2024,L,0.3097733244905442,0.07114191857002507,0.20772918646323824,0.013164618363302254,0.7079642772270779
630105,2024,L,0.3071477756517788,0.10007883730362967,0.18940528556949565,0.014192963175280175,0.6963229127465409
682998,2024,L,0.3143594517540244,0.09246977057681312,0.21800929577227812,0.014434529507302184,0.6750864044306399
606466,2024,L,0.34686738554823404,0.055610445587725196,0.14833245109743606,0.007190725304836436,0.7888663777061329
672695,2024,L,0.30162495157897806,0.13187219271126846,0.17542849857232412,0.008229237466561961,0.684470072672968
672515,2024,L,0.3392457498369455,0.10213403480144075,0.18272569483921972,0.008174807823077251,0.7069654609444621
553993,2024,L,0.33256992853061856,0.11468114457376452,0.27138961385847093,0.008555071935150357,0.6053741692748454
545341,2024,L,0.33634346577727997,0.05238790952547324,0.24581288238067964,0.007465307525274613,0.6943338998884566
572233,2024,L,0.35165012680711005,0.08756083206571597,0.2229091897285681,0.007912145015683249,0.681617833022584
666971,2024,L,0.3556385021105911,0.0672075308668241,0.16574546014044586,0.00709600367591814,0.759951006329009
518595,2024,L,0.34105046291940094,0.07706767381378278,0.19862322403861918,0.007555690810229077,0.7167534097875216
669004,2024,L,0.30944117332627397,0.08764841779792386,0.26306339849824584,0.014185446938679062,0.6351027372538754
493329,2024,L,0.3441845831233769,0.060024396177398284,0.10438704974639271,0.006718340446834524,0.8288702137425721
686681,2024,L,0.2904631780390358,0.057882106553683615,0.23887240427446946,0.013000547583343493,0.6902449416703634
687093,2024,L,0.2905857182887555,0.06969934436276716,0.21236239249400066,0.00763951824962402,0.710298744295166
680776,2024,L,0.2933093400435901,0.07553633254565124,0.2520511354465723,0.013179229962249352,0.6592333022084758
665839,2024,L,0.2788793889540176,0.08942292110501684,0.2300888399032199,0.014700802993995444,0.6657874363993936
681508,2024,L,0.274497285041083,0.07890778288273116,0.2825235789592931,0.008036339379740763,0.6305322994029126
678882,2024,L,0.28534830923425425,0.06525025527961162,0.2744356315791176,0.007792641218840762,0.6525214719972191
686765,2024,L,0.274497285041083,0.07890778288273116,0.2825235789592931,0.008036339379740763,0.6305322994029126
677800,2024,L,0.2750793708983873,0.08776071887594977,0.3088945688756403,0.014936159281743135,0.588408553873526
657136,2024,L,0.2982120273816316,0.07505828808034039,0.29867234588638514,0.008141737285720908,0.6181276286028732
671213,2024,L,0.3049598972260376,0.09628419287396106,0.2843881402483265,0.013645389792588144,0.6056822760210087
682829,2024,L,0.2928648445761469,0.07892617497503684,0.32264160969953615,0.00797916600996023,0.5904530497886654
663697,2024,L,0.3290540017980893,0.12347638728081847,0.21922887034033484,0.008477912193891142,0.648816830614701
571912,2024,L,0.290502451411181,0.08709394510602743,0.25345521726055076,0.008054723495483225,0.6513961145983123
664023,2024,L,0.31297619750010075,0.09014934865999842,0.26904304666444917,0.00771413744677043,0.6330934661700407
676679,2024,L,0.274497285041083,0.07890778288273116,0.2825235789592931,0.008036339379740763,0.6305322994029126
682634,2024,L,0.274497285041083,0.07890778288273116,0.2825235789592931,0.008036339379740763,0.6305322994029126
542194,2024,L,0.3006838823463481,0.043401892896750054,0.2532929238764325,0.00717462614110359,0.696130557653182
691718,2024,L,0.23339300594176698,0.07629396652749706,0.3491737500169434,0.014642465616130335,0.5598898178643485
571771,2024,L,0.34185382796269925,0.09169519921827854,0.193002296584643,0.007865045856213277,0.7074374571788934
669242,2024,L,0.31306647525427445,0.0653044104599673,0.15506511390435188,0.00704252420845958,0.772587951833524
571970,2024,L,0.33080053151091765,0.11898170069046746,0.26671078143968585,0.015419443040069737,0.598888074949926
595909,2024,L,0.2607910865198834,0.07830969549208698,0.32789611352940146,0.014314014220018377,0.5794801767009102
656541,2024,L,0.25944765722184226,0.09081688717117738,0.37485446990073945,0.014400364279665291,0.5199282784262228
666134,2024,L,0.2806945087513028,0.10194702460719852,0.3403665641934941,0.014948206128498244,0.5427382053858039
669911,2024,L,0.263587339223296,0.07592977447917484,0.3622588225303136,0.007998231579729741,0.5538131719822663
641857,2024,L,0.2911744139223193,0.08632257112081843,0.32244336242709754,0.01448679562856997,0.5767472704967437
678662,2024,L,0.2997212436805801,0.05718013004438173,0.2603020585936416,0.0078078794596599,0.6747099325808693
453568,2024,L,0.3095268366384424,0.0628983535622034,0.18783857630872672,0.013510953993760802,0.7357521161822356
679529,2024,L,0.35272553884621427,0.08722677284927621,0.21236437027799698,0.007927919947962228,0.6924809380166879
628451,2024,L,0.32389413643652304,0.06691888827375414,0.16196071855859975,0.007307502251226859,0.7638128894721454
672761,2024,L,0.274497285041083,0.07890778288273116,0.2825235789592931,0.008036339379740763,0.6305322994029126
682985,2024,L,0.2969948361981197,0.08622044095044641,0.2946418960910974,0.014616498999737167,0.6045211629426888
664056,2024,L,0.305503741177464,0.08272044105986874,0.2340489235772267,0.008076575496337316,0.6751540596146931
668901,2024,L,0.31736623465393227,0.06473309231230501,0.2737567731920222,0.007837475116390043,0.6536726597496693
578428,2024,L,0.30443366846839226,0.0554359358949227,0.12245372048878046,0.007077320535723089,0.8150330235995621
596019,2024,L,0.3456014033475053,0.06286115336471315,0.13953962611802898,0.00728932265554012,0.7903098983800435
686555,2024,L,0.274497285041083,0.07890778288273116,0.2825235789592931,0.008036339379740763,0.6305322994029126
606992,2024,L,0.2941981202184738,0.07176675566835657,0.29978027804721247,0.008116663865142853,0.6203363019612288
641343,2024,L,0.2813747408749608,0.0944927149055055,0.291956789839361,0.013658581437296693,0.5998919131439864
682626,2024,L,0.33146385389932115,0.09657459247140061,0.2615932008169451,0.00792976655312699,0.6339024388131939
516782,2024,L,0.32548074303884983,0.0490077891845334,0.18464274933725225,0.007518858224610345,0.7588306019714843
642715,2024,L,0.3172020483684982,0.0994791586611091,0.2678236425893034,0.008352000279976426,0.6243451994187139
694192,2024,L,0.274497285041083,0.07890778288273116,0.2825235789592931,0.008036339379740763,0.6305322994029126
668930,2024,L,0.2748198571821222,0.09585227919560811,0.24408701099534655,0.013547963715755644,0.6465127469741264
687401,2024,L,0.2880630605431371,0.06555038949231484,0.2520346800998407,0.0076806781476443445,0.6747342531319738
596142,2024,L,0.34370753424538,0.08782339305100358,0.2670175666971897,0.008122674969189558,0.6370363650618921
663368,2024,L,0.28701179058646414,0.13362311678998992,0.27147436525458324,0.00868599020968901,0.5862165281261359
680737,2024,L,0.274497285041083,0.07890778288273116,0.2825235789592931,0.008036339379740763,0.6305322994029126
700250,2024,L,0.24661785147069182,0.08030895025126325,0.3067774448267326,0.01435157895079902,0.5985620257202587
683011,2024,L,0.3186862437910982,0.10195088951011239,0.24634005263330028,0.008188873159553947,0.6435201841496707
641943,2024,L,0.2882828537842971,0.07760556836012983,0.21740438898563488,0.014079716670678238,0.6909103248264644
663698,2024,L,0.30064940329094936,0.07470384469781434,0.30364364754211476,0.008105860235352156,0.6135466471110813
665833,2024,L,0.28187526932117174,0.07981233308704092,0.35024447397543085,0.014171872130710505,0.5557713196527757
657077,2024,L,0.31417798142572234,0.08195800522850583,0.15988551608977752,0.013828394965569287,0.7443280849726092
542932,2024,L,0.32150921861528886,0.11826501270122483,0.21369766833802054,0.008181847792704559,0.6598554715789894
691176,2024,L,0.290162552654533,0.08615783033215028,0.26827407871937103,0.00792153210823302,0.6376465588367048
519317,2024,L,0.383755437978569,0.07060520296762747,0.26936959536777094,0.007718194275859529,0.652307008559167
663757,2024,L,0.29232633557035104,0.12914633225421585,0.2855760249747589,0.015654766900457497,0.5696228759483694
650402,2024,L,0.3432898852174433,0.08796769563261603,0.20461661580835988,0.007824661857469502,0.699591027398671
624431,2024,L,0.31746866296980936,0.0626868322765068,0.1524801875088158,0.006577039626786621,0.778255940432354
666149,2024,L,0.2866069985530569,0.09353484900815563,0.2791760917250943,0.00814654644099801,0.6191425127334059
624424,2024,L,0.29943806543203294,0.09481237880586724,0.2697715641388661,0.014744181815895792,0.6206718751851903
669477,2024,L,0.31650598038472744,0.06132616742028102,0.2107555562243458,0.00732294573591462,0.720595331948918
622268,2024,L,0.2614043304130501,0.0727812677369586,0.2487053399493946,0.013634371133339387,0.6648790207884886
663457,2024,L,0.30169553054990605,0.11670713908117623,0.2546608919927025,0.014354073646023391,0.6142778953484683
663609,2024,L,0.32095280022568523,0.09425334554731837,0.28626070493681366,0.00826905800930508,0.6112168915401631
668942,2024,L,0.2856730327851947,0.11056182275516047,0.24422485290064205,0.014496469816332165,0.6307168555738526
664238,2024,L,0.31476421792490944,0.11941974450907855,0.27699487781812815,0.008580130006186107,0.595005247936183
571745,2024,L,0.3377631808661499,0.08975448975408096,0.24262944059907057,0.0077862045729477905,0.6598298655922223
649966,2024,L,0.30937491000188966,0.11011918993535423,0.22349808506976382,0.008378394608090225,0.658004329332394
670042,2024,L,0.2864780393029192,0.07006900452704379,0.3204516567341759,0.01332496442163127,0.5961543743960315
668227,2024,L,0.33643138344819334,0.090368173409765,0.22784202597090983,0.008073408036647826,0.6737163938129513
663728,2024,L,0.3163883309897708,0.06789071828537727,0.2729604445728995,0.007794448088975381,0.651354390306309
680474,2024,L,0.274497285041083,0.07890778288273116,0.2825235789592931,0.008036339379740763,0.6305322994029126
668832,2024,L,0.24661785147069182,0.08030895025126325,0.3067774448267326,0.01435157895079902,0.5985620257202587
663527,2024,L,0.3227026467554724,0.1031839290372524,0.22020139540474498,0.008133261782943274,0.668481413155427
680869,2024,L,0.3056451448752698,0.09046527166801592,0.2741288075895044,0.008025878974362813,0.6273800409072054
664913,2024,L,0.2959225697218843,0.0750107354363539,0.28232516807075736,0.014066387633373758,0.6285977088924893
691016,2024,L,0.2623779500834256,0.06934119692913356,0.3266071279881586,0.012811407757136,0.5912402679727213
667670,2024,L,0.33904962958524487,0.10516731081934381,0.30709777918981385,0.008476511296024707,0.5792583996902612
663743,2024,L,0.3357469303111082,0.08045524976380247,0.16558600383459177,0.007212464166185865,0.746746282068818
665052,2024,L,0.24661785147069182,0.08030895025126325,0.3067774448267326,0.01435157895079902,0.5985620257202587
672640,2024,L,0.2833683561520969,0.09096175075894687,0.25700610118786893,0.008050983821378638,0.6439811638500859
667472,2024,L,0.3222621978101092,0.07507849146509811,0.24620186576900058,0.007855775243011115,0.6708638680638821
660821,2024,L,0.2914453466986141,0.06686692368467773,0.28301743840893473,0.013203343100872492,0.636912294896761
681146,2024,L,0.30849956814499707,0.1153270034365117,0.1661549150579797,0.008248784595987184,0.7102692969159633
665782,2024,L,0.274497285041083,0.07890778288273116,0.2825235789592931,0.008036339379740763,0.6305322994029126
676914,2024,L,0.29398553645488495,0.12357680701480867,0.32676197967675624,0.008570289913241944,0.541090923429781
676391,2024,L,0.3094955037893053,0.06254748985124234,0.13161888117996037,0.007056642551140565,0.7987769870103136
687462,2024,L,0.2553101934004424,0.07839588236823959,0.25992165975455994,0.014037451669218859,0.647645006090896
682729,2024,L,0.274497285041083,0.07890778288273116,0.2825235789592931,0.008036339379740763,0.6305322994029126
665489,2024,L,0.39459070450505085,0.07876260794057116,0.1475835240792315,0.007209688366124827,0.7664441793831089
623168,2024,L,0.2739041819555045,0.07961414862003048,0.16831649517433286,0.007712116156360862,0.7443572397279171
694388,2024,L,0.24661785147069182,0.08030895025126325,0.3067774448267326,0.01435157895079902,0.5985620257202587
669364,2024,L,0.2800508107829962,0.0932210395013851,0.21983137293403948,0.007902292893319559,0.6790452938377225
669394,2024,L,0.331213788357293,0.07784277242926269,0.2938739146703472,0.007749142484101788,0.6205341715595148
672642,2024,L,0.274497285041083,0.07890778288273116,0.2825235789592931,0.008036339379740763,0.6305322994029126
681393,2024,L,0.274497285041083,0.07890778288273116,0.2825235789592931,0.008036339379740763,0.6305322994029126
656448,2024,L,0.3154627181976536,0.07533435429333557,0.27723464107024254,0.007913631942997858,0.6395173740267995
686611,2024,L,0.274497285041083,0.07890778288273116,0.2825235789592931,0.008036339379740763,0.6305322994029126
677588,2024,L,0.25092578862001896,0.10535213294314107,0.3150462964718279,0.014973045731171624,0.5646285249344946
660766,2024,L,0.30569065130320844,0.069892234718884,0.2407361961787346,0.008124567713598051,0.6812469987257292
695578,2024,L,0.24661785147069182,0.08030895025126325,0.3067774448267326,0.01435157895079902,0.5985620257202587
671277,2024,L,0.2899394077235615,0.04925726888626277,0.17266802901225875,0.009213914550995598,0.7688607883467838
683083,2024,L,0.274497285041083,0.07890778288273116,0.2825235789592931,0.008036339379740763,0.6305322994029126
696285,2024,L,0.3024229850225867,0.08632445203328569,0.1875154820984551,0.007788035832736814,0.7183720298740481
686452,2024,L,0.27739105552931764,0.09380503174384441,0.2727812167162984,0.008094333899028115,0.6253194177797302
608336,2024,L,0.31549766604825946,0.09588043419692435,0.39337003612371746,0.014695239256945934,0.49605429063328477
596117,2024,L,0.2501346980607815,0.10038712627388537,0.26750923531785825,0.014840838656741814,0.6172627999240783
624641,2024,L,0.29459147378834677,0.056356162301434046,0.2207964430597706,0.0077035372559104715,0.7151438581064494
665019,2024,L,0.2750252634535897,0.08396207921117643,0.28225345215786196,0.014267059759065484,0.6195174087240823
669016,2024,L,0.28489050703691415,0.08731319594165636,0.32066014498936907,0.014842079072474552,0.5771845803363129
664761,2024,L,0.3466261618043323,0.06761206452106153,0.1888070279741747,0.007374158045430298,0.7362067484007496
681082,2024,L,0.295023987308905,0.08870968583655839,0.18465802988274382,0.01293571989231867,0.7136965648732769
605137,2024,L,0.3423964842756904,0.08312613004190518,0.20174533531659047,0.007702315540512656,0.7074262199137584
642180,2024,L,0.2573556518389408,0.09465300756456986,0.24963874102343755,0.014643876706364143,0.6410643747946831
663604,2024,L,0.274497285041083,0.07890778288273116,0.2825235789592931,0.008036339379740763,0.6305322994029126
543309,2024,L,0.32475000360606043,0.06360384437972046,0.245356951953514,0.0073585492075859266,0.6836806539113682
456781,2024,L,0.33150239089392125,0.07600954206443747,0.19131876151593627,0.007653424834745774,0.7250182711414316
595777,2024,L,0.32158122021181024,0.10562679409424305,0.16039250471112304,0.007928577604154382,0.7260521234234807
605113,2024,L,0.2929326441162695,0.07025189705361344,0.1899246591019095,0.007467565325453754,0.7323558784965652
593428,2024,L,0.3455175441394978,0.09712675919253949,0.16989324849881798,0.007810041920792038,0.7251699518021913
592518,2024,L,0.38246514146896854,0.06650038953375693,0.16038044273578897,0.007155220167099576,0.7659639473111245
670623,2024,L,0.3290625918059276,0.09272404027679847,0.148853462983183,0.007811487049423554,0.7506110104755984
673548,2024,L,0.35245684002081384,0.12281902303554423,0.22636625843890787,0.008620230446251908,0.6421944881571083
641355,2024,L,0.3102438753471733,0.07182416377866126,0.23952451885759293,0.013788329241893903,0.674862988462834
701305,2024,L,0.274497285041083,0.07890778288273116,0.2825235789592931,0.008036339379740763,0.6305322994029126
572138,2024,L,0.27559896921348,0.094774293538731,0.2783737825981772,0.014534980218877658,0.612316944001678
605170,2024,L,0.32528663809713415,0.0802248540340524,0.21952202305761126,0.007816951359379607,0.6924361718034086
663656,2024,L,0.3633195206200272,0.07034891405323024,0.16553525415064768,0.013170382477637202,0.7509454490952795
687597,2024,L,0.274497285041083,0.07890778288273116,0.2825235789592931,0.008036339379740763,0.6305322994029126
691011,2024,L,0.274497285041083,0.07890778288273116,0.2825235789592931,0.008036339379740763,0.6305322994029126
668845,2024,L,0.274497285041083,0.07890778288273116,0.2825235789592931,0.008036339379740763,0.6305322994029126
676070,2024,L,0.2756251375349249,0.07482812793529771,0.2464816732325925,0.007809390621971384,0.670880809301514
642020,2024,L,0.2846275140369255,0.05964398890568531,0.26987979526388484,0.007590113877046037,0.6628861017167583
666150,2024,L,0.25871237262125607,0.07799498003331609,0.25136085191798346,0.013966009664704432,0.656678157842918
663993,2024,L,0.3234139812795908,0.09493879848653619,0.23636787649051236,0.013734621139339409,0.6549587042418911
622110,2024,L,0.32218845485823633,0.07995760856085726,0.15926646238594497,0.007398806867930748,0.7533771225443889
694671,2024,L,0.274497285041083,0.07890778288273116,0.2825235789592931,0.008036339379740763,0.6305322994029126
669701,2024,L,0.28187944182324426,0.11281703310816867,0.2681026090754992,0.015223388486238327,0.6038569700683933
543760,2024,L,0.3402118647523873,0.10837048695451876,0.18437506667355996,0.008034551890821988,0.6992198951665518
677649,2024,L,0.3115090984492118,0.062482800295909725,0.2602445294253503,0.007722083069327012,0.6695505866233059
641680,2024,L,0.337623533930138,0.06317407154569299,0.1638660315943509,0.007300567811187441,0.7656593281492702
608348,2024,L,0.31633457916260266,0.10335678786533342,0.22744132941451048,0.00827862865174851,0.6609232543526253
665750,2024,L,0.3107186889599101,0.07908085568338244,0.2363872236869158,0.007528978444805418,0.6770029425167431
607680,2024,L,0.3180350713433582,0.04241787682309851,0.15733746074365615,0.006980607335635233,0.7932640548680221
676572,2024,L,0.274497285041083,0.07890778288273116,0.2825235789592931,0.008036339379740763,0.6305322994029126
605346,2024,L,0.25372954960929495,0.06402651070522321,0.31897517926992275,0.007955121801178792,0.6090431885943423
621493,2024,L,0.35147801459387906,0.09995456542784242,0.20647996727086715,0.007819518737966004,0.6857459470833279
683021,2024,L,0.29942313275378085,0.09765088945091556,0.14391778562882515,0.007546917830470104,0.7508844067926016
694359,2024,L,0.24661785147069182,0.08030895025126325,0.3067774448267326,0.01435157895079902,0.5985620257202587
672569,2024,L,0.274497285041083,0.07890778288273116,0.2825235789592931,0.008036339379740763,0.6305322994029126
681351,2024,L,0.3081550593098187,0.0758702474409878,0.2416392802608364,0.007770628534146698,0.6747198437548096
592273,2024,L,0.3286068421577176,0.06175927936540695,0.21949482564034656,0.007578356199369911,0.7111675380651215
655316,2024,L,0.31845222926567157,0.13108038036128497,0.19574762409713997,0.008505860220791823,0.6646661360393973
669003,2024,L,0.260357650948889,0.09517593501061831,0.3397830744560186,0.014716138508775215,0.5503248512320124
656555,2024,L,0.36258112071790716,0.11234803619249123,0.2330045027535886,0.008461402649815826,0.6461860584275937
661388,2024,L,0.3401534800145039,0.09477764204573182,0.24348098668483661,0.007911704274865716,0.6538296677724507
571657,2024,L,0.2991759905072979,0.0692598427663988,0.21126375042834147,0.007792548710494612,0.7116838581043807
680777,2024,L,0.3142305925010446,0.09522812432317389,0.2926238709189424,0.00816736887522964,0.6039806370279701
467793,2024,L,0.35365783847492305,0.10538677674501287,0.14739594867583916,0.007670891501126263,0.7395463822305038
680577,2024,L,0.24661785147069182,0.08030895025126325,0.3067774448267326,0.01435157895079902,0.5985620257202587
686797,2024,L,0.274497285041083,0.07890778288273116,0.2825235789592931,0.008036339379740763,0.6305322994029126
668885,2024,L,0.274497285041083,0.07890778288273116,0.2825235789592931,0.008036339379740763,0.6305322994029126
666397,2024,L,0.2853418974849392,0.1370223482980301,0.3333342509264104,0.015481499222293492,0.5141619013534225
650489,2024,L,0.28770466304331827,0.04624849424946158,0.24205936488767069,0.0074410567776786824,0.7042510836018313
668904,2024,L,0.33563266656819585,0.08347317777055069,0.20918705519595263,0.007718885308834353,0.6996208820682834
622534,2024,L,0.33039801574074357,0.09223205208073189,0.16724440143152267,0.007746471700451377,0.7327770752158844
669224,2024,L,0.2759035350938245,0.062484052497498006,0.2632486296709152,0.013039385210504979,0.6612279330624843
592450,2024,L,0.3995718853028732,0.11036879316878494,0.3092347969399192,0.008277912837105513,0.5721184990692636
665742,2024,L,0.3586820515664761,0.11500098117890918,0.20840374362971012,0.014622691531491079,0.6619725826158237
665828,2024,L,0.3043004448256497,0.07001747340241106,0.21903604418688338,0.007648439390503578,0.7032980435112799
693304,2024,L,0.2866278133205834,0.0975606900608295,0.2610205600554504,0.008075303888996053,0.6333434449413687
668804,2024,L,0.3495753614906127,0.08065657192962718,0.2016331272551306,0.007545570730639912,0.7101647307905575
519203,2024,L,0.33946447473548064,0.07166750525502912,0.17018069812274933,0.01377146236481074,0.7443803333072717
687529,2024,L,0.24661785147069182,0.08030895025126325,0.3067774448267326,0.01435157895079902,0.5985620257202587
689172,2024,L,0.2416177529797608,0.08152321082423719,0.31498848294549714,0.01447829892981516,0.5890100066091905
672275,2024,L,0.29734766997192463,0.10217627980483912,0.27695844357362726,0.008114209415058369,0.6127510670490478
666464,2024,L,0.27065636669719983,0.0675641751180083,0.3484618269349136,0.007811128631565486,0.5761628690518465
680977,2024,L,0.31359247615817804,0.11230990887790408,0.1815306565083493,0.014950660164299311,0.6912087744628556
502671,2024,L,0.3821942208228671,0.09926357219952146,0.21364274431626082,0.008039109914759788,0.6790545746219976
676475,2024,L,0.3034429283345095,0.055903656003171216,0.16435667978264684,0.012399766168693687,0.7673398992908074
457759,2024,L,0.35226473236382827,0.08966956354211489,0.1632603501101293,0.007901531074685112,0.7391685558343543
641487,2024,L,0.3065559354657094,0.11544315795196418,0.19149870967477597,0.014970370064760305,0.6780877629516003
645302,2024,L,0.2836681189997939,0.08175583622234513,0.23537409389140618,0.007875458321225088,0.674994610879047
671732,2024,L,0.26205121592312497,0.08221484476016658,0.3158543920700133,0.013628511681987976,0.5883022509332811
640902,2024,L,0.274497285041083,0.07890778288273116,0.2825235789592931,0.008036339379740763,0.6305322994029126
691594,2024,L,0.274497285041083,0.07890778288273116,0.2825235789592931,0.008036339379740763,0.6305322994029126
547180,2024,L,0.3565162514383133,0.07259454745067291,0.22021896280994765,0.013587422804498879,0.6935990681100815
607208,2024,L,0.34200401522336893,0.07974971310069734,0.19619918793247743,0.007589441672844701,0.7164616582288366
656941,2024,L,0.31784076580434967,0.09789965519028938,0.3160643141249653,0.014922876958397967,0.5711131538456405
642215,2024,L,0.27551957771769525,0.09532066120822595,0.3169340410858253,0.008346101739109673,0.5793991960534595
592663,2024,L,0.3485156234894212,0.06465108250202055,0.19260671462284756,0.0077152165687652445,0.735026988320341
592206,2024,L,0.3357133833060139,0.05483859738504867,0.22483914978680877,0.0075655550540838406,0.7127566978915333
701538,2024,L,0.24661785147069182,0.08030895025126325,0.3067774448267326,0.01435157895079902,0.5985620257202587
650333,2024,L,0.3272894538271997,0.09846157530347431,0.10856695565122024,0.014159767808169722,0.7788117026605267
677951,2024,L,0.3555718531349256,0.0539955659387119,0.1913189017158478,0.007416722764792957,0.7472688105860714
502054,2024,L,0.3575570365699026,0.12463279580775158,0.22925316245692084,0.008154831549327059,0.6379592101046202
672580,2024,L,0.3426127418573729,0.1026933119634325,0.19763038130863314,0.007679978724547575,0.6919963274858851
641658,2024,L,0.28367153350441193,0.11161916076084039,0.2584886983891474,0.008369069178544623,0.6215230730349127
592669,2024,L,0.3376857240234827,0.07318214779117395,0.2382712951146553,0.007751025535215718,0.6807955318858344
543257,2024,L,0.3119237620259268,0.13449351582142857,0.2262255357078947,0.008210156294684995,0.6310707926656728
521692,2024,L,0.34483243076994047,0.024365135862566282,0.20550694331771885,0.007066785535932189,0.7630611352464899
664728,2024,L,0.2867417728972805,0.07953906400909867,0.23618234296763593,0.013259565761626374,0.6710190281309625
663853,2024,L,0.30086735766072864,0.06764365832895093,0.2935029240105365,0.007724343754882469,0.6311290737399634
807799,2024,L,0.3082326106714192,0.0862746985795628,0.18511169202168065,0.013855596283282081,0.7147580135013551
666624,2024,L,0.3158041319932358,0.08975208399171652,0.33079473312737057,0.007921747866409683,0.5715314343326573
676609,2024,L,0.27133944046043174,0.10417873707103494,0.2488049588303857,0.008464806893814644,0.638551497722948
680700,2024,L,0.29145852631660024,0.09797726446116573,0.18335673252468876,0.01445461261177291,0.7042113907399077
677587,2024,L,0.25152777736017684,0.06822816274344876,0.2700618796539502,0.0076317714926297155,0.654078188203893
682657,2024,L,0.274497285041083,0.07890778288273116,0.2825235789592931,0.008036339379740763,0.6305322994029126
678877,2024,L,0.274497285041083,0.07890778288273116,0.2825235789592931,0.008036339379740763,0.6305322994029126
681807,2024,L,0.27666562212884693,0.058611967264850934,0.25678164841281087,0.0077454510116236955,0.6768609348129239
657041,2024,L,0.32955533253642305,0.10341576719520013,0.20487814751209518,0.007868929729811208,0.683837155085183
647304,2024,L,0.3183274884551848,0.05552114847180267,0.17518370562158267,0.012318260436576247,0.7569768875950035
643289,2024,L,0.3040315498391251,0.051257722940833104,0.1539367959239603,0.007124255070207998,0.7876812255875392
676694,2024,L,0.30675657648625737,0.0883729581266722,0.24992967078066075,0.007797941901190292,0.6538994299014088
673237,2024,L,0.3161569022021056,0.03423857118536457,0.22126527229894857,0.006991336870708292,0.7375048190414937
514888,2024,L,0.3293099343394986,0.06828004582065543,0.13672150673524583,0.0068075939574479775,0.7881908547405174
666197,2024,L,0.2710097496187801,0.08821719397221338,0.3151937085475277,0.008334567464313292,0.5882545300729596
608324,2024,L,0.35262479024912474,0.11703724325410078,0.1396580497758553,0.0077515229328943575,0.7355531836046161
606192,2024,L,0.3532059024953549,0.08423828745381498,0.25914730269172764,0.008099530547154895,0.6485148796573506
666158,2024,L,0.27951432221123923,0.09821282358950251,0.25913721741332985,0.01441535811612574,0.6282346003512749
595281,2024,L,0.2718679963983813,0.05910641160771031,0.21878521862031036,0.012715607112759738,0.7093927646726761
660271,2024,L,0.3362322106978385,0.07669924635351298,0.28023326998469467,0.013209529813451566,0.6298579542533077
643217,2024,L,0.31242112457049204,0.08062419787662019,0.20243009979066642,0.014229570871937334,0.7027161313166957
676113,2024,L,0.24661785147069182,0.08030895025126325,0.3067774448267326,0.01435157895079902,0.5985620257202587
678246,2024,L,0.319544739117408,0.12441368808594516,0.20786301909481542,0.00824322574279752,0.6594800670583046
669234,2024,L,0.274497285041083,0.07890778288273116,0.2825235789592931,0.008036339379740763,0.6305322994029126
663837,2024,L,0.3410594031889825,0.08294771122785348,0.18280532110151196,0.007907503289616865,0.7263394646273441
678009,2024,L,0.2940789129958291,0.0978431864928288,0.2569094161913659,0.014679829586017252,0.6305675673509933
668670,2024,L,0.30386292056532843,0.10552243390596401,0.2960363345662343,0.008159615770888721,0.5902816153620131
700242,2024,L,0.24661785147069182,0.08030895025126325,0.3067774448267326,0.01435157895079902,0.5985620257202587
670032,2024,L,0.26969479382301836,0.09510394530100572,0.16581134896308403,0.013935499714481988,0.7251492072268946
686676,2024,L,0.2729623891314574,0.06252223543786277,0.2783882656146081,0.007653866805499314,0.6514356320103719
682868,2024,L,0.274497285041083,0.07890778288273116,0.2825235789592931,0.008036339379740763,0.6305322994029126
672820,2024,L,0.2899391309154135,0.05078864141403916,0.2236862814368042,0.007702723396456752,0.7178223552649095
657757,2024,L,0.2987107603545937,0.07914263484625988,0.2184216628001918,0.01354732532276033,0.6888883771761053
683734,2024,L,0.3593597093440201,0.0679568313995676,0.1724045393951551,0.007464246456178063,0.7521743822379795
666969,2024,L,0.33165434345601796,0.06875121722946867,0.27203655282901096,0.007912938062659695,0.6512992922768879
686217,2024,L,0.2666550995649588,0.10312204668900853,0.2102404326287718,0.014626449333747802,0.6720110715297114
543877,2024,L,0.31482842796319493,0.06716238544759348,0.17079914803026075,0.007366222953959352,0.7546722428235527
681297,2024,L,0.2627250757581291,0.09663422349259262,0.31498519955268844,0.01482393801778381,0.573556638621104
623993,2024,L,0.3548995355576776,0.07928462204909152,0.21441789913234807,0.007632733738926768,0.698664744264948
676059,2024,L,0.3345834716655443,0.09263101344986834,0.23097576899765532,0.007658888795635912,0.668734328626772
683002,2024,L,0.3193051307557304,0.08362995102311499,0.26299199057015377,0.013127423712626657,0.6402506344338735
602104,2024,L,0.3303148827546898,0.1010082907229035,0.22130163575742937,0.007996441577864215,0.6696936332134236
656775,2024,L,0.30551685047654537,0.08914956353649538,0.18772595134778083,0.01451458566825674,0.7086098997474133
663624,2024,L,0.3517409605453961,0.04995557188399551,0.2151684121435709,0.007299242615423815,0.7275767731305175
656896,2024,L,0.3367878604143151,0.07436725188771603,0.19685009692005004,0.007578592811584876,0.7212040579731116
668939,2024,L,0.35220725328691666,0.0973619785316983,0.16574324018023281,0.007981037375904049,0.7289137440704256
621043,2024,L,0.36377741368599803,0.09191819312850791,0.1992992920517059,0.0077788451063932635,0.7010036691830656
621439,2024,L,0.3283492112151622,0.07483267144217652,0.27281456210315447,0.007943975769550127,0.6444087905356441
665862,2024,L,0.2909857230102629,0.07904233678226907,0.28623719140632325,0.013976214962948362,0.6207442561905648
695257,2024,L,0.274497285041083,0.07890778288273116,0.2825235789592931,0.008036339379740763,0.6305322994029126
694377,2024,L,0.274497285041083,0.07890778288273116,0.2825235789592931,0.008036339379740763,0.6305322994029126
656582,2024,L,0.3204899808869645,0.12898057884698055,0.2171152169526175,0.00827924174230357,0.6456249622191594
643396,2024,L,0.31200023469354354,0.0846458623018084,0.14611841033804596,0.007630255378659223,0.7616054719293478
650559,2024,L,0.351820184192443,0.064674290065142,0.20431612705418534,0.00771315240894284,0.7232964302088469
457705,2024,L,0.3464621448588123,0.11932050992404572,0.2120432790763309,0.008161248129434497,0.6604749635205639
573262,2024,L,0.31771811132799244,0.09957751709409056,0.24241571973684062,0.01496174524916231,0.6430450177123379
691026,2024,L,0.3059434218957369,0.10008311747153846,0.1931723202500985,0.007959381205171406,0.69878517972457
672279,2024,L,0.2500355571074402,0.10100608501719027,0.3077223772853415,0.015020971273422572,0.5762505663281449
691023,2024,L,0.33588171854118865,0.07176357165440074,0.22384611714825364,0.007248218833783873,0.6971420908007091
572761,2024,L,0.3220807074138693,0.13518300822667148,0.2656962708393036,0.015764735653159067,0.58335598651207
671056,2024,L,0.30997294192837616,0.10136793367381582,0.26948597190867785,0.008245048691091833,0.6209010459941681
641598,2024,L,0.3484674509978841,0.1261192945860991,0.24924732699092353,0.008577607102256588,0.6160557720489888
668709,2024,L,0.2834716769373729,0.10220246834740812,0.2728164949364069,0.014372715369129518,0.6106083214802366
677594,2024,L,0.3556787230949948,0.06560326275400112,0.23380112796484287,0.007446761681992058,0.6931488475554419
660844,2024,L,0.274497285041083,0.07890778288273116,0.2825235789592931,0.008036339379740763,0.6305322994029126
663662,2024,L,0.29964254850381355,0.08889248168213588,0.2817040381286535,0.007960139289384747,0.6214433402634474
664770,2024,L,0.2580614781847388,0.07970497675004917,0.27433765454114756,0.014274094736015028,0.631683274084968
543807,2024,L,0.3480640648729417,0.10132192945344992,0.21104726771939022,0.007896050586429742,0.6797347526978655
677870,2024,L,0.274497285041083,0.07890778288273116,0.2825235789592931,0.008036339379740763,0.6305322994029126
669065,2024,L,0.28281870785001123,0.06439663075452157,0.2789393971831125,0.013378826966798771,0.6432851439348218
545121,2024,L,0.2960130964022996,0.06921616190394082,0.12079447984044463,0.007181146922192576,0.8028082116483959
660688,2024,L,0.31863318581299277,0.05265419909425177,0.09973439673232423,0.006392881652399187,0.8412185224590832
673357,2024,L,0.33283733776856383,0.05328234009438617,0.2543522485221068,0.007619776021314792,0.6847456361490832
696100,2024,L,0.3026647490164473,0.07255898474175851,0.28137425880052636,0.007706804136200588,0.6383599523526642
687363,2024,L,0.24661785147069182,0.08030895025126325,0.3067774448267326,0.01435157895079902,0.5985620257202587
665877,2024,L,0.2957910548098058,0.09826588602688166,0.17616657416440376,0.008039463953421457,0.7175280772663992
686780,2024,L,0.274497285041083,0.07890778288273116,0.2825235789592931,0.008036339379740763,0.6305322994029126
695336,2024,L,0.274497285041083,0.07890778288273116,0.2825235789592931,0.008036339379740763,0.6305322994029126
690993,2024,L,0.24661785147069182,0.08030895025126325,0.3067774448267326,0.01435157895079902,0.5985620257202587
621035,2024,L,0.3117137952804033,0.11454636969426506,0.2769238064313721,0.008416176878530284,0.6001136481742104
605141,2024,L,0.38150463926064687,0.1150972863297597,0.14043025370227227,0.007897643573446269,0.7365748157253342
518692,2024,L,0.34619218300471905,0.07078085447505598,0.20668309612215763,0.014214872647161111,0.7083211773955499
681624,2024,L,0.274497285041083,0.07890778288273116,0.2825235789592931,0.008036339379740763,0.6305322994029126
596103,2024,L,0.31233023052726694,0.10837532518732539,0.2784533313801844,0.0082697841845606,0.6049015590159277
677008,2024,L,0.25230584362828506,0.07444858387538776,0.30882709663456,0.013758580266295603,0.6029657400457639
666023,2024,L,0.30968411486691877,0.06430168119923169,0.2103124061652089,0.0073963611992003036,0.7179895515878876
657557,2024,L,0.3145778645334741,0.08349004732930568,0.26046590903785316,0.008257788107037832,0.6477862564933972
656305,2024,L,0.35415778298930245,0.10665581747240556,0.2613459176780914,0.008331124863465102,0.6236671398986485
592192,2024,L,0.3380750020629749,0.11232874713797053,0.20526319609333923,0.008343977607002825,0.6740640795031496
642136,2024,L,0.279552244380145,0.10746341474694016,0.29232123502006047,0.014792568083266079,0.5854227827487015
687263,2024,L,0.31276592696967676,0.0761434450611061,0.2364645587537471,0.0078093357674281745,0.6795826604855367
668715,2024,L,0.31840489800013444,0.09768371678474086,0.2359390426951298,0.00827690861505235,0.6581003316463049
663886,2024,L,0.3292415892765974,0.11311274216584398,0.22181244313270773,0.007985642311705246,0.6570891722483885
670770,2024,L,0.2907338107372775,0.10973886062172646,0.20138002216066003,0.014799320924955686,0.6740817957680489
694362,2024,L,0.274497285041083,0.07890778288273116,0.2825235789592931,0.008036339379740763,0.6305322994029126
682622,2024,L,0.3191207943150018,0.07451253029441035,0.22747214216487643,0.007588016377467408,0.6904273118898373
669289,2024,L,0.3184097359296014,0.08187425800620235,0.13328884095315807,0.007409741922711069,0.7774271580460514
641584,2024,L,0.27817659570287107,0.10134167641066667,0.2607958469793848,0.014840018595307723,0.6230224587976467
686668,2024,L,0.2784822797859665,0.07291343871689765,0.31950472758655607,0.007908885827205147,0.5996729478549068
571448,2024,L,0.35636446231125674,0.04420143295880402,0.1496098537864273,0.006960744358291405,0.7992279681770631
664040,2024,L,0.30664223936024654,0.06948294043897074,0.2914592996397116,0.013556876972694828,0.6255008845507767
666185,2024,L,0.28954404435083736,0.08936898399414231,0.24320904629277595,0.008214171931977926,0.6592077985259363
686482,2024,L,0.24661785147069182,0.08030895025126325,0.3067774448267326,0.01435157895079902,0.5985620257202587
666139,2024,L,0.28479018521162774,0.06982398383728379,0.26219665233673195,0.013236686936759966,0.6547426762567057
694376,2024,L,0.274497285041083,0.07890778288273116,0.2825235789592931,0.008036339379740763,0.6305322994029126
518792,2024,L,0.3102872661528225,0.07595629593260166,0.18475223609215613,0.013904938485845774,0.7253865293925675
663967,2024,L,0.24565749068055157,0.07474953029584834,0.30314235590472355,0.014277427119350128,0.6078306882871136
593871,2024,L,0.3350034908586559,0.06775393259706168,0.16855916706360222,0.007542076307633682,0.7561448238909286
680716,2024,L,0.2693979816736619,0.08403012878076352,0.28630650223366527,0.008165174626904883,0.6214981944273084
679822,2024,L,0.274497285041083,0.07890778288273116,0.2825235789592931,0.008036339379740763,0.6305322994029126
805779,2024,L,0.274497285041083,0.07890778288273116,0.2825235789592931,0.008036339379740763,0.6305322994029126
669127,2024,L,0.31322140096380224,0.0869206128295611,0.3176664929883064,0.00824328536297852,0.5871696100025696
687231,2024,L,0.274497285041083,0.07890778288273116,0.2825235789592931,0.008036339379740763,0.6305322994029126
660758,2024,L,0.274497285041083,0.07890778288273116,0.2825235789592931,0.008036339379740763,0.6305322994029126
621020,2024,L,0.3334174401338529,0.08537040243232616,0.22462469450201827,0.007896001956390631,0.6821089009339127
665804,2024,L,0.2928290811459813,0.10098593591724671,0.28119803059515913,0.00830614606192421,0.6095098871991221
663538,2024,L,0.33439428715580943,0.07389281467558585,0.11159186082369796,0.007261254012506682,0.8072540698071198
621550,2024,L,0.3279392403534165,0.09505587167170951,0.33907772735095604,0.008460276126206742,0.5574061236627874
678894,2024,L,0.2880936323293729,0.07176367825135842,0.2622641016719552,0.00780138178743576,0.658170837256859
518735,2024,L,0.3214148693887414,0.11591440352552748,0.2640748379255251,0.008144398247513094,0.6118663608229329
669707,2024,L,0.2762209074274075,0.09618663774505568,0.2846735337240941,0.008203051539628133,0.6109367770784673
664774,2024,L,0.32393009233248676,0.11311838458718892,0.21553640633331805,0.015004488486782595,0.6563407207746642
671218,2024,L,0.2977727194914815,0.07633528710164293,0.28045440160186774,0.007972821202133093,0.6352374901642359
666310,2024,L,0.2875732958093907,0.09133928183853966,0.26195399551892273,0.014398246986094685,0.6323084754107253
665926,2024,L,0.26931751473382276,0.052859224806119424,0.21206628085762277,0.012745323274563273,0.7223291711956089
691406,2024,L,0.3240849503910964,0.07186269088824977,0.23611884026902122,0.007755520529158175,0.6842629485417979
676356,2024,L,0.26916579469182766,0.06212911427524691,0.22241083412036733,0.007626836317093941,0.7078332154105316
656716,2024,L,0.2917416583242469,0.09713162153084212,0.23222712936474457,0.014558717513428583,0.6560825314750753
650490,2024,L,0.38295030641617284,0.10769072978302424,0.1433709126872998,0.0075921852053179,0.7413461732125843
670764,2024,L,0.2893796546495963,0.1194679869361191,0.2246184434660509,0.008106028576542778,0.6478075412624543
642350,2024,L,0.2896030328787067,0.07314734668077026,0.33393479559388867,0.008028603094118132,0.5848892540583123
666163,2024,L,0.25643584948979176,0.0994793014459839,0.33338414916218273,0.014769280057896628,0.5523672688196914
500743,2024,L,0.3204438126416329,0.06704835206165681,0.11256940345330087,0.00710262311463201,0.8132796218036037
669257,2024,L,0.34618194702277666,0.1054884408989017,0.1875476446031102,0.008244744502983656,0.6987191705411092
669304,2024,L,0.3226901392224486,0.05851238476961222,0.19298321675902094,0.007358844129390775,0.741145554971332
643565,2024,L,0.2850256242735585,0.1102491528909266,0.2773183663395805,0.015198871934678806,0.5972336084851018
679032,2024,L,0.2819325603374101,0.05289459609665857,0.2229122557890953,0.007504445416765186,0.7166887025909668
669720,2024,L,0.3351372847353882,0.065879757121064,0.19182739900638815,0.00733094906506702,0.7349618953483599
683737,2024,L,0.26655677044144643,0.08283226523707925,0.30356220941773027,0.014501722970219387,0.5991038020388239
596115,2024,L,0.32660529253275616,0.07356464644216983,0.2785962677708408,0.008129962985834578,0.6397091224292039
680118,2024,L,0.28955137937062253,0.08749137136485123,0.281187270948775,0.00806647275856311,0.6232548844651518
702358,2024,L,0.274497285041083,0.07890778288273116,0.2825235789592931,0.008036339379740763,0.6305322994029126
592200,2024,L,0.2966315046357281,0.11476908436196852,0.26669127250186486,0.008185759275850857,0.6103538841527565
645444,2024,L,0.2738770462659809,0.11512611674891421,0.23721917972307907,0.008110331950970402,0.6395443712066708
672386,2024,L,0.37545786378041085,0.10754277035386951,0.1420806101209774,0.007742120586320921,0.7426344981416706
641933,2024,L,0.33810723022547245,0.0939750130345349,0.2850053096248312,0.008113688064933205,0.6129059887893356
656811,2024,L,0.3039186342974705,0.0772654609169613,0.26441907697416,0.013699015246097318,0.6446164470599454
643376,2024,L,0.3388938646538043,0.0949444854643682,0.19685319790239905,0.00778948325596002,0.7004128330297155
665953,2024,L,0.274497285041083,0.07890778288273116,0.2825235789592931,0.008036339379740763,0.6305322994029126
694384,2024,L,0.2646129868077427,0.09523439399737314,0.21556666413457154,0.013928954083652712,0.6752699868749314
656537,2024,L,0.2844676995439714,0.06863136045908003,0.2726530879117025,0.007543597602908627,0.6511719550065742
660644,2024,L,0.2896796613294876,0.0839380729646607,0.2060683441138264,0.007545370796727028,0.7024482117178235
592626,2024,L,0.3097920185625937,0.08275479545207481,0.264272132008657,0.014245034548471905,0.6387280364289827
656976,2024,L,0.29664835844467385,0.09939633944104323,0.20834149829015755,0.014078297342448446,0.6781838651314114
665487,2024,L,0.35233516771072215,0.08273680782463233,0.24933540564716936,0.007823660962448223,0.6601041253337895
666018,2024,L,0.27237507844175124,0.08607439023285327,0.25996096732182095,0.014493264546003448,0.6394713773079724
650391,2024,L,0.3437213305095185,0.058997454840379805,0.21422589497764521,0.007119242540862844,0.7196574070599054
693307,2024,L,0.274497285041083,0.07890778288273116,0.2825235789592931,0.008036339379740763,0.6305322994029126
702616,2024,L,0.24661785147069182,0.08030895025126325,0.3067774448267326,0.01435157895079902,0.5985620257202587
666181,2024,L,0.28101636387512013,0.10998386762229462,0.31579968796915514,0.01457979515065494,0.5596366501219631
666160,2024,L,0.24995762427095228,0.0458988717420629,0.3416418881874048,0.012406594490608552,0.6000526457377243
665161,2024,L,0.31961842532943036,0.05670743913031888,0.20323734909068525,0.00719742602829664,0.7328577859451856
670541,2024,L,0.3698159304646848,0.08375074316257528,0.24014453371345726,0.014366608268781344,0.6617381153007295
676439,2024,L,0.24661785147069182,0.08030895025126325,0.3067774448267326,0.01435157895079902,0.5985620257202587
665506,2024,L,0.2855965358004598,0.0708897584078378,0.2596770882272069,0.007658561047927088,0.6617745913064638
682668,2024,L,0.274497285041083,0.07890778288273116,0.2825235789592931,0.008036339379740763,0.6305322994029126
669397,2024,L,0.2877940680569869,0.08912993650296543,0.17974453107573168,0.007529154464827649,0.7235963776437041
664702,2024,L,0.3112334970813752,0.11659856519567482,0.1559981618571515,0.008081690593099737,0.7193215814451398
608070,2024,L,0.3599395886460395,0.074087942876522,0.1199708029908714,0.007554890442766146,0.7983863647707108
680718,2024,L,0.24661785147069182,0.08030895025126325,0.3067774448267326,0.01435157895079902,0.5985620257202587
642133,2024,L,0.3072082853885074,0.07257866776110253,0.25465868551344956,0.01341510180369009,0.6593475459990443
664034,2024,L,0.3342385091604614,0.07041642110742649,0.17439048687390837,0.007621829579377012,0.7475712622330534
624428,2024,L,0.30460866938045694,0.08718636890930803,0.1472290460795368,0.014376100519475727,0.7512084848056073
682617,2024,L,0.2872486408429964,0.09855854394199233,0.31641985311913584,0.00808307697418317,0.5769385254403894
663898,2024,L,0.3367074244959291,0.07532820236835917,0.20160362854488958,0.007477534890292192,0.7155906338692437
620443,2024,L,0.3127516627449136,0.08820031988841553,0.2175660084526671,0.007842914709522602,0.6863907576668108
682177,2024,L,0.24661785147069182,0.08030895025126325,0.3067774448267326,0.01435157895079902,0.5985620257202587
686823,2024,L,0.27465165888981624,0.05127746246674916,0.15859963362177762,0.012348669183762937,0.7777742367687466
682928,2024,L,0.2819778717812261,0.054090811151078666,0.21068872983798032,0.0129679893374934,0.7222524692938543
594807,2024,L,0.31854206999653556,0.07051300813398977,0.29360182905502885,0.008065270024277387,0.6278198932284788
642201,2024,L,0.28054318028862957,0.09524065903794766,0.3045242341393663,0.008293538828080737,0.5919415681145551
624415,2024,L,0.2914262371456868,0.12744282794459866,0.2708400315778028,0.015187884118169456,0.5865292559925113
593160,2024,L,0.32090759468186214,0.0638522198952136,0.1473502102487217,0.007183350199753401,0.781614218598374
642708,2024,L,0.3097480057410951,0.053260358884822744,0.18187151551327235,0.007231606411372965,0.7576365201953601
670242,2024,L,0.29538630349423145,0.08958198637720587,0.3440322645365111,0.014773728579084272,0.5516120185988393
595978,2024,L,0.27459343659751184,0.06175104973961368,0.2638654110796991,0.007770637770469949,0.6666129021945547
700932,2024,L,0.24661785147069182,0.08030895025126325,0.3067774448267326,0.01435157895079902,0.5985620257202587
677941,2024,L,0.266629846428143,0.06570486679087575,0.29469460971439,0.007671587466231348,0.6319289358608586
608701,2024,L,0.3362216912875653,0.11206051985438371,0.20677295112227273,0.00791738591385635,0.6732491443258195
607732,2024,L,0.3101392360169893,0.08926225174005714,0.19242569939888174,0.007686510430214294,0.710625538733962
681481,2024,L,0.2844463353849334,0.05976123316170921,0.23259954458154927,0.013340625521639006,0.6942985960720534
660162,2024,L,0.30910427873724866,0.09805448154175,0.2710927832176337,0.008316280829717184,0.6225364539908967
553869,2024,L,0.32041663938759907,0.07244441110453158,0.19585313284935427,0.0075916508538995805,0.724110804743993
646240,2024,L,0.3259409378175763,0.0515270176095991,0.21544441141703322,0.01298418058019387,0.7200443906323193
670869,2024,L,0.2588380788822,0.08400778352281044,0.2512716695804873,0.01434639359944403,0.6503741541650185
691723,2024,L,0.274497285041083,0.07890778288273116,0.2825235789592931,0.008036339379740763,0.6305322994029126
657193,2024,L,0.25225771389665785,0.07783716391764346,0.26835449181616244,0.014748844885059894,0.6390595000799281
680728,2024,L,0.24661785147069182,0.08030895025126325,0.3067774448267326,0.01435157895079902,0.5985620257202587
621028,2024,L,0.3091570241920403,0.07212213926452073,0.12193658394014131,0.007123541034368421,0.7988177362572902
667452,2024,L,0.31800409537164975,0.07583769059668541,0.20885316937281823,0.00774584446990372,0.7075632952873814
641779,2024,L,0.30647132427337376,0.10420425601113462,0.2655374316667836,0.008010683304725126,0.6222476290046506
663616,2024,L,0.2749250718847038,0.08998919177044926,0.3580512616402999,0.013963415908137483,0.5379961303251718
671083,2024,L,0.289948094037345,0.10874809118937423,0.22982536016788668,0.007855570083736321,0.6535709783542692
572191,2024,L,0.29648731745858065,0.0789558872554556,0.2945197385179749,0.00807216928911461,0.6184522049133135
661531,2024,L,0.26294910169497004,0.060560257572505105,0.2648449283315872,0.007842435691226649,0.6667523774552188
682073,2024,L,0.30514751873708723,0.11495638523503839,0.2841070582054052,0.008303016123647877,0.592633539267696
641645,2024,L,0.29378242967066354,0.12361456719064264,0.18948262284499454,0.01533742636044614,0.6715653827945871
672284,2024,L,0.2940332715798223,0.07448219293473952,0.27853677917185043,0.013808289134460564,0.6331727387640785
592325,2024,L,0.28274542288774657,0.08744937804663028,0.27156447495877195,0.014508314088133785,0.6264778325605718
677956,2024,L,0.274497285041083,0.07890778288273116,0.2825235789592931,0.008036339379740763,0.6305322994029126
605244,2024,L,0.2745391404379231,0.06774199433165626,0.2959848378229137,0.007991272118615812,0.6282818941148874
670276,2024,L,0.25895916453638435,0.1202187000672762,0.28418496337365223,0.015243285613031211,0.5803530508157876
673962,2024,L,0.3265372073898542,0.06571396304731679,0.2591821300376175,0.00737700557098742,0.6677269010090494
695238,2024,L,0.24661785147069182,0.08030895025126325,0.3067774448267326,0.01435157895079902,0.5985620257202587
671289,2024,L,0.31234552664439125,0.06461138950577032,0.16787006628935472,0.007570616846115827,0.7599479285743911
680757,2024,L,0.3057671307123982,0.10491886422325755,0.12102547411201649,0.014429440455522085,0.7596262217004419
669137,2024,L,0.274497285041083,0.07890778288273116,0.2825235789592931,0.008036339379740763,0.6305322994029126
676116,2024,L,0.29060494164257683,0.12249814447039863,0.3460950339171113,0.015506176102277105,0.5159006461170224
682641,2024,L,0.3141863004858584,0.0831334130361337,0.16054351101025183,0.007453002993947716,0.7488700741013824
676801,2024,L,0.31484358550476094,0.10289456871881009,0.2600175764997504,0.008100469103796842,0.6289873871804738
605131,2024,L,0.30793047183300315,0.12390647989411135,0.23344392816748835,0.008247384749972194,0.6344022063642758
662139,2024,L,0.2849641205262302,0.08822232468614524,0.26445139230695913,0.014791683847318373,0.6325346009949053
663897,2024,L,0.2859073501497729,0.08748038732353082,0.24839269329106212,0.008064264402032074,0.6560626553131493
675961,2024,L,0.2646307509505908,0.07738017186163586,0.2892659861439973,0.008027990592198353,0.6253258508904921
608671,2024,L,0.2571022026413697,0.11365643017055609,0.2720580478761959,0.014695411417544955,0.5995901109345465
669326,2024,L,0.274497285041083,0.07890778288273116,0.2825235789592931,0.008036339379740763,0.6305322994029126
656484,2024,L,0.254146041086649,0.07852781512585637,0.30947320868962375,0.014334395889810387,0.5976645804512216
543685,2024,L,0.37075448854244525,0.1022480701932986,0.159075413698129,0.00784388801449732,0.7308326280299904
643446,2024,L,0.3080556948190465,0.06863609205038193,0.13581101303379742,0.013291156080476148,0.7822617376915042
608385,2024,L,0.31040011632126835,0.10054741407364673,0.20494721428967533,0.014159025184277118,0.6803463467216917
668952,2024,L,0.2802757619805132,0.1038476805995343,0.26716573288702145,0.007894415394381968,0.6210921727267233
666176,2024,L,0.2996793394721882,0.06769087797666093,0.31133017479734176,0.008254120644467296,0.6127248257535933
670156,2024,L,0.2783521436738706,0.12040011629241389,0.2544130598832377,0.015201106126616203,0.6099857169185484
680779,2024,L,0.31763025543463014,0.09358698290043412,0.25500028311489825,0.008133794310610985,0.6432789382582517
690291,2024,L,0.24661785147069182,0.08030895025126325,0.3067774448267326,0.01435157895079902,0.5985620257202587
678489,2024,L,0.274497285041083,0.07890778288273116,0.2825235789592931,0.008036339379740763,0.6305322994029126
681460,2024,L,0.274497285041083,0.07890778288273116,0.2825235789592931,0.008036339379740763,0.6305322994029126
676551,2024,L,0.26206713134146037,0.08347264236223713,0.3230313107210891,0.008201966441553023,0.5852940806815916
518934,2024,L,0.3675442404645164,0.1014203409478394,0.14094854391885836,0.0075162528698834285,0.7501148614305423
608369,2024,L,0.3514549420693408,0.048744218125845465,0.1965552830365165,0.012241399378643063,0.7424591003082606
543510,2024,L,0.30816361835342876,0.07008468107860982,0.2599510916195166,0.0077283207457189244,0.6622359062195072
596146,2024,L,0.3253210314069699,0.0799018287778575,0.19260182980535484,0.013619136022167438,0.7138772052616472
672701,2024,L,0.24746431446397882,0.056488435972180166,0.2563349029793698,0.013579097579642093,0.6735975636344247
679845,2024,L,0.3026668928543188,0.08048778488434806,0.19659952563100241,0.007484552197380497,0.7154281358295953
642086,2024,L,0.2922705072149248,0.07052184695437143,0.22875216576605645,0.013991775253651204,0.6867342125298337
694355,2024,L,0.274497285041083,0.07890778288273116,0.2825235789592931,0.008036339379740763,0.6305322994029126
669200,2024,L,0.2669087866416511,0.0800065018931241,0.30983397347812114,0.008150699549803917,0.6020088258399642
669134,2024,L,0.3198895668232186,0.05859983934562546,0.18057751552785284,0.007369414614335063,0.7534532302902263
669369,2024,L,0.26030249628578833,0.08726942814377696,0.2862540679111044,0.008040576574923033,0.61843592735107
656577,2024,L,0.2662589992129948,0.061952608546231,0.4012772035519668,0.008191650401970462,0.5285785371375037
642731,2024,L,0.312075550002707,0.06911133808233134,0.18130305573055577,0.0074234603920162135,0.742162145727159
666152,2024,L,0.24388710219136026,0.10064476399317644,0.2923333286754858,0.014515989087565762,0.5925059171046853
641856,2024,L,0.2823854010726392,0.09519538567455588,0.2743800813083575,0.014633413823833081,0.6157911183281255
686469,2024,L,0.33283310990730663,0.07072038440994818,0.1516274804024654,0.012859033010466776,0.7647931026613835
645305,2024,L,0.2755396535608936,0.07313258810988638,0.28585426161644595,0.007878387187493414,0.6331347630465177
669743,2024,L,0.3168040382427385,0.12457675137730581,0.19614240649678058,0.0083305190108931,0.6709503227808176
575929,2024,L,0.3321313369355271,0.07501987962135041,0.24931532584681887,0.007836293003496822,0.6678285013643065
609280,2024,L,0.3336232738300431,0.05177298775712598,0.15126230574715036,0.007093499566182349,0.7898712089382569
656413,2024,L,0.29334921888957616,0.11133272568931431,0.2947265361093159,0.008245943213998148,0.5856947941958927
678225,2024,L,0.2719896411171348,0.0919333361634847,0.27079710565516135,0.014833396425200759,0.6224361606839807
623520,2024,L,0.32659542196637364,0.08641557237996782,0.2865248953701548,0.008108409355031017,0.6189511231016454
595879,2024,L,0.32250921655407466,0.040988161172774276,0.25355993975401125,0.00705561213617313,0.6983962864929645
672724,2024,L,0.2915068879405529,0.09316123907621068,0.25885076198706275,0.007902401203563779,0.6400855966312533
656180,2024,L,0.32096232213564624,0.09566861998207225,0.28075002410834143,0.008362343867817404,0.6152190116975564
647351,2024,L,0.31630171391528994,0.07725594436399852,0.1820260289763711,0.0077446988539103066,0.7329733281785228
669222,2024,L,0.32029031733349494,0.08344747457724841,0.1960386176739025,0.007481005876445585,0.7130329009362776
694175,2024,L,0.274497285041083,0.07890778288273116,0.2825235789592931,0.008036339379740763,0.6305322994029126
663905,2024,L,0.2635333105758252,0.06112949895091954,0.2744860638771713,0.012962284090150133,0.6514221513053691
686527,2024,L,0.27286767483439683,0.048210408330856415,0.2397255657622218,0.01270509297152376,0.6993589333443844
600869,2024,L,0.3279079072740294,0.08410150412087436,0.20426194387386215,0.007880108278823112,0.703756443814401
673490,2024,L,0.31911219467223906,0.11354799111879219,0.18802992556976092,0.008106844661938038,0.6903152390756458
672012,2024,L,0.24661785147069182,0.08030895025126325,0.3067774448267326,0.01435157895079902,0.5985620257202587
663647,2024,L,0.35822829499060366,0.07917301782119356,0.18287342929262254,0.0076990879970386715,0.7302544657451165
663586,2024,L,0.36330213859196975,0.07133805827688143,0.246820221220439,0.007732936585872313,0.6741087833582826
676632,2024,L,0.2519279352421458,0.08067016877814952,0.3055602149371825,0.013892228001704409,0.5998773876497535
678554,2024,L,0.291478808331975,0.07066722059573076,0.21921649991979447,0.007609439018982377,0.7025068405122583
677950,2024,L,0.2742677407559825,0.07030172535410706,0.22275861732424465,0.013430054503218528,0.6935096021236271
592178,2024,L,0.33331075735684684,0.08769181191251157,0.235061168701699,0.007843882029137893,0.6694031366488492
665966,2024,L,0.274497285041083,0.07890778288273116,0.2825235789592931,0.008036339379740763,0.6305322994029126
669357,2024,L,0.30262844025483626,0.08193880620870352,0.32592187299461317,0.014007374226251208,0.5781319479316396
668723,2024,L,0.2729063746174831,0.07154853010266993,0.2661256229722017,0.00786088084121817,0.6544649664742885
669208,2024,L,0.274497285041083,0.07890778288273116,0.2825235789592931,0.008036339379740763,0.6305322994029126
623912,2024,L,0.33655391529379214,0.04339164557744051,0.16346188231285758,0.007218665809042639,0.7859278061691002
656883,2024,L,0.2836845706561396,0.0719436572490004,0.2718544419900152,0.007949434391114252,0.6482524669859595
686894,2024,L,0.30358906975538713,0.09590867651502387,0.27313464394219394,0.0081186060884565,0.6228380744665143
670224,2024,L,0.24661785147069182,0.08030895025126325,0.3067774448267326,0.01435157895079902,0.5985620257202587
624503,2024,L,0.28994375828508195,0.04990294400434203,0.22341209329240427,0.013529664410029412,0.7131552969419533
650859,2024,L,0.3094427663626637,0.0660593395794729,0.184049539387145,0.00731938899076969,0.7425717323718599
805373,2024,L,0.274497285041083,0.07890778288273116,0.2825235789592931,0.008036339379740763,0.6305322994029126
681584,2024,L,0.2995322598664348,0.11298959497914404,0.28810822150410337,0.008294136998568418,0.5906080465259166
695391,2024,L,0.274497285041083,0.07890778288273116,0.2825235789592931,0.008036339379740763,0.6305322994029126
543063,2024,L,0.28811930331259955,0.06462071896012514,0.24084106983398149,0.013330121524865905,0.6812080887642891
687799,2024,L,0.27702678178920015,0.08802564249626452,0.2903815015519483,0.01421717774443661,0.6073756769815316
682988,2024,L,0.274497285041083,0.07890778288273116,0.2825235789592931,0.008036339379740763,0.6305322994029126
642197,2024,L,0.274497285041083,0.07890778288273116,0.2825235789592931,0.008036339379740763,0.6305322994029126
641432,2024,L,0.31811357325701006,0.06917852103686775,0.15610844138060329,0.013352537050862619,0.7613604995602647
592696,2024,L,0.28857326778932363,0.04272173398366984,0.19337921327253066,0.010893642789044916,0.7530054099550482
681546,2024,L,0.28047589761031627,0.09644306623856458,0.3355529612367105,0.014950838488480734,0.5530531356611551
613564,2024,L,0.26136479620547426,0.07898488118879204,0.32079307313388733,0.013782984547848053,0.5864390618575417
621466,2024,L,0.2887218728476275,0.08916888696595984,0.29567012458661135,0.014743679906086861,0.6004173079034963
671221,2024,L,0.28945820005663553,0.07094469252175466,0.28753361104606057,0.007683007169254438,0.6338386888112263
605204,2024,L,0.32313018528443477,0.09173460472517836,0.27547248763718224,0.007942825577255171,0.624850081212095
527038,2024,L,0.32680868640773036,0.07412495988235888,0.14303336354183566,0.007611743594629246,0.7752299329782
663330,2024,L,0.30116888033394834,0.11092835140088077,0.275118051197846,0.008223578429278733,0.6057300188119169
592885,2024,L,0.3253672565340109,0.08435390689373634,0.24729261508728317,0.014124409183362541,0.6542290679935812
660636,2024,L,0.29733538707464774,0.08392316139271631,0.21673532171635393,0.007818382702083045,0.6915231332084055
665856,2024,L,0.274497285041083,0.07890778288273116,0.2825235789592931,0.008036339379740763,0.6305322994029126
649557,2024,L,0.33794923942812516,0.07084059380531385,0.15615384394147455,0.007340839149250164,0.7656647234018352
669374,2024,L,0.30411191284769545,0.09574271763376727,0.3566292653792034,0.008584682106623276,0.5390433341806535
622761,2024,L,0.3136427630569369,0.06948847859854226,0.22554032200072047,0.00758217059560442,0.6973890279741155
656248,2024,L,0.30433753756957693,0.1033265341302385,0.25878680656352365,0.008148665994316384,0.6297379936821698
624512,2024,L,0.26797373476092073,0.0772338459649137,0.2085089615672129,0.013020518446513392,0.7012366726644016
621458,2024,L,0.2656179506321314,0.07433500716295297,0.36283698864349995,0.014058090658066607,0.5487699128193568
642851,2024,L,0.286809547945665,0.08349067133543933,0.21971500010181708,0.008040925558199886,0.6887534024118194
621512,2024,L,0.2774038500302531,0.05012605262784835,0.26294086212483153,0.007350787720590592,0.6795822973840814
669261,2024,L,0.30746279293962236,0.114437543752825,0.3160809689482017,0.015287399805219778,0.554194088086887
664901,2024,L,0.29301722467650704,0.10022808943549837,0.21671948358695567,0.00831373070787438,0.6747386974345184
665561,2024,L,0.27104176364564164,0.06075815522390877,0.20758442769784316,0.00739207358405972,0.7242653427896346
672744,2024,L,0.265153516612651,0.07042852463065653,0.31141800002837583,0.008005614190973629,0.6101478623871407
668800,2024,L,0.29887572077710983,0.06341900049464222,0.22493601230232604,0.0076327873851684885,0.7040121997602274
666182,2024,L,0.3746505382253439,0.058798052954954265,0.18477690633869845,0.0075066572675947804,0.7489183821274763
681962,2024,L,0.2735447447726655,0.10527381538953619,0.25258113321374476,0.008329430041878706,0.6338156216305223
658668,2024,L,0.3090919633204963,0.0777745633921039,0.19204088129702407,0.007800162013024685,0.7223843928371179
605361,2024,L,0.28814940071242634,0.10801392845975684,0.22110546772570844,0.01453490260184615,0.6563457016262046
663550,2024,L,0.21889187292331502,0.05146075574936692,0.39010474981240334,0.013138820458155934,0.5452956733578509
593934,2024,L,0.35985738603179773,0.09783199964236919,0.31919054893286736,0.00843434372112222,0.5745431083533975
672356,2024,L,0.3031831930715206,0.0748190881870374,0.3204580439458867,0.007839489492024425,0.5968833790598058
608841,2024,L,0.33773887103294076,0.06844005471464254,0.19449021621784376,0.007657465236639439,0.7294122633001658
455117,2024,L,0.29442755173910606,0.09621855104408206,0.2806137563062976,0.008241110051242923,0.6149265827111994
668731,2024,L,0.25920420015744394,0.08838812685618548,0.28773806532253027,0.01416656510848893,0.6097072428812559
670097,2024,L,0.29642286026208414,0.12541033358578216,0.27966916642841144,0.008556715805511232,0.586363782640933
673995,2024,L,0.274497285041083,0.07890778288273116,0.2825235789592931,0.008036339379740763,0.6305322994029126
621311,2024,L,0.25072385937848685,0.053077063729470825,0.30075925510098706,0.012464135733721796,0.6336995463226617
641313,2024,L,0.2935722924824059,0.04111946718860004,0.22741458593573727,0.007229491421867262,0.7242364558235626
682119,2024,L,0.274497285041083,0.07890778288273116,0.2825235789592931,0.008036339379740763,0.6305322994029126
677942,2024,L,0.274497285041083,0.07890778288273116,0.2825235789592931,0.008036339379740763,0.6305322994029126
664954,2024,L,0.2647682475292181,0.07994332166580125,0.2352592062420986,0.013852134330331873,0.6709453371112318
571466,2024,L,0.2622666241197935,0.09115316511855746,0.25151647679752215,0.014545528494652167,0.6427848314231053
669450,2024,L,0.29940234334005417,0.1233797305288355,0.26230611462289977,0.008102186629986003,0.6062119678029869
657088,2024,L,0.25244453878423706,0.09365328673300775,0.2844694538654069,0.01457986282870113,0.6072973963403936
641511,2024,L,0.2724722068382832,0.08542068023699263,0.26095047034711333,0.008108270733798863,0.6455205779734199
666703,2024,L,0.28152491999937546,0.08204164498111548,0.24570609461108597,0.008037883097086486,0.6642143769335157
671286,2024,L,0.274497285041083,0.07890778288273116,0.2825235789592931,0.008036339379740763,0.6305322994029126
676369,2024,L,0.316510775926262,0.09503184607148762,0.3056773784796603,0.007924826504312628,0.5913659485576507
666915,2024,L,0.3253867459501501,0.07482205307505742,0.3155831163493742,0.008071469799365152,0.6015233610142032
676701,2024,L,0.2840630118390689,0.07805051541152727,0.23197667709936912,0.007792621470659019,0.6821801863209477
660707,2024,L,0.2840904752012059,0.05420710567155573,0.3067297528611119,0.007770323402247868,0.6312928172846568
691182,2024,L,0.274497285041083,0.07890778288273116,0.2825235789592931,0.008036339379740763,0.6305322994029126
669087,2024,L,0.28953662276023323,0.06598445543080148,0.3449167088484714,0.007542487204604128,0.5815563480381217
693049,2024,L,0.2780790460557999,0.054619334887744474,0.2795210901465749,0.013535134661178417,0.6523244399964563
543228,2024,L,0.3136916240942126,0.05864676738462777,0.2156097805312607,0.007571908374392376,0.7181715432391326
664874,2024,L,0.26069667925757634,0.09422976157070136,0.3583789977520688,0.00864552903791104,0.5387457118659363
605119,2024,L,0.32394409072057706,0.08796772205820536,0.24362174843725037,0.007959549244142713,0.6604509807552188
640492,2024,L,0.3000047847095058,0.04774140659323786,0.21161210809912243,0.0072175267961223175,0.7334289597779375
547989,2024,L,0.35353271050154533,0.051333496979293944,0.2153924743562405,0.007978299125007714,0.7252957295554303
686554,2024,L,0.24661785147069182,0.08030895025126325,0.3067774448267326,0.01435157895079902,0.5985620257202587
643265,2024,L,0.35155001688369836,0.06868283710263395,0.2200708499952729,0.0073382125284623,0.7039080992594042
677347,2024,L,0.2688945419469286,0.09052838703945754,0.31538322980179617,0.00821687756733157,0.5858715055878773
657061,2024,L,0.26512603526222467,0.08961378474105604,0.2760840580045359,0.007929974582781956,0.626372181266909
668752,2024,L,0.24661785147069182,0.08030895025126325,0.3067774448267326,0.01435157895079902,0.5985620257202587
674441,2024,L,0.24661785147069182,0.08030895025126325,0.3067774448267326,0.01435157895079902,0.5985620257202587
621545,2024,L,0.24387643753856772,0.08761591995008874,0.3030281994211753,0.00828149281278093,0.601074386972305
680911,2024,L,0.3084325894709846,0.06798626105570658,0.18245320777108917,0.007590585125499901,0.7419699473821834
553882,2024,L,0.28442284928121125,0.09450065336734428,0.21704259255394756,0.014861341309866763,0.6735954130160434
683146,2024,L,0.28549376938750304,0.07542842026805852,0.2913260775523181,0.013795671034105108,0.6194498312622472
667428,2024,L,0.274497285041083,0.07890778288273116,0.2825235789592931,0.008036339379740763,0.6305322994029126
663611,2024,L,0.3157426075138212,0.08175828635751821,0.09571872785137191,0.007360515230410845,0.8151624714344591
663630,2024,L,0.28894772991649825,0.09919957566446613,0.3127991313752237,0.00809600364885043,0.57990528888771
660670,2024,L,0.3828485964816757,0.10457315250330043,0.22650770378066434,0.0080472959924413,0.6608718481302602
645801,2024,L,0.2991644945512414,0.10066794695385198,0.27245790295666594,0.01420917406552082,0.6126649763174012
664314,2024,L,0.24537839299353112,0.08832151824699955,0.3449563743364117,0.014159410700606891,0.5525626957656246
669699,2024,L,0.24363452872029165,0.07259521534763197,0.31555718727625126,0.01405375878467045,0.5977938369530755
665923,2024,L,0.264046305774055,0.07790627477625994,0.22945480321977507,0.007788479468714341,0.6848504438004335
542364,2024,L,0.2819921685306804,0.08725961395190354,0.21027302570712858,0.014451654560271369,0.6880157056379412
596129,2024,L,0.30380329149105517,0.12123433329427143,0.2785653701747677,0.015187225837548704,0.5850130692984389
592348,2024,L,0.3000683375281759,0.08742339641883659,0.2718375381228921,0.008014336093297773,0.6327247293911367
621563,2024,L,0.2867578983934843,0.076920125359176,0.18544662075820367,0.013330063354877103,0.7243031910048958
664059,2024,L,0.2856785903846356,0.08811728978009627,0.26742098973033557,0.00791084516448982,0.636550875708647
666165,2024,L,0.2515567923427606,0.07774054689056126,0.3579000352128826,0.012807834739395016,0.5515515824960854
694497,2024,L,0.26620941213843186,0.11263786688877407,0.31826941868090025,0.015052797775887096,0.5540399177533647
501303,2024,L,0.2954686375124964,0.09744203501338887,0.18004433065520117,0.007592966994606923,0.7149206673550739
808982,2024,L,0.24661785147069182,0.08030895025126325,0.3067774448267326,0.01435157895079902,0.5985620257202587
644433,2024,L,0.2727886728987735,0.05976984402985121,0.26560550470513344,0.007436304191845374,0.6671883487706204
687952,2024,L,0.31005862275086116,0.06564072903131582,0.29040943343682685,0.0080266804447402,0.6359231572569616
608596,2024,L,0.29826799651812963,0.08169475509456978,0.32099199905645404,0.008277351286336542,0.5890358947907778
666135,2024,L,0.28345716171471314,0.06749785686092243,0.23058118464169017,0.013623882706181563,0.688297075642488
545361,2024,L,0.40043786976352097,0.12171849962851201,0.23422674550712727,0.008549365285373957,0.6355053894970022
543305,2024,L,0.3195582298832959,0.09216981774159995,0.21869751042888932,0.007720076680040649,0.681412594905003
666211,2024,L,0.2453225670819185,0.0871555283487913,0.36174624414720374,0.014331804806240656,0.536766422657146
670223,2024,L,0.27250336324138275,0.07461910617575772,0.31385090326456766,0.01419193056428048,0.5973380611400115
541645,2024,L,0.32063142616406826,0.04985159317999204,0.25365781063637,0.00726051565466617,0.6892300794193177
622569,2024,L,0.31528337689905,0.10051330692702594,0.19496952435949716,0.008109851281309187,0.6964073177330695
669352,2024,L,0.2692782225243183,0.07557490994216347,0.26665797903430094,0.007690267095928777,0.650076843937795
664058,2024,L,0.3070305213965654,0.09318497213036216,0.0832974928395765,0.007199402496880595,0.8163181334760332
688363,2024,L,0.24661785147069182,0.08030895025126325,0.3067774448267326,0.01435157895079902,0.5985620257202587
650907,2024,L,0.2937153954902217,0.07060904164341172,0.30250793465205333,0.008093982326061707,0.6187890419764767
607054,2024,L,0.2849020559749506,0.1142725864074224,0.23887507846230327,0.014999511874767687,0.6318528225247925
676946,2024,L,0.28092548855409966,0.09109881913691573,0.2291906273760292,0.008049441034715128,0.6716611125324677
665120,2024,L,0.29551300426891863,0.06975844441089141,0.268903333327917,0.012895722712190322,0.6484424992337765
669392,2024,L,0.26603772207615706,0.07805101541573117,0.2747795104632033,0.008026303977189116,0.6391431704795572
668853,2024,L,0.24661785147069182,0.08030895025126325,0.3067774448267326,0.01435157895079902,0.5985620257202587
518595,2024,R,0.3208820033056622,0.07049291597074331,0.21673543844820026,0.012943963066278666,0.6998276834342401
657656,2024,R,0.30647825180770283,0.08943670693687615,0.2678616060336248,0.01440656560862146,0.6282951207093811
642201,2024,R,0.2656361008397254,0.09365965136751513,0.3253716280017291,0.014362458311630943,0.5666062623336692
621566,2024,R,0.38839102958934685,0.10720443598240784,0.2433311695362998,0.008793815052028146,0.6406705792048709
657193,2024,R,0.28265929660852374,0.0851397793486952,0.24350314450010618,0.008574523891958516,0.6627825519608596
578428,2024,R,0.2906666011694296,0.04937535363987876,0.1292676712560536,0.01249723749058873,0.8088597369320093
596019,2024,R,0.3432975325418341,0.07703641727553431,0.17675799982280346,0.008225922286502034,0.7379796601052864
516782,2024,R,0.31117334114638284,0.04788851483577839,0.19794774521721434,0.013445573862618415,0.7407181658981988
682626,2024,R,0.3184007835374597,0.09179686334567047,0.26724231408208227,0.01362153882334002,0.6273392843732717
542303,2024,R,0.3518642479749712,0.06207721288251791,0.2146611794793432,0.012952866650416926,0.7103087411014375
645277,2024,R,0.3090140564868326,0.053258153560103695,0.1977055289231887,0.0079799674538777,0.7410563503860167
671739,2024,R,0.34600941511009875,0.06062242651358824,0.20653221058936055,0.007798276856739764,0.7250470860222201
672284,2024,R,0.33303790428539454,0.0855632458145671,0.2502209309012548,0.008436298941251875,0.6557795237222775
570482,2024,R,0.3246998415000899,0.05354075538613964,0.17809395019890675,0.012637356638778378,0.7557279378699225
607043,2024,R,0.34510714310690954,0.14763331706519564,0.22962152740406,0.00894139370895148,0.6138037618313409
668901,2024,R,0.30260103306042946,0.06379287219797655,0.2845909079938049,0.013464661310409177,0.6381515583649673
621438,2024,R,0.3031167223730012,0.06471150035385226,0.230793542480002,0.013383939692851165,0.6911110175881457
502110,2024,R,0.3517153315704624,0.07080639521514087,0.26197546247106757,0.013245302408725932,0.6539728399409332
624413,2024,R,0.3688112620693687,0.06382000357451502,0.22380322613007006,0.013580826287043449,0.6987959429720356
606115,2024,R,0.2863637390337648,0.06482939591895315,0.2047228970722748,0.013172237434125331,0.7172754690453789
624585,2024,R,0.34127936504658934,0.08620192886062017,0.2764180919387276,0.014034891798399595,0.6233450875587572
664056,2024,R,0.2880250897998174,0.08195883113074763,0.24868697756842026,0.014156038640170536,0.6551981520842073
682668,2024,R,0.2607977541728664,0.07463980504392949,0.2974657452796761,0.013756304241035225,0.6141381449468274
620443,2024,R,0.30111762998419805,0.09790191405101017,0.23883656502202505,0.014008370344426953,0.6492531501719025
669221,2024,R,0.33642108717981845,0.09058150776252252,0.22449036475683518,0.013705815165389367,0.6712223118189954
444482,2024,R,0.34591600865087047,0.07710878267671417,0.19002412608933938,0.007751209858086235,0.7251158811155505
630105,2024,R,0.3354846851056564,0.10965299635849789,0.16880719780644654,0.008284991620748122,0.7132548143820356
665487,2024,R,0.3506016378971183,0.06802705546247,0.24165077918211306,0.01322771316068043,0.677094452263563
553993,2024,R,0.3192043418973266,0.09509300988647877,0.2801857756679387,0.014822731906866234,0.6098984826557627
545341,2024,R,0.31283731411005605,0.05492520749565534,0.26172353742492477,0.013262811837801673,0.6700884427185814
572233,2024,R,0.3392954316660232,0.08254340116478592,0.2302361766515047,0.013751159435785618,0.6734692629410565
666971,2024,R,0.33825630221191777,0.06878275269267568,0.1815004644577487,0.012564292942489006,0.7371524904196021
682998,2024,R,0.35853038321417485,0.10349995608224202,0.19552598280008232,0.008389378090234165,0.692584682800216
456781,2024,R,0.3146791481111051,0.0776535353148542,0.20948156685797528,0.013813903470142466,0.6990509946604969
663604,2024,R,0.2607977541728664,0.07463980504392949,0.2974657452796761,0.013756304241035225,0.6141381449468274
642180,2024,R,0.28266331750659657,0.1106015102895712,0.236438192972441,0.008651918793226607,0.6443083787230455
606466,2024,R,0.3385338687708975,0.089924078171097,0.16456927243544686,0.00804955190575739,0.7374570981052604
672695,2024,R,0.30208534840137913,0.1405624069380107,0.19979289892544078,0.009021550876265305,0.6506231433614816
672515,2024,R,0.32561549993986005,0.09613581106015244,0.18473223948527978,0.014557416560595119,0.7045745333305108
664983,2024,R,0.2971636975738212,0.08355137420825037,0.21873909383069146,0.008080546290150719,0.6896289855288443
553869,2024,R,0.3039123943344943,0.06871463163208906,0.2099856805079814,0.013541071579457959,0.7077586156937158
605113,2024,R,0.27303103723393424,0.06520253855511005,0.21435635474769657,0.01303170134427924,0.7074094048245845
701538,2024,R,0.2822085350183085,0.08967578469375148,0.27686902645396105,0.008590951565654708,0.6248642380007371
650333,2024,R,0.34888356084367794,0.09669630906132834,0.08161425827528145,0.007835377258571356,0.8138540558859436
592669,2024,R,0.3178188212183815,0.06889728162361607,0.2617037850744203,0.013134302370249474,0.6562646310484496
677951,2024,R,0.33998073350771313,0.05754186030152931,0.2054016340328001,0.012896231042780993,0.7241602749851849
502054,2024,R,0.33600926891949084,0.11184089820321746,0.2453138112758926,0.014529117526092273,0.6283161737412027
664728,2024,R,0.3240424169841664,0.09299955122118973,0.20756149229192003,0.008108806341141429,0.6913301501118484
672580,2024,R,0.32891186386608673,0.10485848898199039,0.21239945192245993,0.013733712727025173,0.669008346346135
666023,2024,R,0.2975691179379457,0.06976917087818496,0.22784558139745506,0.012965572041346877,0.6894196753479288
669004,2024,R,0.34533006496398516,0.11188493096580454,0.25371576928149714,0.008708179497134276,0.6256911198276047
493329,2024,R,0.33782572322945836,0.05911484212311616,0.1063282301015873,0.011991473052624168,0.8225654546458679
686681,2024,R,0.3248548635623011,0.06062348365855578,0.21486413593480283,0.007947073552116041,0.7165653069800421
680700,2024,R,0.3184052496033719,0.10962514318963917,0.1704688396888799,0.00836311261818837,0.7115429044877543
686482,2024,R,0.2822085350183085,0.08967578469375148,0.27686902645396105,0.008590951565654708,0.6248642380007371
676609,2024,R,0.26337427326670404,0.09579984214185124,0.24995711041918842,0.014680603063609625,0.6395624433508819
666185,2024,R,0.2935285480445711,0.09684697009334599,0.22747306612073098,0.008660549090449238,0.6670194145320579
686765,2024,R,0.2822085350183085,0.08967578469375148,0.27686902645396105,0.008590951565654708,0.6248642380007371
677800,2024,R,0.31701036832340534,0.10437964851867926,0.2809760926766183,0.008860089374033205,0.6057841689775078
657136,2024,R,0.2914533545878854,0.0676399736727524,0.29771131333802303,0.013889885084535921,0.6207588278111311
671213,2024,R,0.35688416362578257,0.1167528766055593,0.24085338240589801,0.008531950496650904,0.6338617906521459
676356,2024,R,0.2606297685747169,0.06091956122755437,0.22944331582849473,0.013225831067133596,0.6964112918466691
666139,2024,R,0.32617432353763903,0.08000016189820594,0.2365872175858908,0.008254922340152928,0.6751576980854369
666624,2024,R,0.2996859430413905,0.07935528779396081,0.3353915595785293,0.013277492159980569,0.5719756610594845
666018,2024,R,0.307392799033021,0.09234146418331517,0.24022404474675849,0.00849054642678221,0.6589439443789565
691406,2024,R,0.3092491560471054,0.06808325407511323,0.2501837516086677,0.013259123311995724,0.6684738702572763
665839,2024,R,0.31378076205999,0.09575864893030364,0.2049116230866797,0.008578633579733364,0.6907510944148026
681508,2024,R,0.2822085350183085,0.08967578469375148,0.27686902645396105,0.008590951565654708,0.6248642380007371
678882,2024,R,0.27405292745519244,0.05688806072539223,0.2762478281970505,0.013051572825585488,0.6538125378066001
687093,2024,R,0.2804799078447815,0.05866318259359233,0.21355670381493735,0.013081810023140628,0.7146983040455298
680776,2024,R,0.3345286170953909,0.08961983824104638,0.21917228679179943,0.008017872536784936,0.6831900027037778
683737,2024,R,0.3028492755675278,0.09643189185482509,0.27847007457704903,0.008662265596078907,0.6164357688742386
673548,2024,R,0.34014328620786793,0.11590720220440816,0.234600229927987,0.015287994708836553,0.6342045729890041
663538,2024,R,0.3214257218352186,0.07336950163560416,0.12833412230807711,0.013139663525756995,0.7851567120768599
664023,2024,R,0.32623607940069926,0.11818263934413768,0.2726205642293644,0.008743066064572114,0.6004537306298984
670770,2024,R,0.3170774419635616,0.11443928914514906,0.17162544669230176,0.008548617858162043,0.7053866459652974
668715,2024,R,0.3076821847043658,0.10377252709975403,0.24241905936138017,0.014777736489269106,0.6390306780743498
663886,2024,R,0.31494793006480726,0.11259209178050823,0.24023999859393605,0.014230175740577685,0.6329377338753076
682829,2024,R,0.32054976016961734,0.0911199099747112,0.28960949161919675,0.008565055320575641,0.61070554238884
663697,2024,R,0.3202886370533655,0.11351248876830017,0.22270077236394742,0.014973756880846779,0.6488129818983595
571912,2024,R,0.2800228746376521,0.08773153731726514,0.25930256747929886,0.014240178627013506,0.6387257169063129
676679,2024,R,0.2607977541728664,0.07463980504392949,0.2974657452796761,0.013756304241035225,0.6141381449468274
643565,2024,R,0.32108899636874916,0.13596201857264847,0.2525256804257323,0.009057272905041571,0.6024550283566774
542194,2024,R,0.288276414233871,0.04044608966923752,0.25343203956634475,0.011969012996294888,0.6941528572699939
682622,2024,R,0.2987986736333071,0.07382655080919497,0.24884960521344474,0.013285335351018479,0.6640385091789165
641584,2024,R,0.3093109773983301,0.10335903410181924,0.23380015021678574,0.008579979725407217,0.654260835931992
664034,2024,R,0.3254695580467592,0.07185319269942234,0.18442662240217894,0.013520168846820559,0.730200016067775
691718,2024,R,0.26841095053695135,0.0851442500523186,0.3267051287009867,0.008777244602113526,0.5793733769351744
670623,2024,R,0.3158578293489275,0.08920755676462215,0.16161798660084697,0.014028214795672685,0.7351462416682633
682634,2024,R,0.2607977541728664,0.07463980504392949,0.2974657452796761,0.013756304241035225,0.6141381449468274
668845,2024,R,0.2607977541728664,0.07463980504392949,0.2974657452796761,0.013756304241035225,0.6141381449468274
595909,2024,R,0.29360576395465365,0.0833267378801837,0.30104320163365383,0.008598542256671256,0.6070315179693427
656541,2024,R,0.3055312219034162,0.11069525856850689,0.33870388716456357,0.009081387563320704,0.5415194664108357
666134,2024,R,0.32766217665992026,0.11627392143087442,0.3129589914855646,0.0092005343182138,0.5615665532543133
571771,2024,R,0.3161838878888437,0.0745018760923952,0.20912721156258474,0.013477046832593495,0.7028938656986572
669242,2024,R,0.3017303176822979,0.09105607635652345,0.18048923780030746,0.00789282923102339,0.7205618573787722
571970,2024,R,0.37002134267361936,0.14674128403035042,0.25095124506422734,0.00920291987816931,0.5931045511673387
669911,2024,R,0.29201672312760196,0.09621210537116508,0.32759283382716764,0.008489474935654428,0.5677055856309511
641857,2024,R,0.32459799941329276,0.09939904800077234,0.3067073528597148,0.008734522254102643,0.585159076833672
678662,2024,R,0.2919789086355717,0.04734598425855576,0.2558507932088165,0.013076283446898408,0.6837269391801946
606192,2024,R,0.3340838413879074,0.07764983770905831,0.2788922536522006,0.014025579774562275,0.6294323286785538
681546,2024,R,0.3173755267367579,0.12079805952485363,0.320989905639427,0.009078905752005416,0.5491331291710666
660271,2024,R,0.38019395435752656,0.09596745402054613,0.26019929487437327,0.008400590054536345,0.6354326621582285
605131,2024,R,0.29733989159573654,0.11754198702620627,0.23846602104573508,0.014799693568032653,0.6291922985877563
681624,2024,R,0.2607977541728664,0.07463980504392949,0.2974657452796761,0.013756304241035225,0.6141381449468274
621035,2024,R,0.29881434087578723,0.10785456793625908,0.29823202683442934,0.014704253775247748,0.5792091503287242
687597,2024,R,0.2607977541728664,0.07463980504392949,0.2974657452796761,0.013756304241035225,0.6141381449468274
691011,2024,R,0.2822085350183085,0.08967578469375148,0.27686902645396105,0.008590951565654708,0.6248642380007371
605141,2024,R,0.3658437867441805,0.10396738420100671,0.1478128295695943,0.014415353892118562,0.7338044320143703
453568,2024,R,0.3355697867340082,0.06630423244642948,0.1833141788722729,0.00795423382737303,0.7424273543585529
681481,2024,R,0.3171143876712965,0.07026876775579018,0.22100524926530718,0.008224334066335529,0.7005016488021029
678009,2024,R,0.33324291419372126,0.10775138424379216,0.22204675660679632,0.008643297074283069,0.6615585623812872
656716,2024,R,0.3226619351568532,0.09998389880693424,0.2081211784209981,0.008371865675907876,0.6835230572078316
676070,2024,R,0.2615490844961797,0.07281173968731842,0.26392929462014525,0.013493084111262234,0.6497658813815325
666150,2024,R,0.2949150348304799,0.08492369305957106,0.2186115701471074,0.008248611647557115,0.6882161250553026
686676,2024,R,0.26244251486726833,0.05649473962244563,0.2836503860022438,0.012673252555967136,0.6471816218810444
700242,2024,R,0.2822085350183085,0.08967578469375148,0.27686902645396105,0.008590951565654708,0.6248642380007371
679529,2024,R,0.34189536617631583,0.09108045631125987,0.2221751229594683,0.01409769028329666,0.6726467311069101
690291,2024,R,0.2822085350183085,0.08967578469375148,0.27686902645396105,0.008590951565654708,0.6248642380007371
672761,2024,R,0.2822085350183085,0.08967578469375148,0.27686902645396105,0.008590951565654708,0.6248642380007371
682985,2024,R,0.3441541867141087,0.09758237711692913,0.2519170939586036,0.008716542645840094,0.6417839854653994
663837,2024,R,0.3265965865992354,0.08601682926535317,0.1969411369288681,0.014219181083569067,0.7028228531286986
682868,2024,R,0.2607977541728664,0.07463980504392949,0.2974657452796761,0.013756304241035225,0.6141381449468274
672820,2024,R,0.28345948843162705,0.05115172036328905,0.22281705456350956,0.013198937622311885,0.7128322871385664
683734,2024,R,0.33962592604515873,0.06885854464431482,0.18309119553453973,0.013296456348781302,0.7347538034804089
676113,2024,R,0.2822085350183085,0.08967578469375148,0.27686902645396105,0.008590951565654708,0.6248642380007371
673357,2024,R,0.33102345317545,0.04552434774806976,0.25798624932906805,0.012389178866343657,0.6841002241174138
668670,2024,R,0.2876924219548154,0.10310645241596814,0.31045902752502197,0.01436717780055439,0.5720673426853446
678246,2024,R,0.31129964913727515,0.11143443701538104,0.2035289767047315,0.014379863321247828,0.6706567232854878
690993,2024,R,0.2822085350183085,0.08967578469375148,0.27686902645396105,0.008590951565654708,0.6248642380007371
694359,2024,R,0.2822085350183085,0.08967578469375148,0.27686902645396105,0.008590951565654708,0.6248642380007371
672569,2024,R,0.2822085350183085,0.08967578469375148,0.27686902645396105,0.008590951565654708,0.6248642380007371
642136,2024,R,0.321233707753268,0.1319260005075469,0.26513823824711413,0.008787839757549116,0.5941479207623402
592273,2024,R,0.30666050038715303,0.06657287114843985,0.24402674588614764,0.013523888972250266,0.6758764943407344
607680,2024,R,0.3035331692404225,0.041776193081438324,0.17045853042349485,0.01213747366347522,0.7756278021856347
665750,2024,R,0.3210385966654604,0.08785710074612621,0.22144665479895184,0.008023284555039029,0.6826729603037571
641680,2024,R,0.3293732183845555,0.08521130666939575,0.19147891148049442,0.008321508245438817,0.714988272914994
663993,2024,R,0.3629463410656422,0.1136708429778285,0.21161389551447593,0.00839237832880739,0.6663228831966076
694671,2024,R,0.2607977541728664,0.07463980504392949,0.2974657452796761,0.013756304241035225,0.6141381449468274
669701,2024,R,0.3176003209808932,0.12278220595517082,0.23842496081525721,0.008725305268892774,0.6300675273815611
543760,2024,R,0.32544934501478784,0.09576291315706338,0.18659897619825955,0.014285644694416623,0.7033524654474346
677649,2024,R,0.30119522226836953,0.05631558482825685,0.2574552515109497,0.013005194442132904,0.6732239692473684
687957,2024,R,0.2822085350183085,0.08967578469375148,0.27686902645396105,0.008590951565654708,0.6248642380007371
676572,2024,R,0.2607977541728664,0.07463980504392949,0.2974657452796761,0.013756304241035225,0.6141381449468274
605346,2024,R,0.2415000355223501,0.05843272624976012,0.3286347129586598,0.013388016193955948,0.5995445450438585
621493,2024,R,0.33393529481696393,0.10069851378194797,0.22763055966502077,0.014137287997602012,0.6575336381806661
608671,2024,R,0.2924761413372283,0.13075341846445646,0.21993600795888565,0.008698301334545189,0.6406122723104501
683021,2024,R,0.28690788364167774,0.0983101466564593,0.1624434336632186,0.013762502174733024,0.7254839176983446
686555,2024,R,0.2822085350183085,0.08967578469375148,0.27686902645396105,0.008590951565654708,0.6248642380007371
669003,2024,R,0.2970729492889598,0.11229576884564163,0.3152609174572794,0.00883138739003483,0.5636119273670073
641343,2024,R,0.319555117197391,0.11528569408789674,0.2654550439651767,0.00853432953573184,0.6107249329271098
655316,2024,R,0.3119231960955299,0.1175487419594729,0.19619915975730642,0.01477776351755753,0.67147433516083
694192,2024,R,0.2607977541728664,0.07463980504392949,0.2974657452796761,0.013756304241035225,0.6141381449468274
668930,2024,R,0.3117954328007755,0.10962133135596586,0.20889269446723766,0.008519641264775973,0.6729663327561645
687401,2024,R,0.26615982298313995,0.06598267076653451,0.27932749609538626,0.013337403316546538,0.6413524303501129
596142,2024,R,0.3305960594367302,0.0711788283367631,0.26871520961753814,0.01388070263785677,0.6462252596699016
663368,2024,R,0.29600860860184836,0.15355608756618314,0.27050288754698976,0.009464349406431108,0.5664766752693886
543877,2024,R,0.3030297842578682,0.07091031109922533,0.17813986996558462,0.013539908614334564,0.7374099097895033
622534,2024,R,0.3202410462367909,0.07771121619494994,0.16574998326890716,0.013635416966562784,0.7429033842354581
571657,2024,R,0.29136716714730315,0.05523829112921316,0.20207516382943785,0.013060966039219668,0.7296255781130715
467793,2024,R,0.348648809228237,0.11381462354746531,0.1856369310378697,0.008632048067896556,0.6919163970293566
676059,2024,R,0.3187207961127763,0.0851081081094289,0.24276159495182972,0.013222211391575702,0.658908085564324
702616,2024,R,0.2822085350183085,0.08967578469375148,0.27686902645396105,0.008590951565654708,0.6248642380007371
543510,2024,R,0.2889892552183923,0.055030493429520856,0.26522644139512114,0.012925310030495735,0.6668177551503645
656896,2024,R,0.32164814359427035,0.07268014416348413,0.20762313235013555,0.013414278472708124,0.7062824457469867
668904,2024,R,0.3257475924574216,0.0817333671520468,0.21142708739452243,0.013385148711004066,0.6934543969747182
686797,2024,R,0.2822085350183085,0.08967578469375148,0.27686902645396105,0.008590951565654708,0.6248642380007371
668885,2024,R,0.2607977541728664,0.07463980504392949,0.2974657452796761,0.013756304241035225,0.6141381449468274
666397,2024,R,0.3254431831993162,0.1589876867113302,0.29061845084936233,0.008985862223905789,0.5414079994650981
596103,2024,R,0.2943500923297352,0.10793459282819746,0.3014944403617737,0.014474272037248135,0.5760966947286056
677008,2024,R,0.2956855863664939,0.08230381284862823,0.2689250983664172,0.008365332876315388,0.640405756284989
663624,2024,R,0.3345170282308419,0.05210246641628618,0.2351157571962094,0.012229390954377061,0.7005523857253357
681297,2024,R,0.30385524756160426,0.1126458290867234,0.28510126398814317,0.009036163793845885,0.5932167430242606
668939,2024,R,0.36693670502499476,0.11030573143737456,0.15169803015648722,0.008455432524792358,0.7295408058694344
656775,2024,R,0.33392899571925244,0.09753860445897039,0.18053201030488522,0.008449663181643387,0.7134797217629886
656811,2024,R,0.3474780182614342,0.08210369368837181,0.2285214315457826,0.008278164216609924,0.6810967101747457
680577,2024,R,0.2822085350183085,0.08967578469375148,0.27686902645396105,0.008590951565654708,0.6248642380007371
683002,2024,R,0.3652639111698235,0.10047398021697093,0.2307115106748129,0.008130340664999538,0.6606841688606269
602104,2024,R,0.3214504536014498,0.09849999010396068,0.22651003541715503,0.014093353332816696,0.6608966214177127
665833,2024,R,0.3523695773658671,0.08921141074613292,0.273178825188802,0.008535269386043844,0.6290744948122775
668804,2024,R,0.3500452867041818,0.10249011684553556,0.2227248286078279,0.008343215404976546,0.6664418387886542
693304,2024,R,0.27670944667152547,0.0887378076682532,0.2672173113903313,0.014050917438601436,0.6299939633994003
683011,2024,R,0.31189406395111136,0.0968348071187537,0.2443354381594464,0.014312974317783592,0.6445167799389968
657077,2024,R,0.3456235126794501,0.0882293126295623,0.14725816742453793,0.008148947750984995,0.7563635729265495
542932,2024,R,0.30920859008926627,0.11842991722298554,0.2253764868717698,0.014731468748821091,0.6414621272282742
691176,2024,R,0.3012470291851505,0.09548090030621922,0.25137245072696107,0.00835029488661887,0.6447963543467241
669224,2024,R,0.3182469658988322,0.06878481004313206,0.22933349141318382,0.007920030728678614,0.6939616668814028
663757,2024,R,0.3278451989036757,0.14017478797392907,0.2589788578790834,0.009104850583655549,0.5917415034271502
650402,2024,R,0.3264317738282882,0.07937646072243161,0.21725588633348172,0.013670366138741948,0.6896972866715926
678894,2024,R,0.2741382042208824,0.0700941123064287,0.2853784294414985,0.013094619197563632,0.6314328393053288
695257,2024,R,0.2607977541728664,0.07463980504392949,0.2974657452796761,0.013756304241035225,0.6141381449468274
694377,2024,R,0.2607977541728664,0.07463980504392949,0.2974657452796761,0.013756304241035225,0.6141381449468274
669707,2024,R,0.26808020532270377,0.09119326830720291,0.2956541837699539,0.01405111315497229,0.5991014338765142
624431,2024,R,0.2969023777065272,0.06477336760757765,0.17555903439160533,0.011826275845590546,0.747841321882675
641943,2024,R,0.32097765862252364,0.0887309051595707,0.20447146952779904,0.008277004962790878,0.6985206197188693
663698,2024,R,0.2835740380534704,0.07130113557905049,0.3166824018860355,0.014163371322562712,0.5978530911352066
700250,2024,R,0.2822085350183085,0.08967578469375148,0.27686902645396105,0.008590951565654708,0.6248642380007371
663609,2024,R,0.30419120271721617,0.08784381560298707,0.3043119278092394,0.014230153688194112,0.5936141024612299
676475,2024,R,0.3438687954531338,0.06424103753810985,0.14581839595779358,0.007573678845265127,0.7823668870398569
680977,2024,R,0.34438519399347894,0.1227681386855604,0.16100267265668167,0.008653474017452962,0.7075757152764872
665877,2024,R,0.28503919494767455,0.0943362483763725,0.1871885970141018,0.014343783708143711,0.7041313705515772
666464,2024,R,0.2594370421339049,0.057973303919307204,0.34609656707591324,0.012749720329324511,0.5831804082839759
682641,2024,R,0.30265280568832004,0.07771238940374833,0.17009124623355035,0.013125076747746508,0.739071286722685
687529,2024,R,0.2822085350183085,0.08967578469375148,0.27686902645396105,0.008590951565654708,0.6248642380007371
686780,2024,R,0.2607977541728664,0.07463980504392949,0.2974657452796761,0.013756304241035225,0.6141381449468274
695336,2024,R,0.2607977541728664,0.07463980504392949,0.2974657452796761,0.013756304241035225,0.6141381449468274
691023,2024,R,0.3191392205681468,0.06580180749994001,0.24252975341030142,0.012063541583883095,0.6796048979634027
592200,2024,R,0.2904210440752459,0.11436689995967589,0.276514798785648,0.014541044545937555,0.594577256708518
689172,2024,R,0.2771546029389094,0.08812302347896782,0.2798381674527087,0.008549099111095092,0.6234897107625993
666149,2024,R,0.27368799880843775,0.0903941660531266,0.2979812948699504,0.014067330313819685,0.5975572084748906
624424,2024,R,0.3356096806062665,0.10828220131061987,0.2401844109948065,0.008662391318074702,0.6428709964859844
669477,2024,R,0.30118983924514553,0.056279910859476125,0.22479664691070994,0.012320377493684448,0.7066030649516443
672279,2024,R,0.28417605617137054,0.11149349033301593,0.27512945153295837,0.008919936963892846,0.604457120664392
663457,2024,R,0.34904665755261466,0.13747248137278129,0.2077221173108271,0.008706356586977122,0.6460990451010051
622268,2024,R,0.29554781406566016,0.07928928064380587,0.2185067405667861,0.0081142129969227,0.6940897660842871
664774,2024,R,0.3560161860661098,0.13328112296331626,0.20073236835901356,0.008813890032756733,0.6571726187815689
573262,2024,R,0.34702923233837646,0.11544686055336975,0.23530716724572767,0.008916224661159633,0.6403297470658632
502671,2024,R,0.3567073174277001,0.09625498176333887,0.23931712773259442,0.014176553565838747,0.6502513363640537
656305,2024,R,0.3399866097457342,0.10806431218646775,0.267230198736754,0.014682154052870414,0.6100233355584472
572761,2024,R,0.3548848902431546,0.14903534657776393,0.2504788540634573,0.0094522298754653,0.5910335693944697
680474,2024,R,0.2607977541728664,0.07463980504392949,0.2974657452796761,0.013756304241035225,0.6141381449468274
668832,2024,R,0.2822085350183085,0.08967578469375148,0.27686902645396105,0.008590951565654708,0.6248642380007371
687231,2024,R,0.2607977541728664,0.07463980504392949,0.2974657452796761,0.013756304241035225,0.6141381449468274
680869,2024,R,0.2980636725104408,0.08530185491153634,0.2748528286528474,0.013554332427537058,0.6262909839168419
664913,2024,R,0.33990352061975826,0.08191819181558883,0.2439724796128523,0.00836368405210693,0.6657456436086243
691016,2024,R,0.3059538430225288,0.08371819724010024,0.2952322067720713,0.00834567152958713,0.6127039242078922
667670,2024,R,0.32233767069006075,0.08451401929849875,0.31448291182145416,0.01432349024223434,0.5866795784899076
668709,2024,R,0.32191430838259844,0.12498435500498349,0.24326625116683462,0.008635115389677584,0.6231142789737365
669397,2024,R,0.2756409713433927,0.08538314280493356,0.19334467378085693,0.013438515456643853,0.7078336684024634
660844,2024,R,0.2822085350183085,0.08967578469375148,0.27686902645396105,0.008590951565654708,0.6248642380007371
645302,2024,R,0.2781572568664291,0.0785316298697942,0.23701160833087548,0.013607140870161542,0.6708496210612737
668942,2024,R,0.3195898783139388,0.11841304751763414,0.20468182194053913,0.008452023838436372,0.6684531066343222
641487,2024,R,0.33538397009470844,0.12661664956998472,0.17057607162251986,0.008636691639543514,0.694170586946472
593871,2024,R,0.3461729163016597,0.10430793654105963,0.18185560226605169,0.00857331318857928,0.7052631487191138
663662,2024,R,0.2841010610776089,0.0833182715644559,0.2904032947783105,0.013792712744041473,0.6124857204886084
457759,2024,R,0.3455495790549568,0.08524047402891759,0.1610990040420411,0.013931963097587078,0.7397285586272211
670042,2024,R,0.3290945358879718,0.08279465750272394,0.2895009808569511,0.008257985398473033,0.6194463762560196
668227,2024,R,0.3255150570560521,0.08914613117762565,0.22872457033519594,0.014472233751083127,0.6676570657737293
663728,2024,R,0.3347692724053706,0.08436929164460968,0.2650027154826637,0.008512477406823883,0.6421155148477621
677594,2024,R,0.33659556456250406,0.05937198304568215,0.250688708182549,0.01278146816395443,0.6771578401411633
663527,2024,R,0.31121349862485714,0.09779199229508159,0.22665198581883042,0.014159071116678142,0.6613969508053228
694388,2024,R,0.2822085350183085,0.08967578469375148,0.27686902645396105,0.008590951565654708,0.6248642380007371
672642,2024,R,0.2822085350183085,0.08967578469375148,0.27686902645396105,0.008590951565654708,0.6248642380007371
680718,2024,R,0.2822085350183085,0.08967578469375148,0.27686902645396105,0.008590951565654708,0.6248642380007371
676914,2024,R,0.2829802408082592,0.11848575504349924,0.3299346695645844,0.015042821522026165,0.536536754467581
676391,2024,R,0.2994767989206547,0.061873203714078215,0.13996105936463785,0.012200535624092308,0.785965201438751
687462,2024,R,0.28784676642352075,0.08543298835596669,0.22942296680542368,0.0082519054496109,0.6768921386139727
682729,2024,R,0.2822085350183085,0.08967578469375148,0.27686902645396105,0.008590951565654708,0.6248642380007371
665489,2024,R,0.3730647391534322,0.06704756987902416,0.1636755872215587,0.01265588752860211,0.7566209555323623
623168,2024,R,0.27376827321602154,0.08824322069144933,0.18530525760603878,0.008410359598472293,0.7180411626450358
681393,2024,R,0.2607977541728664,0.07463980504392949,0.2974657452796761,0.013756304241035225,0.6141381449468274
669364,2024,R,0.29204247427620295,0.10314218424049615,0.20280818392878522,0.008292624446314007,0.6857570068266169
669394,2024,R,0.3170256752183195,0.062318774352254684,0.29672754686582564,0.012630786322085986,0.6283228925375165
663743,2024,R,0.32241450308951736,0.07984185623010424,0.17468189848773705,0.01263508859484716,0.7328411570017039
665052,2024,R,0.2822085350183085,0.08967578469375148,0.27686902645396105,0.008590951565654708,0.6248642380007371
672640,2024,R,0.2690542799880232,0.08496136279180577,0.2724869473638904,0.013920802049452369,0.6286308873910846
667472,2024,R,0.30691493733179803,0.07132760658852279,0.2559195304632394,0.01347502965522048,0.659277833526953
660821,2024,R,0.3434215043542302,0.08116912935731169,0.24105269560682022,0.008099818543358861,0.6696783555119586
681146,2024,R,0.29562143930410256,0.1121794189240529,0.18273633615944557,0.014853427385635207,0.6902308180011955
660766,2024,R,0.29495571808473303,0.07079693695275288,0.24246511648349092,0.013975827499243454,0.6727621194128289
695578,2024,R,0.2822085350183085,0.08967578469375148,0.27686902645396105,0.008590951565654708,0.6248642380007371
671277,2024,R,0.3287256599133484,0.05768932357646306,0.14447485562639029,0.006820311630870252,0.7910155088001067
671117,2024,R,0.2822085350183085,0.08967578469375148,0.27686902645396105,0.008590951565654708,0.6248642380007371
696285,2024,R,0.28611814555644055,0.08270178224748397,0.20763278337844313,0.01368122785887942,0.6959842061305436
686452,2024,R,0.28769237313985146,0.10626575030467961,0.26455652415523895,0.008672833797558309,0.6205048921014683
671083,2024,R,0.2778242384076759,0.10120722683125043,0.2477900560621422,0.013510919557022043,0.6374917981514272
656941,2024,R,0.3676542853369781,0.11412895045925646,0.286901137548983,0.008948137911556586,0.5900217736660918
596117,2024,R,0.2743168743087095,0.1206412450148113,0.25382732253673185,0.008899081278460853,0.6166323513957443
624641,2024,R,0.2874480994841251,0.05252949080027809,0.21096803109417248,0.013373151853454805,0.7231293272573087
665019,2024,R,0.31000985241162515,0.0916680792331067,0.2598049463621399,0.008628906654860885,0.6398980676106882
669016,2024,R,0.32765190744688627,0.09499486186271551,0.28398868682747375,0.00877676024240006,0.6122396907072856
664761,2024,R,0.33130799141709033,0.062493633617058,0.19577363645130813,0.012789287967820893,0.7289434421764117
681082,2024,R,0.33002415842883376,0.09306140238760281,0.15319956529973267,0.007766275964296749,0.7459727567590633
642215,2024,R,0.2614683893833171,0.08917131273548665,0.33447006468308293,0.014302231610277957,0.5620563906840491
607208,2024,R,0.3225514664449796,0.07241167939555052,0.21041220815777645,0.013250135411972912,0.7039259769741845
686611,2024,R,0.2607977541728664,0.07463980504392949,0.2974657452796761,0.013756304241035225,0.6141381449468274
677588,2024,R,0.2843090618834433,0.11716382849177295,0.28115783140312967,0.00880513457991927,0.5928732054071368
683083,2024,R,0.2822085350183085,0.08967578469375148,0.27686902645396105,0.008590951565654708,0.6248642380007371
608336,2024,R,0.36407306635088327,0.11224533990759451,0.3657487573510031,0.009106987926474217,0.5128989152274022
592206,2024,R,0.3207387815522807,0.055686355258027544,0.2506625214841834,0.012969086914656551,0.680682036543247
592518,2024,R,0.3668299928483227,0.060274382710298495,0.17610319050041678,0.012545280047489638,0.7510771473841488
595777,2024,R,0.32235601689639554,0.11153665847561318,0.1782581843202778,0.008665539141297562,0.7015396176224106
593428,2024,R,0.33378924269055726,0.07289024945337041,0.16263208053129255,0.01308332985397673,0.751394340415351
592626,2024,R,0.3559027812490233,0.09029066576065375,0.2356903403028513,0.008577005698660019,0.6654419892996082
521692,2024,R,0.33559673880256446,0.023760617340864303,0.21343846624036597,0.012198850272255314,0.7506020660355637
624428,2024,R,0.3286879432818886,0.09426592928124607,0.1329558282721555,0.00822320417914729,0.7645550381053663
641658,2024,R,0.2703706851696469,0.09764415644735192,0.2721352815132017,0.01441217933206177,0.6158083833042614
543257,2024,R,0.3245618226168092,0.1332135006173486,0.22742250735470818,0.008699678599699473,0.6306643125750415
657557,2024,R,0.30438007775763715,0.07571080493914098,0.2610901456026273,0.014055213669385417,0.6491438357066859
680118,2024,R,0.2817867806547851,0.08517793837594687,0.287734349475036,0.01395501430222815,0.6131326980302721
663853,2024,R,0.27782404001844657,0.06251319333855207,0.3145301621875277,0.01303490472000551,0.6099217402647571
641933,2024,R,0.32259855373131624,0.08113354121091439,0.290756650596443,0.013944720920506143,0.6141650874088652
596115,2024,R,0.3149611266052594,0.07008834425827073,0.27924543670193014,0.013989284603768663,0.6366769340260353
664040,2024,R,0.34991779024397573,0.08459145541680914,0.2650101903049286,0.008197191978275573,0.6422011620775764
650490,2024,R,0.3665702947435597,0.10388417593714037,0.15375124881661464,0.013930754987761307,0.7284338200699572
670764,2024,R,0.3049068844824597,0.14003866071126567,0.22192929288259772,0.00877082911451249,0.6292612168813042
666163,2024,R,0.3035057712668821,0.11420038592626833,0.28450978326790727,0.008807292993099137,0.592482538238483
643376,2024,R,0.32949710862381343,0.09471966373151583,0.1973108218692824,0.013955401649367804,0.694014112851887
642350,2024,R,0.28961773053497636,0.06186000147251143,0.31779736956435245,0.013583395856219623,0.60675923265412
665804,2024,R,0.28578598240259995,0.0939328953815611,0.2838225731321995,0.014129849093229114,0.6081146819866895
621020,2024,R,0.3222567005667473,0.08419561604112413,0.23778374080471923,0.013745446603531055,0.6642751964235896
669289,2024,R,0.3078506224854236,0.08388804624204745,0.14660297450931162,0.013265129667873847,0.7562438499559349
621550,2024,R,0.31984127517212424,0.0922582643375028,0.3359166801173164,0.01457234281028579,0.557252712953395
641355,2024,R,0.3359875706561349,0.08591175767567183,0.23209304407938422,0.008686980403807743,0.6733082184328216
677587,2024,R,0.25762863220634125,0.07575524943232016,0.25674758190699565,0.008214223534912187,0.6592829448460383
678877,2024,R,0.2607977541728664,0.07463980504392949,0.2974657452796761,0.013756304241035225,0.6141381449468274
666310,2024,R,0.3172994007800407,0.10168209637004666,0.24376354324913532,0.0087385866161252,0.6458157737257303
518792,2024,R,0.34238506420985876,0.08133050927111293,0.16079096263831924,0.0079764577965876,0.7499020702148971
701305,2024,R,0.2607977541728664,0.07463980504392949,0.2974657452796761,0.013756304241035225,0.6141381449468274
572138,2024,R,0.3108452787452427,0.10172332622562398,0.24787482574663244,0.008603619633169897,0.6417982283333783
665926,2024,R,0.29674647671736415,0.06590515166773518,0.22373898619255034,0.008034777092937324,0.7023210852753852
657041,2024,R,0.3162423038469233,0.10233190471054388,0.21559200732277511,0.0141418671866798,0.6679342210968935
647304,2024,R,0.36296373043510105,0.05733701718138849,0.1417333002321034,0.007236524702180782,0.7936931577827477
608070,2024,R,0.3478150625700345,0.08957535804809702,0.1377180483225783,0.0084180587880652,0.7642885351633565
605170,2024,R,0.33333891086148953,0.09944758872189673,0.1997016432788041,0.008415355740201512,0.692435412346276
663656,2024,R,0.3936723009157863,0.09028853766478727,0.1549234063851418,0.007916797955993126,0.7468712579098747
665161,2024,R,0.3036834750662046,0.05874068087634802,0.22188944106230035,0.012583388475850462,0.7067864897954419
700932,2024,R,0.2822085350183085,0.08967578469375148,0.27686902645396105,0.008590951565654708,0.6248642380007371
686823,2024,R,0.3079149786225591,0.05583343058849772,0.1414298713664676,0.007302999497718235,0.7954336981219332
666197,2024,R,0.2637452660120099,0.08328278255312589,0.3174672527218698,0.014261987492618384,0.5849879769942341
676694,2024,R,0.298548736063082,0.09321269001454684,0.262096966019843,0.013625368124636578,0.6310649751377353
643289,2024,R,0.2960511911799686,0.05228281807712974,0.15954016190434814,0.01226957090152722,0.7759074493793635
669257,2024,R,0.3439014148721031,0.10661694174274347,0.18811584545349586,0.014571975078359013,0.6906952379519966
666158,2024,R,0.31818681212200894,0.11053131717241903,0.22497845504853276,0.00847713796734261,0.6560130893991178
696100,2024,R,0.2839612483418768,0.06580986449231468,0.2924329551245873,0.012930268182787344,0.6288269118452371
595281,2024,R,0.30119930220270064,0.07545151091720358,0.21129402989774257,0.007790731076229393,0.7054637276506448
628451,2024,R,0.30988754683116115,0.0710715005723267,0.1701701365162914,0.013352972306982996,0.745405390557759
669234,2024,R,0.2607977541728664,0.07463980504392949,0.2974657452796761,0.013756304241035225,0.6141381449468274
693307,2024,R,0.2607977541728664,0.07463980504392949,0.2974657452796761,0.013756304241035225,0.6141381449468274
643217,2024,R,0.341365718801649,0.0836311827224351,0.18001370947324202,0.008141542035912564,0.7282135658704122
642020,2024,R,0.27150490905018376,0.05646332282393996,0.27582357551998576,0.012934664775892587,0.6547784373620426
681351,2024,R,0.29648530525244593,0.06831937381382809,0.25620136228394913,0.013178570114097102,0.6623006940787397
608348,2024,R,0.30557018010361153,0.09629218489978439,0.23441632780735966,0.014291532985199563,0.654999954373615
680716,2024,R,0.25637702363527964,0.0784926401034818,0.30229752155040024,0.013897631307200257,0.6053122066078427
666969,2024,R,0.3273749359066071,0.06290245175298843,0.2582898084017321,0.013480117311020962,0.6653276222296456
656555,2024,R,0.3406449298389032,0.10385154505173018,0.24336073713794357,0.014982692076169027,0.6378050258570696
642715,2024,R,0.30820798753420175,0.08449184055920103,0.2710239307752372,0.01411774902865547,0.6303664797208134
661388,2024,R,0.3186167600147262,0.08462639252107013,0.2613034342280917,0.01378795652673246,0.6402822164649414
680777,2024,R,0.29927895638526497,0.08570810665030688,0.3032345888391044,0.013780108294975994,0.5972771966198102
623993,2024,R,0.35619388310394723,0.066775257105736,0.18762394752968856,0.008070110869030969,0.7375306838115918
643396,2024,R,0.29853518368479387,0.07735126586510399,0.15687936117531964,0.013491161524292949,0.7522782117898887
518735,2024,R,0.3367233901062871,0.12269058697879962,0.25520979847726244,0.008823123082444309,0.6132764911683167
665862,2024,R,0.33103724711711163,0.09454649517646416,0.2561830373473275,0.008516037836629183,0.6407544300608138
519317,2024,R,0.34777400259357266,0.07648419859292906,0.2995376190608288,0.013888662337309746,0.6100895201386549
592450,2024,R,0.3884668555684068,0.09870430290947863,0.31245324711399336,0.013786834515300042,0.5750556159481921
665742,2024,R,0.4052974530788769,0.14826702021075383,0.18572615310988325,0.008536212266439965,0.6574706140362965
665828,2024,R,0.3071879055316077,0.08493841473661053,0.220685256335149,0.008284216773833347,0.6860921113657406
519203,2024,R,0.37044269137947905,0.07861721549495816,0.17387588731869966,0.008221042985277696,0.7392858543969559
691026,2024,R,0.2935805543085867,0.09834002692203435,0.2061913256878471,0.014246067382707632,0.6812225795867816
671218,2024,R,0.2830563742642405,0.0687494455340973,0.29077445281226705,0.013553449998439245,0.6269226516691718
672275,2024,R,0.31457849438948493,0.10137672762757725,0.2578790296265048,0.008520393388841349,0.6322238493599418
592192,2024,R,0.3251646741512167,0.10693480604481274,0.21434847209815586,0.014751993650558582,0.6639647280926524
571745,2024,R,0.31700354636800054,0.08590080150780241,0.2636843397603707,0.013972948943048975,0.6364419103200124
669127,2024,R,0.30059677229047,0.06863307604043288,0.3170653828057405,0.013567968214503043,0.6007335728385901
671732,2024,R,0.30712525511568256,0.0990652607702495,0.2771499780593955,0.008509129024783384,0.6152756329436375
805779,2024,R,0.2607977541728664,0.07463980504392949,0.2974657452796761,0.013756304241035225,0.6141381449468274
664238,2024,R,0.29836868895393376,0.11664533380635134,0.29298494391105545,0.015007181826533938,0.5753625402838649
672386,2024,R,0.36038999746871336,0.10449499053856566,0.1451858285744852,0.014227120484314754,0.7360920607863866
664770,2024,R,0.2950341771205302,0.08239821784079733,0.23725332007619865,0.008303575663214147,0.6720448865444489
543807,2024,R,0.34017123793205134,0.09545256584093924,0.21303993927466022,0.01396386257471758,0.6775436318112612
640902,2024,R,0.2607977541728664,0.07463980504392949,0.2974657452796761,0.013756304241035225,0.6141381449468274
691594,2024,R,0.2607977541728664,0.07463980504392949,0.2974657452796761,0.013756304241035225,0.6141381449468274
592663,2024,R,0.33030460904491316,0.06741993194115109,0.20889005958255158,0.01361485981553764,0.7100751487477087
660688,2024,R,0.32356728016010294,0.05806068443886153,0.10617289626620033,0.007105441009383964,0.8286609780651918
677950,2024,R,0.3153382013660239,0.0861450998692561,0.20654574771221407,0.008276039738438294,0.6990331130971323
656976,2024,R,0.3363384351079492,0.10607702467352555,0.16318908218650546,0.008104493025523539,0.7226293998801108
543309,2024,R,0.30636819212032135,0.06847497251210369,0.268990759453955,0.012699990768850335,0.6498342765813411
807799,2024,R,0.346357793475955,0.09237549274830952,0.14678559050916748,0.007911242038880866,0.7529276749094826
666181,2024,R,0.3200335730410453,0.13606122697876444,0.2915230859113368,0.00894405693908224,0.5634716299464013
680757,2024,R,0.33332424280512496,0.12637053480296812,0.09694525721431513,0.008409306279839884,0.7682749011328216
682177,2024,R,0.2822085350183085,0.08967578469375148,0.27686902645396105,0.008590951565654708,0.6248642380007371
608324,2024,R,0.3426575035633593,0.107241420882059,0.1439201939170675,0.013979850884370218,0.7348585351942976
514888,2024,R,0.30881330664450785,0.06623341753312972,0.14226052303546302,0.0126668692878216,0.7788391902347085
673237,2024,R,0.31108114687155786,0.03131015105691079,0.21387816170229354,0.011604401899333167,0.7432072857342524
663898,2024,R,0.31699654869133087,0.06865859872523598,0.2154748266509081,0.012923502418092557,0.702943071580642
607732,2024,R,0.29740139037918156,0.0932649562525881,0.20983891464516186,0.013823691661958352,0.683072437983833
686668,2024,R,0.26529125326047986,0.07017987056071133,0.33091957428507585,0.013449960120499807,0.5854505959542068
657757,2024,R,0.3348376252361203,0.08205584043784471,0.18575628660236987,0.008363823022020036,0.723824050416697
670032,2024,R,0.29421821367893297,0.10939957636351716,0.1504525334868068,0.00808491660562724,0.7320629730203911
622110,2024,R,0.3069907051175282,0.07653726265348904,0.18018321773115625,0.013150520758931817,0.7301289990812945
608385,2024,R,0.3477542475478913,0.11398606665913248,0.18276303271220626,0.008183902807129195,0.6950669979186956
621439,2024,R,0.31435498881473545,0.06555698755955841,0.2811414176175039,0.013685492682435619,0.6396161021623552
621043,2024,R,0.34257380031319695,0.08148957818289194,0.2177748134044614,0.01337867865368326,0.6873569284506323
650559,2024,R,0.32903025345953596,0.06233030351556818,0.2207107459427256,0.013261595442681138,0.7036973553959518
457705,2024,R,0.33485214976044847,0.11739840359586241,0.22131481172632805,0.014659387630594425,0.6466273965950379
671056,2024,R,0.2918356476881922,0.10150248489097181,0.2896484699345484,0.014754348554049609,0.594094697186714
571448,2024,R,0.3379578595086887,0.05118907685548804,0.15545504537207921,0.012936698612848768,0.7804191789395546
660644,2024,R,0.30068065030197355,0.09108007706412945,0.19954752085708716,0.008169351537396355,0.7012030511720241
669065,2024,R,0.3203588612222555,0.0778373060545314,0.2578307060514939,0.008127725001101647,0.656204262083084
677870,2024,R,0.2607977541728664,0.07463980504392949,0.2974657452796761,0.013756304241035225,0.6141381449468274
669720,2024,R,0.31524892867738247,0.06468209425781908,0.21023448797723207,0.012835473385895786,0.7122479443901981
545121,2024,R,0.3017837637614901,0.08520580375822187,0.11157720737764612,0.007670144156850603,0.7955468441816868
656448,2024,R,0.3034789935156895,0.07133256615928503,0.28454417493669026,0.013133066355846601,0.6309901932346653
547180,2024,R,0.39522460936011966,0.0886383249015823,0.21765684099048446,0.008292521049872801,0.6854123123840461
666160,2024,R,0.2903025630787512,0.050630454245287386,0.3157178540726165,0.008081574656677479,0.6255701166420866
687263,2024,R,0.2997639190270705,0.08173181349969319,0.25935320684084573,0.013875364667120528,0.6450396154110967
687363,2024,R,0.2822085350183085,0.08967578469375148,0.27686902645396105,0.008590951565654708,0.6248642380007371
518692,2024,R,0.37968374101610636,0.07911369259465459,0.18532007258821667,0.008348938507280752,0.7272172971918053
650489,2024,R,0.2896288433193996,0.06184687012966629,0.25244599251548017,0.008185199887561466,0.6775219362542027
663616,2024,R,0.32705263001411505,0.1064798336000774,0.317073169782708,0.008744474243906918,0.5677025222895781
656537,2024,R,0.26970701595762075,0.06919190118852217,0.29044040786246555,0.012943251688561589,0.6274244386518114
606992,2024,R,0.2816765603758742,0.06132587374770068,0.3018186185777129,0.013517085803465358,0.6233384221193518
686217,2024,R,0.2932912942137954,0.11642600005568837,0.18695967544378722,0.008623860349260094,0.6879904643975085
694384,2024,R,0.2940144191956055,0.10433920113570921,0.17691839983866692,0.008171550364448638,0.7105708484173467
694362,2024,R,0.2607977541728664,0.07463980504392949,0.2974657452796761,0.013756304241035225,0.6141381449468274
694376,2024,R,0.2607977541728664,0.07463980504392949,0.2974657452796761,0.013756304241035225,0.6141381449468274
641598,2024,R,0.33665139952952833,0.11899357481089094,0.25681144521330235,0.015121385648861504,0.6090735943277358
500743,2024,R,0.3031154629530247,0.06502990188122018,0.13688781994138552,0.012947741072145254,0.7851345371784798
679822,2024,R,0.2607977541728664,0.07463980504392949,0.2974657452796761,0.013756304241035225,0.6141381449468274
621028,2024,R,0.2967078791595146,0.0649622631084813,0.13320772696917466,0.012655604425187702,0.7891744058090566
605137,2024,R,0.3616379056298049,0.08579597203751135,0.19460090254202778,0.008240180977838458,0.7113629436668859
664702,2024,R,0.3064451380367163,0.12667410274836677,0.17283683334124775,0.014587629489971794,0.6859014343073955
642708,2024,R,0.2932246490073489,0.052065187800781246,0.1951963399071053,0.012801243909964366,0.7399372276695467
682657,2024,R,0.2822085350183085,0.08967578469375148,0.27686902645396105,0.008590951565654708,0.6248642380007371
669304,2024,R,0.30659488956514824,0.06287118192712159,0.2043092232837396,0.013244749954797613,0.7195748452668277
670242,2024,R,0.3363173573416684,0.1100519171854988,0.32554824365332113,0.008958343727897047,0.5554414957576661
679032,2024,R,0.26839205906928015,0.047554669650423466,0.2324993123136858,0.012658684106509225,0.7072873341748822
645444,2024,R,0.28220863657787093,0.13248348089740125,0.23986076765403896,0.008708273244678605,0.6189474780018939
670156,2024,R,0.3167769287549889,0.13968380582713802,0.2131628145345559,0.008978791714842246,0.6381745872383138
702358,2024,R,0.2607977541728664,0.07463980504392949,0.2974657452796761,0.013756304241035225,0.6141381449468274
642133,2024,R,0.35568405179015844,0.08228973933406522,0.22299068741670813,0.008315593987085456,0.6864039791066013
670541,2024,R,0.42114350899109787,0.09190887658302761,0.21170230244104898,0.008423651638072776,0.6879651695301249
676116,2024,R,0.32743425837015055,0.14384137219977675,0.32181370634698325,0.009162908258329073,0.525182013470792
595978,2024,R,0.26491558039362084,0.05800435720689849,0.26622734943937004,0.013411071884494499,0.6623572222059277
665782,2024,R,0.2607977541728664,0.07463980504392949,0.2974657452796761,0.013756304241035225,0.6141381449468274
669288,2024,R,0.27092217839699007,0.08277922434214587,0.32910463202839174,0.008742023220553494,0.5793741205403111
670869,2024,R,0.2867864541602292,0.09233631453409114,0.22670117370971254,0.008432081449770014,0.6725304307864189
656582,2024,R,0.3059832861383685,0.11746474650050191,0.2314648393206102,0.014374816323638923,0.6366955979671476
663967,2024,R,0.2773884274149474,0.08282951811909078,0.27947771860101045,0.008487352196058664,0.6292054110552237
676439,2024,R,0.2822085350183085,0.08967578469375148,0.27686902645396105,0.008590951565654708,0.6248642380007371
670276,2024,R,0.2907925643257285,0.13749938248411062,0.24920493041152883,0.008916201301721185,0.6043794866392778
681807,2024,R,0.2686668653750116,0.05489030239474769,0.25571991037703135,0.013193799742843106,0.676195987483793
691723,2024,R,0.2607977541728664,0.07463980504392949,0.2974657452796761,0.013756304241035225,0.6141381449468274
646240,2024,R,0.3705465028853652,0.05255878586684495,0.20664507061041995,0.0077553950373896,0.733040748557395
665953,2024,R,0.2607977541728664,0.07463980504392949,0.2974657452796761,0.013756304241035225,0.6141381449468274
682928,2024,R,0.32180436944401997,0.05807913731487969,0.17856740355972794,0.007710974544108256,0.7556424840424145
682617,2024,R,0.26953571847167,0.09575591258612255,0.34076562717280134,0.013911605948368043,0.549566854005015
665506,2024,R,0.2696891428959033,0.07277019255791715,0.28538875257860385,0.013354906326322058,0.6284861490008087
677956,2024,R,0.2607977541728664,0.07463980504392949,0.2974657452796761,0.013756304241035225,0.6141381449468274
593160,2024,R,0.30771272235267694,0.06672679278157197,0.16566861569839747,0.012997209868485573,0.7546073825317382
677941,2024,R,0.25275306848216106,0.06371723831285567,0.3072297587096305,0.013108301962152404,0.6159447004637443
641779,2024,R,0.29301098529211406,0.10543175876258615,0.283721066157833,0.014012767855702048,0.5968344062890977
668853,2024,R,0.2822085350183085,0.08967578469375148,0.27686902645396105,0.008590951565654708,0.6248642380007371
673962,2024,R,0.3101404031480531,0.0654201637053623,0.2724314513254398,0.012360713933754656,0.6497876713100951
641645,2024,R,0.32013844581724427,0.13991381623102,0.16194754976253659,0.00897273302016263,0.6891659012857617
649966,2024,R,0.3020834022220103,0.10792352658769828,0.22862543315938377,0.014839907455152311,0.6486111324633627
572191,2024,R,0.2841433127421111,0.07347553827590081,0.2995911910283833,0.013771333334796167,0.613161936894711
666182,2024,R,0.35977430309182473,0.052343665341148225,0.18469688661149963,0.012372275566690917,0.750587172366034
594807,2024,R,0.30956098492824263,0.05886346237369757,0.2912396115066977,0.013383333467573564,0.6365135924974878
624415,2024,R,0.3266564457544932,0.14699562426169643,0.2392104187471503,0.008884139998622847,0.6049098176147482
667452,2024,R,0.3031437470062272,0.08006722517426253,0.2232108238934632,0.013851349786934641,0.6828706007698665
650391,2024,R,0.3296090564106563,0.05237392176653202,0.22976543060865612,0.011839934917350367,0.7060207120589831
661531,2024,R,0.2539719778132187,0.05653276479141801,0.266492668553797,0.013435370325724595,0.6635391969001243
680728,2024,R,0.2822085350183085,0.08967578469375148,0.27686902645396105,0.008590951565654708,0.6248642380007371
695238,2024,R,0.2822085350183085,0.08967578469375148,0.27686902645396105,0.008590951565654708,0.6248642380007371
592325,2024,R,0.3187732548349331,0.09574454903923695,0.232935922636183,0.008366961987423134,0.662952566843445
605244,2024,R,0.2610297030093328,0.062088549205309276,0.3037705165689868,0.01365608173217368,0.6204848522461627
662139,2024,R,0.32724516872518417,0.09254988827115793,0.23769736967990254,0.008746608799924548,0.6610061334906835
608701,2024,R,0.31614060502567437,0.11117659591107008,0.23530507917500412,0.014293354374907223,0.63922497055537
669137,2024,R,0.2607977541728664,0.07463980504392949,0.2974657452796761,0.013756304241035225,0.6141381449468274
669326,2024,R,0.2607977541728664,0.07463980504392949,0.2974657452796761,0.013756304241035225,0.6141381449468274
682073,2024,R,0.28615671010966803,0.12237747800066862,0.31567124543253267,0.014865078703189226,0.5470861983457788
621466,2024,R,0.3245041454446932,0.10540866919118146,0.28360129922138616,0.00874108281620106,0.6022489486687911
663897,2024,R,0.2752910533688504,0.07953893258461624,0.25479339043327875,0.013925620266009221,0.6517420565600931
675961,2024,R,0.2528632314596455,0.07630452243459833,0.30827002297409606,0.013781348158140068,0.6016441065270607
665155,2024,R,0.30992063162375477,0.10637516559550433,0.24813472207962559,0.00867137200267899,0.6368187404537318
676801,2024,R,0.30332126299046036,0.09594815505415948,0.2617962760081041,0.014211302842851438,0.6280442659869675
671289,2024,R,0.29878562089562544,0.06782194415415813,0.18280678275632778,0.013609323894818894,0.7357619487609021
668952,2024,R,0.2659833234536041,0.09586329858133504,0.28795996889828956,0.013287395438889134,0.6028893368813356
656484,2024,R,0.2925279703957573,0.08772885491337559,0.2790163963913516,0.008594109910586116,0.6246606382319639
669200,2024,R,0.2543156853364036,0.07519645804475214,0.3225405129052344,0.013860724604651693,0.5884023041535023
669134,2024,R,0.31089090025842897,0.05867968942657664,0.17772129210565554,0.012910667289933809,0.750688351907915
543685,2024,R,0.3613354098028678,0.1127029407613374,0.169114692463403,0.014591241610139269,0.7035911251158273
666176,2024,R,0.28821979444959533,0.06888075640017512,0.3245133370247419,0.014194082267226394,0.5924118234032971
641856,2024,R,0.31397601429804933,0.10720184214105005,0.25265661432835174,0.008616321179342858,0.6315252218938061
678489,2024,R,0.2822085350183085,0.08967578469375148,0.27686902645396105,0.008590951565654708,0.6248642380007371
680779,2024,R,0.3050482486933736,0.0888636496848997,0.2641002338491107,0.014230328548919213,0.6328057872010333
643446,2024,R,0.331794423135936,0.06984523095915994,0.12623303787361279,0.007495662986859069,0.7964260677580255
668752,2024,R,0.2822085350183085,0.08967578469375148,0.27686902645396105,0.008590951565654708,0.6248642380007371
608369,2024,R,0.3912969631095125,0.06826352981903193,0.18047929116801087,0.007465409067443099,0.7437917692992332
642086,2024,R,0.3255637568733462,0.06904504333510061,0.2091450482932964,0.008149881928772583,0.713660026558313
596146,2024,R,0.358756659003987,0.09309421981494577,0.17585606841243742,0.007861046997893686,0.723188665679823
672701,2024,R,0.28067268238939935,0.056607483254457414,0.2315117659222686,0.008072861210412887,0.7038078895716443
645305,2024,R,0.2614976496832212,0.06864592437186155,0.3014766659994421,0.01320605412062316,0.6166713548726538
656577,2024,R,0.25863677375338834,0.05850880672871623,0.3952714995869259,0.01384897908136171,0.5323707144365473
686469,2024,R,0.36954329537161723,0.08362221592939283,0.12789337969461048,0.0076665387443937355,0.7808178649943595
642731,2024,R,0.29584065944219984,0.06234492913669204,0.19620768621984636,0.012751294068325475,0.7286960903952298
666152,2024,R,0.2768763989709333,0.11294916948372427,0.24960681081359168,0.008568778444767732,0.628875241368604
595284,2024,R,0.2851843085279567,0.10310693271701554,0.31055356378126614,0.008997356679379854,0.5773421468476967
681460,2024,R,0.2822085350183085,0.08967578469375148,0.27686902645396105,0.008590951565654708,0.6248642380007371
518934,2024,R,0.35138010237050366,0.10353551448560505,0.1610446601756467,0.013846368266809872,0.7215734570623786
694355,2024,R,0.2607977541728664,0.07463980504392949,0.2974657452796761,0.013756304241035225,0.6141381449468274
678225,2024,R,0.31490911943332844,0.1115185744957321,0.23237349491524914,0.008689079962247498,0.6474188506960583
686527,2024,R,0.3202252147714257,0.050063567990278036,0.21598417713200962,0.007767886325463357,0.726184367566865
575929,2024,R,0.3202416472415241,0.0680251727929459,0.2574055900545276,0.013689368883398233,0.6608798686762426
647351,2024,R,0.3162473909952006,0.09423942788885868,0.1786776610370671,0.008384109342211746,0.7186988031872334
609280,2024,R,0.31550162538738424,0.04721804562838466,0.16219390441211035,0.01247975553413727,0.7781082942303552
542963,2024,R,0.2591638930835343,0.056332341561893165,0.22707137798303972,0.007741945039818091,0.7088543357913059
656413,2024,R,0.2819646854783164,0.0967340227797051,0.30278528532044985,0.014106757695907756,0.586373933526654
595879,2024,R,0.30013514412260417,0.03165498699979599,0.2694110725514745,0.011151169076852246,0.6877827721197446
670224,2024,R,0.2822085350183085,0.08967578469375148,0.27686902645396105,0.008590951565654708,0.6248642380007371
669743,2024,R,0.30847580518322115,0.12311169799175178,0.20486534927836772,0.01501763223134917,0.6570053205624806
663550,2024,R,0.2566944931936295,0.06095127955335676,0.3651591859063835,0.00846043716926375,0.5654290972358507
672724,2024,R,0.2772274265524242,0.08115211672453015,0.26926024839819634,0.013656590348342712,0.6359310450019043
669369,2024,R,0.2749253955753342,0.10157263120512615,0.27132224735211263,0.008573803244764904,0.6185313180822054
672012,2024,R,0.2822085350183085,0.08967578469375148,0.27686902645396105,0.008590951565654708,0.6248642380007371
669357,2024,R,0.340229394898541,0.09447315091596402,0.31155115104489955,0.008651629634013745,0.5853240680967801
600869,2024,R,0.3269835748320129,0.09453760292598806,0.21506355573730845,0.008618426471216592,0.681780415632403
673490,2024,R,0.30540808079439996,0.11724395289938407,0.20206227572723695,0.014794753959765249,0.6658990172941412
694175,2024,R,0.2607977541728664,0.07463980504392949,0.2974657452796761,0.013756304241035225,0.6141381449468274
663586,2024,R,0.35530094720568123,0.06834065069468924,0.25202923131292604,0.013464760646893437,0.6661653565553318
663905,2024,R,0.3046670526114094,0.06742937472407567,0.24140411902981385,0.008086357091525298,0.6830801496723956
677942,2024,R,0.2607977541728664,0.07463980504392949,0.2974657452796761,0.013756304241035225,0.6141381449468274
663647,2024,R,0.33752865162978846,0.07766671066983544,0.20011007454292454,0.013785036925347847,0.7084381772538841
676632,2024,R,0.2939999375988355,0.09070424184574058,0.2604524379218326,0.008464212229763755,0.6403791073614018
668731,2024,R,0.29541951733629024,0.1012204834104526,0.26298722735021746,0.008561289143563834,0.6272310006545173
641432,2024,R,0.34972516857214375,0.07744822261234313,0.13152816012254215,0.007834324824563,0.7831892918808345
678554,2024,R,0.27980035095494254,0.06970145748765325,0.2289533436155255,0.013151358119212569,0.6881938414404499
656180,2024,R,0.30890342273530846,0.08623806519417015,0.28368421062471083,0.014321029335579815,0.6157566948577406
592178,2024,R,0.3175140128583843,0.07870224108777757,0.25108675354482735,0.013400629153388355,0.6568103764827763
543063,2024,R,0.32030017565788027,0.08189406614579318,0.22008825904413848,0.008119450283388339,0.6898982243117256
665966,2024,R,0.2607977541728664,0.07463980504392949,0.2974657452796761,0.013756304241035225,0.6141381449468274
668723,2024,R,0.2591877934653276,0.06785495026605946,0.2825287046290335,0.013469914364564971,0.6361464309397983
623912,2024,R,0.3156739716733997,0.03868420615288293,0.1745933899118546,0.0125537390666373,0.7741686646179252
656883,2024,R,0.27077944316750086,0.06609551837961355,0.27989681678607564,0.013568192488196193,0.6404394716543451
592696,2024,R,0.3185893285605574,0.04538092345485268,0.18407489145010283,0.007135129765087478,0.7634090560684988
687799,2024,R,0.3067257520631212,0.10820952980900042,0.2773143838999296,0.008691870730464589,0.6057842153150356
669222,2024,R,0.30562674724401345,0.08584849649403725,0.21727764677127903,0.013325338408081313,0.6835485183063505
613564,2024,R,0.29086540907046743,0.0930402529825169,0.30959284720979896,0.008625526377525373,0.5887413734581743
624503,2024,R,0.3207690984228176,0.05022957603009287,0.2172158466402693,0.007917373541974183,0.724637203249208
650859,2024,R,0.30542188564705774,0.08913606824647695,0.18787910045010367,0.008150445951346676,0.7148343857493662
657088,2024,R,0.28719431718142985,0.10674138402109502,0.24910543880925456,0.008694385015606593,0.6354587924606269
687066,2024,R,0.2607977541728664,0.07463980504392949,0.2974657452796761,0.013756304241035225,0.6141381449468274
805373,2024,R,0.2607977541728664,0.07463980504392949,0.2974657452796761,0.013756304241035225,0.6141381449468274
695391,2024,R,0.2607977541728664,0.07463980504392949,0.2974657452796761,0.013756304241035225,0.6141381449468274
642197,2024,R,0.2607977541728664,0.07463980504392949,0.2974657452796761,0.013756304241035225,0.6141381449468274
669261,2024,R,0.3477288200485655,0.12860542582534654,0.2902951888626102,0.009109328908669608,0.5719900560683615
682988,2024,R,0.2607977541728664,0.07463980504392949,0.2974657452796761,0.013756304241035225,0.6141381449468274
623520,2024,R,0.30589826602208575,0.07451767675473944,0.2928607726028399,0.014155333948921251,0.6184662169284182
681584,2024,R,0.285704844447258,0.11174228859038113,0.3094954782200512,0.014699706140962302,0.5640625265171537
642851,2024,R,0.2778981531719357,0.08166025023569308,0.23258366700035657,0.01413689234771275,0.6716191898555033
679845,2024,R,0.2886108418027793,0.07928088452023624,0.21675744719808504,0.013033882180218321,0.6909277864894373
668800,2024,R,0.2869678641847449,0.06699413885834238,0.23694236748585487,0.01306240822099962,0.6830010853815045
670097,2024,R,0.29105666866488056,0.11693408718876669,0.2724258779665731,0.014911722312639715,0.5957283131137462
621512,2024,R,0.26803233106954627,0.040833838023194034,0.262581687245403,0.01203708372361282,0.6845473911431152
624512,2024,R,0.29571991832368383,0.07865779313953994,0.19276499727873836,0.007815637636914218,0.7207615723342058
671221,2024,R,0.2880129820134708,0.09064280598251291,0.29957815778226554,0.008838252085987378,0.6009407829532597
592885,2024,R,0.3648964735541071,0.11389309507813832,0.2245443817325996,0.00858301077405101,0.6529795124081552
622761,2024,R,0.2981592052594638,0.06872984876999993,0.2465369119338869,0.012731036413010233,0.6720022031546845
649557,2024,R,0.32102367350087346,0.06227667523812669,0.1678270715235853,0.012931435840073724,0.7569648172610732
660636,2024,R,0.28499528517192463,0.08314650145473697,0.23178943468168262,0.013670377130405368,0.6713936863947776
663330,2024,R,0.2903268358278474,0.10632776436044265,0.28191508425834977,0.0144045351864743,0.59735261584867
669374,2024,R,0.30080539821286456,0.080624072230842,0.34482622204714924,0.014521426007316759,0.5600282805931035
656248,2024,R,0.2926525232253625,0.10519210133675581,0.2746968200526749,0.014415558850440054,0.605695519758861
455117,2024,R,0.2796203260163602,0.07763533207995053,0.29154123126791687,0.01400795188247677,0.6168154844712136
527038,2024,R,0.3200433503530116,0.08247889418447713,0.14915873626948978,0.013657615744925229,0.7547047534263417
672744,2024,R,0.2546835759436372,0.06571945185117793,0.3189809874227143,0.013528305362371635,0.6017712554038471
664901,2024,R,0.2795964368209573,0.10210579987005325,0.23837225088206332,0.014719366287853301,0.6448025824706088
665561,2024,R,0.2730665401642553,0.07206980688205278,0.21378188222715683,0.008172178727987279,0.7059761328197536
664954,2024,R,0.29419316438340154,0.08177353188280641,0.20605500500944204,0.00811879355933453,0.7040526697124233
621458,2024,R,0.31061689312757457,0.07898035732976971,0.3271774876484453,0.008578038850276437,0.5852641160004297
681962,2024,R,0.26198110222929155,0.09802323661025136,0.2677744543638223,0.014535263486707141,0.6196670456680574
621311,2024,R,0.2902611390507495,0.05574069926730166,0.270675418748347,0.007840976664666178,0.665742906273226
605361,2024,R,0.3227676320793933,0.12342264651701954,0.1932708648976485,0.008570757556069454,0.6747357311030572
672356,2024,R,0.29047723162714134,0.07184072681293667,0.3251517379774557,0.013040627050713549,0.5899669087448728
593934,2024,R,0.34754585145241984,0.09787179481896988,0.33836835710028895,0.014779676410676157,0.5489801718093492
669208,2024,R,0.2607977541728664,0.07463980504392949,0.2974657452796761,0.013756304241035225,0.6141381449468274
608841,2024,R,0.3253690173499205,0.0678587362832623,0.2075165226367153,0.013363690415812118,0.7112610503765447
658668,2024,R,0.2935376480030584,0.06981478013416925,0.20308917114671862,0.013437131209298582,0.7136589171230591
680769,2024,R,0.2822085350183085,0.08967578469375148,0.27686902645396105,0.008590951565654708,0.6248642380007371
666703,2024,R,0.26634550925345235,0.08350596635047107,0.27344171115033933,0.014120944480357693,0.6289313777785037
571466,2024,R,0.28897786579603546,0.09117968713885748,0.22303395218540759,0.00834521304415015,0.6774411480242418
673995,2024,R,0.2607977541728664,0.07463980504392949,0.2974657452796761,0.013756304241035225,0.6141381449468274
641313,2024,R,0.28605379794534735,0.041991472741201366,0.2316907313593621,0.013075696279317338,0.7132420991805999
660707,2024,R,0.26983904735776576,0.04950419924091318,0.3257871645494265,0.013032421556098723,0.6116762146049689
605204,2024,R,0.3118527545046951,0.09075364192122802,0.2807278072325937,0.013912910251985811,0.6146056404043989
682119,2024,R,0.2607977541728664,0.07463980504392949,0.2974657452796761,0.013756304241035225,0.6141381449468274
641511,2024,R,0.25894967513030764,0.07851355197414894,0.2779436222608067,0.013691162001900117,0.6298516634221261
671286,2024,R,0.2607977541728664,0.07463980504392949,0.2974657452796761,0.013756304241035225,0.6141381449468274
676701,2024,R,0.27375415375200907,0.06585973999184426,0.2359820350324909,0.012999994240640711,0.6851582303598786
670092,2024,R,0.2822085350183085,0.08967578469375148,0.27686902645396105,0.008590951565654708,0.6248642380007371
676369,2024,R,0.29984291339933244,0.08742500186551388,0.3210801200963167,0.01345225628814519,0.5780426218554111
640492,2024,R,0.28627458087254315,0.05427101278006938,0.2253271913729602,0.012624729653697046,0.7077770662419955
682619,2024,R,0.2607977541728664,0.07463980504392949,0.2974657452796761,0.013756304241035225,0.6141381449468274
693049,2024,R,0.3222120873821126,0.06047124682645771,0.2520956959870252,0.008161959438478323,0.6792710968814828
669450,2024,R,0.3034446694357633,0.12458343911397038,0.268226190028124,0.008692688084981784,0.5984976828935858
691182,2024,R,0.2822085350183085,0.08967578469375148,0.27686902645396105,0.008590951565654708,0.6248642380007371
674441,2024,R,0.2822085350183085,0.08967578469375148,0.27686902645396105,0.008590951565654708,0.6248642380007371
675659,2024,R,0.2822085350183085,0.08967578469375148,0.27686902645396105,0.008590951565654708,0.6248642380007371
669087,2024,R,0.26934819729455023,0.06081470357954063,0.36689176821471337,0.01245240182433021,0.559841126297028
666915,2024,R,0.30864264007204345,0.07551468976053778,0.33263666618840115,0.013727372364805453,0.5781212718733688
679881,2024,R,0.28362450025014097,0.09450235290542891,0.3008009403884715,0.008888004735290944,0.5958087018050428
657061,2024,R,0.2806570935868151,0.09691420196583143,0.2473995854484688,0.008453364194031438,0.6472328491727479
543228,2024,R,0.3053990187944572,0.056917750210365124,0.21228741390317754,0.013223903708202762,0.7175709326512991
686554,2024,R,0.2822085350183085,0.08967578469375148,0.27686902645396105,0.008590951565654708,0.6248642380007371
596129,2024,R,0.34579603283094096,0.13778713065656603,0.2425175096262821,0.009216948393767412,0.6104784111756953
547989,2024,R,0.348828343957126,0.043505640668006496,0.21420469968485428,0.01365581057441003,0.728633848981392
666135,2024,R,0.3194443523516136,0.07389061023528576,0.2082631834370774,0.008116562895998554,0.7097296433067825
643265,2024,R,0.33760574914770675,0.07904847026735293,0.23663610178303188,0.013349299143545478,0.6709661286736784
683146,2024,R,0.3283123920953156,0.09102831643551591,0.25945817849566344,0.008333178604864279,0.6411803260164828
605119,2024,R,0.3175386209811244,0.08771815230324377,0.25009999241189806,0.013894004506484803,0.6482878497594129
677347,2024,R,0.25590904123569297,0.0857334925571165,0.3328438790940099,0.014140172638081207,0.5672824559356363
667428,2024,R,0.2607977541728664,0.07463980504392949,0.2974657452796761,0.013756304241035225,0.6141381449468274
621545,2024,R,0.23922645837454337,0.08512261165440863,0.3036973664544293,0.014286839465899811,0.5968931826840236
664874,2024,R,0.25635964998485783,0.07688195382271953,0.3482543085727938,0.014286867392603184,0.5605768687473833
663611,2024,R,0.30299080819278745,0.08241517338629736,0.10676828455497973,0.013762127857648918,0.7970544136269939
553882,2024,R,0.30723877169663916,0.0989271433039555,0.1986851447817618,0.008544411405560039,0.6938433003816209
645801,2024,R,0.3393545115961269,0.11422569764134217,0.235714959769971,0.008525877788141317,0.6415334649498574
680911,2024,R,0.29579248105452954,0.06499379890278772,0.1963319444481059,0.01309056472442393,0.7255836912415837
664314,2024,R,0.28267663877418514,0.11309699042405937,0.31813905608851456,0.008793633775586106,0.5599703198965033
694497,2024,R,0.30839673977969234,0.1328500351794921,0.2771653521099255,0.008947896961068874,0.5810367157980432
663630,2024,R,0.2793173457832958,0.09784686537658054,0.3222439286086649,0.014057664499431263,0.5658515406959282
660670,2024,R,0.37317838625809624,0.08898712670667006,0.22865329232865295,0.01414526725927195,0.6682143133746903
644433,2024,R,0.25526300361704535,0.06070796447922722,0.28753285490836594,0.01289121794331644,0.6388679625170764
665923,2024,R,0.25759079480863367,0.07505413830943002,0.23562838976225062,0.013617408791618608,0.6757000629845614
666165,2024,R,0.29271396393666216,0.09644534105162372,0.3246546280003772,0.008458234482855966,0.5704417964490583
668843,2024,R,0.30120730500859916,0.1166910539382468,0.24292628564651456,0.008740569988950259,0.6316420908261928
669699,2024,R,0.2814224226671537,0.08057570457172251,0.2846958669443479,0.008484141237063774,0.6262442879420044
676896,2024,R,0.2607977541728664,0.07463980504392949,0.2974657452796761,0.013756304241035225,0.6141381449468274
542364,2024,R,0.3139527362504624,0.09821774770271433,0.18752385124869406,0.008419194599074505,0.7058392070194922
621563,2024,R,0.31584364982702273,0.07136709111168718,0.1624932503399801,0.007366813581588667,0.7587728448165574
664059,2024,R,0.2925292210593725,0.11184674906609805,0.2668321050063547,0.008625801753652036,0.6126953436888275
592348,2024,R,0.29906301576554833,0.08989086581414675,0.299036846544583,0.008787716657284509,0.6022845716266856
808982,2024,R,0.2822085350183085,0.08967578469375148,0.27686902645396105,0.008590951565654708,0.6248642380007371
687952,2024,R,0.30574477044987913,0.05909679773845079,0.2856908355267028,0.013433417720059503,0.6417789493096313
501303,2024,R,0.30100044739567844,0.10562067191888012,0.19606125209377384,0.008353968755200503,0.6899641072099358
670223,2024,R,0.31979810967156175,0.08609350818506974,0.27541329295371747,0.00850359208981623,0.6299896069994269
608596,2024,R,0.28609846946679796,0.07706170791499403,0.32906661600361725,0.014228999840231763,0.5796426759211415
686894,2024,R,0.2922428194687434,0.09178697434534201,0.28197366588211864,0.01417589743298125,0.6120634617814046
688363,2024,R,0.2822085350183085,0.08967578469375148,0.27686902645396105,0.008590951565654708,0.6248642380007371
545361,2024,R,0.393068802934789,0.11053749580819372,0.2399092144558574,0.015097708348633944,0.6344555818257791
650907,2024,R,0.28419411676738915,0.06172562384723522,0.2997011049384006,0.013814449950936421,0.6247588203954877
543305,2024,R,0.3163625231098759,0.12154412890734075,0.21618619515312498,0.008669828290766509,0.6535998476330667
622569,2024,R,0.30376515370640966,0.0952036066644547,0.19803411661089584,0.014478759942296976,0.692283516870328
666211,2024,R,0.2873220553502133,0.1102444579253699,0.32630587132448524,0.008842065719518693,0.5546076048617186
664058,2024,R,0.29761194855350936,0.09253657762173902,0.09827037084241226,0.012946644275199731,0.7962464071997132
669352,2024,R,0.2567902790306897,0.07069966467929195,0.28338608670175736,0.013007839188182421,0.6329064099123526
541645,2024,R,0.30754880952712166,0.04361825571360227,0.2643206110653481,0.012075062523030379,0.6799860699817374
665856,2024,R,0.2607977541728664,0.07463980504392949,0.2974657452796761,0.013756304241035225,0.6141381449468274
607054,2024,R,0.31192853271790005,0.1290480753586827,0.2302955623125365,0.008759824716385693,0.6318965380610446
676946,2024,R,0.2689137618090117,0.08880400287171214,0.2430091276919135,0.013903735983798847,0.6542831341103048
675915,2024,R,0.2607977541728664,0.07463980504392949,0.2974657452796761,0.013756304241035225,0.6141381449468274
665120,2024,R,0.33533881114359254,0.0870268280901041,0.246440493435337,0.008276178878454464,0.6582565002175647
643393,2024,R,0.2986564622769375,0.11589057557918273,0.15140419554344636,0.008187794911331264,0.7245174335496609
660162,2024,R,0.33339143907490715,0.10824958004283625,0.272887428309834,0.008873233466298905,0.609989758409633
669392,2024,R,0.254285863214248,0.07690329151114184,0.2895923252917985,0.014036495875549051,0.6194678867724268
