batter,season,p_throws,pred_woba,rate_bb,rate_k,rate_hbp,rate_bip
656716,2025,L,0.28873211189520387,0.09031535166529886,0.22311993152398943,0.014095637123453852,0.672469079394681
805373,2025,L,0.2850060060429603,0.0881607275332628,0.2660289444569984,0.008507103376137862,0.6373032249593352
542303,2025,L,0.37831843005717813,0.06727003935518247,0.19577593172541288,0.007602039802643841,0.7293519880387611
671739,2025,L,0.3048995342165992,0.05267326484485562,0.22742968709814038,0.012307396653548346,0.7075896515371649
669707,2025,L,0.3071441804895567,0.10475198414768574,0.2582004868914881,0.008373160794261543,0.6286743680407394
687478,2025,L,0.2766303932539346,0.08389170429907687,0.2771085115962218,0.008340486940494128,0.6306592966407928
804668,2025,L,0.2766303932539346,0.08389170429907687,0.2771085115962218,0.008340486940494128,0.6306592966407928
694377,2025,L,0.31521928892061557,0.08579547114660813,0.2518428798990909,0.008149634971658095,0.6542120145732636
673490,2025,L,0.3274352694285434,0.12358345181175319,0.17649447565758647,0.008467942977094732,0.6914541298806891
686948,2025,L,0.2487966436041067,0.08206643307019396,0.30155630784600573,0.014079811125277706,0.6022974471811493
660670,2025,L,0.38894921226400286,0.10234579557356022,0.2196274489793205,0.00832366047256331,0.6697030951061592
621566,2025,L,0.3394323934819606,0.08222864394141177,0.2572562753971624,0.014036549672776217,0.6464785304867947
672744,2025,L,0.2769337906800994,0.08945901088130728,0.33113524184379634,0.0086098906561047,0.5707958561166561
663698,2025,L,0.31007133288468197,0.09223302134678889,0.2980750532706252,0.008594403665521905,0.6010975219957453
668804,2025,L,0.34661858978457566,0.08553204878526907,0.20732756942206285,0.007741892964012626,0.6993984901471147
502054,2025,L,0.3620733875118899,0.13004900023911173,0.21980510972655912,0.00837431889972643,0.6417715697866446
693304,2025,L,0.3136865782013045,0.0730762560214307,0.2084507008996207,0.007824936440312987,0.7106481057406826
457705,2025,L,0.35146088025425587,0.1308106256993501,0.2116362705157428,0.008555604411587165,0.648997500522526
669364,2025,L,0.29756104189507526,0.10349389006227945,0.17349617817280566,0.007841348906928254,0.7151685831508102
691594,2025,L,0.2991816713419864,0.06675306693942955,0.16610587205003274,0.00752158518980025,0.7596194766791106
640459,2025,L,0.2824374042057981,0.07328021906312875,0.2588402910194121,0.008166331478549962,0.6597131587554367
681715,2025,L,0.2766303932539346,0.08389170429907687,0.2771085115962218,0.008340486940494128,0.6306592966407928
676572,2025,L,0.32671704322745115,0.07833343040779703,0.2134282788891149,0.00782181040385259,0.7004164808160378
681393,2025,L,0.30620360101127225,0.0841140467517071,0.2542885589938372,0.008125154253154292,0.6534722413658424
643446,2025,L,0.3065902398510244,0.06690914358772113,0.13174930948604457,0.012790324195771093,0.7885512223588633
668901,2025,L,0.32908891762952974,0.07216538635734607,0.26575088993026724,0.008135648544085128,0.653948076055841
607043,2025,L,0.3197271826674135,0.12304088651821649,0.23168231097441688,0.014904853261402258,0.6303719494298541
672640,2025,L,0.33311094392842383,0.07522790559981256,0.15501355201667016,0.00753658768812436,0.762221954599107
805300,2025,L,0.2487966436041067,0.08206643307019396,0.30155630784600573,0.014079811125277706,0.6022974471811493
682663,2025,L,0.2766303932539346,0.08389170429907687,0.2771085115962218,0.008340486940494128,0.6306592966407928
696030,2025,L,0.2487966436041067,0.08206643307019396,0.30155630784600573,0.014079811125277706,0.6022974471811493
641856,2025,L,0.27382668950788425,0.09844797484186198,0.28200657585289374,0.01465394952671762,0.6048914996119901
641680,2025,L,0.33217376115757197,0.06720181111348161,0.15812961384608593,0.007580469527153477,0.7670881049926798
682657,2025,L,0.28710091715570374,0.07490551063027474,0.18055488047795973,0.00787847479601608,0.7366611339647654
680757,2025,L,0.3137801084248403,0.114267372249948,0.11435615070935605,0.01502350785832043,0.7563529682205624
678877,2025,L,0.30850660322291545,0.05520747038076599,0.2698159364801029,0.008114121925167299,0.6668624727345276
682177,2025,L,0.25887957375000464,0.08911501626989726,0.3014843333531965,0.013545394946042653,0.5958552550976051
677649,2025,L,0.3177681242175006,0.06630308718942406,0.23459076437935703,0.007849275066899182,0.6912568733171449
669394,2025,L,0.3519611206914922,0.07176169628042975,0.25162492438902134,0.00764299054982588,0.6689703871682579
666969,2025,L,0.33359300464976493,0.06746762323484938,0.2663345290812269,0.008144661343980604,0.6580531865079932
677587,2025,L,0.275880179671146,0.08449248641874448,0.23250618641163537,0.00802839508362732,0.6749729325509992
672356,2025,L,0.29910351979642225,0.06761188396842341,0.3120282624874647,0.007917440231931082,0.6124424136234642
666310,2025,L,0.2839250214540176,0.09401875719854476,0.2593834062508434,0.014136121201142096,0.6324617156223712
671286,2025,L,0.29164863094420357,0.09191820259550625,0.3068152963527776,0.008393776343292974,0.5928727243460844
608070,2025,L,0.3613279935868034,0.07395638368216398,0.1138605603004037,0.007802107950432624,0.804380949056351
673962,2025,L,0.32826968341050866,0.07141144905031725,0.25348687990992025,0.007666397683985432,0.6674352738851943
683227,2025,L,0.2766303932539346,0.08389170429907687,0.2771085115962218,0.008340486940494128,0.6306592966407928
680737,2025,L,0.27857869972690263,0.08420961328186567,0.2736762230051164,0.008286622035360923,0.6338275404406728
664238,2025,L,0.3190056852790185,0.13596847742240434,0.2555708550723992,0.0089018627035316,0.599558804442127
666018,2025,L,0.28982239125378806,0.09696474736280855,0.24231292857592907,0.014726411816404602,0.6459959125312615
691406,2025,L,0.34733548657646734,0.06668867890282358,0.2144601765771419,0.007735341553785878,0.7111158029833083
680700,2025,L,0.29136056249257186,0.10116889375100936,0.18386418775421243,0.01451303127547485,0.7004538865255177
676439,2025,L,0.24733476173123467,0.08268700456428077,0.28540852739475514,0.01385096225882808,0.6180535060999942
663968,2025,L,0.2766303932539346,0.08389170429907687,0.2771085115962218,0.008340486940494128,0.6306592966407928
666139,2025,L,0.28759162897889273,0.07310242787244041,0.27231178654915117,0.01330635436451453,0.6412794309746054
543807,2025,L,0.35583656812610776,0.11066732594219557,0.20093754615455717,0.008155631259020834,0.6802394971806279
664702,2025,L,0.31334554484409516,0.1187479823078253,0.15103669420700427,0.008249295236246842,0.7219660286321429
676391,2025,L,0.3050907346802993,0.054717220181185425,0.10471795661651492,0.006878733681675676,0.8336860899253498
680718,2025,L,0.27650709569288595,0.08129559161259273,0.2816313261115218,0.012755871366484992,0.6243172106950162
672386,2025,L,0.370120610981322,0.10309196333923594,0.12817917848563118,0.007914860887704418,0.7608139967526047
662139,2025,L,0.28868021088505047,0.08833443159786483,0.2612754705899148,0.014858480123703773,0.6355316183922373
623993,2025,L,0.338003794038486,0.08071012137865151,0.2121364112091115,0.007994065474336218,0.6991594026939372
665489,2025,L,0.396714666373072,0.07770088003912211,0.1545945981826558,0.0074376636609799485,0.7602668584593972
676914,2025,L,0.3132562451555008,0.12967776303157028,0.2932605711883474,0.008936706035038256,0.568124959976847
669720,2025,L,0.33261309385809495,0.06760722508361795,0.18786685292961783,0.00753705880219169,0.7369888629506544
682622,2025,L,0.3115959415079361,0.07602497485594555,0.23237042421332352,0.007817595901572208,0.683787005903656
670770,2025,L,0.2880265508193633,0.11067683411696012,0.2161888180252147,0.015046220860448385,0.6580881262719506
682829,2025,L,0.3022389568036916,0.08521439209829591,0.31845111229732675,0.00818014988218708,0.58815434538449
609280,2025,L,0.33349542570346646,0.054826021039826756,0.13717450876539175,0.007255459250457898,0.800744010489691
666158,2025,L,0.27770203460956966,0.10075253290387592,0.2643317125860895,0.014329797589616807,0.6205859562942909
686555,2025,L,0.2689978406940339,0.11540288755984576,0.3180175343057883,0.008776875420568984,0.5578027025955372
702332,2025,L,0.2766303932539346,0.08389170429907687,0.2771085115962218,0.008340486940494128,0.6306592966407928
680574,2025,L,0.31853028340652684,0.12041600873608171,0.27146421261648945,0.00892590810353675,0.5991938697587349
624431,2025,L,0.3169960124585267,0.07453334417638517,0.15755853557662422,0.007052559828069549,0.7608555601559601
686217,2025,L,0.27741980328055227,0.1148077104223067,0.1757795652477073,0.014750933354091177,0.6946617907773716
683734,2025,L,0.35830230012823266,0.07067738555926403,0.17153618883029395,0.007672525600011681,0.7501139003961708
668930,2025,L,0.28242319509588265,0.10530908402097515,0.2182029982305472,0.01406080842288629,0.6624271091397662
694192,2025,L,0.3307029559495843,0.0895487729463449,0.21351951333983657,0.007715516303764036,0.6892161971906574
592885,2025,L,0.32514537550831857,0.09172866790385927,0.24560079261623324,0.014251370420838643,0.6484191690589846
678246,2025,L,0.31921655254742276,0.13064947683159917,0.20428833042922293,0.008651772730435332,0.6564104205557743
695657,2025,L,0.2487966436041067,0.08206643307019396,0.30155630784600573,0.014079811125277706,0.6022974471811493
691019,2025,L,0.2487966436041067,0.08206643307019396,0.30155630784600573,0.014079811125277706,0.6022974471811493
805367,2025,L,0.2766303932539346,0.08389170429907687,0.2771085115962218,0.008340486940494128,0.6306592966407928
572191,2025,L,0.30257427849277146,0.08330698616628562,0.2864257266027419,0.008269218395836919,0.6219980695425743
666150,2025,L,0.25937987000001334,0.08210623170146954,0.23731871065743754,0.01392055152139451,0.6666545057978424
672820,2025,L,0.3145361095928653,0.05664056631065134,0.19829454613052105,0.007945475605684755,0.7371194102695189
695734,2025,L,0.2487966436041067,0.08206643307019396,0.30155630784600573,0.014079811125277706,0.6022974471811493
665953,2025,L,0.313163226657638,0.08068431764876476,0.21701033992009716,0.00792435531461202,0.6943809885829757
682928,2025,L,0.286225937568437,0.059521945285062106,0.2139266799716517,0.012996114195601755,0.7135552612982992
681460,2025,L,0.29326716759870236,0.07333901965091322,0.25350547512311233,0.008006054785813895,0.6651494508132598
700337,2025,L,0.2766303932539346,0.08389170429907687,0.2771085115962218,0.008340486940494128,0.6306592966407928
699625,2025,L,0.2487966436041067,0.08206643307019396,0.30155630784600573,0.014079811125277706,0.6022974471811493
691023,2025,L,0.3307602922491844,0.07288001892106977,0.23316132868192754,0.007557619302720617,0.6864010322111549
695336,2025,L,0.2914532576968042,0.06471988533861102,0.24787729315239357,0.008029201046826702,0.6793736206545311
669357,2025,L,0.2960992869119645,0.08080693643582691,0.3389116726924114,0.013588680225249623,0.5666927110108144
671056,2025,L,0.33311297226098296,0.10832908887291685,0.22356206829967026,0.008437742443824737,0.6596711004393164
665877,2025,L,0.31089368938234246,0.1226494628692377,0.14853836700691722,0.008413146077089068,0.7203990245881008
701675,2025,L,0.2487966436041067,0.08206643307019396,0.30155630784600573,0.014079811125277706,0.6022974471811493
687363,2025,L,0.26456848631408625,0.08575265955213797,0.2864870591890518,0.013712009095411504,0.6140482719540892
650968,2025,L,0.2956137583534844,0.038126893439351696,0.15545784743578375,0.006739966281258876,0.7996752940592369
691718,2025,L,0.25278555891623916,0.047508787211757095,0.29995396520786866,0.01150595833554975,0.6410312884450704
694208,2025,L,0.2487966436041067,0.08206643307019396,0.30155630784600573,0.014079811125277706,0.6022974471811493
673548,2025,L,0.35868668742987664,0.1324459929091344,0.2270590328532654,0.009015650466100436,0.6314793241577321
663656,2025,L,0.3553753217159869,0.08269956541142684,0.17400468296149227,0.013293585284635147,0.7300021674929682
664023,2025,L,0.3249717381788521,0.08919342055709055,0.2631847338660567,0.008017938573445224,0.639603906818076
663538,2025,L,0.33340156912234004,0.07792554131545526,0.1057624567143805,0.007518485497293646,0.8087935160045537
683737,2025,L,0.2989233441356211,0.10725702475756858,0.28519484095155395,0.014792413926748644,0.5927557188767423
543877,2025,L,0.3169047797647416,0.07088711410875916,0.16921791918433834,0.0078018930910323,0.7520930735238653
680837,2025,L,0.2487966436041067,0.08206643307019396,0.30155630784600573,0.014079811125277706,0.6022974471811493
680577,2025,L,0.2579338264110453,0.0880805737657032,0.2811124780574608,0.014262395387552501,0.6165445528104302
686797,2025,L,0.2848868606255423,0.058018166157759996,0.16618243274306332,0.007131152362385578,0.7686682485586017
805249,2025,L,0.2766303932539346,0.08389170429907687,0.2771085115962218,0.008340486940494128,0.6306592966407928
596117,2025,L,0.2521199019908629,0.10844825061122439,0.26314213911235634,0.015116424381881042,0.6132931868431765
681082,2025,L,0.2946716868457787,0.09000813707376307,0.18519306730550086,0.012712967146191993,0.7120858281457988
596146,2025,L,0.3219060585399985,0.08332447029543111,0.20191472585434417,0.013648575816330593,0.7011122297898205
664761,2025,L,0.35736717708363497,0.07915295717839023,0.17023197830630168,0.007586149996814583,0.7430289138820687
547180,2025,L,0.34941791597196575,0.07568819162514488,0.231468436066955,0.01340400130099548,0.6794393718272157
656941,2025,L,0.3284323769859287,0.0993704459968728,0.30287716127871434,0.014795449533846098,0.5829569432339657
681546,2025,L,0.2812466254322798,0.09894420914853162,0.34070224846974173,0.01487724614832532,0.5454762970644165
676812,2025,L,0.2766303932539346,0.08389170429907687,0.2771085115962218,0.008340486940494128,0.6306592966407928
665019,2025,L,0.2783458325926464,0.08008298492102307,0.2721008192510764,0.014069890671257515,0.6337463043813893
668904,2025,L,0.3474241710181091,0.08360720698018059,0.20894955387686254,0.007927201897728636,0.6995160376884703
680777,2025,L,0.32009863137034084,0.09227420671374013,0.263773678719307,0.008556115103180856,0.6353959998744981
668885,2025,L,0.3094432170260121,0.12135619690584623,0.1796325246442133,0.007914522686248194,0.6910967546872281
592450,2025,L,0.41238250745211846,0.11751950201113193,0.2857278443339614,0.008504981088580726,0.5882476718092481
700250,2025,L,0.2999060097065292,0.1013013881947141,0.281706583282706,0.014288016965432792,0.6027040107221698
663757,2025,L,0.29415863652729834,0.1283073926217238,0.28326438545779764,0.015728847150586624,0.572699374810617
676609,2025,L,0.28510594552350355,0.10241990982103562,0.2282191886968716,0.008602797959533918,0.6607581034237175
605141,2025,L,0.37947611489086375,0.11602916437253899,0.13901372391813796,0.008232571662323978,0.7367245397731633
660271,2025,L,0.3468566078865187,0.08063306296623478,0.27213413987919555,0.01288230539305487,0.6343504923489676
666163,2025,L,0.2634090066155855,0.10063938760673158,0.28639179312388435,0.014468012507493763,0.5985008060734562
808975,2025,L,0.2487966436041067,0.08206643307019396,0.30155630784600573,0.014079811125277706,0.6022974471811493
553993,2025,L,0.33397151944912534,0.11426370797067051,0.2687818423509068,0.00882608651679638,0.6081283624598246
571771,2025,L,0.33852064409128024,0.09401558839273237,0.18720991880720275,0.00811770280751619,0.7106567891037647
681624,2025,L,0.3254961582183991,0.07698608236964335,0.23470757017565522,0.008237382660922847,0.6800689648403291
624424,2025,L,0.30319248360545886,0.0948110534826979,0.2626757639335303,0.014756094054334418,0.6277570888987488
663728,2025,L,0.3290046639434288,0.07079031751281217,0.25720631938126903,0.008044760685705067,0.6639586019303797
668227,2025,L,0.33545526647709034,0.10782718691966307,0.2437289099361788,0.008645648950447818,0.6397982535958231
670156,2025,L,0.278495981076328,0.11833006579639015,0.2487346279380344,0.015247667309473132,0.6176876389401843
702284,2025,L,0.2487966436041067,0.08206643307019396,0.30155630784600573,0.014079811125277706,0.6022974471811493
606192,2025,L,0.3471780546029058,0.087290980438518,0.26982268819889366,0.008441539534894528,0.6344447913594291
687221,2025,L,0.2487966436041067,0.08206643307019396,0.30155630784600573,0.014079811125277706,0.6022974471811493
660844,2025,L,0.2745229516175107,0.14436934655137176,0.28312900666126645,0.009044003584371699,0.563457643738858
641487,2025,L,0.3066216668683279,0.11819063835979889,0.1997976052220372,0.015211837782163678,0.6667999178398633
670042,2025,L,0.2862478974001576,0.07154037109930031,0.3092122861029184,0.01314650169906046,0.6061008408628825
641598,2025,L,0.349626695709366,0.1346725882275951,0.24649894776148923,0.008942976181928358,0.6098854875954092
687231,2025,L,0.3048482890885655,0.08725326568909218,0.20308467754400067,0.007989001400326635,0.7016730543671074
680474,2025,L,0.3026864189655438,0.12853611378647234,0.23864492171826115,0.008465485287179976,0.6243534800011924
666126,2025,L,0.2487966436041067,0.08206643307019396,0.30155630784600573,0.014079811125277706,0.6022974471811493
701762,2025,L,0.2487966436041067,0.08206643307019396,0.30155630784600573,0.014079811125277706,0.6022974471811493
687515,2025,L,0.2766303932539346,0.08389170429907687,0.2771085115962218,0.008340486940494128,0.6306592966407928
680862,2025,L,0.2766303932539346,0.08389170429907687,0.2771085115962218,0.008340486940494128,0.6306592966407928
691777,2025,L,0.2766303932539346,0.08389170429907687,0.2771085115962218,0.008340486940494128,0.6306592966407928
668709,2025,L,0.29399083326492303,0.10439683750113586,0.25071578004891,0.014019016913513796,0.6308683647912164
695391,2025,L,0.3153184870346476,0.12180253061734723,0.2179893706333357,0.008426831356988537,0.6517812664589299
691016,2025,L,0.28110674478776265,0.07440163709053467,0.2963602319235995,0.012687020387303889,0.616551111349551
670231,2025,L,0.2487966436041067,0.08206643307019396,0.30155630784600573,0.014079811125277706,0.6022974471811493
686681,2025,L,0.29001732877207764,0.05826723641357916,0.21290355356812976,0.012549918482672305,0.7162792928003807
624428,2025,L,0.301014524441794,0.09071494039627591,0.14814741774920795,0.014521483945046014,0.7466161563538495
695600,2025,L,0.2487966436041067,0.08206643307019396,0.30155630784600573,0.014079811125277706,0.6022974471811493
667670,2025,L,0.3536698027935388,0.0944491304791626,0.2780518347450073,0.008403792669818853,0.6190952417216141
573262,2025,L,0.3098046510302799,0.10771790836942832,0.24788548739873156,0.015161705458372782,0.6292348993056758
521692,2025,L,0.34665566819991245,0.027132720016914556,0.2060251415845631,0.007583812356009518,0.7592583257228873
686469,2025,L,0.33791862432353187,0.0742669768088094,0.15197755956914283,0.012917130188209704,0.7608383331842657
677951,2025,L,0.3763064212899528,0.057896791336766645,0.17327376378760967,0.00771034373247223,0.7611191009802104
672580,2025,L,0.34970921648190273,0.0993870177440498,0.16402357974538687,0.00774039088518406,0.7288490107063172
687551,2025,L,0.2487966436041067,0.08206643307019396,0.30155630784600573,0.014079811125277706,0.6022974471811493
683766,2025,L,0.2766303932539346,0.08389170429907687,0.2771085115962218,0.008340486940494128,0.6306592966407928
672275,2025,L,0.3165023198008389,0.10074147182857102,0.24655099782964143,0.008037762770462503,0.6446697666091429
808982,2025,L,0.2993392850019503,0.08458099536887853,0.16180507680278972,0.013846747925711531,0.7397671797520614
630105,2025,L,0.306263434927385,0.1002918802445118,0.19538840632379753,0.014341973211976592,0.6899777392268722
657757,2025,L,0.29187309684198515,0.07982198665237812,0.2399997508986271,0.013117517692095676,0.6670607445969304
669200,2025,L,0.259496076732466,0.09889189617539655,0.2980402468949815,0.008676658270745168,0.5943911975157301
701538,2025,L,0.32598133789607536,0.05492587356451403,0.18789835073916594,0.01168429449782428,0.7454914811303728
695238,2025,L,0.2790213526027442,0.09441942611692947,0.2560161905522419,0.014678816889272951,0.6348855646236935
664983,2025,L,0.26159268931325524,0.07860911303124193,0.23774513090171895,0.013248459237963616,0.6703972973513437
677950,2025,L,0.27261329073386203,0.07448173345267939,0.22991670623433452,0.013508042680747859,0.6820935171294287
545121,2025,L,0.3023859135962141,0.0757237956974726,0.11634555002020007,0.007514870027580405,0.8004157841449254
543510,2025,L,0.3101810551774004,0.07056422717015555,0.24699816947302106,0.007976867760501216,0.6744607354159923
694374,2025,L,0.2766303932539346,0.08389170429907687,0.2771085115962218,0.008340486940494128,0.6306592966407928
672695,2025,L,0.3135662531821726,0.12928984345035577,0.14435880293466405,0.008162778931572679,0.7181885752552568
691783,2025,L,0.2638919284127256,0.10035304444552517,0.3067931140789392,0.008456457772002888,0.5843973848355778
606466,2025,L,0.35831899296058967,0.05767385209121972,0.13992197731529035,0.007354820606375553,0.7950493484288172
678489,2025,L,0.27883538588243356,0.07669280748121104,0.23627456917793738,0.008134532410893494,0.6788980903554556
602104,2025,L,0.3295058764389414,0.10515808607778036,0.21448263182937127,0.00820725758646437,0.672152024777733
701358,2025,L,0.2766303932539346,0.08389170429907687,0.2771085115962218,0.008340486940494128,0.6306592966407928
660821,2025,L,0.2968884735646004,0.06613521815445161,0.2768696923898305,0.012760496412688274,0.6442345932383685
681351,2025,L,0.325732324009502,0.08542611082551532,0.25143353279781816,0.008167714376239492,0.654972641523258
650859,2025,L,0.31381034198695673,0.06541036629003703,0.1690767157342603,0.007456933572130787,0.7580559848445497
669326,2025,L,0.2642662611269977,0.0779268992494409,0.2998346125631175,0.008295372147343638,0.6139431158915425
694203,2025,L,0.2766303932539346,0.08389170429907687,0.2771085115962218,0.008340486940494128,0.6306592966407928
665861,2025,L,0.28675335410021213,0.08539698077704257,0.2653156461844362,0.008365574461397282,0.640921797775116
666198,2025,L,0.2931122107662506,0.09302954880544866,0.22614812462673964,0.008172121737440677,0.6726502035774736
695681,2025,L,0.2766303932539346,0.08389170429907687,0.2771085115962218,0.008340486940494128,0.6306592966407928
621035,2025,L,0.3173540441145191,0.12584331722907538,0.2804223643952707,0.008853647065822997,0.5848806718777889
666176,2025,L,0.30928353026759386,0.07383303008041767,0.3000073669956269,0.008660980563115478,0.6174986211374441
673237,2025,L,0.3391876105294377,0.03607930760729702,0.1813656739167248,0.007146716434632158,0.7754083028951513
605170,2025,L,0.3262740909995055,0.09165117241150825,0.20679916457098618,0.008065624705043099,0.6934840386118569
643289,2025,L,0.30572382182720986,0.052920818891180124,0.15146737178748335,0.007355610140202752,0.7882561991548882
805904,2025,L,0.2487966436041067,0.08206643307019396,0.30155630784600573,0.014079811125277706,0.6022974471811493
689200,2025,L,0.2487966436041067,0.08206643307019396,0.30155630784600573,0.014079811125277706,0.6022974471811493
694728,2025,L,0.2766303932539346,0.08389170429907687,0.2771085115962218,0.008340486940494128,0.6306592966407928
676475,2025,L,0.30730559212854824,0.04566972662138139,0.1485044088638061,0.011489298241428348,0.7943365663425107
663457,2025,L,0.3024176432897594,0.12156788752603444,0.25809853712840464,0.014662623242440186,0.6056709514463674
592206,2025,L,0.3367648739990659,0.0567719550242823,0.22758656722830536,0.007820961884611108,0.7078205153461916
592663,2025,L,0.3447653323062057,0.07137414135703586,0.19857503962076384,0.008099467152758525,0.7219513521542759
621439,2025,L,0.33119541381887524,0.07449565003260242,0.27569211701526963,0.0083105173848973,0.6415017161280984
502671,2025,L,0.3723452313245059,0.10363432940057041,0.21965490639668733,0.008452276223002687,0.6682584872710114
665862,2025,L,0.2902774193261306,0.08172698158315474,0.26832150271188615,0.01408924822731482,0.6358622688971465
519317,2025,L,0.37882257592691143,0.07649825974019152,0.2745173862278242,0.008131055808255662,0.6408532976381244
641355,2025,L,0.3090985707992547,0.07446514902436045,0.22952210045441396,0.013853168914723237,0.6821595812735693
516782,2025,L,0.32862175202926336,0.05626380901348233,0.18866580784138182,0.007912561887676433,0.7471578216358005
624413,2025,L,0.3828491911077836,0.08713057793123048,0.22021591334980548,0.008275718551853163,0.6843777889169933
665742,2025,L,0.36705383012632875,0.11877057313479886,0.19763992040685877,0.014701502773945399,0.668888003876886
656537,2025,L,0.2853244980261866,0.07153654743395757,0.2797013934605181,0.007840333810060503,0.6409217258973797
678554,2025,L,0.31405653557101315,0.06790018154287514,0.1965032417662358,0.007663127932255168,0.7279334485113106
695578,2025,L,0.3032557872708054,0.10524486868103622,0.31535489135465,0.01391218146905023,0.5654880577641052
605137,2025,L,0.3403226771514189,0.087594094366434,0.2065289532495588,0.007981221289305994,0.6978957310304424
671277,2025,L,0.2914496204306723,0.04908375642115964,0.1903145735667663,0.008432698808768624,0.752168971515447
595751,2025,L,0.30630684386176654,0.03693943877508596,0.31485030249863194,0.00738356007354801,0.6408266995231092
664770,2025,L,0.27896062279344386,0.0873127932915528,0.21773732931360676,0.013973944601685558,0.6809759335149496
665926,2025,L,0.27254962961450346,0.05548373314938683,0.19740324012699806,0.012555923678354005,0.7345571021911684
664040,2025,L,0.30272774319906687,0.07261789206402758,0.2821461130764152,0.013145394135933328,0.6320906013008138
676044,2025,L,0.2487966436041067,0.08206643307019396,0.30155630784600573,0.014079811125277706,0.6022974471811493
802415,2025,L,0.2487966436041067,0.08206643307019396,0.30155630784600573,0.014079811125277706,0.6022974471811493
692216,2025,L,0.2487966436041067,0.08206643307019396,0.30155630784600573,0.014079811125277706,0.6022974471811493
700932,2025,L,0.27456520884666846,0.09345039209430414,0.29896271669546054,0.014722193232008296,0.5928646974164387
595978,2025,L,0.2740786463841239,0.06950303590613187,0.2670343445562423,0.008179122669442405,0.655283497529072
456781,2025,L,0.33016774234268464,0.07890323054810465,0.19172386528292557,0.008160720676212855,0.7212121843183641
543309,2025,L,0.32721306393999544,0.07270839480118332,0.23770639977329816,0.00792328136087637,0.6816619258047086
595879,2025,L,0.3111098686085849,0.04049611187994696,0.2687097257335305,0.007314102328760566,0.6834800597508517
628451,2025,L,0.3139494022424495,0.0726094732261536,0.18145359530817629,0.00781437243148422,0.738122559896153
693307,2025,L,0.30327526602378224,0.06764770917946519,0.253116431767412,0.008096765316450516,0.6711390936973562
682985,2025,L,0.3098985559268467,0.09340097509049687,0.28684498991861884,0.014608660888284643,0.6051453735229453
679529,2025,L,0.3563569317892327,0.10126935055524024,0.21258290415526013,0.008375977156169456,0.6777717671499314
807799,2025,L,0.3098863043193225,0.08741899802956214,0.16756564807449212,0.013911305684477555,0.7311040487371524
608701,2025,L,0.33580339415048005,0.11444283017689587,0.21315482610959322,0.008364464650569028,0.6640378785812077
677800,2025,L,0.2913665198466923,0.07448446509993019,0.27271490446465424,0.013925449342290527,0.6388751812557544
672761,2025,L,0.3049223308459744,0.0896019840284721,0.1840542897625567,0.008215068215784318,0.7181286578086841
650402,2025,L,0.3432287621103883,0.09689207793455615,0.19831699803932326,0.00813722643212387,0.6966536976966393
663330,2025,L,0.30201332810528364,0.11444337757617894,0.27574573124595003,0.00851329874535825,0.6012975921711852
666152,2025,L,0.2673695441921134,0.0921370290527973,0.2701103894787252,0.013479885901871888,0.6242726949384743
678009,2025,L,0.28107719344351795,0.09964498786355787,0.2716462540980148,0.014514327358066013,0.6141944312369435
687462,2025,L,0.30100395566822236,0.10143095062028071,0.20800886617283335,0.014767411565381541,0.6757927724805304
545341,2025,L,0.3421160060994238,0.05772934051706287,0.23161045346054152,0.007733665816760555,0.7029265412029027
669127,2025,L,0.3332869798785714,0.08055552018832823,0.26850779173133454,0.008187508574534872,0.6427491788285739
687401,2025,L,0.3307056923705309,0.10995053323791662,0.20078997344806723,0.008356724661031139,0.6809027689060417
643376,2025,L,0.33986721535816056,0.10492395454198848,0.19042049477592293,0.008211887626207753,0.6964436633766883
663368,2025,L,0.29767389682593876,0.12158738065710721,0.23713701060955045,0.008630189630793468,0.6326454180274911
663886,2025,L,0.33635978468818595,0.11721272720440035,0.21678722965878722,0.00817333038892471,0.6578267132713826
701398,2025,L,0.2766303932539346,0.08389170429907687,0.2771085115962218,0.008340486940494128,0.6306592966407928
668715,2025,L,0.32193626929944164,0.10467476462378988,0.21927241448193854,0.008582764689866811,0.6674700562670075
663647,2025,L,0.34804308776435106,0.08008510398365784,0.17488637637058219,0.007876603590605906,0.7371519163759256
656811,2025,L,0.29823973822468497,0.0797964828566053,0.25618093752276005,0.013698804088087668,0.6503237743383472
578428,2025,L,0.30515658848292326,0.059156284636711284,0.1206584274707851,0.007545770371639114,0.8126395191688109
593428,2025,L,0.3513979507662545,0.10033208919047891,0.16009446725684257,0.008153666261106524,0.7314197775273404
650333,2025,L,0.3311517764896711,0.09056689158000887,0.08472046409393437,0.013711014878321708,0.8110016311033741
680728,2025,L,0.26916709941855455,0.08439726049932798,0.2987285939844377,0.014308758092125708,0.6025653882981908
672515,2025,L,0.34805442479806126,0.11496244611965788,0.16740793785602756,0.00863083984007761,0.7089987756240311
665487,2025,L,0.36263476846820575,0.08351899218187221,0.23510234141402053,0.007962709773718693,0.6734159568435987
553869,2025,L,0.32103513525313,0.07283495006247043,0.1957458071256048,0.007900269763178005,0.7235189724438799
663731,2025,L,0.27548851363303184,0.08686221829524379,0.29129608875471374,0.00842232717710108,0.613419365401857
686527,2025,L,0.2754569599512034,0.057996971149818846,0.2713993133081595,0.012782175104690105,0.65782154044691
695670,2025,L,0.2766303932539346,0.08389170429907687,0.2771085115962218,0.008340486940494128,0.6306592966407928
593871,2025,L,0.33869028732858597,0.07094569178983429,0.17078758829127494,0.007824082233872607,0.7504426376929565
677594,2025,L,0.354829682063106,0.06247595086268121,0.24104700207213187,0.007796911187556868,0.6886801358622493
656305,2025,L,0.3619963954151186,0.11014790448459862,0.2517077875682725,0.008647702694004843,0.6294966044685448
642715,2025,L,0.3270022118317291,0.1034566244888844,0.2580953827784018,0.008619686035968854,0.6298283071564285
646240,2025,L,0.32533261118135687,0.054846281479668815,0.22293569804172567,0.012750193762886587,0.7094678259970161
671218,2025,L,0.33379379966611983,0.08808503741765751,0.2579348705737942,0.008220698561081818,0.6457593928369968
668800,2025,L,0.29587339468144414,0.06573479798382328,0.22616809539720767,0.007821086285765949,0.7002760215397825
666464,2025,L,0.32563738104448897,0.07888283497717036,0.285658127661775,0.007989725067650952,0.627469312174398
669477,2025,L,0.3211906655711524,0.06595911899228107,0.19294398640281407,0.00744536523200789,0.7336515287100528
527038,2025,L,0.3305686610749391,0.08347597899908088,0.1330209038649595,0.008030898570979477,0.7754722177214002
669234,2025,L,0.30132857570807436,0.1388030244174825,0.3008841467055377,0.009068496247346692,0.5512443316596015
680779,2025,L,0.3109603648523452,0.10402213078202961,0.27588147517439554,0.008626766255438045,0.6114696283174603
669261,2025,L,0.2985391684596596,0.11393431421076809,0.31591431438410367,0.015195463716408624,0.5549559078604344
666624,2025,L,0.3189154577005018,0.09016709019492121,0.2980098061790218,0.008091683969901807,0.6037314186623499
700246,2025,L,0.2766303932539346,0.08389170429907687,0.2771085115962218,0.008340486940494128,0.6306592966407928
592626,2025,L,0.3103565992399042,0.08532218776234007,0.2706625324865135,0.014083001561877521,0.6299322780998655
669224,2025,L,0.29116151061680096,0.08062070930739369,0.25946287038678073,0.013499218754593766,0.6464172008033634
683011,2025,L,0.3201824076196263,0.10628012886746316,0.225256367320276,0.00851636417803911,0.6599471385066825
683002,2025,L,0.3293564636347028,0.08852015892704869,0.25339318341216105,0.013138110333891822,0.6449485475427192
676059,2025,L,0.3452515572451151,0.08812828868081495,0.22110324263594627,0.007796712833709607,0.682971755833956
702616,2025,L,0.27167543907784414,0.09561197251972381,0.30182890825609243,0.014282552868533626,0.5882765658542216
596103,2025,L,0.3145240856522426,0.11676892872754421,0.2789124840261242,0.00852654946367255,0.5957920379943966
642708,2025,L,0.3119239631088169,0.052211861627121554,0.17596727891713118,0.007476430907854276,0.7643444281112111
688363,2025,L,0.25409466124427477,0.09103793897304097,0.31088581413740557,0.014117288047781321,0.5839589601268798
687859,2025,L,0.2487966436041067,0.08206643307019396,0.30155630784600573,0.014079811125277706,0.6022974471811493
665052,2025,L,0.2728921422313038,0.06687811211113609,0.2762747560205704,0.01268726921931246,0.6441598628619103
671732,2025,L,0.2791996759655728,0.08505216052966501,0.29506228234053883,0.013427209020159819,0.6064583480889694
805779,2025,L,0.29635182832343937,0.07076971213850852,0.12235554613652816,0.007278648051475411,0.799596093126164
695506,2025,L,0.2487966436041067,0.08206643307019396,0.30155630784600573,0.014079811125277706,0.6022974471811493
663697,2025,L,0.3357816387683146,0.14116848281748,0.21571371262979755,0.00893419218060768,0.634183612000211
682998,2025,L,0.3130631503889366,0.0971899977941546,0.20577532899298331,0.014488483137169446,0.6825461894225233
666023,2025,L,0.3137059704241898,0.07513103322135045,0.19291008432446446,0.007897815308335542,0.7240610666071474
621493,2025,L,0.3551952698513893,0.10720673280884599,0.20902042325298348,0.008149355133872502,0.6756234883480946
545361,2025,L,0.39155521829919454,0.12075204550865246,0.23823429143494942,0.008968845457414087,0.6320448173261861
572233,2025,L,0.3550263335333374,0.08875197458815762,0.22286903302007455,0.008262061653897633,0.6801169299600397
621043,2025,L,0.3619591571319177,0.09832750883298241,0.19723132538713234,0.008065533116832401,0.6963756319504951
694384,2025,L,0.28986689960316897,0.11528266047463367,0.18412083728555162,0.014115128410393554,0.6864813731345671
669743,2025,L,0.3262364740476033,0.13468774864608105,0.19052219527928102,0.008698232131270325,0.6660918234187638
647304,2025,L,0.31665860917211436,0.05342184010310718,0.1706965628421042,0.011835546103797367,0.7640460505362188
571448,2025,L,0.3490648576390659,0.05390455826431346,0.15353121174294831,0.007497897549188634,0.7850663326420343
690987,2025,L,0.2487966436041067,0.08206643307019396,0.30155630784600573,0.014079811125277706,0.6022974471811493
657557,2025,L,0.3090653447722444,0.07876197370005253,0.26732631829853737,0.008592298105171892,0.6453194089769717
683770,2025,L,0.2487966436041067,0.08206643307019396,0.30155630784600573,0.014079811125277706,0.6022974471811493
656484,2025,L,0.2478462047202091,0.07748673647953111,0.34802394801710884,0.013855503893181745,0.5606338121952449
663743,2025,L,0.32205225647343777,0.08708754002763294,0.14892469006018863,0.007430049639689589,0.7565577197994268
677592,2025,L,0.2928416264658003,0.0906668206270787,0.31917024708638203,0.008357830161157114,0.5818051020367014
650490,2025,L,0.3849501843023083,0.11703828672461518,0.13640663546377355,0.007896006450110191,0.7386590716913802
671655,2025,L,0.2487966436041067,0.08206643307019396,0.30155630784600573,0.014079811125277706,0.6022974471811493
596019,2025,L,0.34964691634415923,0.06785644686279779,0.1442899877405795,0.00769120688355126,0.7801623578592146
682668,2025,L,0.30503891399490835,0.07805380936844745,0.241834229649107,0.008171415801939617,0.6719405455511454
621438,2025,L,0.3245405695424802,0.07419092867977752,0.20594827619571604,0.008108714398840717,0.7117520827070593
683146,2025,L,0.2891353683544385,0.07669513485418714,0.2629158085278744,0.013848919434048129,0.6465401381646781
457759,2025,L,0.35400919933985237,0.09449915076314043,0.15774470219423992,0.00833300590070494,0.7394231409151024
807713,2025,L,0.2766303932539346,0.08389170429907687,0.2771085115962218,0.008340486940494128,0.6306592966407928
620443,2025,L,0.3165228327657627,0.09433516285156432,0.21252162795567744,0.008059917533991877,0.685083291559073
623168,2025,L,0.2774652584012359,0.08741268510707867,0.17058077556526266,0.008021079597269967,0.733985460627059
681987,2025,L,0.2829649606260962,0.08527521797849653,0.2345355117407556,0.00804488146312972,0.6721443885365646
663993,2025,L,0.32560466740991745,0.10225512276512531,0.22980997642261916,0.013960419626915773,0.6539744813286056
678882,2025,L,0.28799505698961886,0.05063800129865258,0.2625250515781913,0.007813798552015496,0.6790231495957074
663853,2025,L,0.3240250493622794,0.07247532660834763,0.2517998748895706,0.007846451124898705,0.6678783470665616
608324,2025,L,0.3613972640269882,0.11645285415337857,0.12864568001919294,0.00785653699589122,0.747044929804239
596115,2025,L,0.3282621114628523,0.07416336218504539,0.2595592284617241,0.00837632339242359,0.6579010854325595
680776,2025,L,0.3011004722309867,0.07811636117019082,0.23229319299550227,0.013290933721975822,0.6762995110468288
657136,2025,L,0.3042901688664329,0.07692662059164265,0.2671041607566906,0.008426901902793334,0.6475423181885858
677942,2025,L,0.2949792005435217,0.07873032478415688,0.25982798451916805,0.00809054780108537,0.6533511415928768
518692,2025,L,0.3451394112670826,0.07305778169361567,0.1982793456142893,0.013827406691296337,0.7148354659560502
641857,2025,L,0.2935851691154269,0.09086113579797422,0.3130123560635668,0.014386862114452902,0.5817396456476881
667452,2025,L,0.31473010247723665,0.09131297093342787,0.20719734257183647,0.008228090796551553,0.6932615961813801
670623,2025,L,0.338940128121332,0.10775884669318579,0.15549985789615578,0.008666032063793872,0.728075262853286
514888,2025,L,0.33041419154198104,0.06936390779333564,0.1370875039596823,0.007117296232689039,0.7864312922074095
666211,2025,L,0.2481676145190292,0.09159166987467524,0.3614346930765213,0.014237630205177206,0.5327360071987464
666160,2025,L,0.2573835635464253,0.05179924034992248,0.3156423219466477,0.01201505777596145,0.6205433793049635
690022,2025,L,0.2766303932539346,0.08389170429907687,0.2771085115962218,0.008340486940494128,0.6306592966407928
690924,2025,L,0.2766303932539346,0.08389170429907687,0.2771085115962218,0.008340486940494128,0.6306592966407928
691720,2025,L,0.2766303932539346,0.08389170429907687,0.2771085115962218,0.008340486940494128,0.6306592966407928
643396,2025,L,0.31425374566044323,0.08732170313394295,0.13771646679356536,0.007777683236797098,0.7671841469083479
665966,2025,L,0.2929886501350405,0.09077960890838328,0.29564099345768236,0.008516303208541175,0.6050630950595993
682626,2025,L,0.33505691421271144,0.10163665373634881,0.24676738683466642,0.008056401240948391,0.643539558335987
621020,2025,L,0.3382274193527654,0.09315302870169531,0.2255146376540199,0.008209287582633626,0.673123046177666
608348,2025,L,0.32382853830091485,0.10796001063335535,0.20644137571757235,0.00842022731031431,0.6771783861605841
687637,2025,L,0.2487966436041067,0.08206643307019396,0.30155630784600573,0.014079811125277706,0.6022974471811493
686894,2025,L,0.29985511358358313,0.09833305872062578,0.2764610422831216,0.008394765529084861,0.6168111335730695
664056,2025,L,0.30865667234791166,0.09061071411231215,0.22297029579437475,0.008441802293980723,0.6779771882818469
665561,2025,L,0.27763423568609863,0.07175551759150141,0.18649754479082806,0.007705002322179037,0.734041934988269
642215,2025,L,0.30495594602396847,0.10056318055872314,0.28236048558518484,0.008531961943808617,0.6085443714828892
624641,2025,L,0.2955067896885396,0.06130589485599144,0.22921941525779346,0.008170626902047907,0.7013040633257264
595777,2025,L,0.3378436784105368,0.10602779989937697,0.1449895095545257,0.008109255560960047,0.7408734353374778
642201,2025,L,0.27617074023262056,0.1034322427103626,0.30664802472348884,0.008600026652869958,0.5813197056756819
669397,2025,L,0.28887507940186774,0.09101386654902274,0.167364249217195,0.007679622479282268,0.7339422623922746
592518,2025,L,0.3837394608144703,0.0708131669769259,0.17024514177870415,0.007501204405352851,0.7514404863072979
656555,2025,L,0.3636157244483973,0.12678422131435735,0.23261289218861336,0.009022955198026632,0.6315799310781702
686475,2025,L,0.2766303932539346,0.08389170429907687,0.2771085115962218,0.008340486940494128,0.6306592966407928
571912,2025,L,0.29118719263316317,0.09554088889987436,0.24441355702241077,0.008356694093032021,0.6516888596401704
680977,2025,L,0.31506315531299434,0.1041714317591282,0.17665330817381086,0.014824252439328417,0.7043510087537642
676694,2025,L,0.3249229611451558,0.0924015491896742,0.21562699446372044,0.007687201873839105,0.6842842531216535
692585,2025,L,0.2487966436041067,0.08206643307019396,0.30155630784600573,0.014079811125277706,0.6022974471811493
669242,2025,L,0.3105258027591857,0.06956061353287561,0.16202723660661494,0.007513575239911066,0.7608985742126191
500743,2025,L,0.3206932514398863,0.07541563971601975,0.11407915973488639,0.007392199677272828,0.8031130015943813
669701,2025,L,0.29397653086244996,0.11425078400222202,0.24090797316051019,0.014750428983316653,0.6300908151762918
663616,2025,L,0.2903137866608556,0.09093686380811683,0.3239659225864329,0.014293506259673803,0.5708037072443705
681297,2025,L,0.30183389250872283,0.10409756950403784,0.29708283436805344,0.014860100743650507,0.583959495440222
694212,2025,L,0.2487966436041067,0.08206643307019396,0.30155630784600573,0.014079811125277706,0.6022974471811493
668939,2025,L,0.3475533907636832,0.10500682058645168,0.16191510156360844,0.008443102071807592,0.7246349764066013
641933,2025,L,0.3433077144064191,0.09506693560918786,0.2863493005773268,0.008534029730680421,0.6100497351804276
691723,2025,L,0.25445120068871063,0.0951729442001784,0.34548234565298525,0.008594183541833628,0.5507505264638292
690984,2025,L,0.2487966436041067,0.08206643307019396,0.30155630784600573,0.014079811125277706,0.6022974471811493
681807,2025,L,0.3104546629158722,0.08224875238141421,0.23370539396224352,0.00829076042594401,0.6757550937385659
669016,2025,L,0.28447879965752837,0.09946625900988026,0.3235237369220777,0.015049283112697126,0.561960721378367
669369,2025,L,0.27509699845020896,0.09151739614843481,0.23957707967276837,0.008018209262857113,0.6608873166410285
657656,2025,L,0.3244397280641228,0.1048800490104317,0.24912231328219664,0.008675149483366453,0.6373224885529307
571970,2025,L,0.32863799845592356,0.12063864348084652,0.26624133802171984,0.015531296525207704,0.5975887217031073
687597,2025,L,0.2852704112395871,0.0753665881910581,0.3002668147994304,0.008153743426963352,0.6162128529414587
688760,2025,L,0.2766303932539346,0.08389170429907687,0.2771085115962218,0.008340486940494128,0.6306592966407928
696100,2025,L,0.3113898751030669,0.055742024734449426,0.2816644974007257,0.007831361659731872,0.6547621159591591
666397,2025,L,0.28194246023865766,0.1388401824750994,0.3348317244868053,0.015437508810486307,0.5108905845452597
807712,2025,L,0.2766303932539346,0.08389170429907687,0.2771085115962218,0.008340486940494128,0.6306592966407928
467793,2025,L,0.3536300860866381,0.1119791551137912,0.14447862841512274,0.00793237532214705,0.73560983983431
672724,2025,L,0.29089501306375737,0.09464723557470459,0.26073641464707736,0.008177621750366496,0.6364387288402676
661388,2025,L,0.3486014451415553,0.09988301855300104,0.22765846861628336,0.00812667391801776,0.6643318385225258
656180,2025,L,0.32503867829012917,0.10336854661828056,0.2774569521392615,0.008684859854934968,0.6104896422334728
683083,2025,L,0.2719643603377212,0.11556045198257135,0.2610944521721088,0.008623024370838997,0.6147220719099604
696285,2025,L,0.30807280003940435,0.11336739970598736,0.18514424417462866,0.008199368059189176,0.6932889894832975
691781,2025,L,0.2766303932539346,0.08389170429907687,0.2771085115962218,0.008340486940494128,0.6306592966407928
686611,2025,L,0.32403421166482826,0.09230079088191753,0.21890816522899437,0.008126185995892895,0.6806648575304549
645277,2025,L,0.328452749878154,0.036720685514992704,0.13347055585379874,0.006906714973817768,0.8229020431051378
663624,2025,L,0.35589770082353783,0.056070819672183185,0.21827830555593553,0.0076177954816592005,0.7180330793347962
682634,2025,L,0.2907057087342525,0.08122038866066969,0.24797212002877658,0.008076278371103142,0.6627312131924412
681481,2025,L,0.2878697048211133,0.06485658974148405,0.24899131484790646,0.013333268785621175,0.6728188265261955
660644,2025,L,0.28364257559374056,0.0874501049097728,0.19843418198087936,0.007796032242305763,0.7063196811074149
655316,2025,L,0.32062532630440244,0.13983895274476205,0.20858818949636,0.008812075643161641,0.6427607823011889
664034,2025,L,0.3439030007918357,0.07781716288209195,0.1749201155466761,0.007982435869134668,0.7392802857985878
645302,2025,L,0.29436087524719423,0.0908854522767439,0.228626993394255,0.008124156042847377,0.6723633970330496
805811,2025,L,0.2487966436041067,0.08206643307019396,0.30155630784600573,0.014079811125277706,0.6022974471811493
689414,2025,L,0.2487966436041067,0.08206643307019396,0.30155630784600573,0.014079811125277706,0.6022974471811493
640902,2025,L,0.2857677646401116,0.08823330518431056,0.25876730100479156,0.008213445759084613,0.6447859465998208
656577,2025,L,0.2672042998236997,0.063355082859414,0.37157431768144156,0.008486585654240817,0.5565840141713592
669236,2025,L,0.2766303932539346,0.08389170429907687,0.2771085115962218,0.008340486940494128,0.6306592966407928
622761,2025,L,0.3128523245868601,0.06889159162536405,0.22850528084452182,0.007752149095467809,0.6948509783038747
656775,2025,L,0.2993849202650599,0.08721331786981476,0.19379837867713348,0.01443422511087395,0.7045540777891394
643565,2025,L,0.28886601554255237,0.11801473597788585,0.26664046130668806,0.015305310619385828,0.6000394919477279
665833,2025,L,0.3064671846030256,0.07773207321967003,0.3218726668178203,0.01362416934632763,0.586771090516715
686780,2025,L,0.30650961906140256,0.07502867989110329,0.23854943607155715,0.008081714366093297,0.6783401672060423
681508,2025,L,0.28935732411919574,0.1147328291911339,0.2564377403325382,0.008641105364456827,0.6201883251182421
642350,2025,L,0.2916146951841874,0.07441648792567863,0.33680418471678675,0.008489085861630793,0.5802902420134921
686668,2025,L,0.3082130290901232,0.0751149884993192,0.2853227376338412,0.008063105208659719,0.6314991697509549
671289,2025,L,0.3301911490221107,0.0889706541292671,0.14276016206680178,0.007965068733789426,0.7603041139907425
571657,2025,L,0.30388135200113076,0.0699562093543319,0.19984145531527514,0.008092636190669933,0.7221096994969664
678662,2025,L,0.29686431112937167,0.05246459120972646,0.27116691467797754,0.008220710429905312,0.6681477835559608
667472,2025,L,0.32533282226199234,0.09753193765209209,0.25593360890323436,0.008485456433229085,0.6380489969958825
686765,2025,L,0.274369303230362,0.09179255073512929,0.2438015079141316,0.008241545644527367,0.6561643958781971
680869,2025,L,0.30308040249615087,0.09570856540548588,0.28272891354659146,0.008346494124133757,0.6132160269600068
676679,2025,L,0.2714112897601778,0.0696932826181893,0.28995270002068657,0.00812211826400584,0.6322318990528554
666134,2025,L,0.27785541240872175,0.10614919230795898,0.3431680338212127,0.015035549010675716,0.5356472253365283
694671,2025,L,0.35787844446061845,0.11870856334832726,0.21095612321562462,0.008377713410064342,0.6619576001782683
606115,2025,L,0.30367472519512334,0.07652429184888546,0.19205377300190463,0.007837236434117548,0.7235846995306761
506702,2025,L,0.2676442199536569,0.08096667369300559,0.2550985459775357,0.00830777980988141,0.6556270005771586
666185,2025,L,0.29155945295208546,0.09426195234334797,0.24310604075861908,0.008536904326780248,0.6540951031753238
668670,2025,L,0.3066298477227774,0.1099549661742773,0.282633984285372,0.008429595951012506,0.5989814538573618
670242,2025,L,0.30462669117474556,0.09096222637860713,0.3383819129852552,0.014652618564470194,0.5560032414703036
642020,2025,L,0.27216158664307427,0.0654741949935036,0.2695742256490158,0.007996702443291535,0.6569548761250941
670541,2025,L,0.3766697593340472,0.0780807289099842,0.21617591737556707,0.013902396238168496,0.691840957333381
665161,2025,L,0.3207148582910925,0.05820442734159817,0.18872298459608638,0.007303652304554073,0.7457689361511692
656896,2025,L,0.3385949429423407,0.07909043415717477,0.19296093782298535,0.007846794696018658,0.7201018332787099
694388,2025,L,0.2418030256095221,0.07237661223305983,0.337152901448057,0.013470771235382754,0.576999714460603
678225,2025,L,0.2704322660340993,0.097222290645663,0.2650054181524188,0.014721898525560925,0.623050392419737
643217,2025,L,0.3053074000324451,0.08118159304683895,0.20138341280766403,0.014115435019518447,0.703319559905995
622268,2025,L,0.25809367805233535,0.07664064360959319,0.2591844578198339,0.013547915974640749,0.6506269827338946
691011,2025,L,0.2637956308465783,0.07233002733827433,0.26274665792035273,0.008031598015787702,0.6568917170798584
669289,2025,L,0.3197692066382558,0.09076558251279843,0.12592455067814512,0.00763940079015797,0.7756704657158847
641343,2025,L,0.28386829042450645,0.10023244829770735,0.28455713445592035,0.013859500826096832,0.6013509158142194
650489,2025,L,0.29347518798137145,0.05169196505656564,0.23131965074503277,0.00779079533741072,0.7091975883967163
678894,2025,L,0.29625058576166097,0.08043813199482641,0.24925312054605958,0.008014799963885528,0.662293946700049
682641,2025,L,0.3105772884667517,0.07145015128727861,0.14868292142325026,0.007566985583927565,0.772299940596048
691185,2025,L,0.2766303932539346,0.08389170429907687,0.2771085115962218,0.008340486940494128,0.6306592966407928
575929,2025,L,0.33223081421166567,0.07826930293457773,0.2526880700384862,0.008201619346229747,0.6608410088331844
683090,2025,L,0.2766303932539346,0.08389170429907687,0.2771085115962218,0.008340486940494128,0.6306592966407928
663584,2025,L,0.2766303932539346,0.08389170429907687,0.2771085115962218,0.008340486940494128,0.6306592966407928
664728,2025,L,0.28135746855693466,0.0797782603679719,0.23159326980945977,0.012998392879131307,0.6756300776989443
700242,2025,L,0.2577962625408139,0.07439610553882639,0.3141663343194045,0.012220744660385726,0.5992168157503215
686676,2025,L,0.29391692119909685,0.06859367598777244,0.27416607607227717,0.007832474148096345,0.6494077734814476
660162,2025,L,0.31774557098764233,0.10169895842428339,0.27831858421341443,0.008617619015504637,0.6113648388139086
687263,2025,L,0.3303343842694538,0.08323172341405292,0.21926332131175288,0.008195328208427754,0.689309627098697
669722,2025,L,0.2766303932539346,0.08389170429907687,0.2771085115962218,0.008340486940494128,0.6306592966407928
677595,2025,L,0.3117061123258202,0.045505291693470264,0.22538761134718577,0.007377998463049902,0.7217290977356745
679845,2025,L,0.30079808944056496,0.09526865889912518,0.1573441640507639,0.007408221254081484,0.739978955486364
669911,2025,L,0.3036207892239736,0.09202011176691766,0.33871477616093953,0.00840304279183092,0.5608620694793043
664068,2025,L,0.28126125100745664,0.06269513436530252,0.2918810103100336,0.008460283211710776,0.6369635717056831
676466,2025,L,0.2766303932539346,0.08389170429907687,0.2771085115962218,0.008340486940494128,0.6306592966407928
683748,2025,L,0.2487966436041067,0.08206643307019396,0.30155630784600573,0.014079811125277706,0.6022974471811493
642086,2025,L,0.28864582145827583,0.07059369205470893,0.23414940605556697,0.013663317556154698,0.6815935842461583
682653,2025,L,0.2766303932539346,0.08389170429907687,0.2771085115962218,0.008340486940494128,0.6306592966407928
682988,2025,L,0.2851490271907307,0.08197807124970644,0.2919963130277147,0.008233236983927479,0.6177923776943632
669221,2025,L,0.3494465115227543,0.10493204613200056,0.2252664256559414,0.008407595779468851,0.6613939318087568
682868,2025,L,0.3104579966020753,0.10309266079576239,0.2547740589651435,0.008509383604575392,0.6336238961771623
666182,2025,L,0.38035482760600625,0.05869783037136906,0.17188785538507145,0.007608253844088128,0.7618060606614168
607208,2025,L,0.347714681224469,0.07956548123374625,0.18354057338361318,0.007795655873827001,0.7290982881845293
624512,2025,L,0.2590077557839595,0.07669197088966768,0.23181057224294516,0.012520116237702357,0.6789773417102719
690993,2025,L,0.2855092580957303,0.07934054766985683,0.22736214102271474,0.012950932095100662,0.6803463796518762
642133,2025,L,0.3043632509742643,0.07629169562495623,0.2662730368662416,0.01336704401668063,0.6440682230972888
691026,2025,L,0.32796583183735456,0.09503869085728607,0.15513261618837543,0.008051042546108993,0.741777650836887
645305,2025,L,0.29931094362342,0.10205081874225103,0.2414847570020186,0.008147353739643114,0.648317070269702
663897,2025,L,0.2821049600071151,0.08949886433884638,0.2414578120299819,0.008249217775054735,0.6607941061119159
663967,2025,L,0.24832290857179487,0.07191050794299739,0.26712777898013135,0.013937684636374474,0.6470240287560847
641584,2025,L,0.27083153327487497,0.09525856371820762,0.25131797370949194,0.014475473239325309,0.638947989901586
701350,2025,L,0.2487966436041067,0.08206643307019396,0.30155630784600573,0.014079811125277706,0.6022974471811493
667690,2025,L,0.2766303932539346,0.08389170429907687,0.2771085115962218,0.008340486940494128,0.6306592966407928
666971,2025,L,0.3490060126557363,0.06550803849682221,0.1679303177273275,0.007435324885735094,0.7591263185189229
690976,2025,L,0.2766303932539346,0.08389170429907687,0.2771085115962218,0.008340486940494128,0.6306592966407928
669288,2025,L,0.23956597919534728,0.07198137575464361,0.347615951925211,0.014222005999432031,0.5661806663687102
518595,2025,L,0.33651175122417054,0.08076837266794325,0.19831771685293556,0.007884921619873034,0.7130289892653572
669257,2025,L,0.35775595452283326,0.1071217419988794,0.1846315816868542,0.008526472550438667,0.6997202044096036
671284,2025,L,0.2766303932539346,0.08389170429907687,0.2771085115962218,0.008340486940494128,0.6306592966407928
691373,2025,L,0.2766303932539346,0.08389170429907687,0.2771085115962218,0.008340486940494128,0.6306592966407928
676801,2025,L,0.3150352576149165,0.0995427508271492,0.25279755971808743,0.008308018837512771,0.6393516700310112
663604,2025,L,0.28589259294606284,0.08010538493436135,0.2797108961641061,0.008354773768545532,0.6318289443843699
656976,2025,L,0.29818893063436347,0.10326980125613029,0.2161520951850844,0.013960660648789869,0.6666174428551251
691176,2025,L,0.30618067156270895,0.08513692009578817,0.25490719953608193,0.00797553792443378,0.6519803421168305
686452,2025,L,0.28667898816417403,0.10341801631157407,0.23656644865739807,0.008083350764147158,0.6519321836832167
694359,2025,L,0.2662889493395476,0.11801191686171582,0.3636561670187688,0.015671964290298716,0.502659952479179
608369,2025,L,0.35001384080044184,0.056294447664656376,0.20043769325746294,0.01225300520048299,0.7310148529949588
677943,2025,L,0.2766303932539346,0.08389170429907687,0.2771085115962218,0.008340486940494128,0.6306592966407928
673357,2025,L,0.3289024885657855,0.05998879224298535,0.26139282177815076,0.007990289051252448,0.670628098214565
605353,2025,L,0.2864190931428502,0.09451406436293026,0.21060499145657932,0.014415595798905759,0.6804653485638117
649966,2025,L,0.31099838897322746,0.1237263666331543,0.2312919473013741,0.008952279674742403,0.6360294058209476
671083,2025,L,0.29874355886129406,0.1225661865103911,0.22166044370149496,0.008277054306522896,0.6474963157429008
694497,2025,L,0.26884251118681857,0.12450877056957461,0.30473822498120945,0.014920790803555814,0.5558322140648901
543760,2025,L,0.34071363557072004,0.10995144918242744,0.16751311692541843,0.008185168059831544,0.7143502662840486
682927,2025,L,0.2766303932539346,0.08389170429907687,0.2771085115962218,0.008340486940494128,0.6306592966407928
666149,2025,L,0.2947805285136849,0.10094835257018642,0.2706463169757942,0.008456243226276956,0.6199490877720221
647351,2025,L,0.31276796152127645,0.0748761511833958,0.16480604224070816,0.007945876331629772,0.7523719295544753
645444,2025,L,0.28048654490688457,0.1301934692681779,0.22927849908994272,0.00857142879129779,0.631956601268006
664059,2025,L,0.28336163355115107,0.09735226176974533,0.26143357439158116,0.00822427094021829,0.6329898921005144
678011,2025,L,0.2487966436041067,0.08206643307019396,0.30155630784600573,0.014079811125277706,0.6022974471811493
669065,2025,L,0.28740975845894945,0.060292917022155855,0.2831380747019032,0.01294095605352304,0.6436280531536916
672642,2025,L,0.27101598775288466,0.1111743218199481,0.2986395362871232,0.008763777319654928,0.5814223631580933
687529,2025,L,0.24772616482268486,0.07024323134950418,0.3571695691106966,0.013352003982637486,0.5592351956687288
702176,2025,L,0.2487966436041067,0.08206643307019396,0.30155630784600573,0.014079811125277706,0.6022974471811493
677588,2025,L,0.2790601946552655,0.0850113573776993,0.2565539789220837,0.013658042306422645,0.6447766208624158
668845,2025,L,0.26569704523660465,0.05761765955100862,0.28328340355862897,0.007850191161473483,0.6512487462030605
671976,2025,L,0.2487966436041067,0.08206643307019396,0.30155630784600573,0.014079811125277706,0.6022974471811493
672569,2025,L,0.2866480823390204,0.06951200914088507,0.21496211410917668,0.007972268789841103,0.7075536082199211
570482,2025,L,0.3357730656386658,0.04794752341815305,0.16201352800730706,0.007255017248904254,0.7827839307361731
668942,2025,L,0.2817273934111282,0.10681704248892458,0.24593521137174007,0.014207670322876115,0.6330400762336902
691182,2025,L,0.27849861205898696,0.06187447020809399,0.21165867203329797,0.007779941389334276,0.7186869152226385
641658,2025,L,0.2877142934049335,0.10987157340932625,0.24784559112920324,0.00846301597278024,0.6338198193567349
676070,2025,L,0.29101348529891596,0.1281736843394669,0.2634089635322104,0.008754404859421356,0.5996629466012442
663837,2025,L,0.34893547636163336,0.09590192399319922,0.18105348196519117,0.008316764886727545,0.7147278283958458
680716,2025,L,0.2913361965333463,0.09009131142606917,0.2560835116922012,0.008329150668852838,0.6454960270781261
676356,2025,L,0.29163345010849956,0.07963301610770156,0.19122732297294776,0.008027835945573823,0.7211118253758189
670764,2025,L,0.2918040880285723,0.12890809597610453,0.22186103292614723,0.008422740397072906,0.6408081300416302
642731,2025,L,0.30728958107524884,0.07158172639140342,0.18136540754428765,0.007680619811377786,0.7393722462536896
543592,2025,L,0.3293339048326514,0.11717860503049117,0.16652507812857684,0.008017276353289148,0.7082790413201422
669450,2025,L,0.30253945925836695,0.12334856668121731,0.26136389778772146,0.00830250668653072,0.6069850295720903
642851,2025,L,0.292009182085354,0.09291616904453391,0.21822477228141896,0.008483944713489391,0.680375114280792
677941,2025,L,0.2737261210135927,0.07289109395381735,0.2784042363148552,0.007971516081346346,0.6407331548022405
666181,2025,L,0.25753420994429693,0.10962529201122119,0.37167362245749497,0.014189563848449114,0.5045115224225909
663586,2025,L,0.3659893485405131,0.0755195713093344,0.24060907537481127,0.00808149942884219,0.6757898542122063
677870,2025,L,0.29406039809399687,0.11578729772232108,0.2659351133315994,0.008901273163859256,0.6093763159241545
679032,2025,L,0.2891041682276272,0.06949058996841131,0.20604148610245743,0.00788620994841944,0.71658171499174
642136,2025,L,0.2785950780908941,0.11057991720599893,0.30160936924835735,0.014627399918238599,0.5731833138811582
670097,2025,L,0.29971030747845356,0.13363592123175608,0.26845541048291294,0.008979648512125876,0.5889290196389141
455117,2025,L,0.29371304539036197,0.09799170388216774,0.28127801449961104,0.008550110508371648,0.6121801710325937
810938,2025,L,0.2766303932539346,0.08389170429907687,0.2771085115962218,0.008340486940494128,0.6306592966407928
677956,2025,L,0.2940758555763218,0.056960460193710295,0.28037210148339387,0.007856030044538642,0.654811409509278
665923,2025,L,0.26640994065096774,0.08053965559363101,0.21998427396922587,0.008028494964579058,0.6914475748898823
542932,2025,L,0.31766618873393604,0.12795882335165543,0.21773325929739018,0.008478594836837305,0.6458293232424186
663536,2025,L,0.2766303932539346,0.08389170429907687,0.2771085115962218,0.008340486940494128,0.6306592966407928
621028,2025,L,0.3119000897737667,0.07238525577387582,0.11236025235745811,0.007190588622820211,0.8080639032147833
669004,2025,L,0.30683613289228073,0.0914232748943597,0.25154535342573897,0.014249607662132539,0.6427817630816891
689172,2025,L,0.2644429407204244,0.0870789662332259,0.253599453841597,0.01394236454878178,0.6453792154273602
606992,2025,L,0.30074876949978235,0.07261697742483772,0.29730593104002684,0.008397616847217673,0.6216794754287673
656582,2025,L,0.32007453937240105,0.13118539606626678,0.2143747057207272,0.008438150369659742,0.6460017470698152
607732,2025,L,0.31040869885495553,0.10184148469955873,0.20818002743456568,0.008145795700895977,0.68183269208976
694376,2025,L,0.31819068014708957,0.07862729903437667,0.21434122017053261,0.0081321081021582,0.6988993724093622
572138,2025,L,0.2739493927478169,0.10907718430736046,0.30504724995716204,0.014571561709621334,0.57130400494718
691785,2025,L,0.2487966436041067,0.08206643307019396,0.30155630784600573,0.014079811125277706,0.6022974471811493
624585,2025,L,0.36039247825907383,0.10077876352708963,0.25109552600493107,0.008313302057524336,0.6398124083717244
669717,2025,L,0.2766303932539346,0.08389170429907687,0.2771085115962218,0.008340486940494128,0.6306592966407928
664774,2025,L,0.3216094638019407,0.1215470936637487,0.21559668162973125,0.01525067928719156,0.6476055459619634
679822,2025,L,0.2864244171338001,0.08463420371429418,0.2747978577720188,0.008578080733930795,0.6319898569339111
672016,2025,L,0.2766303932539346,0.08389170429907687,0.2771085115962218,0.008340486940494128,0.6306592966407928
678391,2025,L,0.2487966436041067,0.08206643307019396,0.30155630784600573,0.014079811125277706,0.6022974471811493
675915,2025,L,0.28118826746928993,0.08272566970523142,0.2696627212413591,0.00829812660750067,0.6393134827708826
669134,2025,L,0.31905382729162546,0.06993052056734239,0.16229078872268304,0.007716196674661145,0.7600624943361681
685744,2025,L,0.2766303932539346,0.08389170429907687,0.2771085115962218,0.008340486940494128,0.6306592966407928
641555,2025,L,0.2487966436041067,0.08206643307019396,0.30155630784600573,0.014079811125277706,0.6022974471811493
687952,2025,L,0.3194642564116421,0.06183868334080679,0.2717045434971468,0.008227000638713539,0.6582297727613267
656413,2025,L,0.2959187485926939,0.11414472301286646,0.286894057456821,0.008457653155527819,0.5905035663730746
592192,2025,L,0.33417011153868625,0.1181979539786525,0.19881973928392696,0.008790581698739718,0.6741917253307115
518934,2025,L,0.3595527798458926,0.10150155061591348,0.14990657711394204,0.007887832426020173,0.7407040392919706
596142,2025,L,0.346562456357026,0.08927938704213877,0.262312510046085,0.008452049273660847,0.6399560537323428
676116,2025,L,0.28622211168895756,0.1244803072862355,0.34932378286301974,0.015571307899685959,0.5106246036969356
642727,2025,L,0.2777392622477652,0.10890501679403379,0.253827159697191,0.00851695381141181,0.6287508700288039
677060,2025,L,0.2766303932539346,0.08389170429907687,0.2771085115962218,0.008340486940494128,0.6306592966407928
681962,2025,L,0.2747087025985942,0.1094304211692154,0.2554048038070647,0.008714549893005331,0.6264502256805828
657041,2025,L,0.3315329746227839,0.11205687230919396,0.2165929231356646,0.008296275102516387,0.6630539294696798
657077,2025,L,0.31389481369893474,0.08565602220187886,0.16647851837165517,0.01399650156560561,0.7338689565637294
682729,2025,L,0.29135229747703534,0.08879616535505536,0.24407563508106636,0.008262942045934744,0.6588652582374838
644433,2025,L,0.2791543397447266,0.06003694990507162,0.2634556466128174,0.007697591107276187,0.6688098122306202
681146,2025,L,0.32260254645151615,0.13125700481353647,0.16474108014251235,0.008697982792146225,0.6953039325997102
671221,2025,L,0.28768732855369467,0.0748964259290369,0.2813272175334261,0.0079466322266935,0.635829723500642
656541,2025,L,0.25931985779249705,0.09046643155300028,0.3815520258091186,0.014205733233879492,0.5137758096838692
642180,2025,L,0.256311696553882,0.10268856407952552,0.2546427586003809,0.014675126710570923,0.6279935511990018
676480,2025,L,0.27292553700921135,0.07189587995678196,0.3127622467964598,0.008123751803148989,0.6072181206921076
676724,2025,L,0.2545317249845283,0.08337577025455695,0.3425054104389455,0.014341746626355727,0.5597770729136513
660688,2025,L,0.31807013129893574,0.05261093618895277,0.08286492571985325,0.0061820061161982345,0.8583421319528493
605244,2025,L,0.2758246626467787,0.07313125000429457,0.28662256665363334,0.008283209914456573,0.6319629729040197
695257,2025,L,0.294347507341133,0.07140400308939779,0.31573372610715744,0.008309843160758097,0.6045524276959211
670224,2025,L,0.23635600436059206,0.08390070173055553,0.34333446062509443,0.014100376734060881,0.55866445996832
670092,2025,L,0.26232963437862866,0.09476134992733268,0.27693519416907514,0.014475262251795322,0.6138281934100609
641645,2025,L,0.29285316319792987,0.12348315287878689,0.1772290983003044,0.015575570674418842,0.6837121778896144
692225,2025,L,0.2766303932539346,0.08389170429907687,0.2771085115962218,0.008340486940494128,0.6306592966407928
682183,2025,L,0.2487966436041067,0.08206643307019396,0.30155630784600573,0.014079811125277706,0.6022974471811493
663898,2025,L,0.3396656919429473,0.08612204579548725,0.20562302994084447,0.007844185422885775,0.7004107401026729
641943,2025,L,0.2884216329704923,0.08394976169071323,0.22069126043511095,0.014112106990764161,0.6812468699695874
624513,2025,L,0.24607705292203663,0.11138656364452684,0.3583060558400111,0.01537562925940019,0.5149317516278997
669374,2025,L,0.30153358326636176,0.09545707703117769,0.3601486257957676,0.009006515071903653,0.5353877826722478
668723,2025,L,0.29041680972472816,0.07102326517225181,0.2266055628181931,0.007893140790687758,0.694478031248634
663662,2025,L,0.30837662550209943,0.09928078136908766,0.26891834829426453,0.008319789878008953,0.6234810809185658
622569,2025,L,0.3248371457348403,0.10706941098005673,0.18772259673416952,0.008456625356624631,0.696751366302964
656248,2025,L,0.29845253917951425,0.10537272684359224,0.2857115750660355,0.008521649371206039,0.6003940476808126
665750,2025,L,0.30851543258356373,0.08356230201987984,0.2416044873660518,0.00784106486397514,0.6669921460854478
668974,2025,L,0.2766303932539346,0.08389170429907687,0.2771085115962218,0.008340486940494128,0.6306592966407928
664913,2025,L,0.2936962139821223,0.0761373520512289,0.28321489326762517,0.01385679522484316,0.6267909603576414
682848,2025,L,0.2993340604498074,0.08684031608780012,0.21912394139713556,0.008018664159936462,0.6860170787753743
680118,2025,L,0.2944369787312807,0.08367837428276167,0.27029612450527807,0.008108945460523757,0.6379165563131446
680769,2025,L,0.24090601535634507,0.07304450192726757,0.3118232688760496,0.013736338573911053,0.6013958909988872
571466,2025,L,0.25918943018724705,0.09409486351388395,0.26856584693957125,0.014568467890732094,0.6227708215614056
683021,2025,L,0.30812856470227723,0.10853648904077812,0.12809572247240414,0.00790000460390064,0.7554677837769692
670223,2025,L,0.2658171235357364,0.07486031355238865,0.32404541592620595,0.013917034177208045,0.5871772360825502
665804,2025,L,0.3224273569008607,0.08317471830748864,0.20753000009453945,0.007957659946136585,0.7013376231246261
607680,2025,L,0.31669058234013797,0.04713412135221848,0.15825739493020313,0.00741688629451567,0.787191597193489
605361,2025,L,0.28354045033255637,0.10073010661487576,0.22691496646299034,0.014277834638827073,0.6580770926509952
677347,2025,L,0.28058563084372823,0.10221640707176201,0.29514359157289405,0.008541403846849,0.5940985964700922
641313,2025,L,0.29984122979447436,0.043976814424495685,0.22109878652380274,0.007617496899968452,0.7273069022301483
668731,2025,L,0.25801588956952226,0.09118673046948696,0.2990729443266291,0.014100691122866731,0.5956396345857722
677008,2025,L,0.26601005554699886,0.06056199726014954,0.3000684114605187,0.012282759125010487,0.6270868313781411
592669,2025,L,0.3391512195251946,0.0765512626245496,0.2389218184755342,0.008047804113243639,0.6764791141596989
669256,2025,L,0.31550001298552466,0.09426737884470518,0.18821763353543525,0.008369896004197427,0.7091450906010965
669087,2025,L,0.28888594477432455,0.07339743507301415,0.34338866989018874,0.0079341139006934,0.5752797818001089
681584,2025,L,0.2988489158660126,0.12381287992302432,0.29805497774589257,0.008687450143309667,0.5694446926805415
621512,2025,L,0.2753687941809306,0.04894778399546143,0.2705855415057718,0.007573176257668197,0.6728934990767674
685301,2025,L,0.2766303932539346,0.08389170429907687,0.2771085115962218,0.008340486940494128,0.6306592966407928
701305,2025,L,0.2932894513741307,0.07829713235038266,0.29390946713895977,0.00844649040519924,0.6193469112567506
608671,2025,L,0.2559633579695007,0.12131303622922195,0.2767451154942516,0.014893524182578851,0.5870483247011639
640492,2025,L,0.2900896540006343,0.04790898262635458,0.2302245174695562,0.007521772121457494,0.7143447273862813
680911,2025,L,0.30897202378302807,0.07626093096735174,0.18771956077296478,0.007968895979399366,0.7280506115129629
690291,2025,L,0.2648348252657113,0.10090672390653851,0.2964602544367997,0.014835577670610405,0.5877974434340273
624415,2025,L,0.2876787282042853,0.1392845827685099,0.28762177257558197,0.015631684276243715,0.5574619602068517
665828,2025,L,0.29832392095893473,0.07358720045750639,0.20582486987931564,0.007953149547879375,0.7126347799048229
676701,2025,L,0.28175147509456333,0.07580293008150815,0.22883954201951243,0.007936110372836024,0.6874214173711909
518792,2025,L,0.3020784976304062,0.07377978504207205,0.19501033262758685,0.013879907894367863,0.7173299742319319
674441,2025,L,0.24670635216208645,0.1159912807803927,0.3009391059898074,0.01497152979046731,0.568098083087075
660757,2025,L,0.32318824560005277,0.048112123613496434,0.22594063455437902,0.0071564486448594845,0.7187907925149752
663609,2025,L,0.3187538482789431,0.09909878441926798,0.29524987534536634,0.008693375068811087,0.5969579661497368
694362,2025,L,0.2801478487787966,0.10298558380453457,0.2953955230958414,0.008529838704690236,0.5930890543379927
670032,2025,L,0.27177862962067767,0.09435865686316373,0.1591670160891799,0.013687856268841071,0.7327864714449277
605131,2025,L,0.3107947273454466,0.12264562716932657,0.2223385466732507,0.008463837728848832,0.6465519877077985
669392,2025,L,0.26852572907083516,0.08180581842025247,0.2771000017591628,0.008424152388011322,0.6326700277573025
665839,2025,L,0.29627397502393943,0.09693254549534351,0.23829045973334753,0.015116354484056736,0.6496606409236634
689041,2025,L,0.2487966436041067,0.08206643307019396,0.30155630784600573,0.014079811125277706,0.6022974471811493
666915,2025,L,0.3195635280067384,0.08325974046201029,0.327421410689477,0.008443065384177174,0.5808757841829799
605113,2025,L,0.28965720599355205,0.0761504664423172,0.20245630817346666,0.007913192614646939,0.7134800313329862
671213,2025,L,0.3057857695761371,0.09965574833951907,0.2873029862093899,0.013852625377336192,0.5991886396647185
666165,2025,L,0.25583069193157393,0.08071144067297187,0.35207580401207067,0.012534048420952895,0.5546787065401061
605204,2025,L,0.32865882625658915,0.09547247456066382,0.26387222179112124,0.008165597003334552,0.6324897049317139
669003,2025,L,0.2652567383656359,0.10602918324267947,0.33155686964908615,0.01469593706373988,0.5477180098363624
600869,2025,L,0.3217967214154553,0.08623796635921112,0.2025382292026774,0.00811860914743656,0.7031051971125023
672284,2025,L,0.283748797139171,0.0757713144282723,0.29696803372220687,0.013577983941482675,0.613682667847465
691728,2025,L,0.2487966436041067,0.08206643307019396,0.30155630784600573,0.014079811125277706,0.6022974471811493
542963,2025,L,0.23976495217100355,0.057598290483760924,0.2695579757845229,0.012777976779359643,0.660065757778018
493329,2025,L,0.3470495780845113,0.06380794218774137,0.10560999981559349,0.006999982830895817,0.8235820760625001
702358,2025,L,0.3004546972266732,0.06544068772827859,0.1947129549434321,0.007587819404902792,0.7322585372496205
687957,2025,L,0.2581697003896776,0.08065994943171331,0.2766476542668798,0.013979369305125638,0.6287130271092414
608385,2025,L,0.31593038434952064,0.10753502994299163,0.20628217481427585,0.014329217858818051,0.6718535759338895
672279,2025,L,0.24492832601058667,0.10008672312020558,0.30160251691749285,0.01498657998610371,0.583324181538039
668952,2025,L,0.2909196337441243,0.11550837480370847,0.26661012529312655,0.008289869656109079,0.6095916294378421
663796,2025,L,0.26648468936406833,0.06356788346770505,0.27289266859035666,0.008050006767840555,0.6554894404108631
650559,2025,L,0.34520612942935563,0.07041240008632674,0.20205550202331454,0.008012705560411875,0.7195193918309275
686554,2025,L,0.24948657841573488,0.11227259694468263,0.37373337875552143,0.015216273432951885,0.4987777519660731
592178,2025,L,0.33964382771794305,0.0975280255048194,0.2354088221121514,0.008263483378577663,0.6587996682486607
553882,2025,L,0.28388112744525645,0.0942495666644401,0.21026716040752755,0.014597338477485552,0.6808859327708768
669304,2025,L,0.3306217118892618,0.06067511302412872,0.1666406498812748,0.007490669663837097,0.7651935662378341
691907,2025,L,0.2487966436041067,0.08206643307019396,0.30155630784600573,0.014079811125277706,0.6022974471811493
665155,2025,L,0.27846916620696477,0.10046136245535287,0.2862755807589983,0.014728455116025217,0.598534602789611
669208,2025,L,0.287943064086249,0.09453900291252677,0.2795455050081933,0.008323035838938127,0.6175924552533372
622534,2025,L,0.3325500293962189,0.09196075393354926,0.15739788000818644,0.007953884903639533,0.7426874814242704
669398,2025,L,0.2487966436045401,0.08206643307108757,0.30155630784579723,0.014079811125277703,0.6022974471804643
678009,2025,R,0.32166781817525003,0.1094864013779754,0.23444269393267111,0.008791052146620739,0.6472798532960596
668670,2025,R,0.2832759219003771,0.09119689448432167,0.3016434200221515,0.01356854312303541,0.593591142538474
628451,2025,R,0.2957867656412923,0.06335914031941837,0.1911946656845292,0.012800382186907414,0.7326458128573782
700242,2025,R,0.30382876919939955,0.08319300369149503,0.26883981576769517,0.008214534789537861,0.6397526460663744
595879,2025,R,0.29276252426729327,0.028560090138427308,0.27121295789381195,0.010408879256274418,0.6898180726687348
680776,2025,R,0.3437335928574295,0.08942947501991307,0.20682399455535022,0.008208067187521446,0.6955384626785205
686765,2025,R,0.2842963791936557,0.0947108411926079,0.23661928708930724,0.00855082657682447,0.6601190452853266
666152,2025,R,0.30342021227619626,0.10109994432321666,0.2270108805767118,0.008340503829777591,0.6635486713149882
672761,2025,R,0.3084962918205186,0.09671316487895196,0.19934890253058876,0.008698438465878283,0.6952394935872038
681481,2025,R,0.32545979577172784,0.07111399949670723,0.23739074985311825,0.00846969692244121,0.683025554116453
669234,2025,R,0.2768855666134063,0.108675461195346,0.3217796285130804,0.01429945811336985,0.5552454520987494
657136,2025,R,0.2852436531529587,0.06155984536858688,0.2763755854027065,0.013151321974223366,0.6489132475093451
663993,2025,R,0.36518835701673175,0.11481282421145358,0.2116420218267688,0.00856067552895267,0.6649844780019559
677800,2025,R,0.33675847272956627,0.08919608172256542,0.25375321932529804,0.008674675085101256,0.6483760239223071
678882,2025,R,0.2746572331238079,0.038383398718996056,0.25526758321023746,0.011418815439331388,0.6949302025695787
807799,2025,R,0.3506700507684228,0.09307030898783276,0.13213115669581335,0.008173360033091409,0.7666251749739565
596115,2025,R,0.30681300794670113,0.061540736859553566,0.27047448970272014,0.012996589034091122,0.6549881846222777
656716,2025,R,0.3184146447216426,0.09577398726215489,0.20759811420844912,0.008440020517430787,0.6881878777381872
694377,2025,R,0.29202568560390213,0.07154849329338303,0.27140765092414315,0.01281716835096419,0.6442266877485092
665833,2025,R,0.364437618642673,0.0866324153586476,0.27205949439888416,0.008602173459706595,0.6327059163550659
663698,2025,R,0.2885185621682364,0.07480072357735032,0.31820554638758813,0.013711801736863814,0.5932819284959796
673490,2025,R,0.30637210849243834,0.11174033448690253,0.1953859966104288,0.014196284851290788,0.6786773833163943
686948,2025,R,0.2852351263249939,0.08946476082292418,0.27028910209432444,0.00865733277951773,0.631588804220858
660670,2025,R,0.3711935558541126,0.08377806216059076,0.2326483649273947,0.013465239710658272,0.6701083334943362
621566,2025,R,0.381638090288854,0.0997880249837496,0.24629424358988436,0.00882130903677836,0.645096422147182
595777,2025,R,0.3325037885070229,0.1159046733584693,0.1793638191727646,0.008851919645338664,0.6958795872457935
669397,2025,R,0.27093296006546347,0.08127513884518588,0.1927788984482623,0.012890218100402213,0.7130557440275117
687462,2025,R,0.33396443662640957,0.11064127625630378,0.18738001726276193,0.008773147791771428,0.6932055588412082
669261,2025,R,0.34499964214275086,0.126164628923194,0.2814014459216843,0.009083219646142213,0.5833507054316777
693304,2025,R,0.2947022955113165,0.06168435094858994,0.21782179424527467,0.012446427309844308,0.7080474279400208
805373,2025,R,0.2650586716417246,0.07212536119407584,0.279197156940701,0.013382206467681505,0.6352952755749331
542303,2025,R,0.35162621668811433,0.05775536567031858,0.21933332880868625,0.012513785482574584,0.7103975199586676
671739,2025,R,0.3552606176929927,0.05940075561535123,0.20020171179652638,0.007785932687841777,0.7326116000585092
672744,2025,R,0.2568069638190997,0.0730828697813873,0.3470540797791106,0.01338167063955704,0.5664813801140668
457705,2025,R,0.33028120030828617,0.10989013956977955,0.22502661733748258,0.01401974295926863,0.6510635013757731
502054,2025,R,0.3331870038736583,0.10358144474669433,0.2444841559319824,0.013828557152958347,0.6381058417444044
669707,2025,R,0.28646613836243834,0.08471718132943219,0.27363747846210873,0.013215677658291224,0.6284296636573915
596019,2025,R,0.3459449282531693,0.07785436539217441,0.16965809309369373,0.008383489411540108,0.7441040524765599
656775,2025,R,0.3286325136607969,0.0947299291217579,0.18544204225174366,0.008563486945138352,0.7112645422308035
677595,2025,R,0.318287782922285,0.05220783043520489,0.2239009771873876,0.00794804405797516,0.7159431487403844
682626,2025,R,0.3136787074465931,0.08004065510950793,0.25991074573260653,0.012468971875281707,0.6475796277610112
643446,2025,R,0.3329195768179603,0.07239828678423153,0.12155494492423623,0.00756833614186692,0.7984784332838163
668901,2025,R,0.3086209656582802,0.059099391430484344,0.2796469539543199,0.012464279471999698,0.6487893749115515
607043,2025,R,0.348844472658489,0.14787533364277433,0.2315376539165036,0.00900850160180301,0.611578510396549
624413,2025,R,0.36133179336779336,0.06585546814228177,0.23147682662186703,0.01313582441655513,0.689531881145492
672640,2025,R,0.3132231647509133,0.06356519838846371,0.168717769554455,0.012389377470224554,0.7553276544083375
805300,2025,R,0.2852351263249939,0.08946476082292418,0.27028910209432444,0.00865733277951773,0.631588804220858
682663,2025,R,0.25475182782174005,0.06808547609814176,0.2965904226444389,0.012976532728067411,0.6223475689297302
669364,2025,R,0.30839028586144396,0.10448165708350773,0.15495901845647547,0.008128030988770905,0.7324312933774121
691594,2025,R,0.27983211047519063,0.05401576553348777,0.17999914049284912,0.01201703155264877,0.7539680621239002
665742,2025,R,0.40667781880301734,0.1500350145692927,0.19149450617940872,0.00873679805139437,0.6497336814383037
676724,2025,R,0.29512725156522385,0.09493856721897988,0.32106248631505396,0.008921797199323164,0.5750771491185094
640459,2025,R,0.2624068501505405,0.05874553865770377,0.27260514684606557,0.012645514023264968,0.6560038003694204
681715,2025,R,0.25475182782174005,0.06808547609814176,0.2965904226444389,0.012976532728067411,0.6223475689297302
676572,2025,R,0.3060688673972694,0.06333168787694121,0.22993313927118272,0.012221276238465303,0.6945138965593133
681393,2025,R,0.2860775182872118,0.06889898882991621,0.27146561676117675,0.01253206414007197,0.6471033299391566
621438,2025,R,0.3028919838163803,0.061306490620266184,0.224092214977007,0.012738096327139074,0.7018631979060069
677587,2025,R,0.28113286228509743,0.09151883930238433,0.215231413665439,0.008473035074977944,0.6847767115460848
690984,2025,R,0.2852351263249939,0.08946476082292418,0.27028910209432444,0.00865733277951773,0.631588804220858
666310,2025,R,0.3166678283427339,0.10686081225003094,0.24611828028226468,0.008831726049714916,0.6381891815609845
641856,2025,R,0.30746740802686856,0.10952251008184812,0.2618124058526386,0.008830534686227496,0.619834549848142
641680,2025,R,0.3276298643328498,0.08164740989161169,0.17827565304395937,0.008292684414922287,0.731784252508426
677649,2025,R,0.2979616686379645,0.05097277985849545,0.23991690612687666,0.01200071630999749,0.6971095975379727
642133,2025,R,0.35552071613272423,0.0800701968389276,0.2197596208528194,0.008394245995045424,0.6917759367905338
666969,2025,R,0.32183586185479485,0.05543421446117034,0.2611975378249431,0.0125960296819932,0.67077221817043
671655,2025,R,0.2852351263249939,0.08946476082292418,0.27028910209432444,0.00865733277951773,0.631588804220858
608070,2025,R,0.35414153226507517,0.08894591515880318,0.13117194823688386,0.008564529661417741,0.7713176064189553
682657,2025,R,0.2950811066631684,0.08230370589843605,0.18654125667973404,0.008432525247817096,0.7227225128751431
680757,2025,R,0.3359475975293983,0.12613849767509994,0.09382005842935631,0.008714414880290679,0.7713270294656335
673962,2025,R,0.3041312458274265,0.059685908806994974,0.2733209974744062,0.01167503142110353,0.6553180623714305
592626,2025,R,0.35403500813080563,0.09195717199405701,0.24263294881029063,0.008691626192210866,0.6567182534075258
680737,2025,R,0.25686912554534885,0.06832591870696353,0.29201259592022294,0.012907066330755628,0.6267544185863433
692216,2025,R,0.2852351263249939,0.08946476082292418,0.27028910209432444,0.00865733277951773,0.631588804220858
682177,2025,R,0.2939383428685577,0.10109345980260231,0.2697389310748848,0.008457555831487355,0.6207100527410837
700932,2025,R,0.31388247094474203,0.10066653111085833,0.27261502937235277,0.00895335921018648,0.6177650809838817
683227,2025,R,0.25475182782174005,0.06808547609814176,0.2965904226444389,0.012976532728067411,0.6223475689297302
696030,2025,R,0.2852351263249939,0.08946476082292418,0.27028910209432444,0.00865733277951773,0.631588804220858
669394,2025,R,0.32648459874850044,0.05392656666057984,0.27149942020180834,0.011459394987055466,0.6631146187447223
643396,2025,R,0.292937022775369,0.06962953343897733,0.15414477565126739,0.012818194882695394,0.7634074956946022
672386,2025,R,0.3480188958590907,0.09507919922891726,0.14379674896952363,0.01351042176452692,0.7476136301465596
662139,2025,R,0.3249798858228078,0.09674316244724712,0.2425096343718014,0.008935063934838392,0.6518121398893965
664770,2025,R,0.3117766440572379,0.08706751294228535,0.18181043538183725,0.008343678722674075,0.7227783724320153
676044,2025,R,0.2852351263249939,0.08946476082292418,0.27028910209432444,0.00865733277951773,0.631588804220858
700246,2025,R,0.25475182782174005,0.06808547609814176,0.2965904226444389,0.012976532728067411,0.6223475689297302
656484,2025,R,0.2874808800832749,0.08788273649415329,0.3176488533715694,0.008711600724702666,0.5857568094948624
665489,2025,R,0.3742549194504455,0.06102845872685533,0.16727980974791262,0.012196462433933731,0.759495268861821
665926,2025,R,0.3012957398485645,0.06691227699595712,0.19949748239903048,0.008139651391553978,0.7254505899866476
543807,2025,R,0.338760777969245,0.08755018445592554,0.20735318204882572,0.01328830637541442,0.6918083268717387
664702,2025,R,0.30123236573385237,0.11140715248261743,0.17298120334117253,0.013838607613447964,0.7017730366464934
676391,2025,R,0.29312259001131985,0.04471622463849701,0.10495414206503402,0.01085770832432559,0.8394719242803039
680718,2025,R,0.32094301504075357,0.08961726405564321,0.25057368889196435,0.008323491760956269,0.6514855549371416
691406,2025,R,0.32634255498376197,0.05383206580750404,0.2265680521426143,0.01207510119496526,0.7075247803348863
680700,2025,R,0.3185806926640267,0.11545831902771746,0.17306351459199135,0.008567223250709376,0.7029109431532397
623993,2025,R,0.347016713238959,0.06998689398151671,0.1948661100026983,0.008346125379425706,0.7268008706880468
676439,2025,R,0.2814869968104989,0.08833105449079753,0.2477973622535643,0.008488443048521971,0.6553831395158309
663968,2025,R,0.2852351263249939,0.08946476082292418,0.27028910209432444,0.00865733277951773,0.631588804220858
666139,2025,R,0.33230757881430967,0.08260273029720046,0.23932560022382227,0.008547871881976732,0.6695237980559249
666018,2025,R,0.328693813179384,0.10445409413099464,0.22432245587099117,0.008798527156877784,0.6624249229655063
668715,2025,R,0.3023847095177475,0.09399043215607428,0.23022166879240874,0.013939557878575395,0.661848341034097
682829,2025,R,0.3276308451477342,0.09537645347503068,0.2958162578695176,0.008596961612578856,0.6002103274948988
609280,2025,R,0.31404873619952606,0.04615649810494526,0.1466236134673739,0.0119187975831097,0.7953010898878918
683734,2025,R,0.3309834486116205,0.061250084149117805,0.18600511276526896,0.012538714709127818,0.7402060882584329
668930,2025,R,0.315853311401916,0.11401593659290345,0.18059575576568976,0.008732124666504913,0.6966561829532986
694192,2025,R,0.30659968781305663,0.06877313983472168,0.22757886448677667,0.011883422390736453,0.6917645728704805
592885,2025,R,0.36439592920326896,0.11196049494499512,0.2252239553157418,0.008661166512326972,0.6541543832935465
643376,2025,R,0.3229247234234438,0.09237140058051668,0.20307206832878555,0.013522942343673345,0.691033588672156
687401,2025,R,0.3033721865890892,0.09693365012525167,0.22649296952101636,0.013606411327909957,0.6629669689004558
663368,2025,R,0.2986765583105988,0.13693552224511926,0.25238638487918424,0.009303962310566025,0.6013741305477953
702332,2025,R,0.25475182782174005,0.06808547609814176,0.2965904226444389,0.012976532728067411,0.6223475689297302
680574,2025,R,0.29575942614724443,0.10185004639633469,0.29362540525232944,0.014244677917408225,0.5902798697618206
663886,2025,R,0.31153511854086563,0.09931526182207522,0.24440502546109336,0.013375500691943801,0.6429042115197421
663647,2025,R,0.32118091122595144,0.07186002397124329,0.20278369956706285,0.013066975286302043,0.7122893010598472
686217,2025,R,0.3036139121205598,0.12113772793042739,0.1472556266428509,0.00858959049101109,0.7230170547247544
655316,2025,R,0.29888140673827307,0.10958792153735444,0.2235996926203941,0.014035486210183098,0.6527768994684507
686555,2025,R,0.27761450169150487,0.1217666524332649,0.3131913654960699,0.009159952448199567,0.5558820298218652
641343,2025,R,0.32063802808749853,0.12076132001003283,0.26626132296945665,0.008718008998956491,0.604259347731996
624431,2025,R,0.2929564902569255,0.06387388353055604,0.18070989417764927,0.011264444243750707,0.7441517783759122
666158,2025,R,0.3204553527452054,0.10985460612785355,0.22023797401269096,0.00854726868055872,0.6613601514813287
682622,2025,R,0.28737275288088454,0.06087050253554599,0.2512978087180134,0.012394987500846787,0.6754367014267457
670770,2025,R,0.32001908723374173,0.11676790471167604,0.17767043930155013,0.008670762394382452,0.6968908928120294
683083,2025,R,0.2778459648041189,0.12742815246646416,0.2592815103974783,0.008988592187412936,0.6043017451028707
690987,2025,R,0.2852351263249939,0.08946476082292418,0.27028910209432444,0.00865733277951773,0.631588804220858
691781,2025,R,0.25475182782174005,0.06808547609814176,0.2965904226444389,0.012976532728067411,0.6223475689297302
656180,2025,R,0.2999247469620463,0.0795602296775773,0.2969617958424592,0.013532007041287071,0.6099459668717446
671277,2025,R,0.33275860114885997,0.054793324254280504,0.15192695675103193,0.006972183696604466,0.7863075351589691
686611,2025,R,0.2976524168157052,0.0790303549222036,0.24371463602983204,0.01329208298051322,0.6639629264635847
681460,2025,R,0.30656532025163424,0.07470943472265856,0.2470335957874168,0.008283770965825988,0.6699731983730073
700337,2025,R,0.2852351263249939,0.08946476082292418,0.27028910209432444,0.00865733277951773,0.631588804220858
678246,2025,R,0.30064846086049624,0.1084126981652724,0.2161033531732618,0.013938931906590095,0.6615450159399086
695578,2025,R,0.3570930680108245,0.12663079856556425,0.2757325121749425,0.00880935403745076,0.588827335823586
696285,2025,R,0.28577468004024087,0.09024282721063535,0.2075797820331455,0.013100173055255716,0.6890772182151066
805367,2025,R,0.25475182782174005,0.06808547609814176,0.2965904226444389,0.012976532728067411,0.6223475689297302
572191,2025,R,0.28002079801572877,0.0686003948346726,0.30117580932252264,0.01305134940441383,0.6171724468506955
695734,2025,R,0.2852351263249939,0.08946476082292418,0.27028910209432444,0.00865733277951773,0.631588804220858
666150,2025,R,0.29123995005103304,0.08281231893884126,0.21025176454263267,0.008420315352279547,0.6985156010245682
672820,2025,R,0.29892249777497537,0.04873025089021453,0.20570640561778114,0.012452228890529958,0.7331111141809901
605137,2025,R,0.3533465167644895,0.08627114844208497,0.19338095076471976,0.008294001408918955,0.7120538992023803
682928,2025,R,0.32621113309759914,0.06224104097235552,0.18384952205128208,0.007961235131730828,0.7459482018741443
695657,2025,R,0.2852351263249939,0.08946476082292418,0.27028910209432444,0.00865733277951773,0.631588804220858
691019,2025,R,0.2852351263249939,0.08946476082292418,0.27028910209432444,0.00865733277951773,0.631588804220858
663538,2025,R,0.315218475727858,0.06823444018092263,0.12314616573735239,0.012616571723496684,0.7960028231923928
624512,2025,R,0.2891076615354192,0.08024934305341862,0.20876987380153492,0.007982568943945353,0.7029982140939789
650489,2025,R,0.29284565874632307,0.07019323395462,0.2594385360173349,0.008474194001549444,0.6618940364926871
457759,2025,R,0.33674106357353584,0.0775092927132085,0.16122938657620597,0.013229750909481733,0.7480315691656242
691718,2025,R,0.29312412415011635,0.04802011268728462,0.26914539849918767,0.007676130513854284,0.6751583585656044
694208,2025,R,0.2852351263249939,0.08946476082292418,0.27028910209432444,0.00865733277951773,0.631588804220858
673548,2025,R,0.33718383781225797,0.10791663861078829,0.24276733030279504,0.014463648813035239,0.6348523829666182
663656,2025,R,0.39102012959155263,0.09717542343579226,0.16106475633014997,0.008034443228054144,0.7337253770976171
682634,2025,R,0.26784389803627484,0.06538807303682502,0.26857886574472684,0.012600738638556905,0.653432322337432
683737,2025,R,0.3374095063774756,0.12409046121628522,0.26660231312878624,0.008926452870892325,0.6003807725775363
669357,2025,R,0.3365887586668716,0.0961337656437189,0.32250025011798383,0.008771810318289464,0.5725941735481609
671056,2025,R,0.3069346717468354,0.09064057100455461,0.2479953680996748,0.013782387156399765,0.647581673571241
665877,2025,R,0.2911977351854308,0.10381294702063057,0.16889878898745145,0.01401796667413829,0.7132702974529442
701675,2025,R,0.2852351263249939,0.08946476082292418,0.27028910209432444,0.00865733277951773,0.631588804220858
687363,2025,R,0.30542931151245534,0.09315715877371059,0.24452523584902408,0.008258599202519704,0.654059005803206
650968,2025,R,0.28076459159377387,0.030743382354551367,0.16180879130066905,0.010303802435892625,0.7971440243885416
699625,2025,R,0.2852351263249939,0.08946476082292418,0.27028910209432444,0.00865733277951773,0.631588804220858
691023,2025,R,0.30974124161934946,0.057976218715532185,0.2548716733029168,0.0113442500521745,0.6758078585081446
695336,2025,R,0.2713863027317551,0.05205174091717803,0.2591699938200385,0.012408517950639303,0.6763697478020718
621020,2025,R,0.31656185321563524,0.0780883072628735,0.2447860337460708,0.013099414020498955,0.6640262456304011
664023,2025,R,0.3304505013605364,0.11659711915177946,0.2705653929674683,0.00892818451760668,0.6039093033544133
592206,2025,R,0.3168765497900513,0.04980752763444326,0.24556406594684665,0.012097099439367338,0.6925313069979536
642215,2025,R,0.28124260965781855,0.08259792976696557,0.30711644781830993,0.013421047110142928,0.5968645749969299
680777,2025,R,0.296916335336771,0.07464675192636727,0.2822985309084315,0.013056619085578099,0.6299980979103839
668885,2025,R,0.2867066919817072,0.09901248581716765,0.20659629048341108,0.013336366333736962,0.6810548572704054
681546,2025,R,0.3199547580020458,0.12127274131707867,0.32678070631897377,0.009141505265149995,0.5428050473976666
664761,2025,R,0.3313347940761459,0.06357705481667117,0.1927024976792346,0.012145593776479934,0.7315748535301576
547180,2025,R,0.3922025315776383,0.09460727955652305,0.21717456026584175,0.008443689225682664,0.6797744714628868
656941,2025,R,0.3709577732538053,0.11564179888478224,0.28465745694488925,0.009009616064668385,0.5906911280666757
665019,2025,R,0.3198676558755274,0.08653406500648371,0.24745824293672103,0.008725102694996024,0.6572825897891093
668904,2025,R,0.3278476136791377,0.06492202924117184,0.21304042140306315,0.012156453736377283,0.7098810958602652
543877,2025,R,0.2994497737745919,0.06234966563570991,0.17704377436198537,0.012734684363027163,0.7478718757020298
680837,2025,R,0.2852351263249939,0.08946476082292418,0.27028910209432444,0.00865733277951773,0.631588804220858
663616,2025,R,0.3420672320187706,0.10180987918925075,0.2770561348616786,0.008766031973931734,0.6123679542548461
686797,2025,R,0.29417097014777843,0.06154556285412767,0.16025790232559067,0.007634208700767864,0.7705623255555203
805249,2025,R,0.25475182782174005,0.06808547609814176,0.2965904226444389,0.012976532728067411,0.6223475689297302
665561,2025,R,0.2850767453709168,0.08039763512129026,0.19363468949375717,0.008327226215684715,0.7176404496403165
681082,2025,R,0.32869186462968714,0.09535950901206881,0.15984050304644679,0.008124002838222998,0.7366759858360235
596146,2025,R,0.3636198534759294,0.0922348105077223,0.17457535672978589,0.00798010408249624,0.7252097286251559
669016,2025,R,0.3321305464423721,0.10275278876073694,0.284082727383359,0.008914028444052665,0.6042504554222179
607208,2025,R,0.3214825419350932,0.06574394718426614,0.20354410952850183,0.012573227694064064,0.7181387153412211
681297,2025,R,0.34881072804352586,0.1200130360023448,0.2634014498212387,0.00898426937856608,0.6076012445674983
687637,2025,R,0.2852351263249939,0.08946476082292418,0.27028910209432444,0.00865733277951773,0.631588804220858
663624,2025,R,0.33747414531223996,0.048367897569978384,0.23588390915276153,0.01158372734768993,0.7041644666223409
668939,2025,R,0.3575850744499923,0.10478347223639232,0.15796352256935486,0.00877340709480004,0.7284795976755487
519317,2025,R,0.347221110364584,0.06867952386219202,0.3020966923303475,0.013099750629948092,0.6161240334848952
641355,2025,R,0.3395590595025281,0.08410550857702305,0.22322283728469727,0.008744056675521222,0.6839275977845014
592450,2025,R,0.3853604547403507,0.09012025521464127,0.31281604252600853,0.012935454297427807,0.5841282489004037
700250,2025,R,0.3417929267049472,0.11186590566674606,0.24791565653403635,0.008589798006858615,0.631628639965059
641933,2025,R,0.31788064166417757,0.07600821907424361,0.30248662123071834,0.013452128524191602,0.6080530303469419
683002,2025,R,0.3789317475477728,0.0988939438244593,0.2216495601029844,0.008252927791702036,0.6712035680501107
676059,2025,R,0.3202436727709719,0.06978805686297392,0.24140370436775802,0.012292738303748977,0.6765154998649504
702616,2025,R,0.31322568405349266,0.10605150142086758,0.26529445469456137,0.008720052825066717,0.619933991294892
663757,2025,R,0.331861539653888,0.14227718333324557,0.25733517138827955,0.009198407670416638,0.5911892378350773
665862,2025,R,0.32983324861265045,0.08951160925615993,0.24432914347829676,0.008674100074037246,0.6574851472690344
641857,2025,R,0.3297972173168726,0.10152304612581275,0.2984301952829428,0.008908498725915169,0.591138259275579
691723,2025,R,0.23244030185529468,0.07374434020389374,0.368371515822265,0.013024458206157078,0.5448596858938759
683011,2025,R,0.3002329257338931,0.08605571052556128,0.23640595239235057,0.01358906831860242,0.6639492690021831
669224,2025,R,0.33455093847210743,0.08855693260012931,0.22608688133100036,0.00843980840797425,0.6769163774482396
676609,2025,R,0.26292762012700616,0.07700953521813528,0.2409568378747895,0.013483478835683774,0.6685501485436693
660844,2025,R,0.280368141394116,0.15385404373177453,0.29226577778641233,0.009395331233976371,0.5444848468718876
641487,2025,R,0.33767490247104465,0.1292375534105556,0.17702533794942557,0.008844844186689597,0.6848922645131275
670042,2025,R,0.3330138223638167,0.08639184445908785,0.2831675257895191,0.008355372073732457,0.6220852578600713
660271,2025,R,0.395974894387168,0.09588137029180238,0.25293148415982647,0.00847938127060934,0.6427077632881679
666163,2025,R,0.30229555927046164,0.11469951749266315,0.24962261686175233,0.008788166926883677,0.6268896987988887
808975,2025,R,0.2852351263249939,0.08946476082292418,0.27028910209432444,0.00865733277951773,0.631588804220858
641598,2025,R,0.3230039703345179,0.10845088908738525,0.27000306180968814,0.0142481374665198,0.6072979113359637
553993,2025,R,0.3118914084449416,0.08534842030818898,0.28033161937287365,0.013961802247823762,0.620358158259529
663728,2025,R,0.3370161031102633,0.08581739936382936,0.2704783638967056,0.008570115878967515,0.6351341205363351
668227,2025,R,0.3159135357535135,0.08668270245185583,0.24717775263120978,0.013927188961362807,0.6522123560986783
670156,2025,R,0.3129969516376725,0.1312341269720295,0.21016945456539,0.009074909389229847,0.6495215088430065
571771,2025,R,0.31166118987544034,0.06793374191629915,0.20298548864875157,0.012736515837878102,0.7163442537700195
681624,2025,R,0.30534307523659776,0.06572422963481045,0.24993248725302045,0.013070143469658402,0.6712731398712992
624424,2025,R,0.34110376358869676,0.1059393221214674,0.23977594261546242,0.008827194587380053,0.6454575404820719
606192,2025,R,0.3280754039388966,0.06876105139066475,0.2813049340798002,0.013118422791973798,0.6368155913813915
687221,2025,R,0.2852351263249939,0.08946476082292418,0.27028910209432444,0.00865733277951773,0.631588804220858
702284,2025,R,0.2852351263249939,0.08946476082292418,0.27028910209432444,0.00865733277951773,0.631588804220858
518692,2025,R,0.38280154268222855,0.08005327166003644,0.18170245623542586,0.008370123037397023,0.7298741489445233
605141,2025,R,0.3573179414346188,0.09456007022927583,0.14628321293320098,0.013718586545011834,0.7454381296549809
687515,2025,R,0.25475182782174005,0.06808547609814176,0.2965904226444389,0.012976532728067411,0.6223475689297302
680862,2025,R,0.25475182782174005,0.06808547609814176,0.2965904226444389,0.012976532728067411,0.6223475689297302
691777,2025,R,0.25475182782174005,0.06808547609814176,0.2965904226444389,0.012976532728067411,0.6223475689297302
668709,2025,R,0.33012941923369893,0.12152052898227984,0.219591405360122,0.008491912190875516,0.6503961524468861
695391,2025,R,0.29210606121801036,0.10091069881622805,0.23724840586790852,0.013798140950352061,0.6480427542145125
695506,2025,R,0.2852351263249939,0.08946476082292418,0.27028910209432444,0.00865733277951773,0.631588804220858
663697,2025,R,0.31252605674840805,0.11034527529946643,0.22821285057479881,0.01440224954828353,0.6470396247995998
670231,2025,R,0.2852351263249939,0.08946476082292418,0.27028910209432444,0.00865733277951773,0.631588804220858
686681,2025,R,0.327204160039608,0.060882658128912547,0.18946711522929463,0.008002856259668062,0.7416473706662426
624428,2025,R,0.3237824909615864,0.09573021059005365,0.13571068840646336,0.00841539352027754,0.7601437067228172
695600,2025,R,0.2852351263249939,0.08946476082292418,0.27028910209432444,0.00865733277951773,0.631588804220858
573262,2025,R,0.3420145026475946,0.1168202350524539,0.23884009927266192,0.008973982346151032,0.6353656828684314
521692,2025,R,0.33982999083669974,0.023312047534093962,0.20625652885682588,0.011664990106472478,0.7587664327586153
686469,2025,R,0.3818437891577336,0.07837479562862608,0.12450717603881634,0.007804291641464314,0.7893137366337136
677951,2025,R,0.357970666406664,0.051011361323233494,0.18160302153366567,0.012115352373759386,0.7552702653506985
672580,2025,R,0.3284304796740752,0.08510270324926701,0.181022528074172,0.012776391990404567,0.7210983769307641
686668,2025,R,0.28799441688565763,0.06268522726344515,0.3019299333266049,0.012434444730606996,0.6229503941453437
687597,2025,R,0.26698002943820326,0.058272847768585025,0.3084392727969771,0.012016158736019706,0.6212717206713084
688760,2025,R,0.25475182782174005,0.06808547609814176,0.2965904226444389,0.012976532728067411,0.6223475689297302
672275,2025,R,0.3304303505574919,0.10291133390235224,0.22749128789870257,0.008431869747517052,0.6611655094168922
808982,2025,R,0.33738065139565526,0.09015844356230068,0.13257964744368012,0.008166456213010919,0.7690954528857457
805811,2025,R,0.2852351263249939,0.08946476082292418,0.27028910209432444,0.00865733277951773,0.631588804220858
656305,2025,R,0.33838485025039733,0.09946139113284799,0.2679049995085763,0.01400596830007387,0.6186276408334327
646240,2025,R,0.37329338872768403,0.06012492718834403,0.20588636353755613,0.00804533718027069,0.7259433719893539
671218,2025,R,0.3151561184004578,0.07196800699231122,0.2670853271881508,0.012904306977462802,0.6480423585242542
696100,2025,R,0.29324193023816403,0.04551757138414593,0.28873498056202646,0.011628499891971688,0.6541189483699982
678662,2025,R,0.2826548237078228,0.03911119044521576,0.2726793609055759,0.012243412555442788,0.6759660359586033
690022,2025,R,0.25475182782174005,0.06808547609814176,0.2965904226444389,0.012976532728067411,0.6223475689297302
669477,2025,R,0.29932042359313066,0.052639791698569194,0.21158781335645446,0.01161816718117754,0.7241542277758813
687551,2025,R,0.2852351263249939,0.08946476082292418,0.27028910209432444,0.00865733277951773,0.631588804220858
683766,2025,R,0.25475182782174005,0.06808547609814176,0.2965904226444389,0.012976532728067411,0.6223475689297302
682653,2025,R,0.25475182782174005,0.06808547609814176,0.2965904226444389,0.012976532728067411,0.6223475689297302
691720,2025,R,0.25475182782174005,0.06808547609814176,0.2965904226444389,0.012976532728067411,0.6223475689297302
692585,2025,R,0.2852351263249939,0.08946476082292418,0.27028910209432444,0.00865733277951773,0.631588804220858
642715,2025,R,0.3049257479647006,0.07723423014247882,0.2704569273291082,0.013293198595062028,0.6390156436310096
527038,2025,R,0.31554139315122226,0.07697078513972297,0.14417668558692834,0.013003231719903098,0.765849297894676
543510,2025,R,0.2838218213165895,0.05083336251630348,0.26554115717771226,0.012180413526621322,0.6714450669230341
694374,2025,R,0.25475182782174005,0.06808547609814176,0.2965904226444389,0.012976532728067411,0.6223475689297302
672695,2025,R,0.3126211678287772,0.14615911315838717,0.18860617765775245,0.009046798745863168,0.6561879099782948
691783,2025,R,0.2407234254461356,0.08282547117864639,0.33454030312638594,0.013201992082229318,0.5694322336262692
672515,2025,R,0.3273720190852841,0.09834203345287082,0.17742576085570555,0.014188745009618265,0.7100434603811294
678489,2025,R,0.28737658461391075,0.08105071813720637,0.2293993731545672,0.008431056752904155,0.6811188528741616
669200,2025,R,0.23993601326074795,0.08360136660907104,0.3216327372818219,0.013620272891122288,0.5811456227110582
701538,2025,R,0.3744130163493162,0.06051104345373373,0.16295189889464815,0.007640777975740961,0.7688962791409766
695238,2025,R,0.31579424527203387,0.10293680871180891,0.2302690537062738,0.008742692636831004,0.6580514448902971
656811,2025,R,0.3451255442012022,0.08232871045285618,0.21859921407177285,0.008365947847638788,0.6907061276607078
669369,2025,R,0.28299650889587197,0.10026778231137555,0.24242358111814777,0.008443197750390027,0.6488654386256169
664983,2025,R,0.2946830234605935,0.08151034251695387,0.1947876702528184,0.008144392039782965,0.7155575950045944
677950,2025,R,0.31371459168622934,0.083045913697942,0.20496584143581756,0.008309690183459782,0.7036785543068558
545121,2025,R,0.3034707532178571,0.08566260048990343,0.10904887872497765,0.007760565380111602,0.7975279555605309
666023,2025,R,0.29374595369206047,0.06633322397834189,0.21373701393741779,0.012550558085515452,0.7073792036523364
578428,2025,R,0.28834830183296556,0.049207202281136765,0.12911240209400163,0.012247151849482227,0.809433244550342
630105,2025,R,0.33881228927593643,0.10685166801617488,0.17178598806625844,0.00851047561077813,0.712851868335848
657757,2025,R,0.3337009660082338,0.07905463013622253,0.19533339037700956,0.008391075027564867,0.7172209050664738
593428,2025,R,0.3279367571726692,0.0712280695007974,0.16781663891869825,0.012588744516624477,0.7483665463519955
592518,2025,R,0.36260096894098226,0.0566767033563396,0.1817282232098667,0.011992681816918134,0.7496023917265927
665487,2025,R,0.34894542427208125,0.0609674028039388,0.23744605298022117,0.01242454353814811,0.6891620006063058
621493,2025,R,0.32895920689945013,0.09569375216891157,0.23818894239778068,0.013610661314624904,0.6525066435116545
694203,2025,R,0.25475182782174005,0.06808547609814176,0.2965904226444389,0.012976532728067411,0.6223475689297302
665861,2025,R,0.2673240024273414,0.0681169820808214,0.27456655274306774,0.01318366322428611,0.6441328016148774
666198,2025,R,0.27011151935536026,0.08083265077702313,0.2536057746928446,0.01331059493146652,0.6522509794633963
695681,2025,R,0.25475182782174005,0.06808547609814176,0.2965904226444389,0.012976532728067411,0.6223475689297302
621035,2025,R,0.2946726024754596,0.10075882653971632,0.3026130311021004,0.014033043902777558,0.5825950978869276
666176,2025,R,0.29068126486713264,0.06449967545565086,0.3163104349154313,0.01339425186824803,0.6057956377357689
673237,2025,R,0.32651235736782297,0.0296847339417632,0.18006290315146048,0.010927386221064938,0.7793249759598145
605170,2025,R,0.33688893856852836,0.09751811815713826,0.19629685651610027,0.008336006840467288,0.6978490185633981
643289,2025,R,0.29122885608291604,0.04406303379839151,0.15513469587826872,0.011309313697585081,0.789492957070444
805904,2025,R,0.2852351263249939,0.08946476082292418,0.27028910209432444,0.00865733277951773,0.631588804220858
689200,2025,R,0.2852351263249939,0.08946476082292418,0.27028910209432444,0.00865733277951773,0.631588804220858
694728,2025,R,0.25475182782174005,0.06808547609814176,0.2965904226444389,0.012976532728067411,0.6223475689297302
602104,2025,R,0.30839597749398223,0.0890361990379993,0.22992740341588508,0.013306049240356376,0.6677303482720539
701358,2025,R,0.25475182782174005,0.06808547609814176,0.2965904226444389,0.012976532728067411,0.6223475689297302
660821,2025,R,0.349939994488667,0.07866064493396571,0.23885758951057667,0.008123266181246471,0.6743584989162856
681351,2025,R,0.3061486040669371,0.06444973915311075,0.2656357745778181,0.012477926936232111,0.6574365590609327
650859,2025,R,0.3003215198810179,0.08346485791407028,0.18729104269229396,0.008212875818348125,0.7210312234783557
669326,2025,R,0.2434855730201454,0.06323202273126392,0.31802475322717144,0.012731316789062579,0.6060119082924832
545361,2025,R,0.37754280851153543,0.0995662795388423,0.24837057047828054,0.0143530028838195,0.6377101467532026
571448,2025,R,0.3279556453666684,0.049288349229151054,0.15945543116090174,0.01231345363605139,0.7789427654586483
807713,2025,R,0.25475182782174005,0.06808547609814176,0.2965904226444389,0.012976532728067411,0.6223475689297302
608348,2025,R,0.30225298309408294,0.08897775219906194,0.22623245002193967,0.013509525938920918,0.6712802716733501
676475,2025,R,0.3472240953151598,0.05352182614289033,0.13508680423662353,0.007503291126354188,0.803888078524748
663457,2025,R,0.35482117633559757,0.13307862422421293,0.2049632537445645,0.008715100924632093,0.6532430208511047
621439,2025,R,0.312530255786421,0.05802519072704871,0.2842088966676394,0.012987733629826973,0.6447781789336869
664056,2025,R,0.2828248360897237,0.07500071359667337,0.24127916296165236,0.013378013946030996,0.6703421101426511
624641,2025,R,0.28523755831005626,0.04790023394105852,0.22006527045523547,0.01265533064989215,0.7193791642985451
592663,2025,R,0.3242365820798641,0.06173045835879343,0.2104961291841683,0.012971770566897436,0.7148016411222453
676812,2025,R,0.25475182782174005,0.06808547609814176,0.2965904226444389,0.012976532728067411,0.6223475689297302
669236,2025,R,0.25475182782174005,0.06808547609814176,0.2965904226444389,0.012976532728067411,0.6223475689297302
502671,2025,R,0.34304321587862735,0.08352316331773275,0.2487376134786527,0.013232639802595534,0.654506583859964
694212,2025,R,0.2852351263249939,0.08946476082292418,0.27028910209432444,0.00865733277951773,0.631588804220858
689414,2025,R,0.2852351263249939,0.08946476082292418,0.27028910209432444,0.00865733277951773,0.631588804220858
516782,2025,R,0.3104113773525429,0.04882153211744371,0.19927530830134402,0.012907419521638928,0.7389957406351444
688363,2025,R,0.2907188556742955,0.1005560562109798,0.2804604727668233,0.008744255637401466,0.6102392151266955
665052,2025,R,0.3208039500355678,0.0737549932061611,0.23849764465233186,0.00815561830109467,0.6795917439361394
687859,2025,R,0.2852351263249939,0.08946476082292418,0.27028910209432444,0.00865733277951773,0.631588804220858
595751,2025,R,0.2893931498062615,0.027532350720830264,0.31882452602870326,0.010656730325020377,0.6429863925942146
656537,2025,R,0.26339458323649717,0.06203666816846073,0.3030406161243647,0.01218882165937179,0.6227338938220845
802415,2025,R,0.2852351263249939,0.08946476082292418,0.27028910209432444,0.00865733277951773,0.631588804220858
663743,2025,R,0.3026310674995916,0.07121735231429013,0.16359312133863552,0.011886159472809032,0.7533033677728772
666624,2025,R,0.2960985359012209,0.07431763751791151,0.31579437715276365,0.012460999078375782,0.5974269864431606
676914,2025,R,0.2897400979306351,0.11318763379326187,0.3160530782954398,0.014391691165928935,0.5563675960484364
664040,2025,R,0.3489075384545067,0.08826349745946717,0.2570288738040914,0.008332190343704571,0.646375438515714
650490,2025,R,0.36341759858270534,0.09738281738973738,0.14707732727077175,0.013337810132946173,0.7422020458673818
543309,2025,R,0.30310709144573716,0.06317978729498533,0.2640838087062625,0.012274443180491567,0.6604619608429207
672356,2025,R,0.2830848051561883,0.05898581271124626,0.3236316417540452,0.011952314841157021,0.6054302308258184
671286,2025,R,0.2686006967313046,0.07434117938979538,0.32728117322140177,0.01302698595934662,0.58535066096897
456781,2025,R,0.3075456685867941,0.06787258870845828,0.2139905487485854,0.013111620432274443,0.7050252424637877
665966,2025,R,0.26989433551814623,0.0742585733378687,0.31557453719056844,0.013313321634172991,0.5968535678556978
681987,2025,R,0.26205541053107917,0.07062878463579289,0.2537263930249227,0.01281509912143123,0.662829723229189
608701,2025,R,0.3109733945526288,0.0961160937619569,0.2387029737499822,0.013626036969111865,0.6515548953191029
642201,2025,R,0.254422612391584,0.08815726050130002,0.33260499838409735,0.01358744266149378,0.5656502981655551
668804,2025,R,0.3495593214372885,0.10043291910233682,0.22751102000706128,0.008420170536318288,0.6636358902105215
680779,2025,R,0.2892262171926989,0.08684871224361114,0.29326211319920403,0.013710088041698794,0.6061790864291932
689172,2025,R,0.3001620681963596,0.09192231492669896,0.21546015287429315,0.008419416600130266,0.6841981147781439
804668,2025,R,0.25475182782174005,0.06808547609814176,0.2965904226444389,0.012976532728067411,0.6223475689297302
672724,2025,R,0.2684316885415687,0.07425376489838031,0.27845850933210053,0.012993890118489915,0.634293835564455
572233,2025,R,0.3344289276315282,0.07619946541731536,0.23792586121733225,0.013149521514639894,0.6727251515109691
666211,2025,R,0.28855186439278735,0.11035643078163278,0.3317030004354944,0.008867389847832915,0.5490731786405126
621043,2025,R,0.335656964339513,0.0739004652970434,0.2167655623011973,0.012519601076422603,0.6968143707227002
670623,2025,R,0.31815222219790373,0.09130405007748515,0.1699669032483125,0.013957830436642988,0.724771215726146
514888,2025,R,0.30460263306776075,0.059694404470840366,0.14682939604347908,0.012251994149062093,0.7812242052894115
666126,2025,R,0.2852351263249939,0.08946476082292418,0.27028910209432444,0.00865733277951773,0.631588804220858
687231,2025,R,0.2842939146548538,0.07264319530058785,0.22002609540965268,0.01267547045190701,0.6946552382086126
671732,2025,R,0.32875520761499444,0.09846940657764461,0.24980025143724005,0.008592855332551034,0.6431374862387975
805779,2025,R,0.28144410301747663,0.05880819779287489,0.13537249033052173,0.011889282902579268,0.7939300290699213
667670,2025,R,0.3274152680347937,0.07307518789161277,0.3008001286501318,0.013161834671660842,0.6129628486965333
691016,2025,R,0.32752447907000815,0.08453852770132704,0.25954221438375735,0.008223847529711625,0.6476954097753198
669127,2025,R,0.31012812659938893,0.06234773039528934,0.28750351587945444,0.012506334308752719,0.6376424196846379
701762,2025,R,0.2852351263249939,0.08946476082292418,0.27028910209432444,0.00865733277951773,0.631588804220858
680474,2025,R,0.2818400654109637,0.10875597981328396,0.2618467736834819,0.013785195661423204,0.6156120505938867
666181,2025,R,0.3003167144829957,0.1271462896179758,0.33446566898061764,0.008987458859490123,0.5294005826270837
701398,2025,R,0.25475182782174005,0.06808547609814176,0.2965904226444389,0.012976532728067411,0.6223475689297302
680728,2025,R,0.3066979160513167,0.09325685095411199,0.2738652406796471,0.008780763071823218,0.6240971453357036
650333,2025,R,0.35036611504637266,0.09302749725327969,0.07172614015534294,0.007993808571197037,0.8272525547214845
663731,2025,R,0.25353853783050384,0.0704441664516927,0.3111294871887009,0.013119784655977688,0.6053065613323168
677942,2025,R,0.2748925924182067,0.07036451027851845,0.2760396735350775,0.013060782026985131,0.640535034017073
695670,2025,R,0.25475182782174005,0.06808547609814176,0.2965904226444389,0.012976532728067411,0.6223475689297302
669242,2025,R,0.3024390955364623,0.08885570741765456,0.17202330751278552,0.008098497187440967,0.7310224874923806
500743,2025,R,0.29777983442675277,0.06142358726165105,0.13929738805686123,0.012278200576713336,0.7870008237221635
669743,2025,R,0.30476967677748107,0.11758169967991522,0.20702645997521849,0.014411296713326966,0.6609805439309238
593871,2025,R,0.3453276956367052,0.10542169201970086,0.19622396278288634,0.008692547495316104,0.689661797073354
677594,2025,R,0.33393404859105946,0.05346410481340636,0.2550269469115688,0.012314604196414851,0.6791943439653058
686527,2025,R,0.32359123569522974,0.058391814590765825,0.23647170194399603,0.00814192469382436,0.6969945584448152
668800,2025,R,0.2761434206062261,0.06008642772565963,0.24417149043027359,0.012143546714804873,0.6835985349662279
663853,2025,R,0.3025459943110215,0.05706842029932206,0.26873915030239537,0.012035676248453742,0.662156752756371
608324,2025,R,0.3410037347614248,0.0983570623227158,0.14397788158679858,0.01332506478379005,0.7443399918424436
693307,2025,R,0.28434295667836923,0.054067679249288805,0.26212841504945356,0.012672921133562543,0.671130984487696
682985,2025,R,0.35993278346909274,0.10228184847365548,0.2467279078854474,0.008812415826538236,0.6421778278126965
679529,2025,R,0.33308315971147756,0.08761405593399843,0.2322349942108984,0.013655490878061102,0.666495459392138
650402,2025,R,0.31968457026582175,0.07686593057596802,0.21276266333531846,0.012903386892055693,0.6974680192794981
666397,2025,R,0.32246848469788675,0.15607124134379402,0.29503877637687653,0.009056821642463634,0.539833160820551
666185,2025,R,0.29757885855894967,0.09710941185435998,0.2324277972992081,0.008825302614744332,0.6616374879902748
620443,2025,R,0.29676984934315676,0.08700261938025416,0.23574676932867275,0.013232993109760553,0.6640176179449456
683146,2025,R,0.3352119513020296,0.08691408238637188,0.23245259283413153,0.008457332215616129,0.6721759921981154
661388,2025,R,0.3236466198655064,0.07854376333548393,0.24296363043800737,0.013045427718234182,0.6654471788434957
682998,2025,R,0.35514877139854323,0.10877925674895661,0.18562270672974235,0.008502152295368355,0.6970958845977224
606466,2025,R,0.34074886237920815,0.09220431891059408,0.17152915748872968,0.008300980713169323,0.7279655433832467
694384,2025,R,0.3156535700064119,0.11754231009356625,0.15025372581049196,0.008183654007803468,0.7240203103377276
647304,2025,R,0.3591417886205484,0.05892740061248038,0.14624556126435073,0.007369935909506922,0.7874571022123494
686780,2025,R,0.2839353991924073,0.06028048370610715,0.25387548837925755,0.012538754849112137,0.6733052731631569
687529,2025,R,0.29278666047155255,0.08379153873621298,0.3256446318775133,0.008596853083852251,0.5819669758650677
690924,2025,R,0.25475182782174005,0.06808547609814176,0.2965904226444389,0.012976532728067411,0.6223475689297302
665953,2025,R,0.289562182594177,0.06258693153526525,0.23634198268745132,0.012537776512359553,0.6885333091674327
657557,2025,R,0.29365847938269957,0.06371736101559625,0.27627474193631074,0.013310785502030995,0.6466971103551865
683770,2025,R,0.2852351263249939,0.08946476082292418,0.27028910209432444,0.00865733277951773,0.631588804220858
622761,2025,R,0.2938879738105284,0.05753284227993518,0.24574374299679805,0.011715835184695997,0.685007579677725
656577,2025,R,0.24856761003509814,0.05498631673189049,0.38581907990451486,0.013045673590639182,0.5461489298145301
595978,2025,R,0.2546184532419957,0.05529123546812208,0.2836083035348248,0.012728401249855815,0.6483720595495227
623168,2025,R,0.28099711085903645,0.09312236643349488,0.18796240847008017,0.008538901061139678,0.710376323697549
678554,2025,R,0.2940940192533314,0.05746395595935341,0.20750404800086214,0.012045674235085615,0.7229863210004929
669701,2025,R,0.32583526975088634,0.12260798856634719,0.22279978706903222,0.008705338273477078,0.6458868860740502
645302,2025,R,0.275798315213697,0.07171326330477389,0.23714112828187173,0.012898292090772269,0.6782473163302756
666160,2025,R,0.3016641372988375,0.05529789322968327,0.28978223731146113,0.008177802901963311,0.6467420671482812
660162,2025,R,0.33278974490766355,0.10950131373157847,0.28043369373191723,0.008977872741848861,0.6010871203351159
545341,2025,R,0.3159829943755145,0.05197910182995708,0.2506489208807414,0.012501210561427705,0.6848707668593584
663330,2025,R,0.27950623091138654,0.0957669235194109,0.2960257076288893,0.013705319551529609,0.5945020490296483
657656,2025,R,0.3021111054987601,0.08074422396706832,0.26683043800225026,0.013565709849338138,0.6388596276210994
680977,2025,R,0.35070149909021886,0.11575424342530655,0.15252814158962402,0.008674646023632687,0.7230429689116762
676694,2025,R,0.2996663664126184,0.07767207910549385,0.2440739540088908,0.012308377695454138,0.6659455891104689
606115,2025,R,0.2827258831033804,0.05915045774245562,0.20242360781870428,0.012430263170164418,0.7259956712816499
571970,2025,R,0.3633593269779392,0.1508969946461293,0.26289633615827174,0.009320661024513776,0.5768860079700249
678877,2025,R,0.2912168791529061,0.042470450111653214,0.2773585100492644,0.012290875096983593,0.6678801645439084
694388,2025,R,0.28027554452105596,0.07873833573741401,0.3049568780934062,0.008485331390243043,0.6078194546565067
642708,2025,R,0.29079218961895875,0.0457563739066324,0.19098237050792116,0.012036760782910046,0.7512244949119737
571657,2025,R,0.28868277795974473,0.051158702657759694,0.2030645280861805,0.012352445490898511,0.733424323537527
694671,2025,R,0.3347048083716362,0.09212097742929583,0.22455332092995575,0.01334429463092305,0.6699814071374511
686475,2025,R,0.25475182782174005,0.06808547609814176,0.2965904226444389,0.012976532728067411,0.6223475689297302
553869,2025,R,0.2957242177501972,0.06136556881844845,0.2155941288158668,0.012810370637310272,0.710229931659795
666464,2025,R,0.30146681904101547,0.06137269033139798,0.30052124340639513,0.012013259157172199,0.6260928061558408
691176,2025,R,0.3124239532611464,0.09227459716908948,0.25060593089158684,0.008309981257452513,0.6488094909960865
663897,2025,R,0.260577905002898,0.07268788931688556,0.2638422036290789,0.013094730097939178,0.6503751770759008
645277,2025,R,0.3140274450020371,0.05852606979777802,0.18958726438030324,0.008330384962663855,0.7435562807331993
660644,2025,R,0.2911345574952174,0.09274889419392687,0.1926391503036611,0.008159037718129968,0.7064529175681524
643217,2025,R,0.3382765071788266,0.08579702569898441,0.17458510533205426,0.008365345322978713,0.7312525241903446
656555,2025,R,0.3350236974413541,0.09976194993309413,0.25341372773857296,0.014367184777508332,0.632457138270336
667472,2025,R,0.3041162957233303,0.0791613404966736,0.26953316553084905,0.013222805660136967,0.6380826890991839
640902,2025,R,0.26355555295484084,0.07435870474573839,0.28237733599837195,0.012815727659907761,0.6304482315166949
807712,2025,R,0.25475182782174005,0.06808547609814176,0.2965904226444389,0.012976532728067411,0.6223475689297302
690291,2025,R,0.30052871065148556,0.11288340966524894,0.27261741815111806,0.008946308127359201,0.6055528631535413
506702,2025,R,0.2683102823219933,0.08501982556992131,0.27482113069300823,0.008947879293550441,0.6312111644064281
669720,2025,R,0.30622955499631194,0.05636150222931021,0.21549737321139803,0.012000351771098768,0.7161407724786538
682668,2025,R,0.2843558946505687,0.06366013597930048,0.2539535574811907,0.012850719727082193,0.6695355869297422
643565,2025,R,0.3250825408658271,0.13574562369950965,0.23932818463070402,0.009182636163766909,0.6157435550481661
665161,2025,R,0.3007732388425363,0.052120347718515106,0.2093118982808812,0.011920689652680526,0.7266470640937728
664034,2025,R,0.32430461879642775,0.06906236889812536,0.1898487690103853,0.012991638987245212,0.7280972229844985
680577,2025,R,0.293424567930828,0.09509751900271136,0.24894003518263463,0.00862662307498245,0.6473358222975508
671289,2025,R,0.3105575939116409,0.07492485768690463,0.15226676391196453,0.013080310763798328,0.7597280684053361
680869,2025,R,0.286061653974885,0.07518679826348883,0.28945741310653944,0.01294510338764824,0.622410684561831
681508,2025,R,0.29826703161730533,0.11780892811226855,0.24520399271431267,0.008888176362575013,0.6280989031661892
681807,2025,R,0.293651783116473,0.065923719334767,0.23988776775607332,0.012854810368478669,0.6813337021932517
677592,2025,R,0.27185583563361293,0.07438387208164572,0.3397250612758422,0.012984244931653873,0.5729068219697058
571912,2025,R,0.2700122125367631,0.08299557598239636,0.2701698417173222,0.013640586576013077,0.6331939956039491
664238,2025,R,0.29486556512705864,0.11040629414149239,0.2790618274281106,0.0141151875099148,0.5964166906891634
676679,2025,R,0.25003436373692933,0.05702429246782036,0.30919049975715046,0.01245792372808381,0.6213272836807794
690993,2025,R,0.32812629170050583,0.08448150882152726,0.18375945108835387,0.008104373394772598,0.7236546659708218
666134,2025,R,0.3258948864644983,0.11678240920346626,0.31308504479929355,0.009284516077220247,0.5608480301946361
664728,2025,R,0.3233884219408526,0.08796565557739007,0.2004828761551015,0.008146298590544228,0.7034051699045253
670242,2025,R,0.34560223901916737,0.10676034558102293,0.3222962140202443,0.008936970471645198,0.5620064699949561
669289,2025,R,0.30179534131654084,0.07653516820097404,0.14399539601356973,0.012564671820417019,0.7669047641126002
686894,2025,R,0.2788534926304798,0.0822519873514205,0.28823714952559226,0.01341462486439438,0.6160962385798086
670541,2025,R,0.4262261112176095,0.08775144006832841,0.19626847598465383,0.008386817935506856,0.7075932663087995
575929,2025,R,0.31221320065684366,0.0638128099504142,0.2665142064307495,0.013010367110663928,0.6566626162588305
683748,2025,R,0.2852351263249939,0.08946476082292418,0.27028910209432444,0.00865733277951773,0.631588804220858
691185,2025,R,0.25475182782174005,0.06808547609814176,0.2965904226444389,0.012976532728067411,0.6223475689297302
678225,2025,R,0.30811579840243997,0.11314783706277476,0.2386129466679422,0.008884423689121183,0.6393547928336502
669722,2025,R,0.2852351263249939,0.08946476082292418,0.27028910209432444,0.00865733277951773,0.631588804220858
656896,2025,R,0.31705688400778703,0.06815197156151648,0.2114341716656489,0.012800668409788234,0.7076131880603098
622268,2025,R,0.291732440058535,0.08495070156854327,0.22676193253369553,0.00832626272181748,0.6799611028552337
683357,2025,R,0.2852351263249939,0.08946476082292418,0.27028910209432444,0.00865733277951773,0.631588804220858
682641,2025,R,0.29270314727268243,0.05677541469565365,0.1565151849065964,0.012106864656746038,0.7746025358387647
687478,2025,R,0.25475182782174005,0.06808547609814176,0.2965904226444389,0.012976532728067411,0.6223475689297302
642086,2025,R,0.32705235695284807,0.07127163089733848,0.2047352699124099,0.008314390226585104,0.715678709315976
679845,2025,R,0.2796603584053582,0.07986665072824048,0.18380115272744682,0.012390580461704112,0.723941615753303
596103,2025,R,0.2873145303869353,0.10130176642641701,0.31117250614188646,0.013716957111107268,0.5738087696648267
669911,2025,R,0.3131445178647671,0.10242849797090427,0.33474268219450376,0.008759668191040135,0.5540691511780511
687263,2025,R,0.30774914827840255,0.06945355828592617,0.23704313239567232,0.013156274994742548,0.6803470350983157
683090,2025,R,0.25475182782174005,0.06808547609814176,0.2965904226444389,0.012976532728067411,0.6223475689297302
518595,2025,R,0.31328634210796025,0.06507536744158211,0.21180177372570494,0.01224521038087439,0.7108776487809466
669288,2025,R,0.27459664605106726,0.08299238510849877,0.32982310794162967,0.008859159621582407,0.5783253479033921
663584,2025,R,0.25475182782174005,0.06808547609814176,0.2965904226444389,0.012976532728067411,0.6223475689297302
467793,2025,R,0.34859603940408596,0.11957092134393221,0.1870434398383055,0.008749071407570912,0.684636567319627
642350,2025,R,0.2786013010075352,0.05998811270523729,0.33515383287452066,0.01306827781544433,0.5917897767097134
641584,2025,R,0.3050415077934279,0.0982020590595548,0.21720961469700392,0.008419848894528828,0.6761684772951086
669257,2025,R,0.3361934094266671,0.09387612608189314,0.19877208787506603,0.013664148270240312,0.693687637869035
676466,2025,R,0.25475182782174005,0.06808547609814176,0.2965904226444389,0.012976532728067411,0.6223475689297302
691026,2025,R,0.30503620734769143,0.07837472646614661,0.16896185992615526,0.013155787411934603,0.7395076262411499
678894,2025,R,0.27323973325211387,0.06416484111854698,0.27443902944092746,0.012248668702785227,0.6491474608839449
691011,2025,R,0.2764413219431391,0.07730095831290185,0.2549579406094923,0.00837324236021113,0.659367858896873
682988,2025,R,0.26242128214078886,0.06686148865578073,0.3095529045061548,0.012858037073294927,0.6107275698213449
669221,2025,R,0.33148937935907424,0.08651295267923712,0.23308589719051984,0.013272197613483487,0.6671289517282863
666182,2025,R,0.35754795949445867,0.04964233930104668,0.1825956197708476,0.011827168356881204,0.7559348727712076
686676,2025,R,0.2749773697061015,0.05742469289877459,0.2877369400325458,0.011908880329740095,0.6429294867565155
682868,2025,R,0.288739589151495,0.08609942616489016,0.2767618665324658,0.013558773356518441,0.6235799338732977
687957,2025,R,0.2935329672874632,0.0870715066093873,0.24727180445471605,0.008587169576434283,0.6570695193622067
641658,2025,R,0.2649585372784996,0.08532596977034679,0.2715386765428735,0.013414918017024597,0.6297204363994284
690976,2025,R,0.2852351263249939,0.08946476082292418,0.27028910209432444,0.00865733277951773,0.631588804220858
678011,2025,R,0.2852351263249939,0.08946476082292418,0.27028910209432444,0.00865733277951773,0.631588804220858
701350,2025,R,0.2852351263249939,0.08946476082292418,0.27028910209432444,0.00865733277951773,0.631588804220858
671284,2025,R,0.25475182782174005,0.06808547609814176,0.2965904226444389,0.012976532728067411,0.6223475689297302
694359,2025,R,0.30517703552568815,0.13162033677701654,0.3352792769379916,0.009425810746678817,0.5236745750922827
667690,2025,R,0.25475182782174005,0.06808547609814176,0.2965904226444389,0.012976532728067411,0.6223475689297302
693409,2025,R,0.2852351263249939,0.08946476082292418,0.27028910209432444,0.00865733277951773,0.631588804220858
669717,2025,R,0.25475182782174005,0.06808547609814176,0.2965904226444389,0.012976532728067411,0.6223475689297302
677943,2025,R,0.25475182782174005,0.06808547609814176,0.2965904226444389,0.012976532728067411,0.6223475689297302
666971,2025,R,0.32993027247229006,0.058425589028228725,0.17819174502367563,0.011853326237905979,0.7515293391914526
691373,2025,R,0.25475182782174005,0.06808547609814176,0.2965904226444389,0.012976532728067411,0.6223475689297302
663967,2025,R,0.2782031587429806,0.07609023411611003,0.2400439836495399,0.008443610219274603,0.6754221726439501
656976,2025,R,0.34221072881777387,0.11007799501111032,0.17070564035522054,0.008247163011183686,0.7109692012209677
663604,2025,R,0.26539228133481124,0.06532619409397926,0.2940248234187956,0.01298340138047936,0.6276655807395857
608369,2025,R,0.3920325490023746,0.07224003249511511,0.18317515011502014,0.007662432300658513,0.736922384599092
605353,2025,R,0.3227050616208918,0.10260066756639312,0.18369315370248815,0.008468348509036362,0.7052378299058202
673357,2025,R,0.31715478565814753,0.04592997713092991,0.265533896569855,0.011832817453115697,0.6767033097516293
681909,2025,R,0.25475182782174005,0.06808547609814176,0.2965904226444389,0.012976532728067411,0.6223475689297302
682927,2025,R,0.2852351263249939,0.08946476082292418,0.27028910209432444,0.00865733277951773,0.631588804220858
649966,2025,R,0.29393308015134695,0.10022057476683145,0.23395418137231283,0.014108756226907378,0.6517164884599418
676801,2025,R,0.2960539267255531,0.0845562429891162,0.2626416695696169,0.013367211402753477,0.6394348750789914
686452,2025,R,0.29505465009718185,0.10750154343514191,0.2311059256285445,0.008518195625729925,0.6528743348804633
671083,2025,R,0.27379228481875456,0.10025037333196134,0.2521797796600771,0.013216970520191442,0.634352876326396
694497,2025,R,0.31225746336234084,0.1362359828025788,0.25336443329071956,0.00883331359402116,0.6015662696615243
543760,2025,R,0.31822820381142436,0.08575673989350496,0.17768848719510008,0.013387142915632184,0.7231676297119922
647351,2025,R,0.3125477028292774,0.08634110107838873,0.16907028328592139,0.008409337905619617,0.7361792781712876
645444,2025,R,0.28608942063849446,0.13758625610894132,0.23749351695224286,0.008949449143723389,0.6159707781228418
666149,2025,R,0.2714840351899449,0.07846322289350369,0.29561364682480684,0.012954549401932122,0.6129685812215011
672012,2025,R,0.283041801721975,0.10356753355619104,0.2544269971068107,0.00869090422965299,0.6333145648442832
677588,2025,R,0.31899100236734546,0.09086640453737414,0.22445821375051644,0.008283273654579157,0.6763921081153546
672642,2025,R,0.28131721294464934,0.1163193526552171,0.2899629148471603,0.009058233468672294,0.5846594989201758
669065,2025,R,0.330338837483807,0.07280351075626187,0.26742707570807345,0.00829182874631836,0.6514775846546846
656185,2025,R,0.2788415692693597,0.0963644832819469,0.24696071287583465,0.008631025953680977,0.6480437778067396
676116,2025,R,0.3261617668989226,0.14701690158938815,0.32636065635483447,0.009215163483690145,0.5174072784870902
702176,2025,R,0.2852351263249939,0.08946476082292418,0.27028910209432444,0.00865733277951773,0.631588804220858
691182,2025,R,0.2879829255407241,0.06815851697869409,0.20866966121887942,0.008083038169721921,0.7150887833391493
665804,2025,R,0.2993218772245436,0.06555355317648753,0.22391335044827831,0.012540468731720144,0.6979926277888513
570482,2025,R,0.3174106101469617,0.0487580455747737,0.17232765893527613,0.011924989187338031,0.7669893062930897
671976,2025,R,0.2852351263249939,0.08946476082292418,0.27028910209432444,0.00865733277951773,0.631588804220858
641555,2025,R,0.2852351263249939,0.08946476082292418,0.27028910209432444,0.00865733277951773,0.631588804220858
672569,2025,R,0.29324879391108055,0.07796178393090593,0.2173402731921844,0.00840442159849476,0.6962935218380583
677941,2025,R,0.25364485659886965,0.061470598037253,0.29622998782289556,0.012457118434832815,0.6298422962699346
664059,2025,R,0.2875410637245889,0.11115210372332,0.26232443143964074,0.008656457271218379,0.6178670074205068
668942,2025,R,0.314684272196454,0.11730033785910002,0.2122313705028571,0.008589280824802701,0.6618790111287385
543592,2025,R,0.3082013732648835,0.10034013758011502,0.1863787782951354,0.01340283873947283,0.6998782449435124
668845,2025,R,0.24955837705904352,0.043092175443906575,0.28537988297941097,0.011316809285207551,0.6602111323811402
542932,2025,R,0.29890503380365263,0.1084223769770382,0.23231622492562495,0.01400978313150884,0.6452516149260266
676070,2025,R,0.26929423711009887,0.10923723727338833,0.2906477286893336,0.014188135714612606,0.585926898139158
667452,2025,R,0.29130660708318945,0.08135215625026426,0.23238171964403895,0.013334574288700213,0.67293154944964
670764,2025,R,0.3000348812839001,0.13651322778197394,0.22080778723457473,0.008754886517282724,0.6339240990020399
680716,2025,R,0.26747018906157316,0.07439558692738839,0.28159837143155875,0.013059028082692764,0.6309470132600898
663837,2025,R,0.32422945669386843,0.0836216128857592,0.20047366289685775,0.01353490264751635,0.7023698213075217
642731,2025,R,0.28461145460094694,0.055673385837186305,0.2004829847405636,0.01201439747965928,0.7318292320471935
676356,2025,R,0.2747100178017719,0.06265385231022554,0.19524046365779463,0.01277891106224534,0.7293267730643395
642851,2025,R,0.27026326071254503,0.07641401788437477,0.2400390101680073,0.013502571740304007,0.6700444003002702
663586,2025,R,0.3449925930110241,0.06261741966445929,0.2583265849198445,0.012763718707431676,0.6662922770780041
679631,2025,R,0.31005382577958174,0.09876633845388082,0.21479689516728123,0.008538511319610552,0.6778982554096105
642136,2025,R,0.31523392101320913,0.1334358419575962,0.2850223906348237,0.008950448886729466,0.5725913183201697
645305,2025,R,0.2747743502879822,0.08101506675999426,0.26115684562860203,0.012653207717641104,0.6451748798250445
663536,2025,R,0.25475182782174005,0.06808547609814176,0.2965904226444389,0.012976532728067411,0.6223475689297302
679032,2025,R,0.2684488019158784,0.0547767915117415,0.2196576997876962,0.01218962417730545,0.713375884450567
670097,2025,R,0.28273338187592284,0.11529192604325833,0.2818497413590742,0.01443211637438115,0.5884262157106058
455117,2025,R,0.27027624195345323,0.07230767011478788,0.29986204661509397,0.01320762457810404,0.614622658489068
656582,2025,R,0.29305433592691177,0.10572581943372225,0.24111014944499767,0.013483812308475418,0.6396802189422546
669004,2025,R,0.3391658417315782,0.11092256284563269,0.2575216983856962,0.00890747473765901,0.6226482634739798
694376,2025,R,0.2962685331267427,0.06430443057752035,0.22894113851045222,0.012838245280045957,0.6939161855919834
669450,2025,R,0.30511043517518843,0.12772482747790026,0.2816908169531535,0.008886040619794497,0.5816983151961267
810938,2025,R,0.25475182782174005,0.06808547609814176,0.2965904226444389,0.012976532728067411,0.6223475689297302
621028,2025,R,0.2910898170208017,0.05792946522689645,0.13258167496593232,0.011953361625590452,0.797535497759628
606992,2025,R,0.28284405222932485,0.05849837459182454,0.30660879901345994,0.012790038154673474,0.6221027883663608
572138,2025,R,0.3204408356916051,0.11625253581231854,0.24824088152236806,0.008669135230951606,0.6268374481220366
677870,2025,R,0.2772781231265044,0.09471694175308411,0.2732429047971432,0.014097753689739695,0.6179423996318613
607732,2025,R,0.28893472651095964,0.0879261018281778,0.22922147390570494,0.0132483345684482,0.6696040897011897
664774,2025,R,0.3553575505656673,0.1370829139642534,0.19943124691556224,0.008869070149061655,0.6546167683885112
678391,2025,R,0.2852351263249939,0.08946476082292418,0.27028910209432444,0.00865733277951773,0.631588804220858
670092,2025,R,0.2958230804542753,0.10355193904618921,0.2490263329085629,0.008711733550587648,0.638709994150941
642180,2025,R,0.2834790676734344,0.11167138705505195,0.22704832348619422,0.008697533707467136,0.6525827554540178
665923,2025,R,0.25028139686159406,0.0688025242606609,0.23457239059081386,0.012998501356541205,0.683626584368317
624585,2025,R,0.3363608367096216,0.08221481065445023,0.27719103293797603,0.013397390447565456,0.627196765341641
691785,2025,R,0.2852351263249939,0.08946476082292418,0.27028910209432444,0.00865733277951773,0.631588804220858
672016,2025,R,0.25475182782174005,0.06808547609814176,0.2965904226444389,0.012976532728067411,0.6223475689297302
675915,2025,R,0.259240800684328,0.06719561921085948,0.28861819693404933,0.012940689886787073,0.6312454936174088
608385,2025,R,0.35263069786446016,0.11904354320063851,0.18472083963084826,0.008384758522932037,0.6878508581753648
608671,2025,R,0.29016051733927506,0.13207452028429456,0.21995644762396846,0.00879816296452785,0.639170869162338
687952,2025,R,0.30600890781533846,0.050259882548094305,0.27169188242833,0.012480156139594342,0.6655680791038409
656413,2025,R,0.2708612444422108,0.0872757625735615,0.3145992680310661,0.013417760953511833,0.5847072079795473
592192,2025,R,0.3123069503662237,0.09817555232699716,0.21167982077398398,0.014103456978606438,0.6760411699926053
685744,2025,R,0.25475182782174005,0.06808547609814176,0.2965904226444389,0.012976532728067411,0.6223475689297302
677060,2025,R,0.25475182782174005,0.06808547609814176,0.2965904226444389,0.012976532728067411,0.6223475689297302
518934,2025,R,0.3376659227605176,0.08860434615072647,0.17058771261225827,0.01311342895967552,0.7276945117881968
660688,2025,R,0.32457720540411483,0.05911432703674605,0.10145654903959513,0.007342386722869417,0.8320867371842294
677956,2025,R,0.27411460622565836,0.04557041038179399,0.29546627485475135,0.01195261590153925,0.6470106993181595
596142,2025,R,0.3203943014240326,0.06756063528434876,0.2794229687025049,0.01331151962069304,0.6397048763355033
657041,2025,R,0.3086205260265485,0.0961124287128941,0.23880116163191167,0.013569899723698313,0.651516509968063
642727,2025,R,0.2832367804779276,0.12227589037606192,0.2701741092277564,0.009200851586020367,0.5983491484764549
671221,2025,R,0.2939518569127188,0.0890102349783938,0.2947853819139001,0.008798323478592359,0.6074060590438396
657077,2025,R,0.3528642243918166,0.08821890810345032,0.14512393578556712,0.008254670830182753,0.7584024852677953
682729,2025,R,0.3007870271141592,0.09554249415963607,0.24177521446912953,0.008554674416207938,0.6541276161949409
641645,2025,R,0.3161338892171703,0.1356691068488509,0.16107167163424868,0.009074221872569422,0.6941849992049369
656541,2025,R,0.3030928195920151,0.11014672964749335,0.35490501720281853,0.009162656329606944,0.5257855962135908
644433,2025,R,0.2575858400128344,0.05036644097011662,0.2834485533294463,0.011943844917048868,0.654241160987929
681146,2025,R,0.30005428043079346,0.1079809150029919,0.18637034927417617,0.01408148953319492,0.6915672463023987
664068,2025,R,0.266092784831109,0.057770181587873774,0.30070344909977453,0.013272832373023874,0.6282535367395835
681962,2025,R,0.2529323592928201,0.08905388547345122,0.27980006169968874,0.01383397302535724,0.6173120806427679
668974,2025,R,0.25475182782174005,0.06808547609814176,0.2965904226444389,0.012976532728067411,0.6223475689297302
605244,2025,R,0.2548972797245914,0.058465490083136416,0.3059895556507998,0.012873304266499894,0.6226716498618714
663662,2025,R,0.2818849049961514,0.0819460017789556,0.2938536954771897,0.013279051738801437,0.6109212510240841
670224,2025,R,0.27310842379874145,0.092202869107206,0.30956849673855164,0.0087685005185956,0.5894601334395972
676480,2025,R,0.2506872449229386,0.05564192155323475,0.33396122280833923,0.012276037299409263,0.598120817901155
695257,2025,R,0.27675032540888606,0.05566046068809237,0.3212824333294197,0.012486871137820769,0.6105702348851039
692225,2025,R,0.25475182782174005,0.06808547609814176,0.2965904226444389,0.012976532728067411,0.6223475689297302
682515,2025,R,0.2584830013486389,0.08215318848738326,0.3172140580390539,0.013400682211354337,0.587232070936451
640492,2025,R,0.2728324167943853,0.04359559496938313,0.24241498904536882,0.011487046936942162,0.7025023692388244
664954,2025,R,0.2909411527347746,0.08059274583949715,0.2095530446471162,0.008203894009785506,0.7016503155931618
682183,2025,R,0.2852351263249939,0.08946476082292418,0.27028910209432444,0.00865733277951773,0.631588804220858
669134,2025,R,0.30239234358179196,0.05633861031484957,0.1612184248792273,0.012348838835845482,0.770094125926305
663898,2025,R,0.3131014798462747,0.06913969092543452,0.22880152160882156,0.012538881858894055,0.6895199047348937
669374,2025,R,0.2887226290146757,0.07125504103141796,0.3573646671690688,0.013763455574014307,0.5576168361076529
672279,2025,R,0.27373190739852576,0.10721470757816673,0.27124253639603885,0.008971616692805832,0.6125711397683615
641943,2025,R,0.32690468910378495,0.09252488390331724,0.19883798807297462,0.008377272187062093,0.7002598558450307
622569,2025,R,0.3053540666301918,0.09001743960773635,0.1952923582492426,0.013815421727473123,0.7008747799364539
624513,2025,R,0.2771893529607484,0.11906391866366973,0.3190047863195462,0.009245676667856565,0.5526856181590601
664913,2025,R,0.33853964999495345,0.08054753536138626,0.2400366775747725,0.008378358748988566,0.671037428345804
668723,2025,R,0.26967711962678664,0.06007136014060339,0.24303633679701503,0.012609314068667495,0.6842829888456293
665750,2025,R,0.3213322087408754,0.08586130152267912,0.2152098837456475,0.008186913471865509,0.690741901461491
677008,2025,R,0.31360701396500673,0.06726774896664406,0.25962955920569764,0.008175716069978424,0.6649269752244107
682848,2025,R,0.3084458758334493,0.09656139887211641,0.22617801104379578,0.008570259783164084,0.6686903299127136
680769,2025,R,0.2764603030894941,0.07885634023333547,0.28044836508169046,0.008540819724945754,0.6321544753245215
669087,2025,R,0.2654871917938897,0.05820298044628681,0.3653089239299918,0.011779737148113858,0.5647083584386776
701305,2025,R,0.2735747878395177,0.06200069146406874,0.3052974518693666,0.012980095558911449,0.619721761684659
683021,2025,R,0.29087127359301135,0.09660853695652466,0.1473379669495011,0.013431593427439298,0.7426219028915563
680118,2025,R,0.27574640050316157,0.06918549558620002,0.2844021990466875,0.012759989559311617,0.6336523154719202
669256,2025,R,0.29518031464336153,0.07961573863325214,0.2010889156228879,0.013669115280917148,0.7056262308420053
605361,2025,R,0.3172146645796872,0.11624246207395869,0.20730289422618356,0.00871364382981216,0.6677409999859676
670223,2025,R,0.31367957963555243,0.08565601901615952,0.2874540425200098,0.008601880901682877,0.61828805751519
624415,2025,R,0.3195535695217579,0.15519010290526256,0.2595564730127899,0.009109486624197628,0.5761439367067338
641313,2025,R,0.283698101760776,0.03953558785524567,0.23200807917792032,0.012441114991555835,0.7160152181697593
677347,2025,R,0.2582257210765969,0.08496781916473818,0.32043035596901337,0.013569091927643582,0.5810327329687304
668731,2025,R,0.2959488068404248,0.10315262529507965,0.26475360953920896,0.008700700713693239,0.6233930640171045
518792,2025,R,0.3374661258498978,0.07875274076548136,0.16623665908126872,0.008132251567420002,0.7468783483421115
571466,2025,R,0.2885576671499023,0.09080225206651332,0.2292815788335361,0.008415104418287456,0.6715010650082571
686823,2025,R,0.31302213991316846,0.06422168260615418,0.14425209360034605,0.0076779959000998306,0.7838482279219615
592669,2025,R,0.31265180005426585,0.06361983727542667,0.26031807373495647,0.01240650076192879,0.6636555877607017
670032,2025,R,0.29368368914301607,0.11027456918746997,0.15161686512389522,0.008256007716361672,0.7298525573779687
621512,2025,R,0.2616251562955706,0.03937430892966859,0.27759005069052595,0.01148056578501312,0.6715550748716821
685301,2025,R,0.25475182782174005,0.06808547609814176,0.2965904226444389,0.012976532728067411,0.6223475689297302
681584,2025,R,0.2753922364911778,0.1038699132658025,0.3252964112647503,0.01398635708325025,0.5568473180239737
680911,2025,R,0.28812343311478,0.060677099016115774,0.20401126077854417,0.012395643794798131,0.7229159961314175
656248,2025,R,0.27556366704430135,0.09088169228476634,0.31043457389317813,0.013601052485330698,0.5850826813111623
676701,2025,R,0.26319861791537147,0.05778202502685771,0.24021487210280007,0.011807576776996865,0.6901955262651284
665828,2025,R,0.3076282811123501,0.08280347443505648,0.196389525490681,0.008273637543206978,0.712533362308903
605131,2025,R,0.2885679873603809,0.10577044667729271,0.24065554883254084,0.013932618522855992,0.639641385833308
676551,2025,R,0.24232737425350767,0.06904289355873702,0.35708332245033236,0.0129310140283787,0.5609427698400441
665155,2025,R,0.3118643682059462,0.11153341442053735,0.25668701113521775,0.008861200710262257,0.622918372505701
694362,2025,R,0.25750647332634513,0.08886199681684621,0.3200851728284814,0.013605831894117145,0.5774469994232018
592696,2025,R,0.3139753783325355,0.04593200699387195,0.1888288130752691,0.007413700501091454,0.7578254802727663
674441,2025,R,0.27627278590900434,0.12437046979590521,0.25672226142491666,0.008896930482444146,0.6100103380460723
665839,2025,R,0.33389559694633336,0.10634049767171776,0.21547420630721448,0.008908051088536182,0.6692772453610627
660757,2025,R,0.3056985180093678,0.0344616833887753,0.22453888691055174,0.0099676893943575,0.7310317400502755
682997,2025,R,0.2852351263249939,0.08946476082292418,0.27028910209432444,0.00865733277951773,0.631588804220858
689041,2025,R,0.2852351263249939,0.08946476082292418,0.27028910209432444,0.00865733277951773,0.631588804220858
671213,2025,R,0.35228456386814994,0.11529460780692677,0.24800272484031638,0.00875949609540101,0.6279431712888491
670276,2025,R,0.289910329910518,0.14092978871851936,0.24575650836302088,0.009138400187724549,0.6041753026163204
669392,2025,R,0.24953722743350587,0.06987308970759575,0.2955685543886563,0.013310833315969686,0.6212475228831565
666915,2025,R,0.29934555937175705,0.06823157146538708,0.34164116864785504,0.012705221529137865,0.5774220373837929
663609,2025,R,0.29617044514086693,0.08016390508251928,0.3154250829258346,0.013393812807046488,0.5910171993081245
669398,2025,R,0.2852351263249939,0.08946476082292418,0.27028910209432444,0.00865733277951773,0.631588804220858
605113,2025,R,0.2682921166380076,0.05919673278158772,0.2171175053984944,0.012401241989654598,0.7112845204037487
607680,2025,R,0.29661056887120785,0.03769448529109263,0.17320306539016975,0.011560526162871924,0.7775419228959987
600869,2025,R,0.31611882126712765,0.09127600956001562,0.22988840243430667,0.00867953237678084,0.6701560552468014
493329,2025,R,0.32978778562442845,0.05406912435270561,0.11475024261018216,0.011568548035282856,0.8196120848105165
672359,2025,R,0.2852351263249939,0.08946476082292418,0.27028910209432444,0.00865733277951773,0.631588804220858
605204,2025,R,0.3044749797751561,0.08306529704876212,0.2839451231811909,0.01322778412422632,0.6197617953228759
666165,2025,R,0.29801970626483415,0.09781440432843677,0.32072377785239997,0.008521971079796032,0.5729398474125813
669003,2025,R,0.3066139373751768,0.12311474667581473,0.30318429267179275,0.008893384190735553,0.5648075759839147
672284,2025,R,0.325018302521725,0.0881566758247796,0.27033999315298135,0.008567207671418123,0.6329361226539724
691728,2025,R,0.2852351263249939,0.08946476082292418,0.27028910209432444,0.00865733277951773,0.631588804220858
668952,2025,R,0.26540011915623274,0.09167203885701317,0.2942916280031994,0.012880389963685075,0.6011559427759239
702358,2025,R,0.2791311770184368,0.056624686614829146,0.21390983581692777,0.012186739144479406,0.7172787388724179
650559,2025,R,0.3262307121835645,0.05663143794353567,0.2131206376013613,0.012426296099412523,0.7178216271386607
686554,2025,R,0.2902659606085586,0.12951875552826286,0.34251146933795396,0.009140087981344499,0.518829686797263
675659,2025,R,0.29160334983682734,0.08387927795950717,0.2884981162812766,0.008682745592789101,0.6189398596553115
553882,2025,R,0.3075861582794634,0.09877279667787432,0.19200617165782882,0.008654680418463586,0.7005663515344065
691907,2025,R,0.2852351263250219,0.08946476082295324,0.2702891020942823,0.008657332779517692,0.631588804220871
663796,2025,R,0.24937726380499445,0.05021539215471908,0.279899188666497,0.01222204234888503,0.6576633766402377
592178,2025,R,0.31384345789166845,0.07411500397167001,0.25592718530008546,0.012832246482310471,0.6571255638440795
669304,2025,R,0.30830058261249244,0.055116278139690736,0.18020106098223052,0.012319288142970059,0.7523633724713794
669208,2025,R,0.26710347155300196,0.07751693188639239,0.29376483496082295,0.013188540291216926,0.6155296923450635
622534,2025,R,0.30917429065853397,0.06908880920494073,0.16707486879695357,0.012961990505216724,0.7508743315605363
