batter,season,p_throws,pred_woba,rate_bb,rate_k,rate_hbp,rate_bip
656716,2025,L,0.2872756070951327,0.0932860269625648,0.23560505787822209,0.014252881249615226,0.6568560328581111
805373,2025,L,0.28565545756282773,0.08304271018137266,0.2641020929813273,0.00842950444337455,0.6444256921559531
542303,2025,L,0.3691486761834993,0.06737078066280854,0.2075990268000986,0.007702933171389483,0.7173272578251598
671739,2025,L,0.3105881855201734,0.049995951660744074,0.224063011178671,0.012173613860230593,0.713767423652607
669707,2025,L,0.29969483910135164,0.10412702566609074,0.2665003817458532,0.008419887083554619,0.6209527055113386
687478,2025,L,0.26418834771843847,0.08349661240185122,0.29596866939527977,0.008412535242693238,0.6121221829476067
804668,2025,L,0.26418834771843847,0.08349661240185122,0.29596866939527977,0.008412535242693238,0.6121221829476067
694377,2025,L,0.3162797211348445,0.08508570969914393,0.24954539588574817,0.00817047566196497,0.6571984192791155
673490,2025,L,0.32964584657567303,0.11801207402994154,0.17226406307712547,0.008369092334611835,0.7013547686850555
686948,2025,L,0.2405898830672923,0.08093508844399085,0.3125796463939823,0.014042360450901847,0.5924429038268674
660670,2025,L,0.39601486389166046,0.10277617810964859,0.20921928678999277,0.008287730131351149,0.6797168050191905
621566,2025,L,0.3366920568698203,0.08111060101327491,0.2575188902125489,0.013878079000587865,0.6474924300121994
672744,2025,L,0.2771246811610875,0.08878958722435662,0.32717123930735653,0.008536634203248914,0.5755025396823343
663698,2025,L,0.31243734598267053,0.09060791698606457,0.288753777960451,0.00855576068075013,0.6120825450640356
668804,2025,L,0.34707487386862956,0.08664874607490299,0.21016352474463532,0.007840509240505182,0.6953472207430076
502054,2025,L,0.3631918486307573,0.13277197788378348,0.21247186945248234,0.008376054347329643,0.6463800986965265
693304,2025,L,0.32134688416481333,0.07516986724641941,0.2129088722726497,0.007850672270322689,0.7040705877661353
457705,2025,L,0.349591129396891,0.13262220378415593,0.2115269191715111,0.008544402044113783,0.6473064753903961
669364,2025,L,0.2956233845167009,0.1054121671975887,0.17315595046859492,0.00783464790841489,0.7135972340868894
691594,2025,L,0.3007216438032362,0.06281751193885673,0.1611559132285206,0.0074290073936327215,0.7685975672493961
640459,2025,L,0.2839325464795576,0.07143220946930909,0.2557503200815689,0.008140430447620138,0.6646770411549143
681715,2025,L,0.26418834771843847,0.08349661240185122,0.29596866939527977,0.008412535242693238,0.6121221829476067
676572,2025,L,0.3300398025036394,0.0747539135355652,0.20164001834056677,0.007720282970432744,0.7158857864500664
681393,2025,L,0.3098909799454201,0.08744090781291416,0.2559768027238898,0.00813768030028825,0.6484446091546938
643446,2025,L,0.3086285133426392,0.06452456365875583,0.13212498640969392,0.01263175960493401,0.7907186906334308
668901,2025,L,0.3232634414199228,0.06870206839446485,0.26331796869729346,0.008134842625619856,0.6598451195807132
607043,2025,L,0.31878785054786307,0.12317369920770979,0.23345270770004684,0.014834106721117579,0.6285394858335408
672640,2025,L,0.32113088432849746,0.07709083006464133,0.15952744176425213,0.007633763554237849,0.7557479633451839
805300,2025,L,0.2405898830672923,0.08093508844399085,0.3125796463939823,0.014042360450901847,0.5924429038268674
682663,2025,L,0.26418834771843847,0.08349661240185122,0.29596866939527977,0.008412535242693238,0.6121221829476067
696030,2025,L,0.2405898830672923,0.08093508844399085,0.3125796463939823,0.014042360450901847,0.5924429038268674
641856,2025,L,0.27133507562051074,0.09756873589768768,0.28732203227208747,0.014710560545049581,0.6003986721377516
641680,2025,L,0.3279199602780699,0.06856027214404861,0.16801374447418044,0.0076675152104769394,0.7557584695737442
682657,2025,L,0.28615307058571143,0.07713117612034372,0.18269009553713403,0.007890118052986509,0.732288610420219
680757,2025,L,0.3125593869338815,0.11141672053494131,0.11536507952066839,0.0150150044102565,0.7582031958510266
678877,2025,L,0.31129423946735985,0.05876627966934534,0.2698240247304695,0.008160181679406138,0.6632495134170847
682177,2025,L,0.25972254590748894,0.09260028405384588,0.30029887965672153,0.013682887664046036,0.5934179488419935
677649,2025,L,0.3161546724495312,0.06361462407806424,0.23200414777347542,0.007841286372998453,0.6965399407887151
669394,2025,L,0.3480737047384131,0.07214276014531541,0.2620871675380018,0.00772328655031638,0.6580467861334099
666969,2025,L,0.3291230286059291,0.06792854852264778,0.269624836642078,0.008223877160181598,0.6542227381240657
677587,2025,L,0.27271417151332633,0.07917374028233708,0.23457942391834236,0.007911161871415454,0.6783356747647797
672356,2025,L,0.2905198608977427,0.06571392574611928,0.3180261531015914,0.007896908148134627,0.6083630135440382
666310,2025,L,0.28483980145005533,0.08923064037282977,0.2510000601079979,0.013938632789078758,0.6458306664352779
671286,2025,L,0.29019664876178247,0.08987449431952955,0.3094751158971882,0.008346716921926529,0.5923036727154695
608070,2025,L,0.35919363605730886,0.07036267005221816,0.11511758876141832,0.007794873713377001,0.8067248666143106
673962,2025,L,0.3263339943440098,0.07134922751151432,0.25315627541845664,0.007788373303437959,0.6677061229711113
683227,2025,L,0.26418834771843847,0.08349661240185122,0.29596866939527977,0.008412535242693238,0.6121221829476067
680737,2025,L,0.28307789177952675,0.0842719787958298,0.27349687595980743,0.008284094289014374,0.6339470503612358
664238,2025,L,0.32291085882783266,0.13341613827446214,0.25473220832806776,0.008947008700958593,0.6029046439862543
666018,2025,L,0.29321222283567794,0.09596994422554608,0.238096446838849,0.014693966205815477,0.6512396425689879
691406,2025,L,0.34787894327259605,0.06492354244087413,0.21619383926990546,0.007743037822333918,0.7111395801800792
680700,2025,L,0.29191534129975916,0.10174574555650963,0.18390326959715497,0.014459255846292915,0.6998917288094293
676439,2025,L,0.24578258398771835,0.08186036294470848,0.2831489809766643,0.013663610662910853,0.6213270457200056
663968,2025,L,0.26418834771843847,0.08349661240185122,0.29596866939527977,0.008412535242693238,0.6121221829476067
666139,2025,L,0.28465416337353544,0.06783090631134842,0.2720307671439415,0.01319553978097781,0.6469427855828441
543807,2025,L,0.35633540522534274,0.11140310908533903,0.20140420929789715,0.00813799846946577,0.6790546830715904
664702,2025,L,0.30984859333227116,0.11459174492622914,0.15373382976248903,0.008213125887921717,0.7234612991693263
676391,2025,L,0.30571385498805886,0.05571069271238838,0.10414294884905355,0.0069427265265586775,0.8332036305360898
680718,2025,L,0.27785045447963297,0.08446006346056519,0.27428165508762314,0.012487845759797694,0.6287704351529348
672386,2025,L,0.3707821920262254,0.10577154799091174,0.13375143446623977,0.008010073350749061,0.7524669431833325
662139,2025,L,0.2947276046443509,0.09374827676946557,0.26200772828747937,0.014951071395370993,0.6292929235095949
623993,2025,L,0.3406970924370479,0.0778095509931627,0.199739984334539,0.0078877048601141,0.7145627588774572
665489,2025,L,0.3953591045228375,0.07499289409623844,0.15892563753451752,0.007397802617693358,0.758683665735341
676914,2025,L,0.3151423267253289,0.12863026668998748,0.2922835548990193,0.009052654280963855,0.5700335243593017
669720,2025,L,0.33033222158337033,0.06861484497782898,0.1871266584331004,0.007621597040707246,0.7366368986456749
682622,2025,L,0.3146450595289752,0.07652709983914485,0.2330659542364815,0.007796835203128508,0.682610111208229
670770,2025,L,0.2894053873602729,0.11005836299067269,0.21581720509656713,0.015102785441860344,0.6590216476197751
682829,2025,L,0.3046598997021623,0.08378575092302025,0.3212875245483126,0.008183162056864219,0.5867435619135679
609280,2025,L,0.3321793371440458,0.05472911351292136,0.13552285297137062,0.0072552209524780874,0.8024928125175851
666158,2025,L,0.2774046400812001,0.10006898241863796,0.2619536627737284,0.014394986474477057,0.6235823685722504
686555,2025,L,0.27144562293031294,0.1137017776797509,0.3131248212455513,0.008749781479994943,0.5644236191966585
702332,2025,L,0.26418834771843847,0.08349661240185122,0.29596866939527977,0.008412535242693238,0.6121221829476067
680574,2025,L,0.32084428340879384,0.11798103371414037,0.27331605492425587,0.008933345337247354,0.5997695658400305
624431,2025,L,0.3172907722623969,0.07246569319296073,0.162967543492613,0.00701837695873079,0.7575483847395137
686217,2025,L,0.27919647622448945,0.11758173217306661,0.17263048805692296,0.014720074454785048,0.6950677053417867
683734,2025,L,0.35760198109335467,0.07180331534295413,0.17746277471020208,0.007865955003216156,0.7428679554371642
668930,2025,L,0.2849455872569887,0.10454868858907836,0.21322725491592268,0.013967331761793485,0.6682567247289867
694192,2025,L,0.3319056513080233,0.09041765426292708,0.2163939620071692,0.007738441492752965,0.6854499416106502
592885,2025,L,0.31765471174194754,0.09204253542873297,0.2539930482635634,0.014282468847188397,0.6396819474987
678246,2025,L,0.32142327380016755,0.12529349856053698,0.2047184668399531,0.00855305529414425,0.6614349791774636
695657,2025,L,0.2405898830672923,0.08093508844399085,0.3125796463939823,0.014042360450901847,0.5924429038268674
691019,2025,L,0.2405898830672923,0.08093508844399085,0.3125796463939823,0.014042360450901847,0.5924429038268674
805367,2025,L,0.26418834771843847,0.08349661240185122,0.29596866939527977,0.008412535242693238,0.6121221829476067
572191,2025,L,0.290434251903421,0.07976484080001008,0.3052395386445866,0.008332545456660945,0.6066630751857002
666150,2025,L,0.2567128608119931,0.0786843985589672,0.2427363766497416,0.013820040130636882,0.6647591841591605
672820,2025,L,0.31038708981798896,0.05300663466095743,0.19974102348678385,0.008010991495569194,0.7392413494282398
695734,2025,L,0.2405898830672923,0.08093508844399085,0.3125796463939823,0.014042360450901847,0.5924429038268674
665953,2025,L,0.3173081642386009,0.07936777576645676,0.2140592066965271,0.007905387889052672,0.698667630574285
682928,2025,L,0.2851714810846979,0.05819430646270994,0.2102033836767433,0.012964257110127024,0.7186380532479014
681460,2025,L,0.29580590755942177,0.07344681511681234,0.25656225075409284,0.008020402081324181,0.6619705333429704
700337,2025,L,0.26418834771843847,0.08349661240185122,0.29596866939527977,0.008412535242693238,0.6121221829476067
699625,2025,L,0.2405898830672923,0.08093508844399085,0.3125796463939823,0.014042360450901847,0.5924429038268674
691023,2025,L,0.330034282183665,0.07147816094869805,0.23617455188949713,0.007472141174483231,0.6848751450199396
695336,2025,L,0.2903116105190115,0.06422470138770607,0.2468397299268556,0.00813311618089872,0.6808024523592151
669357,2025,L,0.2956750391535838,0.08063241983012893,0.33806730459202977,0.013678531531761545,0.5676217435915907
671056,2025,L,0.3333711379280827,0.10469729424537619,0.22413255603455845,0.008474487314133061,0.662695661239531
665877,2025,L,0.3088941553147967,0.12104249132984002,0.1530734443584228,0.008491444664809354,0.7173926186478078
701675,2025,L,0.2405898830672923,0.08093508844399085,0.3125796463939823,0.014042360450901847,0.5924429038268674
687363,2025,L,0.2653514938556426,0.09018607357077645,0.2895383044305953,0.013809754723852768,0.6064658670185796
650968,2025,L,0.2933717480545564,0.038432538533091615,0.1571552589909026,0.006740714432692179,0.7976714894369813
691718,2025,L,0.2528573579442794,0.047304038951778725,0.3035521016496832,0.011452343300511184,0.6376915146311289
694208,2025,L,0.2405898830672923,0.08093508844399085,0.3125796463939823,0.014042360450901847,0.5924429038268674
673548,2025,L,0.356213756614296,0.1308527743063189,0.23249068864482458,0.009083498276345166,0.6275730381920623
663656,2025,L,0.3516331203558777,0.08311049832431026,0.17788898493387545,0.0132772063580741,0.7257233106443478
664023,2025,L,0.33555987320626923,0.09120339416582618,0.25977824743447436,0.007995542402696782,0.6410228170195392
663538,2025,L,0.33054250020420234,0.08121027998933093,0.10466931431587495,0.007586283863845699,0.8065341211513204
683737,2025,L,0.2921718816466409,0.11045276878567947,0.2935016306035896,0.014938984673104274,0.5811066163437094
543877,2025,L,0.3136043741358283,0.07525094368849429,0.1755783579475183,0.007974690672912987,0.7411960064503935
680837,2025,L,0.2405898830672923,0.08093508844399085,0.3125796463939823,0.014042360450901847,0.5924429038268674
680577,2025,L,0.2576455709829284,0.0870136673009162,0.28392492513815654,0.014265778491375659,0.6147956290721749
686797,2025,L,0.28105256599713097,0.057232815643456836,0.1565885080480829,0.007094875768446734,0.7790838000959683
805249,2025,L,0.26418834771843847,0.08349661240185122,0.29596866939527977,0.008412535242693238,0.6121221829476067
596117,2025,L,0.2574580680028009,0.11534290848895003,0.26427246691325407,0.015180287480832368,0.6052043368447517
681082,2025,L,0.2981629203712129,0.09311021211530021,0.18454555612468246,0.012627280232658047,0.7097169501686083
596146,2025,L,0.32045622468454354,0.08508480425244587,0.19936912996518003,0.013578756637468223,0.7019673090332597
664761,2025,L,0.3561211596297822,0.07738515720044348,0.1754156500267888,0.0076755817610356285,0.7395236110334438
547180,2025,L,0.35322578240034325,0.07947441757757968,0.23058446160230928,0.013317121042064718,0.6766239991396723
656941,2025,L,0.32317569543765073,0.10154983959555743,0.30877390120916864,0.014874978308886044,0.5748012812811297
681546,2025,L,0.27735767891976676,0.09832105341692939,0.34621943412191014,0.014834438290535757,0.5406250749943347
676812,2025,L,0.26418834771843847,0.08349661240185122,0.29596866939527977,0.008412535242693238,0.6121221829476067
665019,2025,L,0.27331381255721143,0.07694711501257709,0.27445286987536927,0.013993403411598675,0.6346066111447063
668904,2025,L,0.3451050129957154,0.07900752408514639,0.20903830193250664,0.007807336559928403,0.7041468364003423
680777,2025,L,0.3224835699822075,0.09492334462092836,0.2643653771376937,0.008623086661361688,0.6320881914600183
668885,2025,L,0.3115911599907621,0.12035851533312357,0.1820750110225338,0.007924006619047706,0.6896424674098398
592450,2025,L,0.4095075921909188,0.1204737536129076,0.2937188030217802,0.00861786830169494,0.5771895756323766
700250,2025,L,0.2971391748838882,0.10184440302103712,0.2840376183106877,0.014164490458673669,0.5999534890091611
663757,2025,L,0.2927026308143293,0.12524705133820732,0.282795084029726,0.015750067812829085,0.5762077976736323
676609,2025,L,0.294665053072251,0.09988435795124728,0.22404123294423814,0.008564942435031673,0.667509466768762
605141,2025,L,0.3833032747587421,0.11342196932232765,0.13560319179665017,0.008138046933645442,0.7428367925411307
660271,2025,L,0.34346095230051915,0.07609116916478947,0.278091786651285,0.012587305939736943,0.6332297394967884
666163,2025,L,0.2563806992019096,0.0999542074489616,0.29831065149808295,0.014635719528804927,0.5870994216174305
808975,2025,L,0.2405898830672923,0.08093508844399085,0.3125796463939823,0.014042360450901847,0.5924429038268674
553993,2025,L,0.33451087728751366,0.11606261979900627,0.26739660148841254,0.008832498885643003,0.6077082806412706
571771,2025,L,0.3379153145393264,0.09475161501777363,0.1873774546372165,0.00813868006427913,0.7097322515611588
681624,2025,L,0.3279781828108543,0.07219969140026491,0.2339123584785119,0.008161422369144933,0.6857265271162402
624424,2025,L,0.3013217691637909,0.09171160251342564,0.26096799170790974,0.01470297589229437,0.6326174319004574
663728,2025,L,0.32587206312992173,0.06948954436803693,0.2635824354917957,0.00803557475380512,0.6588924466513234
668227,2025,L,0.33989233387183126,0.10579587480129761,0.23576301019234003,0.008561741149240168,0.6498793732132162
670156,2025,L,0.2757220393725927,0.11704076102069513,0.2585049615087269,0.01540541589054574,0.6090488621023873
702284,2025,L,0.2405898830672923,0.08093508844399085,0.3125796463939823,0.014042360450901847,0.5924429038268674
606192,2025,L,0.3474873124179466,0.0839396827716533,0.27043717827116365,0.008413107893230624,0.6372100306098379
687221,2025,L,0.2405898830672923,0.08093508844399085,0.3125796463939823,0.014042360450901847,0.5924429038268674
660844,2025,L,0.27036039088843955,0.141895613183099,0.29499787822802664,0.009140253940464077,0.55396625451344
641487,2025,L,0.3041412704366682,0.11737404694584343,0.20362464860999163,0.015170600787936627,0.6638307037311598
670042,2025,L,0.28651992439267115,0.07083183888833529,0.3176721232078018,0.013182092414626713,0.5983139447907482
641598,2025,L,0.3511359999121277,0.13391248655023333,0.24250792564143234,0.008960985643220077,0.6146186012479148
687231,2025,L,0.3095682616192536,0.0841506538341193,0.2020608268896853,0.00796136357725739,0.7058271553751193
680474,2025,L,0.30282716250159847,0.13095591468838935,0.24044491233773377,0.008510196991633637,0.6200889762137204
666126,2025,L,0.2405898830672923,0.08093508844399085,0.3125796463939823,0.014042360450901847,0.5924429038268674
701762,2025,L,0.2405898830672923,0.08093508844399085,0.3125796463939823,0.014042360450901847,0.5924429038268674
687515,2025,L,0.26418834771843847,0.08349661240185122,0.29596866939527977,0.008412535242693238,0.6121221829476067
680862,2025,L,0.26418834771843847,0.08349661240185122,0.29596866939527977,0.008412535242693238,0.6121221829476067
691777,2025,L,0.26418834771843847,0.08349661240185122,0.29596866939527977,0.008412535242693238,0.6121221829476067
668709,2025,L,0.2988984990926178,0.10892494875201583,0.24450049876812777,0.01406511125660387,0.6325094418542513
695391,2025,L,0.3201219583124365,0.11761065773181797,0.2137757276873936,0.008417270436582238,0.6601963422261665
691016,2025,L,0.2862679986759358,0.07520770091080628,0.29138730738531077,0.012488978403459089,0.620916012680999
670231,2025,L,0.2405898830672923,0.08093508844399085,0.3125796463939823,0.014042360450901847,0.5924429038268674
686681,2025,L,0.2882149701691112,0.05590933150099338,0.21497102315219532,0.012521968703761398,0.7165976776602903
624428,2025,L,0.30559792931500634,0.09532004900821937,0.14385217528627414,0.014510695075996768,0.7463170805583028
695600,2025,L,0.2405898830672923,0.08093508844399085,0.3125796463939823,0.014042360450901847,0.5924429038268674
667670,2025,L,0.3461143976960879,0.09206850682064323,0.2894798545138294,0.008453362476833948,0.609998276693915
573262,2025,L,0.308515057338455,0.11078829722199911,0.24932574650293413,0.015161202858065142,0.6247247531910243
521692,2025,L,0.3464254335058654,0.02674443683883115,0.1980243596238335,0.007452714004286348,0.7677784899543352
686469,2025,L,0.34053329205672955,0.07604639421206726,0.14568314474301144,0.012896432421698202,0.7653740287667778
677951,2025,L,0.37418999512497386,0.05745023920753922,0.17310643194246472,0.007743360063092793,0.7616999699109506
672580,2025,L,0.3477369120346649,0.09782355068218071,0.16276551904884165,0.007769758907172631,0.7316411703756754
687551,2025,L,0.2405898830672923,0.08093508844399085,0.3125796463939823,0.014042360450901847,0.5924429038268674
683766,2025,L,0.26418834771843847,0.08349661240185122,0.29596866939527977,0.008412535242693238,0.6121221829476067
672275,2025,L,0.3182112918044173,0.0988255795306425,0.24933113255291248,0.008051593338322793,0.6437916945435951
808982,2025,L,0.2996550262759572,0.0871565365439067,0.16152032671778266,0.01377014206524152,0.7375529947435562
630105,2025,L,0.306574599379122,0.0992517873809908,0.19188386013217673,0.01430792059197883,0.6945564314595255
657757,2025,L,0.2899142905929627,0.07199806334034882,0.23329328009509284,0.01270691156776397,0.6820017459310953
669200,2025,L,0.25768008685951443,0.09520119851668306,0.3048016713311446,0.008700798713087711,0.5912963307632645
701538,2025,L,0.328587053759119,0.05448472353921994,0.1865569132051411,0.011594074955464658,0.7473642882116385
695238,2025,L,0.28103803387250387,0.09119102240187778,0.254165557109626,0.014649157914209478,0.6399942619656404
664983,2025,L,0.26523650677169697,0.07951673358485829,0.23676553417707766,0.013330777251340397,0.6703869562712801
677950,2025,L,0.27519064805904,0.07260757355150739,0.23327498130600213,0.013382732466064355,0.6807347118321498
545121,2025,L,0.3078574107324009,0.07829450106424894,0.11441843015392372,0.007580417354186881,0.7997066517747689
543510,2025,L,0.31414643319394364,0.07096639442408388,0.24415050264605773,0.008062422778732536,0.6768206798183435
694374,2025,L,0.26418834771843847,0.08349661240185122,0.29596866939527977,0.008412535242693238,0.6121221829476067
672695,2025,L,0.310898103951652,0.1361537745270891,0.15143786391278768,0.008231715840365889,0.7041766447698468
691783,2025,L,0.26582464846547815,0.09768726890576103,0.30425454930905294,0.008468716131853283,0.5895894661809619
606466,2025,L,0.35681920703520525,0.05693223733440624,0.14054865415715392,0.007308122644161029,0.7952109855719913
678489,2025,L,0.2794586592372156,0.07512703373390395,0.2328681076822438,0.008112237837907522,0.6838926209050209
602104,2025,L,0.3289123473506898,0.10608754938403969,0.21568670395675343,0.008219760380280066,0.6700059867567111
701358,2025,L,0.26418834771843847,0.08349661240185122,0.29596866939527977,0.008412535242693238,0.6121221829476067
660821,2025,L,0.29501818292882076,0.06650390004997449,0.2846086997518222,0.012788277700430903,0.636099120769355
681351,2025,L,0.3284870019930403,0.08622364106864881,0.2499646335442697,0.008103724643405655,0.6557080010702441
650859,2025,L,0.31109454713733303,0.06332523375967254,0.16997709279179804,0.007352141669904942,0.7593455315971145
669326,2025,L,0.26367031016293563,0.07599345143587699,0.2976802111913106,0.00826304465238744,0.618063292152347
694203,2025,L,0.26418834771843847,0.08349661240185122,0.29596866939527977,0.008412535242693238,0.6121221829476067
665861,2025,L,0.2869492042505626,0.08567912858737614,0.25981183623296206,0.00831718479888594,0.6461918501017805
666198,2025,L,0.28869813521462906,0.0939326239446696,0.22963353588392243,0.008180660303477541,0.6682531795724891
695681,2025,L,0.26418834771843847,0.08349661240185122,0.29596866939527977,0.008412535242693238,0.6121221829476067
621035,2025,L,0.31823529269950146,0.12539362509424798,0.2810265300377,0.008815658416581345,0.5847641863397601
666176,2025,L,0.30168085906251685,0.07068897010342091,0.3114643075633791,0.008725136086944234,0.609121584651994
673237,2025,L,0.33491894358788027,0.03989667316664224,0.18663366795752548,0.00722349965715727,0.766246159432205
605170,2025,L,0.3255018704990979,0.08289784138522532,0.1998299693216272,0.007954619077366588,0.7093175706678811
643289,2025,L,0.3055785303702505,0.054763506407784865,0.15158493707048978,0.007426211432869756,0.7862253448259422
805904,2025,L,0.2405898830672923,0.08093508844399085,0.3125796463939823,0.014042360450901847,0.5924429038268674
689200,2025,L,0.2405898830672923,0.08093508844399085,0.3125796463939823,0.014042360450901847,0.5924429038268674
694728,2025,L,0.26418834771843847,0.08349661240185122,0.29596866939527977,0.008412535242693238,0.6121221829476067
676475,2025,L,0.3034326236551728,0.04610454337609993,0.15559268658154418,0.011519212459105772,0.7867835576763689
663457,2025,L,0.30576717080703075,0.12090887835074067,0.251924058637497,0.014629192882926296,0.6125378694448534
592206,2025,L,0.3377743914889429,0.05237693069831768,0.217545277376095,0.007692874939819269,0.7223849179332535
592663,2025,L,0.34243472139548176,0.06852624015360825,0.1947971676077827,0.008055775216283582,0.7286208174929708
621439,2025,L,0.33962339945797987,0.07740498387156146,0.27118568319809566,0.008356749430617157,0.6430525838866087
502671,2025,L,0.37045408400748014,0.1028331936792404,0.21857674393780438,0.008514763794711994,0.6700752974471279
665862,2025,L,0.2859565303616095,0.07787317455524298,0.2709784362743881,0.013828763108652562,0.6373196250951026
519317,2025,L,0.37805896395672434,0.0758747355206502,0.2804638367573715,0.008141313783989423,0.6355201133746871
641355,2025,L,0.3062587430744826,0.0741272277302421,0.23936184758288387,0.013686505499737867,0.6728244181798473
516782,2025,L,0.32677584891048317,0.0552312542505553,0.19196673755994417,0.008011451796559741,0.7447905570334601
624413,2025,L,0.3847936502953056,0.0879232068406305,0.22041027560483792,0.0083092134016401,0.6833573040986831
665742,2025,L,0.3660099851022943,0.11777627884998754,0.19304137256634457,0.014581753075118756,0.6746005950139956
656537,2025,L,0.2845155335315093,0.07364614106994717,0.2853379909104068,0.007945714118468575,0.6330701545750272
678554,2025,L,0.3121237247946401,0.06747855781204819,0.1966141675766406,0.0076680561147131265,0.7282392183032869
695578,2025,L,0.30870469503453385,0.10510695471220026,0.3105279325281056,0.014062875411911062,0.5703022372584792
605137,2025,L,0.3472615075198459,0.08561724244846008,0.19348972541751655,0.008006031903264795,0.7128869998768239
671277,2025,L,0.29860707872621844,0.049676510761641986,0.18778276096369156,0.008492612384716481,0.7540481169800853
595751,2025,L,0.30481572586036787,0.036734880200717905,0.32261668605186944,0.007415209688980315,0.633233224905567
664770,2025,L,0.2810156815495983,0.0901140610054785,0.2183420454169824,0.014105682663071105,0.677438211482363
665926,2025,L,0.27265441357861264,0.056277712929339994,0.1981191682349723,0.012505039615306107,0.7330980795638099
664040,2025,L,0.30091836776855074,0.07161269632535863,0.28304125591887336,0.01302050898970223,0.6323255389066728
676044,2025,L,0.2405898830672923,0.08093508844399085,0.3125796463939823,0.014042360450901847,0.5924429038268674
802415,2025,L,0.2405898830672923,0.08093508844399085,0.3125796463939823,0.014042360450901847,0.5924429038268674
692216,2025,L,0.2405898830672923,0.08093508844399085,0.3125796463939823,0.014042360450901847,0.5924429038268674
700932,2025,L,0.27401525131390914,0.09099501449892594,0.29847520368169983,0.014666205868513159,0.5958635748271129
595978,2025,L,0.28195550808529773,0.06646674679898545,0.25551310500066526,0.008093191763088623,0.6699269555572496
456781,2025,L,0.3318701306389508,0.07726205067545172,0.1909300123043343,0.008132009936978551,0.7236759264298526
543309,2025,L,0.32519416668078743,0.0719378649677704,0.24045586520782863,0.008006231548827866,0.6796000385734176
595879,2025,L,0.30867697884343687,0.038265427955564715,0.271505724460558,0.007299702307821312,0.6829291444087123
628451,2025,L,0.3159765843650994,0.07102821429615451,0.18679641174117967,0.00785595720384445,0.7343194170560389
693307,2025,L,0.30401531929957415,0.0661828467386961,0.25658550677579034,0.008076969891605446,0.6691546760337239
682985,2025,L,0.30278348949751605,0.08753866242446888,0.29667065808084425,0.014580758935949864,0.601209921060404
679529,2025,L,0.3571757509134209,0.09965677740005253,0.2036799068325353,0.008348976398093877,0.6883143379228464
807799,2025,L,0.30829274466553774,0.08467824605640874,0.16948434279756425,0.01388175195090065,0.7319556594691464
608701,2025,L,0.32715702625213755,0.10865888625789329,0.21545125515690514,0.00827341886554524,0.6676164380266016
677800,2025,L,0.2951552576950215,0.07355066446247639,0.26651433694008203,0.013865769554456543,0.6460692288536516
672761,2025,L,0.3062413202278037,0.08798021429206085,0.18719124434343873,0.00824608860055241,0.7165824520968176
650402,2025,L,0.34949474957900534,0.09728047156287103,0.19276136844048952,0.008088919820229858,0.7018692416073904
663330,2025,L,0.3017627327370409,0.11607224899360569,0.27780934164130433,0.008511372051661045,0.5976070368478802
666152,2025,L,0.2685928590105271,0.08969230348537388,0.26655161436741986,0.013283831322787234,0.630472250211032
678009,2025,L,0.282236411444762,0.09824203945516971,0.2738232365807177,0.014498587347972904,0.6134361363593875
687462,2025,L,0.29912185624345655,0.1021574339419958,0.21656373361165074,0.014797911108550497,0.6664809215616878
545341,2025,L,0.335055115824236,0.05647231672055101,0.23675335912228304,0.007804614803950155,0.6989697096453701
669127,2025,L,0.333615528301002,0.07960079446119415,0.27319855788554964,0.008168330351945838,0.6390323171025596
687401,2025,L,0.3332690113504879,0.110996785469269,0.20365394136850684,0.008406300057154122,0.6769429729997442
643376,2025,L,0.3465918323400726,0.10394890311074645,0.1843633922952838,0.00814384608818178,0.7035438571348652
663368,2025,L,0.30159747348044197,0.1267503785801142,0.23572517371764592,0.00861396619824873,0.6289104805222101
663886,2025,L,0.34503360303741454,0.11174460863682352,0.20447395722973855,0.008039350947586434,0.6757420828636502
701398,2025,L,0.26418834771843847,0.08349661240185122,0.29596866939527977,0.008412535242693238,0.6121221829476067
668715,2025,L,0.3218109597103098,0.09924014694419551,0.22385046369263922,0.00856886935440645,0.6683405189132507
663647,2025,L,0.35056238779847815,0.08276836862563113,0.17817757111418725,0.007962386569334632,0.7310916733228132
656811,2025,L,0.2991675598390608,0.07349706346040329,0.24835149521454317,0.013532515265219232,0.6646189247638481
578428,2025,L,0.30554568167020585,0.06138943064873732,0.11744113737663012,0.007475424251706904,0.8136940080380539
593428,2025,L,0.35070392392485406,0.10558770046579535,0.16361266306385822,0.008264438153301726,0.7225351974913146
650333,2025,L,0.32970482359534714,0.08644906464131473,0.08743279456874556,0.013496605723194506,0.8126215356952351
680728,2025,L,0.2693116498866718,0.08327898488326363,0.29142243342727914,0.014401774157915107,0.6108968074740744
672515,2025,L,0.34599167944209647,0.11247956022835508,0.16562616941861633,0.008584467440558262,0.7133098033828716
665487,2025,L,0.3653726029871057,0.08160196040654025,0.22644604862413611,0.007832217970282138,0.6841197725127807
553869,2025,L,0.3261325720622869,0.07663997681449543,0.19668841356475364,0.00796270896179047,0.7187089001843389
663731,2025,L,0.2753164653902643,0.08587486016850657,0.290375198873845,0.008436473628257142,0.6153134674785293
686527,2025,L,0.27757486734858916,0.05942035404061011,0.27317325024405503,0.012684290050229705,0.6547221066586525
695670,2025,L,0.26418834771843847,0.08349661240185122,0.29596866939527977,0.008412535242693238,0.6121221829476067
593871,2025,L,0.34500455941419195,0.07252716944550179,0.16720760729000322,0.007837371931437577,0.7524278498526773
677594,2025,L,0.3464893299709713,0.061955613229365346,0.24949249052658398,0.00787287778427151,0.6806790189109025
656305,2025,L,0.35990865774329056,0.11286349402503965,0.2585759216479697,0.008704149129536995,0.6198564356275154
642715,2025,L,0.32535718625462196,0.10459746252900862,0.25929657887594415,0.008682246443744941,0.6274237131020635
646240,2025,L,0.33102557670184557,0.05251853632823834,0.21845426000118612,0.012606919918099454,0.7164202832101241
671218,2025,L,0.338202574921418,0.08683454691192605,0.25150361134192295,0.00819261181294472,0.6534692300752902
668800,2025,L,0.29800009275798,0.06701506427203113,0.2252043570838904,0.007812057084821467,0.6999685217738759
666464,2025,L,0.32346208656579106,0.07493180058573691,0.2884077060535284,0.007934302658746475,0.6287261903142047
669477,2025,L,0.32005190665543265,0.0667465642348524,0.1962103555431801,0.007471120039004333,0.7295719600600837
527038,2025,L,0.331189464638231,0.0827241720848299,0.1393943651287974,0.008127215062250344,0.7697542466720524
669234,2025,L,0.30540665757778945,0.135809609407495,0.30209334082291045,0.00905633335472162,0.5530407155939734
680779,2025,L,0.3147743721600563,0.10558805711342424,0.27473047997656247,0.0086616272197767,0.6110198348243486
669261,2025,L,0.2970407567980462,0.11054854146105357,0.31316007273010543,0.01517746265471455,0.5611139218547623
666624,2025,L,0.3191310193614401,0.08622084172147444,0.2954317924977598,0.008065578842357288,0.6102817864924703
700246,2025,L,0.26418834771843847,0.08349661240185122,0.29596866939527977,0.008412535242693238,0.6121221829476067
592626,2025,L,0.3093262143661744,0.09055026721607538,0.27479282786316567,0.014259244083604608,0.6203976610831747
669224,2025,L,0.2904692439360021,0.08021356806065992,0.2573616084567065,0.013454799592821998,0.6489700241568424
683011,2025,L,0.3175615708637646,0.10384958282354875,0.2244814360848713,0.008432820474835734,0.6632361616885648
683002,2025,L,0.33016951267817746,0.0916575103393529,0.2594103203758871,0.01304697546563098,0.6358851939912203
676059,2025,L,0.3467697139250651,0.09011463702265794,0.21365815123540338,0.007819885663989317,0.6884073255549861
702616,2025,L,0.2704452250698603,0.09740308783659152,0.3064967396224209,0.014319841407242621,0.5817803324503392
596103,2025,L,0.3114897044871095,0.11565402818030716,0.2835785955829626,0.008517261236333208,0.5922501153686416
642708,2025,L,0.31254971926325226,0.05457306724070833,0.16863374492540117,0.00748476580940274,0.7693084218714913
688363,2025,L,0.2514924403734651,0.08997674177547316,0.30554162744008934,0.013966001603604042,0.5905156294354655
687859,2025,L,0.2405898830672923,0.08093508844399085,0.3125796463939823,0.014042360450901847,0.5924429038268674
665052,2025,L,0.27524415715452905,0.06881490488682604,0.2669758462970174,0.012507099261398237,0.6517021501313908
671732,2025,L,0.2778430665406528,0.08156643114310805,0.29759016494486484,0.013459252534621994,0.6073841519789699
805779,2025,L,0.29413927535344225,0.07085340034873873,0.11914572329876509,0.0072968416339823094,0.8027040337424091
695506,2025,L,0.2405898830672923,0.08093508844399085,0.3125796463939823,0.014042360450901847,0.5924429038268674
663697,2025,L,0.33447220982166076,0.1371019845471674,0.2135009466200277,0.008876221307567262,0.6405208473972452
682998,2025,L,0.31728022411160006,0.10344227370685018,0.20695351176549365,0.014664942587151255,0.6749392717114435
666023,2025,L,0.3134202401301022,0.07522652686079936,0.19380211418378296,0.007964646380500404,0.723006711901667
621493,2025,L,0.3542580053099738,0.10419254551062565,0.21226631493357367,0.00814919511116533,0.6753919430465787
545361,2025,L,0.39081008391520944,0.11980372138564035,0.2374082358005079,0.008918083367429424,0.6338699593108645
572233,2025,L,0.35622374000191054,0.08761782971510206,0.22760058379746784,0.008308636724117188,0.6764729488310901
621043,2025,L,0.35764559727179956,0.10166405537729137,0.20533540488253219,0.008170005072997161,0.6848305331439055
694384,2025,L,0.2868130221085931,0.11254811984311686,0.18328630913909585,0.013807970245038716,0.690357600445188
669743,2025,L,0.3234822918798866,0.1355640122687983,0.19400320267272653,0.008788440286955364,0.6616443447707773
647304,2025,L,0.31925683146764733,0.05238340066395137,0.16470792078899257,0.011688033111502237,0.7712206453592287
571448,2025,L,0.3448166132799081,0.0537355248312776,0.16275425004727573,0.007620450784452069,0.7758897742856281
690987,2025,L,0.2405898830672923,0.08093508844399085,0.3125796463939823,0.014042360450901847,0.5924429038268674
657557,2025,L,0.3138937179670219,0.08150266497957602,0.2592345526913324,0.008485646422886154,0.6507771346912328
683770,2025,L,0.2405898830672923,0.08093508844399085,0.3125796463939823,0.014042360450901847,0.5924429038268674
656484,2025,L,0.24625894897857198,0.07530252241569386,0.34794999834515294,0.013642683109375655,0.5631047955136028
663743,2025,L,0.3247114620930585,0.08615523225156387,0.13909106825957937,0.007383445928692316,0.7673702527935109
677592,2025,L,0.29424801182034677,0.09153271134514802,0.3218299614439579,0.008301763354093787,0.5783355642608932
650490,2025,L,0.37932151227836874,0.11484349213636967,0.1392945664210794,0.007842155993786544,0.7380197857567796
671655,2025,L,0.2405898830672923,0.08093508844399085,0.3125796463939823,0.014042360450901847,0.5924429038268674
596019,2025,L,0.35298998493220596,0.06914914170237857,0.14974153034764684,0.007762953956674604,0.7733463745232806
682668,2025,L,0.30208445132736583,0.07613620865351006,0.24422782796074083,0.008168889351264154,0.6714670748462137
621438,2025,L,0.3223411250632328,0.068650034812623,0.20315005030650643,0.008039788519460881,0.7201601269029414
683146,2025,L,0.2897254105603553,0.07567055317207856,0.2683403258925895,0.013822091045889665,0.6421670305006791
457759,2025,L,0.355497884994025,0.09327947682360785,0.1574623407310426,0.008343942802985345,0.7409142388776533
807713,2025,L,0.26418834771843847,0.08349661240185122,0.29596866939527977,0.008412535242693238,0.6121221829476067
620443,2025,L,0.319178194485695,0.09080111260493808,0.20399668344821167,0.008029748209026803,0.6971724553576318
623168,2025,L,0.2795303718459527,0.08836026519333127,0.17312181066549617,0.008086699735461817,0.7304312250716252
681987,2025,L,0.2830077222210655,0.08253019662134668,0.23485961139121797,0.008067844441394419,0.674542348710744
663993,2025,L,0.3253529712288062,0.1044422325051892,0.23393187737425036,0.01385941299006245,0.6477664765001603
678882,2025,L,0.2884230719438884,0.0520140243157804,0.2650023242356128,0.00794761354245934,0.6750360364959442
663853,2025,L,0.32137460831008097,0.07233725783071102,0.26195795974876646,0.007946448821860023,0.6577583332316709
608324,2025,L,0.3617569959782902,0.11573765210136577,0.12922343017613633,0.007877363163073347,0.7471615551675298
596115,2025,L,0.3279327720021447,0.0729253012166959,0.26794237165696294,0.008338183659087737,0.6507941432693247
680776,2025,L,0.3018648643558495,0.08240531747268294,0.23180832892169886,0.013396143556250769,0.6723902096322087
657136,2025,L,0.3026004008791255,0.07871352225134998,0.26479977111109365,0.008445348949209246,0.6480413570568584
677942,2025,L,0.2960441317478897,0.07620353918017597,0.2608935362263767,0.008093541551103192,0.6548093825255406
518692,2025,L,0.34267255399343927,0.06801080281330708,0.20168181117028564,0.013711569478549976,0.7165958160536967
641857,2025,L,0.2911159361252704,0.08660970683604129,0.31076287338179864,0.014203178421751197,0.5884242416463216
667452,2025,L,0.31238253440786795,0.08742558421620655,0.20880177267223762,0.008249283176718627,0.6955233601912731
670623,2025,L,0.34543348698948567,0.10744478071315401,0.14913787274105883,0.008607146595399599,0.7348101989368744
514888,2025,L,0.3330307754171746,0.07590622588070445,0.13746830410848015,0.007131729934263798,0.7794937401572434
666211,2025,L,0.24988043195090082,0.09589325662794317,0.35906391246662356,0.014199935526966266,0.5308428953761039
666160,2025,L,0.25544092729116924,0.05254662244804519,0.32234860318880276,0.011944392462781749,0.6131603815474409
690022,2025,L,0.26418834771843847,0.08349661240185122,0.29596866939527977,0.008412535242693238,0.6121221829476067
690924,2025,L,0.26418834771843847,0.08349661240185122,0.29596866939527977,0.008412535242693238,0.6121221829476067
691720,2025,L,0.26418834771843847,0.08349661240185122,0.29596866939527977,0.008412535242693238,0.6121221829476067
643396,2025,L,0.3116127129483928,0.08589771712694867,0.13732862258656453,0.007789709334824991,0.7689839514657015
665966,2025,L,0.2929117334111437,0.09069618044803084,0.2990956614189049,0.008536634732155917,0.6016715233838956
682626,2025,L,0.3326209119363887,0.09909650092558597,0.24343458781292654,0.007971600175284215,0.6494973120087614
621020,2025,L,0.3381700836363369,0.09806971487354997,0.22574226398251143,0.008293341559767915,0.6678946814935474
608348,2025,L,0.32709695480685125,0.10850791191525017,0.20444591955704827,0.008379155042809542,0.6786670137675416
687637,2025,L,0.2405898830672923,0.08093508844399085,0.3125796463939823,0.014042360450901847,0.5924429038268674
686894,2025,L,0.30099749428490397,0.09636347774639319,0.2743847266246368,0.008382871417291559,0.6208689225554485
664056,2025,L,0.3131509741661696,0.0893899750140194,0.2194758088046174,0.008464680034763396,0.6826695367399869
665561,2025,L,0.2769539641281257,0.0732175718085102,0.18711008248283506,0.007741202058750585,0.7319311440472583
642215,2025,L,0.30309536067894277,0.10006810806199866,0.2810429012740382,0.00852827546575682,0.6103607141044275
624641,2025,L,0.2944450061030364,0.05746882198464262,0.22300291947791973,0.008054613161679618,0.7114736442192138
595777,2025,L,0.3413440366306457,0.10550164582051814,0.1432571167895909,0.008068724137784873,0.7431725118821126
642201,2025,L,0.27787738813870744,0.10161102593367224,0.29950928500457724,0.008488217155165161,0.5903914715664975
669397,2025,L,0.2874474643827439,0.08953822142087853,0.16997423244634519,0.007655058532442909,0.7328324877646972
592518,2025,L,0.387429840382953,0.06963456117846097,0.1649272268174849,0.007454493957416532,0.7579837177568668
656555,2025,L,0.36398755028418256,0.12306092242210606,0.2347715419280457,0.00904247970428624,0.6331250562794587
686475,2025,L,0.26418834771843847,0.08349661240185122,0.29596866939527977,0.008412535242693238,0.6121221829476067
571912,2025,L,0.28850040272890115,0.09470813256544725,0.24756159995583296,0.008373167324842916,0.6493571001527906
680977,2025,L,0.3191793776517604,0.1029799315774194,0.1737824181620804,0.014859496278457167,0.7083781548273818
676694,2025,L,0.3301883592707999,0.0953804730356297,0.2106298523150145,0.007728360639528579,0.686261315309319
692585,2025,L,0.2405898830672923,0.08093508844399085,0.3125796463939823,0.014042360450901847,0.5924429038268674
669242,2025,L,0.3030063323333547,0.06857049508615318,0.16755845986623458,0.007516707916721833,0.7563543362852494
500743,2025,L,0.32034353619091804,0.07025445061192008,0.10895128855258078,0.007265597848393819,0.8135286628705252
669701,2025,L,0.2951455565250471,0.11552880263439913,0.24675670039853081,0.014872292606466697,0.6228422037644963
663616,2025,L,0.286315684869377,0.09174262385674903,0.33407664569521994,0.01425306090645844,0.5599276688759425
681297,2025,L,0.3015309413228999,0.09936661913555588,0.2990941867503002,0.01475846691938904,0.5867807274415234
694212,2025,L,0.2405898830672923,0.08093508844399085,0.3125796463939823,0.014042360450901847,0.5924429038268674
668939,2025,L,0.3485870331876188,0.10828520754778079,0.1587054217129718,0.008474648879961863,0.7245347213427922
641933,2025,L,0.34049976148442873,0.0942706915253187,0.29388093745830457,0.008559453099921238,0.6032889195741574
691723,2025,L,0.2585974402380375,0.09549013529797293,0.33481724454245965,0.008517137290211295,0.5611754823757339
690984,2025,L,0.2405898830672923,0.08093508844399085,0.3125796463939823,0.014042360450901847,0.5924429038268674
681807,2025,L,0.30857156394248786,0.08515039465434279,0.23774439059830546,0.008321111936453926,0.6687841028712762
669016,2025,L,0.28611645919402623,0.09228190052288851,0.31775283172273516,0.0149614714023083,0.5750037955753134
669369,2025,L,0.27681472501111204,0.09391171809879015,0.23236475592777517,0.008001004198331012,0.6657225216515489
657656,2025,L,0.3233290362862941,0.10269388245861875,0.25017910680312583,0.008683730663895004,0.6384432801676316
571970,2025,L,0.32707898017573356,0.12310891827237946,0.2714047743139739,0.015554228324061342,0.5899320797991866
687597,2025,L,0.28640569396198035,0.0724157886374433,0.30029625144261407,0.008171688954527854,0.6191162712565992
688760,2025,L,0.26418834771843847,0.08349661240185122,0.29596866939527977,0.008412535242693238,0.6121221829476067
696100,2025,L,0.3144448222984056,0.0547931945664215,0.2817253421596366,0.007844273244991136,0.6556371895354381
666397,2025,L,0.2792662270638507,0.14380234293186364,0.3429500072980541,0.015599090891901705,0.49764855903359567
807712,2025,L,0.26418834771843847,0.08349661240185122,0.29596866939527977,0.008412535242693238,0.6121221829476067
467793,2025,L,0.3558226403414103,0.1120280473963099,0.13981745562132947,0.007962681024737581,0.740191815833816
672724,2025,L,0.298181333431058,0.09367724635768082,0.24716312468014795,0.008063293718735426,0.6510963359722853
661388,2025,L,0.35092925744273035,0.09664534726500809,0.22551076372532175,0.008067243647001458,0.6697766440841674
656180,2025,L,0.32836704638017494,0.10137076432497913,0.27450640351685934,0.008626454912152156,0.6154963772486038
683083,2025,L,0.2716243738460658,0.11360504744124598,0.2598761164628245,0.008623016531101006,0.6178958211268181
696285,2025,L,0.3096771337898276,0.11781323572312995,0.18656906361673345,0.008281353475480844,0.6873363485798161
691781,2025,L,0.26418834771843847,0.08349661240185122,0.29596866939527977,0.008412535242693238,0.6121221829476067
686611,2025,L,0.3271202352078533,0.09282752246714289,0.21783668903107928,0.008157739171873136,0.6811780488540768
645277,2025,L,0.3399335144848822,0.03367043553634679,0.11709464085531221,0.006808110944751351,0.8424268134851637
663624,2025,L,0.35010294468450937,0.056120470105153045,0.2256797465833268,0.007763951804091822,0.7104358325038698
682634,2025,L,0.2921320941059848,0.07934623142427999,0.2477953656085242,0.008084099424821713,0.6647743033680696
681481,2025,L,0.28666840841957697,0.061788173617330425,0.2512488114249646,0.013334753916909463,0.6736282608721201
660644,2025,L,0.2834932257738186,0.08609281260983256,0.19807515603915246,0.007807198149644935,0.7080248324124571
655316,2025,L,0.3202200046511427,0.14238513508886225,0.20562064801939942,0.008827267944965274,0.6431669495486262
664034,2025,L,0.34564843973150816,0.08119771786384672,0.1726386649390354,0.008011597317848167,0.7381520213068652
645302,2025,L,0.29375987220563826,0.08854419973162561,0.2259751622911188,0.008082081865155069,0.6773985559153284
805811,2025,L,0.2405898830672923,0.08093508844399085,0.3125796463939823,0.014042360450901847,0.5924429038268674
689414,2025,L,0.2405898830672923,0.08093508844399085,0.3125796463939823,0.014042360450901847,0.5924429038268674
640902,2025,L,0.2857428427343027,0.08691682053574308,0.2612664657031815,0.008228318123932144,0.6435883954438812
656577,2025,L,0.26551196097139795,0.06293384630686569,0.3724228657681041,0.00846030143586805,0.5561829872328019
669236,2025,L,0.26418834771843847,0.08349661240185122,0.29596866939527977,0.008412535242693238,0.6121221829476067
622761,2025,L,0.30846243933758855,0.0651649116070587,0.23521772635259722,0.007758844594262885,0.6918585176892099
656775,2025,L,0.29986037182278696,0.08917485939335937,0.19183511258143368,0.014420213492721802,0.7045698136498941
643565,2025,L,0.29527001981159445,0.11289996062904056,0.2564115181858021,0.015221772868109135,0.615466748400814
665833,2025,L,0.30415211269602416,0.07597778357607736,0.32355058893639005,0.013568742719231424,0.5869028843891957
686780,2025,L,0.3065075757696418,0.07127882345794924,0.23969454298365755,0.008125373844949107,0.680901259473048
681508,2025,L,0.2873984474960193,0.11002552957103823,0.2576610592452788,0.008621351620733549,0.6236920594693901
642350,2025,L,0.29544678181684214,0.07873064492396567,0.3365510760415927,0.008523057774303868,0.5761952212769123
686668,2025,L,0.3085165726401087,0.07335649454290309,0.28359681017203536,0.008052040344583695,0.6349946551272116
671289,2025,L,0.32869119866205787,0.0845078441941284,0.1375919705692848,0.007857359726596357,0.7700428241708062
571657,2025,L,0.30661234174648905,0.07373232229981302,0.19531066845612607,0.008151445261827308,0.7228055638446778
678662,2025,L,0.29742076722458616,0.0531092711668828,0.27475168409812345,0.008285949443551082,0.6638530935744785
667472,2025,L,0.32346987284065265,0.09367115874048239,0.2548866755152722,0.008470016146197698,0.6429721487228502
686765,2025,L,0.27266645285272256,0.08918832899407712,0.24849306438441604,0.00821270354334833,0.6541059027610072
680869,2025,L,0.29904912921420235,0.09271929422333847,0.28748526725891477,0.008264171594233228,0.6115312655847719
676679,2025,L,0.2690334995980354,0.06916417084231909,0.2953109522757484,0.008159649075115042,0.6273652279183621
666134,2025,L,0.27938926107894957,0.10566829194860483,0.3487098504272597,0.015003545944254862,0.5306183120170561
694671,2025,L,0.353957344797736,0.11795566971768183,0.21351525233268934,0.008415198057226025,0.6601138792810067
606115,2025,L,0.3068723040752357,0.07454193699257294,0.1882093853236319,0.007843400844237059,0.7294052766406245
506702,2025,L,0.27232138524554533,0.079556763286238,0.2511854416663512,0.008414117535371721,0.6608436768560657
666185,2025,L,0.2961044632120626,0.0915826169668725,0.23877290992542105,0.008531343275794991,0.6611131299431147
668670,2025,L,0.3022860317904492,0.10342427691071888,0.2851260921296859,0.008419482149113965,0.6030301489201274
670242,2025,L,0.2994497602911523,0.09487781514769128,0.3533143010628218,0.014676931406678155,0.5371309506194781
642020,2025,L,0.27079633126466934,0.06468383974659536,0.2680543472677728,0.007885708593444257,0.6593761040309999
670541,2025,L,0.37205286520878006,0.0746411338615181,0.2213592128390876,0.013778588413911289,0.6902210640800797
665161,2025,L,0.31498635494170946,0.056057556424833635,0.18915176469542505,0.007373546256302722,0.7474171322263921
656896,2025,L,0.34104982481013957,0.07914868025892981,0.1936247059157065,0.007909206284595611,0.7193174080517852
694388,2025,L,0.23873895949538554,0.07026770315622576,0.342940818443943,0.013419980590000987,0.573371497600242
678225,2025,L,0.2742801840270523,0.09707019600199415,0.2584131439213416,0.014656769730659984,0.6298598908027394
643217,2025,L,0.3062578413335502,0.08268931192813705,0.19991890400900628,0.014190949821222647,0.7032008346715268
622268,2025,L,0.25903501757332853,0.07989212748753906,0.2564692468440265,0.01341515230276401,0.650223473219021
691011,2025,L,0.2576088098130024,0.06766371773144098,0.2652625363416075,0.008003737916697893,0.659070008218212
669289,2025,L,0.3187930342229659,0.08818209690098347,0.12834736820365683,0.007645277363281487,0.7758252572941335
641343,2025,L,0.28098720968766694,0.10243937835250458,0.29313614161540735,0.013792692005349733,0.5906317884876052
650489,2025,L,0.2940641800631266,0.050651828754474576,0.23314341377959935,0.007915991752306166,0.7082887649742252
678894,2025,L,0.30119708111321913,0.07627088484471654,0.24016252732846455,0.007999522294926245,0.6755670657760989
682641,2025,L,0.3091335147814946,0.06838907880740992,0.14357583228509274,0.0074649207424023105,0.7805701684121084
691185,2025,L,0.26418834771843847,0.08349661240185122,0.29596866939527977,0.008412535242693238,0.6121221829476067
575929,2025,L,0.3318143364993986,0.07725446252591527,0.2531280284776514,0.008181801349788478,0.6614357087901431
683090,2025,L,0.26418834771843847,0.08349661240185122,0.29596866939527977,0.008412535242693238,0.6121221829476067
663584,2025,L,0.26418834771843847,0.08349661240185122,0.29596866939527977,0.008412535242693238,0.6121221829476067
664728,2025,L,0.2820538377115355,0.08169670071361118,0.23186815399551966,0.013090741605700257,0.6733444041082272
700242,2025,L,0.26172110972283824,0.07349643212434294,0.3054853275542905,0.012181750113521671,0.6088364914380668
686676,2025,L,0.2882503533438861,0.06886209414787331,0.28230112096568666,0.007883199103763418,0.6409535849422674
660162,2025,L,0.32118066184477884,0.09945346631517764,0.2898417793853968,0.008710409309308218,0.6019943435689796
687263,2025,L,0.3289811840241077,0.08643466309720778,0.22251849009205912,0.00831178353641875,0.6827350635724184
669722,2025,L,0.26418834771843847,0.08349661240185122,0.29596866939527977,0.008412535242693238,0.6121221829476067
677595,2025,L,0.30969059624974155,0.04291279112871405,0.2226572233540375,0.00732302278730044,0.7271069616487839
679845,2025,L,0.3018139957532593,0.09410651405872973,0.154118901302081,0.007365608681332396,0.7444089755023824
669911,2025,L,0.31218608675503734,0.09270116824164172,0.33187823654188553,0.008410297523072438,0.5670102989382448
664068,2025,L,0.2817762394108391,0.06131255588814941,0.2865044860357463,0.008510504788133295,0.6436724527495832
676466,2025,L,0.26418834771843847,0.08349661240185122,0.29596866939527977,0.008412535242693238,0.6121221829476067
683748,2025,L,0.2405898830672923,0.08093508844399085,0.3125796463939823,0.014042360450901847,0.5924429038268674
642086,2025,L,0.29055952121161555,0.07044604999218819,0.22878964570472,0.0136194599832243,0.6871448443639543
682653,2025,L,0.26418834771843847,0.08349661240185122,0.29596866939527977,0.008412535242693238,0.6121221829476067
682988,2025,L,0.28533165575550035,0.08362245747781975,0.28844092157359724,0.008194872222235609,0.6197417482949544
669221,2025,L,0.34996060683274277,0.10071299445916537,0.22683263113925034,0.008375603721050702,0.6640787700340102
682868,2025,L,0.3119848361053118,0.10083445187187476,0.24656280251627988,0.008446017457633384,0.6441567283707144
666182,2025,L,0.37106061255514683,0.05731594151666547,0.17804592431632776,0.007695401111880366,0.756942733145942
607208,2025,L,0.3531946534889098,0.0791742032450296,0.18267138791392556,0.007787434510276706,0.7303669739135639
624512,2025,L,0.2569826239845781,0.07974030751554946,0.23756031433593242,0.01256526280321071,0.670134115766455
690993,2025,L,0.28713518966777457,0.07966596690922022,0.21975159298442826,0.013004657581153073,0.687577783899937
642133,2025,L,0.302581285529595,0.07222817874507792,0.2657980820244064,0.013259332185529852,0.6487144072728105
691026,2025,L,0.3246675070476906,0.09052056562479148,0.15988534476307964,0.00806817696672169,0.7415259127177635
645305,2025,L,0.3012580757492804,0.10062652189096975,0.23473329525756903,0.008075790176952341,0.6565643930371444
663897,2025,L,0.2902211718332441,0.09035198530828306,0.23123842593966568,0.008219296277948063,0.6701902920972214
663967,2025,L,0.24459511684773705,0.06802250956075924,0.2713514757404601,0.013808847853022352,0.646817166770828
641584,2025,L,0.2726260762705567,0.09187347037569922,0.2447776738551804,0.014204196978667106,0.6491446593742999
701350,2025,L,0.2405898830672923,0.08093508844399085,0.3125796463939823,0.014042360450901847,0.5924429038268674
667690,2025,L,0.26418834771843847,0.08349661240185122,0.29596866939527977,0.008412535242693238,0.6121221829476067
666971,2025,L,0.34959720649829545,0.06457859381534618,0.16992524231871728,0.007434905259076229,0.7580612595384906
690976,2025,L,0.26418834771843847,0.08349661240185122,0.29596866939527977,0.008412535242693238,0.6121221829476067
669288,2025,L,0.24105195377841754,0.07140639483486158,0.34501399599123844,0.01424528936122123,0.5693343206285337
518595,2025,L,0.33954412931573497,0.08075960070118822,0.1950607398905986,0.007908569820380682,0.7162710897682386
669257,2025,L,0.3569887758563123,0.10512123778670851,0.1890801018003234,0.008566968001133391,0.6972316921059524
671284,2025,L,0.26418834771843847,0.08349661240185122,0.29596866939527977,0.008412535242693238,0.6121221829476067
691373,2025,L,0.26418834771843847,0.08349661240185122,0.29596866939527977,0.008412535242693238,0.6121221829476067
676801,2025,L,0.31497550238504746,0.09861001824920347,0.24955080720640813,0.008249940227542664,0.6435892350711048
663604,2025,L,0.28317700674583807,0.07763937670247556,0.28599469838149505,0.008379423547666335,0.6279864997885823
656976,2025,L,0.2979672022160399,0.09967850683894641,0.20970939834265687,0.013602284506826923,0.677009811307585
691176,2025,L,0.30874433371664334,0.08440573983884127,0.2534205397534037,0.007922998831015835,0.6542507216331627
686452,2025,L,0.2841604469265519,0.10632827615547237,0.23743333750192455,0.008102498510462085,0.6481358879370115
694359,2025,L,0.2674842240481961,0.1156686627497419,0.3603921200541562,0.01568963778762636,0.5082495811866452
608369,2025,L,0.3521843621375118,0.057998792493674164,0.20418127713615059,0.012416290910391653,0.7254036380209995
677943,2025,L,0.26418834771843847,0.08349661240185122,0.29596866939527977,0.008412535242693238,0.6121221829476067
673357,2025,L,0.32872120174818076,0.05870720999781172,0.2653640019461845,0.007946935104233097,0.6679818537018647
605353,2025,L,0.2842999251550866,0.09521846305283206,0.20838591431788772,0.014513578605825975,0.6818820431608268
649966,2025,L,0.31735135146450216,0.1224464391426294,0.22600366003843875,0.00896057592877192,0.6425893254814473
671083,2025,L,0.298664159853078,0.12029548730218392,0.2267554987583398,0.008281114615094828,0.6446678996737223
694497,2025,L,0.2707932808247526,0.11690521512071042,0.2970309348333391,0.014565294084515453,0.5714985564878315
543760,2025,L,0.3405126005701433,0.1088291584194923,0.16723999751728996,0.00815608857160276,0.7157747560431466
682927,2025,L,0.26418834771843847,0.08349661240185122,0.29596866939527977,0.008412535242693238,0.6121221829476067
666149,2025,L,0.29450262228091617,0.10236698476349906,0.27062824386374423,0.008535844242095202,0.6184689261892028
647351,2025,L,0.31288215927028307,0.07438604739778482,0.16472491091625133,0.007861117395789883,0.7530279239870789
645444,2025,L,0.2823663360014052,0.13360002734492063,0.22476959396165555,0.008562695573387033,0.6330676826809152
664059,2025,L,0.28397505595821626,0.09601471624341883,0.2632904361964896,0.008259118241126072,0.6324357281919989
678011,2025,L,0.2405898830672923,0.08093508844399085,0.3125796463939823,0.014042360450901847,0.5924429038268674
669065,2025,L,0.29244487207123165,0.06277901647773348,0.27985644940552146,0.01293283350418555,0.6444317000101354
672642,2025,L,0.27071905563170595,0.10788022731091056,0.2973182288794255,0.00874608182497712,0.5860554617554407
687529,2025,L,0.242004964902672,0.06691894885297862,0.36281560154281906,0.013148899577291108,0.5571165504522443
702176,2025,L,0.2405898830672923,0.08093508844399085,0.3125796463939823,0.014042360450901847,0.5924429038268674
677588,2025,L,0.2776853283098129,0.08431034993414571,0.2606974741238224,0.01383667326746803,0.6411555018591428
668845,2025,L,0.2672902202556024,0.05703724145760883,0.2836928846475733,0.007858123597770923,0.6514117503321596
671976,2025,L,0.2405898830672923,0.08093508844399085,0.3125796463939823,0.014042360450901847,0.5924429038268674
672569,2025,L,0.2785635383972603,0.06896304272247622,0.22396976988793327,0.008041009793982234,0.6990261777850794
570482,2025,L,0.3374813620271547,0.047468844813403084,0.15614186928305457,0.007338835206895829,0.7890504501872605
668942,2025,L,0.2786894642615621,0.10518565080090769,0.2499573082152083,0.014131017616327407,0.6307260240418738
691182,2025,L,0.27584397131611527,0.06252881207345799,0.22050445959528756,0.007879037715968219,0.7090876908020667
641658,2025,L,0.2873802185098214,0.11060236467260079,0.24200126080687354,0.008481496083961478,0.6389148778541865
676070,2025,L,0.2902047878266583,0.12300427384632477,0.2584956488342655,0.008708240701445153,0.6097918369550521
663837,2025,L,0.3458135931468354,0.09141153620524785,0.1827588918662203,0.008355844109015489,0.717473729030639
680716,2025,L,0.29422302133817035,0.0866948531714856,0.24469054860403255,0.008284711699396837,0.6603298871569779
676356,2025,L,0.29341212143491563,0.07830869060909008,0.19245767802062427,0.00800508919842627,0.7212285425970215
670764,2025,L,0.2922028825302146,0.13137492103671303,0.22365805469445232,0.008470234959769365,0.6364967895848734
642731,2025,L,0.3107543566328616,0.07107802005519791,0.17856948685109997,0.007744997524450344,0.7426074958438941
543592,2025,L,0.33006411650401124,0.11409072868182508,0.16970667991280963,0.008073385516341033,0.7081292059265015
669450,2025,L,0.30315906216687666,0.12263573080103649,0.2620825481189342,0.008358327053308098,0.6069233950360821
642851,2025,L,0.29341892852950857,0.09125089739043261,0.21510602924325295,0.008492046275355436,0.6851510276932975
677941,2025,L,0.27553558582737725,0.07185334941411574,0.2745686882147016,0.007933114234741667,0.645644848257386
666181,2025,L,0.2567371834912934,0.10784895251691816,0.3717628903163094,0.014003854002121173,0.5063843028162036
663586,2025,L,0.36410611803408277,0.07717582020668372,0.2438249920260873,0.008236015463500796,0.670763172886404
677870,2025,L,0.2953739029615888,0.11598894501732655,0.2629698143462406,0.00889698620307676,0.6121442537896382
679032,2025,L,0.28798256885318324,0.06824377607336368,0.1978040851858575,0.007776620427967665,0.7261755192504585
642136,2025,L,0.2781943345537646,0.11342021551625606,0.3010594263111757,0.014667247996778071,0.570853110059411
670097,2025,L,0.3012495436865396,0.1338036581068775,0.2649821632707311,0.008948377799389942,0.5922658007053654
455117,2025,L,0.29659200998848323,0.10027678534537059,0.27542171319832714,0.008554549119468995,0.6157469524970138
810938,2025,L,0.26418834771843847,0.08349661240185122,0.29596866939527977,0.008412535242693238,0.6121221829476067
677956,2025,L,0.29263537189009076,0.055141259706676785,0.27857863460407023,0.007823497080612082,0.6584566092730447
665923,2025,L,0.26686235925579455,0.07737091797176825,0.22270557221747114,0.007976114052857985,0.6919473955385712
542932,2025,L,0.3211460514598231,0.12818751285289245,0.22062111850595376,0.008476900944604134,0.6427144686266503
663536,2025,L,0.26418834771843847,0.08349661240185122,0.29596866939527977,0.008412535242693238,0.6121221829476067
621028,2025,L,0.31628924437631645,0.07393182226716498,0.10857235554292581,0.007207120731708145,0.8102887007365501
669004,2025,L,0.30145936054325967,0.09102423186793465,0.2567671407504603,0.01407550631291549,0.638133121114993
689172,2025,L,0.26407667960397874,0.08583694739123365,0.2583984786824799,0.01389629554560441,0.6418682787165566
606992,2025,L,0.30352147825717846,0.07023530140703561,0.2923479347423146,0.008456166552208511,0.6289605986351282
656582,2025,L,0.32057182204774465,0.1310028185597,0.217187660031606,0.008490379730786412,0.6433191424863041
607732,2025,L,0.3180936482600757,0.10048465641463075,0.19878697412428872,0.008063703247892517,0.692664666385905
694376,2025,L,0.3194084974680937,0.07646258403079459,0.2097038016390531,0.008102326524152574,0.705731288660279
572138,2025,L,0.27430382322798025,0.10794338931744221,0.3058107567872361,0.01469910994390925,0.5715467432881218
691785,2025,L,0.2405898830672923,0.08093508844399085,0.3125796463939823,0.014042360450901847,0.5924429038268674
624585,2025,L,0.35251503836840387,0.10363865768753724,0.2604903586755512,0.008474076461351142,0.6273969084292416
669717,2025,L,0.26418834771843847,0.08349661240185122,0.29596866939527977,0.008412535242693238,0.6121221829476067
664774,2025,L,0.3210458620558325,0.12706871605123973,0.22455049236281366,0.015402545186083607,0.6329782467652736
679822,2025,L,0.28332907317092304,0.08403766568435014,0.2854228544236102,0.008643874238368201,0.6218956066124671
672016,2025,L,0.26418834771843847,0.08349661240185122,0.29596866939527977,0.008412535242693238,0.6121221829476067
678391,2025,L,0.2405898830672923,0.08093508844399085,0.3125796463939823,0.014042360450901847,0.5924429038268674
675915,2025,L,0.2810853795570367,0.08193710601552961,0.2700044825028474,0.008317383788013106,0.6397410281046045
669134,2025,L,0.3160618441436938,0.07106502151512424,0.16400844973894776,0.007766615997885097,0.7571599114364793
685744,2025,L,0.26418834771843847,0.08349661240185122,0.29596866939527977,0.008412535242693238,0.6121221829476067
641555,2025,L,0.2405898830672923,0.08093508844399085,0.3125796463939823,0.014042360450901847,0.5924429038268674
687952,2025,L,0.32585494454049324,0.06323997972017596,0.2692997700964759,0.008224978093719582,0.6592352747985556
656413,2025,L,0.2986730707769308,0.1150447104880222,0.2707259493110794,0.008322744764548612,0.605906596914946
592192,2025,L,0.33446194066381657,0.11655103831175875,0.2003080319310296,0.008769942754900268,0.6743709879580858
518934,2025,L,0.35971226152327035,0.09936365487376836,0.1482584912973428,0.007792360217526174,0.7445854928729351
596142,2025,L,0.3484214400815688,0.09240877538805219,0.2613181451293533,0.008422909035816908,0.63785016969562
676116,2025,L,0.28444145301953183,0.12182296960453137,0.34830985818578125,0.015535600051430004,0.5143315719680065
642727,2025,L,0.2758037080149359,0.10572655152477001,0.2558890446566107,0.008558998202514385,0.6298254056299681
677060,2025,L,0.26418834771843847,0.08349661240185122,0.29596866939527977,0.008412535242693238,0.6121221829476067
681962,2025,L,0.27040374274383344,0.10523960645284218,0.2573201248070818,0.008720319853564784,0.628719948689191
657041,2025,L,0.3282674493898261,0.1060729640148438,0.21573972739587688,0.008303822289910459,0.6698834867809002
657077,2025,L,0.31597388218946915,0.08035107815560295,0.16149328943149166,0.013961898558286298,0.7441937320940903
682729,2025,L,0.28777492779896907,0.08551105741192504,0.2445807551468661,0.00824123306706461,0.6616669531776249
644433,2025,L,0.28277586790145626,0.060982471807604535,0.2589541515782842,0.0077149695169559515,0.6723484069302986
681146,2025,L,0.3173793190603591,0.1262393103163365,0.16329819124825162,0.008706582649659645,0.7017559158870282
671221,2025,L,0.28279630376987186,0.07422702617496978,0.2892412510929599,0.007998966301221645,0.6285327566355895
656541,2025,L,0.26052283886555266,0.09270281367701676,0.3957761205256143,0.014228303708157914,0.49729276070435735
642180,2025,L,0.2587498128827493,0.10491073761217744,0.25323044132971995,0.01475058131595785,0.6271082395313584
676480,2025,L,0.2710616499759474,0.07426226131217997,0.32064291671042533,0.008177462029692219,0.5969173600489738
676724,2025,L,0.25185563283231305,0.08289892752802108,0.3448564101732381,0.014380884292945744,0.557863778319675
660688,2025,L,0.3174414363498685,0.052685263806906066,0.08429373235011593,0.006121536414651461,0.8568994680944202
605244,2025,L,0.2812429426100962,0.07388352441069188,0.2784556685089596,0.00827543179792102,0.639385375468248
695257,2025,L,0.2935475918491684,0.07207850020119733,0.3242979070285263,0.008373954511094142,0.5952496392125822
670224,2025,L,0.23510522629606598,0.08123951629647808,0.3435617570119519,0.013960797754011439,0.5612379284744419
670092,2025,L,0.26051682818172234,0.09354522608971293,0.27900669743161877,0.01433978054434754,0.6131082971037398
641645,2025,L,0.2920760419538977,0.1168624813892334,0.1729041410835308,0.015322442531925076,0.6949109357615416
692225,2025,L,0.26418834771843847,0.08349661240185122,0.29596866939527977,0.008412535242693238,0.6121221829476067
682183,2025,L,0.2405898830672923,0.08093508844399085,0.3125796463939823,0.014042360450901847,0.5924429038268674
663898,2025,L,0.33623046211209934,0.08522110635394123,0.2117764465789677,0.007872725345959996,0.6951297223940652
641943,2025,L,0.29065430619418625,0.08302377351773456,0.2187025093710948,0.014027117843150026,0.684246598816717
624513,2025,L,0.2481897582810927,0.10763248593131125,0.3525609909102666,0.015327711812393672,0.5244788116602324
669374,2025,L,0.3038479441680723,0.09301094718104638,0.3582976494569635,0.008907096975921323,0.5397843077585447
668723,2025,L,0.2911798037454209,0.06858793219249197,0.2272990886481719,0.00789340114350869,0.6962195770135527
663662,2025,L,0.3063801591122988,0.0971764304265716,0.27360995803672045,0.008462177091506777,0.6207514337773552
622569,2025,L,0.3248172500826899,0.10068038395747475,0.1916616062195953,0.008450380793320942,0.6992076288047135
656248,2025,L,0.3027516196171213,0.10316847908212487,0.28332169538600566,0.00850049445749708,0.6050093308658319
665750,2025,L,0.30653032900772387,0.08722755768353699,0.24519561654697852,0.007982311991230987,0.6595945148567199
668974,2025,L,0.26418834771843847,0.08349661240185122,0.29596866939527977,0.008412535242693238,0.6121221829476067
664913,2025,L,0.28540586984272986,0.06987007801318834,0.2864200776592627,0.013668570667181737,0.6300412722845831
682848,2025,L,0.300674893576652,0.08948736639675998,0.21766180415885536,0.00800135752538867,0.6848494720832038
680118,2025,L,0.29474984256119785,0.08349637344989617,0.27134211642262196,0.008041526397738936,0.6371199849472067
680769,2025,L,0.2423010474353092,0.07137479475592101,0.3088911472476341,0.013656087538108548,0.6060779691636381
571466,2025,L,0.2527199710985189,0.0947768406066346,0.2810594503736918,0.01467210382781876,0.609491604582766
683021,2025,L,0.3053638980956699,0.1046731271952244,0.12450580105739414,0.00783065293274174,0.7629904185611854
670223,2025,L,0.25890599115814705,0.07064598742693191,0.3353658965884759,0.013725885099023765,0.5802622311077317
665804,2025,L,0.3229598006612497,0.0817185975224088,0.20293288228934722,0.007960515206533354,0.7073880055797974
607680,2025,L,0.31766301392221097,0.04662175225032177,0.1546135208440843,0.0074609881128972965,0.7913037384553514
605361,2025,L,0.2847144335091987,0.09962260202846376,0.2230349142531194,0.014205258879629755,0.6631372248937073
677347,2025,L,0.2879895278786489,0.10155532670770923,0.285474919418425,0.008455734623065167,0.6045140194228198
641313,2025,L,0.30153987563837714,0.040652510780287726,0.21997549700438648,0.007592911723761854,0.7317790807707747
668731,2025,L,0.25741082759427264,0.09468400299289426,0.3035249071876853,0.014188832151592607,0.5876022572679227
677008,2025,L,0.27098375816321896,0.057836723221167445,0.2953144174902021,0.012115716649117014,0.6347331421850525
592669,2025,L,0.33909459678421705,0.07820183522389496,0.23968083025765494,0.00807560495352491,0.6740417298279893
669256,2025,L,0.3201133656089533,0.0965521785402527,0.17861133838769544,0.00837539716158035,0.7164610869296019
669087,2025,L,0.2898541439433682,0.07319842564708362,0.3463686835643754,0.007992561647430814,0.5724403281130769
681584,2025,L,0.2962051146903621,0.12100550922918528,0.29843285235224787,0.008686941345471577,0.5718746965356589
621512,2025,L,0.27426698909907093,0.045599655425757286,0.2715565975414658,0.007551390730523151,0.6752923565794265
685301,2025,L,0.26418834771843847,0.08349661240185122,0.29596866939527977,0.008412535242693238,0.6121221829476067
701305,2025,L,0.2909811866285249,0.08047606017587783,0.30084442530896777,0.00850555281651333,0.6101739607413362
608671,2025,L,0.2546100009442163,0.11936359463867655,0.2779154965675082,0.01463573462235943,0.5880851744284845
640492,2025,L,0.2922202295546754,0.04529141409581014,0.2343101705728094,0.007473783962089019,0.7129246319818306
680911,2025,L,0.3030610449256712,0.07383321849263608,0.1880473420814941,0.008032053042783918,0.7300873851906362
690291,2025,L,0.26721345355168763,0.09789424083564681,0.28922061507441543,0.01469173545874539,0.5981934090097086
624415,2025,L,0.2873966356396659,0.1418351813296284,0.2972349588732796,0.01570415427678048,0.5452257053993497
665828,2025,L,0.29927902555551505,0.06810055224401654,0.20381979346098625,0.007907454850604647,0.7201721990457876
676701,2025,L,0.27845868330048373,0.06997788184852645,0.23222681625360653,0.007986242024388638,0.6898090603684227
518792,2025,L,0.30553525312422686,0.0776436455824939,0.1942378831578771,0.01385192601210172,0.714266544484855
674441,2025,L,0.24012323033076077,0.11169132689106966,0.3070487682474219,0.014696410167322111,0.566563494972878
660757,2025,L,0.32133686518632776,0.04515482797389562,0.22478747251815642,0.007080203138956282,0.7229774971533873
663609,2025,L,0.3170562909610919,0.09764169305322386,0.2987302771114079,0.008743885995587746,0.5948841445849167
694362,2025,L,0.27820549860874544,0.10095272386617128,0.2941906848580501,0.00850723326613372,0.5963493577892727
670032,2025,L,0.2735484346402793,0.1031797758750626,0.164533040002676,0.014050520879348946,0.7182366637483479
605131,2025,L,0.31296977173946927,0.12334953184797166,0.22610337424729302,0.008474086227588966,0.6420730079039693
669392,2025,L,0.2688289934817596,0.07968399724314913,0.2826898192981073,0.008456376887943954,0.6291698070828539
665839,2025,L,0.29706019496738684,0.09170683379910473,0.23647046735204327,0.015099786765414314,0.6567229131956148
689041,2025,L,0.2405898830672923,0.08093508844399085,0.3125796463939823,0.014042360450901847,0.5924429038268674
666915,2025,L,0.3134651262784515,0.07884981463372788,0.3338191989348515,0.008458393136023838,0.5788725936459163
605113,2025,L,0.28695070838226283,0.07327777849047187,0.2008844905692213,0.007852989546092294,0.7179847407285003
671213,2025,L,0.31026349052434404,0.10312904689729153,0.2861281844335652,0.013546088667112731,0.5971966804393498
666165,2025,L,0.2582606528649748,0.0792548700633534,0.34272346066468473,0.012354659900464754,0.5656670098652136
605204,2025,L,0.32946714816361017,0.09345357051297148,0.2605155607650886,0.008244239487728441,0.6377866308190177
669003,2025,L,0.2686239145298457,0.10223448186524392,0.3279060161965088,0.014471439128438533,0.5553880632281386
600869,2025,L,0.3231871256897196,0.08821437385483126,0.20103890080512604,0.008226233136165207,0.7025204922343006
672284,2025,L,0.2805087610621559,0.07451344166444539,0.3031086137616053,0.013510277936463378,0.6088676663412423
691728,2025,L,0.2405898830672923,0.08093508844399085,0.3125796463939823,0.014042360450901847,0.5924429038268674
542963,2025,L,0.2377838877130483,0.05679787120881995,0.27609265263158006,0.012524958095038391,0.654584517352428
493329,2025,L,0.3473526243294293,0.06628499809614702,0.10545617621959058,0.007081036618217673,0.8211777892475018
702358,2025,L,0.305803471073231,0.06475902988566475,0.18914696607418702,0.007586019266233002,0.738507984390988
687957,2025,L,0.25915707143314726,0.07712622677372497,0.26970423522968173,0.01377021018139464,0.6393993276724779
608385,2025,L,0.3167370337653975,0.11452892472614877,0.20990121537811685,0.014434989247310782,0.6611348698974165
672279,2025,L,0.24576562177787256,0.09907708114949734,0.30082598887869116,0.014974488281974768,0.5851224421681033
668952,2025,L,0.28801374574150923,0.11471239545631538,0.277242368500728,0.008352765148090817,0.5996924720382342
663796,2025,L,0.2639154429275885,0.06209812192015559,0.27979491771947834,0.008058172154478639,0.6500487870922042
650559,2025,L,0.33980617501089466,0.07071481380760207,0.2049848021789687,0.008131061643104988,0.7161693222294817
686554,2025,L,0.2506924996969933,0.11052200191073154,0.37280247766539176,0.015120606978858546,0.5015549131594579
592178,2025,L,0.34072867269347806,0.09684621205746637,0.2343718312732517,0.008164552394722469,0.6606174049606458
553882,2025,L,0.28545242386406544,0.0921616085746784,0.2118072976165445,0.014407443243105259,0.6816236501759675
669304,2025,L,0.33071844150248664,0.05924129620461376,0.1720800868617733,0.007510383015237439,0.7611682338497904
691907,2025,L,0.2405898830672923,0.08093508844399085,0.3125796463939823,0.014042360450901847,0.5924429038268674
665155,2025,L,0.2771914128067973,0.09990283291265888,0.29506428760043585,0.014839993298328545,0.5901928863178364
669208,2025,L,0.2880387352313036,0.09775251423202069,0.28468355747949314,0.008375934053949069,0.6091879939653727
622534,2025,L,0.33515938616035307,0.08863770455394432,0.15562191234019393,0.007959935293505018,0.7477804484658968
669398,2025,L,0.24058988306716736,0.08093508844406462,0.31257964639421065,0.014042360450902633,0.5924429038265644
678009,2025,R,0.3221098666501705,0.10892261016809934,0.23808090916008018,0.00879219246583787,0.6442042883334305
668670,2025,R,0.2792851972977418,0.09130649573108696,0.3080597581114625,0.013658375261942232,0.5869753708194317
628451,2025,R,0.2949737649964962,0.06234863583787305,0.19468804049189273,0.012792832424611093,0.7301704915328662
700242,2025,R,0.3061083534889426,0.08257931145333938,0.26498627521275453,0.008196003229075403,0.644238409538522
595879,2025,R,0.29352561559841595,0.028805566684756576,0.2746108141728045,0.010397723548001532,0.6861858957955702
680776,2025,R,0.3458747614156975,0.09229638811110517,0.2077715679470899,0.008299977277131042,0.6916320668304877
686765,2025,R,0.28326114247919565,0.09402724522160551,0.2437399520646187,0.008598121984098726,0.6536346810614193
666152,2025,R,0.3052337995431115,0.099144621047578,0.22542235670965532,0.008269381615911014,0.6671636407910212
672761,2025,R,0.30625615861811695,0.09707549289878806,0.20901338366414468,0.008780440675741045,0.6851306823336072
681481,2025,R,0.3257955888046717,0.06839157985079804,0.23748805306453952,0.008504766519540043,0.6856156007548873
669234,2025,R,0.2799733740915934,0.10794476107115832,0.32237814218447214,0.014288315498567678,0.5553887817527874
657136,2025,R,0.28216859785951254,0.06255685795576794,0.27576813176957826,0.013179039605177563,0.6484959709999701
663993,2025,R,0.36294564359490283,0.11107820126587707,0.21601446057994717,0.008540092274396545,0.6643672460500936
677800,2025,R,0.3426403624631553,0.0909337177244088,0.2461093920937347,0.008731193890736646,0.6542256965076558
678882,2025,R,0.27182747667072277,0.03928342486970873,0.2630443610638273,0.011369952462898866,0.6863022620110911
807799,2025,R,0.34777847642147935,0.09105776683966896,0.1389407394299561,0.008227924239735791,0.7617735692330867
596115,2025,R,0.30436746874388754,0.06089516822138932,0.27989611986199264,0.012938583233895002,0.6462701292171279
656716,2025,R,0.3185093675242338,0.09554291105822119,0.21769438764703353,0.008497351559684061,0.6782653503771269
694377,2025,R,0.29353042869252444,0.07036177405570962,0.26641741344301534,0.012751496876199305,0.6504693154511895
665833,2025,R,0.3566811433391629,0.08529158449645424,0.27996887610012156,0.008623979650038862,0.6261155593070759
663698,2025,R,0.2873181121991662,0.07308920756364083,0.31605891908812184,0.013742974873711204,0.5971088987481081
673490,2025,R,0.310916617131348,0.10933205484292664,0.1890919747968994,0.014134169311209551,0.6874418008952764
686948,2025,R,0.2758239723426425,0.08942084411228524,0.28140056593918056,0.00869620276884501,0.6204823867084855
660670,2025,R,0.3792326367474365,0.0809096676208572,0.22111077610731772,0.013433752931620928,0.6845458039897057
621566,2025,R,0.37924821590652374,0.09755148808713561,0.24803232123971583,0.00882355745020055,0.6455926327262117
595777,2025,R,0.33147072474910233,0.11649497748638092,0.18383188810114756,0.00889450799039028,0.6907786258383459
669397,2025,R,0.26922653412191155,0.07958655793852706,0.19797745137373132,0.012943984020715898,0.7094920068108307
687462,2025,R,0.3317447756648883,0.11008017915044248,0.19755982268498987,0.008792887582894149,0.6835671110596626
669261,2025,R,0.34243494154223264,0.1264883950873111,0.2806778898489312,0.009124597018517451,0.5837091173973976
693304,2025,R,0.30136487942347423,0.06308643328942438,0.22112588535761127,0.01248437288901165,0.7033033079331428
805373,2025,R,0.2633085635870876,0.0706488874525279,0.2830892626953007,0.013366594952216452,0.6328952550099245
542303,2025,R,0.3493060572676673,0.05561581416947074,0.22079643741424962,0.0125440279476133,0.7110437201994715
671739,2025,R,0.35874326962607644,0.05733127618056754,0.20086166301429945,0.007676022135665722,0.7341310387057787
672744,2025,R,0.254837481699278,0.07353363057932318,0.3474687157133283,0.013409381648011597,0.5655882722301914
457705,2025,R,0.3282491829223993,0.11176105303359088,0.22552987260293839,0.014037329120689545,0.6486717461910063
502054,2025,R,0.33200601152695813,0.1044888814362015,0.24248539016314735,0.013883078982069074,0.6391426486013505
669707,2025,R,0.27860980581162587,0.08638791634710509,0.2846215211152188,0.013294364062579483,0.6156961992594279
596019,2025,R,0.3497052009892082,0.07908786211171065,0.16933696342698046,0.008340942252710207,0.7432342322030763
656775,2025,R,0.3271145203006857,0.09597478567445447,0.18579402304071782,0.008589964592296911,0.7096412270759967
677595,2025,R,0.32177319403418825,0.04937810109982989,0.2176540908841633,0.00787855979617983,0.7250892480122876
682626,2025,R,0.3139758568488488,0.07701028448822551,0.2518461296797523,0.012341609686579094,0.6588019768029251
643446,2025,R,0.3328939107841213,0.06922083425132468,0.12770964590517658,0.00754096570307772,0.7955285538733281
668901,2025,R,0.3037744274659117,0.05570305026839966,0.2767261906927113,0.012445161263723492,0.6551255973759338
607043,2025,R,0.3456007065320651,0.14824333236520373,0.23600719719677626,0.009035097196090289,0.6067143743056996
624413,2025,R,0.3645496478854944,0.06670031197606593,0.22992019850091955,0.013132892089277192,0.6902465975710167
672640,2025,R,0.3037177938157888,0.06411098886841261,0.1700196292894985,0.012466314550606558,0.7534030670985722
805300,2025,R,0.2758239723426425,0.08942084411228524,0.28140056593918056,0.00869620276884501,0.6204823867084855
682663,2025,R,0.24188619176506665,0.06908740552406918,0.3203844122871647,0.013055919027815015,0.5974722631559297
669364,2025,R,0.3070227848498882,0.10134953743365824,0.155090319742462,0.008044612699026699,0.7355155302902073
691594,2025,R,0.2817999575564935,0.05253453605210633,0.17617659124936214,0.011946761012384798,0.7593421113550954
665742,2025,R,0.41104749418030523,0.14817203300028425,0.18480003967923206,0.008715810357137319,0.6583121169498958
676724,2025,R,0.2920811924350145,0.09436838418379967,0.32416166093719423,0.008965302588936845,0.5725046516992333
640459,2025,R,0.2627976586155231,0.05844134688919603,0.27261486960341436,0.012646214464122943,0.6562975686631896
681715,2025,R,0.24188619176506665,0.06908740552406918,0.3203844122871647,0.013055919027815015,0.5974722631559297
676572,2025,R,0.3080664906368604,0.06238519111665693,0.22160252823469914,0.012216050737253677,0.7037962296809944
681393,2025,R,0.2900087955779033,0.07015566465862959,0.2711826425894485,0.01255685357752474,0.6461048387666442
621438,2025,R,0.2978446544997319,0.05802753879065837,0.224836142092751,0.012685159214882768,0.70445115993693
677587,2025,R,0.2771343681704524,0.08500757864905198,0.22364801078254165,0.008411657950603049,0.6829327527893682
690984,2025,R,0.2758239723426425,0.08942084411228524,0.28140056593918056,0.00869620276884501,0.6204823867084855
666310,2025,R,0.31624158796962487,0.1046568286160245,0.24324995873746375,0.00885373957481547,0.6432394732329296
641856,2025,R,0.3074107833258388,0.10831015434048498,0.2616895229977245,0.008876126819579491,0.6211241960715693
641680,2025,R,0.32717765471757115,0.08348017179030515,0.1832974230841944,0.00831164586669685,0.7249107599444751
677649,2025,R,0.29635491497120353,0.05006273340622407,0.2434900933468623,0.012016734587995246,0.6944304386960221
642133,2025,R,0.3504611164877176,0.07841816019322446,0.2243689576910323,0.008423678325692505,0.6887892045616975
666969,2025,R,0.3200880944109231,0.0558371787492897,0.2584121775358663,0.012629140493223407,0.6731215044116381
671655,2025,R,0.2758239723426425,0.08942084411228524,0.28140056593918056,0.00869620276884501,0.6204823867084855
608070,2025,R,0.3547496331217077,0.08567804647028512,0.13290262994449648,0.00867182943338529,0.7727474945939604
682657,2025,R,0.29648271475548577,0.07967156173993277,0.18468792851113625,0.008348238867342848,0.7272922714278529
680757,2025,R,0.33242411085506585,0.12034232259410708,0.09634799358081148,0.008743302429523201,0.7745663817789722
673962,2025,R,0.30228222484225653,0.05842098054594632,0.2722912191367167,0.011724634074303466,0.6575631665710543
592626,2025,R,0.3548056290608455,0.09248852889998684,0.24513129215268606,0.008720460043158467,0.6536597188285315
680737,2025,R,0.25941501874585454,0.06910271450918101,0.2961120901779483,0.012923538074791373,0.6218616571645845
692216,2025,R,0.2758239723426425,0.08942084411228524,0.28140056593918056,0.00869620276884501,0.6204823867084855
682177,2025,R,0.29304436673542894,0.10256038406102036,0.2721676747873339,0.008519599347553952,0.6167523416782363
700932,2025,R,0.312791652153529,0.10185195346942227,0.275832322640502,0.00897867539878341,0.6133370484031035
683227,2025,R,0.24188619176506665,0.06908740552406918,0.3203844122871647,0.013055919027815015,0.5974722631559297
696030,2025,R,0.2758239723426425,0.08942084411228524,0.28140056593918056,0.00869620276884501,0.6204823867084855
669394,2025,R,0.3265637343424595,0.05429332123233602,0.27869300569088556,0.01142702824214926,0.6555866447325319
643396,2025,R,0.2925815545921858,0.06982727447713169,0.15391233593112844,0.01298016368556515,0.7632802259112548
672386,2025,R,0.3491622612111452,0.0958977924205793,0.1472308124173853,0.0136153577872971,0.7432560371499857
662139,2025,R,0.33062700441556864,0.09745785249201316,0.24426329449611794,0.008915423307250807,0.6493634301932528
664770,2025,R,0.31105446633708483,0.08667839920263987,0.18719129792549735,0.008385709216515274,0.7177445927166561
676044,2025,R,0.2758239723426425,0.08942084411228524,0.28140056593918056,0.00869620276884501,0.6204823867084855
700246,2025,R,0.24188619176506665,0.06908740552406918,0.3203844122871647,0.013055919027815015,0.5974722631559297
656484,2025,R,0.2849016872484643,0.08492117504202122,0.32067074175412175,0.008663998508646343,0.5857440848681069
665489,2025,R,0.3775055332166393,0.06090375652933438,0.16365344354445743,0.012206024279340328,0.7632367762025891
665926,2025,R,0.3017049244314707,0.06619019359453365,0.19720317571992305,0.008117798214138695,0.7284888333406919
543807,2025,R,0.3403280579084803,0.08757813348262009,0.20540806640530496,0.013264924500465975,0.6937488757727533
664702,2025,R,0.29980395869940557,0.10884401252624402,0.17400319636539782,0.013774350878706357,0.7033784403527537
676391,2025,R,0.2936043327459038,0.04408886943988546,0.10461738764317687,0.01082236116348082,0.8404713818280276
680718,2025,R,0.323471985301297,0.0915190492199839,0.24219185650293548,0.008218923545530617,0.6580701711448899
691406,2025,R,0.3275990290062914,0.05316254319774659,0.22735690660180172,0.01206146130079784,0.7074190894776881
680700,2025,R,0.31659782435510386,0.11339907999531089,0.17555231936141155,0.00854403708991756,0.7025045628752021
623993,2025,R,0.34726912956937145,0.06861694338308937,0.19232168150344295,0.00831330610055266,0.7307480693020333
676439,2025,R,0.2806703373427255,0.08768048418268573,0.2452755549938097,0.008443874342657292,0.6586000869521471
663968,2025,R,0.2758239723426425,0.08942084411228524,0.28140056593918056,0.00869620276884501,0.6204823867084855
666139,2025,R,0.3310856876877903,0.07983361314682243,0.24174805010667189,0.008563167747163732,0.6698551685903136
666018,2025,R,0.33188488671369826,0.1048576579007214,0.22443927182085913,0.00884154766506521,0.6618615229032203
668715,2025,R,0.30133780570953544,0.08899534112352553,0.23243274195263072,0.013895920749725066,0.6646759962388442
682829,2025,R,0.3268668101152921,0.09401008622045925,0.29449820002028027,0.00849321861515343,0.6029984959769387
609280,2025,R,0.3132784302061587,0.044998942648147515,0.14475447897458363,0.011829812399539607,0.7984167658333017
683734,2025,R,0.33042246120417695,0.059755319229937064,0.18619309494336286,0.012490233176626548,0.741561352620727
668930,2025,R,0.31593341087195254,0.11157275362613316,0.17888553276007027,0.008662253991026624,0.7008794596596682
694192,2025,R,0.30807014223161633,0.0699318572923238,0.23205990946218688,0.01189335680559538,0.6861148751539187
592885,2025,R,0.3585729222108579,0.1083667165498477,0.22731410023627527,0.008678854925102036,0.6556403281960699
643376,2025,R,0.327265705753737,0.09369884731874782,0.1980938797114778,0.01354464274667669,0.6946626300448744
687401,2025,R,0.30430177973972855,0.09524665434031959,0.23291951605166913,0.013597868005269624,0.6582359618013648
663368,2025,R,0.29850579660922966,0.13682228196639715,0.2518558870832809,0.009322256040144802,0.6019995755605287
702332,2025,R,0.24188619176506665,0.06908740552406918,0.3203844122871647,0.013055919027815015,0.5974722631559297
680574,2025,R,0.2956202589297834,0.10131542093577621,0.2989244781608028,0.014234381521375064,0.5855257191269162
663886,2025,R,0.3166803856398561,0.09631640970520855,0.23682232853464014,0.013284466033044335,0.6535767963846116
663647,2025,R,0.3231198696026998,0.07221864282769318,0.20588208224301385,0.01313930867713051,0.7087599656269584
686217,2025,R,0.3028652568472543,0.12296273083501259,0.14793338372521614,0.00860254724113799,0.7205013384563093
655316,2025,R,0.29441878007878486,0.10972632526902647,0.2262147406296979,0.014085286704030585,0.6499736468103088
686555,2025,R,0.2786110233623254,0.11998292896628632,0.3097597526438229,0.00914290536739039,0.5611144129214258
641343,2025,R,0.31915261183838706,0.12066136355639474,0.26858931593882673,0.008691447747317258,0.6020578726825352
624431,2025,R,0.29199067794430944,0.06256271396372329,0.18990238351564817,0.01115359160959655,0.7363813116384843
666158,2025,R,0.32000939763698233,0.10776524939799235,0.21847881365259844,0.008565331958660435,0.665190605191238
682622,2025,R,0.28691685890401447,0.06025553214618484,0.25680306214211535,0.012368058939518351,0.6705733471190595
670770,2025,R,0.32128325769483473,0.11762129064431909,0.17713152768558144,0.008710829057279355,0.6965363519610142
683083,2025,R,0.27662337079314414,0.12549003320358615,0.2598293140470298,0.009003920562952584,0.6056767318035184
690987,2025,R,0.2758239723426425,0.08942084411228524,0.28140056593918056,0.00869620276884501,0.6204823867084855
691781,2025,R,0.24188619176506665,0.06908740552406918,0.3203844122871647,0.013055919027815015,0.5974722631559297
656180,2025,R,0.29895146247359394,0.07682263287556239,0.3005425207187136,0.01346896668767723,0.609165879031447
671277,2025,R,0.3365856121734942,0.05591399620840416,0.15701961887687677,0.007049873194857954,0.7800165123591015
686611,2025,R,0.29827450244091336,0.07981539876439622,0.24542651648626643,0.013313823925990882,0.6614442610170199
681460,2025,R,0.3079825303522379,0.07572050835011038,0.25072574913803386,0.008321728461032386,0.6652320147661811
700337,2025,R,0.2758239723426425,0.08942084411228524,0.28140056593918056,0.00869620276884501,0.6204823867084855
678246,2025,R,0.3017053404951314,0.1065607508254627,0.21848129445789452,0.013900887529725788,0.6610570660230956
695578,2025,R,0.3650237034338737,0.12676855620543256,0.27040171706407534,0.008801528570588156,0.5940281988198636
696285,2025,R,0.28641539163436786,0.09127955056488556,0.2081414674920932,0.01314611999644312,0.6874328628010873
805367,2025,R,0.24188619176506665,0.06908740552406918,0.3203844122871647,0.013055919027815015,0.5974722631559297
572191,2025,R,0.27234591657719015,0.0670401751625149,0.31801168601857915,0.013099600926894245,0.6018485378672371
695734,2025,R,0.2758239723426425,0.08942084411228524,0.28140056593918056,0.00869620276884501,0.6204823867084855
666150,2025,R,0.28671868249914806,0.07942849034613017,0.21980101935985377,0.008445439911684326,0.6923250500110727
672820,2025,R,0.2940676510220138,0.04670612162270163,0.20982170238598274,0.0125113992703889,0.7309607762977648
605137,2025,R,0.359286438604246,0.08892604740492345,0.18872375349591394,0.008387101610184872,0.713963097254474
682928,2025,R,0.3238222181224337,0.06082284273304423,0.18402884287865745,0.007987829849435203,0.7471604845249178
695657,2025,R,0.2758239723426425,0.08942084411228524,0.28140056593918056,0.00869620276884501,0.6204823867084855
691019,2025,R,0.2758239723426425,0.08942084411228524,0.28140056593918056,0.00869620276884501,0.6204823867084855
663538,2025,R,0.31205829680054237,0.06863817914289576,0.12307464057734416,0.012605026292936033,0.7956821540255263
624512,2025,R,0.2884556134521257,0.08107828124706752,0.21141273902386762,0.00802505630676984,0.6994839231347092
650489,2025,R,0.29441204168385776,0.07104145705297259,0.2561068924483579,0.008475414395252946,0.6643762360951433
457759,2025,R,0.3395750976387254,0.07791416710698269,0.15646521130884805,0.0132692607415643,0.7523513596688053
691718,2025,R,0.2884441862357055,0.048279422851835056,0.2824877094494901,0.007710558673506532,0.6615223096156276
694208,2025,R,0.2758239723426425,0.08942084411228524,0.28140056593918056,0.00869620276884501,0.6204823867084855
673548,2025,R,0.33217750361289156,0.1087152670320416,0.2535073577010375,0.014565583352835582,0.623211791909931
663656,2025,R,0.3915672479481835,0.0970316695681019,0.1598406400664058,0.008062563471394939,0.7350651275453164
682634,2025,R,0.2689480439050734,0.06528910439934528,0.2702194090975067,0.012617654534009645,0.6518738325628344
683737,2025,R,0.3320408111127941,0.1264486345893563,0.27229312083094437,0.00896381977453024,0.5922944256404704
669357,2025,R,0.33780967409821716,0.0969221562947587,0.3218786821508673,0.008842311338092174,0.5723568498544228
671056,2025,R,0.30606427581809165,0.08835898744860399,0.25146542868044436,0.013838259587732977,0.6463373246215294
665877,2025,R,0.28909935001573045,0.10523648248071212,0.1777745897332308,0.014147541946844273,0.7028413864116306
701675,2025,R,0.2758239723426425,0.08942084411228524,0.28140056593918056,0.00869620276884501,0.6204823867084855
687363,2025,R,0.30526065598902125,0.09597494628833601,0.24743602115005137,0.008312631918610522,0.6482763999784661
650968,2025,R,0.2787541097524928,0.03050848651599167,0.16669620034570293,0.010242357516116777,0.7925529550492892
699625,2025,R,0.2758239723426425,0.08942084411228524,0.28140056593918056,0.00869620276884501,0.6204823867084855
691023,2025,R,0.31334749966756437,0.056098087084380265,0.2502024880603357,0.01114748926342477,0.6825519349449071
695336,2025,R,0.26848900410283055,0.05320468618943308,0.263340291469788,0.01255245364332414,0.6709025696278835
621020,2025,R,0.31541129134267476,0.07772680518493884,0.24424133262763734,0.013071891365616003,0.6649599707033411
664023,2025,R,0.33211979581660017,0.1192551176097617,0.2714562581936774,0.008970073908611343,0.6003185503548278
592206,2025,R,0.3209089885509946,0.04751432402376239,0.24005352931791052,0.012020645883641028,0.7004115004343994
642215,2025,R,0.2781435275522206,0.08086836525550896,0.3050300208404349,0.013383476748090877,0.6007181377667692
680777,2025,R,0.2984865341726848,0.07801531283564239,0.28372914904622454,0.013133562228936555,0.625121974994462
668885,2025,R,0.287610619567877,0.10038399089438418,0.21313359223073647,0.013455896247533598,0.6730265202135018
681546,2025,R,0.3174290753808872,0.1220208341298508,0.3292972665369499,0.009155362106574663,0.539526537570715
664761,2025,R,0.32815928182478027,0.062234265884948715,0.1998614004051232,0.012343366971229092,0.7255609664856844
547180,2025,R,0.39446796842535786,0.09659116823654877,0.21941347210133386,0.008505534574708004,0.6754898248164442
656941,2025,R,0.3648945279547454,0.11360731934317574,0.2868014205047364,0.008998546130611419,0.5905927139058682
665019,2025,R,0.3171824903197897,0.08393073640879271,0.24947820473693813,0.008729908449669714,0.6578611512186563
668904,2025,R,0.32572009439652255,0.06474464691588405,0.21092073963408609,0.012026328194102818,0.7123082853766042
543877,2025,R,0.2960670429302098,0.0622098205113382,0.17919093628207308,0.012657760503373547,0.745941482086133
680837,2025,R,0.2758239723426425,0.08942084411228524,0.28140056593918056,0.00869620276884501,0.6204823867084855
663616,2025,R,0.33882541337332195,0.10095089590437276,0.2844472958826638,0.00880778705124325,0.6057940210909181
686797,2025,R,0.28851098196283076,0.06075407134192708,0.15999604880507598,0.007618959339330724,0.7716309204477282
805249,2025,R,0.24188619176506665,0.06908740552406918,0.3203844122871647,0.013055919027815015,0.5974722631559297
665561,2025,R,0.28352114940605216,0.08021082181329477,0.19550374271658466,0.008368855331884431,0.7159165803910771
681082,2025,R,0.33115856108498903,0.09838469512878446,0.1604559244784917,0.00815697799196262,0.7330024018947946
596146,2025,R,0.36507131542181964,0.09321824532530927,0.17090005933817953,0.007923112924723807,0.7279585820836685
669016,2025,R,0.3312900588434693,0.1014943605114748,0.2909030032878938,0.008959437548603523,0.5986431989158877
607208,2025,R,0.3272007481270779,0.06579875433565373,0.19572318366446423,0.012530685285473787,0.7259473769236805
681297,2025,R,0.3487725731265131,0.11749174018231662,0.26822594424122054,0.008967579110494804,0.6053147370461849
687637,2025,R,0.2758239723426425,0.08942084411228524,0.28140056593918056,0.00869620276884501,0.6204823867084855
663624,2025,R,0.3370116975545473,0.047620154455473435,0.24264327363308533,0.011666486597743773,0.6980700846129005
668939,2025,R,0.3564744491684413,0.10564387657299404,0.15865408451969115,0.008781809482882848,0.7269202293987385
519317,2025,R,0.34739438353582414,0.06720800534099534,0.3023900540053148,0.012991552768246479,0.6174103878021596
641355,2025,R,0.33830096718744673,0.08381723053558954,0.23098359198051358,0.008738485716921474,0.6764606913456456
592450,2025,R,0.3825838013137672,0.09273125008493394,0.31792475507185036,0.013120522876874586,0.576223471735556
700250,2025,R,0.33692656853523456,0.11210922580153711,0.24951135642941016,0.008566486675102418,0.6298129310310095
641933,2025,R,0.31570673665390553,0.07446263236139287,0.30387253127933184,0.013393475760877068,0.6082713594248605
683002,2025,R,0.38028665943592954,0.1005818104027944,0.2272945854820884,0.008222722787377467,0.6639008817982304
676059,2025,R,0.32179635859132455,0.07123376096184532,0.23102902696534214,0.012366309179480056,0.6853709026453628
702616,2025,R,0.31149417614089797,0.10678550135099864,0.2740069955468957,0.00878273308285476,0.6104247703587956
663757,2025,R,0.33038550238081504,0.13950241668333987,0.25921694131062395,0.009219871690668544,0.592060769961526
665862,2025,R,0.32717814844796106,0.08701954290594625,0.24874245375687204,0.008603820224577695,0.6556341830004947
641857,2025,R,0.3296525162340967,0.1020222159428724,0.30233582117541596,0.009029533486891837,0.5866124294333449
691723,2025,R,0.23572750079106689,0.07497740006506148,0.36020264844802335,0.013004319472285527,0.5518156321585022
683011,2025,R,0.29608792043420595,0.08694104471323655,0.2439493873788539,0.01363062191764002,0.6554789460381972
669224,2025,R,0.33376363249269225,0.08748145168396916,0.22749922704946482,0.008445065865132292,0.6765742553353641
676609,2025,R,0.26909486154387685,0.07744164202202036,0.24214467586878502,0.013482974252071362,0.6669307076536538
660844,2025,R,0.2777400938440572,0.1543749762150893,0.29758428667808934,0.009488912428960475,0.5385518249253625
641487,2025,R,0.33470420978170323,0.12523532494503528,0.1780693044377781,0.008808977485971058,0.6878863935349342
670042,2025,R,0.33900817895176394,0.08523888007482022,0.2807068121953073,0.008324366410492905,0.6257299415811635
660271,2025,R,0.3921771379967346,0.09341900083617974,0.25914670308365906,0.008432837781178322,0.6390014581297732
666163,2025,R,0.2979948137546007,0.11123489574475263,0.25376135704520475,0.008793650366323012,0.6262100974119741
808975,2025,R,0.2758239723426425,0.08942084411228524,0.28140056593918056,0.00869620276884501,0.6204823867084855
641598,2025,R,0.32254776522377415,0.10839880840549933,0.2679491689241678,0.014265977686543219,0.609386044134634
553993,2025,R,0.31430007975904906,0.08457803160735608,0.2728697717827165,0.013882033851189236,0.6286701633997597
663728,2025,R,0.3335828125168637,0.0886027353586466,0.2728426070008462,0.00857147230425409,0.6299831845824269
668227,2025,R,0.3174638525714898,0.0852035948773062,0.2454736844315498,0.013887098050733614,0.6554356229304626
670156,2025,R,0.3119423387193158,0.13060122084817175,0.2154293759826951,0.009130957408892255,0.6448384461845034
571771,2025,R,0.3135887510763681,0.06478109610082505,0.19899957415696345,0.012624652876058842,0.7235946771401595
681624,2025,R,0.3082189732388388,0.06291222684153583,0.24864681263199526,0.013010572520738084,0.6754303883367412
624424,2025,R,0.33823221272150295,0.10190892796817118,0.2407970062529974,0.008766487662628246,0.6485275784508264
606192,2025,R,0.3319495818119861,0.0686433212214492,0.2768044277578097,0.013099773664538182,0.6414524762416747
687221,2025,R,0.2758239723426425,0.08942084411228524,0.28140056593918056,0.00869620276884501,0.6204823867084855
702284,2025,R,0.2758239723426425,0.08942084411228524,0.28140056593918056,0.00869620276884501,0.6204823867084855
518692,2025,R,0.38160621115944826,0.07969656015494544,0.1888085406145247,0.008398636986061653,0.723096262707527
605141,2025,R,0.3583278335934542,0.09586169178672575,0.14829243442108228,0.01373812432043913,0.7421077503321004
687515,2025,R,0.24188619176506665,0.06908740552406918,0.3203844122871647,0.013055919027815015,0.5974722631559297
680862,2025,R,0.24188619176506665,0.06908740552406918,0.3203844122871647,0.013055919027815015,0.5974722631559297
691777,2025,R,0.24188619176506665,0.06908740552406918,0.3203844122871647,0.013055919027815015,0.5974722631559297
668709,2025,R,0.33280982465291,0.11884968126917582,0.21425591594981586,0.008458603280239632,0.6584357996328772
695391,2025,R,0.2959635541806566,0.09982973345945388,0.23175650386338617,0.013824811638240413,0.6545889512541087
695506,2025,R,0.2758239723426425,0.08942084411228524,0.28140056593918056,0.00869620276884501,0.6204823867084855
663697,2025,R,0.3113427047590645,0.10963719111649334,0.2358519504722293,0.014378544843520465,0.6401323131958228
670231,2025,R,0.2758239723426425,0.08942084411228524,0.28140056593918056,0.00869620276884501,0.6204823867084855
686681,2025,R,0.3229136550903206,0.059331738387192995,0.19715463724360432,0.008065330397049146,0.7354482940636018
624428,2025,R,0.32881351034783207,0.09681978984757193,0.12932192539471657,0.008352764292527301,0.7655055203982104
695600,2025,R,0.2758239723426425,0.08942084411228524,0.28140056593918056,0.00869620276884501,0.6204823867084855
573262,2025,R,0.341946974052689,0.11512545877519281,0.2373597600840676,0.008957730076603908,0.6385570505097341
521692,2025,R,0.3350256293219034,0.022563816205386427,0.20551472432192644,0.011598643112547127,0.7603228160874103
686469,2025,R,0.3822886273198668,0.0793179474963018,0.12002318647040816,0.007757759380883336,0.7929011064887822
677951,2025,R,0.3591686301837757,0.05102150682300064,0.17478188762534178,0.012088259632599631,0.7621083455825445
672580,2025,R,0.32466440643990085,0.08379599344820729,0.18185417208855856,0.012805472057493411,0.7215443621444354
686668,2025,R,0.2866420224605738,0.05973639688915833,0.30215623755218546,0.01237518891195184,0.6257321767214157
687597,2025,R,0.26795889457768074,0.05530633157067136,0.3070617947987478,0.012034554745746382,0.625597317908544
688760,2025,R,0.24188619176506665,0.06908740552406918,0.3203844122871647,0.013055919027815015,0.5974722631559297
672275,2025,R,0.32991589020788176,0.10042682317562521,0.22976496526197548,0.008437259173480824,0.6613709522334305
808982,2025,R,0.3381944576721995,0.09319311598701198,0.133262449415243,0.008165061820798474,0.7653793727093755
805811,2025,R,0.2758239723426425,0.08942084411228524,0.28140056593918056,0.00869620276884501,0.6204823867084855
656305,2025,R,0.33801572046045697,0.09615979392917486,0.2671546303411923,0.013938916320809264,0.6227466592692894
646240,2025,R,0.37493108610810183,0.05916160273879413,0.20939068192232774,0.007999587926004964,0.7234481265047139
671218,2025,R,0.3168724044668303,0.06984361298708575,0.2626600306883526,0.012894030615353371,0.6546023246398179
696100,2025,R,0.29577578281084516,0.04481938133987539,0.2884888678367248,0.01150770841272899,0.6551840430857947
678662,2025,R,0.2800188032555967,0.038993210573201785,0.27394491345641464,0.012234061538554315,0.6748278147975504
690022,2025,R,0.24188619176506665,0.06908740552406918,0.3203844122871647,0.013055919027815015,0.5974722631559297
669477,2025,R,0.299953594290301,0.05355541705812181,0.21461709954525104,0.01159461338775321,0.7202328694596276
687551,2025,R,0.2758239723426425,0.08942084411228524,0.28140056593918056,0.00869620276884501,0.6204823867084855
683766,2025,R,0.24188619176506665,0.06908740552406918,0.3203844122871647,0.013055919027815015,0.5974722631559297
682653,2025,R,0.24188619176506665,0.06908740552406918,0.3203844122871647,0.013055919027815015,0.5974722631559297
691720,2025,R,0.24188619176506665,0.06908740552406918,0.3203844122871647,0.013055919027815015,0.5974722631559297
692585,2025,R,0.2758239723426425,0.08942084411228524,0.28140056593918056,0.00869620276884501,0.6204823867084855
642715,2025,R,0.30509460954490375,0.07529804798793542,0.26990066348103364,0.013245691041671708,0.6415555978323283
527038,2025,R,0.31730642465568504,0.07565315406571908,0.14641366319594146,0.012977437958743145,0.7649557445250476
543510,2025,R,0.2862458610786807,0.05186635748163298,0.26548103330199535,0.012130054814506472,0.6705225551265468
694374,2025,R,0.24188619176506665,0.06908740552406918,0.3203844122871647,0.013055919027815015,0.5974722631559297
672695,2025,R,0.30628286921256126,0.154543120831597,0.20473654668075691,0.009147080064035069,0.6315732523199358
691783,2025,R,0.24252032521228586,0.08064941979994902,0.33151861579452535,0.013239668446792755,0.5745922956689687
672515,2025,R,0.32424021050809504,0.09661510965302349,0.17730029982252812,0.014156641582377172,0.7119279484844836
678489,2025,R,0.28893233493014203,0.07895495694365257,0.2268481542764427,0.008384613295698194,0.6858122751562867
669200,2025,R,0.23746708532837651,0.08151085955391614,0.3317484089166823,0.013640533788626456,0.5731001978008257
701538,2025,R,0.37659985366576343,0.05909328449996944,0.1628321176482107,0.007557526015522645,0.7705170712725361
695238,2025,R,0.3170575327614227,0.1003726243510907,0.232869708406334,0.008765586297443246,0.6579920803443886
656811,2025,R,0.34621455160666803,0.07728694689003358,0.2157167605623351,0.00834935432547557,0.6986469384184348
669369,2025,R,0.2831164293954518,0.10289120587002158,0.24065070597270444,0.008475102309051848,0.6479829851433468
664983,2025,R,0.29666842747180105,0.07751956721097861,0.19424005994315774,0.008108792482160534,0.7201315808341473
677950,2025,R,0.31818552272659995,0.0795457311550061,0.20590977580354924,0.008268836797233706,0.7062756564205874
545121,2025,R,0.30952264798359197,0.08810029280361324,0.10594460768078649,0.007810902424023021,0.7981441966544687
666023,2025,R,0.2936831191471972,0.06626726135555344,0.21026129084943,0.012702707254797246,0.7107687397883266
578428,2025,R,0.28941900242405383,0.0529084982591561,0.12949130539582268,0.012330077948829465,0.8052701194836447
630105,2025,R,0.33734963991146055,0.10439672018771036,0.1729279375272235,0.008496051905486633,0.7141792903172838
657757,2025,R,0.32736767510775455,0.07458502437636674,0.19722030207967747,0.008379052910115708,0.7198156217958811
593428,2025,R,0.32701459912350533,0.07232588258180048,0.16722622688240965,0.012585740053332605,0.7478621505695349
592518,2025,R,0.369401474791478,0.05829370936098737,0.177717554178246,0.012020444525610125,0.7519682916138785
665487,2025,R,0.3481721813856366,0.05985907291542547,0.2339405566015662,0.012341721200624767,0.693858648452047
621493,2025,R,0.32894058236565094,0.09311946949498623,0.23597965858524161,0.013601953270356666,0.6572989186361182
694203,2025,R,0.24188619176506665,0.06908740552406918,0.3203844122871647,0.013055919027815015,0.5974722631559297
665861,2025,R,0.26433906842602245,0.06894999749589553,0.27640543800257644,0.013204250237680043,0.6414403141109144
666198,2025,R,0.26766998690526184,0.08173379083142947,0.2538962717059069,0.01336977051421205,0.6510001676668921
695681,2025,R,0.24188619176506665,0.06908740552406918,0.3203844122871647,0.013055919027815015,0.5974722631559297
621035,2025,R,0.2950381930053001,0.10325786894089786,0.3016394521629818,0.014080209590848458,0.5810224693888812
666176,2025,R,0.2833645393520822,0.060493682820499786,0.3279043639077196,0.01339002024961475,0.5982119335290156
673237,2025,R,0.322049999793994,0.03149050375298996,0.18547290136008068,0.010974306615704286,0.7720622887220453
605170,2025,R,0.3387045228146377,0.09123961370896706,0.1948835083739827,0.008234390448665427,0.705642487114479
643289,2025,R,0.29229219341373053,0.04535346447230489,0.1551567004727868,0.011364664745696687,0.7881251710191228
805904,2025,R,0.2758239723426425,0.08942084411228524,0.28140056593918056,0.00869620276884501,0.6204823867084855
689200,2025,R,0.2758239723426425,0.08942084411228524,0.28140056593918056,0.00869620276884501,0.6204823867084855
694728,2025,R,0.24188619176506665,0.06908740552406918,0.3203844122871647,0.013055919027815015,0.5974722631559297
602104,2025,R,0.3061247386221375,0.0888665836230392,0.23191741453378645,0.013306406366838795,0.6659095950581945
701358,2025,R,0.24188619176506665,0.06908740552406918,0.3203844122871647,0.013055919027815015,0.5974722631559297
660821,2025,R,0.34994302006881656,0.07896406447058014,0.2452164187448713,0.008159017224342884,0.6676604996776864
681351,2025,R,0.30695108776370456,0.06538611734745242,0.2677234765891413,0.012529984377729739,0.6543604216746668
650859,2025,R,0.30138426545367436,0.08286952689415102,0.19015172415461698,0.00815866598012029,0.7188200830396677
669326,2025,R,0.2424988934351805,0.062392755632148265,0.31733144174492817,0.01269930061847119,0.6075765019157392
545361,2025,R,0.37811999681843456,0.09699010843480757,0.2470151500730067,0.014298027954673933,0.6416967140382067
571448,2025,R,0.3238640104693505,0.05100137791318234,0.16442395205502275,0.012440440439061323,0.772134229442869
807713,2025,R,0.24188619176506665,0.06908740552406918,0.3203844122871647,0.013055919027815015,0.5974722631559297
608348,2025,R,0.3028179935987518,0.08951555159655626,0.22982756590203726,0.013524818259968258,0.6671320639895929
676475,2025,R,0.3427815851948665,0.051606513977086106,0.14068979176428043,0.007516861561092475,0.8001868326226711
663457,2025,R,0.35539511910022875,0.13349138187589132,0.20170281369576082,0.008736428610318533,0.6560693757556908
621439,2025,R,0.31730326202401005,0.06064113718491148,0.28051070288860386,0.013061879837239068,0.6457862789192877
664056,2025,R,0.2867025680446264,0.07337912676770396,0.23526348943344483,0.013286942500957088,0.6780704421204593
624641,2025,R,0.2832532261602922,0.04619341844956759,0.21620131257732433,0.012604845094725163,0.7250004233883968
592663,2025,R,0.32007513018535577,0.058732394158092165,0.20829239978966657,0.012879967317619721,0.7200952384131551
676812,2025,R,0.24188619176506665,0.06908740552406918,0.3203844122871647,0.013055919027815015,0.5974722631559297
669236,2025,R,0.24188619176506665,0.06908740552406918,0.3203844122871647,0.013055919027815015,0.5974722631559297
502671,2025,R,0.3451682817499757,0.08434513313001413,0.24231943574325887,0.01330926911994654,0.6600261618078423
694212,2025,R,0.2758239723426425,0.08942084411228524,0.28140056593918056,0.00869620276884501,0.6204823867084855
689414,2025,R,0.2758239723426425,0.08942084411228524,0.28140056593918056,0.00869620276884501,0.6204823867084855
516782,2025,R,0.3120587826572092,0.04695783717478452,0.19666302174040842,0.012919890062239116,0.7434592502773922
688363,2025,R,0.28812309969226624,0.10009948998957136,0.27440008466997196,0.008683772968926673,0.6168166521086541
665052,2025,R,0.3221453556438097,0.07474451107016515,0.23283650875545508,0.008108106319670402,0.684310873094368
687859,2025,R,0.2758239723426425,0.08942084411228524,0.28140056593918056,0.00869620276884501,0.6204823867084855
595751,2025,R,0.290554334777982,0.027478190762760417,0.3222762391589485,0.010522157814040011,0.6397234118687944
656537,2025,R,0.262608865389362,0.06221806226816804,0.30763661774420686,0.01213433119889416,0.6180109885098494
802415,2025,R,0.2758239723426425,0.08942084411228524,0.28140056593918056,0.00869620276884501,0.6204823867084855
663743,2025,R,0.30362523555507526,0.07018703617323235,0.15488443280311956,0.011823929076904237,0.7631046026391501
666624,2025,R,0.29644066013475634,0.07338248805184529,0.3148958527427525,0.012397150249861983,0.5993245085846307
676914,2025,R,0.291338021559117,0.11286586453429066,0.31300403311755254,0.014466339345528715,0.5596637633889078
664040,2025,R,0.34863376059480616,0.09167348554877369,0.26148651228333614,0.008418708426213778,0.6384212938883475
650490,2025,R,0.35936831137484015,0.09506324598308569,0.14971542054952364,0.013261421872515233,0.7419599128351553
543309,2025,R,0.29866711219001096,0.06310574698621137,0.2692857632177955,0.01231032174120267,0.6552981684404647
672356,2025,R,0.2784885164323098,0.05686691369902228,0.3232133215577246,0.011814854467486738,0.6081049096129213
671286,2025,R,0.26697510886626447,0.07178815474088869,0.32790942682024704,0.012933470112389678,0.5873689475101814
456781,2025,R,0.30632724626593855,0.06864608488704407,0.21756912491354208,0.013160714575492066,0.700624075990181
665966,2025,R,0.2686311291986269,0.07428642431166871,0.3207933360793055,0.01332610867275192,0.5915941304569257
681987,2025,R,0.26040257094191616,0.06725710968233657,0.25658072318714464,0.012808710822572116,0.6633534558729145
608701,2025,R,0.303733677298117,0.09185110943285085,0.24105701312667588,0.013501968444913276,0.6535899084706908
642201,2025,R,0.25400084836077574,0.08613193496584608,0.32883343574147367,0.013529564181900234,0.5715050641657553
668804,2025,R,0.3515415141181412,0.09833467828297002,0.22299321176460943,0.008327388417279239,0.6703447215759866
680779,2025,R,0.2909272972437545,0.08910188205615815,0.2962325694206141,0.01378450462190136,0.6008810436897056
689172,2025,R,0.3000853174711199,0.0914969026619293,0.22363707667153374,0.008410222567795776,0.6764557978346731
804668,2025,R,0.24188619176506665,0.06908740552406918,0.3203844122871647,0.013055919027815015,0.5974722631559297
672724,2025,R,0.27246934337996875,0.07517992138394831,0.27375317504940994,0.013079192190259815,0.6379877119338568
572233,2025,R,0.33612172079013614,0.0743144185211433,0.23865272346138178,0.013149290414134122,0.6738835670370118
666211,2025,R,0.290111004497857,0.11318814921128997,0.3276628429711171,0.008864147966649808,0.5502848603888831
621043,2025,R,0.33302669449804245,0.07436616785187004,0.22297378013246488,0.012416275492411666,0.6902437761792712
670623,2025,R,0.32229368832946453,0.09155534288885281,0.162453657644342,0.013933067763272973,0.7320579314137207
514888,2025,R,0.30784028659435586,0.06404712001529693,0.15019724729252246,0.012320361440659617,0.7734352706550135
666126,2025,R,0.2758239723426425,0.08942084411228524,0.28140056593918056,0.00869620276884501,0.6204823867084855
687231,2025,R,0.2905328838971251,0.07269993075696352,0.2183067512786682,0.012720123849411204,0.6962731935251399
671732,2025,R,0.32829371677713176,0.09400734339719424,0.2527042661294059,0.008598605043935306,0.6446897856714511
805779,2025,R,0.2800825394534905,0.058593757326162337,0.13303407141224952,0.011941121202156858,0.7964310504967033
667670,2025,R,0.32359516202798105,0.0719865591169277,0.3031729449273693,0.013072206293231414,0.6117682896370671
691016,2025,R,0.3305424891256513,0.08579543802990719,0.2597142757192013,0.008204769209609802,0.6462855175201413
669127,2025,R,0.31138124054813626,0.06107504515586835,0.2894998579170552,0.01250118358247605,0.6369239131063228
701762,2025,R,0.2758239723426425,0.08942084411228524,0.28140056593918056,0.00869620276884501,0.6204823867084855
680474,2025,R,0.28009833713984084,0.10810362784710838,0.26279833379189327,0.01375777322665302,0.615340264775922
666181,2025,R,0.29868223853353576,0.12607390437992164,0.3332087898489345,0.008970241440060742,0.5317470649903454
701398,2025,R,0.24188619176506665,0.06908740552406918,0.3203844122871647,0.013055919027815015,0.5974722631559297
680728,2025,R,0.30536743073299216,0.09403071970998296,0.27196590301064066,0.008827053301733513,0.6251763241093637
650333,2025,R,0.3465251165611364,0.09294810006724459,0.07892499716356992,0.008041971703734245,0.820084930391478
663731,2025,R,0.2522432808943008,0.07058094648449327,0.31294870068077585,0.01317524279869896,0.603295110052122
677942,2025,R,0.27149273391459167,0.06735660857252904,0.2826433527072499,0.013075885746960336,0.6369241534978829
695670,2025,R,0.24188619176506665,0.06908740552406918,0.3203844122871647,0.013055919027815015,0.5974722631559297
669242,2025,R,0.3033918713619244,0.08753822566360361,0.17200682372130696,0.008060656959061052,0.732394294206984
500743,2025,R,0.2976683455611017,0.0589470308098218,0.13474484552480231,0.012146361796291907,0.7941617613158543
669743,2025,R,0.30065983869239893,0.11598782883192404,0.21119704691758914,0.01448010609453809,0.6583350179136899
593871,2025,R,0.3476170526917395,0.10486868076910101,0.19608229907518357,0.008692237800433756,0.6903567822757536
677594,2025,R,0.3269562137993788,0.052822468104353516,0.2638286362178811,0.012369079857799645,0.6709798153821945
686527,2025,R,0.32450253698564446,0.059789478509988656,0.24401804231049865,0.008139479027358648,0.6880530002710689
668800,2025,R,0.27644806359602,0.06020601716471119,0.24213244686886834,0.012075282870387958,0.6855862530235739
663853,2025,R,0.302481390846974,0.05849391299098368,0.27514012316989733,0.01212247180000753,0.6542434917422655
608324,2025,R,0.3403075318786498,0.09822115982131384,0.14773037211352752,0.013392781787621702,0.7406556862709608
693307,2025,R,0.2829311726385013,0.05335740196324813,0.27086498386517216,0.012661901463930569,0.6631157123609419
682985,2025,R,0.35306251480173,0.10088646498650845,0.25962991695697785,0.008874377232831531,0.6306092411786494
679529,2025,R,0.33286209092269237,0.08664189797578561,0.2234141665849276,0.013624196105396344,0.676319739259115
650402,2025,R,0.3229505631038099,0.07685065437471653,0.2089753981511771,0.01291871056509953,0.7012552375502509
666397,2025,R,0.3202763162616639,0.15878245922224105,0.2996247683349813,0.00909977728117009,0.5324929951168073
666185,2025,R,0.29626359467112506,0.09471663721405299,0.2381355032460082,0.008892786379770201,0.6582550737147123
620443,2025,R,0.2981370569849989,0.08545342072912995,0.23254048469336247,0.013230870624547765,0.6687752233355586
683146,2025,R,0.33709044756229173,0.08789783071058328,0.23693663066347925,0.008485838043953711,0.6666797006618235
661388,2025,R,0.3270783083448305,0.0770088980789294,0.236660770217773,0.013054652822426932,0.6732756779250905
682998,2025,R,0.3578687981501848,0.10939163118484757,0.18607979619398532,0.008533062440636908,0.6959955100017221
606466,2025,R,0.34133766064316506,0.09196111672905444,0.16693281777654598,0.008300043491879143,0.7328060225263292
694384,2025,R,0.312923637874606,0.11429925986710948,0.15020057536449014,0.008105405418179371,0.7273947601298335
647304,2025,R,0.3597607796789262,0.057240698005263144,0.14092658619861434,0.007287804256210233,0.7945449113375449
686780,2025,R,0.283828359368131,0.05878121512064678,0.25837896384881137,0.012555591618099684,0.6702842296943431
687529,2025,R,0.28803887090297225,0.08198724478629905,0.32889776061045006,0.00857725107185792,0.5805377429298462
690924,2025,R,0.24188619176506665,0.06908740552406918,0.3203844122871647,0.013055919027815015,0.5974722631559297
665953,2025,R,0.29090229122671907,0.0627488840309311,0.2380117990281771,0.012613158636536352,0.6866261584835255
657557,2025,R,0.2965209969638212,0.06596039032341643,0.27284571742142294,0.013311136958787693,0.6478827559647607
683770,2025,R,0.2758239723426425,0.08942084411228524,0.28140056593918056,0.00869620276884501,0.6204823867084855
622761,2025,R,0.29187119437258596,0.0545802625914174,0.25038709323055636,0.011524483751402399,0.6835081617535577
656577,2025,R,0.24642353877327164,0.05523888134582093,0.3835687194431809,0.01301788462318626,0.5481745147319018
595978,2025,R,0.2594269897106226,0.05399583590570441,0.2774205208239107,0.012659921741481946,0.655923720929147
623168,2025,R,0.2807886024591451,0.09451323532620547,0.1903267431038546,0.00858778288111726,0.7065722384377398
678554,2025,R,0.29042149343399765,0.05722459582306675,0.2120008029666743,0.01206984204118201,0.7187047589593839
669701,2025,R,0.3278730565185047,0.1242849650079535,0.2299204681391117,0.008817783768819174,0.6369767831497921
645302,2025,R,0.2771133831085292,0.07106487476697737,0.24131141362781316,0.012954250023311268,0.6746694612107693
666160,2025,R,0.30029670852010254,0.05575690297807948,0.2973054268723196,0.008170758672997078,0.6387669115004297
660162,2025,R,0.3335415913011834,0.10942143741438339,0.2843128215479027,0.009032998355875066,0.5972327422388363
545341,2025,R,0.31070979768418977,0.050189805922997766,0.25305704596614387,0.012427423608704614,0.6843257249295058
663330,2025,R,0.27845698665978363,0.09653357522378392,0.298093520155883,0.013748315050998435,0.5916245897783092
657656,2025,R,0.3001634293991366,0.08005796276654922,0.27102064343502313,0.013590543921355506,0.6353308494276462
680977,2025,R,0.3532301333224783,0.11564200967734815,0.15309607543921241,0.008732451095079065,0.7225294633774321
676694,2025,R,0.3041332750559962,0.07732181622607914,0.2394419927341225,0.012306044622386065,0.670930145428158
606115,2025,R,0.2864153267559123,0.05854621997995981,0.20137958257003724,0.012412659509855118,0.7276615380038084
571970,2025,R,0.36331276994290557,0.15422623731984955,0.2621014642938217,0.009378983188777059,0.574293315280676
678877,2025,R,0.29367434256536795,0.045075838135534424,0.2809052857458394,0.01231669485063326,0.6617021814793888
694388,2025,R,0.2767510712765343,0.07636622965325165,0.3130762373413121,0.00849047665455982,0.6020670565541092
642708,2025,R,0.29277383812417934,0.047132342692709835,0.18487058541141813,0.012019742083026048,0.7559773298161915
571657,2025,R,0.28745872638776193,0.05361832445802768,0.20331580556618686,0.012448737021468948,0.7306171326099781
694671,2025,R,0.3321549571074427,0.09054169684447048,0.22513578328308062,0.013356057273546041,0.6709664624887998
686475,2025,R,0.24188619176506665,0.06908740552406918,0.3203844122871647,0.013055919027815015,0.5974722631559297
553869,2025,R,0.29943598337026467,0.06360451419141872,0.21317962501114432,0.012852346166806168,0.7103635150980776
666464,2025,R,0.3023537222439334,0.058961814860424344,0.2992242799437462,0.011893187687683287,0.6299207173777471
691176,2025,R,0.31317143212662735,0.09172517956327159,0.2528674349144514,0.008270013433922477,0.6471373722479834
663897,2025,R,0.2668032870932897,0.07490305707932196,0.2539061437914147,0.013136737751427364,0.6580540609355928
645277,2025,R,0.3093999557158304,0.05879827270908717,0.1957202169165699,0.008475875041278016,0.7370056355716367
660644,2025,R,0.2880328219314746,0.09173161701033278,0.19641994584277692,0.008200067080480896,0.7036483691864972
643217,2025,R,0.3387297431021456,0.08635711294379825,0.18000083656098073,0.008442101105292312,0.725199949680205
656555,2025,R,0.3350530704329084,0.0999362873288945,0.2561527576063557,0.014389503161211285,0.6295214521106623
667472,2025,R,0.3006587098769337,0.07662202836676994,0.2739720074670511,0.013262412411312735,0.6361435517081964
640902,2025,R,0.26379184088165814,0.07282179355332563,0.28374595219226945,0.012751426900237547,0.6306808270888449
807712,2025,R,0.24188619176506665,0.06908740552406918,0.3203844122871647,0.013055919027815015,0.5974722631559297
690291,2025,R,0.30232689739093865,0.11082672749299811,0.26764653138197614,0.008892006620228966,0.6126347341969427
506702,2025,R,0.27132363692863803,0.08305310472359961,0.26693611894691466,0.008959704978781121,0.6410510716606581
669720,2025,R,0.30393559936381687,0.055209082872796356,0.2140255244479293,0.011935117346752025,0.71883027496526
682668,2025,R,0.28110900219013296,0.06132768440247301,0.2563876617185525,0.012791474775440414,0.6694931791476706
643565,2025,R,0.33049608795973356,0.13503977891560903,0.23683256660341293,0.009275747408982637,0.6188519076016634
665161,2025,R,0.294702483914041,0.05122518965929118,0.20872161273084586,0.012001673909222223,0.7280515234274763
664034,2025,R,0.3244648987030572,0.06833172030142534,0.18622781931036453,0.012956932315137703,0.7324835277050891
680577,2025,R,0.2943698706307839,0.09633658430268609,0.25313240304768414,0.008685848534149778,0.641845164184308
671289,2025,R,0.3078015091062293,0.07438687124399916,0.15017325099270037,0.01305532325128237,0.7623845542381659
680869,2025,R,0.2787626142079405,0.0722457886873251,0.30032043418609755,0.01290469308954287,0.6145290841130759
681508,2025,R,0.2952536423141348,0.11647129762186471,0.25043011836710516,0.008928003418475319,0.6241705801866084
681807,2025,R,0.29044776645772236,0.06547337907951904,0.24475390064758518,0.012746382031378447,0.6770263386687085
677592,2025,R,0.27333909216138735,0.07519150331298416,0.34123540681433556,0.012979250595515347,0.5705938399323884
571912,2025,R,0.2679728408610684,0.081618363837562,0.2754612409306207,0.01365081386773587,0.6292695811545805
664238,2025,R,0.2974485254487863,0.10873926999991372,0.2790142759958695,0.014137692010204277,0.5981087614641405
676679,2025,R,0.24798935674405811,0.057755906327612364,0.3140134408400368,0.012517862280325249,0.6157127900176861
690993,2025,R,0.3285244217640757,0.0844796060097061,0.1821562501857946,0.008125609419025976,0.7252385341743797
666134,2025,R,0.32543943712277235,0.11842905419132653,0.3217220381809963,0.009263168662435678,0.5505857385743086
664728,2025,R,0.3275397907875025,0.09052927616531656,0.19702629183540862,0.008213255880747438,0.704231176030326
670242,2025,R,0.3420647504731221,0.10764072646172758,0.32744643159617126,0.008907208555856682,0.556005633092425
669289,2025,R,0.30050313089223146,0.07512609147638023,0.14614695351666515,0.012603291100866327,0.7661236638283513
686894,2025,R,0.2808421867718098,0.08255954042944538,0.28178703108726244,0.013442897995542205,0.6222105301046674
670541,2025,R,0.42168062818942026,0.08935058180528102,0.20338339327913357,0.008430000599026191,0.6988360238790856
575929,2025,R,0.31423476639926845,0.062632519413387,0.2595471992901856,0.012925276163043422,0.6648950053136402
683748,2025,R,0.2758239723426425,0.08942084411228524,0.28140056593918056,0.00869620276884501,0.6204823867084855
691185,2025,R,0.24188619176506665,0.06908740552406918,0.3203844122871647,0.013055919027815015,0.5974722631559297
678225,2025,R,0.3106445887787019,0.1112488244481802,0.23702211757976166,0.008885825160296817,0.6428432329323915
669722,2025,R,0.2758239723426425,0.08942084411228524,0.28140056593918056,0.00869620276884501,0.6204823867084855
656896,2025,R,0.31755536699675396,0.06822373810089981,0.21478720717491132,0.012893489850892356,0.704095563990036
622268,2025,R,0.2916010476203487,0.08572090275114153,0.22431637168787702,0.008280779876435395,0.681681945246337
683357,2025,R,0.2758239723426425,0.08942084411228524,0.28140056593918056,0.00869620276884501,0.6204823867084855
682641,2025,R,0.2877758353327594,0.056545218367365264,0.15625675406231776,0.012092751141886302,0.775105276326851
687478,2025,R,0.24188619176506665,0.06908740552406918,0.3203844122871647,0.013055919027815015,0.5974722631559297
642086,2025,R,0.32967728083106906,0.07239783809649133,0.2051991173586082,0.00838196773725797,0.7140210766890067
679845,2025,R,0.2809351297144757,0.07988392118719581,0.18258828191158824,0.012462216165802903,0.7250655807413079
596103,2025,R,0.2845915430657813,0.10330553194550814,0.31741347876348114,0.013803281570815208,0.5654777082578931
669911,2025,R,0.3081973477161578,0.10191469579271327,0.3374312032904576,0.00872991197412124,0.5519241885708085
687263,2025,R,0.3056555905414285,0.0711617316617961,0.2388360685043735,0.013212352700314916,0.6767898480607808
683090,2025,R,0.24188619176506665,0.06908740552406918,0.3203844122871647,0.013055919027815015,0.5974722631559297
518595,2025,R,0.3186355930693736,0.06540473194233322,0.20453408503761833,0.012218985218310916,0.7178421989016807
669288,2025,R,0.275807216928033,0.08247792767262398,0.32730013998013363,0.00892268349108598,0.5812992489558216
663584,2025,R,0.24188619176506665,0.06908740552406918,0.3203844122871647,0.013055919027815015,0.5974722631559297
467793,2025,R,0.34710186808566573,0.11967067793651588,0.18385689757972243,0.008787894180286616,0.6876845300303874
642350,2025,R,0.28034212391277186,0.06301934973724019,0.33365838888430355,0.013141167159486555,0.59018109392289
641584,2025,R,0.30484764132854647,0.09563069829061811,0.21237654878236586,0.008315623947176207,0.6836771293542985
669257,2025,R,0.3353347366191229,0.09121070923544423,0.19588130874653079,0.013559961272725773,0.6993480203927516
676466,2025,R,0.24188619176506665,0.06908740552406918,0.3203844122871647,0.013055919027815015,0.5974722631559297
691026,2025,R,0.30267850379405953,0.07543170718197913,0.17312303297614387,0.013106387492810605,0.7383388729956788
678894,2025,R,0.27720207140448033,0.06230468925602857,0.2714546180788956,0.012330745127047918,0.6539099482680429
691011,2025,R,0.272955226240452,0.07155717229767061,0.2550175606390237,0.008314108071569428,0.665111159325122
682988,2025,R,0.2603720424676574,0.06765088206944518,0.30873847972216806,0.012798631584900284,0.6108120065187118
669221,2025,R,0.33131759549490775,0.08348022383045824,0.23249552766231202,0.013218454607096239,0.6708057932286952
666182,2025,R,0.34731386683442644,0.04899811260817708,0.19362592561402087,0.011953116398087828,0.7454228457482731
686676,2025,R,0.27212762726092676,0.05739101525911582,0.29103050079975595,0.01198556523791085,0.6395929190202593
682868,2025,R,0.2900980731720346,0.08515291100586103,0.2703524113233452,0.013521419118324066,0.6309732581463747
687957,2025,R,0.2952808865010526,0.08453156035404215,0.24187076764971524,0.008521249398908979,0.6650764229031549
641658,2025,R,0.2639825433898067,0.08278327116890387,0.269839700731542,0.013421104455789847,0.6339559232681721
690976,2025,R,0.2758239723426425,0.08942084411228524,0.28140056593918056,0.00869620276884501,0.6204823867084855
678011,2025,R,0.2758239723426425,0.08942084411228524,0.28140056593918056,0.00869620276884501,0.6204823867084855
701350,2025,R,0.2758239723426425,0.08942084411228524,0.28140056593918056,0.00869620276884501,0.6204823867084855
671284,2025,R,0.24188619176506665,0.06908740552406918,0.3203844122871647,0.013055919027815015,0.5974722631559297
694359,2025,R,0.30697623151542,0.13275428482172608,0.33194308115178056,0.009474423193795468,0.5258282105501318
667690,2025,R,0.24188619176506665,0.06908740552406918,0.3203844122871647,0.013055919027815015,0.5974722631559297
693409,2025,R,0.2758239723426425,0.08942084411228524,0.28140056593918056,0.00869620276884501,0.6204823867084855
669717,2025,R,0.24188619176506665,0.06908740552406918,0.3203844122871647,0.013055919027815015,0.5974722631559297
677943,2025,R,0.24188619176506665,0.06908740552406918,0.3203844122871647,0.013055919027815015,0.5974722631559297
666971,2025,R,0.33346801124950537,0.059687198707895114,0.17832843693691688,0.011780516324980657,0.7502038476762336
691373,2025,R,0.24188619176506665,0.06908740552406918,0.3203844122871647,0.013055919027815015,0.5974722631559297
663967,2025,R,0.2744238233201339,0.07269658497819823,0.24358989612248927,0.008445170796105773,0.675268348405504
656976,2025,R,0.33996624325181196,0.10949972412858859,0.1718811893064155,0.008224304348388367,0.7103947812893611
663604,2025,R,0.2613942766586909,0.06381640267732634,0.3021573139935635,0.013011569036756546,0.6210147142539327
608369,2025,R,0.39699638085157934,0.07016759741622548,0.18290327588619099,0.007628043752190764,0.7393010829582766
605353,2025,R,0.3192269252578467,0.09921642124617629,0.18106719263567722,0.008491129524360187,0.7112252572098182
673357,2025,R,0.31545438505044276,0.045636115160420876,0.26932665969719266,0.011756762104811882,0.6732804631337668
681909,2025,R,0.24188619176506665,0.06908740552406918,0.3203844122871647,0.013055919027815015,0.5974722631559297
682927,2025,R,0.2758239723426425,0.08942084411228524,0.28140056593918056,0.00869620276884501,0.6204823867084855
649966,2025,R,0.2940147203662068,0.09828789959431102,0.24028691889212525,0.014117542300399391,0.6473076390765544
676801,2025,R,0.293849509555821,0.08124321511950766,0.264097456462017,0.013350749098744431,0.6413085792405985
686452,2025,R,0.29203314435805194,0.10565609934085421,0.23357683522443165,0.008517817339753295,0.6522492486086275
671083,2025,R,0.27335879823743814,0.09651784171842184,0.2546272852749316,0.013141083767519029,0.6357137889819149
694497,2025,R,0.3126482118858939,0.13424808816870193,0.2509882322702084,0.008824703734481862,0.605938975956286
543760,2025,R,0.3190392125153426,0.08707219913938687,0.17621310683246508,0.013406523109515452,0.7233081697869921
647351,2025,R,0.3104217918484236,0.08580228073194444,0.17424747615789715,0.008438298874229597,0.7315119446205235
645444,2025,R,0.2850960625060235,0.1366396973527906,0.23066157698657358,0.008930978271220033,0.6237677471026976
666149,2025,R,0.2704524964810825,0.0791818701621096,0.2942286652286337,0.01305605582591876,0.6135334085850213
672012,2025,R,0.27909302471958297,0.09904467917233911,0.26339646983912035,0.008674856361662823,0.6288839942588257
677588,2025,R,0.31789170220335694,0.08945018350839584,0.23006535075460116,0.008378715763019037,0.6721057502216582
672642,2025,R,0.2798975778548462,0.11247147731773216,0.2876410024403579,0.009018703503699465,0.5908688164669104
669065,2025,R,0.338613702647619,0.07291049080017835,0.2602257138932263,0.00823735647667813,0.658626438736291
656185,2025,R,0.2790788565641625,0.09743683914010771,0.24666526920528087,0.008675464167389717,0.6472224274206927
676116,2025,R,0.32440462906438255,0.1459905223079132,0.3211741890217859,0.009176813641606723,0.5236584751880597
702176,2025,R,0.2758239723426425,0.08942084411228524,0.28140056593918056,0.00869620276884501,0.6204823867084855
691182,2025,R,0.2897998803681049,0.06687844356365891,0.2103652078873395,0.008033964518279698,0.7147223841012005
665804,2025,R,0.29982738940943027,0.06386827554011447,0.2219397540892667,0.012510100628751804,0.7016818698585189
570482,2025,R,0.32087544182532707,0.04746092553182299,0.16460855773685582,0.0117931559758816,0.7761373608129313
671976,2025,R,0.2758239723426425,0.08942084411228524,0.28140056593918056,0.00869620276884501,0.6204823867084855
641555,2025,R,0.2758239723426425,0.08942084411228524,0.28140056593918056,0.00869620276884501,0.6204823867084855
672569,2025,R,0.28969425109515734,0.07594119049263663,0.2179021717706385,0.008367660867817714,0.6977889765316398
677941,2025,R,0.2544843176763552,0.0602552693407101,0.292949255198554,0.012426493510666606,0.634368982757676
664059,2025,R,0.28577247050471744,0.10952319459888273,0.2669145842033197,0.008670011450796935,0.6148922089644606
668942,2025,R,0.31022666698565576,0.11677521793551354,0.2203446335155659,0.00863686708916783,0.6542432812366302
543592,2025,R,0.30725476527308515,0.10032508595728844,0.19410774827159266,0.01351562177248647,0.6920515442499533
668845,2025,R,0.24942874020892297,0.04252807953348271,0.2882047011497581,0.011176593157201618,0.6580906250849164
542932,2025,R,0.29829389527793965,0.10814699344537802,0.24109887443459416,0.014083070375083667,0.6366710623705581
676070,2025,R,0.2673398077853608,0.1066849315409521,0.2911083623861523,0.014177826167809566,0.5880288793963797
667452,2025,R,0.2884474683184535,0.07902290361861979,0.23348354023632012,0.013245393414171216,0.6742481628990881
670764,2025,R,0.30002242962231673,0.14043971746401343,0.21930391631082952,0.00882373032049517,0.6314326357603016
680716,2025,R,0.2697618972933012,0.07335978060255575,0.2727135691321648,0.013050707038284063,0.6408759428005273
663837,2025,R,0.3216326683564474,0.08060438289485157,0.20203989305427833,0.013507845199619676,0.7038478787348038
642731,2025,R,0.2845912979946685,0.05577612892539824,0.2068667341938022,0.012150828295543443,0.7252063079667819
676356,2025,R,0.2717016928050041,0.06308837697864898,0.20406556976434076,0.012864400279769941,0.7199816526447044
642851,2025,R,0.26889865586976835,0.07579012646513979,0.24331224733532936,0.01354695302598873,0.6673506734151247
663586,2025,R,0.3438382159732646,0.06198356760760321,0.2572299606391324,0.0128262537114006,0.667960218684222
679631,2025,R,0.3075788132796204,0.09343738417969617,0.21211940448607572,0.008521217595782388,0.6859219935565486
642136,2025,R,0.3158767264616157,0.13118952501683334,0.27959328232908465,0.008932873969847169,0.5802843184191526
645305,2025,R,0.2750110218352442,0.08003781025794925,0.257166125824005,0.012575421991963038,0.6502206418078268
663536,2025,R,0.24188619176506665,0.06908740552406918,0.3203844122871647,0.013055919027815015,0.5974722631559297
679032,2025,R,0.26551444058908763,0.0540983184266727,0.21609220434235987,0.012124771782172262,0.7176847053695727
670097,2025,R,0.2822760487520122,0.11540283191157583,0.2825482566118098,0.014427558492505837,0.5876213533475493
455117,2025,R,0.2740820091510311,0.07370096269681022,0.29072332884006513,0.013164445164038146,0.6224112637296029
656582,2025,R,0.29518184513029255,0.10494659782791106,0.2386652558061263,0.013469654550890898,0.6429184921793988
669004,2025,R,0.3353147815135548,0.11167761193951725,0.26028504709497285,0.008930045204360925,0.6191072952227888
694376,2025,R,0.2957265651776489,0.06390960144195237,0.22780083202946141,0.012813656649656767,0.6954759103511684
669450,2025,R,0.30183476095364736,0.12554487607880016,0.2863160130549284,0.008938622616830138,0.5792004884522283
810938,2025,R,0.24188619176506665,0.06908740552406918,0.3203844122871647,0.013055919027815015,0.5974722631559297
621028,2025,R,0.29521831215221034,0.06006944970772753,0.13186131885868393,0.012044887944582064,0.7960243437736093
606992,2025,R,0.2836129831362945,0.057345910473342226,0.30699863763107715,0.012820612162146661,0.6228348397771438
572138,2025,R,0.31745426425987217,0.11630333494803123,0.255610760745888,0.008755589258086944,0.6193303148306699
677870,2025,R,0.274662528285442,0.09709801343062738,0.27799126596900886,0.01416400192084906,0.6107467191525405
607732,2025,R,0.2947902691093191,0.08941277163090716,0.2204342394920135,0.013215690578249626,0.6769372979317977
664774,2025,R,0.3544214446220606,0.13789456132041922,0.2044858056247884,0.008909382800621906,0.6487102499695067
678391,2025,R,0.2758239723426425,0.08942084411228524,0.28140056593918056,0.00869620276884501,0.6204823867084855
670092,2025,R,0.2939970518905669,0.10391848372309968,0.25191510091982805,0.008725406554475392,0.6354410083424862
642180,2025,R,0.28686844984885557,0.1114197147282071,0.22247440349588063,0.008735793033697505,0.6573700882332878
665923,2025,R,0.25088034474275017,0.06687373289481353,0.23919773898839314,0.012969015217114865,0.6809595128561412
624585,2025,R,0.33385498093727634,0.08187251968352513,0.2788156858801491,0.013445333125871836,0.6258664604038418
691785,2025,R,0.2758239723426425,0.08942084411228524,0.28140056593918056,0.00869620276884501,0.6204823867084855
672016,2025,R,0.24188619176506665,0.06908740552406918,0.3203844122871647,0.013055919027815015,0.5974722631559297
675915,2025,R,0.2580386420566535,0.06760125076015511,0.2920764510072476,0.012986773276701457,0.6273355243999986
608385,2025,R,0.35411587513505294,0.12012537488834296,0.18681177266610477,0.008330607647972667,0.6847322458185339
608671,2025,R,0.2878196677125036,0.1310972072139604,0.22607384757532056,0.0088106215115584,0.6340183235672656
687952,2025,R,0.3084903066079839,0.05217265765617149,0.270980021280128,0.01254516529188143,0.6643021555809987
656413,2025,R,0.2717935956731045,0.08734684336091351,0.3031049104068591,0.013400017064110122,0.5961482296628252
592192,2025,R,0.3109227147599709,0.0956149604051447,0.2166475278243248,0.014024958944961108,0.6737125522665214
685744,2025,R,0.24188619176506665,0.06908740552406918,0.3203844122871647,0.013055919027815015,0.5974722631559297
677060,2025,R,0.24188619176506665,0.06908740552406918,0.3203844122871647,0.013055919027815015,0.5974722631559297
518934,2025,R,0.33841486592369835,0.08866707929871379,0.1716360284633998,0.013133961777248286,0.7265629301630843
660688,2025,R,0.3183357058682521,0.061296596566310244,0.10335337236414088,0.007344726601394976,0.8280053051113135
677956,2025,R,0.2741582326985241,0.04438100277382911,0.29234827988309775,0.011885464924822736,0.6513852524354332
596142,2025,R,0.3243552366295361,0.07168096186170105,0.277738061444948,0.013346874746328207,0.6372341023664738
657041,2025,R,0.30578066150333966,0.09372775401986072,0.24389228223985226,0.013627724798548214,0.6487522383762546
642727,2025,R,0.27922355355433537,0.11725796470062806,0.26871378913508004,0.009218055247271735,0.6048101900729252
671221,2025,R,0.29313990834465053,0.08255907451587843,0.2944470346573069,0.008704097724788449,0.6142897938130507
657077,2025,R,0.35405135847662766,0.08687249739664013,0.14301938445769424,0.008280772336093341,0.7618273456787152
682729,2025,R,0.2962057219190096,0.09363006779110244,0.24476136464219853,0.008565838081207438,0.6530427289040683
641645,2025,R,0.3158873198751282,0.1314227491042592,0.16202841250625769,0.009021407910953556,0.6975274305060882
656541,2025,R,0.30974567965774874,0.1090810929994348,0.3588891432030809,0.009120508244780797,0.5229092554056689
644433,2025,R,0.26026727803029875,0.05000611568672143,0.28189480565928005,0.011824239385953162,0.6562748399655628
681146,2025,R,0.2953348636406407,0.1068469647746228,0.1857576361258634,0.01414112526038041,0.6932542739911937
664068,2025,R,0.26548583298848055,0.059252175766997504,0.2990412499403098,0.013419937882312077,0.6282866368870625
681962,2025,R,0.24865624194236513,0.08824887296508785,0.28661124921359643,0.013844343835938187,0.6112955350819756
668974,2025,R,0.24188619176506665,0.06908740552406918,0.3203844122871647,0.013055919027815015,0.5974722631559297
605244,2025,R,0.25569249542057815,0.05855644301610925,0.3053575503222378,0.012947119393954319,0.6231388878104348
663662,2025,R,0.27947006033100513,0.07957910395744253,0.2993669450531694,0.013405175212189799,0.607648775142021
670224,2025,R,0.27226621854369426,0.0898575746130719,0.3103863328235827,0.008749051221081125,0.5910070414939185
676480,2025,R,0.249709461133242,0.05661724934192763,0.33940213093018096,0.012298051617125291,0.5916825678856666
695257,2025,R,0.27413660338542917,0.05579249367912432,0.33080096109172197,0.01248930661383053,0.6009172391794272
692225,2025,R,0.24188619176506665,0.06908740552406918,0.3203844122871647,0.013055919027815015,0.5974722631559297
682515,2025,R,0.25889920160450497,0.08131909652818116,0.3184053011748538,0.013425731870541732,0.5868498700732661
640492,2025,R,0.2734753913107518,0.042748276644035535,0.24892761358511967,0.011287110604318848,0.6970369994163947
664954,2025,R,0.29187698928240385,0.08066219688090139,0.21272338561273121,0.008191072176020548,0.6984233457752125
682183,2025,R,0.2758239723426425,0.08942084411228524,0.28140056593918056,0.00869620276884501,0.6204823867084855
669134,2025,R,0.29775734203383053,0.05564625285956213,0.1623770253293589,0.012380155650714236,0.7695965659534947
663898,2025,R,0.30991087542836704,0.06487838853618509,0.22975247462843543,0.01249647374689353,0.6928726636592594
669374,2025,R,0.2861049461369294,0.06704530606590804,0.3580303148590381,0.01362669526578778,0.5612976835533773
672279,2025,R,0.2735181838410358,0.10771846668786582,0.27542793713992947,0.009017162968923602,0.6078364329317211
641943,2025,R,0.3279967950280671,0.0900484586607771,0.1987172840357091,0.00831814663671046,0.7029161106176792
622569,2025,R,0.305369579351565,0.0899109193578566,0.20278431922752638,0.01390827811029409,0.6933964842557945
624513,2025,R,0.2795035059226843,0.1172493245603565,0.314856822922905,0.009247362306412625,0.5586464905809532
664913,2025,R,0.32985959516644653,0.0755532013765619,0.24680741178918542,0.0083669565855538,0.6692724299988931
668723,2025,R,0.26893269363636463,0.05896931920548767,0.24602705687350865,0.012652604680680087,0.6823510190855442
665750,2025,R,0.31874175882219485,0.08474222738381748,0.2227990612178769,0.008285563561952522,0.6841731483826187
677008,2025,R,0.316393125127957,0.06502040058542553,0.2620183076257553,0.008137091813108888,0.6648241995095486
682848,2025,R,0.3066474256897854,0.09719647050067447,0.22855185536165756,0.008614864688369544,0.6656368094618427
680769,2025,R,0.27802017688683583,0.07849240817618998,0.2810951092456453,0.008539750717681831,0.6318727324437318
669087,2025,R,0.267867005150522,0.05801561776806645,0.3656464074821764,0.011721959447429894,0.5646160147832088
701305,2025,R,0.2702808504071007,0.06332210111578693,0.31395227893911953,0.013034784521094795,0.609690834990813
683021,2025,R,0.2893991857794858,0.09502076187331748,0.14612093530753795,0.01344577034124411,0.7454125320025642
680118,2025,R,0.27479462975499225,0.06881107693625156,0.288844048734989,0.012716169150408695,0.6296287053198926
669256,2025,R,0.2980321806050864,0.08019536304514556,0.19330176867231136,0.013650928704559103,0.7128519397176245
605361,2025,R,0.31736907492624117,0.1156704533525432,0.20695733325551144,0.008740082605724606,0.6686321308269904
670223,2025,R,0.3070946015418947,0.08357573164226051,0.2994301686464445,0.008578394749879387,0.6084157051159886
624415,2025,R,0.3217574534142547,0.1535842015409319,0.25877268969383027,0.009104517260156248,0.5785385907738936
641313,2025,R,0.28542824123886507,0.037660632351230156,0.23282827229913095,0.012451533852506592,0.7170595612969195
677347,2025,R,0.2643837353136231,0.08316988941483634,0.31143067876068603,0.013482687200813262,0.5919167443742576
668731,2025,R,0.29591475122396566,0.10655416218523826,0.2684119612510424,0.008777771208174915,0.6162561058779644
518792,2025,R,0.33827243142443886,0.08016867108410265,0.16801394061701266,0.008098189975373085,0.7437191987578741
571466,2025,R,0.2834884287604502,0.08584133733353147,0.23186122739189308,0.008325075140052469,0.6739723600771073
686823,2025,R,0.3087927897126947,0.06069165032639331,0.14852818196683348,0.007635295858138762,0.7831448714697687
592669,2025,R,0.31469248758427354,0.06388182547020617,0.2596970699072155,0.012261452149752326,0.6641596519952928
670032,2025,R,0.29397595155528267,0.10938876695121945,0.1498427897527316,0.008338821552106437,0.7324296213433573
621512,2025,R,0.2614843669311167,0.03698796815136648,0.2811696979697801,0.011353452944848458,0.6704888809364894
685301,2025,R,0.24188619176506665,0.06908740552406918,0.3203844122871647,0.013055919027815015,0.5974722631559297
681584,2025,R,0.2728749389275339,0.10190695185596374,0.32566713325911284,0.014024877237984356,0.5584010380326189
680911,2025,R,0.2812145210529476,0.058891216786031604,0.2087171562465884,0.012424572811159015,0.7199670537046697
656248,2025,R,0.27832662618870496,0.08986538427841059,0.3086196039055145,0.013570954213211374,0.5879440575667987
676701,2025,R,0.2590839438368191,0.05290544917852642,0.24514667533179038,0.011677230254616306,0.6902706453458056
665828,2025,R,0.30819955369913277,0.07986626349020676,0.2017447856501524,0.008346536907944731,0.7100424138153627
605131,2025,R,0.28846809856979083,0.10437201503041975,0.2456220530452735,0.01396406026183425,0.6360418715561363
676551,2025,R,0.2425095653968318,0.06683593566610149,0.35418088671307035,0.01283726460161161,0.5661459129152816
665155,2025,R,0.3084946235313836,0.11165101297346859,0.2655753323426982,0.008999724961858996,0.6137739290829805
694362,2025,R,0.25587815071048203,0.08780783317490778,0.3185100914437889,0.013592380520162518,0.5800896950608323
592696,2025,R,0.30978152890754174,0.04480684387242651,0.18904855464598974,0.007435316884165307,0.7587092855628081
674441,2025,R,0.2699144543976429,0.11973776256566583,0.2611218870462334,0.00884338874810023,0.6102969620752622
665839,2025,R,0.3341948491673439,0.10149250968174486,0.21472694625227892,0.008906383264474441,0.6748741607336258
660757,2025,R,0.30452619663085295,0.033242807066658726,0.224846056526418,0.009763046371786863,0.7321480901152514
682997,2025,R,0.2758239723426425,0.08942084411228524,0.28140056593918056,0.00869620276884501,0.6204823867084855
689041,2025,R,0.2758239723426425,0.08942084411228524,0.28140056593918056,0.00869620276884501,0.6204823867084855
671213,2025,R,0.3556024715331972,0.11789892780285118,0.24918539879856866,0.008705703018833185,0.6242099705965795
670276,2025,R,0.2873836830589909,0.14101367129344547,0.2512475425759839,0.009211981208538203,0.598526805617318
669392,2025,R,0.24918371861043534,0.06857133364811034,0.30219686343540014,0.013328060128096985,0.6159037436649905
666915,2025,R,0.2953387728657375,0.06685950162913838,0.3447582945577629,0.012775867610156515,0.5756063364274665
663609,2025,R,0.2934295105564954,0.08019787221024784,0.31961622356670194,0.013422287923391743,0.5867636160983373
669398,2025,R,0.2758239723426425,0.08942084411228524,0.28140056593918056,0.00869620276884501,0.6204823867084855
605113,2025,R,0.2668568401534035,0.05779696951420501,0.21566633002259766,0.012342369889983261,0.7141943308619354
607680,2025,R,0.29695500794712437,0.03669395342011433,0.1693014321623913,0.011503673550651326,0.7825009411209033
600869,2025,R,0.317553309938483,0.09339246743038158,0.23208927188558817,0.008716720263606363,0.6658015400796335
493329,2025,R,0.32919665500411255,0.05554594641618241,0.11935439631042602,0.011636920268539408,0.8134627372082917
672359,2025,R,0.2758239723426425,0.08942084411228524,0.28140056593918056,0.00869620276884501,0.6204823867084855
605204,2025,R,0.3045657813122552,0.08112212260007667,0.28101703901926256,0.013305483043677709,0.6245553553354869
666165,2025,R,0.30002945041670426,0.09772685017471942,0.3147668112213801,0.00845365324887132,0.5790526851175914
669003,2025,R,0.3107506952419724,0.12130896290373731,0.3013781041043014,0.008850657961856185,0.5684622745361644
672284,2025,R,0.3237004251223704,0.0864547707614183,0.27370528517626913,0.008557825340718986,0.6312821187497163
691728,2025,R,0.2758239723426425,0.08942084411228524,0.28140056593918056,0.00869620276884501,0.6204823867084855
668952,2025,R,0.26298873057242783,0.08980371908847062,0.30141638861539377,0.012920182269211267,0.5958597102928427
702358,2025,R,0.2835483787175128,0.056031304318810385,0.21087805346246769,0.012173093035525441,0.7209175496234446
650559,2025,R,0.32253762312396994,0.05616047425161145,0.21674808911983198,0.012499815172520657,0.714591621575321
686554,2025,R,0.29375352522291176,0.12725785633080341,0.33642492299417237,0.009091077345144397,0.5272261437703538
675659,2025,R,0.2924881371564421,0.08348673982942105,0.28603922707836527,0.008657226467316296,0.6218168059259778
553882,2025,R,0.3108747245123408,0.09921726452339949,0.19418591201368673,0.00867004575316903,0.6979267785170264
691907,2025,R,0.2758239723426769,0.08942084411229914,0.28140056593911766,0.008696202768843541,0.620482386708536
663796,2025,R,0.24554247340314186,0.04899039880472647,0.28900491002852413,0.012197324608679543,0.6498073667199423
592178,2025,R,0.31398255853196994,0.07604622658646762,0.258513564978259,0.012737619250475746,0.6527025889074619
669304,2025,R,0.30621445596618413,0.05561786314958233,0.1863989752883592,0.012367277201061644,0.7456158848013315
669208,2025,R,0.2663786780941474,0.08201601241344325,0.2997470711324629,0.013360474044623304,0.6048764420070415
622534,2025,R,0.31038802276419625,0.06652986590130551,0.16570214468504774,0.012916836932820643,0.7548511536747459
