batter,season,p_throws,pred_woba,rate_bb,rate_k,rate_hbp,rate_bip
656716,2025,L,0.29185848342833504,0.0889573663885737,0.21391311844761465,0.013996773762389336,0.6831327415416536
805373,2025,L,0.28820029027917116,0.08994630572547217,0.26229149421016984,0.008500983298053044,0.63926121703266
542303,2025,L,0.3750436169483287,0.06672044911135364,0.19402619249388245,0.007647401861138428,0.731605956404051
671739,2025,L,0.3076911637754551,0.05101281406488345,0.221629070978228,0.012255355937201269,0.7151027595942122
669707,2025,L,0.30788659073095115,0.1012309926076542,0.2529910211139363,0.008269917819771721,0.6375080681690085
687478,2025,L,0.26598768549266816,0.0871934563744916,0.29634239076383956,0.008427084287744692,0.6080370684495585
804668,2025,L,0.26598768549266816,0.0871934563744916,0.29634239076383956,0.008427084287744692,0.6080370684495585
694377,2025,L,0.31938637340769505,0.08824609357790363,0.24567100624935823,0.008147565033304549,0.6579353344731291
673490,2025,L,0.3290270724683008,0.1270620517438098,0.18198483390971668,0.008580453140163825,0.6823726618174673
686948,2025,L,0.2434783728079226,0.08605537390155367,0.314129121906207,0.014233409820374193,0.5855820937574272
660670,2025,L,0.3823112667665751,0.09960706135275066,0.22385557941582246,0.00831536597660035,0.6682219939340102
621566,2025,L,0.3389547475686623,0.08092468511015122,0.2615737639574106,0.014007174547845676,0.6434943758865365
672744,2025,L,0.28064666546630784,0.09337866695036509,0.326887556401664,0.008636408459993463,0.5710973676409845
663698,2025,L,0.3120562265067501,0.09307509730961953,0.29186418249771545,0.008583401164183295,0.6064773185388477
668804,2025,L,0.3432838039631018,0.07920631290304588,0.20293138879677342,0.007628177989684899,0.7102341198416564
502054,2025,L,0.3621681395558246,0.12786337523557945,0.22451132686850936,0.008360093173089481,0.6392652044339515
693304,2025,L,0.3121213250272772,0.07118779497306964,0.20223955642203403,0.00774208500703399,0.7188305632904828
457705,2025,L,0.3560668471072959,0.13173381171814633,0.2028126636273513,0.00851059583099699,0.6569429292319983
669364,2025,L,0.2926428007779087,0.10661539954822609,0.1857754364128599,0.008001736614816138,0.699607427696337
691594,2025,L,0.3006888444239687,0.06634818125272676,0.16380129599888035,0.007508880110044076,0.7623416429321914
640459,2025,L,0.2838594323065805,0.07331409535404372,0.25565167827346885,0.008146972441431909,0.662887254562046
681715,2025,L,0.26598768549266816,0.0871934563744916,0.29634239076383956,0.008427084287744692,0.6080370684495585
676572,2025,L,0.33386222215870726,0.07918832758762508,0.21334445274413044,0.007869065735886938,0.6995981546452814
681393,2025,L,0.30431283514785,0.0815659561253075,0.25631745139920364,0.008156159346831404,0.6539604332360539
643446,2025,L,0.3061414303824555,0.06538124369065053,0.1288868877727305,0.012710905230936865,0.7930209629512909
668901,2025,L,0.33256514313156404,0.07923366351375197,0.26881422793708526,0.008203915470033019,0.6437481932604677
607043,2025,L,0.3218568144677543,0.12053388093585972,0.22037989611212613,0.014862171308929495,0.6442240537370713
672640,2025,L,0.33795012783060296,0.07473983641869417,0.15251687302073966,0.007488371255674005,0.7652549203801157
805300,2025,L,0.2434783728079226,0.08605537390155367,0.314129121906207,0.014233409820374193,0.5855820937574272
682663,2025,L,0.26598768549266816,0.0871934563744916,0.29634239076383956,0.008427084287744692,0.6080370684495585
696030,2025,L,0.2434783728079226,0.08605537390155367,0.314129121906207,0.014233409820374193,0.5855820937574272
641856,2025,L,0.27428760757050596,0.10037781850186932,0.28648894421034815,0.014777533826442533,0.5983557045964107
641680,2025,L,0.33178435803999606,0.06558392964905718,0.153713912507071,0.007606390156666357,0.7730957680574388
682657,2025,L,0.28647169035697023,0.07516855781491656,0.17617406609956837,0.007873515582150213,0.7407838607757283
680757,2025,L,0.31524704746077836,0.1172368482985896,0.1152887303268686,0.015097028369922145,0.7523773933824007
678877,2025,L,0.30990151694151746,0.054870587595100474,0.2598091773294294,0.008073250681724696,0.677246984744836
682177,2025,L,0.2563223098875644,0.08967672393012892,0.30905216874656993,0.013486208233315805,0.58778489806646
677649,2025,L,0.32186450761053753,0.06781690526093727,0.23018565189699058,0.007825304000353939,0.6941721383763743
669394,2025,L,0.3518698646508605,0.07295757144724974,0.2559136712760639,0.007628574094937922,0.6635001827142318
666969,2025,L,0.3434527270532274,0.06861386487899482,0.2551760818926299,0.008092779939252759,0.6681172730805507
677587,2025,L,0.28157497050949,0.08535567270276512,0.2214670216258213,0.007967792752395295,0.68520951339809
672356,2025,L,0.2959497056884317,0.06767354182791926,0.31495317418233876,0.008024359448476369,0.6093489243489854
666310,2025,L,0.2830975328921178,0.09891036721482722,0.261793698574816,0.014305850533186353,0.6249900839558823
671286,2025,L,0.2981588029714478,0.09272512050264071,0.30241733822310723,0.008396802556155932,0.5964607392804444
608070,2025,L,0.3652374072186242,0.07865528729323956,0.11307101887006794,0.007826579051286848,0.8004471162560923
673962,2025,L,0.3337968541339616,0.07254936813798657,0.25423328454804156,0.007598464124014437,0.6656188826395228
683227,2025,L,0.26598768549266816,0.0871934563744916,0.29634239076383956,0.008427084287744692,0.6080370684495585
680737,2025,L,0.2793421384919767,0.08758589809919429,0.27456067856093663,0.008333569652130937,0.6295198509915418
664238,2025,L,0.31811513880780506,0.13756786288303233,0.2473745519549032,0.008838233896379995,0.6062193518235856
666018,2025,L,0.28827610927405534,0.09780106142456896,0.24380264204353932,0.014771527387204553,0.6436247687253452
691406,2025,L,0.35460088074942725,0.06768546901736322,0.21037469611026058,0.0076690611364524704,0.7142707737032046
680700,2025,L,0.29197027121346864,0.10255141230582084,0.1836525475721741,0.014558818097385006,0.6992372207518106
676439,2025,L,0.24887905912162162,0.08398725644529946,0.2845312364152103,0.013883406758576097,0.6175980994278685
663968,2025,L,0.26598768549266816,0.0871934563744916,0.29634239076383956,0.008427084287744692,0.6080370684495585
666139,2025,L,0.286121606715439,0.07147018223990959,0.26725121849770667,0.012971053310216531,0.6483075463388441
543807,2025,L,0.3543674488550432,0.1106729861792072,0.19583120919339886,0.008176167007215665,0.685319637224752
664702,2025,L,0.31458889876816953,0.11906256891910835,0.14971733308722898,0.008279373474091287,0.7229407241268465
676391,2025,L,0.3064950328519749,0.0522141712318193,0.10103502892803874,0.006720814701123139,0.8400299864224451
680718,2025,L,0.2797614282345914,0.08209876019477631,0.28624456264931947,0.01300972245645837,0.6186469548888412
672386,2025,L,0.3747375489675667,0.1014711979379594,0.12514721108016047,0.007808238088301656,0.7655733533086229
662139,2025,L,0.28691021734969324,0.0833912566127669,0.2590672635072594,0.014717832993189617,0.6428236472099665
623993,2025,L,0.34269020237272135,0.08567140563396494,0.22148328539071094,0.008023586646702314,0.6848217224937772
665489,2025,L,0.39751796068741335,0.07570113720590867,0.15123971192475233,0.007386936776582897,0.7656722139575866
676914,2025,L,0.31155618068103774,0.13359921547325687,0.30055195496428655,0.008973107471142204,0.5568757216761477
669720,2025,L,0.3327636931340803,0.06681863919577698,0.19012731135590977,0.007519164909941826,0.7355348853481226
682622,2025,L,0.3149974222349316,0.07617218385830786,0.21696232235979923,0.007763286207341907,0.6991022067690552
670770,2025,L,0.2856906428230868,0.10794034274769676,0.218794856410215,0.014945298820822454,0.6583195028637197
682829,2025,L,0.30486158577407024,0.08909724885634912,0.3177752900487838,0.008273555241587367,0.5848539065743353
609280,2025,L,0.330794645621645,0.05440638862314306,0.1398249285731316,0.007283593127522451,0.7984850893413992
666158,2025,L,0.2800741043165119,0.09917246307142627,0.2561683904833449,0.014102102656017208,0.6305570433862069
686555,2025,L,0.27073327057949603,0.11899217398279742,0.32077788013034586,0.008839175536364824,0.5513907704247386
702332,2025,L,0.26598768549266816,0.0871934563744916,0.29634239076383956,0.008427084287744692,0.6080370684495585
680574,2025,L,0.32190997355797246,0.12228079650348084,0.26732430155267933,0.008896314362221016,0.6014985883670707
624431,2025,L,0.3256483723275492,0.0788930609301455,0.14732265822481655,0.00710083742754553,0.7666834430237874
686217,2025,L,0.2746605604445903,0.1108094456271582,0.17995096182306042,0.01459442715458619,0.694645165505578
683734,2025,L,0.3540237386527502,0.07078693590835015,0.16780212573419184,0.007593592894039935,0.7538173462213698
668930,2025,L,0.2815539134979833,0.10808055425352431,0.2178889185276184,0.014132597043700929,0.659897929143027
694192,2025,L,0.33672896995780377,0.08798549466483858,0.20573913508915956,0.007617783727832157,0.6986575860436929
592885,2025,L,0.32765282343816754,0.0891879770283507,0.24330728467626622,0.01424510582563116,0.6532596324332426
678246,2025,L,0.32127111446894147,0.13384645569736062,0.20326745073846553,0.008643648858699766,0.6542424453157543
695657,2025,L,0.2434783728079226,0.08605537390155367,0.314129121906207,0.014233409820374193,0.5855820937574272
691019,2025,L,0.2434783728079226,0.08605537390155367,0.314129121906207,0.014233409820374193,0.5855820937574272
805367,2025,L,0.26598768549266816,0.0871934563744916,0.29634239076383956,0.008427084287744692,0.6080370684495585
572191,2025,L,0.30646922627740836,0.08448841087671716,0.2872031634773926,0.008250327204459408,0.6200580985076887
666150,2025,L,0.26129730142889807,0.08067074960507303,0.23062400014556372,0.013862935201200124,0.6748423140876852
672820,2025,L,0.3144776134152598,0.062194981613847775,0.19697561971913993,0.008020368848187917,0.7328090302949194
695734,2025,L,0.2434783728079226,0.08605537390155367,0.314129121906207,0.014233409820374193,0.5855820937574272
665953,2025,L,0.31119634464505863,0.07940626288993696,0.21480501538372568,0.00786465290706848,0.6979240702616236
682928,2025,L,0.2919735443861694,0.05795127854951539,0.21199600762472465,0.012925589467871134,0.7171271251771765
681460,2025,L,0.29285005101943057,0.0755578761305389,0.2620299054288416,0.008028490252666637,0.6543837268715124
700337,2025,L,0.26598768549266816,0.0871934563744916,0.29634239076383956,0.008427084287744692,0.6080370684495585
699625,2025,L,0.2434783728079226,0.08605537390155367,0.314129121906207,0.014233409820374193,0.5855820937574272
691023,2025,L,0.3328505357545677,0.07251108514675572,0.22517224483982728,0.00745995644793998,0.6948567129113603
695336,2025,L,0.29590450843851823,0.06600970486433588,0.24688130844434156,0.008052506296913784,0.679056479215235
669357,2025,L,0.30204839831516017,0.08200119185549311,0.33306540687652936,0.013249951995942527,0.5716834495036411
671056,2025,L,0.33980237031898747,0.10692180272092199,0.21091519447505985,0.008337996453304198,0.6738250057099944
665877,2025,L,0.30935891883498007,0.12027326434904918,0.144172575711216,0.00828994470982683,0.7272642150688639
701675,2025,L,0.2434783728079226,0.08605537390155367,0.314129121906207,0.014233409820374193,0.5855820937574272
687363,2025,L,0.26630784264126695,0.08233833329160448,0.2843677527386327,0.013521007251556198,0.6197729067349396
650968,2025,L,0.2978889422730974,0.03885939526710411,0.15227114734538777,0.006727437539628222,0.8021420203027771
691718,2025,L,0.25169709814741265,0.0472684469506571,0.30148307028434035,0.011593605574180323,0.6396548762146728
694208,2025,L,0.2434783728079226,0.08605537390155367,0.314129121906207,0.014233409820374193,0.5855820937574272
673548,2025,L,0.36400361035171025,0.13364315558835538,0.21679959936804982,0.008989442804639583,0.6405678028511437
663656,2025,L,0.3546970676751049,0.0833352495460173,0.17496006023614144,0.01331763390960943,0.7283870560176163
664023,2025,L,0.32668035722220634,0.09005096097114905,0.2587154394831296,0.007969713844378844,0.6432638854991711
663538,2025,L,0.33359757642702165,0.0754171283064388,0.10262786584455208,0.007481283571499219,0.8144737215083372
683737,2025,L,0.30492377619385025,0.10974755993318902,0.28041294634718295,0.01478682367623204,0.5950526686720433
543877,2025,L,0.3165709586226165,0.07012950394402606,0.17363472536235802,0.007808165202330366,0.7484276057150797
680837,2025,L,0.2434783728079226,0.08605537390155367,0.314129121906207,0.014233409820374193,0.5855820937574272
680577,2025,L,0.25872404229194895,0.08969248739576016,0.27886540963654993,0.014343109235853755,0.6170989941246261
686797,2025,L,0.2857948992484366,0.056495163247803654,0.1720754747562354,0.007102474330583295,0.7643268876744382
805249,2025,L,0.26598768549266816,0.0871934563744916,0.29634239076383956,0.008427084287744692,0.6080370684495585
596117,2025,L,0.25164906049181607,0.10760403498726963,0.26591782847394996,0.015170304085706708,0.6113078317705674
681082,2025,L,0.29387289418378243,0.084633510166235,0.18517610987548044,0.012701152011027431,0.7174892296229217
596146,2025,L,0.3245460981556525,0.08179154740779007,0.1975733133387134,0.013678693964081114,0.7069564458161456
664761,2025,L,0.35705872510850056,0.08334052354937099,0.18138606290389908,0.007738590939669701,0.7275348229822856
547180,2025,L,0.3474119033688015,0.07089842177551602,0.22976015976793893,0.013307148701269367,0.6860342705724677
656941,2025,L,0.3296062644758095,0.09964711184872746,0.3002905146504995,0.01481128531693555,0.5852510892578202
681546,2025,L,0.287603680789614,0.09877657607227953,0.32484233872052765,0.014761393578933064,0.5616196918944756
676812,2025,L,0.26598768549266816,0.0871934563744916,0.29634239076383956,0.008427084287744692,0.6080370684495585
665019,2025,L,0.27964509405053484,0.08182471998353079,0.271214089551612,0.014076395349006744,0.6328847941133232
668904,2025,L,0.35528988938279094,0.0851742873921511,0.20034018132991027,0.007839474666167691,0.7066460562363247
680777,2025,L,0.3249114365296614,0.09222678246478888,0.2593599018930886,0.008535679375208575,0.639877635934883
668885,2025,L,0.30664528882596515,0.12118498162471027,0.1818906278639664,0.007906546109766672,0.6890178443302536
592450,2025,L,0.414059045729131,0.11812785409067311,0.2839725627057597,0.00855046036473296,0.589349123117482
700250,2025,L,0.3076608732628383,0.09956092432137051,0.27791266529307,0.014356271571690829,0.6081701378438658
663757,2025,L,0.2949132064672534,0.12976360311788968,0.28237172814578726,0.015757387807305477,0.5721072810619106
676609,2025,L,0.28422983334010843,0.10452426993079537,0.22303751407327885,0.008647605156344638,0.6637906123717445
605141,2025,L,0.37669560897338406,0.11419839399323821,0.13990933711733375,0.008287912923489535,0.7376043568037812
660271,2025,L,0.34945416809604585,0.0806443161759826,0.26775285967121437,0.013089043106256073,0.6385137821948467
666163,2025,L,0.26600882599724035,0.10261844730728134,0.28006547251348485,0.01447273609198512,0.60284334449318
808975,2025,L,0.2434783728079226,0.08605537390155367,0.314129121906207,0.014233409820374193,0.5855820937574272
553993,2025,L,0.3338815670697701,0.11394081441459282,0.26853229490328206,0.00882063329497057,0.6087062571049847
571771,2025,L,0.33999713557890665,0.09537584088049325,0.1814972509457131,0.0080927730295218,0.7150341350067352
681624,2025,L,0.32289675450063865,0.07907882035816015,0.22879958984549947,0.008206229763614455,0.6839153600556412
624424,2025,L,0.3040198934767934,0.09551638556355778,0.25753659315273847,0.014670619728012145,0.632276400621823
663728,2025,L,0.32733804372411823,0.06946987363211907,0.25655320526410436,0.008067377930853981,0.6659095424775091
668227,2025,L,0.3350969710763707,0.11103207468728504,0.24847708098486343,0.008712487697123135,0.6317783556575072
670156,2025,L,0.2805948624425328,0.12010358512753794,0.2457429341596314,0.015356743932526857,0.6187967368436836
702284,2025,L,0.2434783728079226,0.08605537390155367,0.314129121906207,0.014233409820374193,0.5855820937574272
606192,2025,L,0.3457297859793536,0.09022284931584124,0.2688649040294163,0.008465530820760826,0.6324467154241056
687221,2025,L,0.2434783728079226,0.08605537390155367,0.314129121906207,0.014233409820374193,0.5855820937574272
660844,2025,L,0.2739395403049999,0.1524178603482938,0.28925122272401005,0.009125716927414299,0.5492052003632651
641487,2025,L,0.30658528949135516,0.11931864625920736,0.19872087731749244,0.015266574742356744,0.6666939001320926
670042,2025,L,0.288441165437025,0.07088304760787982,0.3066401425498839,0.012857451819942814,0.6096193584714285
641598,2025,L,0.3466170522570662,0.1331655569780415,0.24779737124065315,0.008922141523916675,0.6101149305246364
687231,2025,L,0.3039961855042953,0.09148232530783863,0.20199813622245552,0.007999319769420254,0.6985202173999203
680474,2025,L,0.3005377160229782,0.12396133960713285,0.23750252436310745,0.008429848687149126,0.6301062876298985
666126,2025,L,0.2434783728079226,0.08605537390155367,0.314129121906207,0.014233409820374193,0.5855820937574272
701762,2025,L,0.2434783728079226,0.08605537390155367,0.314129121906207,0.014233409820374193,0.5855820937574272
687515,2025,L,0.26598768549266816,0.0871934563744916,0.29634239076383956,0.008427084287744692,0.6080370684495585
680862,2025,L,0.26598768549266816,0.0871934563744916,0.29634239076383956,0.008427084287744692,0.6080370684495585
691777,2025,L,0.26598768549266816,0.0871934563744916,0.29634239076383956,0.008427084287744692,0.6080370684495585
668709,2025,L,0.289685023218827,0.1037893897469798,0.26421644189770516,0.013973923026202846,0.6180202442713015
695391,2025,L,0.3136087349811585,0.12331023936623833,0.21609373740080723,0.008391393195948383,0.6522046300641836
691016,2025,L,0.2808783311837842,0.07744119022391324,0.30344056086479626,0.012888815767298464,0.6062294348345411
670231,2025,L,0.2434783728079226,0.08605537390155367,0.314129121906207,0.014233409820374193,0.5855820937574272
686681,2025,L,0.29320991896024406,0.05810938271903621,0.2084130019375815,0.012148088936235368,0.7213295267102833
624428,2025,L,0.2981463322816308,0.08979927859609217,0.1467793087072263,0.01450566781405675,0.7489157451043876
695600,2025,L,0.2434783728079226,0.08605537390155367,0.314129121906207,0.014233409820374193,0.5855820937574272
667670,2025,L,0.3575688129800637,0.09494803337146046,0.27158851918755783,0.008335196264116463,0.6251282503379135
573262,2025,L,0.31099289296039817,0.11051212013073809,0.24748421223379155,0.015294907737198627,0.6267087607977004
521692,2025,L,0.343157853991102,0.027190905016632964,0.20573606676143028,0.007654233433123405,0.7594187941981391
686469,2025,L,0.3422397973125984,0.07162718221399555,0.147330050516262,0.012895907725815071,0.7681468593219342
677951,2025,L,0.38055490640117534,0.05828648417034076,0.17460820275296457,0.007696402974435232,0.7594089115946453
672580,2025,L,0.3529166728364357,0.09831392131261207,0.16654564445306372,0.007724684650836422,0.7274157503134979
687551,2025,L,0.2434783728079226,0.08605537390155367,0.314129121906207,0.014233409820374193,0.5855820937574272
683766,2025,L,0.26598768549266816,0.0871934563744916,0.29634239076383956,0.008427084287744692,0.6080370684495585
672275,2025,L,0.314799933757632,0.0965223237681929,0.24912294434190604,0.007968852299754938,0.6463858783223893
808982,2025,L,0.30595363855517055,0.08599053710309126,0.1550562229547953,0.014024422539682602,0.7449288171618603
630105,2025,L,0.3062500562147584,0.0970710403463119,0.19564271147331486,0.014321261783387194,0.6929649864123779
657757,2025,L,0.2909186545687721,0.07877336392382274,0.24194495688067535,0.013074851373433638,0.6662068275674892
669200,2025,L,0.2608755540498906,0.10176745912290164,0.29324880601813014,0.008696993661467277,0.5962867401516977
701538,2025,L,0.32724856115725287,0.0538064606617973,0.19273230230650473,0.011386674264837237,0.7420745636414569
695238,2025,L,0.282239948636942,0.09367018465504241,0.25315518863461806,0.014533733854539061,0.6386408918524691
664983,2025,L,0.261370907386114,0.07749332825768995,0.23433141692436027,0.013067222400843518,0.675108032419663
677950,2025,L,0.2757608622776679,0.07252142234804076,0.22991373415291283,0.013366766983580324,0.6841980752203864
545121,2025,L,0.30125290289639717,0.07453533427568917,0.11306550757973258,0.007493216687348392,0.8049059411805057
543510,2025,L,0.3072478691943785,0.07280094610603775,0.2493646123800971,0.007984948346824377,0.669849493503093
694374,2025,L,0.26598768549266816,0.0871934563744916,0.29634239076383956,0.008427084287744692,0.6080370684495585
672695,2025,L,0.31184177865369456,0.12032151801315125,0.14373680447700987,0.008082198747435062,0.7278594791824231
691783,2025,L,0.26359620075106516,0.10347083112605983,0.30238043493151273,0.008461805179596668,0.5856869299231475
606466,2025,L,0.35595944262815044,0.05820559145484221,0.13937562794647218,0.007415346485288423,0.7950034330885898
678489,2025,L,0.2804530568626967,0.07819117577336337,0.2363931757364643,0.008137070862729292,0.6772785783087822
602104,2025,L,0.32970299735807457,0.10318589308774943,0.2137533930165362,0.008165593243809572,0.6748951198965872
701358,2025,L,0.26598768549266816,0.0871934563744916,0.29634239076383956,0.008427084287744692,0.6080370684495585
660821,2025,L,0.30386212114793526,0.06480484167354493,0.26600937543220055,0.012591274754397414,0.6565945090071444
681351,2025,L,0.3259239642201052,0.08374698586399053,0.2492042131834759,0.008124844210787007,0.6589239565841646
650859,2025,L,0.3029750780042416,0.06747818269265576,0.16949350061490073,0.00751208976032943,0.7555162263153733
669326,2025,L,0.266215184340495,0.07906620784661775,0.2986491595088899,0.008298297644389349,0.6139863333338571
694203,2025,L,0.26598768549266816,0.0871934563744916,0.29634239076383956,0.008427084287744692,0.6080370684495585
665861,2025,L,0.29271816697396036,0.08683165700316518,0.2590131032308806,0.008322571020762887,0.6458326692866618
666198,2025,L,0.2957762520852879,0.08891354142227109,0.21708749343667183,0.008094572561715916,0.6859043918769543
695681,2025,L,0.26598768549266816,0.0871934563744916,0.29634239076383956,0.008427084287744692,0.6080370684495585
621035,2025,L,0.3141579384133681,0.12489120784003646,0.2814602158513561,0.008841691393082904,0.584806885021039
666176,2025,L,0.3121165001601366,0.07785304599741276,0.2906151633612971,0.008690355955229358,0.6228414338911096
673237,2025,L,0.3371044579650906,0.034925995995091504,0.17813406873682494,0.0071536399159441546,0.7797862944210563
605170,2025,L,0.3347177765929779,0.09300537215775252,0.20401259375500652,0.008058338189016785,0.6949236969757682
643289,2025,L,0.30645959023186625,0.05059935749947793,0.1490895534331004,0.007253540823172299,0.7930575482013831
805904,2025,L,0.2434783728079226,0.08605537390155367,0.314129121906207,0.014233409820374193,0.5855820937574272
689200,2025,L,0.2434783728079226,0.08605537390155367,0.314129121906207,0.014233409820374193,0.5855820937574272
694728,2025,L,0.26598768549266816,0.0871934563744916,0.29634239076383956,0.008427084287744692,0.6080370684495585
676475,2025,L,0.3061837837450346,0.04767472571976769,0.1559215039602005,0.011452811237013997,0.7849509588961171
663457,2025,L,0.30294800092294094,0.11965836603780752,0.25094841166778664,0.014554814500593712,0.6148384070382672
592206,2025,L,0.3362166987124776,0.05809303466060364,0.23325397605632484,0.0078812344495776,0.7007717553260991
592663,2025,L,0.3493445494150631,0.07198479701012912,0.19038067735083797,0.008050141899487996,0.7295843838834507
621439,2025,L,0.3262306166567026,0.07279540820061349,0.28268025261920166,0.00833841095684654,0.6361859280315451
502671,2025,L,0.3736621023936861,0.10347757151342858,0.2240631677766047,0.008485632565636945,0.6639736268115992
665862,2025,L,0.29237765436137997,0.0790411339011045,0.25770145323072235,0.01396031049529723,0.6492971019232957
519317,2025,L,0.37583458591817076,0.08001557421917166,0.2791973871860685,0.008145606891363634,0.6326414319428255
641355,2025,L,0.31088045746508985,0.07418343359301323,0.2243561321329242,0.013862531638285193,0.6875979023479604
516782,2025,L,0.3273348140401181,0.05437567370408181,0.1863406109372936,0.007919713992269838,0.751364001458468
624413,2025,L,0.37646658739168504,0.09197475890977407,0.22443040086520183,0.008339568008480538,0.675255272229041
665742,2025,L,0.371133879965863,0.11660843502127179,0.19685118168387025,0.014669837337216728,0.671870546151782
656537,2025,L,0.2876894057999074,0.07428472139133252,0.2756996419083384,0.007853830930915105,0.642161805428085
678554,2025,L,0.31279754402905513,0.06822105528650085,0.19789168114912012,0.007716844609908326,0.7261704191582203
695578,2025,L,0.30328160854019326,0.10847326015201028,0.31957183414685575,0.01402184976618306,0.5579330552401689
605137,2025,L,0.33727726214937614,0.08584740981269742,0.20827905662356913,0.007928393148012336,0.6979451389181613
671277,2025,L,0.2983489550573691,0.04612691273923693,0.1861512107348422,0.007825797102931326,0.759896079513673
595751,2025,L,0.3130676527512615,0.03873821675026523,0.3018328894857606,0.007492360094721734,0.6519365344888544
664770,2025,L,0.2790334808212726,0.0844236728543459,0.21285749072437682,0.013821343249842893,0.6888974925343058
665926,2025,L,0.2705925340674959,0.05528898608222541,0.19933626268136248,0.012522847674734713,0.7328519039138167
664040,2025,L,0.30818588447869255,0.0711933679292997,0.2747293141816145,0.012889707292678059,0.6411876104959577
676044,2025,L,0.2434783728079226,0.08605537390155367,0.314129121906207,0.014233409820374193,0.5855820937574272
802415,2025,L,0.2434783728079226,0.08605537390155367,0.314129121906207,0.014233409820374193,0.5855820937574272
692216,2025,L,0.2434783728079226,0.08605537390155367,0.314129121906207,0.014233409820374193,0.5855820937574272
700932,2025,L,0.2734725064789067,0.09635110485987085,0.3002397460628985,0.01476930472507994,0.5886398431092277
595978,2025,L,0.27825938698056774,0.073154027317984,0.267705710572174,0.008280166363473408,0.6508600965176567
456781,2025,L,0.32716908784066034,0.08079103114269408,0.2009199852047195,0.008212687264798043,0.7100762965362922
543309,2025,L,0.3311456317974111,0.07477414152322222,0.23774194911747898,0.007941825551956801,0.6795420833035126
595879,2025,L,0.3178104770451242,0.04327593249517326,0.2574620453803023,0.007331740460146407,0.6919302823189005
628451,2025,L,0.31521690453498113,0.07362659579471577,0.17597244325486208,0.007789550576464635,0.7426114096725854
693307,2025,L,0.3055459305042092,0.07047808283063016,0.24382816304961633,0.008138111151892818,0.677555644476759
682985,2025,L,0.3115130673686303,0.09736451875040499,0.28747304234213095,0.01478365531758583,0.6003787823075057
679529,2025,L,0.35563758093495806,0.09994932783211306,0.21156419714364222,0.008389504593584687,0.6800969704814833
807799,2025,L,0.31033710680554366,0.08668943893515249,0.1632199461417146,0.013989756922436442,0.7361008589614858
608701,2025,L,0.33447435802284015,0.11661802105457231,0.21590531222697995,0.008429869982355804,0.6590467949433806
677800,2025,L,0.29436046641311564,0.07586442587553913,0.2737700756122091,0.013814772948536568,0.6365507250092672
672761,2025,L,0.30328167947375023,0.08921763528053298,0.1812523179451741,0.008207609585128967,0.7213224373482052
650402,2025,L,0.3416778847539533,0.09539785554318382,0.19984503327264425,0.008145800305289224,0.6966113116403183
663330,2025,L,0.30156189154549634,0.11575551040598617,0.2836670628968098,0.008558502053231606,0.5920189232239482
666152,2025,L,0.2661172417133771,0.09333550510100158,0.2729979758058987,0.01348787987504027,0.6201786399969306
678009,2025,L,0.2787209876366282,0.10056164692312516,0.2834499354699891,0.014527364894119094,0.601461053347773
687462,2025,L,0.29936229139811094,0.10073840089130796,0.20783316514539873,0.014732424026896835,0.6766960106705738
545341,2025,L,0.346149727953237,0.06078768714694139,0.22816096532261435,0.007686469731477488,0.7033648792395774
669127,2025,L,0.3328302013837764,0.0797686355297018,0.2732588581566383,0.008196294006264569,0.6387762116732628
687401,2025,L,0.33274101920044397,0.11605847186861414,0.203532473471012,0.008472483399636908,0.67193657170974
643376,2025,L,0.34460299791882676,0.10997677297899902,0.18611178752875518,0.008172452502617198,0.6957389882127198
663368,2025,L,0.2962753381864797,0.12540162586095568,0.24340316529107295,0.008688117045824504,0.6225070922437831
663886,2025,L,0.3344875213741215,0.12080400990303225,0.22350191823339643,0.008277169500182806,0.6474169027078744
701398,2025,L,0.26598768549266816,0.0871934563744916,0.29634239076383956,0.008427084287744692,0.6080370684495585
668715,2025,L,0.3226318024982011,0.10513867660163227,0.2185799562780587,0.008533030053541165,0.6677483377711508
663647,2025,L,0.3505380557700964,0.0812890995517718,0.17626139539654134,0.007859627427462698,0.7345898782457738
656811,2025,L,0.2958291443667582,0.08000330660035368,0.255674554445946,0.013698192557278263,0.6506239461298793
578428,2025,L,0.3055646978163885,0.05872201923300491,0.11328898422462125,0.007499498194583891,0.8204894997352478
593428,2025,L,0.35844491219612995,0.10318931826182176,0.1565063894734434,0.008081443220069203,0.7322228494595803
650333,2025,L,0.33136889422003946,0.0842845498786843,0.08262792148714615,0.013470398871002232,0.8196171297010011
680728,2025,L,0.27273540623988896,0.08540889425996676,0.29600631364895386,0.014234694745911072,0.6043500967370813
672515,2025,L,0.3532929039940399,0.11558661984519615,0.15957075779726798,0.008613793393110943,0.7162288293041034
665487,2025,L,0.35989847587351914,0.08181057060839378,0.23891786455336284,0.008004945978511875,0.6712666199901537
553869,2025,L,0.32265462427328817,0.07090742288563785,0.19895276675845525,0.007895424247706596,0.7222443865121488
663731,2025,L,0.2754658391543067,0.0872477497709999,0.2912245267570047,0.008417486630238637,0.6131102364775656
686527,2025,L,0.28104683982745654,0.05406951708276935,0.2590285442923626,0.012377925749537668,0.6745240126029663
695670,2025,L,0.26598768549266816,0.0871934563744916,0.29634239076383956,0.008427084287744692,0.6080370684495585
593871,2025,L,0.3323014316859909,0.0708225096069725,0.16100579030426515,0.007759216623562504,0.7604124833926811
677594,2025,L,0.357247450969023,0.06378418245310874,0.23952204714075542,0.007815874565242832,0.6888778950370659
656305,2025,L,0.36732702892176117,0.1088228328757994,0.24254336304174212,0.008579158973211199,0.640054645631159
642715,2025,L,0.3242842833047614,0.10129828956211384,0.25580191749873965,0.008544413856354481,0.6343553784008038
646240,2025,L,0.320690974083512,0.05422378760514631,0.23020383127117175,0.012722138562155306,0.7028502422574032
671218,2025,L,0.3326612170097808,0.08938466821543077,0.26107513561043616,0.008227955587304247,0.6413122421140185
668800,2025,L,0.294579206122255,0.06433110489049718,0.22793738895817012,0.007865380756990894,0.69986612612713
666464,2025,L,0.3262540343440161,0.08182367651854906,0.2881161355460339,0.008163105460517118,0.6218970829772719
669477,2025,L,0.3172234104729501,0.06687735655709487,0.194307664749808,0.007485656234936265,0.7313293225111347
527038,2025,L,0.3268849433660167,0.08326588765803924,0.1280195987921112,0.008024498443739687,0.7806900151314197
669234,2025,L,0.29624103596135487,0.13931901420301437,0.302479656066858,0.00911003367376261,0.5490912954537982
680779,2025,L,0.309565467941618,0.10256014456433404,0.27831754499057093,0.00856617354320557,0.6105561380000805
669261,2025,L,0.29179871495146226,0.11792920124564418,0.33243645305439207,0.015420618310136807,0.5342137264796617
666624,2025,L,0.32341089043578686,0.09315804842251701,0.296683773351014,0.008091515358714746,0.6020666626673998
700246,2025,L,0.26598768549266816,0.0871934563744916,0.29634239076383956,0.008427084287744692,0.6080370684495585
592626,2025,L,0.3079020599962228,0.08390187657895862,0.2810384566502896,0.014022037142877036,0.6210376291933761
669224,2025,L,0.29697317777566773,0.08062062120482917,0.2546575040148698,0.01344072910601076,0.6512811452509669
683011,2025,L,0.3115801249898065,0.10585336437558952,0.23159750926093314,0.00862864778801413,0.6539204780417041
683002,2025,L,0.33457212619088195,0.0864668863603706,0.24402183380027842,0.013066847854738899,0.6564444311923708
676059,2025,L,0.3476879693184951,0.08793046962719749,0.22912946620537322,0.007812557990260264,0.6751275049698273
702616,2025,L,0.2730451804835288,0.0932058087938736,0.3015208356181286,0.014103073738975784,0.5911702813184825
596103,2025,L,0.31696762028988473,0.1174892509105927,0.275424519699276,0.008559905177968638,0.5985263250458911
642708,2025,L,0.31520604457757573,0.055006787033500586,0.17107114772174964,0.007461807736657787,0.7664602572227858
688363,2025,L,0.25869452879196353,0.09401877101224751,0.31164901466945,0.014264684041088566,0.5800675312491634
687859,2025,L,0.2434783728079226,0.08605537390155367,0.314129121906207,0.014233409820374193,0.5855820937574272
665052,2025,L,0.27278669130592603,0.06721239757550769,0.2790213918156451,0.012714586258563176,0.6410516243630129
671732,2025,L,0.2849874018459968,0.08387692704443105,0.28395931159008203,0.013202155517195188,0.6189616061063228
805779,2025,L,0.2970447655422703,0.06963627339678151,0.11992594629323845,0.007252135312368129,0.8031856444641496
695506,2025,L,0.2434783728079226,0.08605537390155367,0.314129121906207,0.014233409820374193,0.5855820937574272
663697,2025,L,0.33480087067626874,0.13765971032403929,0.2097454015328024,0.008908351148101129,0.6436865365493579
682998,2025,L,0.3156385463898682,0.095161696756155,0.20361420248875609,0.014424954403723418,0.6867991471892
666023,2025,L,0.3199629425198415,0.07302964605499465,0.17885364303495052,0.0076964649818543835,0.740420246028016
621493,2025,L,0.35866976780169063,0.10767976538250393,0.20255764077031926,0.008121146395372682,0.6816414468368509
545361,2025,L,0.38555066781980135,0.12057283687252962,0.24670044398717425,0.009032494650935568,0.6236942238206916
572233,2025,L,0.3568178693004358,0.09042683752553309,0.21954791278088298,0.008201175325957726,0.6818240736165373
621043,2025,L,0.361555801339482,0.0975737402850607,0.20231360306218252,0.008159526637870016,0.6919531291059586
694384,2025,L,0.2904768757043147,0.11152436822291605,0.17811424347649957,0.014006535154503308,0.6963548532704142
669743,2025,L,0.3305290241105452,0.13641676763566274,0.18668163882794903,0.008656951497726693,0.668244641391744
647304,2025,L,0.3213154372640863,0.05121076678063196,0.16961666811368953,0.011574572654947712,0.7675979919028921
571448,2025,L,0.3533206606313059,0.057791203994638676,0.14849187352085771,0.007480007579279266,0.7862369160013724
690987,2025,L,0.2434783728079226,0.08605537390155367,0.314129121906207,0.014233409820374193,0.5855820937574272
657557,2025,L,0.30452127393749795,0.07831858213390368,0.2730263645731784,0.008586846040921301,0.640068207176074
683770,2025,L,0.2434783728079226,0.08605537390155367,0.314129121906207,0.014233409820374193,0.5855820937574272
656484,2025,L,0.24792036148703275,0.08101782022402786,0.3486100262317261,0.013994520077898441,0.5563776347170974
663743,2025,L,0.3219108510591391,0.0894279130202646,0.15055067108140496,0.007400363739869292,0.7526210520072711
677592,2025,L,0.28961885494020534,0.09038484081892179,0.32012218806875586,0.008370504500755696,0.5811224665755412
650490,2025,L,0.37988724744079155,0.11957446785929728,0.1375930125740609,0.007934776107684813,0.734897743728263
671655,2025,L,0.2434783728079226,0.08605537390155367,0.314129121906207,0.014233409820374193,0.5855820937574272
596019,2025,L,0.34663020469332,0.06929733637325507,0.1418664027846477,0.007654187837805393,0.7811820738971154
682668,2025,L,0.3088048263351553,0.0793929209280859,0.23433540092414032,0.008141511298428154,0.6781301668330019
621438,2025,L,0.32794893839609224,0.0788942190426084,0.19640527494099044,0.008094594640750125,0.7166059107498848
683146,2025,L,0.290556968977733,0.07975972764910727,0.2649331982050891,0.013890943840708025,0.6414161311231436
457759,2025,L,0.3491767154057109,0.0916421418454668,0.15572797197432467,0.008285156109420782,0.7443447304928236
807713,2025,L,0.26598768549266816,0.0871934563744916,0.29634239076383956,0.008427084287744692,0.6080370684495585
620443,2025,L,0.31322735982019895,0.096916781635684,0.21735265221720823,0.008179723646695053,0.6775508410342388
623168,2025,L,0.27405648014187056,0.08543726772938373,0.17318348504891193,0.008040999711698063,0.7333382478709903
681987,2025,L,0.28415292857045815,0.08629222481804422,0.23114055244914683,0.008066637025207645,0.6745005852503537
663993,2025,L,0.32953975138197666,0.09943890163129417,0.22590429330132736,0.013881517500168984,0.6607752881146884
678882,2025,L,0.29216696037019685,0.049082127594349136,0.25804759078588013,0.007753216831080834,0.6851170660956564
663853,2025,L,0.32741617985121013,0.07323154407619598,0.2445687821014325,0.007864861456183172,0.6743348109606107
608324,2025,L,0.3620187017898399,0.11791801968942922,0.12841797409706496,0.00790460938621476,0.7457593981505434
596115,2025,L,0.3331312946257441,0.07477044224019708,0.24401661958463988,0.00835302191459339,0.6728599148997999
680776,2025,L,0.30704087441827826,0.07815407238630619,0.23279090550641024,0.01325373813958882,0.6758012837461417
657136,2025,L,0.3005524409026522,0.07778083378793856,0.2694275793311652,0.008478431453173106,0.644313155135127
677942,2025,L,0.29426398196953546,0.0812599797285445,0.2542949096147652,0.008144415693539107,0.6563006946039193
518692,2025,L,0.3493761598187489,0.0711095912770393,0.18857856474678444,0.013613002089207887,0.7266988411573165
641857,2025,L,0.29437072779954937,0.09137676318047955,0.29754084791249275,0.014402294580130369,0.59668009367362
667452,2025,L,0.3158592659937796,0.09274177650494252,0.2093819275835011,0.00823712405695353,0.6896391716920747
670623,2025,L,0.3367452766226935,0.10554312377643896,0.15106510963793085,0.008602235514750162,0.734789531543213
514888,2025,L,0.327401588602163,0.06877812760384715,0.14073090612072453,0.007062139904698066,0.7834288257593375
666211,2025,L,0.24783392595397077,0.09421252522691707,0.3614087072522437,0.014278053296402528,0.5301007138202309
666160,2025,L,0.2595381994719544,0.050217272333803444,0.31151217038487766,0.011767281786817676,0.6265032743873156
690022,2025,L,0.26598768549266816,0.0871934563744916,0.29634239076383956,0.008427084287744692,0.6080370684495585
690924,2025,L,0.26598768549266816,0.0871934563744916,0.29634239076383956,0.008427084287744692,0.6080370684495585
691720,2025,L,0.26598768549266816,0.0871934563744916,0.29634239076383956,0.008427084287744692,0.6080370684495585
643396,2025,L,0.3187113699082824,0.08399512008739564,0.13131569554190284,0.0076767825473895105,0.7770124016399427
665966,2025,L,0.29328119812487474,0.09054334611432924,0.29529235200908543,0.008496912208611929,0.6056673896989813
682626,2025,L,0.3382422754133021,0.10027459273766998,0.24825258401554753,0.008024109715689906,0.6434487136744488
621020,2025,L,0.3373657468160384,0.08928585090762196,0.2276437119296247,0.008148245258856698,0.6749221932428412
608348,2025,L,0.3207877820526713,0.10753916525191357,0.20301319200348045,0.008353759956619222,0.6810938820685007
687637,2025,L,0.2434783728079226,0.08605537390155367,0.314129121906207,0.014233409820374193,0.5855820937574272
686894,2025,L,0.3043708876987563,0.09610379323333272,0.27666209890626575,0.008333395654608267,0.6189007114711658
664056,2025,L,0.3110655141429782,0.0939949965913404,0.21835520919768717,0.008501150443246562,0.6791486435386912
665561,2025,L,0.2749134720243499,0.07165646498154826,0.19228894715878922,0.0077290629322594616,0.7283255246616452
642215,2025,L,0.30660025725253554,0.0986781188861712,0.2849165585152847,0.008536906224124237,0.6078684163573204
624641,2025,L,0.3048252511032835,0.06390814975119682,0.21881268622108913,0.00817368457882301,0.7091054793854109
595777,2025,L,0.337054656255873,0.10319876557417684,0.14009894335882347,0.008058215960666085,0.7486440754000137
642201,2025,L,0.2744118171579591,0.10343587147904741,0.30806353490409905,0.008588504708374568,0.5799120892576412
669397,2025,L,0.28558492211975106,0.0887023914615079,0.1652162203336622,0.007656341893012933,0.7384250453077829
592518,2025,L,0.385711365036767,0.07160649046994415,0.16812241955822008,0.007485404126110662,0.7527856860121624
656555,2025,L,0.3670615727661579,0.12641056802990047,0.22530912823312957,0.008939654064583082,0.6393406489186921
686475,2025,L,0.26598768549266816,0.0871934563744916,0.29634239076383956,0.008427084287744692,0.6080370684495585
571912,2025,L,0.28523441112309206,0.09419314251886965,0.2443788386738177,0.008338376183247634,0.6530896407227231
680977,2025,L,0.3158386183514331,0.1005472059411692,0.17513573507851365,0.014731950764140713,0.7095851088848506
676694,2025,L,0.32353778668679095,0.09002726094850946,0.2227672352702558,0.0077028125246031195,0.6795026909045909
692585,2025,L,0.2434783728079226,0.08605537390155367,0.314129121906207,0.014233409820374193,0.5855820937574272
669242,2025,L,0.3107944499329549,0.07267574358487719,0.1760615246449744,0.007678445524272268,0.7435842862563188
500743,2025,L,0.32366666854235454,0.07468617271044294,0.11369977626297222,0.007386190729318569,0.8042278600782992
669701,2025,L,0.29354879620789737,0.11436182457520692,0.2353632550297212,0.014724943477412692,0.6355499775159685
663616,2025,L,0.29361645591030777,0.09457035768610875,0.3296441921273007,0.01448034796827677,0.5613051021649355
681297,2025,L,0.29491296776068104,0.10254081262584373,0.3011462047616489,0.01474110988503678,0.5815718722372026
694212,2025,L,0.2434783728079226,0.08605537390155367,0.314129121906207,0.014233409820374193,0.5855820937574272
668939,2025,L,0.34643547721125434,0.10435336614116716,0.16198500183813985,0.00839941656470474,0.7252622159899859
641933,2025,L,0.34606747527019005,0.09599883045518588,0.29036101736335296,0.008561699061119992,0.6050784536315825
691723,2025,L,0.2597607116496516,0.09502929635325119,0.3312953245633925,0.008548811373244326,0.5651265672611105
690984,2025,L,0.2434783728079226,0.08605537390155367,0.314129121906207,0.014233409820374193,0.5855820937574272
681807,2025,L,0.3144271333226445,0.07790456313668363,0.22617929100468318,0.008214382064570872,0.68770176392687
669016,2025,L,0.2920848979257944,0.0998257129186428,0.3057192818446692,0.01491459650001663,0.5795404090839122
669369,2025,L,0.27344961670262957,0.09126046825983229,0.24248196152720333,0.00805028099665317,0.6582072887446466
657656,2025,L,0.31840539555068453,0.10352375951885094,0.24610417610347546,0.008612466458442757,0.6417595975795565
571970,2025,L,0.3262481898977022,0.1212040037945787,0.27026917124297567,0.01558952636503614,0.5929372993101775
687597,2025,L,0.28587074421071346,0.07565400725232639,0.3032583729923433,0.008144177108472445,0.6129434429642953
688760,2025,L,0.26598768549266816,0.0871934563744916,0.29634239076383956,0.008427084287744692,0.6080370684495585
696100,2025,L,0.3131486417151763,0.05647772328168854,0.2803376875672328,0.007922285381387518,0.6552623025830678
666397,2025,L,0.28569563314748947,0.1424018901202254,0.3327072818449721,0.015557620724172959,0.5093332055922509
807712,2025,L,0.26598768549266816,0.0871934563744916,0.29634239076383956,0.008427084287744692,0.6080370684495585
467793,2025,L,0.3550698687452545,0.11217014280473153,0.14059112676115035,0.007877368711862771,0.7393613609291877
672724,2025,L,0.28767174894791714,0.09584584747536136,0.26733763618104867,0.00816853513957517,0.628647982633383
661388,2025,L,0.35082658580084375,0.1003202058143894,0.22560432901684552,0.008112160516995748,0.6659633051229173
656180,2025,L,0.32648184414651166,0.10164027769779653,0.2705058054248665,0.008585635832862336,0.6192682809102957
683083,2025,L,0.27618169096470807,0.11580977237436216,0.25647455989103213,0.008628559636289956,0.6190871088402523
696285,2025,L,0.313541952740221,0.1113057909658507,0.17767583713318086,0.00816550281391455,0.7028528694389831
691781,2025,L,0.26598768549266816,0.0871934563744916,0.29634239076383956,0.008427084287744692,0.6080370684495585
686611,2025,L,0.32620545710021426,0.09209551284813926,0.2178386095386382,0.008064287446930806,0.682001589962292
645277,2025,L,0.32938067447804126,0.036709387176727754,0.1268983750194928,0.006910477383741929,0.8294817594148742
663624,2025,L,0.35458937372581134,0.055153950431143156,0.21706657377604305,0.007567166280914865,0.7202123088398095
682634,2025,L,0.29185191347929995,0.08281258339061642,0.24644044594098763,0.008100134058814637,0.6626468366256316
681481,2025,L,0.28325067985658825,0.06708528838999396,0.2542313161456719,0.013272343707027436,0.6654110516445085
660644,2025,L,0.28392976960452326,0.08457838279167586,0.1952285137937178,0.0077485799141853735,0.7124445238030512
655316,2025,L,0.3194615219962479,0.1404203340701806,0.21541514613891566,0.008829449401400817,0.6353350708344783
664034,2025,L,0.34369100088560667,0.07451345540545752,0.16688866310632483,0.0079189713817568,0.7506789098552561
645302,2025,L,0.29434419749336355,0.09060429857050932,0.22221952981091825,0.008071256432186855,0.679104915404608
805811,2025,L,0.2434783728079226,0.08605537390155367,0.314129121906207,0.014233409820374193,0.5855820937574272
689414,2025,L,0.2434783728079226,0.08605537390155367,0.314129121906207,0.014233409820374193,0.5855820937574272
640902,2025,L,0.2901811486797296,0.09102328609881646,0.257590409865612,0.008238377544315518,0.6431479254992765
656577,2025,L,0.2760420277530665,0.06842462877558123,0.3656687013167327,0.008522169459956975,0.5573845007003824
669236,2025,L,0.26598768549266816,0.0871934563744916,0.29634239076383956,0.008427084287744692,0.6080370684495585
622761,2025,L,0.31737882539063417,0.07224158417123995,0.22874095519023446,0.007741437494427943,0.6912760236127814
656775,2025,L,0.2977956694154588,0.09015982568236715,0.20095696466867177,0.014557991728792009,0.6943252174831741
643565,2025,L,0.2874900894080565,0.11625443900465976,0.26233559335738704,0.015267249136895913,0.6061427182323291
665833,2025,L,0.31025083245479856,0.07865371850749507,0.3203948218522444,0.013760362603518555,0.5871910975116527
686780,2025,L,0.30782868763856813,0.07640160883069368,0.23867180327280457,0.008050390923683539,0.6768761973024975
681508,2025,L,0.2872294171180768,0.1175976644863601,0.2701229254631006,0.00871109215660783,0.6035683175795417
642350,2025,L,0.29286827454088893,0.07263514540655654,0.33998166586937606,0.008438875972332904,0.5789443113521304
686668,2025,L,0.3138325645549497,0.0777273586992758,0.2800114925324518,0.008019925885001587,0.6342412238130817
671289,2025,L,0.3295057908663592,0.08505525159366338,0.14549043192390168,0.007869136518668144,0.761585178824653
571657,2025,L,0.301761104933026,0.07198521942492403,0.2020007899007627,0.00811081589013378,0.7179031748355894
678662,2025,L,0.2995074241852714,0.0545661979589515,0.25787889602187547,0.008227822154297482,0.6793270836219124
667472,2025,L,0.32405903060283353,0.09981467938336792,0.25554701139233665,0.008503670287188517,0.6361346392746555
686765,2025,L,0.275286948158928,0.09516060722380217,0.24112327170017608,0.008266442785153868,0.6554496773686592
680869,2025,L,0.30547413235660625,0.09468466495152353,0.2813535473303729,0.008271569472905178,0.6156902196770581
676679,2025,L,0.2725953699878706,0.07185507894807465,0.2869355452715159,0.008106316563012248,0.6331030595479679
666134,2025,L,0.27864447671969406,0.10496806117635794,0.33621517742339657,0.0150514488771772,0.5437653138707622
694671,2025,L,0.36063117878338724,0.11866877951976414,0.20994869522364204,0.008310986620031692,0.6630715394534116
606115,2025,L,0.3073044115703245,0.07831357548120352,0.18626337445281044,0.007796112151569972,0.727626938194889
506702,2025,L,0.27407485184539826,0.08316395506429124,0.2444178719260683,0.008188408371736167,0.6642297662628489
666185,2025,L,0.29276853144090204,0.09223397195394963,0.24809219495846693,0.008468709731342908,0.6512051233144807
668670,2025,L,0.3061707668361025,0.11248107006632936,0.2813493806965871,0.008389624253676656,0.5977799252250435
670242,2025,L,0.3095231021431294,0.08865815451100793,0.33621882399392783,0.014617241020556261,0.5605057803585146
642020,2025,L,0.28145071992795956,0.06627402718866912,0.2633896019128771,0.008053823983799181,0.6622825460334913
670541,2025,L,0.37577821006062345,0.0789660028914158,0.21344896077408446,0.014045881063023463,0.693539154389539
665161,2025,L,0.32157987845603253,0.05670726447142732,0.19085962023437802,0.0072952874523161074,0.7451378293452804
656896,2025,L,0.3460832532725679,0.08393861515713562,0.18759908113744858,0.0078110637397485905,0.7206512415424391
694388,2025,L,0.24355161205316525,0.0720316212212689,0.3370063123925458,0.013271552376551568,0.5776905145293355
678225,2025,L,0.2695582211132542,0.09391637872688408,0.25855105772058967,0.014635868734678382,0.6328966942876235
643217,2025,L,0.3085817031597295,0.0830371416053699,0.2026364218821265,0.014171573360103587,0.7001548637736995
622268,2025,L,0.25595446964380175,0.0754665319165339,0.2650573728038036,0.013652785794623843,0.6458233082382757
691011,2025,L,0.26378681323471304,0.07336172724449914,0.25958225544967956,0.008015028123794255,0.6590409891807791
669289,2025,L,0.3192249659040441,0.09193511306470818,0.12453582812069944,0.007657965500270363,0.775871093547696
641343,2025,L,0.29029893203563845,0.09994252418293088,0.27444598751707794,0.013763060747199324,0.6118484274851805
650489,2025,L,0.2976665079089483,0.05035403126073722,0.2273650183053885,0.007665567126894902,0.7146153842478447
678894,2025,L,0.2977404907834673,0.08051202135024556,0.24313494676017233,0.00794811503680048,0.6684049175517704
682641,2025,L,0.317152238976571,0.0724884718076678,0.14647100337189115,0.007567170021352158,0.773473353630898
691185,2025,L,0.26598768549266816,0.0871934563744916,0.29634239076383956,0.008427084287744692,0.6080370684495585
575929,2025,L,0.3304023435788967,0.07747141802349673,0.2566268302377933,0.008192029809037488,0.6577097230139243
683090,2025,L,0.26598768549266816,0.0871934563744916,0.29634239076383956,0.008427084287744692,0.6080370684495585
663584,2025,L,0.26598768549266816,0.0871934563744916,0.29634239076383956,0.008427084287744692,0.6080370684495585
664728,2025,L,0.28196302660619094,0.08305264957970922,0.23375299443523045,0.013165456460710379,0.6700289008174983
700242,2025,L,0.2630285521315578,0.07295982420540655,0.3113681253629479,0.012007515438550219,0.6036645338895302
686676,2025,L,0.2966767109408909,0.06794572547161351,0.26533937855914563,0.0077819781374249535,0.6589329178960361
660162,2025,L,0.31570173417176434,0.10022298146120358,0.27601636022345644,0.008522313446922825,0.615238345926122
687263,2025,L,0.3340135637028428,0.07868260017157634,0.20959103898494674,0.0081009249927665,0.7036254353363673
669722,2025,L,0.26598768549266816,0.0871934563744916,0.29634239076383956,0.008427084287744692,0.6080370684495585
677595,2025,L,0.31551710608359446,0.0465066388181917,0.22354601680581537,0.007424434571017573,0.7225229091361376
679845,2025,L,0.2999962517822006,0.09643198452441334,0.15583216007408052,0.00740704459477079,0.7403288103499329
669911,2025,L,0.30270013680523744,0.09458038102479856,0.3465367170798619,0.008407530820934416,0.5504753704744036
664068,2025,L,0.2837534760189054,0.06682050934061524,0.2917273964063699,0.008448194243256393,0.6330039003590135
676466,2025,L,0.26598768549266816,0.0871934563744916,0.29634239076383956,0.008427084287744692,0.6080370684495585
683748,2025,L,0.2434783728079226,0.08605537390155367,0.314129121906207,0.014233409820374193,0.5855820937574272
642086,2025,L,0.28420313373126277,0.06840023749546498,0.2407572106891007,0.01356189242963914,0.6772806592056416
682653,2025,L,0.26598768549266816,0.0871934563744916,0.29634239076383956,0.008427084287744692,0.6080370684495585
682988,2025,L,0.29136473270023466,0.08697867442459643,0.2891243610914695,0.008282320792902219,0.615614641748766
669221,2025,L,0.35080020697998154,0.10531697238370803,0.22113213070234822,0.008346695829683583,0.6652041990471579
682868,2025,L,0.31236050800241266,0.10461554263345271,0.2567324946144726,0.008508665701341941,0.630143296721502
666182,2025,L,0.38323735409194093,0.05877238713168707,0.16630491165156275,0.007621434115935673,0.7673012689066492
607208,2025,L,0.3483283436469315,0.07704706962237437,0.18081836963403736,0.007659747298868247,0.7344748121429306
624512,2025,L,0.2611338890056832,0.07315425548517805,0.22633782106028905,0.012543807114904102,0.687964116985758
690993,2025,L,0.2826191996527199,0.07840209009685183,0.23058099854455744,0.012865911621456167,0.6781509996381132
642133,2025,L,0.3101999690727039,0.07719854020771816,0.2536563175656833,0.013346155860491002,0.6557989861817735
691026,2025,L,0.3289405010976744,0.09935835993084109,0.1520920857341568,0.008096332406264218,0.7404532212979519
645305,2025,L,0.30690488573670954,0.10400844778583185,0.23425506608756475,0.008129527981635642,0.653606958604339
663897,2025,L,0.2791632355277752,0.09141089959864784,0.24098271083954917,0.008229838277471717,0.6593765506143079
663967,2025,L,0.24818647199523317,0.07471850786635076,0.2691434857727168,0.013891612653519556,0.6422463936944575
641584,2025,L,0.26883003259995747,0.09380110660825794,0.24837756043943215,0.014467907510613751,0.6433534235808762
701350,2025,L,0.2434783728079226,0.08605537390155367,0.314129121906207,0.014233409820374193,0.5855820937574272
667690,2025,L,0.26598768549266816,0.0871934563744916,0.29634239076383956,0.008427084287744692,0.6080370684495585
666971,2025,L,0.35754898106503247,0.0655829877617184,0.1585335088786162,0.007329248942587229,0.7685542545560188
690976,2025,L,0.26598768549266816,0.0871934563744916,0.29634239076383956,0.008427084287744692,0.6080370684495585
669288,2025,L,0.24127682161178512,0.0749410306761015,0.3449832193044716,0.01419474712515844,0.5658810021919386
518595,2025,L,0.3394417059674478,0.07686268308249827,0.18722515755412172,0.007758991253079461,0.7281531672632644
669257,2025,L,0.3594972531683625,0.10872666767847197,0.18333944466890434,0.008534846052693548,0.6993990426639476
671284,2025,L,0.26598768549266816,0.0871934563744916,0.29634239076383956,0.008427084287744692,0.6080370684495585
691373,2025,L,0.26598768549266816,0.0871934563744916,0.29634239076383956,0.008427084287744692,0.6080370684495585
676801,2025,L,0.31956736758461973,0.09846117558227079,0.2561250616976398,0.008308748067774638,0.6371050162133801
663604,2025,L,0.28848102468770714,0.08210092925103052,0.27756483130961423,0.008344033796768112,0.6319902060999021
656976,2025,L,0.300174508097813,0.10018707995618086,0.21158367910226678,0.013855693991835226,0.674373547105216
691176,2025,L,0.305783018541429,0.08565150604729768,0.2638102610797201,0.007972039654590833,0.642566193931503
686452,2025,L,0.2874840320798122,0.10315771110084065,0.23479957609127283,0.008116200176585618,0.6539265109602759
694359,2025,L,0.2651520939861715,0.12039526102357113,0.363313484310327,0.015733415258050994,0.5005578398091948
608369,2025,L,0.35254745587785363,0.05612317620764524,0.19775465070564266,0.012054157842813515,0.7340680161094104
677943,2025,L,0.26598768549266816,0.0871934563744916,0.29634239076383956,0.008427084287744692,0.6080370684495585
673357,2025,L,0.32833157164472015,0.0600416935891026,0.26247236015507647,0.008038346538315515,0.669447600994094
605353,2025,L,0.28796409974045645,0.09165981997558131,0.2077606703816535,0.014397568468554138,0.6861819415793103
649966,2025,L,0.30793607051059557,0.12463228820558535,0.2344262148501189,0.008966039147064985,0.6319754564659509
671083,2025,L,0.29638150947568476,0.1205862832109015,0.22365765520951408,0.008254583460842404,0.647501477784523
694497,2025,L,0.2671198796003733,0.12822650609087505,0.30374388326120577,0.01509946825003505,0.5529301422828581
543760,2025,L,0.3376446768999747,0.10638269603117838,0.16361992990877905,0.008136407911923048,0.7218609653555302
682927,2025,L,0.26598768549266816,0.0871934563744916,0.29634239076383956,0.008427084287744692,0.6080370684495585
666149,2025,L,0.2923748731865417,0.1024646676545437,0.2785538912373469,0.008469615641602101,0.6105118255164932
647351,2025,L,0.3130322910967981,0.0759464023169362,0.1706830617419877,0.007983476579542188,0.7453870603950944
645444,2025,L,0.2825983512986665,0.1328573093889731,0.23511210221330844,0.008550969612202869,0.6234796169503692
664059,2025,L,0.28671987281960376,0.0934513294659281,0.253552839043212,0.008120815419213327,0.6448750173305633
678011,2025,L,0.2434783728079226,0.08605537390155367,0.314129121906207,0.014233409820374193,0.5855820937574272
669065,2025,L,0.2907370008943014,0.05941701355192367,0.2776826163893686,0.01275358581643086,0.6501467839076386
672642,2025,L,0.27137355006070496,0.11319916218447991,0.3012100951344337,0.00877797048001009,0.5768127724501275
687529,2025,L,0.2603299456907316,0.07485426823060866,0.3418320894230602,0.013348655732760015,0.5699649872591895
702176,2025,L,0.2434783728079226,0.08605537390155367,0.314129121906207,0.014233409820374193,0.5855820937574272
677588,2025,L,0.27634994476186414,0.08392378830827503,0.2548786433681292,0.013516625997191483,0.6476809430542836
668845,2025,L,0.2650849779471115,0.05885563418366955,0.27755647633159225,0.007943016272899095,0.655644874022498
671976,2025,L,0.2434783728079226,0.08605537390155367,0.314129121906207,0.014233409820374193,0.5855820937574272
672569,2025,L,0.29070682565734113,0.07262031367022273,0.2148192924671728,0.008001428639700386,0.7045589647735981
570482,2025,L,0.33734398609572674,0.04780033763182777,0.1620371115718444,0.0071295224381925605,0.7830330268258975
668942,2025,L,0.28372669957232405,0.10067753528348267,0.23464565974828513,0.01388749825895135,0.6507893068235403
691182,2025,L,0.2767497966474505,0.0611261002136547,0.20625612797658396,0.007708710568735434,0.7249090614313118
641658,2025,L,0.2883396038460902,0.11435519115204285,0.25699975942220094,0.008582882060753054,0.6200621673367449
676070,2025,L,0.2908283408290973,0.12979469442430452,0.2678344763160265,0.008801663501523192,0.5935691648806045
663837,2025,L,0.34731191244102133,0.09633238250037814,0.1806507649568825,0.008244691597489903,0.7147721618376701
680716,2025,L,0.2930104390828706,0.0916614481072252,0.251300663831903,0.008334929556865501,0.6487029587743807
676356,2025,L,0.29177382873544877,0.07914487990170672,0.18322394759844168,0.007997451687200584,0.7296337209247656
670764,2025,L,0.2899005509580468,0.12966194122311975,0.22362917712226632,0.008443928514553447,0.6382649525899594
642731,2025,L,0.30972418265579293,0.07174513632842065,0.17493358018522046,0.007604411706589548,0.7457168709806825
543592,2025,L,0.32963119557634557,0.11779414026871565,0.1596759498780808,0.007982096865302213,0.7145478123905747
669450,2025,L,0.30111962637174183,0.11933051889358905,0.27166317021080205,0.008300202098034639,0.6007061082659305
642851,2025,L,0.2909734694133493,0.09110317997275033,0.21661431193007422,0.008421355638904794,0.6838611524980073
677941,2025,L,0.2769235256961096,0.07488373451821931,0.27690287075526604,0.008047134574838804,0.6401662593793956
666181,2025,L,0.26109345808887935,0.10922983190796609,0.36234872842754906,0.014096864763617446,0.5143245761630568
663586,2025,L,0.36993040332662724,0.07889210849891931,0.24241769349729828,0.008062356384520998,0.6706278417577668
677870,2025,L,0.29850776059452505,0.11738989932516386,0.2609201123330939,0.008880742659399265,0.6128092461652647
679032,2025,L,0.2892615027785497,0.07142725306515954,0.2069719561612137,0.007925503175217848,0.713675286980086
642136,2025,L,0.2737496245091237,0.11402530215088175,0.3049716037846157,0.01476656989263669,0.566236523663669
670097,2025,L,0.3026054135066664,0.13321322553912585,0.2680476696521104,0.00896879117636944,0.5897703127080974
455117,2025,L,0.2947349923232698,0.09718947755335344,0.28301150099298605,0.008557308454560736,0.6112417128661127
810938,2025,L,0.26598768549266816,0.0871934563744916,0.29634239076383956,0.008427084287744692,0.6080370684495585
677956,2025,L,0.298290319138859,0.06071839989987908,0.27500230641200984,0.007880857276790276,0.6563984364130775
665923,2025,L,0.2678753621578256,0.07971927121670384,0.21381114301899806,0.007977003567671748,0.6984925816057361
542932,2025,L,0.31518139566662556,0.1259468439829608,0.21445364457933955,0.008504175246676092,0.6510953364824218
663536,2025,L,0.26598768549266816,0.0871934563744916,0.29634239076383956,0.008427084287744692,0.6080370684495585
621028,2025,L,0.30817783621673445,0.070503486345386,0.11267407901010887,0.007162351476802457,0.8096600839246589
669004,2025,L,0.3077089969141695,0.08834599180894163,0.24787475693898522,0.014125064111114308,0.6496541871704354
689172,2025,L,0.2631544350455718,0.08860458248452505,0.2588676117776791,0.013961475532616363,0.638566331205208
606992,2025,L,0.29838731446183986,0.07420609575957111,0.3027853150698002,0.008422978101471704,0.6145856109185269
656582,2025,L,0.31972252035200693,0.13225661490424792,0.21366408861482178,0.008403288614810146,0.6456760090895294
607732,2025,L,0.31311172140016713,0.1034821564287714,0.20425485538828206,0.008170391201425094,0.6840925965084649
694376,2025,L,0.31875639645976966,0.07957323668883004,0.21786567103478824,0.008125448340311472,0.6944356445159249
572138,2025,L,0.2743193108212595,0.10762650952283703,0.30215485676432013,0.014471718240746353,0.5757469163283159
691785,2025,L,0.2434783728079226,0.08605537390155367,0.314129121906207,0.014233409820374193,0.5855820937574272
624585,2025,L,0.36416006291193753,0.09853588129535217,0.23764557537258596,0.008205684357102228,0.6556128588954694
669717,2025,L,0.26598768549266816,0.0871934563744916,0.29634239076383956,0.008427084287744692,0.6080370684495585
664774,2025,L,0.32286917442124125,0.12127855976140442,0.21237820709619826,0.015214106088353437,0.651129127300908
679822,2025,L,0.29211022214088894,0.0839230051118873,0.2618198334323981,0.008490706232921126,0.6457664561060267
672016,2025,L,0.26598768549266816,0.0871934563744916,0.29634239076383956,0.008427084287744692,0.6080370684495585
678391,2025,L,0.2434783728079226,0.08605537390155367,0.314129121906207,0.014233409820374193,0.5855820937574272
675915,2025,L,0.28203642460162137,0.08388470450784109,0.26923735523825654,0.008295020265459382,0.63858291945309
669134,2025,L,0.32129294761573607,0.07293499200510384,0.1632076808465389,0.007748823992194309,0.7561085034521238
685744,2025,L,0.26598768549266816,0.0871934563744916,0.29634239076383956,0.008427084287744692,0.6080370684495585
641555,2025,L,0.2434783728079226,0.08605537390155367,0.314129121906207,0.014233409820374193,0.5855820937574272
687952,2025,L,0.3202647708340369,0.06329169230782518,0.26853515432992375,0.008217660826925578,0.6599554922500752
656413,2025,L,0.28970818331317555,0.10998631316957454,0.29916642870111304,0.008463193302116527,0.5823840643451146
592192,2025,L,0.3336373152780543,0.12068379622744724,0.19435189500249703,0.008735797386221027,0.67622851253361
518934,2025,L,0.35701791907987707,0.10436825998700844,0.15594993651729366,0.007939924590501472,0.731741879087064
596142,2025,L,0.3459839935432797,0.09153772919646874,0.26483071797708635,0.008538901068077125,0.6350926516504823
676116,2025,L,0.28837771885843017,0.1290039368514937,0.34685139533459874,0.015705127792442493,0.5084395402414275
642727,2025,L,0.2787704637848945,0.10838096778613536,0.2585753703179523,0.008546387546509425,0.6244972745268593
677060,2025,L,0.26598768549266816,0.0871934563744916,0.29634239076383956,0.008427084287744692,0.6080370684495585
681962,2025,L,0.2768037827689695,0.11257199487830832,0.2542456433250752,0.008752769995270337,0.6244295927248452
657041,2025,L,0.33783676692660175,0.11071912884529671,0.20932155887133613,0.008226169950162439,0.6717331427121044
657077,2025,L,0.312780686318357,0.08721200734438121,0.1674344754082118,0.014001183714846807,0.7313523343996631
682729,2025,L,0.29550826339375286,0.08759784364249759,0.2497381633012407,0.008275880794087693,0.654388113448469
644433,2025,L,0.28157813799680087,0.06313602703975651,0.261120192637521,0.007757502901680797,0.6679862777829301
681146,2025,L,0.32596161576522115,0.13221055851645147,0.1595023266864729,0.008589465965492957,0.6996976488173762
671221,2025,L,0.2927677091422064,0.07905770368137671,0.2840108989754673,0.008028607587297933,0.6289027896676613
656541,2025,L,0.2614651411855978,0.0932858222640213,0.38638712276952836,0.014299738753921029,0.506027317351705
642180,2025,L,0.254007759319765,0.10086724050533229,0.2585763552949949,0.014631734864274843,0.6259246700633113
676480,2025,L,0.2779876013977307,0.07301491855253972,0.3075590385301686,0.008091967472368688,0.6113340743254471
676724,2025,L,0.2569605194244621,0.0834971303172586,0.3355629143412094,0.014278603423934194,0.5666613513490635
660688,2025,L,0.3184221986061781,0.05157498596309064,0.08085896278308409,0.006147153628871979,0.8614188977689617
605244,2025,L,0.26902662458318993,0.07572340828646952,0.29766037271274776,0.008378061612830286,0.618238157171371
695257,2025,L,0.29937229051951225,0.07193676222075374,0.30357381432327885,0.008268904070328676,0.6162205194049524
670224,2025,L,0.235587593884286,0.08783088953089747,0.34942104481050595,0.014223009694066173,0.5485250557748931
670092,2025,L,0.26201586826915196,0.10141850522602593,0.2912100405215839,0.014805739919604004,0.5925657152909085
641645,2025,L,0.2939664340091119,0.1266306668296556,0.17246899699011925,0.015717871234516637,0.685182465162888
692225,2025,L,0.26598768549266816,0.0871934563744916,0.29634239076383956,0.008427084287744692,0.6080370684495585
682183,2025,L,0.2434783728079226,0.08605537390155367,0.314129121906207,0.014233409820374193,0.5855820937574272
663898,2025,L,0.3459082987799601,0.08523912634133048,0.19914228065177025,0.00786505687646132,0.7077535375452499
641943,2025,L,0.29163468225007144,0.08396149469487724,0.2177552842447537,0.014138539108912915,0.6841446808707936
624513,2025,L,0.24640728602042655,0.11239861432681374,0.36334840230271537,0.015270852477674348,0.5089821303351998
669374,2025,L,0.3041637645421423,0.09523456735338273,0.35784438478746117,0.00904154235956216,0.5378795056521715
668723,2025,L,0.2927247869908239,0.07268032492795426,0.2284162439534149,0.007950600838742416,0.6909528305885848
663662,2025,L,0.3077807310488791,0.10064284537803807,0.2640208594795991,0.008269430231439995,0.6270668646419281
622569,2025,L,0.3294042284923244,0.11198915729999957,0.17761248331742613,0.008457284657379485,0.7019410753581752
656248,2025,L,0.299594873241222,0.10641954180320862,0.28308967399026175,0.008475768078201464,0.6020150168615129
665750,2025,L,0.31028824648126707,0.08363980544982243,0.24173690415489243,0.007727062112387797,0.6668962281284058
668974,2025,L,0.26598768549266816,0.0871934563744916,0.29634239076383956,0.008427084287744692,0.6080370684495585
664913,2025,L,0.29817804956781074,0.07609815470930298,0.27931312385668616,0.013768163750285537,0.6308205583538068
682848,2025,L,0.30024003860254933,0.0887159888356143,0.22653596111593677,0.00808029295376085,0.6766677564455347
680118,2025,L,0.2989293880948413,0.08218923756071365,0.2677470763863557,0.008076834970163161,0.6419868516747111
680769,2025,L,0.24216610352492066,0.07546072285715973,0.3145370114836983,0.01379301576621677,0.5962092512819458
571466,2025,L,0.26222320487122736,0.09173447250392136,0.2593849436349278,0.014347573298895923,0.634533010176511
683021,2025,L,0.3091605165173693,0.11109749152729194,0.12875386524927715,0.007927526913767973,0.752221116015453
670223,2025,L,0.2665643475098273,0.07703621158465107,0.3226584213476033,0.014044203398330601,0.5862611649648933
665804,2025,L,0.32168195077623946,0.08283832893757918,0.21207572716856418,0.007918181296175485,0.6971677637792093
607680,2025,L,0.3161842747516877,0.048068766875959575,0.15794038639035407,0.007435102266278077,0.7865557450395584
605361,2025,L,0.28412917668515475,0.09867064806657476,0.22423362385421117,0.014191139327201075,0.662904589181703
677347,2025,L,0.27377033635600445,0.09974690369748479,0.2993283705487544,0.008584519276565153,0.5923402052325646
641313,2025,L,0.29999086583865614,0.045152891764355205,0.2153131327722957,0.007644335868448489,0.7318896386663438
668731,2025,L,0.2579770943023451,0.08766663621880526,0.29350122311602234,0.013807423871096302,0.6050247171981201
677008,2025,L,0.2663168541633739,0.06240798906868362,0.300704880270391,0.012179345720663736,0.6247077840990817
592669,2025,L,0.33849585037792373,0.0756440215883311,0.2412421048176669,0.008022842037452233,0.6750910328650684
669256,2025,L,0.3190625194680337,0.09785766867230451,0.18900427208801238,0.00841447092339036,0.7047235876968978
669087,2025,L,0.29216615311115146,0.07515835517639653,0.33957492089769925,0.007961230487133007,0.5773054935630844
681584,2025,L,0.29778407485553104,0.12244311627332215,0.29974283704853716,0.008725895511930282,0.5690881520996594
621512,2025,L,0.2741499614337776,0.04987122301333542,0.2668256054211953,0.007668695217427077,0.6756344777443896
685301,2025,L,0.26598768549266816,0.0871934563744916,0.29634239076383956,0.008427084287744692,0.6080370684495585
701305,2025,L,0.2985247950825443,0.07831576036820236,0.284147671268829,0.008378137244955064,0.6291584320568514
608671,2025,L,0.2573775485384993,0.12005642200540098,0.2673843190684238,0.014912645600625838,0.5976466140648666
640492,2025,L,0.29237638180017445,0.04801973939112968,0.22749200670227998,0.00751922598193577,0.7169690271050552
680911,2025,L,0.3122080359700002,0.079223227767755,0.18207693012375883,0.00796366173354497,0.7307361806308481
690291,2025,L,0.26863634360678806,0.1050593113851035,0.29129765697224597,0.014975549282829577,0.588667481902086
624415,2025,L,0.28777834830810867,0.14066918378954665,0.28723514569010994,0.01565095282231582,0.5564447181225136
665828,2025,L,0.29224843695671043,0.07627970241074745,0.22094100662307073,0.008005711262410727,0.6947735798884129
676701,2025,L,0.28313436364452826,0.07814359198033727,0.225669081972689,0.00792454812242595,0.6882627769472441
518792,2025,L,0.3005110887147901,0.06906583964755891,0.1934174612853862,0.01400179546207174,0.723514904432633
674441,2025,L,0.24974824512883964,0.11806449858812003,0.29575730300369263,0.015087733106587595,0.5710904656973174
660757,2025,L,0.32460989546861074,0.04898094913443116,0.2226474727394609,0.007152182274381418,0.7212193953106092
663609,2025,L,0.3191706142453375,0.10150549956612828,0.29026852546539234,0.008647993277392633,0.5995779825244973
694362,2025,L,0.285023699272787,0.10621765563033445,0.2896877151495553,0.008542605333157203,0.5955520237568855
670032,2025,L,0.27424459555926195,0.09556255523401458,0.1546161469322837,0.01368870330207875,0.7361325955459125
605131,2025,L,0.3092106193730583,0.12191073110131605,0.22379643693032292,0.008482437843075438,0.6458103933313932
669392,2025,L,0.2712986038103477,0.08238098698454183,0.2649282562984765,0.008418244469512814,0.6442725131786816
665839,2025,L,0.2948847015325104,0.09920132992183503,0.23802066551199139,0.015182589635447406,0.6475954148657791
689041,2025,L,0.2434783728079226,0.08605537390155367,0.314129121906207,0.014233409820374193,0.5855820937574272
666915,2025,L,0.3234869087433921,0.0863606573772161,0.3208203027698725,0.008504432925209316,0.5843146060312595
605113,2025,L,0.29018297666452925,0.07599542454540911,0.20388571901143537,0.007947423435167763,0.7121714332473635
671213,2025,L,0.3019299179922827,0.10250662625492458,0.2964044945012292,0.014233201001421508,0.5868556775685438
666165,2025,L,0.26230472142799144,0.08007982482159828,0.35242497987156596,0.012332163764370243,0.5551630311343347
605204,2025,L,0.3249189202622951,0.09489894093663778,0.2681552793335887,0.008174824930075176,0.6287709547357911
669003,2025,L,0.2633652644735385,0.10953046549011879,0.3304678861928963,0.014850409725564959,0.545151239521219
600869,2025,L,0.32059351565937344,0.08753241595306764,0.2009513740961128,0.008036659833275039,0.7034795498197959
672284,2025,L,0.2893078352367288,0.07962029844815245,0.29362691956681425,0.013678563818513362,0.6130742182180671
691728,2025,L,0.2434783728079226,0.08605537390155367,0.314129121906207,0.014233409820374193,0.5855820937574272
542963,2025,L,0.24586477171556714,0.058245261521783054,0.25544881638077993,0.012772254950801976,0.6735336672326081
493329,2025,L,0.35052868156181943,0.06264590439776757,0.10578424474177152,0.006934372225891623,0.8246354783394844
702358,2025,L,0.29844935790832383,0.06653086144238321,0.19558382239064648,0.007643358826154866,0.7302419567345627
687957,2025,L,0.2630996066859244,0.08399461492862954,0.27235576513568704,0.014095810782475363,0.6295538084397605
608385,2025,L,0.3177413875537965,0.1055438193859546,0.2101591989825328,0.014230724219057118,0.6700662573983359
672279,2025,L,0.24634361544946531,0.10170179439176584,0.29882041771961443,0.015026685413681063,0.5844511028740061
668952,2025,L,0.29366768115080094,0.11608800990521004,0.265800944791592,0.008252522196566666,0.6098585222236523
663796,2025,L,0.2704305998383161,0.06516797347696766,0.2612557951700765,0.008013199789472462,0.6655630313485302
650559,2025,L,0.347761093019587,0.06870093095643627,0.19512426998653118,0.007859663816539932,0.7283151348945658
686554,2025,L,0.25219288274374557,0.11775039166088336,0.37191181968650167,0.015326349804451717,0.4950114393542593
592178,2025,L,0.3365456147885745,0.09961364825299986,0.24207676172423162,0.008256971269746506,0.6500526189955044
553882,2025,L,0.2823405281991916,0.09212693878506939,0.21025752373785273,0.014509691801972341,0.6831058458082707
669304,2025,L,0.3324851922579258,0.05937687727972381,0.16421862561652578,0.007447841948678745,0.7689566546563111
691907,2025,L,0.2434783728079226,0.08605537390155367,0.314129121906207,0.014233409820374193,0.5855820937574272
665155,2025,L,0.27297079955976133,0.1011223401159068,0.2937075617702045,0.01475360008083054,0.5904164973190844
669208,2025,L,0.28698564666453963,0.09030742868359659,0.2785265190268644,0.00827527933700733,0.6228907722771205
622534,2025,L,0.33496470177673193,0.09513624468059594,0.151389216598502,0.007908823752662615,0.7455657145216572
669398,2025,L,0.2434783728079226,0.08605537390155367,0.314129121906207,0.014233409820374193,0.5855820937574272
678009,2025,R,0.3191595341486129,0.11086879145064628,0.24021671522125948,0.008814047941123743,0.6401004446316637
668670,2025,R,0.28480743610061193,0.09146761152043933,0.29387786991030085,0.013484971980146433,0.6011695467341733
628451,2025,R,0.2972635210202301,0.0646294778161754,0.18666207512389688,0.012839981768944212,0.7358684652071384
700242,2025,R,0.3117052523740686,0.08110044748397593,0.2565213439488395,0.008101293012688717,0.6542769153543766
595879,2025,R,0.2946026544252767,0.029961426615474823,0.2629566518206085,0.010530289920465242,0.6965516311880956
680776,2025,R,0.3507913249554141,0.08922731785774642,0.19955883067369037,0.0081461847278899,0.7030676661380951
686765,2025,R,0.2877962134690361,0.09692079633476736,0.23101849675679184,0.008533213998569105,0.6635274924374202
666152,2025,R,0.30199278064931945,0.1012321739724667,0.22433597761866317,0.008287581138015282,0.6661442677523506
672761,2025,R,0.31448550617538884,0.09579261913145345,0.18451068766047912,0.008654872624469628,0.7110418206290936
681481,2025,R,0.3214299230594535,0.07336120088979532,0.2367747011299213,0.008477127862977612,0.6813869700080929
669234,2025,R,0.2725092760099329,0.10995401394588061,0.3251860934410409,0.014381170000187463,0.5504787217644013
657136,2025,R,0.2827045120929129,0.06163430629124711,0.27787431484502934,0.013172071143911796,0.647319307839952
663993,2025,R,0.36838124172939174,0.1149122907015958,0.20795478794049782,0.008572129550090905,0.6685607913049462
677800,2025,R,0.34209316613593127,0.08817966398099895,0.24939822958509658,0.008605058440140695,0.6538170477778728
678882,2025,R,0.2752147979289051,0.03720617852705871,0.25738477187873454,0.011439482089314577,0.6939695676871503
807799,2025,R,0.34930144478886477,0.09332797616582097,0.12949237653224166,0.008162743015807196,0.7690169041138104
596115,2025,R,0.3117096690496163,0.06221669624624064,0.253806585485323,0.013009979907857476,0.6709667392513656
656716,2025,R,0.31992937113930325,0.09665681394329244,0.20004452645817347,0.008434174074360657,0.6948644852304761
694377,2025,R,0.2949833632959586,0.07162338083198301,0.26673499489916674,0.012889904325996595,0.6487517202980253
665833,2025,R,0.3702026966445452,0.08874816651384403,0.2674164362497372,0.008638584527975194,0.6351968125320232
663698,2025,R,0.2899597447130543,0.07523679071103638,0.3145365704079556,0.013716922349601444,0.5965097160894565
673490,2025,R,0.30900351847300617,0.11313540200513007,0.1988228687842107,0.014290395708525562,0.6737513335071592
686948,2025,R,0.2788296291956155,0.09105354477533734,0.2774256409792214,0.008700834576325511,0.6228199797035192
660670,2025,R,0.3632893165239403,0.0852521054307454,0.2429895876635088,0.013490988139162585,0.6582673185937268
621566,2025,R,0.3813463662985969,0.10167382411145172,0.25056446146518696,0.008805800398464316,0.6389559137620556
595777,2025,R,0.333085773169163,0.11596815822251656,0.17262889090939804,0.00880936161526536,0.7025935892687716
669397,2025,R,0.2707320212244945,0.08166422500227465,0.18854770113395536,0.0129023569766271,0.7168857169948869
687462,2025,R,0.33308183245699247,0.11032406379231914,0.18739719409269653,0.008784087963490133,0.6934946547171098
669261,2025,R,0.34103944105753903,0.13172498348399242,0.2907255067796282,0.009157760009563538,0.5683917499332514
693304,2025,R,0.2945290316876839,0.060185882007099435,0.2128065693918871,0.012444115163836337,0.7145634337212798
805373,2025,R,0.2681161847990202,0.07269177247603553,0.27575883797521317,0.01339311083068471,0.6381562780548097
542303,2025,R,0.3507708880299375,0.05770422845892948,0.21539799444541002,0.012574238675925284,0.7143235383079628
671739,2025,R,0.35699655740725594,0.05830108750328553,0.19670837691333073,0.0077893515076739375,0.737201183773344
672744,2025,R,0.26078786005847066,0.07427659415557382,0.3431835831569102,0.01341621680509323,0.5691236057759229
457705,2025,R,0.3340622068799951,0.11029740239948584,0.21856618029365624,0.013992715096798492,0.6571437019943941
502054,2025,R,0.33438167594309404,0.1026710623070314,0.24663011449721442,0.01381529135750067,0.6368835317337775
669707,2025,R,0.2908277213055688,0.08250186765493776,0.26432736945054747,0.013109270584299183,0.6400614923450186
596019,2025,R,0.34558859113645035,0.07647666713984289,0.1611643957908867,0.008324411830122842,0.7540345251628027
656775,2025,R,0.33103875455588977,0.09819018454412598,0.1886678546960308,0.008588559441371735,0.7045534011912136
677595,2025,R,0.32033768082862996,0.052658930584094404,0.21838857000730486,0.007956894359095334,0.7209956051826355
682626,2025,R,0.31157831158764715,0.08159419072729741,0.2682434116769561,0.01257019273339353,0.6375922044240265
643446,2025,R,0.33205193151768464,0.0742848626418985,0.12321800725973159,0.007599761673490047,0.794897368333874
668901,2025,R,0.3098638758291833,0.06414075265716586,0.2819683336675317,0.01259703781127078,0.6412938756213961
607043,2025,R,0.3510613937619232,0.14612795725353206,0.22293953239235406,0.008975784864953235,0.6219567247470889
624413,2025,R,0.35979052166596104,0.06822001512778018,0.22946272933398024,0.013158381588294273,0.689158873909129
672640,2025,R,0.316978889882122,0.06278068205830774,0.16401279751857337,0.012407149600973406,0.760799370705735
805300,2025,R,0.2788296291956155,0.09105354477533734,0.2774256409792214,0.008700834576325511,0.6228199797035192
682663,2025,R,0.24400348055336774,0.06975415502845665,0.31818952501070685,0.013071374867217616,0.5989849453482946
669364,2025,R,0.30628660341396763,0.10729485358665689,0.15534391866623753,0.008164327625686895,0.7291969001622197
691594,2025,R,0.28131850196059993,0.05273386378382142,0.176974230365589,0.01197014287430091,0.7583217630733636
665742,2025,R,0.40849769601150976,0.14988604915784715,0.18883658305965276,0.008702618638840915,0.6525747497062308
676724,2025,R,0.2975561732707937,0.09425301471316756,0.31135374251704856,0.008863045924130113,0.5855301977171257
640459,2025,R,0.26340053379868517,0.05802023001409043,0.27099220925243817,0.01265566268231258,0.658331897668805
681715,2025,R,0.24400348055336774,0.06975415502845665,0.31818952501070685,0.013071374867217616,0.5989849453482946
676572,2025,R,0.31140309960790424,0.06290198614914862,0.23103384312569442,0.012277791324086549,0.6937863794767055
681393,2025,R,0.28608013826798756,0.06682524677870155,0.27169298932809116,0.012626668350045313,0.6488550957547302
621438,2025,R,0.3077819462562165,0.06407506071537049,0.21324759398006946,0.012788730789532268,0.7098886150839199
677587,2025,R,0.28328159535421454,0.0935726377903137,0.20778408505931711,0.008475068248553656,0.6901682090512201
690984,2025,R,0.2788296291956155,0.09105354477533734,0.2774256409792214,0.008700834576325511,0.6228199797035192
666310,2025,R,0.3159099372677743,0.10857802073104011,0.24638235368558967,0.008851073246728035,0.6361885524333118
641856,2025,R,0.3079226851315103,0.10928824684559764,0.2639994389313053,0.008851516657032729,0.6178607975816701
641680,2025,R,0.3298710616603475,0.07925089431651645,0.17140054434148252,0.008273027201122198,0.7410755346703066
677649,2025,R,0.2969245836225324,0.050944328605089,0.23594163813485533,0.012007179662804238,0.7011068538241916
642133,2025,R,0.35983006493402814,0.08242013003552885,0.20788401502441953,0.008315994794490857,0.7013798614930764
666969,2025,R,0.32724185278245926,0.05571157946129469,0.2557336117467679,0.012609781579502594,0.6759450277195591
671655,2025,R,0.2788296291956155,0.09105354477533734,0.2774256409792214,0.008700834576325511,0.6228199797035192
608070,2025,R,0.3554282792988749,0.09132144774224481,0.12948378514834824,0.008549165613828156,0.7706456019295653
682657,2025,R,0.2968139250680713,0.08286878485856035,0.18114751489502387,0.008424883223027426,0.7275588171459277
680757,2025,R,0.3394095332251833,0.1286523949067604,0.09092433807911274,0.008668924790290028,0.771754342949021
673962,2025,R,0.3102717106567036,0.06009614495978718,0.269495870543196,0.011676448986454882,0.6587315356689658
592626,2025,R,0.3546320886975514,0.09427613721849538,0.24582001997615022,0.008667151287466958,0.6512366919408168
680737,2025,R,0.2575349450905395,0.06998390886404925,0.29267511578352207,0.013003337728511704,0.6243376370745576
692216,2025,R,0.2788296291956155,0.09105354477533734,0.2774256409792214,0.008700834576325511,0.6228199797035192
682177,2025,R,0.2905350819853978,0.09960917926110718,0.2720395998374391,0.008444724300407833,0.6199064967613417
700932,2025,R,0.3140532962138273,0.10166399646022739,0.2701242425465755,0.008907174501589291,0.6193045865287276
683227,2025,R,0.24400348055336774,0.06975415502845665,0.31818952501070685,0.013071374867217616,0.5989849453482946
696030,2025,R,0.2788296291956155,0.09105354477533734,0.2774256409792214,0.008700834576325511,0.6228199797035192
669394,2025,R,0.3231679256286593,0.05409634255439932,0.2763575986653965,0.011447107620949923,0.6580989510774998
643396,2025,R,0.2972165015946441,0.06873070188011392,0.14817205609324283,0.012689982131424504,0.7704072601558669
672386,2025,R,0.3505162895231938,0.0919821981832079,0.1402040733859354,0.01336756584183169,0.7544461627940229
662139,2025,R,0.32591510002408985,0.09526892903308336,0.2392475831918792,0.008902103438719066,0.6565813840307987
664770,2025,R,0.3135832156247595,0.08461715422123971,0.1747520302102187,0.00824599668745536,0.732384819066752
676044,2025,R,0.2788296291956155,0.09105354477533734,0.2774256409792214,0.008700834576325511,0.6228199797035192
700246,2025,R,0.24400348055336774,0.06975415502845665,0.31818952501070685,0.013071374867217616,0.5989849453482946
656484,2025,R,0.28769211789985416,0.08990914469900546,0.3120330679319588,0.008704831940098592,0.5893529553945114
665489,2025,R,0.37434651906187505,0.059961961459462775,0.16670154109455357,0.01220324641653881,0.7611332513120913
665926,2025,R,0.30058734302123225,0.06389962876784454,0.196601108147355,0.008101031590487511,0.7313982312277298
543807,2025,R,0.33721861114421575,0.0879960135356657,0.2055067746165105,0.013339973246262168,0.6931572394150362
664702,2025,R,0.30145752447673413,0.11135708616330582,0.1706301363352557,0.013850537713597517,0.7041622398585363
676391,2025,R,0.29202051753634845,0.043303040124122644,0.10286715873929929,0.010788215516468806,0.8430415850456203
680718,2025,R,0.3242538306764055,0.08979392703994021,0.2558967148698903,0.008385807911974638,0.6459235497812646
691406,2025,R,0.33063939376595103,0.05407552163001108,0.22561826316725894,0.012015084926615946,0.7082911300777236
680700,2025,R,0.3209077076901406,0.11883442411856512,0.17380373595792353,0.008626856879797463,0.6987349830312517
623993,2025,R,0.34971788955795374,0.07370208667911964,0.19727594753443325,0.008320480456937512,0.7207014849481084
676439,2025,R,0.28263347752051265,0.08846295818099816,0.2454834829966781,0.008474766264418412,0.6575787925531765
663968,2025,R,0.2788296291956155,0.09105354477533734,0.2774256409792214,0.008700834576325511,0.6228199797035192
666139,2025,R,0.32709870805904157,0.08314319357133791,0.2379129522628861,0.00850029029949726,0.6704435632472084
666018,2025,R,0.32911384993521864,0.10718149163502123,0.223299650852008,0.00883963898239017,0.6606792185874256
668715,2025,R,0.30665600417129923,0.09532515844738719,0.22588994405282545,0.01394768061468631,0.6648372179982333
682829,2025,R,0.3329072607156065,0.095847482837236,0.2827221599101593,0.008583792724185529,0.6128465650865111
609280,2025,R,0.3141756173891448,0.04613555886140303,0.14757085205338472,0.012047330385068587,0.7942462586503074
683734,2025,R,0.3221753433853925,0.059756908468400836,0.18375343592504276,0.012475898641237115,0.7440137565287948
668930,2025,R,0.3142535699919976,0.11944458830226047,0.1828012986649596,0.008824077610061685,0.6889300348948262
694192,2025,R,0.30785555532058045,0.06733627556932807,0.22198568839205537,0.011808012613414033,0.6988700231660948
592885,2025,R,0.36592405582204124,0.11170275820481021,0.22089435139778973,0.00860104151151117,0.6588018486248969
643376,2025,R,0.3299829793181457,0.09631104451838793,0.1953316981733862,0.013560264129932357,0.6947969927314898
687401,2025,R,0.3017643755096457,0.10349349705084945,0.230211018207278,0.01382263927711496,0.65247284542216
663368,2025,R,0.2987074642442692,0.13548694609921294,0.24738479142091493,0.009277893020589368,0.6078503690598897
702332,2025,R,0.24400348055336774,0.06975415502845665,0.31818952501070685,0.013071374867217616,0.5989849453482946
680574,2025,R,0.2993123960746698,0.10183026020849435,0.2845115907777728,0.01419479570792662,0.5994633531325123
663886,2025,R,0.3116803261961138,0.10085574351237991,0.24453694574382603,0.013433262248087397,0.6411740480510604
663647,2025,R,0.32188785464321196,0.07144588926375287,0.2027831125903779,0.012996748336866286,0.7127742498231305
686217,2025,R,0.3037694012596289,0.12141437781834989,0.1545302799958656,0.008597472934950343,0.7154578698883579
655316,2025,R,0.2987617049612391,0.11066302912486044,0.2288866603672756,0.014088440611622047,0.6463618698599277
686555,2025,R,0.2775449904670065,0.12204393262767242,0.31319528508294286,0.009154556829124335,0.5556062256563
641343,2025,R,0.32238001836307034,0.12363862617643462,0.26526058965200155,0.008774217379252163,0.6023265670177721
624431,2025,R,0.2987161935248179,0.06517930338318445,0.16724436957615696,0.011295067496974022,0.7562812596081894
666158,2025,R,0.31958570135620074,0.1100955609366877,0.21465960010387167,0.008460192988769112,0.6667846456944809
682622,2025,R,0.28673703377177756,0.06237081475318841,0.24071873681787123,0.012398097404581017,0.6845123511341906
670770,2025,R,0.31896077390357963,0.11741153217128605,0.17963486430261916,0.008683328489918395,0.6942702747252282
683083,2025,R,0.28296992777520724,0.129102202997876,0.24948009289377587,0.008985252133373558,0.6124324515475658
690987,2025,R,0.2788296291956155,0.09105354477533734,0.2774256409792214,0.008700834576325511,0.6228199797035192
691781,2025,R,0.24400348055336774,0.06975415502845665,0.31818952501070685,0.013071374867217616,0.5989849453482946
656180,2025,R,0.2982984631961308,0.07892092184739495,0.294024060647524,0.013472567556271646,0.6135824500909841
671277,2025,R,0.34064318408083333,0.05221464296846733,0.14502323393791464,0.006851058079233653,0.7959110648586011
686611,2025,R,0.2982086812366467,0.07884599698867277,0.24462082372854327,0.013253339072581319,0.6632798401204495
681460,2025,R,0.3102736451413783,0.07405251697669571,0.2439697763647306,0.008252279464743079,0.6737254271473327
700337,2025,R,0.2788296291956155,0.09105354477533734,0.2774256409792214,0.008700834576325511,0.6228199797035192
678246,2025,R,0.30336046387958465,0.11558834316166729,0.21734317412954451,0.014077134719156111,0.6529913481403732
695578,2025,R,0.3571418923147914,0.12421301338929144,0.2747777860236944,0.008728381593759478,0.5922808187012921
696285,2025,R,0.29115371449917443,0.08866134675118223,0.1993882517108208,0.01308647644394337,0.6988639245031847
805367,2025,R,0.24400348055336774,0.06975415502845665,0.31818952501070685,0.013071374867217616,0.5989849453482946
572191,2025,R,0.2836803946664836,0.06845668524200035,0.2965616574745981,0.013017450551192201,0.6219642069128053
695734,2025,R,0.2788296291956155,0.09105354477533734,0.2774256409792214,0.008700834576325511,0.6228199797035192
666150,2025,R,0.2954607740452574,0.08078025215467922,0.19790919183165748,0.00834585258442916,0.7129647037632636
672820,2025,R,0.30060272799230175,0.049877951653271704,0.19946958917462954,0.012444584315414087,0.7382078731922739
605137,2025,R,0.3548622861503483,0.08511109835575471,0.192501808242424,0.008258607855320609,0.7141284848844504
682928,2025,R,0.33163047968510423,0.06045388884335945,0.18255429461027456,0.007924491377803669,0.7490673250352262
695657,2025,R,0.2788296291956155,0.09105354477533734,0.2774256409792214,0.008700834576325511,0.6228199797035192
691019,2025,R,0.2788296291956155,0.09105354477533734,0.2774256409792214,0.008700834576325511,0.6228199797035192
663538,2025,R,0.31504885661801985,0.06572165031835105,0.1214229706368097,0.012535614602304002,0.8003197643208463
624512,2025,R,0.2890604935467834,0.07904327654341854,0.21254634235224726,0.008039753702776401,0.7003706271411899
650489,2025,R,0.28885234669457577,0.0698186433112387,0.2601754812915017,0.008495822666725503,0.661510052611795
457759,2025,R,0.3343255592794654,0.07561653460158628,0.15864252234775222,0.013139809503145083,0.7526011338186248
691718,2025,R,0.29298860245473857,0.048521920167870616,0.26694684611716485,0.007729287578643856,0.6768019461552367
694208,2025,R,0.2788296291956155,0.09105354477533734,0.2774256409792214,0.008700834576325511,0.6228199797035192
673548,2025,R,0.34456234500957394,0.10770874302205549,0.23060944767372937,0.014402036189403812,0.6472797733695314
663656,2025,R,0.390463928307261,0.09668149825321629,0.16244929479777037,0.007967940557204085,0.7329012670819193
682634,2025,R,0.2673336738789956,0.0655954084703695,0.269967757649495,0.012661268988723898,0.6517755653800117
683737,2025,R,0.3431940009759699,0.12398137546568146,0.25984509121762167,0.00885563686278524,0.6073178968325551
669357,2025,R,0.3380786616532912,0.09762120834185598,0.3209403892254247,0.008677897687700756,0.5727605043668519
671056,2025,R,0.31186491275439127,0.08993944308391458,0.23838617124395453,0.013697603260104258,0.6579767821330162
665877,2025,R,0.2905368458104695,0.1028327851513199,0.16617203666509528,0.01390834315239918,0.7170868349516818
701675,2025,R,0.2788296291956155,0.09105354477533734,0.2774256409792214,0.008700834576325511,0.6228199797035192
687363,2025,R,0.3068799217551277,0.08987165733620861,0.2410085104528148,0.008164285171552509,0.6609555469216585
650968,2025,R,0.2814352487976047,0.03139988557069758,0.15957636759507166,0.010390454006006631,0.7986332930938457
699625,2025,R,0.2788296291956155,0.09105354477533734,0.2774256409792214,0.008700834576325511,0.6228199797035192
691023,2025,R,0.3069513807612181,0.05727975130343521,0.2509530373760751,0.011221625516856553,0.6805455855744025
695336,2025,R,0.2755972609236845,0.05081471083008759,0.25656136974025257,0.012382978466597359,0.68024094063754
621020,2025,R,0.31777336575710863,0.07639128016034655,0.24467184236830797,0.013100893289665932,0.665835984528235
664023,2025,R,0.3302475818797084,0.11580783878661284,0.2706170437804034,0.008908056447879382,0.6046670605765491
592206,2025,R,0.3146315945911228,0.049290480040985275,0.25053938957773864,0.012083802092390973,0.6880863277448311
642215,2025,R,0.2833270953044376,0.0816237127803418,0.3114010756978878,0.013437375536163618,0.5935378354886611
680777,2025,R,0.3006485770500508,0.07305783416975228,0.2781270605055686,0.013015168721325885,0.6357999372094322
668885,2025,R,0.28815897754932646,0.10228133872599765,0.20653338017789022,0.013338240142679631,0.6778470407179089
681546,2025,R,0.32164438904140796,0.12162330115719168,0.3187773557878687,0.009093149837433099,0.5505061937423447
664761,2025,R,0.33248092450142996,0.06313850539320892,0.19494773301264853,0.012126455467036942,0.7297873074376827
547180,2025,R,0.3874219832320313,0.09359761457957154,0.2228423275155188,0.008458416597471312,0.6751016414885886
656941,2025,R,0.37557819779580837,0.11789322608419525,0.2782636501016139,0.008988903124952081,0.5948542205000691
665019,2025,R,0.32285877106006955,0.08696588861217688,0.24024908549178375,0.008686486267641428,0.6640985399574477
668904,2025,R,0.3301645295361411,0.06527090588755402,0.21142864032731679,0.012166792060229546,0.7111336614114455
543877,2025,R,0.2963512027780258,0.061420810429607495,0.18320360478599104,0.012813313816439326,0.7425622715397606
680837,2025,R,0.2788296291956155,0.09105354477533734,0.2774256409792214,0.008700834576325511,0.6228199797035192
663616,2025,R,0.3459855209472239,0.10358562527994866,0.2739212056685572,0.008736884474221782,0.6137562853872296
686797,2025,R,0.2932989265688712,0.062080849672581186,0.1625609599360423,0.0076601202791167205,0.7676980698990923
805249,2025,R,0.24400348055336774,0.06975415502845665,0.31818952501070685,0.013071374867217616,0.5989849453482946
665561,2025,R,0.28327840740950927,0.07760154348597174,0.1930560846143782,0.00826777180019874,0.7210746007220445
681082,2025,R,0.3286925140306112,0.09285479645532915,0.1588930060094134,0.008126980049061655,0.7401252172646611
596146,2025,R,0.36239837522242263,0.0930257676327878,0.17521562800721932,0.007999090284744133,0.7237595144555995
669016,2025,R,0.3364252588727918,0.10330258785222071,0.26982882922934526,0.00884108264652806,0.618027500207653
607208,2025,R,0.32070696212788247,0.06572105802387497,0.20153782712563678,0.012545098629320269,0.7201960158109643
681297,2025,R,0.33908280158117715,0.11770553262928812,0.26954158655400073,0.00897549076668349,0.6037773895455918
687637,2025,R,0.2788296291956155,0.09105354477533734,0.2774256409792214,0.008700834576325511,0.6228199797035192
663624,2025,R,0.3360705017134028,0.048889221777617134,0.23359489383927018,0.011624644279731755,0.7058912400625088
668939,2025,R,0.35915952482698327,0.10563893758338998,0.1606151935203011,0.008761503334261098,0.7249843656096432
519317,2025,R,0.3483570765302256,0.0696017398875916,0.3024569415656243,0.013108237149318386,0.6148330817826693
641355,2025,R,0.3423360508117504,0.08643428714660911,0.2185216501816359,0.008769358637641327,0.686274703967516
592450,2025,R,0.3922653038142927,0.0890058031363196,0.3074506171663926,0.012935766874068232,0.5906078137506706
700250,2025,R,0.34804928221128223,0.10981455029091357,0.24708274139877343,0.008575216301315277,0.6345274920302704
641933,2025,R,0.32126158736847893,0.07663858205569836,0.3055400621362591,0.013484810549934835,0.6043365459059595
683002,2025,R,0.3858131363128398,0.09654469186674083,0.20572974272489816,0.008111835712632328,0.6896137291178068
676059,2025,R,0.3240589800627381,0.06920695025980726,0.24419932363995697,0.012266355212699797,0.6743273707488768
702616,2025,R,0.3128167413538919,0.10489434477560239,0.26613653192046416,0.008697849658195797,0.6202712735922099
663757,2025,R,0.3376845203911461,0.1448268817024193,0.2475648661028808,0.009177510922816608,0.5984307414667527
665862,2025,R,0.329514609881141,0.08716475146056134,0.23970984053925345,0.008574612840352405,0.6645507955641673
641857,2025,R,0.32766957124766033,0.10229587839264183,0.2917305077007602,0.008940468909453818,0.5970331444428104
691723,2025,R,0.2389949565938584,0.072810688308031,0.35234371540935683,0.012982738061796657,0.5618628577163733
683011,2025,R,0.2946535271165678,0.0871532452925081,0.23918119348001,0.013744733558674647,0.6599208276965326
669224,2025,R,0.33832940950304713,0.08992381108088368,0.22069320608869544,0.008394277574191016,0.6809887056180192
676609,2025,R,0.26165681184233947,0.0789431145290789,0.23898340662843928,0.013594667288808706,0.6684788119087934
660844,2025,R,0.28220546335442653,0.15631084808235185,0.2841397474720731,0.009327500466568989,0.5502219045219954
641487,2025,R,0.33729900412290753,0.13179171979105467,0.1793466504919254,0.00887751329273429,0.6799841163237407
670042,2025,R,0.32965999717582867,0.08625741650219311,0.2828880505492885,0.00832809953731026,0.6225264333568541
660271,2025,R,0.3982641379917554,0.09405494952846065,0.25053191538187036,0.008452428390429118,0.6469607069991273
666163,2025,R,0.30303231596906616,0.11601410115528075,0.241450787972874,0.008733736568539222,0.6338013748912772
808975,2025,R,0.2788296291956155,0.09105354477533734,0.2774256409792214,0.008700834576325511,0.6228199797035192
641598,2025,R,0.3214777982399508,0.10860307165736312,0.26863845689577426,0.014278725861562449,0.608479745715833
553993,2025,R,0.31262514220309057,0.08534274069102095,0.2794196750798055,0.014017670568774674,0.6212199132282314
663728,2025,R,0.3465074792452302,0.07953832758623618,0.25750378784893985,0.008524977903032062,0.6544329060462256
668227,2025,R,0.31423197872805414,0.08808934640793575,0.2505859083590341,0.0139646248229694,0.6473601205967697
670156,2025,R,0.31619150368414034,0.13201377616770188,0.20019843995382502,0.009047663620427122,0.6587401206002976
571771,2025,R,0.3100367623333248,0.06771691361007008,0.20217281267369513,0.012759384642143733,0.7173508884092842
681624,2025,R,0.30454203956251824,0.06741600385250558,0.24492797764388238,0.013102360381022948,0.6745536588397683
624424,2025,R,0.3431967174353846,0.10940513976184704,0.2332332637790244,0.008767747289685927,0.6485938486440777
606192,2025,R,0.32767747399397396,0.06963885899568123,0.28054174439254165,0.013166251194856688,0.6366531460389977
687221,2025,R,0.2788296291956155,0.09105354477533734,0.2774256409792214,0.008700834576325511,0.6228199797035192
702284,2025,R,0.2788296291956155,0.09105354477533734,0.2774256409792214,0.008700834576325511,0.6228199797035192
518692,2025,R,0.3823743849497485,0.08027707658954256,0.17916067769380145,0.00835186168876622,0.7322103841855385
605141,2025,R,0.35704152615926554,0.09073143110014903,0.14130030478632197,0.013670470902484032,0.7542977929681812
687515,2025,R,0.24400348055336774,0.06975415502845665,0.31818952501070685,0.013071374867217616,0.5989849453482946
680862,2025,R,0.24400348055336774,0.06975415502845665,0.31818952501070685,0.013071374867217616,0.5989849453482946
691777,2025,R,0.24400348055336774,0.06975415502845665,0.31818952501070685,0.013071374867217616,0.5989849453482946
668709,2025,R,0.32880879050328415,0.1206482413401394,0.22607346324779037,0.008456310764697297,0.6448219845034415
695391,2025,R,0.2927258723260341,0.10298089331410654,0.23556686911825586,0.013805922844911965,0.6476463147773734
695506,2025,R,0.2788296291956155,0.09105354477533734,0.2774256409792214,0.008700834576325511,0.6228199797035192
663697,2025,R,0.3135628630983064,0.1063396717394147,0.2166121834525152,0.014337224310134096,0.6627109208295043
670231,2025,R,0.2788296291956155,0.09105354477533734,0.2774256409792214,0.008700834576325511,0.6228199797035192
686681,2025,R,0.333048902609651,0.060492904107862185,0.18254883944780448,0.007916032438333434,0.7490422229874882
624428,2025,R,0.3222981863066673,0.09476515316804045,0.13225978856747914,0.008395085477289125,0.7645799729466021
695600,2025,R,0.2788296291956155,0.09105354477533734,0.2774256409792214,0.008700834576325511,0.6228199797035192
573262,2025,R,0.3443752051014142,0.12106272164987801,0.23898745171630048,0.009062667071872803,0.6308871586738845
521692,2025,R,0.3376659104276683,0.023570975967853368,0.20611193592453989,0.011654556795794196,0.7586625309207198
686469,2025,R,0.3853130137625532,0.07590746968024352,0.12327627951100395,0.007725724517166315,0.7930905261085924
677951,2025,R,0.3616145725368495,0.05038265171533073,0.1821043638535579,0.012112698362004968,0.755400285885064
672580,2025,R,0.33238605257437476,0.08364370164014832,0.17837367775365026,0.012715664372744233,0.7252669565540669
686668,2025,R,0.29577876808159453,0.06291661699903767,0.2879933420613525,0.012427792737688381,0.6366622486172931
687597,2025,R,0.26496052261228853,0.05815000612629658,0.31505883453134875,0.011975744920890785,0.6148154150100594
688760,2025,R,0.24400348055336774,0.06975415502845665,0.31818952501070685,0.013071374867217616,0.5989849453482946
672275,2025,R,0.32823201983923966,0.10369012485968468,0.23056577993311606,0.008473662088729033,0.657270433436873
808982,2025,R,0.3437544788622734,0.0917695336990323,0.12738942045599577,0.008163890099947951,0.7726771550588435
805811,2025,R,0.2788296291956155,0.09105354477533734,0.2774256409792214,0.008700834576325511,0.6228199797035192
656305,2025,R,0.3420259775513274,0.09798442567939088,0.2597844518579365,0.013958827876603571,0.6282722950256274
646240,2025,R,0.37194128944188176,0.05973371184678887,0.205530955094672,0.008041217694236916,0.7266941152561459
671218,2025,R,0.312856069691758,0.07405648653704597,0.2711623233911142,0.012970054683229182,0.6418111352070218
696100,2025,R,0.29567709538983583,0.045499051067952954,0.28355041461334135,0.011761432039036374,0.6591891021272902
678662,2025,R,0.28665736285151233,0.04006857575714914,0.26112188926463603,0.012239671600223266,0.6865698623493572
690022,2025,R,0.24400348055336774,0.06975415502845665,0.31818952501070685,0.013071374867217616,0.5989849453482946
669477,2025,R,0.29306199728595794,0.05130498712792682,0.2135422353276685,0.011654347853503654,0.7234984292458414
687551,2025,R,0.2788296291956155,0.09105354477533734,0.2774256409792214,0.008700834576325511,0.6228199797035192
683766,2025,R,0.24400348055336774,0.06975415502845665,0.31818952501070685,0.013071374867217616,0.5989849453482946
682653,2025,R,0.24400348055336774,0.06975415502845665,0.31818952501070685,0.013071374867217616,0.5989849453482946
691720,2025,R,0.24400348055336774,0.06975415502845665,0.31818952501070685,0.013071374867217616,0.5989849453482946
692585,2025,R,0.2788296291956155,0.09105354477533734,0.2774256409792214,0.008700834576325511,0.6228199797035192
642715,2025,R,0.30345781761946533,0.07798334077381383,0.26565728019403995,0.013342279305304927,0.643017099661013
527038,2025,R,0.31064577748751065,0.0756501810585813,0.13978266150553767,0.01307893751298484,0.771488219549262
543510,2025,R,0.28285494959441654,0.05114237979126645,0.2627425397620216,0.012177142226531375,0.6739379387424862
694374,2025,R,0.24400348055336774,0.06975415502845665,0.31818952501070685,0.013071374867217616,0.5989849453482946
672695,2025,R,0.3132359484551679,0.14072126655806527,0.17877626484595252,0.008942208653985383,0.671560258980161
691783,2025,R,0.24073018611646269,0.08511247216814999,0.33096939646094387,0.01327589862908542,0.5706422325265891
672515,2025,R,0.3290782994654924,0.09865826144381054,0.17464263171345115,0.014201360193656639,0.712497747182703
678489,2025,R,0.2905407222833214,0.08241925814221646,0.226401582464624,0.00845020837694602,0.682728951663205
669200,2025,R,0.2424724099983112,0.08385977202169331,0.310497838983356,0.01360532966305881,0.59203705962708
701538,2025,R,0.3743811965663288,0.061444256552742826,0.16396171703324716,0.007619963272212599,0.766974062522377
695238,2025,R,0.32018147774718386,0.10330066472841865,0.22433757920282454,0.008687158514225619,0.6636745975734635
656811,2025,R,0.3413347202422472,0.08496329531569181,0.2167810250980407,0.008352850150237644,0.6899028296831252
669369,2025,R,0.2839909861996097,0.09680985403995128,0.231929782496299,0.008338418631752631,0.6629219448517638
664983,2025,R,0.29438587506079933,0.08418322631115556,0.19486912023350286,0.008133387780537167,0.7128142654830532
677950,2025,R,0.3170553579882317,0.0821778482654306,0.20264162553370507,0.008297764736524212,0.7068827615963744
545121,2025,R,0.3102703348663909,0.08582298315017921,0.10122876365212118,0.0077361976356301165,0.805212055384935
666023,2025,R,0.2995169034467629,0.06671047858083338,0.2067154356275968,0.012498600849877166,0.7140754850503023
578428,2025,R,0.2869931005462335,0.04920284033086733,0.12670970294950168,0.012311417474381506,0.8117760388502848
630105,2025,R,0.3391910902621287,0.10755391592283946,0.17148405440691983,0.008542510293387246,0.7124195192948992
657757,2025,R,0.3332820914165455,0.0805790823939705,0.19858624288089796,0.008342267933370584,0.7124924076611107
593428,2025,R,0.32886815194262264,0.07281691126344689,0.17043386257414722,0.012598184899799914,0.7441510413964115
592518,2025,R,0.3603354197053675,0.056132083931722004,0.17942811014652435,0.012003343421309154,0.7524364623082206
665487,2025,R,0.3468589549989417,0.0595325899003861,0.23882806478777124,0.012464029687182675,0.6891753154480486
621493,2025,R,0.3346600501484734,0.09509828936714662,0.22897762048011525,0.013562670691899993,0.6623614193078671
694203,2025,R,0.24400348055336774,0.06975415502845665,0.31818952501070685,0.013071374867217616,0.5989849453482946
665861,2025,R,0.2726502789173729,0.06828655994555988,0.26968862644350755,0.013195518181501492,0.6488292950121957
666198,2025,R,0.27297471421028824,0.0775359516406924,0.24575096984332945,0.013237221966645769,0.6634758564674518
695681,2025,R,0.24400348055336774,0.06975415502845665,0.31818952501070685,0.013071374867217616,0.5989849453482946
621035,2025,R,0.2967600335075122,0.100917651114588,0.30069423016882324,0.014038152758422639,0.5843499654894029
666176,2025,R,0.2906059396329277,0.06904659249280104,0.3139052848713177,0.013506986454543396,0.6035411358319712
673237,2025,R,0.32750894843748096,0.028733602411529894,0.17339894247718365,0.010980205960649237,0.7868872487411002
605170,2025,R,0.34241277141636817,0.09867874252228648,0.19667733549698643,0.008336310043333538,0.6963076126082104
643289,2025,R,0.29196284221442426,0.04219154845886197,0.15125495892000732,0.011211863298676477,0.7953416289448435
805904,2025,R,0.2788296291956155,0.09105354477533734,0.2774256409792214,0.008700834576325511,0.6228199797035192
689200,2025,R,0.2788296291956155,0.09105354477533734,0.2774256409792214,0.008700834576325511,0.6228199797035192
694728,2025,R,0.24400348055336774,0.06975415502845665,0.31818952501070685,0.013071374867217616,0.5989849453482946
602104,2025,R,0.30902885235213967,0.0848041433286648,0.22766573804931012,0.01320900089258271,0.674321117895636
701358,2025,R,0.24400348055336774,0.06975415502845665,0.31818952501070685,0.013071374867217616,0.5989849453482946
660821,2025,R,0.3539733289459315,0.0775028503855417,0.23269416273105123,0.008050996652795656,0.6817519899468052
681351,2025,R,0.30734956779004174,0.0637816068265989,0.26310637396087466,0.012451699525499604,0.6606603192037459
650859,2025,R,0.29434700468121966,0.08284650566669648,0.1843651088546994,0.008219420503907532,0.7245689645969595
669326,2025,R,0.2450955463046079,0.06296054865084497,0.3175742913351439,0.012738170115074467,0.6067269907245819
545361,2025,R,0.3745235483980712,0.09975742372728987,0.25258394540586676,0.014369807933602468,0.6332888236188368
571448,2025,R,0.33058534802357425,0.05209522993952539,0.15482961626303324,0.01241781497523963,0.7806573381481628
807713,2025,R,0.24400348055336774,0.06975415502845665,0.31818952501070685,0.013071374867217616,0.5989849453482946
608348,2025,R,0.30132482905584734,0.08928626114957285,0.22106337604708992,0.013490311634847884,0.6761600514565459
676475,2025,R,0.3502218822215557,0.05255082289024544,0.13464028229272754,0.007456303922097328,0.805352590331499
663457,2025,R,0.3548341041424817,0.13124354231177054,0.19675424041508668,0.008589364797122925,0.6634128524141769
621439,2025,R,0.30609626067617757,0.057443804232451906,0.2948303554660404,0.013032231684546716,0.6346936083086099
664056,2025,R,0.2833954918788839,0.07632246803647592,0.2376707050553489,0.01352889456995651,0.672477932715723
624641,2025,R,0.2933508414926943,0.04828359715604221,0.21119171807902165,0.012635236611369095,0.7278894475892609
592663,2025,R,0.32714988693912656,0.06245390271076259,0.20579393481799035,0.013033804466700405,0.7187183575743118
676812,2025,R,0.24400348055336774,0.06975415502845665,0.31818952501070685,0.013071374867217616,0.5989849453482946
669236,2025,R,0.24400348055336774,0.06975415502845665,0.31818952501070685,0.013071374867217616,0.5989849453482946
502671,2025,R,0.3408150270353897,0.08148366853361855,0.251280808918968,0.013214283698733332,0.654021238727784
694212,2025,R,0.2788296291956155,0.09105354477533734,0.2774256409792214,0.008700834576325511,0.6228199797035192
689414,2025,R,0.2788296291956155,0.09105354477533734,0.2774256409792214,0.008700834576325511,0.6228199797035192
516782,2025,R,0.3096177070337823,0.048841030875274256,0.1998331812166941,0.01296150203654845,0.7383642857825049
688363,2025,R,0.29651493323099326,0.100231824384822,0.2774430762116083,0.008735501937807737,0.6135895968753878
665052,2025,R,0.32016165832694493,0.07531422453995235,0.2379099920340924,0.008172899217395108,0.6786028846307607
687859,2025,R,0.2788296291956155,0.09105354477533734,0.2774256409792214,0.008700834576325511,0.6228199797035192
595751,2025,R,0.2932983227589835,0.02803680208848188,0.307671304183633,0.010780085554397934,0.6535118081336687
656537,2025,R,0.26539915939525544,0.06046484266075566,0.29468739853795534,0.012125675368978003,0.6327220833374277
802415,2025,R,0.2788296291956155,0.09105354477533734,0.2774256409792214,0.008700834576325511,0.6228199797035192
663743,2025,R,0.30126254528094515,0.07149283873901975,0.1627488447607048,0.011891758286459832,0.7538665579314394
666624,2025,R,0.2988587383853973,0.07484297731421953,0.3121927041588272,0.012415156957135099,0.6005491611804681
676914,2025,R,0.2880594671838599,0.11611876960474889,0.3236930629290457,0.014480114207580367,0.5457080537803055
664040,2025,R,0.3515136571473865,0.08801909988916688,0.252135900167849,0.008230321751335657,0.6516146782718043
650490,2025,R,0.3575986611418842,0.0999100712925543,0.14677454187125671,0.013368685525323288,0.7399467013037355
543309,2025,R,0.3095280197585899,0.06398139241481014,0.2567627896213623,0.01232306636683126,0.6669327520197994
672356,2025,R,0.2820002948252507,0.060006855416679696,0.3253622424838417,0.012189444526061775,0.6024414573750648
671286,2025,R,0.2736349451232536,0.07408829492117353,0.3258314554766168,0.013035355680272994,0.587044894270333
456781,2025,R,0.3086838665904927,0.0680517758315499,0.2167590417821048,0.013104004529939246,0.7020851777716374
665966,2025,R,0.27029256478100616,0.07378486838266321,0.31678415244792685,0.01333188230539532,0.5960990977688887
681987,2025,R,0.26459826070757503,0.07121687669840801,0.24741552869251088,0.012798243660069325,0.668569350820635
608701,2025,R,0.3106399997326846,0.10235553015197181,0.246461094032334,0.013864117914020375,0.6373192581488883
642201,2025,R,0.25573533811320515,0.08841812287661362,0.3293298590833081,0.013658569206869036,0.5685934483136561
668804,2025,R,0.3478093228814434,0.10284564375616206,0.22640313364016987,0.008401349609022779,0.662349873074213
680779,2025,R,0.2886699755005258,0.08700220782449061,0.2987478412818923,0.013697046254799854,0.6005529044711853
689172,2025,R,0.29834813635256296,0.09414576231511622,0.21923502618196897,0.008435619966883696,0.6781835909852751
804668,2025,R,0.24400348055336774,0.06975415502845665,0.31818952501070685,0.013071374867217616,0.5989849453482946
672724,2025,R,0.26561558422789927,0.07583289890968936,0.2835500079669564,0.012974694226469453,0.6276423989124992
572233,2025,R,0.3351043808513837,0.07715833333173902,0.2367459781359517,0.01316540181721866,0.6729302865677466
666211,2025,R,0.2873416172638775,0.11108177034615052,0.3286440544946329,0.008844382610015532,0.5514297922214431
621043,2025,R,0.33413855111096935,0.07407971529938488,0.22234273945114258,0.012626096868391532,0.6909514491827511
670623,2025,R,0.31924860224540247,0.09257301908540388,0.16822565457326155,0.014032965852446365,0.7251683595571519
514888,2025,R,0.30103735727039865,0.05830608114956482,0.14678291913941963,0.012155349161399157,0.7827556513376872
666126,2025,R,0.2788296291956155,0.09105354477533734,0.2774256409792214,0.008700834576325511,0.6228199797035192
687231,2025,R,0.28177375387386033,0.07393836724949825,0.22041690251106627,0.012720056165863754,0.6929246733490548
671732,2025,R,0.3335619860377447,0.09671559230841331,0.23937921147858038,0.008497851153763043,0.6554073451816539
805779,2025,R,0.28132642315108203,0.057838755087433746,0.13475208217632792,0.011889288015895809,0.7955198745697124
667670,2025,R,0.32913803653686136,0.07282908093894618,0.29915085067511094,0.01316591140967638,0.6148541575593022
691016,2025,R,0.32647290228225995,0.08609723336348658,0.26154902703698546,0.008273109678574364,0.6440806303099729
669127,2025,R,0.31389015661501796,0.06195528343785547,0.283240247267844,0.012440290265699752,0.642364179119735
701762,2025,R,0.2788296291956155,0.09105354477533734,0.2774256409792214,0.008700834576325511,0.6228199797035192
680474,2025,R,0.2830193634079867,0.1060909332184162,0.2526739899318293,0.01372754401588437,0.6275075330210917
666181,2025,R,0.3054987754988941,0.12455484138334558,0.31934928188761785,0.008832169320836268,0.5472637076197202
701398,2025,R,0.24400348055336774,0.06975415502845665,0.31818952501070685,0.013071374867217616,0.5989849453482946
680728,2025,R,0.3119023691905424,0.09177458824229365,0.26547426678739433,0.00869663669851557,0.6340545080991908
650333,2025,R,0.352677246608861,0.08940273626044185,0.07116074598796407,0.007914936698438712,0.8315215817686674
663731,2025,R,0.2536813846272,0.07016849118889035,0.3116302229869331,0.01312713461028972,0.6050741507482099
677942,2025,R,0.2769508059530787,0.07244329173099673,0.2680356996663311,0.013093720662625404,0.6464272879427655
695670,2025,R,0.24400348055336774,0.06975415502845665,0.31818952501070685,0.013071374867217616,0.5989849453482946
669242,2025,R,0.30330973652406135,0.09006077759233752,0.16742413503340067,0.008131917331223613,0.7343831702978213
500743,2025,R,0.30005154434300385,0.06195339828093114,0.14181009400235106,0.012275886914586904,0.7839606207645008
669743,2025,R,0.3074909699867904,0.1179992917717691,0.2051937566431101,0.014404133783178856,0.6624028176735816
593871,2025,R,0.3433567944581988,0.10653831174056745,0.19951301586883383,0.008723154241999678,0.6852255172855163
677594,2025,R,0.33475297074865645,0.05469143975309319,0.2541485092212974,0.01233086828781059,0.6788291827992239
686527,2025,R,0.32935347041084756,0.056434377597119605,0.22398466042347173,0.008039508321847445,0.7115414536547977
668800,2025,R,0.2742940827824613,0.0580971026091553,0.2441459964962228,0.012143052194807557,0.6856138479481966
663853,2025,R,0.3034631319046843,0.0561050593532087,0.2617599163720157,0.01211265307128175,0.6700223710881305
608324,2025,R,0.34379126320685327,0.09946450975597267,0.1403907281163596,0.013376778584324059,0.7467679834835315
693307,2025,R,0.2870453044964867,0.0575681550686496,0.25589233231597197,0.012866355268927746,0.6736731572746092
682985,2025,R,0.36148227681592104,0.10307887339755728,0.24650509728185357,0.008817771246264611,0.6415982579225528
679529,2025,R,0.3312425607182478,0.08820060189294143,0.23412005119531681,0.013785854049642143,0.6638934922567205
650402,2025,R,0.3181695810729293,0.07795805814878769,0.21597733068779845,0.01295889236593916,0.6931057185586651
666397,2025,R,0.32547209427514995,0.1557531813095535,0.2909411095939279,0.009039501668631406,0.54426620735046
666185,2025,R,0.2991098757826517,0.0985066418807102,0.24284494566256176,0.008834086281720973,0.6498143268949212
620443,2025,R,0.29438906994517955,0.08892395481809795,0.2365925223946209,0.013366668299835032,0.661116855002435
683146,2025,R,0.3355024180788028,0.08795392139022606,0.23335993596336896,0.008437877164936738,0.670248265088366
661388,2025,R,0.32140291889887806,0.07786877203439818,0.24712933539373447,0.013004363515724876,0.661997529336999
682998,2025,R,0.3608466963969654,0.1077618881858868,0.17918296392852726,0.008436814460263927,0.7046183331733222
606466,2025,R,0.33781113191862716,0.09154879907383609,0.17497816282026327,0.008366464064397264,0.7251065739293475
694384,2025,R,0.3177396806053725,0.11539551810400311,0.1459170965511969,0.00815231525308703,0.7305350695005395
647304,2025,R,0.361327994841157,0.05896458067254855,0.14950873684071006,0.007370679922848362,0.784156002906889
686780,2025,R,0.2857124504357264,0.06118396242152929,0.25162350405214684,0.012583511855640267,0.6746090213998528
687529,2025,R,0.2995033004869872,0.088432170135921,0.3193839205137064,0.00861594821128298,0.5835679618948924
690924,2025,R,0.24400348055336774,0.06975415502845665,0.31818952501070685,0.013071374867217616,0.5989849453482946
665953,2025,R,0.28738846730048145,0.061931065128650264,0.23390458403995257,0.012484470275756781,0.6916798806933672
657557,2025,R,0.29403291895657924,0.06220593529845274,0.27371089655225067,0.013262588259651547,0.6508205790517207
683770,2025,R,0.2788296291956155,0.09105354477533734,0.2774256409792214,0.008700834576325511,0.6228199797035192
622761,2025,R,0.29852128239034154,0.059000206582833586,0.24159103500027404,0.011791961501676928,0.6876167969251407
656577,2025,R,0.25369707921410645,0.05591893315334658,0.3872215152532377,0.012979786386134052,0.5438797654588992
595978,2025,R,0.2589396670028022,0.056656455812120456,0.2839213032360274,0.0128241427561359,0.6465980979343421
623168,2025,R,0.2819048332742445,0.09256186641191658,0.18653544093967267,0.008545219676014498,0.7123574726205439
678554,2025,R,0.29301914710227533,0.056201824235322884,0.20649168785946406,0.012047466071875035,0.7252590221537444
669701,2025,R,0.3236707678853659,0.12168371395529275,0.21766242840813996,0.008674424283402492,0.6519794335051766
645302,2025,R,0.27769820520827443,0.0731440543558612,0.22885649597836635,0.01289718733171297,0.685102262411371
666160,2025,R,0.30549516988897685,0.05428828556602403,0.28326866555921115,0.00815780273752035,0.654285246616519
660162,2025,R,0.33829447878607405,0.10761397026446268,0.2681742806073648,0.00889297451439021,0.6153187750110893
545341,2025,R,0.31765838408671704,0.05401705997701451,0.24958245880509627,0.012539119847284555,0.6838613622200004
663330,2025,R,0.2815090354118522,0.0963192986308697,0.30055847971311644,0.01374146244834805,0.5893807594417411
657656,2025,R,0.2961641617183674,0.07970636750888203,0.26684328663332657,0.013474944320727295,0.6399754013973916
680977,2025,R,0.35253201117926425,0.11503179899824846,0.1498524244627957,0.008680573560350895,0.7264352026384154
676694,2025,R,0.2974455010714267,0.07649394993620101,0.2506673852192586,0.012400628102800616,0.6604380373547162
606115,2025,R,0.28015177982106987,0.06052176082688329,0.20492233651382333,0.012498222143751873,0.722057680647475
571970,2025,R,0.36384909541739335,0.15159878196084137,0.261022075695726,0.009312807566211173,0.5780663354999018
678877,2025,R,0.2872990051520212,0.040974447656997974,0.2714794667214979,0.012187924863525235,0.6753581606775935
694388,2025,R,0.281394970646175,0.07917785135356256,0.30418040620322123,0.00842777087729195,0.608213971387939
642708,2025,R,0.28966631016341265,0.04568625972057665,0.18559988293860044,0.011976981444510159,0.7567368758894831
571657,2025,R,0.28883789714145514,0.053481603447392,0.20047270020509733,0.012433125112668635,0.7336125712534558
694671,2025,R,0.33513304811529493,0.09413050993665686,0.22709836089747795,0.013365354684673609,0.6654057751756531
686475,2025,R,0.24400348055336774,0.06975415502845665,0.31818952501070685,0.013071374867217616,0.5989849453482946
553869,2025,R,0.2963011238311155,0.0607180241409071,0.21809720617387696,0.0128519705852508,0.7083327992669923
666464,2025,R,0.29781523540658417,0.06298626193833061,0.30859941076803094,0.012173791469530825,0.616240536749991
691176,2025,R,0.3112171868497865,0.08869361936356665,0.2520440874866845,0.008238099178549476,0.6510241931108199
663897,2025,R,0.26004546261866884,0.07284881388446346,0.2569362743241198,0.01306084613543653,0.6571540654860664
645277,2025,R,0.3203519449654186,0.05710953050789039,0.17711066008189968,0.008293510646686741,0.7574862991324947
660644,2025,R,0.29668947956335706,0.09202000603047224,0.18884864702292797,0.008117926565326224,0.7110134203765841
643217,2025,R,0.34164431717000593,0.08849039026703887,0.1730286270036445,0.00839893779544904,0.7300820448592437
656555,2025,R,0.33439303892532557,0.100205610336447,0.25312868455782134,0.014356880233003752,0.6323088253810418
667472,2025,R,0.30183137295817103,0.0791659968236689,0.26790651363837104,0.013127504992402356,0.6397999842390134
640902,2025,R,0.26629844427179966,0.07454545736895958,0.2801574600239733,0.012867474177568772,0.6324296078852163
807712,2025,R,0.24400348055336774,0.06975415502845665,0.31818952501070685,0.013071374867217616,0.5989849453482946
690291,2025,R,0.30603934180551723,0.11598897540987184,0.2622590674528973,0.008914478483221256,0.6128374787365339
506702,2025,R,0.2689079968157513,0.08804532296520375,0.27037719718719494,0.00898026138606575,0.6325972178694738
669720,2025,R,0.30839659366244304,0.05521354560216325,0.20991365125167716,0.011949296199616946,0.7229235062774882
682668,2025,R,0.28791806424983823,0.06410969635568214,0.2458348593712205,0.012886795867180553,0.6771686487266394
643565,2025,R,0.3220783364102093,0.1349179930789688,0.23694010333740248,0.009188360929220186,0.6189535432419316
665161,2025,R,0.3032807387246119,0.05067007524525246,0.20655574523061063,0.01183733382847956,0.7309368455894121
664034,2025,R,0.3280866155456692,0.06710192265933065,0.18221181462428868,0.012960568249083948,0.7377256944322312
680577,2025,R,0.29419241003165714,0.09530749680293438,0.2428455841119734,0.008613621231670776,0.6532332969743766
671289,2025,R,0.30890633014621255,0.07195397349857309,0.1566082321834153,0.012999126544323343,0.7584386688049177
680869,2025,R,0.28870618606336085,0.07587898888016675,0.2862825852610392,0.012909120372424032,0.6249293047746904
681508,2025,R,0.29860409117789266,0.12055821386149881,0.24961778662668505,0.008914328469796182,0.6209096714144727
681807,2025,R,0.2990497769733198,0.06435819524597473,0.23397504795236604,0.012887453299305815,0.6887793034617664
677592,2025,R,0.27115391792056814,0.07482420964812461,0.33721955425519284,0.013019867072202016,0.574936369088896
571912,2025,R,0.2680861121977819,0.0847313848850145,0.26684051845870643,0.013698345598165183,0.6347297512605715
664238,2025,R,0.29228245202434766,0.11084475163845274,0.27224936463569716,0.0140613487205621,0.6028445347124025
676679,2025,R,0.24958991769390482,0.05766937193557706,0.3095774887153801,0.012466958775829817,0.6202861810859088
690993,2025,R,0.326058663359748,0.08458090571803599,0.18241049171835083,0.008034549169152807,0.7249740532888079
666134,2025,R,0.32541238289113567,0.1146949509597419,0.3078261769942701,0.0093064989763143,0.5681723731359547
664728,2025,R,0.3257542535933956,0.08818883283210212,0.1950437983314496,0.008123131410182423,0.7086442383697419
670242,2025,R,0.35158688544298305,0.10230725850870068,0.31953627808593005,0.008914281624809723,0.569242181383697
669289,2025,R,0.3014445832083799,0.07867209384816601,0.14637601107919468,0.012701792031424202,0.7622501028548936
686894,2025,R,0.2808515476184435,0.07927596930641945,0.2927162965261756,0.013372932865480336,0.6146348011361251
670541,2025,R,0.4281937714982467,0.08453719694214765,0.18686186520590414,0.008345037877357294,0.7202558995204068
575929,2025,R,0.30766666073672655,0.06456019384113171,0.2781845950152097,0.013075471288433156,0.6441797398917528
683748,2025,R,0.2788296291956155,0.09105354477533734,0.2774256409792214,0.008700834576325511,0.6228199797035192
691185,2025,R,0.24400348055336774,0.06975415502845665,0.31818952501070685,0.013071374867217616,0.5989849453482946
678225,2025,R,0.3069723493432297,0.11163565484677292,0.23518475216508453,0.008894023215913989,0.6442855691097888
669722,2025,R,0.2788296291956155,0.09105354477533734,0.2774256409792214,0.008700834576325511,0.6228199797035192
656896,2025,R,0.32575974506405986,0.0705719578199976,0.20424582156581736,0.012784653341355704,0.7123975669261291
622268,2025,R,0.29162827298413646,0.08290871861730023,0.2283948655416576,0.00833344101668419,0.6803629741960858
683357,2025,R,0.2788296291956155,0.09105354477533734,0.2774256409792214,0.008700834576325511,0.6228199797035192
682641,2025,R,0.29718315700981696,0.056374762235476876,0.15505385548502307,0.012114139375019572,0.7764572433508311
687478,2025,R,0.24400348055336774,0.06975415502845665,0.31818952501070685,0.013071374867217616,0.5989849453482946
642086,2025,R,0.3247378272046004,0.07134319449731578,0.20388957386020032,0.008284211148204301,0.7164830202390875
679845,2025,R,0.27927203189712285,0.08012436620079087,0.1814955677199805,0.012397053163775477,0.7259830127616206
596103,2025,R,0.2886135079516294,0.09996095643484895,0.308340297719487,0.013722043782018205,0.577976701683558
669911,2025,R,0.3169526875846522,0.10004480400782466,0.33011373015149587,0.008616205696129095,0.5612252603221732
687263,2025,R,0.31020182030417015,0.06580737586596765,0.23128778629137461,0.013067253077779992,0.6898375847033246
683090,2025,R,0.24400348055336774,0.06975415502845665,0.31818952501070685,0.013071374867217616,0.5989849453482946
518595,2025,R,0.31214408804426547,0.0637897925077499,0.2053913121723709,0.012226591552367709,0.7185923032029302
669288,2025,R,0.27751469293854203,0.08321276916278544,0.3216512615859118,0.008800182426630722,0.5863357864268931
663584,2025,R,0.24400348055336774,0.06975415502845665,0.31818952501070685,0.013071374867217616,0.5989849453482946
467793,2025,R,0.3560193679596317,0.12259007154682902,0.18166725244710408,0.008714947282860007,0.687027728404278
642350,2025,R,0.28105032620865106,0.05825342190189177,0.3379139142970558,0.013070207375960858,0.5907624569018624
641584,2025,R,0.304153509247625,0.09901261570033318,0.215461074823461,0.008412781539390707,0.6771135281936319
669257,2025,R,0.33737563608961074,0.09306421324402453,0.1957144388376735,0.01363733093868026,0.6975840167690461
676466,2025,R,0.24400348055336774,0.06975415502845665,0.31818952501070685,0.013071374867217616,0.5989849453482946
691026,2025,R,0.3032788628427845,0.0780205975263764,0.16567224430473634,0.013104820995695675,0.74320233844682
678894,2025,R,0.27180728368126345,0.06313827482948971,0.2744329562062461,0.012169407176575898,0.6502593624034904
691011,2025,R,0.2770991513627279,0.0797572708250468,0.24977000029009128,0.008376859303571377,0.6620958696060575
682988,2025,R,0.2674716739498199,0.07030273040223296,0.308170860976665,0.013018333571479029,0.608508075052714
669221,2025,R,0.33159080815023756,0.08867079531769137,0.23529143946326297,0.013304070944644655,0.6627336949764421
666182,2025,R,0.3590297847068864,0.048455008291592126,0.17845353615959483,0.011694682778205361,0.7613967725601244
686676,2025,R,0.277002709379796,0.05620147453323924,0.27907939769318685,0.011886964169591773,0.6528321640689869
682868,2025,R,0.29108131344225485,0.08496241135260205,0.27596414097545097,0.013510897991095795,0.6255625500690875
687957,2025,R,0.29927811759560846,0.08921477366846209,0.2399100758548297,0.008593492449823882,0.6622816578786921
641658,2025,R,0.26586771855188357,0.09017268774943688,0.2754157559649307,0.013624521880736727,0.6207870349029254
690976,2025,R,0.2788296291956155,0.09105354477533734,0.2774256409792214,0.008700834576325511,0.6228199797035192
678011,2025,R,0.2788296291956155,0.09105354477533734,0.2774256409792214,0.008700834576325511,0.6228199797035192
701350,2025,R,0.2788296291956155,0.09105354477533734,0.2774256409792214,0.008700834576325511,0.6228199797035192
671284,2025,R,0.24400348055336774,0.06975415502845665,0.31818952501070685,0.013071374867217616,0.5989849453482946
694359,2025,R,0.30426146160800643,0.13415069685027153,0.3336037730410022,0.009443252169763851,0.5228022785946626
667690,2025,R,0.24400348055336774,0.06975415502845665,0.31818952501070685,0.013071374867217616,0.5989849453482946
693409,2025,R,0.2788296291956155,0.09105354477533734,0.2774256409792214,0.008700834576325511,0.6228199797035192
669717,2025,R,0.24400348055336774,0.06975415502845665,0.31818952501070685,0.013071374867217616,0.5989849453482946
677943,2025,R,0.24400348055336774,0.06975415502845665,0.31818952501070685,0.013071374867217616,0.5989849453482946
666971,2025,R,0.3335218489562294,0.05856255270415807,0.1720938444228065,0.011962021532997202,0.7573815818124774
691373,2025,R,0.24400348055336774,0.06975415502845665,0.31818952501070685,0.013071374867217616,0.5989849453482946
663967,2025,R,0.27981503770314015,0.07834819980781775,0.2381908468283923,0.008435832547605163,0.6750251215501037
656976,2025,R,0.343479122962312,0.11141380773650485,0.17032144300081847,0.008227750331988132,0.7100369983042045
663604,2025,R,0.2677840077898495,0.06562079601053887,0.2929666322433392,0.012994601737244513,0.6284179708241081
608369,2025,R,0.39182386320579743,0.07135890350914817,0.17519189650692976,0.007546690470198085,0.7459025095993339
605353,2025,R,0.3236773906251268,0.1017251347638589,0.18146806491407408,0.008486415638205359,0.7083203834333381
673357,2025,R,0.3147277540536227,0.04746133300317413,0.2687697962574904,0.011946475470609506,0.6718223955394098
681909,2025,R,0.24400348055336774,0.06975415502845665,0.31818952501070685,0.013071374867217616,0.5989849453482946
682927,2025,R,0.2788296291956155,0.09105354477533734,0.2774256409792214,0.008700834576325511,0.6228199797035192
649966,2025,R,0.2909490948023419,0.10453752865538025,0.24038713564328612,0.014249446420507841,0.6408258904831861
676801,2025,R,0.2991742825831679,0.08482530126899528,0.2631976826320308,0.01336000634148075,0.6386170094216486
686452,2025,R,0.2981753216767349,0.1059784689808223,0.21941684833349906,0.008455997285113714,0.666148685080205
671083,2025,R,0.2735143924826038,0.09959725849355434,0.25275876166529154,0.013198904765254227,0.6344450750353815
694497,2025,R,0.3091359682836693,0.13596755798033708,0.24783868254225896,0.00881352541186659,0.6073802332439308
543760,2025,R,0.3168489931683609,0.08562598179362636,0.1752170211648848,0.013416191147437853,0.7257408057562197
647351,2025,R,0.3135647755847467,0.08645955934453602,0.17081240184028418,0.00837771025203853,0.7343503292040141
645444,2025,R,0.2883163193791595,0.1364485754530696,0.23680348157781736,0.00886494808098465,0.617882995474708
666149,2025,R,0.27022962318340904,0.07907720116119514,0.3020267934342767,0.012993749355352456,0.6059022564915798
672012,2025,R,0.2835895742157233,0.10417452146945871,0.25064673142131516,0.008657954813797683,0.6365207923447253
677588,2025,R,0.314612373079918,0.08949241775141215,0.22190320444523717,0.00824877488386969,0.6803556030170708
672642,2025,R,0.28539051107497554,0.11936314575488811,0.2850055684083166,0.009050494350265696,0.5865807913930309
669065,2025,R,0.3278739458333072,0.07241297984040723,0.2661929613798466,0.00831602387951076,0.653078034782756
656185,2025,R,0.27895028795777455,0.09708431628158937,0.24164664206562486,0.008637493150007421,0.6526315492353594
676116,2025,R,0.32791013338157743,0.1481760174058426,0.3249115931207306,0.009239389935960305,0.517672999442102
702176,2025,R,0.2788296291956155,0.09105354477533734,0.2774256409792214,0.008700834576325511,0.6228199797035192
691182,2025,R,0.28737411473597635,0.0671206552776754,0.20006078641631414,0.008037553941183016,0.7247810038443767
665804,2025,R,0.29729047771409595,0.06743875341150055,0.22878461720566998,0.012572704730817527,0.6912039243456465
570482,2025,R,0.31800619901394755,0.04644012605987935,0.17156933355252996,0.011854073635984095,0.7701364661293794
671976,2025,R,0.2788296291956155,0.09105354477533734,0.2774256409792214,0.008700834576325511,0.6228199797035192
641555,2025,R,0.2788296291956155,0.09105354477533734,0.2774256409792214,0.008700834576325511,0.6228199797035192
672569,2025,R,0.29965539791079226,0.0820742798268594,0.21579414227510385,0.00846592382972449,0.6936656537512926
677941,2025,R,0.25803922778471683,0.06329937451762582,0.2921463142668427,0.012603685663588635,0.6319506258311254
664059,2025,R,0.28830245559772255,0.10898775986564882,0.264083517601774,0.008626844920742819,0.6183018777116904
668942,2025,R,0.31610682970131737,0.11578345960789076,0.20642134621362518,0.008549862466053038,0.6692453312847668
543592,2025,R,0.30874619769376105,0.10018679820676032,0.17941221623025824,0.01338787625269954,0.7070131086770242
668845,2025,R,0.24712254832170572,0.04370240885856202,0.28192619129761987,0.011463680491772942,0.6629077195977707
542932,2025,R,0.29824251249446937,0.10872434715210236,0.22574390927002458,0.01404321340474848,0.651488530144917
676070,2025,R,0.2719115803920949,0.11066432597288918,0.28798347676688385,0.014229026105200361,0.587123171446986
667452,2025,R,0.293364337558655,0.08177421756374317,0.2318185425043033,0.013360143886455317,0.6730470955270834
670764,2025,R,0.30101442609265316,0.13673288733850525,0.2173408257916116,0.008740565866459252,0.6371857213232206
680716,2025,R,0.26698402549760314,0.074636877507878,0.2782239071219326,0.013063582017385948,0.634075633567993
663837,2025,R,0.32193453452156456,0.08308300076666719,0.19961800423389922,0.013498189304996154,0.7038008056579216
642731,2025,R,0.28484522273942275,0.05764182744810763,0.1987852099794658,0.012037078805514275,0.7315358840562655
676356,2025,R,0.27508112979211924,0.0621796904371536,0.18806665552697938,0.012808388092056068,0.7369452664318276
642851,2025,R,0.26976209541487395,0.07448073407645929,0.23689774602606367,0.0134248709420483,0.6751966491270219
663586,2025,R,0.34902264907669295,0.06468067926025443,0.25806674969529153,0.012772232747541235,0.664480337648186
679631,2025,R,0.30959385263896605,0.09850922726900209,0.21695926166749774,0.008598860797137148,0.6759326497077215
642136,2025,R,0.31010312545417495,0.13558340016705886,0.2849732283028428,0.008972926552164721,0.5704704458258167
645305,2025,R,0.28034632514897206,0.08266978333069486,0.25687127182641495,0.012723496223084814,0.6477354485043646
663536,2025,R,0.24400348055336774,0.06975415502845665,0.31818952501070685,0.013071374867217616,0.5989849453482946
679032,2025,R,0.2656883902464038,0.05548532173594544,0.22336881834989372,0.012226478320276558,0.7089193820924918
670097,2025,R,0.28724779405926737,0.1171665549609369,0.27918547132882193,0.014471863123506226,0.5891761109132371
455117,2025,R,0.2698698735124472,0.07291141331554855,0.3085865229575787,0.013320634379139796,0.6051814289712993
656582,2025,R,0.2920743768658351,0.10468013691980206,0.24109212504991367,0.013412145737171114,0.6408155916432958
669004,2025,R,0.3415013941697646,0.10670989149709638,0.25280817040424247,0.008775360076289436,0.6317065776024356
694376,2025,R,0.2963078983516439,0.06436552409549612,0.2341272447120124,0.012857594934328163,0.6886496364809042
669450,2025,R,0.3037379018981762,0.1223025319094276,0.2788549707327594,0.008762132427642124,0.5900803656132196
810938,2025,R,0.24400348055336774,0.06975415502845665,0.31818952501070685,0.013071374867217616,0.5989849453482946
621028,2025,R,0.2873899080626375,0.055639068595035125,0.13253387035348688,0.011852672889477013,0.7999743879143522
606992,2025,R,0.2828913338384288,0.058162427891131026,0.30838718799791015,0.012701235550619153,0.6207491489562469
572138,2025,R,0.32178666361284314,0.11296984779599063,0.23706400609181938,0.008514432948658671,0.6414517134065427
677870,2025,R,0.28282621431640204,0.09652279882441622,0.2663704627693157,0.014153850256207204,0.622952888353658
607732,2025,R,0.29405431833351053,0.08874322927746282,0.21958460040372804,0.013309091416760364,0.6783630792100837
664774,2025,R,0.3604219042078315,0.13926964039917045,0.19539902607102563,0.008863620765205023,0.6564677122076878
678391,2025,R,0.2788296291956155,0.09105354477533734,0.2774256409792214,0.008700834576325511,0.6228199797035192
670092,2025,R,0.29762284694884766,0.10792447512304301,0.25578164193683534,0.008800912031385649,0.6274929699366218
642180,2025,R,0.2803358138256092,0.11277229453136586,0.23488223397990868,0.008777432335443088,0.6435680396822183
665923,2025,R,0.2531193573934779,0.06855453873039567,0.22462628946894656,0.012953464151977439,0.6938657080919415
624585,2025,R,0.3384437257111744,0.08190778598753165,0.267447317686488,0.013321545917733393,0.6373233501404003
691785,2025,R,0.2788296291956155,0.09105354477533734,0.2774256409792214,0.008700834576325511,0.6228199797035192
672016,2025,R,0.24400348055336774,0.06975415502845665,0.31818952501070685,0.013071374867217616,0.5989849453482946
675915,2025,R,0.25968022420999787,0.06719341892411772,0.28923383741449055,0.012959929463799291,0.6306128138310522
608385,2025,R,0.3543880764035755,0.11729428926169704,0.18601596309009685,0.008349971440262227,0.6883397761594651
608671,2025,R,0.28952980493455843,0.13416577647622097,0.21907436019227386,0.00884389416586001,0.6379159694327174
687952,2025,R,0.30656392562105605,0.04999671706918086,0.27107060132237193,0.012450420863288314,0.6664822611415822
656413,2025,R,0.2688884688183092,0.08580672976696162,0.3235891092743386,0.013398847367567641,0.5772053133977244
592192,2025,R,0.30790256396152454,0.09977499317347903,0.2180146083904846,0.01413168066092377,0.6680787175731859
685744,2025,R,0.24400348055336774,0.06975415502845665,0.31818952501070685,0.013071374867217616,0.5989849453482946
677060,2025,R,0.24400348055336774,0.06975415502845665,0.31818952501070685,0.013071374867217616,0.5989849453482946
518934,2025,R,0.33499469302847906,0.08998465983265,0.17253458947193273,0.013174373007591774,0.7243063785830808
660688,2025,R,0.32834966783490516,0.0598115563394706,0.10194295199367072,0.007379379887832928,0.8308661119915431
677956,2025,R,0.2731482134623073,0.04717418479656179,0.2958268177325081,0.011987453905179411,0.6450115439788185
596142,2025,R,0.31853868982830064,0.06613082211475936,0.2831291935206598,0.013316208292359764,0.6374237766562862
657041,2025,R,0.3146151407790258,0.09615693315124971,0.22950840100160189,0.013577710439951938,0.66075695522366
642727,2025,R,0.28937199355580867,0.1235625451999713,0.2655238771424792,0.00917439135083845,0.6017391857552281
671221,2025,R,0.29108276155131224,0.09043760618973383,0.2988947354748328,0.008839533644973226,0.6018281238928934
657077,2025,R,0.353525724576394,0.08814634082191553,0.14137259835530613,0.008200368765955068,0.7622806921834061
682729,2025,R,0.30840985893103234,0.09612753614672591,0.24271454037175652,0.008580387530334362,0.6525775350216639
641645,2025,R,0.3176110914197136,0.13688850560976004,0.15317415519056501,0.00908687219360021,0.700850466750594
656541,2025,R,0.30510384237714455,0.11254607052773245,0.35609752033898373,0.009180569403301166,0.522175839031269
644433,2025,R,0.2579745486832618,0.05068631768120297,0.2802423269549166,0.011984825328609202,0.6570865297047359
681146,2025,R,0.3028679277090629,0.10944208618305455,0.18290652545741024,0.01405822732278259,0.6935931607831045
664068,2025,R,0.26724627063979156,0.05795366871187549,0.3037371023986342,0.01328817050271803,0.6250210588417189
681962,2025,R,0.255467571515646,0.08977633020692534,0.27510817703825724,0.013870070215923973,0.6212454232576208
668974,2025,R,0.24400348055336774,0.06975415502845665,0.31818952501070685,0.013071374867217616,0.5989849453482946
605244,2025,R,0.25069576854207537,0.058890106488484466,0.3134038859850715,0.012877739439955026,0.6148282684871132
663662,2025,R,0.27977043284063663,0.08155822283244366,0.2899725155741509,0.013143629461095974,0.6153256324210036
670224,2025,R,0.2712991572696808,0.09399434836093376,0.31163087656123256,0.008781689850047597,0.5855930847141815
676480,2025,R,0.25470565514518523,0.055729449463429157,0.3290192657593663,0.012213683571797024,0.6030376010865285
695257,2025,R,0.2814672745515565,0.05471674181473342,0.3083734095489204,0.012470525877586498,0.6244393236026595
692225,2025,R,0.24400348055336774,0.06975415502845665,0.31818952501070685,0.013071374867217616,0.5989849453482946
682515,2025,R,0.26059807293100196,0.08430207627633603,0.31660218276375074,0.013487125438784418,0.5856086148134756
640492,2025,R,0.27388451470203895,0.041214583577267296,0.23725238733900522,0.011475854573947016,0.7100571746374656
664954,2025,R,0.28855000428185146,0.08292452831785407,0.2098983620790684,0.008211198315979315,0.6989659112594709
682183,2025,R,0.2788296291956155,0.09105354477533734,0.2774256409792214,0.008700834576325511,0.6228199797035192
669134,2025,R,0.3055567104117549,0.057176586813568145,0.15929120225325435,0.012370266769202623,0.7711619446595347
663898,2025,R,0.3177806826221731,0.07110445818942006,0.22403714653376353,0.012662640010194669,0.6921957561245086
669374,2025,R,0.2905633984442384,0.07304591166747768,0.3552966546113388,0.013842893231604746,0.5578145400634252
672279,2025,R,0.2727625157090184,0.1072723106003404,0.27153161708860396,0.008989154609853615,0.6122069174736088
641943,2025,R,0.3293265184194154,0.09347071631789403,0.1979066291353255,0.008381386584655688,0.7002412682280909
622569,2025,R,0.3099949585044208,0.09274470052453836,0.18638770710671215,0.01383367890427759,0.7070339130377423
624513,2025,R,0.2766444398198864,0.12167154851917159,0.32491668566895754,0.009239379840399761,0.544172385910399
664913,2025,R,0.3415581174049563,0.08336608063427894,0.2349074548538615,0.008391038367814914,0.6733354260969246
668723,2025,R,0.2720873998638123,0.05957974439040157,0.24299030387139753,0.012628262386593777,0.6848016887256557
665750,2025,R,0.32422769511681726,0.08725126804089438,0.20802135400560218,0.008135295056497842,0.6965920824530736
677008,2025,R,0.311655616248486,0.07021692725076806,0.2610696137497123,0.008221926275723927,0.6604915326986183
682848,2025,R,0.3117990736863034,0.09924104294374267,0.22871198800521864,0.008610828774220248,0.6634361398563574
680769,2025,R,0.27789357637138096,0.0805289032524965,0.27969782185480907,0.008563640827534282,0.6312096343527491
669087,2025,R,0.266090129868357,0.05799943893186864,0.3649168083241718,0.011802976771044239,0.5652807766355227
701305,2025,R,0.2768556251822679,0.061391277549610046,0.300314803488179,0.01295475439758017,0.6253391646849904
683021,2025,R,0.2923281255669705,0.09722621286711118,0.14552415281256298,0.013423797990721626,0.7438258376169902
680118,2025,R,0.2801634077325965,0.06825366600088104,0.28047579465294287,0.012765924169496142,0.6385046148942306
669256,2025,R,0.29722429647080223,0.08057677985220299,0.20206561953446803,0.013671887209882902,0.7036857133593101
605361,2025,R,0.3186092252869138,0.11209305070730566,0.19999618339139552,0.008636527640570654,0.6792742377887201
670223,2025,R,0.315934283821359,0.08639464823168033,0.2812527707189216,0.008613132426792592,0.6237394491500007
624415,2025,R,0.3193097415740827,0.1581262125026744,0.255368260099939,0.009113856588045406,0.5773916699393375
641313,2025,R,0.28480518648845693,0.0407718771532185,0.22766193895662648,0.012479716857072243,0.7190864661114332
677347,2025,R,0.25500593366109825,0.08350187699947166,0.31883069336386716,0.01361664519922655,0.5840507843980277
668731,2025,R,0.2940549879390375,0.10118256806472467,0.2621596172007981,0.008613005470291996,0.6280448090837669
518792,2025,R,0.33689672862303677,0.07383426817526531,0.16112648074507183,0.00816438326589621,0.7568748679842403
571466,2025,R,0.2929949389372228,0.09622799933030449,0.22492877970922553,0.008418021960914256,0.6704251988893116
686823,2025,R,0.3171793542419927,0.06622780554529077,0.1384201342938801,0.007731058762649011,0.7876210018789737
592669,2025,R,0.308110241239747,0.06294109462297301,0.26431077923222734,0.012519651800719164,0.6602284740294172
670032,2025,R,0.2954964937914517,0.11149259436891308,0.14721982679185489,0.008254624222374846,0.733032954380945
621512,2025,R,0.2606356267572931,0.040466395604517306,0.2726263683518298,0.011602495598230173,0.6753047407326679
685301,2025,R,0.24400348055336774,0.06975415502845665,0.31818952501070685,0.013071374867217616,0.5989849453482946
681584,2025,R,0.27648611947866164,0.10333276542898469,0.32504757670771445,0.013993387295435571,0.5576262698769809
680911,2025,R,0.2923924514524306,0.06350011716924087,0.19579980975958555,0.01248780240164819,0.7282122709997798
656248,2025,R,0.27716190725621376,0.08826481186370702,0.3061382664250783,0.013489900423388709,0.5921070215192329
676701,2025,R,0.2646090346665281,0.060641761490412525,0.23712257801282982,0.011954120851928166,0.6902815399946853
665828,2025,R,0.3081718497511644,0.08484660229028755,0.19675330471396293,0.008256891791852204,0.7101432016422823
605131,2025,R,0.2884841920390081,0.1063161427072479,0.24090261397125687,0.013933187673619608,0.6388480562903068
676551,2025,R,0.2400467888922105,0.06789204140702268,0.3599908491574638,0.012927574849551727,0.5591895351842453
665155,2025,R,0.3072600455117286,0.10870883470500653,0.2591626787426432,0.008781717730420361,0.6233467682280334
694362,2025,R,0.26278159478448543,0.09052639028916672,0.31267200223508335,0.013648100231585225,0.5831535071164102
592696,2025,R,0.32219059720787396,0.042156772580791715,0.17334845611219385,0.007271954941475381,0.7772228164365497
674441,2025,R,0.27943541605062777,0.12581987892139063,0.2515371346006589,0.008895780760679511,0.6137472063353553
665839,2025,R,0.3349399725711425,0.10813477566042046,0.2118869837748837,0.008916597190636333,0.6710616432771692
660757,2025,R,0.29954845270085756,0.03455387356695236,0.22642451995418447,0.010054833465072018,0.728966773645437
682997,2025,R,0.2788296291956155,0.09105354477533734,0.2774256409792214,0.008700834576325511,0.6228199797035192
689041,2025,R,0.2788296291956155,0.09105354477533734,0.2774256409792214,0.008700834576325511,0.6228199797035192
671213,2025,R,0.3499377747598906,0.1166855960403301,0.25498096294135897,0.00878937406815388,0.6195440662227758
670276,2025,R,0.29415543516452247,0.13970993626005784,0.2363462842973631,0.009083141569314125,0.6148606378006128
669392,2025,R,0.25244917078328516,0.06980564121682135,0.2830764739363313,0.013321850938362325,0.6337960333783655
666915,2025,R,0.3037249424150001,0.07031772013549523,0.3336863058394792,0.012766656282081646,0.5832293178902384
663609,2025,R,0.29571295101865586,0.08107943528893062,0.31225381020936077,0.0133955563130586,0.5932711986902736
669398,2025,R,0.2788296291956155,0.09105354477533734,0.2774256409792214,0.008700834576325511,0.6228199797035192
605113,2025,R,0.26614079807540736,0.060094272064777084,0.2241178031511002,0.012490871829278678,0.7032970523409727
607680,2025,R,0.29653303872043935,0.03678300866329484,0.1695746474151503,0.01154061809699968,0.7821017246688808
600869,2025,R,0.31765203054558017,0.09297894406453176,0.2296974620195535,0.008617260621307698,0.6687063327511655
493329,2025,R,0.3277550107340392,0.05101051004303655,0.11657769031571964,0.011428950444976892,0.8209828484837564
672359,2025,R,0.2788296291956155,0.09105354477533734,0.2774256409792214,0.008700834576325511,0.6228199797035192
605204,2025,R,0.30233451676601053,0.08235949539840828,0.28573601075268884,0.01321882906747578,0.6186856638553634
666165,2025,R,0.3026881411271753,0.09636353115960782,0.32118108959473846,0.008460793272706794,0.5739945864973779
669003,2025,R,0.30259170551686604,0.12322615124770496,0.3002568676968998,0.00891436080560787,0.5676026198455183
672284,2025,R,0.33008605022501053,0.09167344332480103,0.26617205247569986,0.008551589343809642,0.6336029146628869
691728,2025,R,0.2788296291956155,0.09105354477533734,0.2774256409792214,0.008700834576325511,0.6228199797035192
668952,2025,R,0.26909862835570236,0.09392458506687608,0.2926737126794648,0.012970325825997211,0.6004313762672645
702358,2025,R,0.2766714282624007,0.056750471157151997,0.21524095068220112,0.012193262329880798,0.7158153156342124
650559,2025,R,0.329158825024437,0.05567850283763648,0.20765860728842656,0.012223618304659418,0.7244392712710452
686554,2025,R,0.29124167026469483,0.13437368906177072,0.3406477678096496,0.009142787739179549,0.5158357552762222
675659,2025,R,0.29539369226239626,0.08540446705867694,0.28517096836679284,0.008694253746383104,0.6207303118751489
553882,2025,R,0.3106253212009549,0.09958724050884865,0.1900577779116081,0.008626068343923795,0.7017289134337613
691907,2025,R,0.27882962919563004,0.09105354477534854,0.2774256409791912,0.008700834576326047,0.6228199797035376
663796,2025,R,0.25271850997905154,0.05079723845690222,0.26954648848792473,0.012195796142262754,0.6674604761949174
592178,2025,R,0.3123662244579986,0.07565537768045869,0.25770198130759137,0.012869578182264864,0.6537730630151665
669304,2025,R,0.31052496874067614,0.05276699430812946,0.1754180801918522,0.01222004897717877,0.7595948760911042
669208,2025,R,0.2671017380710628,0.07353232735953982,0.291560818430921,0.013127036708172274,0.621779817874826
622534,2025,R,0.31127967582612753,0.0708297092297451,0.15893303897539954,0.012943811054931243,0.7572934414176068
