batter,season,p_throws,pred_woba,rate_bb,rate_k,rate_hbp,rate_bip
621438,2024,L,0.3212270054628398,0.07021258484033573,0.21965757154785295,0.007747008796153506,0.7023828345926622
502110,2024,L,0.37232426395608226,0.06897680680945907,0.24002743042282365,0.007706106657505827,0.6832896573188219
624413,2024,L,0.3757877526645929,0.07854857474780556,0.2338396478934042,0.008058248107372974,0.6795535294630368
570482,2024,L,0.33155569488300596,0.04493412648397513,0.17683770447189778,0.006822945433516387,0.7714052251294397
657656,2024,L,0.32027762184248165,0.10335706496421601,0.25055986304106503,0.008363853704396657,0.637719218509679
624585,2024,L,0.360868554511158,0.09757445655920965,0.25230660092320045,0.008062349221500526,0.6420565928633749
621566,2024,L,0.3457273340844241,0.08615744896046242,0.2584807682331656,0.014357783809088465,0.6410039990229853
607043,2024,L,0.32262534268029314,0.12858642494666092,0.22850369147942953,0.015184337638977806,0.6277255465931375
542303,2024,L,0.37421334504774123,0.06234900534469292,0.19637926761349778,0.007281867454036947,0.7339898593816068
645277,2024,L,0.31744153903743205,0.03565642376696672,0.1450529884491108,0.00669117298283374,0.8125994140058568
671739,2024,L,0.2948768593087534,0.05374187678369269,0.238728550441664,0.01257494328887341,0.694954630151697
606115,2024,L,0.309241759626543,0.06994220965771275,0.1833833194877499,0.007530650387126895,0.7391438213624824
669221,2024,L,0.35481531512296927,0.09445668960634516,0.21702633116112224,0.007980622032300337,0.6805363550903148
664983,2024,L,0.2609839424911651,0.073061909367691,0.24937964818995312,0.013318057342676532,0.6642403837736268
444482,2024,L,0.3084625459919959,0.06830906646915552,0.21064729414868494,0.013002949795563337,0.7080406889613636
630105,2024,L,0.30692440258271936,0.10258454173548522,0.19279846317520444,0.014413784213712765,0.690203210499071
682998,2024,L,0.31388014494154937,0.09654201390492018,0.21335001423045663,0.014526350192423853,0.6755816205449827
606466,2024,L,0.3489935341100737,0.05536148512679327,0.14979379327085227,0.00707174691377278,0.7877729753583399
672695,2024,L,0.3043823017443958,0.13075717540478762,0.16937104991684154,0.00808099552143776,0.6917907783506356
672515,2024,L,0.33820709848071184,0.10296946723750758,0.18485832960747484,0.00823802783434788,0.7039341745910487
553993,2024,L,0.33101574731905686,0.11263630579111973,0.27141668835192173,0.00847278386291683,0.6074742223164925
545341,2024,L,0.34681160821821216,0.05639802423037644,0.23870026059911473,0.0074672805279957346,0.6974344347395388
572233,2024,L,0.3517297696985921,0.08696867573154153,0.22931668823236503,0.007972280529062148,0.6757423565211247
666971,2024,L,0.3449982926990343,0.0598662812273877,0.1735810406544633,0.007021155886933319,0.759531522950089
518595,2024,L,0.3328919533440776,0.07823050180597044,0.20966958739858274,0.007706403867343248,0.7043935081758947
669004,2024,L,0.3147824123931074,0.09372423684688994,0.2538609164799595,0.014403447411685562,0.638011398808163
493329,2024,L,0.3462891708856146,0.05852686241061555,0.1055593073874429,0.006777936923646377,0.8291358932309238
686681,2024,L,0.29878888604783876,0.06082869393983602,0.22512125282073167,0.013036629496572442,0.7010134230721836
687093,2024,L,0.2940348019439366,0.0684091913584291,0.20325154930177816,0.0075346762691334114,0.7208045819919364
680776,2024,L,0.28602063093939933,0.07396136573726744,0.25315684189663,0.01330763161948878,0.6595741596319981
665839,2024,L,0.2844664291101873,0.09390461585933646,0.22359508694765123,0.014766294343491722,0.6677340030024391
681508,2024,L,0.27447636221768895,0.07773596181997434,0.27888674940866903,0.007973831187724273,0.6354034579262338
678882,2024,L,0.28459035361412327,0.06474223116615317,0.2724549221565167,0.007787829882171694,0.6550150168507206
686765,2024,L,0.27447636221768895,0.07773596181997434,0.27888674940866903,0.007973831187724273,0.6354034579262338
677800,2024,L,0.2744499637685192,0.0964186376178476,0.3166041276365949,0.015020127110024407,0.5719571083626693
657136,2024,L,0.2968320570635257,0.07342907665303132,0.30109070529421755,0.008103802370458034,0.6173764150511283
671213,2024,L,0.31284504942057817,0.09897729082651116,0.27527706898848603,0.013719714982904049,0.6120259256130642
682829,2024,L,0.2902852530010251,0.07580977316651272,0.32425632202424315,0.00789917357200701,0.5920347323881866
663697,2024,L,0.3314788052112449,0.12702854675551278,0.2270464007348185,0.008619366129503729,0.6373056875508457
571912,2024,L,0.2849987670931299,0.08932031155273756,0.25519044470043717,0.008024171233992607,0.647465072777084
664023,2024,L,0.3243808499990915,0.0830122902445631,0.2538229080848673,0.0076242305888476955,0.655540570486809
676679,2024,L,0.27447636221768895,0.07773596181997434,0.27888674940866903,0.007973831187724273,0.6354034579262338
682634,2024,L,0.27447636221768895,0.07773596181997434,0.27888674940866903,0.007973831187724273,0.6354034579262338
542194,2024,L,0.30186562332812966,0.04446107602430521,0.2507825642783551,0.007190996337329113,0.6975653627145414
691718,2024,L,0.23574665983042917,0.08439156936607653,0.363176057785593,0.014798793034074179,0.5376335800928128
571771,2024,L,0.33740827496101633,0.08941270614475509,0.18733625233741097,0.007860034789686273,0.7153910077118923
669242,2024,L,0.3110382705278774,0.06670454490896915,0.15947436280184846,0.007187103552904394,0.7666339872459926
571970,2024,L,0.33210209308035865,0.11723030065686338,0.26064441214963574,0.015265991980569075,0.6068592951214102
595909,2024,L,0.26344390720682936,0.07799110561237547,0.3209447737864201,0.01419822239498539,0.5868658988233226
656541,2024,L,0.26654230175553784,0.09417642470940013,0.3775109978234063,0.014316611806393485,0.5139959648807774
666134,2024,L,0.2730357413986665,0.1015202224531134,0.3563762667822925,0.014991616970629357,0.5271118939808903
669911,2024,L,0.27250617004593886,0.07450051607262963,0.35588229929019166,0.008006285496713745,0.5616108987860563
641857,2024,L,0.29066691313423554,0.09043033720050504,0.323172524419823,0.014636322035704788,0.5717608160191388
678662,2024,L,0.29963769488626846,0.05696036748731571,0.25421469636103916,0.007769816341508633,0.6810551199633884
453568,2024,L,0.30490937741671825,0.06340449245786395,0.190337542648774,0.013478444620900011,0.7327795202833609
679529,2024,L,0.3636859377929716,0.09486422309359652,0.20473862994458067,0.007935671672240767,0.6924614751490397
628451,2024,L,0.3208331834449874,0.07024500788454688,0.16171042233540756,0.007391685176572004,0.7606528840672502
672761,2024,L,0.27447636221768895,0.07773596181997434,0.27888674940866903,0.007973831187724273,0.6354034579262338
682985,2024,L,0.2976965105610225,0.08989233874791815,0.2953470370788075,0.014607395121010822,0.6001532290944167
664056,2024,L,0.30377678679068926,0.08251014781934375,0.22799536673783538,0.008038532360741061,0.68145595300013
668901,2024,L,0.31744116833343344,0.0644988720717299,0.27987633642346527,0.007847609638863025,0.6477771837813402
578428,2024,L,0.30363727982035643,0.05535938584142358,0.13138984872873347,0.007157787992941291,0.8060929783275362
596019,2024,L,0.3466243478062109,0.06385802437735194,0.14436594153287358,0.007379242020437725,0.7843967931343099
686555,2024,L,0.27447636221768895,0.07773596181997434,0.27888674940866903,0.007973831187724273,0.6354034579262338
606992,2024,L,0.2993109168976279,0.0707943832491481,0.30428027321658085,0.008073364545426742,0.6168519791638174
641343,2024,L,0.27969067099675254,0.09689869590534775,0.29171056512108773,0.013624237259892253,0.5977665024594613
682626,2024,L,0.3448293079286534,0.09315241998319823,0.25254597949602214,0.00782448331289949,0.6464771174572295
516782,2024,L,0.3281036465160923,0.05072498368803911,0.1824240411359358,0.007502503198781813,0.7593484700755206
642715,2024,L,0.3225323224550084,0.1025006502099281,0.2616089620114771,0.008298751099233233,0.6275916375040846
694192,2024,L,0.27447636221768895,0.07773596181997434,0.27888674940866903,0.007973831187724273,0.6354034579262338
668930,2024,L,0.2717769226450558,0.0941664503547958,0.2493848996894898,0.013324596518458421,0.6431240527524115
687401,2024,L,0.2867902433397133,0.06477725207471306,0.2651954172013318,0.007658514852698081,0.6623688164069155
596142,2024,L,0.34354365269565085,0.08356254316791924,0.2659038395356072,0.008138359775817613,0.6423952584422395
663368,2024,L,0.2909726755512033,0.13707566008846594,0.260962999992788,0.008685073562985127,0.5932762671554753
680737,2024,L,0.27447636221768895,0.07773596181997434,0.27888674940866903,0.007973831187724273,0.6354034579262338
700250,2024,L,0.25008503084409545,0.08044151442690117,0.29858472231981814,0.014265915893362117,0.6067078476116736
683011,2024,L,0.3177155178395465,0.1073174258433783,0.2566716418891463,0.008240924012371935,0.6277700076108832
641943,2024,L,0.29710761195009483,0.08209704810555511,0.2127439072093024,0.014158184443614665,0.6910008607202179
663698,2024,L,0.2932748945764075,0.08096281343360234,0.3157626257813515,0.008195742019197155,0.5950788178992905
665833,2024,L,0.2928189636142103,0.0858498108628293,0.32941965853245125,0.01423069817721985,0.5704998316952073
657077,2024,L,0.3222353251864524,0.08632393197296566,0.1582366704555045,0.014109303378292462,0.7413300934192466
542932,2024,L,0.3121219350051546,0.11937666890673897,0.21692388027286277,0.008181495946562084,0.655517954841438
691176,2024,L,0.28403610802723384,0.08617746469781111,0.2723385346331231,0.007883547828012812,0.6336004537920434
519317,2024,L,0.3723071986932517,0.07176916429194163,0.27759221860359057,0.007743856854893362,0.6428947604773801
663757,2024,L,0.29744037274570273,0.12466828564357643,0.2825529826377981,0.015500498565380107,0.577278233838509
650402,2024,L,0.340524338108287,0.09262465037854968,0.20686135866479716,0.007934830263773097,0.6925791601008198
624431,2024,L,0.32036059228473873,0.0642798401218059,0.15757316018531115,0.006580155873459034,0.771566843985768
666149,2024,L,0.2806520888846112,0.0949028478801671,0.2808877434518394,0.00810846313476269,0.6161009449022943
624424,2024,L,0.3037373121272455,0.09426194702080284,0.2561039052660445,0.014972991569366177,0.6346611565642295
669477,2024,L,0.3127415265712709,0.06203280363196901,0.2197874123769082,0.007252358961486251,0.7109274246168702
622268,2024,L,0.2564846508808977,0.0712924432923062,0.2525049722344449,0.013570578107126434,0.6626320060494162
663457,2024,L,0.30323015491915667,0.1179765882048545,0.271004918841262,0.014253017453284675,0.596765474691542
663609,2024,L,0.31600244406227906,0.09316019753679237,0.3001705024345675,0.008294484240286509,0.598374814603041
668942,2024,L,0.2796478183644626,0.10979502399218004,0.25124310830219154,0.014432196649747375,0.6245296717822894
664238,2024,L,0.31621020751700935,0.12563442046586706,0.27736346929441713,0.008615418430306318,0.5883866913932634
571745,2024,L,0.34089044609458774,0.09199144179611796,0.24032371525863203,0.007793009730710444,0.6598918331932188
649966,2024,L,0.31100218168090216,0.11692178257710883,0.22997373900450185,0.00848497953191439,0.6446194999796565
670042,2024,L,0.288669770172206,0.07243377792127012,0.30524870327912385,0.013351576437189386,0.6089659413750474
668227,2024,L,0.338536920220704,0.09453176631974528,0.23469336808877134,0.008134320530083918,0.66264054420891
663728,2024,L,0.31713273562140587,0.06955130207742867,0.2715799599754709,0.007899867487563722,0.6509688710607684
680474,2024,L,0.27447636221768895,0.07773596181997434,0.27888674940866903,0.007973831187724273,0.6354034579262338
668832,2024,L,0.25008503084409545,0.08044151442690117,0.29858472231981814,0.014265915893362117,0.6067078476116736
663527,2024,L,0.3265453349938949,0.10544125250926527,0.20668538726837596,0.00808481895641481,0.6797885420277886
680869,2024,L,0.3030090315181255,0.0912120308410558,0.28452231891897284,0.008068838106269587,0.6161968118791405
664913,2024,L,0.29906344708930716,0.08004239914411514,0.2862176282303239,0.014199825718469542,0.6195401465226457
691016,2024,L,0.2671536218995211,0.06805456639099974,0.3212277396492282,0.012786104295900885,0.5979315900189344
667670,2024,L,0.33954577795262475,0.09993725328485631,0.2973701278076941,0.008381584567107815,0.5943110338873947
663743,2024,L,0.33804223143524986,0.08775847769275452,0.16195650162466937,0.007303224774884961,0.7429817952023267
665052,2024,L,0.25008503084409545,0.08044151442690117,0.29858472231981814,0.014265915893362117,0.6067078476116736
672640,2024,L,0.28383030146115673,0.09268106681889123,0.2541206080040771,0.008044151913226128,0.6451541733839911
667472,2024,L,0.3220937088064179,0.07693483724956184,0.24794400469460517,0.007855863663881248,0.6672652940664379
660821,2024,L,0.28796364916976364,0.06903050104880544,0.28587641382680967,0.013331947730548738,0.6317611384414422
681146,2024,L,0.30787698420240667,0.11949910066512842,0.17610982593008473,0.008404747553647824,0.6959863256904133
665782,2024,L,0.27447636221768895,0.07773596181997434,0.27888674940866903,0.007973831187724273,0.6354034579262338
676914,2024,L,0.29364671214644605,0.12999347792855176,0.33871651604347813,0.008676491392299177,0.5226135157489322
676391,2024,L,0.3043001845811372,0.062170940105923445,0.13640679679773096,0.007037167645780105,0.7943850958420097
687462,2024,L,0.2514426705112192,0.07650642442453405,0.26663421514407054,0.014053534335542848,0.6428058254415022
682729,2024,L,0.27447636221768895,0.07773596181997434,0.27888674940866903,0.007973831187724273,0.6354034579262338
665489,2024,L,0.39629844164842654,0.07626402903223113,0.15073784832963025,0.007209532512196838,0.7657885908924472
623168,2024,L,0.27778584855286537,0.08151060260173272,0.15680993146773595,0.00760167411091853,0.7540777920196002
694388,2024,L,0.25008503084409545,0.08044151442690117,0.29858472231981814,0.014265915893362117,0.6067078476116736
669364,2024,L,0.2795822971919814,0.08859389717312997,0.2152666230672958,0.007729220560879257,0.6884102592155039
669394,2024,L,0.32988977003670283,0.07193159749505636,0.2832669279778279,0.007783359948516707,0.6370181134242423
672642,2024,L,0.27447636221768895,0.07773596181997434,0.27888674940866903,0.007973831187724273,0.6354034579262338
681393,2024,L,0.27447636221768895,0.07773596181997434,0.27888674940866903,0.007973831187724273,0.6354034579262338
656448,2024,L,0.3086807020636907,0.07184569814464913,0.276784119815974,0.0078010661651117495,0.6435691157562636
686611,2024,L,0.27447636221768895,0.07773596181997434,0.27888674940866903,0.007973831187724273,0.6354034579262338
677588,2024,L,0.25736241633885915,0.11223034627526798,0.30922951166958607,0.015166474245631513,0.5633736682197715
660766,2024,L,0.3108159583190424,0.0711388936608647,0.23009134920146962,0.007990742560761505,0.6907790149029936
695578,2024,L,0.25008503084409545,0.08044151442690117,0.29858472231981814,0.014265915893362117,0.6067078476116736
671277,2024,L,0.2963108795612973,0.046919845768032514,0.1727519659511538,0.008849726610060305,0.7714784622142249
683083,2024,L,0.27447636221768895,0.07773596181997434,0.27888674940866903,0.007973831187724273,0.6354034579262338
696285,2024,L,0.3022193222597516,0.08861284586657303,0.19398740059227368,0.007799359785555246,0.7096003936666826
686452,2024,L,0.2705307022644622,0.0932555430787732,0.27226327955808505,0.008043912330879333,0.6264372659557523
608336,2024,L,0.3240463347661952,0.09045003685343916,0.3885628530636342,0.014422742405078272,0.506564369002901
596117,2024,L,0.2532349577945454,0.10552531386380211,0.2631796562200741,0.014843588616388166,0.6164514419395335
624641,2024,L,0.2942145833539323,0.05628336665979854,0.21872980426314267,0.007622723152847542,0.7173641073019046
665019,2024,L,0.2795592091000714,0.08060071014223404,0.27245266188045614,0.01408863500460615,0.6328579931692878
669016,2024,L,0.2793888521334266,0.09452849528630929,0.3428285752403889,0.015056423076982729,0.5475865069613939
664761,2024,L,0.35146139736013643,0.07696946522067986,0.18642521109785307,0.0075647820964208625,0.7290405410528739
681082,2024,L,0.29793736906890744,0.08955539827839494,0.18534746264787821,0.012885435113201092,0.7122117042411122
605137,2024,L,0.3493982406725571,0.08687580396770775,0.20013297247719944,0.007749528165632488,0.70524169639631
642180,2024,L,0.25165161933787644,0.09816612766831884,0.2663471443376422,0.014771392425768838,0.620715334661726
663604,2024,L,0.27447636221768895,0.07773596181997434,0.27888674940866903,0.007973831187724273,0.6354034579262338
543309,2024,L,0.33050561774877507,0.06674988399681644,0.2341733152805567,0.0073862273282639555,0.6916905746664439
456781,2024,L,0.33099825179421155,0.07564765406109054,0.19343923352721776,0.0077072641766995666,0.7232058476633835
595777,2024,L,0.3227541348450781,0.10243273202073669,0.15169616462647478,0.007901504091388714,0.7379695999474182
605113,2024,L,0.2899392429004013,0.06958255464084483,0.2002998528230344,0.00756587193287925,0.7225517197445994
593428,2024,L,0.35102203248334707,0.09507794686304094,0.16954936813630822,0.00783163831486197,0.7275410465242674
592518,2024,L,0.3864007762484059,0.06807448124272353,0.16985451648086183,0.007354088896324654,0.7547169119175918
670623,2024,L,0.3389696261269622,0.09721827940571089,0.14546774546996386,0.007872161634873488,0.7494418128863548
673548,2024,L,0.36185151196516857,0.12810353336270663,0.2139403862024487,0.008616213378028741,0.6493398677434176
641355,2024,L,0.316111414906644,0.07742704886930095,0.23136020379428276,0.014233035334244588,0.6769797099213656
701305,2024,L,0.27447636221768895,0.07773596181997434,0.27888674940866903,0.007973831187724273,0.6354034579262338
572138,2024,L,0.2730732569420745,0.09332373129624551,0.2926826924656468,0.014398847908244914,0.5995947287210152
605170,2024,L,0.31649549536109006,0.0867553976692121,0.22501458372557526,0.00782920565670663,0.6804008127945808
663656,2024,L,0.36144434946173953,0.07843039114970855,0.16655045410024785,0.01327275079743256,0.7417464032473953
687597,2024,L,0.27447636221768895,0.07773596181997434,0.27888674940866903,0.007973831187724273,0.6354034579262338
691011,2024,L,0.27447636221768895,0.07773596181997434,0.27888674940866903,0.007973831187724273,0.6354034579262338
668845,2024,L,0.27447636221768895,0.07773596181997434,0.27888674940866903,0.007973831187724273,0.6354034579262338
676070,2024,L,0.27657195882380853,0.07145266947865699,0.2468648635559701,0.007720572758745544,0.6739618942362277
642020,2024,L,0.2875099423930905,0.06349014094586262,0.27746485274816945,0.007691988472894217,0.6513530175527132
666150,2024,L,0.25296106983967415,0.0809075064517601,0.2645003140645718,0.014144713380147264,0.6404474653281549
663993,2024,L,0.32431345331664396,0.10020120113793075,0.2380782989735776,0.013881200947505933,0.6478392991412206
622110,2024,L,0.32024552172822135,0.0809063710396434,0.16251232757383383,0.007490497648419306,0.7490908034457131
694671,2024,L,0.27447636221768895,0.07773596181997434,0.27888674940866903,0.007973831187724273,0.6354034579262338
669701,2024,L,0.2812099879439082,0.12228985466752881,0.26645398737147635,0.01533835699172971,0.5959178018225402
543760,2024,L,0.3369465029449865,0.10546331257548458,0.17515963675391608,0.007957577674138988,0.7114194734824265
677649,2024,L,0.31782887257510467,0.06346999676152061,0.2614038000321959,0.007615869352126774,0.6675103341155981
641680,2024,L,0.3326203510198127,0.06953474284061208,0.16482235398880632,0.007378970577140136,0.7582639329183535
608348,2024,L,0.32075448574438487,0.10333677015040527,0.2132335877626408,0.008220352980003724,0.6752092888538398
665750,2024,L,0.3046483155392465,0.07457863317013881,0.24508354857887474,0.007511602951407243,0.6728262151527271
607680,2024,L,0.31971222636941865,0.04433759924226911,0.15680703700691653,0.006994925109557486,0.7918604384256728
676572,2024,L,0.27447636221768895,0.07773596181997434,0.27888674940866903,0.007973831187724273,0.6354034579262338
605346,2024,L,0.2542548441694497,0.06258446141387515,0.31260464409875804,0.007868752726011723,0.6169421417123822
621493,2024,L,0.3497453553891075,0.10383106816555175,0.2081695897690587,0.0077978792774104026,0.6802014646710589
683021,2024,L,0.2984477470213863,0.0914524359704714,0.14247555222227556,0.007437200420919537,0.7586348114325371
694359,2024,L,0.25008503084409545,0.08044151442690117,0.29858472231981814,0.014265915893362117,0.6067078476116736
672569,2024,L,0.27447636221768895,0.07773596181997434,0.27888674940866903,0.007973831187724273,0.6354034579262338
681351,2024,L,0.31592696290864664,0.07734329963179967,0.23218245336270837,0.007777284234266205,0.6826969615138495
592273,2024,L,0.3252875115458457,0.06603007061601486,0.2226575358885064,0.0075557713933125424,0.703756622518519
655316,2024,L,0.3137954854317873,0.1255358943603184,0.20047242577989088,0.008376041106279168,0.6656156380016158
669003,2024,L,0.2551054697264656,0.09750946985594641,0.34354795462338134,0.014781131155088117,0.5441614447834972
656555,2024,L,0.36355916562409074,0.11890907993238833,0.22897533419562835,0.008613341484724145,0.6435022453234452
661388,2024,L,0.3434018526802391,0.09468758690589577,0.24275664996660432,0.00801524562467333,0.6545405175859137
571657,2024,L,0.30523921040657487,0.06633824348524835,0.2004748471964167,0.00766798086332857,0.7255189285889863
680777,2024,L,0.3160793341418272,0.09297647938975612,0.28881167631495214,0.008162571172850096,0.6100492736034587
467793,2024,L,0.35280382696566515,0.10545146131338212,0.14220221521275878,0.00761033805839805,0.7447359858806952
680577,2024,L,0.25008503084409545,0.08044151442690117,0.29858472231981814,0.014265915893362117,0.6067078476116736
686797,2024,L,0.27447636221768895,0.07773596181997434,0.27888674940866903,0.007973831187724273,0.6354034579262338
668885,2024,L,0.27447636221768895,0.07773596181997434,0.27888674940866903,0.007973831187724273,0.6354034579262338
666397,2024,L,0.2884345929542223,0.13698052088740645,0.32259725911944037,0.015372285244916614,0.5250499349439822
650489,2024,L,0.28517033525626434,0.046831608589758655,0.24171135502011737,0.0074352699355564695,0.704021766528115
668904,2024,L,0.34977181998946577,0.07986342888253141,0.1999874211949408,0.007593582648414775,0.7125555674059492
622534,2024,L,0.33299114497545573,0.0874957417237775,0.15735421255569237,0.007704818858989664,0.7474452277175947
669224,2024,L,0.2779513268129765,0.061952387457861864,0.26238732531566006,0.012964961157249594,0.6626953265890873
592450,2024,L,0.4032655964319787,0.10728725859222084,0.28964133778653167,0.008177517467578464,0.5948938875602003
665742,2024,L,0.37171152969051197,0.11040336003101019,0.18753709185076875,0.014266618413884874,0.6877929302388701
665828,2024,L,0.2951169765207786,0.08074114101739469,0.23507293660323939,0.007835061432562518,0.6763508606095319
693304,2024,L,0.2860401111500275,0.09559480149712951,0.25912479221452484,0.008049912057393414,0.6372304949813143
668804,2024,L,0.34201123574587783,0.08317964387767982,0.20360626549586175,0.007589515262527648,0.7056245762472203
519203,2024,L,0.3387519058254109,0.06990414747304868,0.17089571545500942,0.013962979688548868,0.745237156408891
687529,2024,L,0.25008503084409545,0.08044151442690117,0.29858472231981814,0.014265915893362117,0.6067078476116736
689172,2024,L,0.24871315795720506,0.08676485223411098,0.31083494592920474,0.014598259194213465,0.587801942068031
672275,2024,L,0.3020806469218136,0.10259795992519871,0.25792805316175166,0.008018990668093653,0.6314549965036581
666464,2024,L,0.2724597329312899,0.06467428812102326,0.3435412683269519,0.007729998445743336,0.5840544438775827
680977,2024,L,0.3152527475583482,0.11553916465675153,0.17958346771579506,0.014974603592348255,0.6899027651662474
502671,2024,L,0.3774863151737419,0.09978282848420567,0.21563918697955792,0.008093711817796218,0.676484272344711
676475,2024,L,0.308729639218246,0.05692614889173646,0.16457835468469229,0.01230142216315504,0.7661940736452348
457759,2024,L,0.3583464609585298,0.09217199503144602,0.15895596266368064,0.007957456119535347,0.7409145858153449
641487,2024,L,0.30517353527574076,0.11521818721943455,0.19707138961515897,0.015001500011504399,0.6727089225864907
645302,2024,L,0.2840170650027253,0.08477032232201184,0.2506251014326956,0.007897123565064279,0.6567074536661295
671732,2024,L,0.26445768867912317,0.08359562203305095,0.3150198850463226,0.013416077182965997,0.5879684144691784
640902,2024,L,0.27447636221768895,0.07773596181997434,0.27888674940866903,0.007973831187724273,0.6354034579262338
691594,2024,L,0.27447636221768895,0.07773596181997434,0.27888674940866903,0.007973831187724273,0.6354034579262338
547180,2024,L,0.34633494903866247,0.07741825756941235,0.23565173936294007,0.013633685816732157,0.6732963168221815
607208,2024,L,0.3462837015635023,0.07786377595296044,0.18188051677232717,0.007515622351304098,0.73274008514538
656941,2024,L,0.32239630963241134,0.09735959479572379,0.30487884115465835,0.014753804687583954,0.5830077596202164
642215,2024,L,0.2821698894135003,0.09902060163786125,0.30566306551815975,0.008324360245062041,0.5869919737543146
592663,2024,L,0.33919293483528495,0.0662960794874785,0.20140386147098518,0.007797982756381966,0.7245020764602531
592206,2024,L,0.3303948672334422,0.05528876897055329,0.22993287040727575,0.007557951708673031,0.7072204079009649
701538,2024,L,0.25008503084409545,0.08044151442690117,0.29858472231981814,0.014265915893362117,0.6067078476116736
650333,2024,L,0.3343141001640225,0.098441836062841,0.09676639953017602,0.014052782501232368,0.7907389807618852
677951,2024,L,0.35775781777519916,0.05808248250262654,0.18864742868882445,0.007437138502224385,0.7458329508167506
502054,2024,L,0.3560262211775486,0.1302276939043202,0.2412407719488666,0.00823129739660971,0.6203002373382379
672580,2024,L,0.33813433493594214,0.10226350341675614,0.2003979419089906,0.007714760733104643,0.6896237934157333
641658,2024,L,0.2838163261511537,0.10896865060576262,0.25554515675632034,0.008291415843869474,0.6271947769516371
592669,2024,L,0.34457995790033547,0.06905121016384087,0.2424433467764259,0.007738336409906179,0.6807671058021356
543257,2024,L,0.3124673059691502,0.13707916971315523,0.23289333071138288,0.008278056791939338,0.6217494419174487
521692,2024,L,0.3521619089991355,0.026591070779580343,0.20823380564707172,0.00716974139363458,0.7580053824779204
664728,2024,L,0.28529744036120336,0.08387032836569565,0.23587206702263303,0.013417660640784637,0.6668399441600795
663853,2024,L,0.30429943424539296,0.06866584681999058,0.28432028987006724,0.007682675853551518,0.6393311866837768
807799,2024,L,0.3084658890513857,0.08518889864370757,0.18149358858374284,0.013901838287855059,0.7194156743142184
666624,2024,L,0.3146242257508252,0.08754127546420454,0.3287031904284413,0.007899926749241575,0.5758556064580594
676609,2024,L,0.2695514085047331,0.10693513729905173,0.24936971480884038,0.008451941964447103,0.6352432057178706
680700,2024,L,0.29468611027988706,0.09982928175432765,0.17256576100160925,0.01452593674314377,0.7130790197964082
677587,2024,L,0.2507183679097494,0.0689422453048297,0.2749315808847612,0.007648305834707574,0.6484778690014537
682657,2024,L,0.27447636221768895,0.07773596181997434,0.27888674940866903,0.007973831187724273,0.6354034579262338
678877,2024,L,0.27447636221768895,0.07773596181997434,0.27888674940866903,0.007973831187724273,0.6354034579262338
681807,2024,L,0.28810765116784476,0.06215951122895631,0.2573389015577488,0.0077983918189735,0.6727031953394822
657041,2024,L,0.3295259811576845,0.10523787301953487,0.21478600983763949,0.007931729313128051,0.6720443882898871
647304,2024,L,0.3158579867619295,0.0561975390120462,0.17915824844072645,0.012125387985618855,0.7525188242881957
643289,2024,L,0.3045660452112289,0.050935610191876604,0.15586507773886185,0.007057603217511329,0.7861417083603701
676694,2024,L,0.3107592953028425,0.08880578077505864,0.2364321697766712,0.007692383845084317,0.6670696664404514
673237,2024,L,0.32995225948246276,0.03748375613133649,0.2162229314956417,0.0070411290692751075,0.7392521814640155
514888,2024,L,0.3306630051784018,0.06844825788079582,0.13955080743590062,0.006899988656132597,0.7851009461124355
666197,2024,L,0.28381930755258367,0.09002497031917353,0.3020730302008969,0.008248695885799105,0.5996533032823014
608324,2024,L,0.3558668237923059,0.11587617727971118,0.14175346348093598,0.007752908790807601,0.7346174505731259
606192,2024,L,0.3457835801402454,0.08386101591861098,0.2721383090219712,0.008171060576765605,0.6358296147388801
666158,2024,L,0.28176552820235173,0.10012395885800597,0.26268447399947753,0.014390474109137403,0.6228010930141878
595281,2024,L,0.264894049698332,0.06145108120924395,0.2389631438743958,0.012804340455041698,0.6867814332803279
660271,2024,L,0.3417895407832021,0.08082632080535274,0.2721833186994673,0.013130109851417689,0.6338602497058123
643217,2024,L,0.30460442957852835,0.0821073393547519,0.2054077963669262,0.014297313004640199,0.698187551635593
676113,2024,L,0.25008503084409545,0.08044151442690117,0.29858472231981814,0.014265915893362117,0.6067078476116736
678246,2024,L,0.3203466863808823,0.12004843466176021,0.21358317052824585,0.00822053675329601,0.6581478581083005
669234,2024,L,0.27447636221768895,0.07773596181997434,0.27888674940866903,0.007973831187724273,0.6354034579262338
663837,2024,L,0.345734099527413,0.08871471848661192,0.18760005979637334,0.007942833405172212,0.7157423884872012
678009,2024,L,0.2911788502802211,0.09909260517816437,0.2657798482790585,0.014603210162243325,0.6205243372589485
668670,2024,L,0.2970782956044113,0.10926327260769604,0.2992797476314898,0.008141132164250489,0.5833158477935909
700242,2024,L,0.25008503084409545,0.08044151442690117,0.29858472231981814,0.014265915893362117,0.6067078476116736
670032,2024,L,0.2780980368970321,0.10019955179254658,0.15703190899312133,0.014047306393740962,0.7287212334947312
686676,2024,L,0.2715608296805853,0.06022853395639403,0.27877775065631355,0.007693528805565289,0.653300185449227
682868,2024,L,0.27447636221768895,0.07773596181997434,0.27888674940866903,0.007973831187724273,0.6354034579262338
672820,2024,L,0.29356453874139815,0.05356340543105584,0.21711370208186057,0.007621831926128328,0.7217010612570142
657757,2024,L,0.3006819184416066,0.0801824658150903,0.21256708151793963,0.013409494052816003,0.693840958046774
683734,2024,L,0.3494816227497536,0.0725859184760648,0.1779885242053928,0.0075056756184966435,0.7419198822028902
666969,2024,L,0.3343508197517515,0.06425339079749146,0.26764360756610006,0.007806743804756926,0.6602962558284041
686217,2024,L,0.2670156787701859,0.10647194040752106,0.19497650506369962,0.014615575074236005,0.6839359810713221
543877,2024,L,0.3167364002369291,0.0705814395760882,0.18181707891527835,0.007533942904406972,0.7400675372128722
681297,2024,L,0.26557609461935644,0.10090285129985573,0.3092312837316043,0.014945682377546229,0.5749201828112793
623993,2024,L,0.33165155780326716,0.0812275316262201,0.23180169252813643,0.007738981057701014,0.679231795265522
676059,2024,L,0.3362859558588528,0.09371534949404309,0.22773926362907004,0.007616945848097767,0.6709284419392778
683002,2024,L,0.3271769820772144,0.08693520980846503,0.25911036383416886,0.013190264806180532,0.640764161814401
602104,2024,L,0.33416412524549216,0.10105925608896976,0.2193900712314657,0.00796371620860949,0.6715869571925823
656775,2024,L,0.3065454362414223,0.08891329635460661,0.18679895206388888,0.014531146736430252,0.7097566046781688
663624,2024,L,0.35568200649966425,0.05163752076862153,0.22323648073430027,0.007423190633623882,0.7177028078456869
656896,2024,L,0.33816389719134776,0.07385843264863659,0.19841407199797084,0.007571114986522732,0.7201563805803908
668939,2024,L,0.34789167909180513,0.10099800490913734,0.17420053285366124,0.008104858546600962,0.7166966049071646
621043,2024,L,0.368169085036437,0.09457938019159007,0.19990069298751126,0.00775711337232405,0.6977628131508035
621439,2024,L,0.3246385968035364,0.0711848269902898,0.2823934950962791,0.007891592452668905,0.6385300863175796
665862,2024,L,0.2917923302446909,0.08375349933002203,0.2826780809105781,0.014043348804240862,0.6195250704462869
695257,2024,L,0.27447636221768895,0.07773596181997434,0.27888674940866903,0.007973831187724273,0.6354034579262338
694377,2024,L,0.27447636221768895,0.07773596181997434,0.27888674940866903,0.007973831187724273,0.6354034579262338
656582,2024,L,0.32087501656638323,0.1304013409456774,0.2145302949442981,0.008323773562064535,0.6467445906657603
643396,2024,L,0.31277469751825615,0.08287965496657304,0.1433624450066734,0.007563654779782342,0.7661942442727719
650559,2024,L,0.34192212411997563,0.06576765793863824,0.20172745567602923,0.007717690622742506,0.7247871958715518
457705,2024,L,0.34932223076318897,0.12012474238822472,0.21317215866794817,0.008197029433946504,0.6585060702506066
573262,2024,L,0.31443965644202354,0.10500544957032154,0.2438530875715994,0.01503196782741072,0.6361094938521764
691026,2024,L,0.30478187412570507,0.10226100715218511,0.20961567886166674,0.00804637194780923,0.6800769427760341
672279,2024,L,0.24984637056253708,0.10303385417107414,0.31211016031629074,0.01502962052823635,0.569826364734937
691023,2024,L,0.3337162964698602,0.06274464827697868,0.2219600510860959,0.007129893524105715,0.708165408025657
572761,2024,L,0.3298259271008357,0.14052275840701306,0.2631644136147801,0.015744577596507436,0.580568249910626
671056,2024,L,0.3130608052961186,0.11157468987356071,0.27805687164780035,0.008401605787133924,0.601966833060268
641598,2024,L,0.3498203384151777,0.12936515204163776,0.25102660872114674,0.008632176534349638,0.610976061928042
668709,2024,L,0.2890838187726723,0.1146348048644698,0.2821146842699614,0.014498102163405345,0.5887524065182016
677594,2024,L,0.3643882955946093,0.06134436236652287,0.2340840872748461,0.00736518986222568,0.697206359736094
660844,2024,L,0.27447636221768895,0.07773596181997434,0.27888674940866903,0.007973831187724273,0.6354034579262338
663662,2024,L,0.2995549835351246,0.08574184243105104,0.2796184061326458,0.007863536253162409,0.6267762143644816
664770,2024,L,0.25973625802853306,0.07659494797103675,0.26433135910639044,0.01408613638510303,0.6449875563779546
543807,2024,L,0.35320176979942225,0.1009986608461521,0.20401275370874802,0.007860452476876233,0.6871281309273352
677870,2024,L,0.27447636221768895,0.07773596181997434,0.27888674940866903,0.007973831187724273,0.6354034579262338
669065,2024,L,0.27593146067668983,0.06014562810058775,0.2847599513860974,0.01318856205170705,0.6419058577014685
545121,2024,L,0.29299370952131826,0.07020005383349537,0.12048392050950679,0.007057866069520098,0.8022581594885733
660688,2024,L,0.31882768893197594,0.04882317429198503,0.09545539585748528,0.006241378801086514,0.8494800520737396
673357,2024,L,0.335507657728931,0.05224683709318598,0.26325900131035535,0.007670296811303674,0.6768238655562453
696100,2024,L,0.30176655443022105,0.07033525697548496,0.29692695553388504,0.0077808833583469005,0.6249569042301347
687363,2024,L,0.25008503084409545,0.08044151442690117,0.29858472231981814,0.014265915893362117,0.6067078476116736
665877,2024,L,0.2928056109868808,0.10025721147026957,0.182077927563756,0.008053215539219366,0.7096116460964802
686780,2024,L,0.27447636221768895,0.07773596181997434,0.27888674940866903,0.007973831187724273,0.6354034579262338
695336,2024,L,0.27447636221768895,0.07773596181997434,0.27888674940866903,0.007973831187724273,0.6354034579262338
690993,2024,L,0.25008503084409545,0.08044151442690117,0.29858472231981814,0.014265915893362117,0.6067078476116736
621035,2024,L,0.3206290608561083,0.12467133662742474,0.2722938744106886,0.008492300980577221,0.5945424883969453
605141,2024,L,0.3809948030811419,0.11451217040375766,0.13759957430917896,0.007881429648602375,0.7400068249081179
518692,2024,L,0.349252618470922,0.07256926868539762,0.20385865371622333,0.014232893164937406,0.7093391850411823
681624,2024,L,0.27447636221768895,0.07773596181997434,0.27888674940866903,0.007973831187724273,0.6354034579262338
596103,2024,L,0.319370063108531,0.1105902615497631,0.26724928531327696,0.00815575426793042,0.6140046980145257
677008,2024,L,0.2519404711962248,0.07370000885901833,0.31245975915515284,0.013621225152794063,0.6002190073926527
666023,2024,L,0.311782043587284,0.06656829728925352,0.21542899541113902,0.0074595824037648265,0.7105431239720136
657557,2024,L,0.3051736948974638,0.07853814708021824,0.26666592633241915,0.008226321134895164,0.6465696059050521
656305,2024,L,0.3550195565750069,0.1057006568506578,0.2639794949828511,0.008332515553503337,0.6219873332866488
592192,2024,L,0.3374823202218417,0.11012970655165885,0.20658139819354668,0.008397590305187027,0.6748913050273684
642136,2024,L,0.2872329401121577,0.11722591386838244,0.29293901136150724,0.014842932936657508,0.5749921426386203
687263,2024,L,0.31399763042395934,0.08034132442591864,0.23489010299822624,0.007758600707082283,0.6770099717265418
668715,2024,L,0.3155665264404802,0.10040105586158062,0.2296344486926544,0.00817896217743877,0.6617855343739745
663886,2024,L,0.32238630891634695,0.11319016068698073,0.22897805696885348,0.008007649000093459,0.6498241343625899
670770,2024,L,0.29022978601969934,0.11418135176985418,0.20747299651581763,0.014980254435149533,0.663365397357766
694362,2024,L,0.27447636221768895,0.07773596181997434,0.27888674940866903,0.007973831187724273,0.6354034579262338
682622,2024,L,0.31777700607633347,0.0825960479027585,0.23716762221501286,0.007660893148520406,0.6725754363606065
669289,2024,L,0.31271035242041795,0.0821143588680409,0.13580636402123397,0.00735434688936284,0.7747249306061958
641584,2024,L,0.27527349262635603,0.09811163943314943,0.25842481308214893,0.014828163375887422,0.6286353844125862
686668,2024,L,0.2761690885800314,0.07174762620635836,0.32099071310816957,0.007903668169230993,0.5993579930560563
571448,2024,L,0.35425742044777286,0.0496642442121475,0.15381101292057103,0.007025631420052935,0.789499112123979
664040,2024,L,0.3057193941882833,0.07487865505624235,0.2889692774660134,0.013738462777014133,0.6224136054560381
666185,2024,L,0.2941079459863351,0.09128845625831662,0.23691833624353462,0.008159673612822358,0.6636335345626376
686482,2024,L,0.25008503084409545,0.08044151442690117,0.29858472231981814,0.014265915893362117,0.6067078476116736
666139,2024,L,0.2802752660990644,0.0744806629144342,0.2751228980000154,0.01337315631710882,0.6370232835663348
694376,2024,L,0.27447636221768895,0.07773596181997434,0.27888674940866903,0.007973831187724273,0.6354034579262338
518792,2024,L,0.3140254259902633,0.0737397328898545,0.18511381869958565,0.013878098686045335,0.7272683497515291
663967,2024,L,0.24759678194995927,0.07732648128913187,0.2985694761859291,0.014337596461675223,0.6097664467320134
593871,2024,L,0.3497709934132787,0.06707383178883598,0.16010385332689833,0.00740127652786024,0.7654210389690771
680716,2024,L,0.26811873528441876,0.0835138502407669,0.28148223428367014,0.008092828084657866,0.6269110876813914
679822,2024,L,0.27447636221768895,0.07773596181997434,0.27888674940866903,0.007973831187724273,0.6354034579262338
805779,2024,L,0.27447636221768895,0.07773596181997434,0.27888674940866903,0.007973831187724273,0.6354034579262338
669127,2024,L,0.3241580592989356,0.08202535370130633,0.29347649134219445,0.008140785894436325,0.6163573689034256
687231,2024,L,0.27447636221768895,0.07773596181997434,0.27888674940866903,0.007973831187724273,0.6354034579262338
660758,2024,L,0.27447636221768895,0.07773596181997434,0.27888674940866903,0.007973831187724273,0.6354034579262338
621020,2024,L,0.33632160911915054,0.09208692072074258,0.22735053285755785,0.007938356268390873,0.6726241898785804
665804,2024,L,0.3086514013232472,0.10312071857708581,0.2646363867297997,0.008268816079979374,0.6239740788876833
663538,2024,L,0.3372947983061904,0.07468039084292816,0.11556255938612567,0.007298705529847863,0.8024583443049921
621550,2024,L,0.3324317535351595,0.0934084590896774,0.3261787011146917,0.00839902975787364,0.572013810511863
678894,2024,L,0.2982711842190331,0.07526364675935175,0.25209945716830295,0.0078063024971260315,0.6648305933752676
518735,2024,L,0.3250449989197488,0.11490403013132867,0.2771487726236337,0.008302649737648628,0.5996445474488047
669707,2024,L,0.2835196540401881,0.09976857937790116,0.2791357573448397,0.008199721174136585,0.6128959424053783
664774,2024,L,0.3171365157424018,0.12545296913753706,0.21720678333672946,0.015245182432176348,0.6420950645384991
671218,2024,L,0.2977478289600944,0.07663137664220507,0.27790941263175967,0.00796365659562234,0.6374955546549372
666310,2024,L,0.2878432701365404,0.09359994852479614,0.256815369876372,0.014159884433067047,0.6354247970668462
665926,2024,L,0.2686319006746863,0.05765199624195782,0.21000542499939784,0.012711395334099623,0.7196311836397575
691406,2024,L,0.32514339794064573,0.06755328444746066,0.23797032029084908,0.007672788316761282,0.6868036090258968
676356,2024,L,0.26652537627327155,0.06311354219400796,0.2229433894900162,0.007636734969991314,0.7063063337321261
656716,2024,L,0.28026402264198336,0.09707078449047132,0.24038190201876375,0.014560689400129306,0.6479866243757094
650490,2024,L,0.38662577629731626,0.11400572345825755,0.14687218803969132,0.0076721931269143045,0.7314498956414676
670764,2024,L,0.29200957468108596,0.11984277414128357,0.2282390384592141,0.008117286298061162,0.6438009014383171
642350,2024,L,0.2919241259787158,0.07276221198219253,0.33125790138190964,0.007999415698503827,0.5879804712319676
666163,2024,L,0.2662971163273251,0.09738772516658442,0.31450493617120817,0.014669255118849095,0.573438083035893
500743,2024,L,0.324586228157409,0.07439180715861773,0.11342145737542371,0.0072076968157200345,0.8049790391228105
669257,2024,L,0.3550035835226238,0.10762610375388881,0.18226130562911336,0.008210908642680401,0.7019016825949543
669304,2024,L,0.31683987596209323,0.06368154474155689,0.19702464937669428,0.007460729531867903,0.7318330753375549
643565,2024,L,0.283148139797221,0.11830554015562023,0.2824151141613196,0.015453028275703525,0.5838263175888871
679032,2024,L,0.27881220819072866,0.054337318021930155,0.22741557485446182,0.007455502303124228,0.7107916060328874
669720,2024,L,0.3335640317681443,0.06480242550417288,0.18458947938313708,0.007272040929279854,0.7433360528089259
683737,2024,L,0.2717183313683299,0.08267860276674037,0.28991881881167164,0.014422861169230857,0.6129797163470976
596115,2024,L,0.327808297683413,0.07426334989760701,0.26837784844470447,0.008077018902202584,0.649281782465281
680118,2024,L,0.2941469389364545,0.0866045050495578,0.2777017112996029,0.008009868029449953,0.6276839148387248
702358,2024,L,0.27447636221768895,0.07773596181997434,0.27888674940866903,0.007973831187724273,0.6354034579262338
592200,2024,L,0.3005901530697959,0.11964655196654234,0.2658752184132524,0.008146898193646276,0.606331330960597
645444,2024,L,0.26944577573681744,0.11918555117641186,0.24786055675262503,0.008260170491866607,0.624693720597695
672386,2024,L,0.3731113008483893,0.10300344237196069,0.12868233663162482,0.0077187628591071245,0.7605954576649244
641933,2024,L,0.34380550967200835,0.08795663991965945,0.2860925276820365,0.008023965303974543,0.6179268662897316
656811,2024,L,0.3042092178841147,0.07404369138303571,0.26415337262207284,0.013712352254891268,0.6480905846951759
643376,2024,L,0.34480998962002507,0.10103289130881854,0.19635685791844054,0.007850422944599283,0.694759826648974
665953,2024,L,0.27447636221768895,0.07773596181997434,0.27888674940866903,0.007973831187724273,0.6354034579262338
694384,2024,L,0.27356264845816153,0.09911612133936182,0.20346699272458107,0.01424309750155169,0.6831737891396557
656537,2024,L,0.28274217489064596,0.06771445173431456,0.2697141216763747,0.007480723834883541,0.655090702953904
660644,2024,L,0.2870539949597009,0.08228972747202007,0.1998279544937274,0.007421351242690934,0.7104609679386168
592626,2024,L,0.31648265360673083,0.08219267408996833,0.258703585290593,0.014055942526892986,0.6450477976621323
656976,2024,L,0.2991559125521017,0.10042770017048676,0.1975552965797462,0.013996828465828145,0.6880201749030134
665487,2024,L,0.3579618567790524,0.0766744066699785,0.2484292699010426,0.007760027987398523,0.6671362958115359
666018,2024,L,0.2696453518631064,0.0957157892718319,0.262403880585463,0.014807359858569496,0.6270729694713324
650391,2024,L,0.34948312999801645,0.05714057019604513,0.21384147623987435,0.007199097305933325,0.721818856183788
693307,2024,L,0.27447636221768895,0.07773596181997434,0.27888674940866903,0.007973831187724273,0.6354034579262338
702616,2024,L,0.25008503084409545,0.08044151442690117,0.29858472231981814,0.014265915893362117,0.6067078476116736
666181,2024,L,0.27808996616128323,0.1076702336714653,0.32188782454622805,0.014343308639371714,0.5560986344215604
666160,2024,L,0.24281403868726542,0.0498954026346876,0.34321817402482413,0.01257301906698241,0.5943134034284719
665161,2024,L,0.32035319094892506,0.06089054867967361,0.19690945371666485,0.007266312939318801,0.7349336847241286
670541,2024,L,0.37091646881939316,0.08254928179371346,0.2343976949109095,0.014099190476553352,0.6689538335015394
676439,2024,L,0.25008503084409545,0.08044151442690117,0.29858472231981814,0.014265915893362117,0.6067078476116736
665506,2024,L,0.28813019232770937,0.07410956753549545,0.2692748967075928,0.007699450504014351,0.6489160858160343
682668,2024,L,0.27447636221768895,0.07773596181997434,0.27888674940866903,0.007973831187724273,0.6354034579262338
669397,2024,L,0.28617304058268594,0.0872420768273837,0.18369500805335476,0.00753153016134797,0.7215313864990012
664702,2024,L,0.3165308973043367,0.11761696496306553,0.15445325869379828,0.008019617644402385,0.7199101584899333
608070,2024,L,0.3600662294087339,0.07211632233190468,0.11820371189936701,0.007466206301502259,0.8022137588264597
680718,2024,L,0.25008503084409545,0.08044151442690117,0.29858472231981814,0.014265915893362117,0.6067078476116736
642133,2024,L,0.3062650124142306,0.07517212609388485,0.26644437112868635,0.013365491549698474,0.6450180111866376
664034,2024,L,0.34399202636405596,0.07437535856250958,0.17577952544569264,0.007668248640556208,0.7421768669602662
624428,2024,L,0.30079949058700417,0.08883775143368101,0.1493936607173217,0.014403980314021653,0.747364606802206
682617,2024,L,0.2841979634230327,0.10068032409493802,0.3158885938606001,0.008095365961538346,0.5753357162380723
663898,2024,L,0.3345277150599953,0.07796494593326309,0.20443509069798735,0.007492527108389391,0.7101074368779261
620443,2024,L,0.31245648027484846,0.08874300426395733,0.22601819197457804,0.007852011704245468,0.6773867930267011
682177,2024,L,0.25008503084409545,0.08044151442690117,0.29858472231981814,0.014265915893362117,0.6067078476116736
686823,2024,L,0.27542720322651,0.05486239351053594,0.15873630891157653,0.012493422002634787,0.7739078759776878
682928,2024,L,0.2781876933477135,0.058210946606839356,0.2120660974470915,0.013096966736386426,0.7166259888071244
594807,2024,L,0.3224569142357531,0.06491055878240586,0.27746538557010264,0.007971952067882078,0.6496521033750823
642201,2024,L,0.2718174626166631,0.09954718798985403,0.3078867344790796,0.008313802685421303,0.5842522752933393
624415,2024,L,0.2936126927656545,0.13289613707072206,0.2799827048500728,0.015271829385882242,0.5718493283271209
593160,2024,L,0.32113246639113047,0.06685184209106394,0.1462793743793287,0.0072053001738048884,0.7796634834378364
642708,2024,L,0.3121645696581243,0.04754230555140661,0.17732245457972712,0.00712849410720168,0.7680067460327438
670242,2024,L,0.29194818129882816,0.09252122355981668,0.3653568797737231,0.014912611984470296,0.5272092832654832
595978,2024,L,0.2771301103384934,0.06573360918371549,0.27063817081827446,0.007907159413218956,0.6557210596841487
700932,2024,L,0.25008503084409545,0.08044151442690117,0.29858472231981814,0.014265915893362117,0.6067078476116736
677941,2024,L,0.2639919081541312,0.06710589409141253,0.30244049838075804,0.007766848127156814,0.6226867599058418
608701,2024,L,0.3297566214178882,0.10914963456159843,0.21714990567246306,0.007955695107445029,0.6657447636172528
607732,2024,L,0.3113139734194301,0.09201814016010022,0.1897840210546451,0.007671850588234184,0.7105259896097567
681481,2024,L,0.2888342649838086,0.06655573862350453,0.23112239873414173,0.013727717412833405,0.6885941456956863
660162,2024,L,0.3144158791004661,0.09917668729158044,0.28889146638760493,0.008271874434072006,0.603659972938418
553869,2024,L,0.3248125454752867,0.07273058647337655,0.18509889651294822,0.007604035011432409,0.7345664820090669
646240,2024,L,0.32443890087801275,0.053250938598050745,0.21747165130717305,0.012908400386038358,0.7163690112751656
670869,2024,L,0.25640965468993465,0.08614185306694117,0.25573079406175475,0.01433697408945827,0.6437903776834432
691723,2024,L,0.27447636221768895,0.07773596181997434,0.27888674940866903,0.007973831187724273,0.6354034579262338
657193,2024,L,0.256089903747681,0.0776075368432901,0.263469908950582,0.014744137190773809,0.6441784181710979
680728,2024,L,0.25008503084409545,0.08044151442690117,0.29858472231981814,0.014265915893362117,0.6067078476116736
621028,2024,L,0.3118675942189754,0.07116568973530091,0.12007693781474256,0.0070702956136892234,0.8016870768644043
667452,2024,L,0.31619618471522454,0.07820821414071498,0.20674623989739335,0.0077440093223100385,0.7073015357027784
641779,2024,L,0.31024101554180006,0.10450212968290558,0.26046043693164955,0.00797945679395391,0.6270579766828207
663616,2024,L,0.2789968313785058,0.08948965561299731,0.35735734625009524,0.013831752868206208,0.5393212447995612
671083,2024,L,0.29625532785279685,0.10532204387952197,0.22463919374140442,0.007787993100002254,0.6622507699552543
572191,2024,L,0.2966207717240842,0.07459310421795164,0.282172373312959,0.00794776199294345,0.6352867584785615
661531,2024,L,0.25947167002769533,0.06093895058294165,0.2616759314319781,0.007814598059536361,0.6695705197374116
682073,2024,L,0.30182113323570664,0.12452111212653562,0.2885621418997019,0.008358258944725363,0.5785584869405211
641645,2024,L,0.30164843656354645,0.11992280828349001,0.16596429360069828,0.015278899741315419,0.698833998790653
672284,2024,L,0.2895324676095707,0.07835930519353372,0.2873344510079871,0.014101407842271176,0.6202048372159403
592325,2024,L,0.2823399069019355,0.0933612059227101,0.2830050174691702,0.014633753499728088,0.6090000234853548
677956,2024,L,0.27447636221768895,0.07773596181997434,0.27888674940866903,0.007973831187724273,0.6354034579262338
605244,2024,L,0.27106751538336576,0.07076393046840346,0.2905290570028019,0.007960184760493925,0.6307468267406109
670276,2024,L,0.26086280712272814,0.12398355190459803,0.28228769428478984,0.015360402179106834,0.5783683518011484
673962,2024,L,0.3335497230039723,0.0669233214039293,0.256521968567256,0.0073859352892084295,0.6691687748481657
695238,2024,L,0.25008503084409545,0.08044151442690117,0.29858472231981814,0.014265915893362117,0.6067078476116736
671289,2024,L,0.3143860299310133,0.07423749497263876,0.17109225010217333,0.007643381458593301,0.7470268735920672
680757,2024,L,0.30832945909806786,0.11328056918794643,0.12506576715806508,0.01465242590318014,0.7470012366396412
669137,2024,L,0.27447636221768895,0.07773596181997434,0.27888674940866903,0.007973831187724273,0.6354034579262338
676116,2024,L,0.2823875485379711,0.12240218841723863,0.3590073118897215,0.015654047022382513,0.5029364527168423
682641,2024,L,0.31653245774369926,0.08323601850710599,0.1658022879626687,0.00745844949355998,0.7435032429896218
676801,2024,L,0.31189829511821754,0.09629368731082201,0.2557964278182074,0.00802165254086782,0.6398882307039645
605131,2024,L,0.30843372868728786,0.12430757889499235,0.2377299852507833,0.008260701383806569,0.6297017351152445
662139,2024,L,0.2967425070618443,0.08369415602071777,0.23898554353075555,0.01466599399300744,0.6626543055104499
663897,2024,L,0.2810902616716931,0.08613447447953534,0.2447647030561959,0.008062249161387198,0.6610385733822806
675961,2024,L,0.2675841218011371,0.08434897142019325,0.28258403436002216,0.008123743313116459,0.6249432517113757
608671,2024,L,0.25468216453226505,0.11424191914422316,0.2737515868276501,0.014466514809019672,0.59753997952374
669326,2024,L,0.27447636221768895,0.07773596181997434,0.27888674940866903,0.007973831187724273,0.6354034579262338
656484,2024,L,0.26116048323744095,0.08062593085807132,0.29300399248252806,0.01420907539612892,0.6121610001399491
543685,2024,L,0.3727948415445284,0.11052668605589579,0.1668194129788478,0.008050512547232524,0.7146033887375466
643446,2024,L,0.3077423595462608,0.06948047320930856,0.12991244121216083,0.01342962450230909,0.7871774611877244
608385,2024,L,0.31582853034964614,0.10544155232306156,0.20270547449678997,0.014289468312370142,0.6775635050063966
668952,2024,L,0.2795145560660072,0.10017685505101794,0.261812860005972,0.007827321528479966,0.6301829640813833
666176,2024,L,0.3003770402633582,0.07448766510396207,0.32245238123801157,0.008292039168405143,0.5947679130046
670156,2024,L,0.2783259720749608,0.12059846401876079,0.26482225140178034,0.015037599713188896,0.5995416837547183
680779,2024,L,0.3179947338701441,0.09406682540573987,0.2513795203323447,0.008094504646750428,0.6464591509566027
690291,2024,L,0.25008503084409545,0.08044151442690117,0.29858472231981814,0.014265915893362117,0.6067078476116736
678489,2024,L,0.27447636221768895,0.07773596181997434,0.27888674940866903,0.007973831187724273,0.6354034579262338
681460,2024,L,0.27447636221768895,0.07773596181997434,0.27888674940866903,0.007973831187724273,0.6354034579262338
676551,2024,L,0.2630036520446447,0.08437043860036005,0.32799884200257756,0.008193590896564311,0.5794371276440434
518934,2024,L,0.3643563900226553,0.09502376924076761,0.1534912590967916,0.00762641753265539,0.7438585536885762
608369,2024,L,0.3461868988985197,0.05484083020417202,0.20738162495916448,0.012459597964419259,0.7253179475365569
543510,2024,L,0.3080368178052224,0.07222639594426625,0.24831832559645658,0.007699027689429769,0.6717562511654763
596146,2024,L,0.328289391831879,0.08371000491063113,0.199272987998084,0.0136487796008966,0.703368226875873
672701,2024,L,0.24270255874191582,0.05664019142730536,0.2621591480492423,0.013598012964069164,0.6676026459297687
679845,2024,L,0.3006816981047394,0.07968664797722035,0.18999049901235252,0.007385671926796921,0.7229371808545788
642086,2024,L,0.29072736993424037,0.06956764776483211,0.22567524380302567,0.013696100903110917,0.691061007490653
694355,2024,L,0.27447636221768895,0.07773596181997434,0.27888674940866903,0.007973831187724273,0.6354034579262338
669200,2024,L,0.2702569990728515,0.07813418186016209,0.300456571422509,0.008064795456691072,0.6133444524235676
669134,2024,L,0.31938834835135543,0.060094271818002115,0.1799050611427864,0.007420835352818904,0.7525798323017412
669369,2024,L,0.2610157818140975,0.08716753106036675,0.28745318938704983,0.008043823046598267,0.6173354565781328
656577,2024,L,0.2591075467310078,0.06319348369167754,0.4203533411643121,0.00833982044421527,0.5081133553057738
642731,2024,L,0.31429966014570476,0.06840881568140697,0.18115698652887294,0.0073647415457922935,0.7430694570035669
666152,2024,L,0.2523318318610323,0.10322085421986542,0.2880639876954137,0.014595144345738349,0.5941200142641645
641856,2024,L,0.2786178062059751,0.09814791185185218,0.2758944242317737,0.014630523240039207,0.6113271412032882
686469,2024,L,0.3354560549030946,0.07740201103497184,0.1505109169392026,0.013021428318558499,0.7590656430782742
645305,2024,L,0.2788576589439497,0.06534560528189678,0.28040468185787487,0.007731772286793759,0.6465179415056385
669743,2024,L,0.3201187400719133,0.12775363975082388,0.19882999669847606,0.008351434924680804,0.6650649294392544
575929,2024,L,0.3294433846591518,0.07673365408228584,0.25547249135335026,0.007948029834391997,0.659845824583346
609280,2024,L,0.3303760176652661,0.04917378701958851,0.14955643926841336,0.007015840199859165,0.7942539334440856
656413,2024,L,0.2907538180143028,0.10917384756191395,0.29993666661146773,0.00819209660224355,0.5826973880905507
678225,2024,L,0.27261640763666967,0.09205485789064073,0.2560927157937191,0.014793355733525188,0.6370590717945902
623520,2024,L,0.32738355306757344,0.08829120108233258,0.2825778046542008,0.008138170197487797,0.6209928259494635
595879,2024,L,0.3129228455954317,0.03897760419633957,0.2707707627099217,0.0070440726785915295,0.6832075611411161
672724,2024,L,0.28981295478988056,0.09427759772632736,0.25783333204510345,0.00788091783165958,0.6400081510819008
656180,2024,L,0.3138015508714827,0.09938489974209365,0.28324974567348266,0.008373839899313519,0.6089915143196801
647351,2024,L,0.3125203008595191,0.07478983198358945,0.18913469341354866,0.007723514279618453,0.7283519590478315
669222,2024,L,0.32047802329698133,0.08119508597896823,0.19357011268268837,0.007396943827283492,0.7178378579249224
694175,2024,L,0.27447636221768895,0.07773596181997434,0.27888674940866903,0.007973831187724273,0.6354034579262338
663905,2024,L,0.2623408185546409,0.06302881565138295,0.2790431391362789,0.012983393380870787,0.6449446521596025
686527,2024,L,0.2751247357347968,0.0549271861112175,0.25058828960499824,0.012912471277973092,0.6815720533266979
600869,2024,L,0.31449205360924615,0.08289677742283319,0.21519965012393352,0.007823622134314766,0.6940799512524016
673490,2024,L,0.32063299898139275,0.1123363015574597,0.18846466834064612,0.008042702376590353,0.6911563271809098
672012,2024,L,0.25008503084409545,0.08044151442690117,0.29858472231981814,0.014265915893362117,0.6067078476116736
663647,2024,L,0.3495575476129857,0.08063886682260331,0.18880567562116546,0.007730345248200251,0.7228251120323265
663586,2024,L,0.3648137762270908,0.07054907845720133,0.24900275785478637,0.007781663793737695,0.6726664999711747
676632,2024,L,0.2613548085120345,0.07952693243140589,0.2917880104074017,0.013760719982794213,0.6149243357915728
678554,2024,L,0.29343120465592526,0.07232239568099594,0.22404650460127445,0.0076346981035328235,0.6959964024648223
677950,2024,L,0.273694356262309,0.07643808243760015,0.2242069920367248,0.013521515416514512,0.6858334094538168
592178,2024,L,0.3438759777496623,0.09174060025065461,0.23657507338936018,0.00774984594862263,0.6639344792221207
665966,2024,L,0.27447636221768895,0.07773596181997434,0.27888674940866903,0.007973831187724273,0.6354034579262338
669357,2024,L,0.3047179876232469,0.08181052426156042,0.32760155668175145,0.013877876110550429,0.5767100439712232
668723,2024,L,0.27660169781998434,0.07192143561069048,0.27127652880895015,0.007838834588462585,0.6489632009431014
669208,2024,L,0.27447636221768895,0.07773596181997434,0.27888674940866903,0.007973831187724273,0.6354034579262338
623912,2024,L,0.33919572424517785,0.044843133399893154,0.16244316776079334,0.007173446277315406,0.7855402529508132
656883,2024,L,0.28197624143458605,0.07066857774312627,0.266470529037908,0.007889544665820494,0.6549713477881655
686894,2024,L,0.301510507131467,0.08669760187457218,0.2643155283588438,0.00779584335111601,0.6411910262484765
670224,2024,L,0.25008503084409545,0.08044151442690117,0.29858472231981814,0.014265915893362117,0.6067078476116736
624503,2024,L,0.28917762150308535,0.05136618511645579,0.2169302384345698,0.013429118039394422,0.7182744577826534
650859,2024,L,0.3166303837063172,0.06639064645471865,0.1754317687412611,0.007208741400645043,0.7509688444069512
805373,2024,L,0.27447636221768895,0.07773596181997434,0.27888674940866903,0.007973831187724273,0.6354034579262338
681584,2024,L,0.29543155209761446,0.11666114570828517,0.3028083094303912,0.008332061435407762,0.5721984832808
695391,2024,L,0.27447636221768895,0.07773596181997434,0.27888674940866903,0.007973831187724273,0.6354034579262338
543063,2024,L,0.291148844790007,0.06615581390151955,0.2357061308978956,0.013492271453993301,0.6846457830125575
687799,2024,L,0.27301147187227487,0.09432341071190364,0.292408106423216,0.014428284362562556,0.5988401992734758
682988,2024,L,0.27447636221768895,0.07773596181997434,0.27888674940866903,0.007973831187724273,0.6354034579262338
642197,2024,L,0.27447636221768895,0.07773596181997434,0.27888674940866903,0.007973831187724273,0.6354034579262338
641432,2024,L,0.31816511861498475,0.07074938444606463,0.15856214272230001,0.013354816003551536,0.75733365666679
592696,2024,L,0.28955487371431965,0.04350586507640618,0.19520659375839916,0.010889164695551394,0.7503983753253057
681546,2024,L,0.2824672321308731,0.10365520612821849,0.33869688611831616,0.015251780972192722,0.5423961276244095
613564,2024,L,0.26184665815862396,0.07864341114035718,0.3172720377777677,0.01387724573672571,0.5902073058985162
621466,2024,L,0.2833658222605038,0.09191721172789181,0.29461835197368513,0.014926709342018908,0.5985377275978325
671221,2024,L,0.2790538753855349,0.06921037543865803,0.29375691323929815,0.007638435381104961,0.6293942752660064
605204,2024,L,0.32900548487107156,0.09500465393375836,0.27171792084534213,0.007994751165197992,0.6252826746510338
527038,2024,L,0.32975204204099956,0.07812313739428373,0.14012450132437143,0.00766412160872124,0.7740882389584367
663330,2024,L,0.29697452885511044,0.11197237236794916,0.2771068825184095,0.008232724971146275,0.6026880205451006
592885,2024,L,0.32680500286544056,0.09023573616584865,0.23983462765585162,0.014322001483454062,0.655607636608558
660636,2024,L,0.30573240530210327,0.08282786279421164,0.20809977457968165,0.0076649694396931905,0.7014073928668777
665856,2024,L,0.27447636221768895,0.07773596181997434,0.27888674940866903,0.007973831187724273,0.6354034579262338
649557,2024,L,0.32848235384542346,0.07064084187040448,0.15946259623456305,0.007385492003605829,0.7625110700492499
669374,2024,L,0.30273377038374355,0.09341340053614888,0.3552616972688707,0.008640115821897396,0.5426847862801055
622761,2024,L,0.3085925575968427,0.06785077163955457,0.23579429477774008,0.007752687764686373,0.6886022453741638
656248,2024,L,0.30285142557517714,0.10100408194413951,0.26678040026437405,0.008088154397997723,0.6241273631130364
624512,2024,L,0.25957953177831516,0.07511010695721972,0.22393356881846327,0.012833381454515009,0.688122943406209
621458,2024,L,0.26885421646787416,0.07397178899959377,0.353719342188173,0.01385985266486504,0.5584490157027595
642851,2024,L,0.2921231058639639,0.09061480610543171,0.21305933633411428,0.008175789286841314,0.6881500675192468
621512,2024,L,0.275110468768072,0.044416443626681276,0.2741590749488951,0.007247043810361158,0.6741774386516433
669261,2024,L,0.2988137569492222,0.12093985375755556,0.32615527862812504,0.015333815667846626,0.537571053015044
664901,2024,L,0.285891214792323,0.1019419785479628,0.2301306017347734,0.00833566392346022,0.6595917567204191
665561,2024,L,0.2665364880077015,0.058117922323584176,0.21873666191730642,0.007269414063571371,0.7158760022765736
672744,2024,L,0.27291743953481273,0.06949435295015116,0.2998047025634605,0.00794816436707956,0.6227527813318977
668800,2024,L,0.29701077445363566,0.0640799452042875,0.23117224735416772,0.007540737431674352,0.697207071685234
666182,2024,L,0.38613418741879074,0.05958089456217636,0.17879735786621237,0.007502209700105271,0.7541195367069444
681962,2024,L,0.2727862970427966,0.10472981892705507,0.25947356793856513,0.008335970834322283,0.6274606431598228
658668,2024,L,0.30949673995320465,0.07761932705513293,0.18011556667076065,0.007754339234237885,0.7345107669321242
605361,2024,L,0.28625118552942147,0.1098934312768611,0.23195163885687498,0.01459677986585361,0.6435581511038818
663550,2024,L,0.2263509889792888,0.05433329122220633,0.38092127920280255,0.013070188912784551,0.5516752415034856
593934,2024,L,0.36405256295103666,0.09675174462446726,0.30906692081684217,0.008242297650981247,0.5859390363329902
672356,2024,L,0.2916542281572735,0.0676618348208796,0.32984690269952693,0.007680970124866607,0.5948102921677986
608841,2024,L,0.3360690312363131,0.06964518651164016,0.19157398152853167,0.007654029410285743,0.7311268013666684
455117,2024,L,0.29106365413627067,0.09373742073927205,0.2851783984035311,0.008218886709229193,0.6128652944172416
668731,2024,L,0.26505248918458363,0.09998922650780194,0.29394930526725926,0.014483585207250488,0.5915778833871005
670097,2024,L,0.29588481295304286,0.1279780905038446,0.26895241541195064,0.008577012106448529,0.5944924817254329
673995,2024,L,0.27447636221768895,0.07773596181997434,0.27888674940866903,0.007973831187724273,0.6354034579262338
621311,2024,L,0.2511586973719916,0.05284078297108017,0.2996219687863731,0.01250371335016111,0.6350335357752848
641313,2024,L,0.30030354506236456,0.04229319508044077,0.2188750828190974,0.007197067848966385,0.7316346544716472
682119,2024,L,0.27447636221768895,0.07773596181997434,0.27888674940866903,0.007973831187724273,0.6354034579262338
677942,2024,L,0.27447636221768895,0.07773596181997434,0.27888674940866903,0.007973831187724273,0.6354034579262338
664954,2024,L,0.2548626884566969,0.0766331885259337,0.24889311990833388,0.013787939893893994,0.6606857512695792
571466,2024,L,0.2586376587828176,0.09387374804778055,0.2598123201472403,0.01468687932778262,0.6316270525349166
669450,2024,L,0.3084368640174469,0.12300784875054949,0.2592936789295024,0.00810517619623036,0.6095932954102237
657088,2024,L,0.26471243712468245,0.09776113111231735,0.27217207031330837,0.01471909628545756,0.6153477021137879
641511,2024,L,0.27785625938933606,0.09046645037039167,0.24163815608914002,0.00803657193096048,0.6598588222652075
666703,2024,L,0.27608059211935865,0.08850070348277508,0.2610419935163141,0.008092506643701496,0.6423647963588732
671286,2024,L,0.27447636221768895,0.07773596181997434,0.27888674940866903,0.007973831187724273,0.6354034579262338
676369,2024,L,0.31797782052083073,0.09320224010196185,0.30753600289703953,0.007910144149755797,0.5913516132903317
666915,2024,L,0.3218794535315317,0.07838290346779925,0.31875347402838383,0.008051238573919976,0.5948123833422295
676701,2024,L,0.2843227453165309,0.07301063314818972,0.23188865296588235,0.007622549853385608,0.6874781645212786
660707,2024,L,0.2879288770304174,0.0569975082532045,0.2923138612356935,0.0077554481152862535,0.6429331827351347
691182,2024,L,0.27447636221768895,0.07773596181997434,0.27888674940866903,0.007973831187724273,0.6354034579262338
669087,2024,L,0.2923538954652099,0.07055979149052652,0.34326614071786454,0.0075841564647484115,0.5785899108275334
693049,2024,L,0.2732588867540689,0.05617796113649001,0.285627421625295,0.013340254322069289,0.6448543622767763
543228,2024,L,0.3173664692902377,0.057376929266190056,0.2112192436580599,0.00741935493713945,0.7239844724639486
664874,2024,L,0.26408836015431203,0.09158302601861745,0.35087676542893315,0.008543526542619981,0.5489966815068027
605119,2024,L,0.3326728765764037,0.08793585403013701,0.2289854608442105,0.007836946466384893,0.6752417392877975
640492,2024,L,0.29278314734835864,0.046251418958419395,0.21842030922885905,0.007116507142192078,0.728211766407414
547989,2024,L,0.3618349316681769,0.057283970669833505,0.22034144356983132,0.008120730794125095,0.7142538561229623
686554,2024,L,0.25008503084409545,0.08044151442690117,0.29858472231981814,0.014265915893362117,0.6067078476116736
643265,2024,L,0.3489304439473126,0.07050637761442424,0.22960588467574675,0.007399015521539872,0.6924887218298867
677347,2024,L,0.27063158282309374,0.08983101310641063,0.3081532864130416,0.008148230048077486,0.5938674711122647
657061,2024,L,0.25670693158247565,0.0876413266989001,0.2858454644170313,0.00789449230150655,0.6186187159382287
668752,2024,L,0.25008503084409545,0.08044151442690117,0.29858472231981814,0.014265915893362117,0.6067078476116736
674441,2024,L,0.25008503084409545,0.08044151442690117,0.29858472231981814,0.014265915893362117,0.6067078476116736
621545,2024,L,0.2563189171746114,0.0859741795525984,0.28180083172768955,0.008163202561280343,0.6240617858054083
680911,2024,L,0.30917542353932237,0.07375034398335063,0.19345517834045697,0.007694631266384465,0.7250998477884472
553882,2024,L,0.2778957416002671,0.0929308521131182,0.22866763832034803,0.01480142054573387,0.6636000904215187
683146,2024,L,0.289954185023201,0.0768023175347722,0.28185978239361353,0.013894484691181442,0.6274434156847984
667428,2024,L,0.27447636221768895,0.07773596181997434,0.27888674940866903,0.007973831187724273,0.6354034579262338
663611,2024,L,0.3156847782366519,0.08850201272793673,0.09535474285991097,0.007464564711584775,0.8086786820666968
663630,2024,L,0.28735956164131227,0.09868290454730726,0.3129996780821721,0.008125701567307044,0.5801917144792788
660670,2024,L,0.38714419167342046,0.09892374420488886,0.22813688279177818,0.008062236482893623,0.6648771366829845
645801,2024,L,0.29990437028930794,0.10641433871148982,0.2708441361428312,0.014173560146847921,0.6085679659955359
664314,2024,L,0.2568446701577161,0.08919844470539967,0.33489387939846965,0.014044500153574798,0.5618631753816855
669699,2024,L,0.24657278214141512,0.07135801360917994,0.3055882540896526,0.013895288552216565,0.6091584449922456
665923,2024,L,0.26174664829815747,0.07791015807986187,0.21444861120988956,0.007615164624904107,0.7000260660623009
542364,2024,L,0.2853831059438621,0.08860920226378238,0.1986809761447111,0.014280103780951004,0.6984297188795775
596129,2024,L,0.30383730398451486,0.12775622673826129,0.2773267032782183,0.015386462292278158,0.5795306059488256
592348,2024,L,0.29526935384433806,0.08823071826629529,0.2749347090196952,0.008131553636027059,0.6287030198035848
621563,2024,L,0.2772422984128055,0.07301590579503726,0.1915649431609774,0.013142109743435524,0.7222770408854159
664059,2024,L,0.28399920334615664,0.09357093215759264,0.25967040352968757,0.007915190109994745,0.6388434751570118
666165,2024,L,0.2633793491023294,0.07579540570900146,0.34051138771505635,0.012683818510066723,0.5710093875967678
694497,2024,L,0.2644239965215138,0.11919616749897798,0.3284213671368623,0.015147615027167974,0.537234850739818
501303,2024,L,0.2928526341617908,0.09154332030776605,0.17839672710040266,0.007558010732819885,0.7225019430357695
808982,2024,L,0.25008503084409545,0.08044151442690117,0.29858472231981814,0.014265915893362117,0.6067078476116736
644433,2024,L,0.27227737299465254,0.05838044550226846,0.27194169057656525,0.007440673467692599,0.6622371906439837
687952,2024,L,0.3148712374643527,0.06532225751000903,0.29090214243543394,0.008032376086583545,0.6357432245813363
608596,2024,L,0.3014338187912505,0.08535792843183349,0.3147319494716453,0.008269955158191549,0.5916401665177966
666135,2024,L,0.28901301836368276,0.07047448169260298,0.2291016881221839,0.01366362174092718,0.686760208684173
545361,2024,L,0.3873522711691012,0.11632568851279444,0.25079418212848975,0.00862708105571339,0.6242530481049544
543305,2024,L,0.32906399641265727,0.09865501374154238,0.20914528159193418,0.0076975111797577805,0.684502193572176
666211,2024,L,0.2547557731438213,0.09024132637827258,0.3518072952089704,0.014272071658182409,0.5436793069604149
670223,2024,L,0.27715702260075087,0.07476602584652088,0.2964592207416739,0.014099199253941104,0.6146755555275684
541645,2024,L,0.32052874233732803,0.05410290960254482,0.26156032851553007,0.007338509381471094,0.6769982526195382
622569,2024,L,0.3255960003865184,0.10197617917455105,0.19043277413690932,0.00812847491669964,0.699462571143597
669352,2024,L,0.2656055515824692,0.07444229931687128,0.26182540916696373,0.007663304946693822,0.6560689860699623
664058,2024,L,0.3015603708377944,0.08924475856452957,0.08974135820059564,0.007092079677725606,0.8139218028331948
688363,2024,L,0.25008503084409545,0.08044151442690117,0.29858472231981814,0.014265915893362117,0.6067078476116736
650907,2024,L,0.3009857561204688,0.07047783985359898,0.2998771286384259,0.00811744379404149,0.6215275881710742
607054,2024,L,0.2847809420787706,0.12000767108870544,0.25038594790617263,0.015285742233716666,0.6143206401193586
676946,2024,L,0.2827825381803958,0.09522698191919125,0.2301482932391,0.008117691406542407,0.666507033791366
665120,2024,L,0.2908143143688705,0.07222230651414147,0.270092557634399,0.013179193175328419,0.6445059425770858
669392,2024,L,0.2684229650287564,0.08136347075524666,0.27333328212010444,0.008020149862387603,0.6372830976236373
668853,2024,L,0.25008503084409545,0.08044151442690117,0.29858472231981814,0.014265915893362117,0.6067078476116736
518595,2024,R,0.3209887405118787,0.07291336258814916,0.21354901569542273,0.013143676265861234,0.7003939446170373
657656,2024,R,0.307116778077265,0.08986247726337912,0.26448888356369155,0.014436590490287967,0.6312120485144485
642201,2024,R,0.26467186461255937,0.09671626026961272,0.31527628482441017,0.014352761378175594,0.5736546934827282
621566,2024,R,0.3802878019005139,0.10564953564529345,0.2545529826617617,0.008857762886990493,0.6309397184730445
657193,2024,R,0.2858774268766072,0.08609453179479339,0.2422897573284045,0.00859394791854589,0.6630217626996413
578428,2024,R,0.28976449582239666,0.05079662205775282,0.13439320287486023,0.012681079350451367,0.8021290960970322
596019,2024,R,0.343774605393121,0.07575806773147237,0.17317991365550475,0.008227619614209746,0.7428343986951078
516782,2024,R,0.3157531743485218,0.05009001653581358,0.19677655390169577,0.013432590819124495,0.7397008392141488
682626,2024,R,0.3294259993487263,0.09238764758697993,0.26419647296290016,0.013570375938310057,0.629845503919008
542303,2024,R,0.3524827443297226,0.061164228117008154,0.21637658519434355,0.013019221103873366,0.7094399664522867
645277,2024,R,0.3121528592224459,0.05571729781542578,0.192138593623833,0.008187606893714255,0.7439565007713425
671739,2024,R,0.3514258643206351,0.0574672499939517,0.20737626483772068,0.007686996717670185,0.7274694881585867
672284,2024,R,0.3286076989229495,0.08676468638414239,0.2582341557366875,0.008532372572721965,0.6464687858009892
570482,2024,R,0.31753542811344954,0.05542446175069918,0.1863866303820744,0.012672967186084537,0.7455159407096713
607043,2024,R,0.34825486706161474,0.1533130590174355,0.22939931985308057,0.008994952672263114,0.6082926680103696
668901,2024,R,0.2979137270374853,0.06022959330165273,0.29445143581024635,0.013352688202981449,0.6319662828325546
621438,2024,R,0.3064885074006252,0.0665786473083234,0.22875425145233338,0.01334072872658197,0.6913263729071968
502110,2024,R,0.3542080002374746,0.06999127999461138,0.2615932903660618,0.013172381551936925,0.6552430475161806
624413,2024,R,0.36370874681883114,0.06371469260513496,0.23054857578193233,0.013628248304828575,0.6921084833630313
606115,2024,R,0.2912335889909122,0.06258064479082079,0.1965344064494713,0.013092098896059457,0.7277928507605801
624585,2024,R,0.3465082599930166,0.08849639077001344,0.2667638787029032,0.014098013646049038,0.6306417164875849
664056,2024,R,0.2825906480386636,0.0781174131323728,0.25319329206375657,0.013980436252380489,0.6547088581261032
682668,2024,R,0.26005574715583124,0.07425836005600271,0.29513164822834187,0.013690374357514188,0.6169196176763363
620443,2024,R,0.30059060688137224,0.09417781842749008,0.24551362863906823,0.013961575798258524,0.6463469772256637
669221,2024,R,0.3393814135565284,0.0952595568234082,0.23098078204956293,0.013867751890845837,0.6598919091501311
444482,2024,R,0.34803689191440074,0.07656266682707756,0.1895711542232921,0.007863084478462365,0.7260030944634008
630105,2024,R,0.3346860175957512,0.10559390481023913,0.168653682530815,0.008331978891902174,0.717420434004773
665487,2024,R,0.3414850604340438,0.06523445945482982,0.25016294209360956,0.013219184172744649,0.6713834135883548
553993,2024,R,0.3171872004971632,0.09260707707335376,0.27724934554791075,0.014666905656667527,0.6154766717008565
545341,2024,R,0.32767006749867517,0.056604993199711864,0.24855319831185643,0.013083851934282333,0.6817579560471708
572233,2024,R,0.33815700977935426,0.0854651603668403,0.23372069469691756,0.01390084157720707,0.6669133030037396
666971,2024,R,0.33282786901254946,0.06845294498572464,0.18097526085848065,0.012718916346729527,0.7378528774192366
682998,2024,R,0.35583603894619953,0.10523649752187714,0.1978931895926529,0.008388032417012864,0.688482281673397
456781,2024,R,0.3141157895386876,0.07262568785861467,0.20886933147486783,0.01377240143506127,0.7047325789897012
663604,2024,R,0.26005574715583124,0.07425836005600271,0.29513164822834187,0.013690374357514188,0.6169196176763363
642180,2024,R,0.28329536857472953,0.1082798815514137,0.2339573779486132,0.008600859012424699,0.6491618821758189
606466,2024,R,0.3371198994444651,0.092558463545951,0.1700248581765609,0.008218200291752116,0.7291984774748989
672695,2024,R,0.30114565978984914,0.14254504367609114,0.20310799633393334,0.00903254962343825,0.6453144110171746
672515,2024,R,0.32742356744907336,0.09959257678959253,0.18715572006396872,0.01472316880517801,0.6985285344005401
664983,2024,R,0.2960108828928636,0.08133729323727475,0.21220326794884428,0.008072771817238374,0.6983866668464669
553869,2024,R,0.3021714984607931,0.0658453164337,0.20666332397362627,0.013543391743858933,0.7139479681894174
605113,2024,R,0.27426307080943085,0.06515508567791069,0.21668236802632834,0.013003442600735828,0.7051591035807195
701538,2024,R,0.2844168725212625,0.08908501317419427,0.2691407011761141,0.008577667458684473,0.6331966186328594
650333,2024,R,0.35048691414384603,0.09755382459170629,0.07922596012100411,0.007873849554031453,0.8153463652114511
592669,2024,R,0.3184128291130056,0.06714757530689695,0.26392460887844144,0.01318500247092967,0.655742813867807
677951,2024,R,0.342509612855602,0.05663514203267859,0.19734361514745527,0.012587949280739526,0.7334332932832488
502054,2024,R,0.3409897592739192,0.11354728964818817,0.2473423135130612,0.014528124413011807,0.6245822728823298
664728,2024,R,0.32113694841145946,0.09188976681925681,0.20972086345788965,0.008189678974950789,0.6901996909579069
672580,2024,R,0.32764661427325814,0.10064809318798218,0.20433155813044926,0.013658034965434052,0.6813623142277444
666023,2024,R,0.3030610609253447,0.06921061010182064,0.22207664672480848,0.012903667012754116,0.6958090757472893
669004,2024,R,0.3409308797465527,0.11364267631033992,0.25985857799917667,0.008870405857442615,0.6176283401833769
493329,2024,R,0.33238141328625104,0.05903666069491973,0.10955254266295193,0.011983417815337178,0.8194273786406955
686681,2024,R,0.3277769992304259,0.06702062925866221,0.21025492346310437,0.00809392136401816,0.7146305259547608
680700,2024,R,0.3221360523868902,0.11046947940481891,0.1626003439119326,0.008366141063740864,0.7185640356520743
686482,2024,R,0.2844168725212625,0.08908501317419427,0.2691407011761141,0.008577667458684473,0.6331966186328594
676609,2024,R,0.25560121040758194,0.09536004729383965,0.263505622531526,0.01453146256190329,0.6266028675262785
666185,2024,R,0.30296486971193454,0.10077828813284834,0.22759114382474266,0.008799177799174013,0.6628313898939899
686765,2024,R,0.2844168725212625,0.08908501317419427,0.2691407011761141,0.008577667458684473,0.6331966186328594
677800,2024,R,0.31934196350230376,0.10592327102160036,0.2840794964463692,0.008842963147167019,0.6011542686461178
657136,2024,R,0.28616222729774016,0.06878593345221957,0.3049182410584261,0.013962092275000901,0.6123337333420954
671213,2024,R,0.3552155463149217,0.11733019169181003,0.2418489232251317,0.00861600675269302,0.6322048782774411
676356,2024,R,0.25541337746388476,0.057651866886185184,0.23268239137435998,0.013043161882001289,0.6966225793973239
666139,2024,R,0.3276199988812033,0.07897971149569097,0.23554177493286466,0.008286853962570747,0.6771916603749251
666624,2024,R,0.2968272508100554,0.07951743615512552,0.33983197630420137,0.013349497659009243,0.5673010901850797
666018,2024,R,0.31155558346470813,0.09635650914984199,0.2304659390106811,0.008535512851958568,0.6646420387357093
691406,2024,R,0.3094734037333274,0.06694177001392347,0.2511495805336091,0.013121530327264323,0.6687871184868912
665839,2024,R,0.31582208665572603,0.09804695842877299,0.2027144350392086,0.008599384970581015,0.6906392212546266
681508,2024,R,0.2844168725212625,0.08908501317419427,0.2691407011761141,0.008577667458684473,0.6331966186328594
678882,2024,R,0.2759226472240103,0.06025008541864453,0.2711406216824623,0.013105759358088961,0.6555035342308594
687093,2024,R,0.27847404696928635,0.060938629227464236,0.22029328457649036,0.013065452333505184,0.705702633002098
680776,2024,R,0.3243850712765548,0.08409433326112,0.22490186480238047,0.008081029715746618,0.6829227729631053
683737,2024,R,0.30923191314035614,0.0945426964217903,0.2639497689611232,0.008623445540573047,0.6328840889866879
673548,2024,R,0.346460239685271,0.11735268981293356,0.22560220550516252,0.015259458625578202,0.6417856459177299
663538,2024,R,0.31911373039248075,0.07587639577115797,0.135169152929571,0.013212637284207704,0.7757418140131667
664023,2024,R,0.3298048987426959,0.11646409577023144,0.27729490417961256,0.00881691886346859,0.597424081711223
670770,2024,R,0.31679168874348024,0.11417915891343862,0.1783712476086614,0.008576419481157307,0.6988731741360618
668715,2024,R,0.30618931776678526,0.10108823648720297,0.23367723901191412,0.014551010817432649,0.6506835139805556
663886,2024,R,0.3093357345121835,0.10846094867583508,0.2458815621095508,0.014095749050864064,0.6315617399888437
682829,2024,R,0.31393567545403667,0.08798833246227138,0.2930390086107807,0.008560727831586316,0.610411931382993
663697,2024,R,0.32183033063384897,0.1133654004379014,0.23437318286073933,0.015080512001360279,0.6371809047383332
571912,2024,R,0.27605377029596323,0.08532165252264735,0.26352253594802916,0.014224961096876251,0.6369308506656071
676679,2024,R,0.26005574715583124,0.07425836005600271,0.29513164822834187,0.013690374357514188,0.6169196176763363
643565,2024,R,0.3228730073395104,0.1330903986792681,0.2464580751853207,0.009049250450506618,0.6114022756987149
542194,2024,R,0.2880430813973647,0.03996652180383229,0.2611593460146431,0.011865359741353323,0.6870087713891249
682622,2024,R,0.29753138848530003,0.07838751748670263,0.2518598740463478,0.013273048175912279,0.6564795599181663
641584,2024,R,0.30735346848194656,0.10537096778300874,0.2335314090186582,0.00864387582231818,0.6524537471266149
664034,2024,R,0.3311860784951787,0.07456477775320582,0.18638005864863733,0.013593120748205676,0.7254620430807271
691718,2024,R,0.27288257310248343,0.09272323166271927,0.33241324881969897,0.008890970330498474,0.5659725497774404
670623,2024,R,0.3233214620300812,0.09271953979761015,0.1583689216610154,0.014162626772096272,0.7347489120413252
682634,2024,R,0.26005574715583124,0.07425836005600271,0.29513164822834187,0.013690374357514188,0.6169196176763363
668845,2024,R,0.26005574715583124,0.07425836005600271,0.29513164822834187,0.013690374357514188,0.6169196176763363
595909,2024,R,0.2973476669702525,0.08539045794939534,0.29458427625969386,0.00860008179780758,0.6114251833220685
656541,2024,R,0.30355924211286717,0.11217494595343022,0.3542448532184023,0.009161677430050242,0.5244185236592201
666134,2024,R,0.31683424286803064,0.11444093248189346,0.3316729250281994,0.00930532504343643,0.5445808174758919
571771,2024,R,0.3195921752989135,0.07599762159915094,0.20232326289540928,0.013504864375163697,0.7081742502957404
669242,2024,R,0.3058185954281424,0.09115267726221835,0.1734961857640568,0.008013592144094375,0.7273375446783195
571970,2024,R,0.3623993070261941,0.14592022817075254,0.2587329636412724,0.009200451646660564,0.5861463556423417
669911,2024,R,0.29452553649774466,0.09145998193845563,0.31659841393506744,0.008472369317466009,0.5834692350487645
641857,2024,R,0.32810610085396896,0.10153931230833636,0.3015173061616537,0.008802779927053108,0.5881406013999212
678662,2024,R,0.2903132472529462,0.04886858215525198,0.25438186869813717,0.013124085651215603,0.6836254641320014
606192,2024,R,0.3311210685437849,0.07588178115862641,0.28259767851631634,0.013954350486245052,0.6275661895660447
681546,2024,R,0.31684010511665234,0.12403297129289496,0.3247605977256098,0.009143627602764878,0.5420628032899473
660271,2024,R,0.3871449950158316,0.09272186632418253,0.24871601361060944,0.00833862589937664,0.6502234940765761
605131,2024,R,0.2989635087580823,0.12164557927705529,0.2413344803618585,0.014838355494564253,0.6221815853206131
681624,2024,R,0.26005574715583124,0.07425836005600271,0.29513164822834187,0.013690374357514188,0.6169196176763363
621035,2024,R,0.3059727712879882,0.1087656120764928,0.28996952011530597,0.014762947257263393,0.5865019195089686
687597,2024,R,0.26005574715583124,0.07425836005600271,0.29513164822834187,0.013690374357514188,0.6169196176763363
691011,2024,R,0.2844168725212625,0.08908501317419427,0.2691407011761141,0.008577667458684473,0.6331966186328594
605141,2024,R,0.3659651724934985,0.10229553272934357,0.14735291508281181,0.014264116128400173,0.7360874360823007
453568,2024,R,0.3360262388616199,0.06496537804156806,0.17669795698504281,0.007950577207250667,0.7503860881370685
681481,2024,R,0.3158460610083273,0.07334889647964017,0.22759291841241816,0.008381155316589757,0.6906770294204853
678009,2024,R,0.3273841633913119,0.10666626221665225,0.23460979817752606,0.008748248571232525,0.6499756908201428
656716,2024,R,0.31519607362023155,0.09570096796793108,0.20869344645215412,0.008359368387025046,0.6872462172758799
676070,2024,R,0.26265556231520804,0.07015900139264843,0.26317723162710105,0.013350623833769648,0.6533131426847948
666150,2024,R,0.2926209772581864,0.08442563488434106,0.2254233785949344,0.008342870714416672,0.6818081166069174
686676,2024,R,0.2624926766540816,0.056690522900183934,0.282392307075851,0.01270012238916564,0.6482170484025865
700242,2024,R,0.2844168725212625,0.08908501317419427,0.2691407011761141,0.008577667458684473,0.6331966186328594
679529,2024,R,0.3446997982163364,0.094774800399542,0.22167696100170906,0.01413518861621168,0.6694130499866396
690291,2024,R,0.2844168725212625,0.08908501317419427,0.2691407011761141,0.008577667458684473,0.6331966186328594
672761,2024,R,0.2844168725212625,0.08908501317419427,0.2691407011761141,0.008577667458684473,0.6331966186328594
682985,2024,R,0.3507658767166817,0.0939434647823269,0.24671383597459504,0.008669198404972501,0.6506735003173785
663837,2024,R,0.32820211784610004,0.08855398201673263,0.1988249864175859,0.014228522509899748,0.6983925082050135
682868,2024,R,0.26005574715583124,0.07425836005600271,0.29513164822834187,0.013690374357514188,0.6169196176763363
672820,2024,R,0.2846053876927872,0.053031754214970625,0.21981505732291598,0.013127109024702533,0.714026078639295
683734,2024,R,0.33336553146895703,0.06828947840810545,0.18029456196864493,0.013036916764004853,0.7383790426247616
676113,2024,R,0.2844168725212625,0.08908501317419427,0.2691407011761141,0.008577667458684473,0.6331966186328594
673357,2024,R,0.3231915009743305,0.04544312233779637,0.2657599305076353,0.012400142810928261,0.6763968051398298
668670,2024,R,0.2787393108860728,0.10560942027719881,0.32078737718381023,0.014345745417887024,0.5592574566139061
678246,2024,R,0.31128379164881775,0.10869643120139344,0.20856400969256986,0.014316004248724798,0.6684235547103067
690993,2024,R,0.2844168725212625,0.08908501317419427,0.2691407011761141,0.008577667458684473,0.6331966186328594
694359,2024,R,0.2844168725212625,0.08908501317419427,0.2691407011761141,0.008577667458684473,0.6331966186328594
672569,2024,R,0.2844168725212625,0.08908501317419427,0.2691407011761141,0.008577667458684473,0.6331966186328594
642136,2024,R,0.32316022616689655,0.13621694275716204,0.2704748644906246,0.008852877546965803,0.5844553151864571
592273,2024,R,0.3009708310081778,0.06503566425291471,0.24506307238051273,0.013425379055996717,0.6764758845266833
607680,2024,R,0.2990983949151322,0.04294376382418519,0.17758856650476498,0.012171484108365088,0.7672961849571429
665750,2024,R,0.31995321846379,0.08686860772336369,0.22630751393625045,0.008117672124704817,0.6787062066306045
641680,2024,R,0.3281483435420171,0.08547295171123588,0.184830504072245,0.008283159551078355,0.7214133844442835
663993,2024,R,0.36551456761141426,0.112012594077336,0.21476258785025984,0.008472369261391133,0.6647524481163588
694671,2024,R,0.26005574715583124,0.07425836005600271,0.29513164822834187,0.013690374357514188,0.6169196176763363
669701,2024,R,0.3177156395153615,0.12642620392066498,0.23458161544293238,0.008769753256594215,0.6302224278565854
543760,2024,R,0.3237436212881051,0.09145717249990032,0.1794528201103798,0.01413675000011531,0.7149532576568925
677649,2024,R,0.3059083678618654,0.05591169024782028,0.2546673815768897,0.012854427677244594,0.6765665001495192
687957,2024,R,0.2844168725212625,0.08908501317419427,0.2691407011761141,0.008577667458684473,0.6331966186328594
676572,2024,R,0.26005574715583124,0.07425836005600271,0.29513164822834187,0.013690374357514188,0.6169196176763363
605346,2024,R,0.240853751728314,0.05821619815986976,0.32676417171735855,0.013291682383343951,0.6017279476435606
621493,2024,R,0.33184627321744276,0.1017431064528433,0.22969708376714035,0.014044962520745429,0.6545148473487727
608671,2024,R,0.2918804683972638,0.13698702666674875,0.219468048661495,0.008739532435270661,0.6348053926502252
683021,2024,R,0.28773543348484215,0.09760938495646966,0.15930083920161459,0.013666241399429043,0.7294235345429074
686555,2024,R,0.2844168725212625,0.08908501317419427,0.2691407011761141,0.008577667458684473,0.6331966186328594
669003,2024,R,0.2970201635471296,0.11280030575975053,0.30955758720184084,0.008849602966198328,0.5687925043441954
641343,2024,R,0.3164645753681256,0.11761596151886375,0.26615647806332543,0.008601000119144876,0.607626560852332
655316,2024,R,0.3046864961835356,0.116371104691242,0.20534454358379034,0.014659513359212808,0.6636248380931007
694192,2024,R,0.26005574715583124,0.07425836005600271,0.29513164822834187,0.013690374357514188,0.6169196176763363
668930,2024,R,0.3074726961638962,0.10827798564858933,0.20784857312289529,0.008502054578950109,0.6753713872327081
687401,2024,R,0.272636467343963,0.06367726289327606,0.2786232751850742,0.013155533012620447,0.6445439279351596
596142,2024,R,0.3291356570853179,0.07040009837193464,0.26490958067057296,0.013913689050611395,0.6507766320487337
663368,2024,R,0.2953224757822888,0.15508490216409787,0.2719485947953128,0.009535154705107183,0.5634313481864476
543877,2024,R,0.3048602066264141,0.0700636434166653,0.18385677347959925,0.013637815575267118,0.7324417673185003
622534,2024,R,0.31426309017143494,0.07451599728306708,0.16686433001954082,0.013552188586285242,0.7450674848219562
571657,2024,R,0.2952764622657629,0.05187554864319634,0.1967216011696617,0.012890953413149536,0.7385118967123765
467793,2024,R,0.35238952273875895,0.11578146360993977,0.18449628134402193,0.00861902663792142,0.6911032292481813
676059,2024,R,0.31839108863556903,0.08740401306413927,0.24090959922399172,0.01319651127781886,0.6584898761137554
702616,2024,R,0.2844168725212625,0.08908501317419427,0.2691407011761141,0.008577667458684473,0.6331966186328594
543510,2024,R,0.28676908401170764,0.0548419794326407,0.2641014823543832,0.01294098922062273,0.6681155493396363
656896,2024,R,0.3236849816301434,0.07226611127586416,0.2072256634479449,0.013459422055972515,0.7070488031187503
668904,2024,R,0.33563866002323595,0.0808522313410889,0.20447663710167496,0.013210438388322279,0.70146069286488
686797,2024,R,0.2844168725212625,0.08908501317419427,0.2691407011761141,0.008577667458684473,0.6331966186328594
668885,2024,R,0.26005574715583124,0.07425836005600271,0.29513164822834187,0.013690374357514188,0.6169196176763363
666397,2024,R,0.3250752680895402,0.15942797819193794,0.28776456706872694,0.008985833481275768,0.5438216212788536
596103,2024,R,0.29989278340172326,0.10986080745815634,0.29674436053119074,0.01437450734216934,0.5790203255677804
677008,2024,R,0.29313663245947247,0.08069919192118277,0.2722885246297544,0.008371331979676972,0.638640950845821
663624,2024,R,0.343854590333466,0.05186557043740737,0.23332483692456457,0.012313603718340801,0.7024959888766595
681297,2024,R,0.304579559299166,0.11543596182713588,0.2771402452028659,0.00908176755224261,0.5983420255566969
668939,2024,R,0.35989889292746,0.10966123761908404,0.1640170462557061,0.008621872749262384,0.7176998441072233
656775,2024,R,0.33432894378130906,0.09424590293413238,0.18331960727687102,0.008452586100699381,0.713981903619748
656811,2024,R,0.34337396476723425,0.07951082743988086,0.2339155957348703,0.008340646664747185,0.6782329301758435
680577,2024,R,0.2844168725212625,0.08908501317419427,0.2691407011761141,0.008577667458684473,0.6331966186328594
683002,2024,R,0.36909491714578707,0.10102793845525229,0.23321961399624086,0.008215515433779488,0.6575369322160939
602104,2024,R,0.32071853794203675,0.10126516765420902,0.22703163657290185,0.014142196854113238,0.6575609990148555
665833,2024,R,0.35515138408540087,0.08655443837798361,0.2618813974801259,0.008513347408525192,0.643050816548988
668804,2024,R,0.34864183282609945,0.09866575513413692,0.218115085579327,0.008368903440050946,0.6748502555669034
693304,2024,R,0.275531896047846,0.08726789088766358,0.26752822668046666,0.014019325249319552,0.6311845570196193
683011,2024,R,0.3067623905314802,0.09838287114826762,0.2586989670263973,0.014363324833907067,0.6285548369547082
657077,2024,R,0.3538463265832835,0.08598771552900061,0.14267076149902502,0.008144761951988704,0.7631967615039301
542932,2024,R,0.3054009951804465,0.11573199117228254,0.22528419811041134,0.01461135564621647,0.6443724550849216
691176,2024,R,0.29642032207294783,0.09479660382455354,0.25537902923818356,0.008362317283364463,0.6414620497240848
669224,2024,R,0.31912463814380687,0.06677864758559834,0.2299907360720646,0.00795238156422532,0.6952782341297129
663757,2024,R,0.33197918985142844,0.13910543488915214,0.2627321977995049,0.009068694410749619,0.5890936731272683
650402,2024,R,0.3251314595162813,0.07962599004591932,0.21364846556971254,0.013590442353028892,0.693135100327746
678894,2024,R,0.28241098855920316,0.07087935143154774,0.27192146964606023,0.012965603654665935,0.6442335740449052
695257,2024,R,0.26005574715583124,0.07425836005600271,0.29513164822834187,0.013690374357514188,0.6169196176763363
694377,2024,R,0.26005574715583124,0.07425836005600271,0.29513164822834187,0.013690374357514188,0.6169196176763363
669707,2024,R,0.27067476842362065,0.09307913533131353,0.29657305574377796,0.014064969816094503,0.5962828388987486
624431,2024,R,0.29964476250210753,0.06805394872629397,0.17857501846103196,0.012018546656055812,0.7413524856498753
641943,2024,R,0.32738893870293645,0.09050807329916291,0.2035057124566033,0.00831502823447405,0.6976711854559862
663698,2024,R,0.2859000442558002,0.07324609827791048,0.3152779766137374,0.014180159209765522,0.5972957658227389
700250,2024,R,0.2844168725212625,0.08908501317419427,0.2691407011761141,0.008577667458684473,0.6331966186328594
663609,2024,R,0.29985719380601183,0.08920260599903419,0.3199347478392235,0.014367444340355884,0.5764952018993726
676475,2024,R,0.34686683424034453,0.06367171373480499,0.14659101525910262,0.007584173644571598,0.7821530971526341
680977,2024,R,0.34577029960980293,0.12270594377647415,0.16181003032334268,0.008656995697234063,0.7068270305450469
665877,2024,R,0.2812219295957394,0.09409713064013014,0.19466225997330738,0.014286227518022627,0.6969543819962928
666464,2024,R,0.2600744162845012,0.059316260209237616,0.34837053983706423,0.012775477269893868,0.5795377227217268
682641,2024,R,0.3034746736317485,0.07839626339158935,0.17260347005203586,0.01301341205145205,0.7359868552330995
687529,2024,R,0.2844168725212625,0.08908501317419427,0.2691407011761141,0.008577667458684473,0.6331966186328594
686780,2024,R,0.26005574715583124,0.07425836005600271,0.29513164822834187,0.013690374357514188,0.6169196176763363
695336,2024,R,0.26005574715583124,0.07425836005600271,0.29513164822834187,0.013690374357514188,0.6169196176763363
691023,2024,R,0.31727181224143614,0.06293986142363278,0.2451634794006544,0.011935430899598608,0.6799612285123262
592200,2024,R,0.2875609171289444,0.11414461008411549,0.27914207490374615,0.014494953904793014,0.59221836060742
689172,2024,R,0.2841695878541022,0.08944620248095005,0.2725576685135349,0.008578981042529793,0.6294171480995663
666149,2024,R,0.2666586956571074,0.09248367045162095,0.30121617651139054,0.01409921233693854,0.5922009411603768
624424,2024,R,0.33555779964498744,0.10304243930581605,0.23808734685634927,0.00876199153074399,0.6501082219135508
669477,2024,R,0.29980906776226884,0.058643627174964255,0.2268639870421412,0.012282444646617707,0.7022099406248066
672279,2024,R,0.2816587735388754,0.11262904375598207,0.28181086679347966,0.008994545432495855,0.5965655433240518
663457,2024,R,0.35607408150630154,0.13280499055262518,0.21322664547942216,0.008673270043147172,0.6452950938996727
622268,2024,R,0.2879070226341811,0.08156861482173806,0.22488584998411085,0.008247374978582456,0.6852981599093052
664774,2024,R,0.34993303932145287,0.13377426727954506,0.20054472346365756,0.008809293925838374,0.6568717157595324
573262,2024,R,0.3422711964198296,0.11376288598612906,0.23889414517225122,0.008913010669978464,0.6384299583735823
502671,2024,R,0.35433194770713905,0.09479644418337786,0.24112203799866752,0.014206033486081352,0.6498754845577728
656305,2024,R,0.3411796177224283,0.110989087248179,0.2724188858835501,0.014833296657708057,0.601758730357977
572761,2024,R,0.3546576175394018,0.15286095076230966,0.25233325326066947,0.009444506434018446,0.585361289828023
680474,2024,R,0.26005574715583124,0.07425836005600271,0.29513164822834187,0.013690374357514188,0.6169196176763363
668832,2024,R,0.2844168725212625,0.08908501317419427,0.2691407011761141,0.008577667458684473,0.6331966186328594
687231,2024,R,0.26005574715583124,0.07425836005600271,0.29513164822834187,0.013690374357514188,0.6169196176763363
680869,2024,R,0.2960787402579999,0.08605265541320022,0.27998924863784347,0.013634711854040185,0.6203233839813196
664913,2024,R,0.34378889913057303,0.08170572500014023,0.2473631974427023,0.008406180114593573,0.6625248975895947
691016,2024,R,0.3109935417856593,0.08175207932220896,0.28743332015380446,0.00832623702355807,0.622488363232936
667670,2024,R,0.3167214875507853,0.08634812472572505,0.31859875290508544,0.014267364057864265,0.5807857585264442
668709,2024,R,0.3213371285418511,0.1311093559820061,0.25359816252857204,0.00871886146610725,0.6065736192645299
669397,2024,R,0.27518040796891224,0.08507516872117522,0.1965035848355919,0.013467261780083522,0.704953984976191
660844,2024,R,0.2844168725212625,0.08908501317419427,0.2691407011761141,0.008577667458684473,0.6331966186328594
645302,2024,R,0.27967463502086026,0.0759410156218947,0.24231887174841335,0.01347502100473749,0.6682650923479211
668942,2024,R,0.31646575664747,0.11766650566502765,0.20391564423244277,0.008450717899584423,0.669967132712533
641487,2024,R,0.3358181680863685,0.12670527180812233,0.175803365945848,0.008687704013270608,0.6888036589496395
593871,2024,R,0.35267537487374095,0.10222249681311862,0.18025213031267526,0.008552839288692299,0.7089725330670045
663662,2024,R,0.2820377670281024,0.08081505703124243,0.2863678373749227,0.013681050647455315,0.6191360548941786
457759,2024,R,0.3429654670890555,0.08497073550640874,0.16246678999505648,0.014002769796746204,0.7385597052788893
670042,2024,R,0.33048779473505574,0.08158529225949472,0.27730693804601336,0.008195526417977416,0.6329122444145472
668227,2024,R,0.3235711236220777,0.08898548595590729,0.23634831561422098,0.014505242325868133,0.6601609561251166
663728,2024,R,0.3287694484349996,0.08510503840064401,0.2754934168736314,0.008614195230496906,0.6307873491745372
677594,2024,R,0.34745994529501445,0.05831317880047774,0.2410157991386397,0.012793294729904996,0.6878777273637933
663527,2024,R,0.3142557202961991,0.1014445669658697,0.21527773445363943,0.014206529007519113,0.6690711692189897
694388,2024,R,0.2844168725212625,0.08908501317419427,0.2691407011761141,0.008577667458684473,0.6331966186328594
672642,2024,R,0.2844168725212625,0.08908501317419427,0.2691407011761141,0.008577667458684473,0.6331966186328594
680718,2024,R,0.2844168725212625,0.08908501317419427,0.2691407011761141,0.008577667458684473,0.6331966186328594
676914,2024,R,0.28110684145664105,0.11799602959227896,0.3426110017852316,0.015049902309642569,0.5243430663709264
676391,2024,R,0.2965806773394861,0.06456233263961796,0.1390552602328057,0.012267238902184749,0.7841151686727459
687462,2024,R,0.2844425461802742,0.0833503062281637,0.23574035003185118,0.00831567675471449,0.6725936666833279
682729,2024,R,0.2844168725212625,0.08908501317419427,0.2691407011761141,0.008577667458684473,0.6331966186328594
665489,2024,R,0.3750594904588287,0.06481668844387821,0.16127137289960491,0.012642480091998682,0.7612694588006841
623168,2024,R,0.28146619182734356,0.09315700905953836,0.1798395406451265,0.008489509401448582,0.7185139407375956
681393,2024,R,0.26005574715583124,0.07425836005600271,0.29513164822834187,0.013690374357514188,0.6169196176763363
669364,2024,R,0.2914968570483834,0.09686793760334408,0.19496066024170583,0.008208613084459788,0.6999627884750343
669394,2024,R,0.30972691271724656,0.060588792072813785,0.29375753762473067,0.01270390222227296,0.6329497681240561
663743,2024,R,0.32147970688823785,0.08259151748532409,0.17150938782009878,0.012678770877484842,0.7332203243133751
665052,2024,R,0.2844168725212625,0.08908501317419427,0.2691407011761141,0.008577667458684473,0.6331966186328594
672640,2024,R,0.26961543756295936,0.08889795285434725,0.27163082622580126,0.014040370883785007,0.625430850433349
667472,2024,R,0.3075184481191062,0.07343888760216867,0.2541779931994951,0.013489759126170916,0.6588933604820996
660821,2024,R,0.3435765431217912,0.07803746356284165,0.2422977380898596,0.008138949410409041,0.6715258496813554
681146,2024,R,0.294293737540381,0.1150145270085902,0.19287377432898353,0.01496797276472634,0.6771437257453495
660766,2024,R,0.29952391515701093,0.06791980276910554,0.23221914392844853,0.013773218474964776,0.6860878357023742
695578,2024,R,0.2844168725212625,0.08908501317419427,0.2691407011761141,0.008577667458684473,0.6331966186328594
671277,2024,R,0.3279695280366091,0.053640471922672614,0.14587991391928942,0.006821239273900996,0.7936583750940469
671117,2024,R,0.2844168725212625,0.08908501317419427,0.2691407011761141,0.008577667458684473,0.6331966186328594
696285,2024,R,0.28688128194803714,0.08360874319647228,0.2118686406844782,0.013626558010001209,0.6908960579029761
686452,2024,R,0.28186109918177205,0.10662227766417909,0.26532050109194305,0.008731516690156982,0.6193257044010974
671083,2024,R,0.2827875698978083,0.10018670847806437,0.2425664645541056,0.0135697885316112,0.6436770387838678
656941,2024,R,0.36902947888533566,0.11223939153279984,0.2791487380567131,0.008962059785352123,0.5996498112103578
596117,2024,R,0.2754615503324841,0.1185110924953554,0.2570918875911216,0.008834649881706602,0.6155623699855666
624641,2024,R,0.28650775735929856,0.0526463269573926,0.21453358097589606,0.013239199845338962,0.7195808921679341
665019,2024,R,0.31109567230986485,0.09304474363787194,0.2595362548068065,0.008742979894707844,0.6386760219049337
669016,2024,R,0.33029472415314415,0.09416119000696427,0.2902776936174533,0.008738318778135237,0.6068227978897072
664761,2024,R,0.33139120922264387,0.06816962691187864,0.19703698245823817,0.012932583012171012,0.7218608079289633
681082,2024,R,0.3333044569966811,0.09392463021922458,0.15745642531548273,0.007953156934767596,0.7406657880305542
642215,2024,R,0.2671759743888139,0.09082167124424455,0.3223687379862217,0.014287017384242864,0.572522573191516
607208,2024,R,0.32549209605030455,0.07398586348355052,0.20426491720287582,0.013355559276644058,0.7083936603764939
686611,2024,R,0.26005574715583124,0.07425836005600271,0.29513164822834187,0.013690374357514188,0.6169196176763363
677588,2024,R,0.28938620592320247,0.12229761211560539,0.27580134815791213,0.008915890405477956,0.5929851495038109
683083,2024,R,0.2844168725212625,0.08908501317419427,0.2691407011761141,0.008577667458684473,0.6331966186328594
608336,2024,R,0.37000604153406774,0.11470386120835738,0.36013957892982856,0.009119381948504495,0.5160371780170274
592206,2024,R,0.31933420054233497,0.055284152438559,0.2470347357999195,0.012764187023065157,0.6849169248247375
592518,2024,R,0.3686180488978536,0.06186707050851496,0.1787963883611936,0.012609456273569642,0.7467270842192268
595777,2024,R,0.32251598769659495,0.10939727401597342,0.18036754175221076,0.008732673779725572,0.701502510254634
593428,2024,R,0.33464960179187,0.07795507259338591,0.1748788038455147,0.013341864301534416,0.7338242590680581
592626,2024,R,0.35662909646520397,0.0926083687962519,0.23875717349157824,0.008653256798847427,0.6599812003094331
521692,2024,R,0.33775303787348493,0.025547073752775054,0.20976288987185707,0.012366657668572194,0.7523233788241944
624428,2024,R,0.3237969512056489,0.09571964957058056,0.13821537950328247,0.008286081356939612,0.7577788892145105
641658,2024,R,0.2682676427686823,0.09550395497032398,0.27692659451899015,0.014258776648308314,0.6133106735789587
543257,2024,R,0.3219943397685902,0.13254763813715034,0.23287700907605283,0.008762091556348807,0.6258132606894268
657557,2024,R,0.30547757076983845,0.07309364774239022,0.2577907378325508,0.01405649113573427,0.655059123202804
680118,2024,R,0.2848290882964607,0.0807781613254403,0.2806066651143636,0.013773489836798743,0.6248416837425731
663853,2024,R,0.2900701490149873,0.0628659868450772,0.29156010654603093,0.012991229954210344,0.6325826763043111
641933,2024,R,0.323291439243407,0.08012939250710388,0.29999819679256545,0.013934510716748734,0.6059379006296677
596115,2024,R,0.3113730244815402,0.06901431250596311,0.27548941659270826,0.013882786583795232,0.6416134842051158
664040,2024,R,0.3459418176759413,0.08904791106657241,0.26410509786413,0.008319751519744126,0.6385272394651429
650490,2024,R,0.3692754948664707,0.10749305857811958,0.15461734165627022,0.01394468085593671,0.7239449188429876
670764,2024,R,0.30412830011986736,0.14087890934249428,0.22456852549444647,0.008783228865839108,0.6257693363548823
666163,2024,R,0.30274303093946753,0.112959184292542,0.28206250805458943,0.008826804085098566,0.5961515035577938
643376,2024,R,0.33647381556514877,0.09997135157443392,0.19241244075164837,0.0140179381839331,0.6935982693151271
642350,2024,R,0.2868739800985219,0.0661130345644308,0.32400204374303476,0.013717065265020416,0.5961678559785352
665804,2024,R,0.2951108484896561,0.0929308331858305,0.2760282812973028,0.014119884298123692,0.6169210014504094
621020,2024,R,0.3240556794703314,0.08697139800047327,0.23690846848736843,0.013738361728471,0.6623817714073231
669289,2024,R,0.30583809754368396,0.08213134390093801,0.14477872969495725,0.013083735724185221,0.7600061906444592
621550,2024,R,0.3153363168732877,0.09379158299728495,0.3427792606954095,0.014579601085015954,0.548849555531137
641355,2024,R,0.33899092953837884,0.08680290725058837,0.23168332391520993,0.008785577643257462,0.6727281913272917
677587,2024,R,0.2635381814497147,0.08033941694328071,0.24859485217982,0.008355456425315176,0.6627102742365428
678877,2024,R,0.26005574715583124,0.07425836005600271,0.29513164822834187,0.013690374357514188,0.6169196176763363
666310,2024,R,0.3182749821206273,0.1004066964293451,0.23486482302908004,0.008715007700400122,0.6560134724256393
518792,2024,R,0.3432546104208225,0.07899292471244083,0.16078317478399687,0.008004049638008095,0.7522198510502764
701305,2024,R,0.26005574715583124,0.07425836005600271,0.29513164822834187,0.013690374357514188,0.6169196176763363
572138,2024,R,0.3085030074415376,0.10040292563065165,0.26049851604963553,0.008681692680507818,0.630416865421351
665926,2024,R,0.2966313056563714,0.06877253753408732,0.2142229603447223,0.008086266117997665,0.7089182357222968
657041,2024,R,0.315463031441078,0.10287682734885228,0.2243153871052522,0.014237113941385474,0.6585706708875951
647304,2024,R,0.3583672399711387,0.057515108772127496,0.14970762546295222,0.007204902120325946,0.7855723634762221
608070,2024,R,0.35554885955227417,0.0866543231444556,0.1329709560128441,0.008413951187566531,0.7719607698342302
605170,2024,R,0.33206962148115743,0.09663687170998436,0.1942632550964311,0.008260987865724741,0.700838885545841
663656,2024,R,0.39500154417729083,0.09124688186580976,0.15403254583300485,0.007840201711855085,0.7468803716076787
665161,2024,R,0.3054748260804134,0.05874746870091017,0.21938905712518006,0.012570631859852958,0.709292842272953
700932,2024,R,0.2844168725212625,0.08908501317419427,0.2691407011761141,0.008577667458684473,0.6331966186328594
686823,2024,R,0.31114924996342874,0.054852507785796936,0.13736118007013595,0.007261829450089517,0.8005244828386939
666197,2024,R,0.27060316340770496,0.08345166896857982,0.31052165561491335,0.014152180338397994,0.5918744945931137
676694,2024,R,0.29875492780203444,0.0932917068581811,0.2505745192260519,0.013537582933268167,0.6425961910879123
643289,2024,R,0.29633569405088134,0.053087674627103565,0.15776647849223432,0.012190156857074155,0.7769556904836064
669257,2024,R,0.3428210997714629,0.10503958529623529,0.187604881802564,0.014493442127460872,0.6928620904664655
666158,2024,R,0.32296145860210695,0.11010072818625818,0.22208365325349994,0.008481242048617357,0.659334377009398
696100,2024,R,0.286604578142928,0.06625326420420127,0.3062014568892569,0.013086319763109321,0.6144589585830972
595281,2024,R,0.3002753720016453,0.07381152036955739,0.22024843648907347,0.007810082516577431,0.698129960979201
628451,2024,R,0.3070238186367819,0.06998817453324949,0.1683136554573561,0.013338488962045151,0.7483596804246736
669234,2024,R,0.26005574715583124,0.07425836005600271,0.29513164822834187,0.013690374357514188,0.6169196176763363
693307,2024,R,0.26005574715583124,0.07425836005600271,0.29513164822834187,0.013690374357514188,0.6169196176763363
643217,2024,R,0.33769043860575915,0.08312238476690931,0.17389380550370181,0.008195623622832177,0.7347881858879454
642020,2024,R,0.27548673713785654,0.0584481792078349,0.281902646873411,0.013016954196269666,0.6466322194846585
681351,2024,R,0.3006650075933775,0.07157772219048127,0.2503365905139399,0.013219024539007328,0.6648666627761934
608348,2024,R,0.3088901275980975,0.09923532796818851,0.2286710956536115,0.014367719437908108,0.65772585703304
680716,2024,R,0.25260910729009606,0.0778611292545394,0.30293792895498034,0.013815509920160663,0.605385431813605
666969,2024,R,0.329659649357888,0.06196779635758559,0.25858434519544704,0.013393573295142415,0.6660542859923461
656555,2024,R,0.3416694902415782,0.10666187668072848,0.24669011809927746,0.015110490305724176,0.6315375146814319
642715,2024,R,0.3074485687453424,0.08417794334258125,0.26798444520849507,0.014086601460778482,0.6337510098932283
661388,2024,R,0.32353527925634235,0.08260090701219673,0.25474220323604185,0.013778538586495392,0.6488783506329752
680777,2024,R,0.3001621385658635,0.08463071344967528,0.29959552245431026,0.013794650846773,0.6019791133147876
623993,2024,R,0.34724582713775926,0.06573544082374096,0.19061007647026829,0.008119315109298968,0.7355351683044987
643396,2024,R,0.299153953139322,0.07863761314554274,0.15621951823169333,0.013465458111907217,0.7516774106546401
518735,2024,R,0.33889355548500055,0.12455824173352567,0.25177409559878383,0.008836660701263623,0.6148310010136442
665862,2024,R,0.326820274268178,0.09123985112326491,0.25876756473179247,0.008607000343292212,0.6413855840785724
519317,2024,R,0.34317493441282687,0.07442962707309271,0.31027856027192896,0.013854236559810398,0.6014375757732645
592450,2024,R,0.3836720830594404,0.09762305926094465,0.3106422387602548,0.013846238003977728,0.5778884629912348
665742,2024,R,0.4025529765435219,0.15068761124609656,0.18733785311706205,0.008620126344578033,0.6533544092818532
665828,2024,R,0.3058698853412557,0.08900958883003558,0.22142084461466144,0.008381780773097744,0.6811877858350692
519203,2024,R,0.36996065911165976,0.07968482382619443,0.17812709267795193,0.008393349479673216,0.7337947351833153
691026,2024,R,0.2924430065512522,0.10009988424971289,0.2178947638794041,0.014312544914808956,0.6676928066039689
671218,2024,R,0.2828342217895735,0.06792038434809973,0.2902357041823497,0.013496639674222937,0.6283472715649985
672275,2024,R,0.31569734015596557,0.105851693958662,0.2473758757306893,0.008584203922128034,0.6381882267363309
592192,2024,R,0.32153636066877467,0.11035163043713213,0.21749152969219646,0.014937566008991916,0.6572192735666786
571745,2024,R,0.31467817181128716,0.08545519916024283,0.26784370127697416,0.013815927974570985,0.6328851716765315
669127,2024,R,0.3033454558753881,0.06806321522413845,0.3023119710533013,0.013476384965186208,0.6161484291532621
671732,2024,R,0.3060250129052404,0.09972630602669634,0.27757012268605347,0.008544117651502123,0.6141594538486757
805779,2024,R,0.26005574715583124,0.07425836005600271,0.29513164822834187,0.013690374357514188,0.6169196176763363
664238,2024,R,0.29922430996131816,0.12052417571000702,0.29605754061058576,0.014991484744869539,0.5684267980947287
672386,2024,R,0.3563834940246039,0.10491711807755312,0.13865663234664322,0.014175840558467575,0.7422504094096266
664770,2024,R,0.29602632943246593,0.08080105193553691,0.22976227711772268,0.008276899770829958,0.6811597715631671
543807,2024,R,0.33853537487759816,0.09374641633473722,0.21429742267496957,0.013990825902308919,0.6779653344800333
640902,2024,R,0.26005574715583124,0.07425836005600271,0.29513164822834187,0.013690374357514188,0.6169196176763363
691594,2024,R,0.26005574715583124,0.07425836005600271,0.29513164822834187,0.013690374357514188,0.6169196176763363
592663,2024,R,0.3258369034219213,0.06654721427788045,0.2081741283700188,0.013612363107613532,0.7116662942430313
660688,2024,R,0.3312056355089396,0.06008990706291241,0.1060642886311979,0.0072473850287948505,0.8265984192963104
677950,2024,R,0.31213224622453356,0.08506561508538427,0.19904076805516707,0.008168175900985938,0.7077254406140003
656976,2024,R,0.3342045773795968,0.10576753284031873,0.16196261597679454,0.00814767249968155,0.7241221791882142
543309,2024,R,0.3081951905501746,0.06733273186079063,0.2563516388071403,0.012510308305052545,0.6638053205887912
807799,2024,R,0.3463682828647553,0.09035205993741012,0.1459057598677959,0.008025666725834399,0.7557165129099964
666181,2024,R,0.31709159352967037,0.1302678203230052,0.2944115635404589,0.008891395151928366,0.5664292212843434
680757,2024,R,0.32993131374534523,0.12714081328103038,0.1026017601027625,0.008479017179109436,0.7617784093983783
682177,2024,R,0.2844168725212625,0.08908501317419427,0.2691407011761141,0.008577667458684473,0.6331966186328594
608324,2024,R,0.3417171517713143,0.10755444800238027,0.1440155131199018,0.013929077457939603,0.734500961904133
514888,2024,R,0.31233339413003175,0.06698711940058254,0.13992116211213718,0.012822306162251154,0.7802694123446609
673237,2024,R,0.31891915022543965,0.03360178560438443,0.20932184251059854,0.011513611462861372,0.7455627611899907
663898,2024,R,0.319413130811998,0.0690818235560125,0.21117185069303557,0.012814026235576762,0.7069322991046865
607732,2024,R,0.292529680382624,0.09108315805468287,0.21908381998003673,0.013793877641143162,0.6760391449529449
686668,2024,R,0.26429856359791015,0.07064110015309946,0.3321699417524454,0.013438877118796023,0.5837500812476447
657757,2024,R,0.33646943765305537,0.07897822672332352,0.17915645938778343,0.008353742262663784,0.7335115712936512
670032,2024,R,0.2987865127795542,0.1083014076403955,0.1432836082442783,0.008063473593153883,0.7403515107455553
622110,2024,R,0.3005489163417662,0.07649190265783215,0.1884526886603649,0.013243614841332315,0.721811793691538
608385,2024,R,0.3522781696862489,0.117157938504488,0.18404907389934494,0.008272191221188831,0.690520796063136
621439,2024,R,0.3110707423657693,0.06477040273580932,0.2875904325450018,0.013598112675239091,0.634041051999951
621043,2024,R,0.34540183688290577,0.08132506967073794,0.2188324838647606,0.013308302609040604,0.6865341441984703
650559,2024,R,0.32682284918201066,0.05883336651287023,0.2098584175674604,0.013075903957932159,0.7182323121538017
457705,2024,R,0.33592278875347176,0.11563684383833735,0.2232412969416015,0.014617820635197211,0.6465040387842954
671056,2024,R,0.2987985235399174,0.10832839233572453,0.28994627715072363,0.014926404467921801,0.5867989261536112
571448,2024,R,0.3357614104376449,0.05372344275520083,0.16449188019271027,0.012922432970788164,0.7688622443498303
660644,2024,R,0.29212300522231005,0.08897285537704824,0.20218709049196676,0.008163653338181635,0.7006764011123091
669065,2024,R,0.3159255149440081,0.06929335725185054,0.25987341339877523,0.008033341565921401,0.6627998876238749
677870,2024,R,0.26005574715583124,0.07425836005600271,0.29513164822834187,0.013690374357514188,0.6169196176763363
669720,2024,R,0.310378736213113,0.06191543393790912,0.2115673092377719,0.012708874322795976,0.7138083821595831
545121,2024,R,0.2993429099650753,0.08358617748031039,0.10528001506434097,0.00750309590211204,0.8036307116957055
656448,2024,R,0.29535397949637987,0.06974569757892682,0.2857219105841015,0.013013994232742068,0.6315183972759782
547180,2024,R,0.3927934394863869,0.09295109592647856,0.21727476679589436,0.008354123162791539,0.6814200145748739
666160,2024,R,0.2842510230742997,0.051117164563450994,0.3144862846346807,0.008085160576000271,0.6263113908416272
687263,2024,R,0.2946562238167842,0.07933122999966963,0.2596369458737659,0.013639233320567108,0.6473925905955471
687363,2024,R,0.2844168725212625,0.08908501317419427,0.2691407011761141,0.008577667458684473,0.6331966186328594
518692,2024,R,0.3861011370831639,0.07872186839527245,0.1824662703599126,0.008264916375497476,0.7305469448898523
650489,2024,R,0.28576070797624314,0.06178359254562701,0.2683326323227254,0.008251413464589021,0.661632361362152
663616,2024,R,0.3233098589767778,0.10165417374823207,0.3158891694012241,0.008736088791788653,0.5737205678246645
656537,2024,R,0.2668416079340012,0.06769533818526939,0.2909296221891141,0.01274461214204273,0.6286304267432141
606992,2024,R,0.2900007601024322,0.06264012424813978,0.29958948287306136,0.013489275757313453,0.6242811176328709
686217,2024,R,0.2915664398621641,0.11482389392964554,0.17285951183600534,0.008506526055136784,0.7038100686190515
694384,2024,R,0.3010854555660547,0.10893525819465215,0.1731283065445665,0.008301218027461341,0.7096352167191889
694362,2024,R,0.26005574715583124,0.07425836005600271,0.29513164822834187,0.013690374357514188,0.6169196176763363
694376,2024,R,0.26005574715583124,0.07425836005600271,0.29513164822834187,0.013690374357514188,0.6169196176763363
641598,2024,R,0.3379848383917001,0.12050821050992369,0.25693127460478277,0.01515713394414056,0.6074033819795026
500743,2024,R,0.30365661954475204,0.06401949700310793,0.13726513957305733,0.012854775290396499,0.7858605876965684
679822,2024,R,0.26005574715583124,0.07425836005600271,0.29513164822834187,0.013690374357514188,0.6169196176763363
621028,2024,R,0.29781933902430724,0.064928940904518,0.13068638367936622,0.012573215257923232,0.7918114598847315
605137,2024,R,0.35872949937881404,0.08956281380201969,0.19672177402214838,0.00829121479295853,0.7054241978546757
664702,2024,R,0.31106911214840083,0.12735943026505192,0.17207847265644788,0.014601992975266147,0.6859601049797482
642708,2024,R,0.29426054331222457,0.051705098930479254,0.19375548024822953,0.012808252260391064,0.7417311683079699
682657,2024,R,0.2844168725212625,0.08908501317419427,0.2691407011761141,0.008577667458684473,0.6331966186328594
669304,2024,R,0.30416882223720915,0.06309058919967944,0.20045718057168968,0.01311415710587705,0.7233380724251098
670242,2024,R,0.34064496562045304,0.11157271430909876,0.33538414766614255,0.009017217243765712,0.5440259203452341
679032,2024,R,0.2639242472149283,0.048304443843049764,0.23834629020449857,0.0125617076676345,0.7007875584618456
645444,2024,R,0.27892532544949916,0.13045651326909816,0.24240398691752865,0.008763044045719665,0.6183764554949381
670156,2024,R,0.31259849402057166,0.1362875473761917,0.22285576433299284,0.008998514154696765,0.6318581741526483
702358,2024,R,0.26005574715583124,0.07425836005600271,0.29513164822834187,0.013690374357514188,0.6169196176763363
642133,2024,R,0.3548916794316668,0.07968729728069997,0.22911376597954033,0.008403589176403221,0.6827953466484743
670541,2024,R,0.4184075696061224,0.08866535408204478,0.21215554233807601,0.008358743982268506,0.6908203594440627
676116,2024,R,0.3210643759532537,0.14093277256491382,0.3322646836024663,0.00924859108878226,0.5175539519191825
595978,2024,R,0.26417548754651854,0.057338451243411775,0.2737022726601469,0.013372496958983716,0.6555867797386896
665782,2024,R,0.26005574715583124,0.07425836005600271,0.29513164822834187,0.013690374357514188,0.6169196176763363
669288,2024,R,0.27680989426306235,0.08588463039851991,0.33111329722725064,0.008812396424609162,0.5741896757288862
670869,2024,R,0.28303984899938855,0.09404812029897269,0.23177257551585423,0.008500866404181653,0.6656784372318925
656582,2024,R,0.30468674309565585,0.11812597446168362,0.23139604426800575,0.014327196668004827,0.6361507846005866
663967,2024,R,0.278237014202358,0.08425279015634714,0.2737312418622612,0.008545315352940496,0.6334706523286473
676439,2024,R,0.2844168725212625,0.08908501317419427,0.2691407011761141,0.008577667458684473,0.6331966186328594
670276,2024,R,0.29204556925957526,0.13784040357792168,0.24635275450265912,0.008943854749396941,0.6068629871863966
681807,2024,R,0.2786027392325863,0.059726425850792526,0.2585718088025225,0.01329530584706018,0.6684064589997688
691723,2024,R,0.26005574715583124,0.07425836005600271,0.29513164822834187,0.013690374357514188,0.6169196176763363
646240,2024,R,0.37224369302124144,0.05562104632571699,0.20644317233452206,0.007824950643780052,0.7301108306400841
665953,2024,R,0.26005574715583124,0.07425836005600271,0.29513164822834187,0.013690374357514188,0.6169196176763363
682928,2024,R,0.3217014767066156,0.05696745759138224,0.1774373131856938,0.0076396823080970636,0.7579555465376769
682617,2024,R,0.26947298123058544,0.09822957401279607,0.3362394946724817,0.014003365669993644,0.5515275662744872
665506,2024,R,0.2746666326919387,0.07473196285026085,0.2867805334247766,0.013396804452363463,0.6250906989861722
677956,2024,R,0.26005574715583124,0.07425836005600271,0.29513164822834187,0.013690374357514188,0.6169196176763363
593160,2024,R,0.3061695119060813,0.06685832690121267,0.1637177481781839,0.012989894508061916,0.7564340300509882
677941,2024,R,0.25083290008699966,0.06531181036019539,0.3152846859237979,0.013216364901461598,0.6061871390497828
641779,2024,R,0.2928881381007167,0.10407750831589675,0.2797993746486442,0.013992047007455325,0.6021310691667723
668853,2024,R,0.2844168725212625,0.08908501317419427,0.2691407011761141,0.008577667458684473,0.6331966186328594
673962,2024,R,0.3179623060556193,0.06607336806525645,0.26861682292551825,0.01235516117540522,0.6529546479147675
641645,2024,R,0.32099337916729664,0.13311976068940515,0.15536664695915464,0.00893748581198795,0.7025761067090512
649966,2024,R,0.30276520504921894,0.10763785109156253,0.22171522128485893,0.01480192244025491,0.6558450052731715
572191,2024,R,0.28382050788836216,0.07102075879376964,0.296686707999992,0.013707984774168805,0.6185845487969376
666182,2024,R,0.3684613109662868,0.057874798570451184,0.18390364772794737,0.012601796696232188,0.7456197557023192
594807,2024,R,0.3087774792424611,0.060771776386119,0.286945317046995,0.013384371352437438,0.6388985351812857
624415,2024,R,0.325379449744182,0.15020643751902882,0.24915352129191504,0.00892232872556338,0.5917177123240548
667452,2024,R,0.2999494628166626,0.08318150128589853,0.2266585148083395,0.01393489779620311,0.6762250852899069
650391,2024,R,0.3355529663324847,0.05229741786901751,0.22634120198742777,0.011928352763808558,0.7094330278006556
661531,2024,R,0.25068310097201846,0.0570051155135798,0.2643347262747631,0.013326038499793505,0.6653341194173501
680728,2024,R,0.2844168725212625,0.08908501317419427,0.2691407011761141,0.008577667458684473,0.6331966186328594
695238,2024,R,0.2844168725212625,0.08908501317419427,0.2691407011761141,0.008577667458684473,0.6331966186328594
592325,2024,R,0.3229593324617611,0.09841362471815934,0.2341272411978868,0.008404146455682162,0.659054988451016
605244,2024,R,0.2564260821937663,0.06177759109258001,0.3023973250445152,0.013433330456442365,0.6223917540514875
662139,2024,R,0.3241381962375527,0.09333291274151208,0.23257951397767518,0.008812567892175912,0.6652750047455076
608701,2024,R,0.31403648825195046,0.10975165571668939,0.2379430690243958,0.014401829706051025,0.6379034459195508
669137,2024,R,0.26005574715583124,0.07425836005600271,0.29513164822834187,0.013690374357514188,0.6169196176763363
669326,2024,R,0.26005574715583124,0.07425836005600271,0.29513164822834187,0.013690374357514188,0.6169196176763363
682073,2024,R,0.28905951898497484,0.12708520479571203,0.3075734788309738,0.014916780821164898,0.5504245360086067
621466,2024,R,0.31826087158394817,0.1081741930613005,0.28454305426042176,0.008868642989913328,0.598414109576887
663897,2024,R,0.2644395744818169,0.07641746004409078,0.2657688076459848,0.013857939934914536,0.6439557926026848
675961,2024,R,0.2579186757547426,0.08268328409898683,0.3004762691650141,0.013951207152201115,0.6028892400118275
665155,2024,R,0.313320720788593,0.10751804525192048,0.2403885972998261,0.00869024047751767,0.6434031169774765
676801,2024,R,0.30357586950778354,0.09608307952918854,0.2566297809181075,0.01422999109463561,0.6330571480087619
671289,2024,R,0.300243438315785,0.07326669020875343,0.18094514706096024,0.013643095198637325,0.7321450678594135
668952,2024,R,0.26390470466834737,0.09133429524864467,0.28260807949222194,0.013172507356143759,0.6128851177722003
656484,2024,R,0.2961984232480135,0.08889313627361593,0.26490256924964933,0.00853348191756771,0.6376708126846545
669200,2024,R,0.25669461224916656,0.0742416308185967,0.31444216603915365,0.013768095561200866,0.5975481081998321
669134,2024,R,0.3066447844749968,0.05680945675878461,0.17637771252344542,0.012844171278515826,0.7539686596212479
543685,2024,R,0.3612909630273991,0.11441909359286309,0.17085247348341853,0.014658602535838018,0.7000698302624381
666176,2024,R,0.2874965389670601,0.06700761500516361,0.322357907985463,0.014087494246563673,0.5965469832267218
641856,2024,R,0.30947836771717824,0.11091211420147778,0.2548744228971356,0.008666338218548132,0.6255471247373474
678489,2024,R,0.2844168725212625,0.08908501317419427,0.2691407011761141,0.008577667458684473,0.6331966186328594
680779,2024,R,0.3035063436824488,0.09164088452658851,0.2613639232887342,0.014312361965125985,0.6326828310799785
643446,2024,R,0.3320703151413809,0.07008885482679418,0.11961951287235757,0.007522499508455876,0.8027691324483496
668752,2024,R,0.2844168725212625,0.08908501317419427,0.2691407011761141,0.008577667458684473,0.6331966186328594
608369,2024,R,0.3887435674434072,0.07141314813085181,0.1863165892467703,0.007512701904714071,0.7347575604262856
642086,2024,R,0.3248446728385714,0.06815899847687394,0.20186240656023477,0.008113449967726227,0.7218651445916753
596146,2024,R,0.3624002567055133,0.095958920602283,0.18239233832039078,0.007994243788754607,0.713654496871914
672701,2024,R,0.2775420908565435,0.05782468873311046,0.23570107660345685,0.008097108486285866,0.6983771260316332
645305,2024,R,0.2649213416767631,0.0636096109782874,0.292955017535437,0.01296800612930277,0.6304673653545507
656577,2024,R,0.24960117143697738,0.05986188118984446,0.4230133006457096,0.014001393325322216,0.503123423922548
686469,2024,R,0.37818182590520594,0.08003338440246811,0.12447672693707301,0.007657601418230814,0.7878322865828832
642731,2024,R,0.296119869818837,0.059922056578315744,0.19400625008401035,0.012578357339932152,0.7334933355749756
666152,2024,R,0.28258236114631574,0.11413080352153099,0.25224227301120417,0.008657273744483388,0.6249696498724332
595284,2024,R,0.28683879465337747,0.1040348744112956,0.30131950133771446,0.008867378195845281,0.5857782452159541
681460,2024,R,0.2844168725212625,0.08908501317419427,0.2691407011761141,0.008577667458684473,0.6331966186328594
518934,2024,R,0.34901846903038236,0.10085256509222829,0.1685975954507477,0.013946627582810787,0.7166032117383194
694355,2024,R,0.26005574715583124,0.07425836005600271,0.29513164822834187,0.013690374357514188,0.6169196176763363
678225,2024,R,0.31427591817130074,0.10655936226048117,0.21947782431614823,0.008597225962390065,0.6653655879378954
686527,2024,R,0.31662406228336304,0.05493310591275904,0.22489503039484746,0.007900306868020871,0.7122715570407162
575929,2024,R,0.3170985590223242,0.070226477993513,0.2652631409298332,0.013875972789454624,0.6506344082827152
647351,2024,R,0.3181516296292159,0.09274841671421159,0.17571883516600093,0.008365461798950558,0.7231672878877059
609280,2024,R,0.3139821053460676,0.048676050666950285,0.15814329555736767,0.012549619302808011,0.7806310351784747
542963,2024,R,0.26193304244451476,0.05542580761200085,0.22993791657847545,0.007831927986104003,0.7068043481135888
656413,2024,R,0.28056539612543985,0.0974341034646122,0.31020088275315055,0.014134772903453365,0.5782302405892915
595879,2024,R,0.29849089260047584,0.03103583495897815,0.2724317453740227,0.011186801420163718,0.6853456184428176
670224,2024,R,0.2844168725212625,0.08908501317419427,0.2691407011761141,0.008577667458684473,0.6331966186328594
669743,2024,R,0.30686323088427553,0.12482924549068951,0.21044231452093248,0.014982826323437006,0.6497456137234212
663550,2024,R,0.2674080645008763,0.06326579866487081,0.34901738685160566,0.008397419503488244,0.5793193940488767
672724,2024,R,0.27660115875294056,0.08090280016713494,0.2617306076488624,0.013532884150592901,0.6438337072417062
669369,2024,R,0.27449370619038793,0.10413330295764478,0.2830877005461456,0.008692529543458194,0.6040864666613266
672012,2024,R,0.2844168725212625,0.08908501317419427,0.2691407011761141,0.008577667458684473,0.6331966186328594
669357,2024,R,0.3465002166730981,0.09310208575813816,0.30062857821463884,0.00855898131827722,0.5977103549081736
600869,2024,R,0.31307324039815987,0.09443161685759655,0.23341013038596456,0.008637580834454896,0.6635206718548139
673490,2024,R,0.30418712006779247,0.11659085838999987,0.2020632215483834,0.014733709698210397,0.6666122100967066
694175,2024,R,0.26005574715583124,0.07425836005600271,0.29513164822834187,0.013690374357514188,0.6169196176763363
663586,2024,R,0.3519234902933826,0.06612038602419168,0.2538605059586977,0.013444344591829053,0.6665747637461279
663905,2024,R,0.3070155839529715,0.06673819132376739,0.24288199935242183,0.008057056887869634,0.6823227523885672
677942,2024,R,0.26005574715583124,0.07425836005600271,0.29513164822834187,0.013690374357514188,0.6169196176763363
663647,2024,R,0.33467419614507626,0.07861980018006089,0.1986550964356521,0.013830714342365514,0.7088943889085497
676632,2024,R,0.2959732410119005,0.09170903396213245,0.26119766866144006,0.008529270070843788,0.6385640273815888
668731,2024,R,0.3004863278494936,0.10504464666866727,0.2574329885995786,0.008632532271180304,0.6288898321577735
641432,2024,R,0.3495726819926268,0.07767993849827724,0.13701202321736422,0.007867251728678474,0.7774407861114304
678554,2024,R,0.2813377245559294,0.07291659165289353,0.23298464189089982,0.013313245394895992,0.6807855204628216
656180,2024,R,0.29784386798490176,0.08687265873721994,0.2914625445156258,0.01428056443912607,0.6073842324142947
592178,2024,R,0.3270119689054854,0.08281673699368079,0.2500061457418851,0.01340393788432944,0.6537731805144182
543063,2024,R,0.3182521572472936,0.08299889240206247,0.2270498202519054,0.008172123285194772,0.6817791639387824
665966,2024,R,0.26005574715583124,0.07425836005600271,0.29513164822834187,0.013690374357514188,0.6169196176763363
668723,2024,R,0.2613768282227354,0.06930575785348755,0.29031029502842837,0.013454889706489667,0.6269290565447057
623912,2024,R,0.3211553915313634,0.037787988388490006,0.17041252019984454,0.012175759943610993,0.7796237313615179
656883,2024,R,0.26857547914327456,0.06611553937080228,0.27578488401870893,0.013509362945494038,0.6445902139687447
592696,2024,R,0.3171252142619429,0.04607098298704543,0.1818691802799727,0.00726868768074047,0.7647911492363136
687799,2024,R,0.3031824851680379,0.11039228152602523,0.27327484286932596,0.00872563799220297,0.6076072374306688
669222,2024,R,0.3065483101715918,0.08592923599497823,0.20792388251681332,0.013206593611137235,0.6929402876019704
613564,2024,R,0.2894100101980413,0.09329542989008187,0.30672161269681325,0.008630037285987824,0.591352919351564
624503,2024,R,0.3219595201344606,0.051748694344473614,0.21131201536532365,0.007849394386312995,0.7290898964751431
650859,2024,R,0.3024505679448389,0.08701851080437596,0.1886028141023564,0.008089170037601722,0.7162895053123134
657088,2024,R,0.297890819989841,0.10872222236076153,0.24055561301114053,0.008773534850775895,0.6419486291912441
687066,2024,R,0.26005574715583124,0.07425836005600271,0.29513164822834187,0.013690374357514188,0.6169196176763363
805373,2024,R,0.26005574715583124,0.07425836005600271,0.29513164822834187,0.013690374357514188,0.6169196176763363
695391,2024,R,0.26005574715583124,0.07425836005600271,0.29513164822834187,0.013690374357514188,0.6169196176763363
642197,2024,R,0.26005574715583124,0.07425836005600271,0.29513164822834187,0.013690374357514188,0.6169196176763363
669261,2024,R,0.3373675037302603,0.1283695971395467,0.2983706861311526,0.009161419772525093,0.5640982969663988
682988,2024,R,0.26005574715583124,0.07425836005600271,0.29513164822834187,0.013690374357514188,0.6169196176763363
623520,2024,R,0.308980832287827,0.07388514545466769,0.2850305374310433,0.014060206800812675,0.627024110228931
681584,2024,R,0.2849375292704037,0.11427882372315391,0.31909526561223545,0.014777180090639159,0.5518487307571536
642851,2024,R,0.28110230985536333,0.08240729585851202,0.22377227898438803,0.014173336575302994,0.6796470890866935
679845,2024,R,0.28522042646552775,0.07988165990415388,0.21048199101634485,0.012937488852329647,0.6966988594926115
668800,2024,R,0.28320205334240667,0.06545050237799784,0.23909072369908776,0.012868313511698003,0.682590460049043
670097,2024,R,0.2907524599818203,0.11933555846366842,0.2615936719979247,0.014972848231808257,0.6040979206164786
621512,2024,R,0.266698339704958,0.04295992065680427,0.282146854039313,0.012164086651102479,0.6627291385859468
624512,2024,R,0.2899427595940316,0.07620498260453501,0.2020614549447096,0.007872249215294039,0.7138613133578857
671221,2024,R,0.29280944397048414,0.08693916422779904,0.2857447613777515,0.00872966825296864,0.618586406014421
592885,2024,R,0.3597211107660528,0.11165974706937498,0.22362295966579282,0.008550469115121447,0.6561668235400918
622761,2024,R,0.2992445192690313,0.0636704459227017,0.247270683546782,0.012574053923340843,0.6764848161584176
649557,2024,R,0.3135291315382993,0.058917195877018956,0.163285859184093,0.012814247937321851,0.7649826974733687
660636,2024,R,0.2899677759682812,0.080924941122999,0.22956870413504823,0.013408936539651957,0.6760974185803169
663330,2024,R,0.2836451758049281,0.10823912899828501,0.2896063094397075,0.014483363597772797,0.587671198617191
669374,2024,R,0.29396548302465847,0.07802885715745915,0.34808201814326967,0.014655435541371784,0.5592336886702273
656248,2024,R,0.2869269838386627,0.10559192951128686,0.28733620872395654,0.014419563698618262,0.5926522981267806
455117,2024,R,0.27938649428672574,0.07919037232283699,0.29027569774275397,0.01403211477122014,0.6165018145974264
527038,2024,R,0.32319493194996557,0.08401234543584032,0.14238599234666316,0.013661511999451164,0.7599401498928855
672744,2024,R,0.2605519405451792,0.065651362147595,0.30997477931940026,0.013482416214533024,0.6108914417105297
664901,2024,R,0.2757585912247219,0.10353837091500082,0.2438377413605907,0.014754379899775906,0.637869508176651
665561,2024,R,0.27903871243218903,0.0740857205656055,0.21515434004169015,0.008145763675223364,0.7026141758674397
664954,2024,R,0.28721513738049087,0.0786980848530538,0.2175696220896892,0.008202671706366937,0.6955296212876474
621458,2024,R,0.31391508096390786,0.08139026499813588,0.3152747512222736,0.008595001759015009,0.5947399817956063
681962,2024,R,0.25966792769981256,0.098633784491078,0.2783606520990616,0.014625715106557614,0.6083798478123694
621311,2024,R,0.28826724788232394,0.054437714066080174,0.2655481879146085,0.007895078840940137,0.672119018943621
605361,2024,R,0.3230425752773642,0.12322800391080772,0.20440391080579517,0.008647628563400464,0.6637204563869746
672356,2024,R,0.2897602399051643,0.07244630669502558,0.3274307197168859,0.01303419857001869,0.5870887745044089
593934,2024,R,0.3490987088205803,0.09657719317663864,0.32958042675286886,0.01456876150273099,0.5592736184183632
669208,2024,R,0.26005574715583124,0.07425836005600271,0.29513164822834187,0.013690374357514188,0.6169196176763363
608841,2024,R,0.32502433470023323,0.06349482699399281,0.19823467962697308,0.013169161625734668,0.7251013311231068
658668,2024,R,0.2923968478371289,0.06666659780166159,0.18848643846287938,0.013274087605018275,0.7315728762257661
680769,2024,R,0.2844168725212625,0.08908501317419427,0.2691407011761141,0.008577667458684473,0.6331966186328594
666703,2024,R,0.2598706672845238,0.08773062632149005,0.2894690567146134,0.014180736072876524,0.6086195807194615
571466,2024,R,0.2892692953044913,0.09065333941894285,0.22201623188890882,0.008331539758093576,0.6789988888897378
673995,2024,R,0.26005574715583124,0.07425836005600271,0.29513164822834187,0.013690374357514188,0.6169196176763363
641313,2024,R,0.28679894561249997,0.04170492364946295,0.2290683970044982,0.012974114759142428,0.716252565398036
660707,2024,R,0.268822067770803,0.053533885057716626,0.3199575640616956,0.013021707738217108,0.6134868433156908
605204,2024,R,0.3191023616398066,0.09179260115576797,0.27390556881919464,0.01406829050557855,0.6202335392326817
682119,2024,R,0.26005574715583124,0.07425836005600271,0.29513164822834187,0.013690374357514188,0.6169196176763363
641511,2024,R,0.26497502491900543,0.08078345444911396,0.2586947043708789,0.013603271244793469,0.6469185699839508
671286,2024,R,0.26005574715583124,0.07425836005600271,0.29513164822834187,0.013690374357514188,0.6169196176763363
676701,2024,R,0.2709030422245879,0.06380218422973782,0.240493254143955,0.012741465970557322,0.6829630954629318
670092,2024,R,0.2844168725212625,0.08908501317419427,0.2691407011761141,0.008577667458684473,0.6331966186328594
676369,2024,R,0.3024038952818553,0.08591944129286265,0.3211826577784962,0.01329152405028261,0.5796063769758356
640492,2024,R,0.28259138116664173,0.05341762721573072,0.22615217035425833,0.01248922638355004,0.7079409755742925
682619,2024,R,0.26005574715583124,0.07425836005600271,0.29513164822834187,0.013690374357514188,0.6169196176763363
693049,2024,R,0.3213209812613312,0.058924189456779824,0.25454940298956513,0.008079887963490054,0.6784465191785344
669450,2024,R,0.3119883061333016,0.12788474095280206,0.2702787416760697,0.008815065925968295,0.5930214506607989
691182,2024,R,0.2844168725212625,0.08908501317419427,0.2691407011761141,0.008577667458684473,0.6331966186328594
674441,2024,R,0.2844168725212625,0.08908501317419427,0.2691407011761141,0.008577667458684473,0.6331966186328594
675659,2024,R,0.2844168725212625,0.08908501317419427,0.2691407011761141,0.008577667458684473,0.6331966186328594
669087,2024,R,0.273130197208173,0.06323426576952962,0.36256957113341,0.01252220857031883,0.5616739543338968
666915,2024,R,0.3091131547135418,0.07270541678663256,0.3245858537812136,0.013505214566767208,0.5892035141030364
679881,2024,R,0.2842062804861827,0.0936641127128513,0.2965115143729882,0.008831877992884426,0.60099249460622
657061,2024,R,0.2778636820781355,0.0888512374265211,0.2462236578413238,0.008392179826777023,0.6565329239605346
543228,2024,R,0.30870651723828635,0.05808011165272417,0.21000528779680486,0.013235747420756531,0.7186788535641129
686554,2024,R,0.2844168725212625,0.08908501317419427,0.2691407011761141,0.008577667458684473,0.6331966186328594
596129,2024,R,0.34727923058581794,0.13578899606673403,0.23651689452878139,0.00925877365217413,0.6184353360511554
547989,2024,R,0.34932816079887985,0.04547640460545817,0.21973213492632848,0.013759387079106246,0.7210320733694503
666135,2024,R,0.3225143668154666,0.07505930762405659,0.21431806672508144,0.008193054162710552,0.7024295713982017
643265,2024,R,0.3382075699560896,0.07761597285190923,0.2384987044460751,0.013297520512886516,0.6705878025464022
683146,2024,R,0.3327139973396064,0.09043504798349294,0.2521941740487592,0.008379853076478263,0.6489909237545973
605119,2024,R,0.31778893462128255,0.08833483743695855,0.2443134886258341,0.013827463383683989,0.6535242104822643
677347,2024,R,0.2534496860905227,0.08369347212229668,0.33528610963015,0.014012406737726375,0.5670080111878724
667428,2024,R,0.26005574715583124,0.07425836005600271,0.29513164822834187,0.013690374357514188,0.6169196176763363
621545,2024,R,0.24651745994502094,0.08562298060015164,0.2993587796798029,0.01429490019988807,0.6007233391928605
664874,2024,R,0.2535368168296609,0.07934987370189665,0.3527807607012822,0.014284757751561558,0.5535846084200415
663611,2024,R,0.3072973133443781,0.08556040208609678,0.10133368205521007,0.013802347220856192,0.799303568696901
553882,2024,R,0.30444031972721775,0.0988907511278249,0.20219800228182297,0.008561128290682132,0.6903501188582993
645801,2024,R,0.33433594035840974,0.11648225266467721,0.24276287594679594,0.008577144745125427,0.6321777269515064
680911,2024,R,0.2965606862572846,0.06866761106644495,0.2017093802011473,0.013203031263921678,0.7164199771498243
664314,2024,R,0.29199809088125633,0.11070928801593113,0.30912576816939646,0.008761037761218627,0.5714039049998754
694497,2024,R,0.3045587151444791,0.13884928717547396,0.29083686670903275,0.009115965207644645,0.5611978806445944
663630,2024,R,0.2766554447964794,0.09884298060083188,0.3289452999595271,0.014199254365709067,0.558012465314916
660670,2024,R,0.3810921373328066,0.08904539934867403,0.227381512169295,0.014153431913484255,0.6694196567520696
644433,2024,R,0.2565878244268124,0.06139686341997875,0.2890956314505399,0.012949339498278756,0.6365581657977298
665923,2024,R,0.253905335061565,0.07416998134610607,0.22298758166537308,0.013436589618688106,0.6894058470001867
666165,2024,R,0.3015220095728992,0.09576961043817656,0.3127342330166137,0.008404464016716967,0.5830916916624496
668843,2024,R,0.3023371660153519,0.11551559500375845,0.23203532443106306,0.008656134171729231,0.6437929475938664
669699,2024,R,0.28253062905491555,0.07922905201060598,0.2764864570554614,0.00844525223746836,0.6358392391635166
676896,2024,R,0.26005574715583124,0.07425836005600271,0.29513164822834187,0.013690374357514188,0.6169196176763363
542364,2024,R,0.3132949953906934,0.10268080280457148,0.185834328911296,0.008447652196110272,0.7030372155594145
621563,2024,R,0.3091391587898029,0.06903274476823511,0.16660649455908347,0.007440600853494249,0.756920159889941
664059,2024,R,0.2945271564241374,0.11321687442712167,0.2560779136074957,0.008591591310085588,0.6221136208544836
592348,2024,R,0.2957332497973202,0.0913654918400775,0.30535475460105155,0.008945228383405474,0.5943345247463051
808982,2024,R,0.2844168725212625,0.08908501317419427,0.2691407011761141,0.008577667458684473,0.6331966186328594
687952,2024,R,0.30643507259625297,0.05637862111385675,0.28454227878735816,0.013206661940955067,0.645872438112804
501303,2024,R,0.29741809573845707,0.10373010362396425,0.20078871715889832,0.008413933348537342,0.6870672465975649
670223,2024,R,0.3204295994573444,0.08465920133759995,0.26686716989566384,0.00849796663875012,0.6399756614713953
608596,2024,R,0.2861608079757117,0.07586331377337485,0.32751173219336643,0.014059234682847857,0.5825657191949639
686894,2024,R,0.2814428774329302,0.08852239582579004,0.2886279686090629,0.013886407500247196,0.6089632281031755
688363,2024,R,0.2844168725212625,0.08908501317419427,0.2691407011761141,0.008577667458684473,0.6331966186328594
545361,2024,R,0.38753726295400714,0.10639990945580961,0.24618965169364343,0.015102083322639046,0.632308355117853
650907,2024,R,0.28842266569708885,0.06034925383025251,0.2969106315893492,0.013772358969061827,0.6289677550141229
543305,2024,R,0.3214796620624447,0.12274389490765364,0.21979305983808517,0.008710290851144135,0.6487527548678965
622569,2024,R,0.31347463926997526,0.09396649458060745,0.19051415388192008,0.01440822339751529,0.7011111279213792
666211,2024,R,0.29217305735169447,0.11225683726632138,0.32262142562009605,0.008818114096824297,0.5563036225626901
664058,2024,R,0.2898216843144419,0.08782213724455569,0.10430249635714785,0.012727363407852079,0.7951480027874952
669352,2024,R,0.25078075237931396,0.06887321386358093,0.2775881731413391,0.01287486926746841,0.6406637430994297
541645,2024,R,0.31185020507664796,0.046864346783820614,0.25834816108873454,0.012248531633147519,0.6825389599695969
665856,2024,R,0.26005574715583124,0.07425836005600271,0.29513164822834187,0.013690374357514188,0.6169196176763363
607054,2024,R,0.3116913925430862,0.13074034233992232,0.2363092219428599,0.008920625468748528,0.6240298103744832
676946,2024,R,0.27022593894624763,0.09279350935447413,0.24509665680717424,0.014001965078149773,0.648107868711826
675915,2024,R,0.26005574715583124,0.07425836005600271,0.29513164822834187,0.013690374357514188,0.6169196176763363
665120,2024,R,0.3269836837275619,0.08840459111335862,0.25468121251183734,0.008377546888374573,0.6485366482207485
643393,2024,R,0.3003621637163616,0.11825192064837176,0.15896043676923016,0.008384347566477717,0.7144032947348337
660162,2024,R,0.32929409292570916,0.10601777426814571,0.29134219838958203,0.008872326288900846,0.59376770056726
669392,2024,R,0.25849423506290015,0.0811913992722453,0.28665946395895253,0.014105951733696841,0.6180431859842657
