pitches,swings,BBIP,PA
3.8919992553300276,1.824632188097342,0.6737794885375888,1.0
