metric,unit,vc_n50_native,obs_per_pa,vc_n50_pa_equiv,kind
whiff rate,swings,50.74044113268526,1.824632188097342,27.808586006364106,process
swing rate,pitches,120.46902332753153,3.8919992553300276,30.952992388822075,process
launch angle,BBIP,41.48038473601601,0.6737794885375888,61.56373923766589,process
exit velocity,BBIP,42.722580257616244,0.6737794885375888,63.40736247454472,process
spray angle,BBIP,81.97844720920683,0.6737794885375888,121.66955005878516,process
wOBA vs LHP,PA,190.21857318384116,1.0,190.21857318384116,outcome
wOBA vs RHP,PA,198.26657585289834,1.0,198.26657585289834,outcome
