treatment,n_bbip,n_hitters,vc_n50,vc_n50_lo,vc_n50_hi,splithalf_random_50
unclipped,1012258,2262,81.97844720920683,73.66466364238765,90.99315763838815,76.8626475999368
clipped_90,1012258,2262,76.48001404390322,68.08856770493593,84.90905835062861,70.42131410236081
dropped_gt90,1002557,2260,72.76448596795292,64.77614383589248,80.35553981944118,62.161306618307904
