head,grouping,cell,class,n_rows,observed,predicted,gap,relative_gap
swing,overall,all,positive,705307,0.4757701256332349,0.48500274063377025,0.009232615000535349,0.019405621545167496
swing,count,0-0,positive,180379,0.31457653052738954,0.31668829092347023,0.0021117603960806863,0.006713025897196802
swing,count,0-1,positive,91609,0.4893623988909387,0.4963055303286733,0.006943131437734618,0.014188117954035925
swing,count,0-2,positive,47794,0.49985353810101685,0.5152820664258446,0.015428528324827773,0.03086609806432895
swing,count,1-0,positive,68451,0.42593972330572233,0.43868310221713813,0.012743378911415804,0.029918268276352147
swing,count,1-1,positive,70954,0.544676832877639,0.5521681507737031,0.007491317896064054,0.013753692912705485
swing,count,1-2,positive,69530,0.5708758809147131,0.5831312117452159,0.012255330830502786,0.021467592589243915
swing,count,2-0,positive,23065,0.4078907435508346,0.4360188356642264,0.02812809211339179,0.06895986868573359
swing,count,2-1,positive,36464,0.5824648968845985,0.5902071250604913,0.0077422281758928735,0.01329217986749648
swing,count,2-2,positive,59349,0.6421506680820233,0.6528842467486266,0.010733578666603294,0.016715047106720865
swing,count,3-0,positive,7100,0.08295774647887325,0.09515505016849964,0.01219730368962639,0.14703031612283085
swing,count,3-1,positive,14857,0.5396109577976711,0.5583584666822213,0.018747508884550235,0.03474263932864698
swing,count,3-2,positive,35755,0.7059432247238149,0.7218366770458605,0.015893452322045643,0.022513782646279543
swing,handedness,LvL,positive,58198,0.4670607237362109,0.47084866248742513,0.003787938751214248,0.008110163322903643
swing,handedness,LvR,positive,256020,0.47013905163659087,0.4779488175082651,0.007809765871674257,0.016611608511328403
swing,handedness,RvL,positive,133645,0.4813199146993902,0.4914594270608838,0.01013951236149363,0.021066056175602654
swing,handedness,RvR,positive,257444,0.4804578859868554,0.4918655169307562,0.011407630943900793,0.023743248423261157
swing,two_strike,0,positive,492879,0.4232864455576318,0.4308279034098064,0.007541457852174638,0.017816440690038217
swing,two_strike,1,positive,212428,0.5975436383150997,0.6107001044281387,0.013156466113039,0.02201758209682632
contact,overall,all,positive,335564,0.7673796950805212,0.7561886761605084,-0.01119101892001273,-0.014583418080717468
contact,count,0-0,positive,56743,0.7518989126412069,0.7409682134168006,-0.01093069922440626,-0.01453745848096764
contact,count,0-1,positive,44830,0.741133169752398,0.7290376889877559,-0.012095480764642064,-0.016320252902299586
contact,count,0-2,positive,23890,0.7409376308078695,0.7250304569774038,-0.015907173830465693,-0.021468978182578688
contact,count,1-0,positive,29156,0.7628618466181918,0.7539769505144664,-0.008884896103725337,-0.011646795737803072
contact,count,1-1,positive,38647,0.7614562579242891,0.7511165655831511,-0.010339692341137963,-0.01357883953744593
contact,count,1-2,positive,39693,0.7569596654321921,0.743127570959255,-0.013832094472937095,-0.018273225251757043
contact,count,2-0,positive,9408,0.7955994897959183,0.7855744076105977,-0.01002508218532061,-0.012600664422110396
contact,count,2-1,positive,21239,0.7880785347709403,0.780437196548358,-0.0076413382225822835,-0.009696163371336188
contact,count,2-2,positive,38111,0.7856261971609246,0.7743825001493805,-0.011243697011544151,-0.01431176436348015
contact,count,3-0,positive,589,0.831918505942275,0.839302201951808,0.007383696009533036,0.008875503978806038
contact,count,3-1,positive,8017,0.8262442310091056,0.8119880037491705,-0.01425622725993514,-0.017254253312635873
contact,count,3-2,positive,25241,0.8288102690067747,0.8204883283085334,-0.008321940698241326,-0.010040827206706945
contact,handedness,LvL,positive,27182,0.7502391288352587,0.7481672684090707,-0.0020718604261880103,-0.0027616000639750153
contact,handedness,LvR,positive,120365,0.7774020687076808,0.7636481010999083,-0.013753967607772477,-0.017692218944871694
contact,handedness,RvL,positive,64326,0.7685383826135622,0.760762883586808,-0.007775499026754229,-0.010117255302607207
contact,handedness,RvR,positive,123691,0.7607910033874736,0.7483137600854872,-0.012477243301986407,-0.016400356006354744
contact,two_strike,0,positive,208629,0.7616247022226057,0.7511387164671269,-0.010485985755478766,-0.013767917092077128
contact,two_strike,1,positive,126935,0.7768385394099342,0.7644887355678467,-0.012349803842087503,-0.015897516942797514
split,overall,all,foul,257505,0.49363313333721676,0.5031606007033405,0.009527467366123699,0.0193007047596523
split,overall,all,foul_tip,257505,0.02833731383856624,0.029070052701709762,0.0007327388631435221,0.025857738927473298
split,overall,all,in_play,257505,0.478029552824217,0.467769346542704,-0.010260206281512974,-0.02146353969309069
split,count,0-0,foul,42665,0.4980428923004805,0.5099322035784711,0.011889311277990644,0.023872062952396387
split,count,0-0,foul_tip,42665,0.02859486698699168,0.029175997702315357,0.0005811307153236779,0.020322903253512065
split,count,0-0,in_play,42665,0.47336224071252786,0.4608917989261552,-0.012470441786372632,-0.026344394871043193
split,count,0-1,foul,33225,0.49577125658389765,0.504340498935378,0.008569242351480377,0.017284669568233095
split,count,0-1,foul_tip,33225,0.028081264108352145,0.030282534876245475,0.0022012707678933305,0.07838930467658725
split,count,0-1,in_play,33225,0.4761474793077502,0.4653769657759177,-0.010770513531832504,-0.02262012086568489
split,count,0-2,foul,17701,0.5038133438788769,0.5121830294720972,0.008369685593220266,0.0166126715278753
split,count,0-2,foul_tip,17701,0.030506751031015196,0.0321105832017873,0.0016038321707721043,0.05257302454599448
split,count,0-2,in_play,17701,0.4656799050901079,0.45570638715224554,-0.009973517937862386,-0.021417110398896287
split,count,1-0,foul,22242,0.4890747234960885,0.5021592006656765,0.013084477169588049,0.026753533848683342
split,count,1-0,foul_tip,22242,0.028369750921679704,0.02811548319246623,-0.0002542677292134733,-0.008962635234811528
split,count,1-0,in_play,22242,0.4825555255822318,0.4697253161961079,-0.012830209386123892,-0.026588047811997355
split,count,1-1,foul,29428,0.49198042680440396,0.5003320151073859,0.008351588302981938,0.016975448306406443
split,count,1-1,foul_tip,29428,0.028068506184586107,0.028898474037809537,0.0008299678532234303,0.0295693631775534
split,count,1-1,in_play,29428,0.4799510670110099,0.4707695112270108,-0.009181555783999151,-0.01913019141967764
split,count,1-2,foul,30046,0.502462890234973,0.5072475529536143,0.004784662718641308,0.009522420086394432
split,count,1-2,foul_tip,30046,0.02865606070691606,0.030958267542973292,0.0023022068360572315,0.08033926433934446
split,count,1-2,in_play,30046,0.4688810490581109,0.46179417951409063,-0.007086869544020269,-0.01511442946618633
split,count,2-0,foul,7485,0.4826987307949232,0.49244364895220194,0.009744918157278737,0.020188406423258053
split,count,2-0,foul_tip,7485,0.02618570474281897,0.026242283536926904,5.657879410793376e-05,0.00216067486682594
split,count,2-0,in_play,7485,0.49111556446225785,0.4813140671436458,-0.009801497318612074,-0.019957618996140198
split,count,2-1,foul,16738,0.48404827338989126,0.49606146055380207,0.01201318716391081,0.024818159312458548
split,count,2-1,foul_tip,16738,0.025570558011709883,0.027622435059810047,0.0020518770481001633,0.0802437337175246
split,count,2-1,in_play,16738,0.49038116859839886,0.476316104373966,-0.014065064224432877,-0.028681901192563048
split,count,2-2,foul,29941,0.49453926054573993,0.5027291235354695,0.008189862989729568,0.01656059213719815
split,count,2-2,foul_tip,29941,0.029257539828329047,0.029084855354370075,-0.0001726844739589721,-0.005902221272609114
split,count,2-2,in_play,29941,0.476203199625931,0.46818602085779176,-0.008017178768139233,-0.016835625578402073
split,count,3-0,foul,490,0.44693877551020406,0.4973754976476942,0.05043672213749012,0.11284928697429297
split,count,3-0,foul_tip,490,0.022448979591836733,0.020394475432112813,-0.0020545041597239203,-0.09151882166042918
split,count,3-0,in_play,490,0.5306122448979592,0.4822300274153145,-0.04838221748264471,-0.09118187140959963
split,count,3-1,foul,6624,0.4835446859903382,0.4935008132006919,0.009956127210353716,0.020589880312639093
split,count,3-1,foul_tip,6624,0.027777777777777776,0.026535748928339768,-0.0012420288494380087,-0.04471303857976831
split,count,3-1,in_play,6624,0.48867753623188404,0.4799634371884167,-0.008714099043467316,-0.017832002491173154
split,count,3-2,foul,20920,0.48169216061185466,0.4923422166048398,0.01065005599298513,0.022109672657859375
split,count,3-2,foul_tip,20920,0.028250478011472277,0.0260544353912751,-0.002196042620197177,-0.07773470662356166
split,count,3-2,in_play,20920,0.49005736137667305,0.4816033478513766,-0.008454013525296455,-0.017251069347366546
split,handedness,LvL,foul,20393,0.4831069484627078,0.4913317271836315,0.008224778720923698,0.01702475765893189
split,handedness,LvL,foul_tip,20393,0.02849016819496886,0.02874215943874226,0.0002519912437734008,0.008844849284459487
split,handedness,LvL,in_play,20393,0.48840288334232335,0.479926113146942,-0.008476770195381345,-0.01735610186690881
split,handedness,LvR,foul,93572,0.5051083657504382,0.5135001366248493,0.00839177087441112,0.01661380298452093
split,handedness,LvR,foul_tip,93572,0.02835249861069551,0.02953313092394694,0.0011806323132514326,0.041641208750683396
split,handedness,LvR,in_play,93572,0.46653913563886634,0.45696673250946623,-0.009572403129400109,-0.020517899567614864
split,handedness,RvL,foul,49437,0.4986953091813824,0.5070566178974115,0.008361308716029137,0.016766367282969596
split,handedness,RvL,foul_tip,49437,0.029087525537552845,0.028267761154930817,-0.0008197643826220284,-0.028182678570017536
split,handedness,RvL,in_play,49437,0.4722171652810648,0.46467562092990233,-0.007541544351162444,-0.015970500239383924
split,handedness,RvR,foul,94103,0.48184436202884073,0.4933960635516739,0.011551701522833191,0.023973926921535226
split,handedness,RvR,foul_tip,94103,0.027894966154107734,0.02910212882147884,0.0012071626673711075,0.04327528704290413
split,handedness,RvR,in_play,94103,0.4902606718170515,0.4775018074852667,-0.012758864331784803,-0.02602465395500044
split,two_strike,0,foul,158897,0.49223081618910364,0.5028883291958631,0.01065751300675949,0.02165145426950498
split,two_strike,0,foul_tip,158897,0.027873402266877286,0.02876853520552364,0.000895132938646355,0.032114233134362125
split,two_strike,0,in_play,158897,0.4798957815440191,0.46834313559892754,-0.011552645945091533,-0.02407323921023434
split,two_strike,1,foul,98608,0.49589282816809993,0.5035993392004566,0.0077065110323567,0.015540678539001401
split,two_strike,1,foul_tip,98608,0.029084861268862568,0.029555918205436498,0.00047105693657393047,0.01619594923350144
split,two_strike,1,in_play,98608,0.4750223105630375,0.46684474245716584,-0.008177568105871669,-0.01721512426685582
ev,overall,all,bin_0,122693,0.04181982672198088,0.04188158407546836,6.175735348747796e-05,0.001476748191666173
ev,overall,all,bin_1,122693,0.03983927363419266,0.04144729732709348,0.0016080236929008201,0.04036277638156308
ev,overall,all,bin_2,122693,0.0403853520575746,0.040647186244461675,0.0002618341868870777,0.006483394932741923
ev,overall,all,bin_3,122693,0.04117594320784397,0.041547661552150165,0.0003717183443061947,0.009027561127862222
ev,overall,all,bin_4,122693,0.039741468543437686,0.041352679531153944,0.0016112109877162578,0.04054231126248376
ev,overall,all,bin_5,122693,0.04032014866373795,0.041459143493870414,0.001138994830132467,0.028248775559620534
ev,overall,all,bin_6,122693,0.03879601933280627,0.0401868623691333,0.0013908430363270274,0.035850148036989916
ev,overall,all,bin_7,122693,0.04144490720742015,0.04249048433589459,0.0010455771284744453,0.02522812086999314
ev,overall,all,bin_8,122693,0.03998598127032512,0.04202536769535753,0.0020393864250324092,0.051002535394721035
ev,overall,all,bin_9,122693,0.04000228211878428,0.04057423750554026,0.0005719553867559804,0.014298068921607886
ev,overall,all,bin_10,122693,0.037964676061388994,0.03964841394566012,0.0016837378842711262,0.04435011855622097
ev,overall,all,bin_11,122693,0.03664430733619685,0.04059255848574595,0.003948251149549102,0.10774527986913433
ev,overall,all,bin_12,122693,0.03988002575534057,0.040056852713059476,0.0001768269577189091,0.0044339730070317015
ev,overall,all,bin_13,122693,0.04121669532899187,0.041825643216113796,0.0006089478871219231,0.014774301584862589
ev,overall,all,bin_14,122693,0.038624860423985066,0.040542899882529564,0.0019180394585444974,0.049658158954885005
ev,overall,all,bin_15,122693,0.040866227087119886,0.041266199157278395,0.0003999720701585094,0.009787350060621857
ev,overall,all,bin_16,122693,0.04160791569201177,0.04176710811461069,0.00015919242259892358,0.003826012910074384
ev,overall,all,bin_17,122693,0.04114334151092564,0.042417975323325946,0.001274633812400304,0.03098031821411064
ev,overall,all,bin_18,122693,0.0428060280537602,0.04204140131270103,-0.0007646267410591698,-0.017862594962066398
ev,overall,all,bin_19,122693,0.04223549835768952,0.04093928279017346,-0.0012962155675160583,-0.030690192324439935
ev,overall,all,bin_20,122693,0.04671008125972957,0.04357233974889675,-0.00313774151083282,-0.06717482449635512
ev,overall,all,bin_21,122693,0.045626074837195274,0.04323269793848098,-0.002393376898714293,-0.05245634009181007
ev,overall,all,bin_22,122693,0.04917150937706308,0.044205104118454866,-0.004966405258608211,-0.10100168413631978
ev,overall,all,bin_23,122693,0.05199155616049815,0.044279019214270285,-0.007712536946227866,-0.1483421062146944
ev,overall,all,expected_bin_index,122693,11.866430847725624,11.608262287818297,-0.2581685599073271,-0.02175620986800837
ev,count,0-0,bin_0,20140,0.037388282025819265,0.038451586344713795,0.0010633043188945299,0.02843950728092408
ev,count,0-0,bin_1,20140,0.034210526315789476,0.03701802293607936,0.0028074966202898816,0.08206528582385807
ev,count,0-0,bin_2,20140,0.03550148957298908,0.036910394237613976,0.0014089046646248993,0.03968579013363003
ev,count,0-0,bin_3,20140,0.038282025819265146,0.03921486884024333,0.0009328430209781871,0.024367650379378325
ev,count,0-0,bin_4,20140,0.0374875868917577,0.03962225622911138,0.0021346693373536785,0.05694336484013653
ev,count,0-0,bin_5,20140,0.03838133068520357,0.03969339754774865,0.0013120668625450777,0.03418502795816024
ev,count,0-0,bin_6,20140,0.035650446871896724,0.03805613428711024,0.002405687415213513,0.06747986705069658
ev,count,0-0,bin_7,20140,0.0387785501489573,0.04044791136498012,0.0016693612160228188,0.04304857220320048
ev,count,0-0,bin_8,20140,0.03753723932472691,0.0399179431077848,0.0023807037830578873,0.06342245263331461
ev,count,0-0,bin_9,20140,0.03932472691161867,0.03860312999658693,-0.0007215969150317358,-0.018349699329216113
ev,count,0-0,bin_10,20140,0.0374875868917577,0.03871669530264893,0.0012291084108912304,0.03278707734483361
ev,count,0-0,bin_11,20140,0.034607745779543196,0.03868009666852142,0.004072350888978227,0.11767165983360328
ev,count,0-0,bin_12,20140,0.038728897715988087,0.0389714658749995,0.0002425681590114137,0.0062632342596024
ev,count,0-0,bin_13,20140,0.04031777557100298,0.0411872933874221,0.00086951781641912,0.021566611850592457
ev,count,0-0,bin_14,20140,0.03838133068520357,0.0406466916443927,0.002265360959189125,0.05902247052790295
ev,count,0-0,bin_15,20140,0.040119165839126114,0.04110857948971997,0.000989413650593858,0.02466186995415879
ev,count,0-0,bin_16,20140,0.04205561072492552,0.04217819159784633,0.00012258087292080916,0.0029147329169127464
ev,count,0-0,bin_17,20140,0.04066534260178749,0.04359459366675061,0.002929251064963119,0.07203310921655337
ev,count,0-0,bin_18,20140,0.044687189672293945,0.043689158295543463,-0.0009980313767504814,-0.022333724364171883
ev,count,0-0,bin_19,20140,0.045531281032770606,0.04356703153797795,-0.0019642494947926525,-0.043140659569382796
ev,count,0-0,bin_20,20140,0.053028798411122145,0.04766615105020429,-0.005362647360917856,-0.10112707663753336
ev,count,0-0,bin_21,20140,0.05074478649453823,0.048976229154207004,-0.0017685573403312255,-0.03485200081631202
ev,count,0-0,bin_22,20140,0.059880834160873884,0.05106380792441794,-0.008817026236455944,-0.14724287595540855
ev,count,0-0,bin_23,20140,0.0612214498510427,0.052018369639102904,-0.009203080211939794,-0.15032444076923557
ev,count,0-1,bin_0,15763,0.04922920763813995,0.04721708559846237,-0.002012122039677579,-0.04087252540133721
ev,count,0-1,bin_1,15763,0.046564740214426185,0.04631866687521082,-0.00024607333921536356,-0.005284542297073264
ev,count,0-1,bin_2,15763,0.04390027279071243,0.04535338296898697,0.0014531101782745415,0.03310025395974219
ev,count,0-1,bin_3,15763,0.04269491847998477,0.04575932369111955,0.0030644052111347755,0.07177447153509282
ev,count,0-1,bin_4,15763,0.04390027279071243,0.04467040789563239,0.0007701351049199598,0.017542831876955673
ev,count,0-1,bin_5,15763,0.041045486265304826,0.04362102970272652,0.0025755434374216957,0.06274851808976536
ev,count,0-1,bin_6,15763,0.04060140836135254,0.04167344189085733,0.0010720335295047942,0.02640385082122511
ev,count,0-1,bin_7,15763,0.043456194886760134,0.043577073596848086,0.00012087871008795159,0.0027816220541844977
ev,count,0-1,bin_8,15763,0.04148956416925712,0.04281102439214575,0.0013214602228886277,0.03185042430182483
ev,count,0-1,bin_9,15763,0.036731586626911124,0.04076850674178517,0.004036920114874047,0.10990323276469706
ev,count,0-1,bin_10,15763,0.0356531117173127,0.039211192076857325,0.0035580803595446284,0.09979718987099995
ev,count,0-1,bin_11,15763,0.037239104231428025,0.04032181146267683,0.003082707231248809,0.08278145500200167
ev,count,0-1,bin_12,15763,0.039713252553447945,0.03930661424719571,-0.00040663830625223274,-0.010239360417658059
ev,count,0-1,bin_13,15763,0.04085516716361099,0.041206234288832765,0.00035106712522177397,0.00859296753861929
ev,count,0-1,bin_14,15763,0.03933261435006027,0.039440437349889494,0.00010782299982922683,0.002741312816625972
ev,count,0-1,bin_15,15763,0.038698217344414136,0.04019578755654021,0.0014975702121260773,0.038698687301218615
ev,count,0-1,bin_16,15763,0.04180676267208019,0.04045796656683159,-0.0013487961052486008,-0.03226262975270667
ev,count,0-1,bin_17,15763,0.041553003869821734,0.04120738329291709,-0.0003456205769046469,-0.008317583440836565
ev,count,0-1,bin_18,15763,0.04015733045740024,0.040590575542525244,0.00043324508512500304,0.010788692380450906
ev,count,0-1,bin_19,15763,0.042314280276597095,0.039201438903961064,-0.0031128413726360313,-0.07356479543757385
ev,count,0-1,bin_20,15763,0.04428091099410011,0.04139696005346573,-0.002883950940634379,-0.06512853678684774
ev,count,0-1,bin_21,15763,0.04237771997716171,0.040203308378962105,-0.002174411598199602,-0.05131025452458133
ev,count,0-1,bin_22,15763,0.04339275518619552,0.039635376596566074,-0.003757378589629448,-0.08658999811159208
ev,count,0-1,bin_23,15763,0.04301211698280784,0.03585497035880959,-0.007157146623998245,-0.1663983808762306
ev,count,0-2,bin_0,8219,0.05170945370483027,0.052428361178084394,0.0007189074732541212,0.013902824759236758
ev,count,0-2,bin_1,8219,0.05049276067648133,0.05551362476538364,0.005020864088902316,0.09943730589563406
ev,count,0-2,bin_2,8219,0.05012775276797664,0.05164805761303774,0.0015203048450611045,0.030328605634847617
ev,count,0-2,bin_3,8219,0.05012775276797664,0.04979217854749526,-0.00033557422048138136,-0.0066943798983894985
ev,count,0-2,bin_4,8219,0.04574765786592043,0.047959237944274466,0.0022115800783540362,0.04834302304253144
ev,count,0-2,bin_5,8219,0.04805937461978343,0.04740592500176834,-0.0006534496180150909,-0.013596714963205145
ev,count,0-2,bin_6,8219,0.04550431926025064,0.04566863350909887,0.00016431424884822549,0.0036109593884587304
ev,count,0-2,bin_7,8219,0.04672101228859959,0.04780382188258282,0.0010828095939832347,0.023176073054552618
ev,count,0-2,bin_8,8219,0.04015086993551527,0.0467317975406445,0.006580927605129232,0.16390498177744592
ev,count,0-2,bin_9,8219,0.04781603601411364,0.04491656483854447,-0.002899471175569171,-0.06063804985242498
ev,count,0-2,bin_10,8219,0.04051587784401996,0.0419978253487347,0.0014819475047147465,0.03657695658033183
ev,count,0-2,bin_11,8219,0.04027253923835016,0.04429372376352278,0.004021184525172618,0.09984929188034365
ev,count,0-2,bin_12,8219,0.04270592529504806,0.04198760571683783,-0.0007183195782102317,-0.016820138499458386
ev,count,0-2,bin_13,8219,0.040759216449689745,0.04292582707861186,0.002166610628922115,0.05315633659436079
ev,count,0-2,bin_14,8219,0.04027253923835016,0.040591876713948774,0.000319337475598612,0.007929410005876108
ev,count,0-2,bin_15,8219,0.04051587784401996,0.04087454909965254,0.00035867125563258245,0.008852609759892478
ev,count,0-2,bin_16,8219,0.041367562963864214,0.03999099259698418,-0.0013765703668800339,-0.03327656425113823
ev,count,0-2,bin_17,8219,0.040029200632680374,0.03898419768313163,-0.0010450029495487415,-0.026106015934167497
ev,count,0-2,bin_18,8219,0.03552743642778927,0.03647086131134067,0.000943424883551397,0.02655482574626346
ev,count,0-2,bin_19,8219,0.03577077503345906,0.03330486904997768,-0.002465905983481377,-0.06893633087834503
ev,count,0-2,bin_20,8219,0.03394573549093564,0.03310574289630987,-0.00083999259462577,-0.024745158190785675
ev,count,0-2,bin_21,8219,0.03394573549093564,0.02922758326548876,-0.004718152225446876,-0.13899101484210707
ev,count,0-2,bin_22,8219,0.03382406618810074,0.025983285650005166,-0.007840780538095577,-0.23181070231153794
ev,count,0-2,bin_23,8219,0.02409052196130916,0.020392856602388817,-0.003697665358920344,-0.15349046255033488
ev,count,1-0,bin_0,10704,0.03531390134529148,0.03679205819287647,0.0014781568475849896,0.04185764787447018
ev,count,1-0,bin_1,10704,0.03148355754857997,0.03595271169881903,0.00446915415023906,0.14195200600640623
ev,count,1-0,bin_2,10704,0.038396860986547085,0.03655967689258708,-0.001837184093960005,-0.04784724706021386
ev,count,1-0,bin_3,10704,0.038770553064275036,0.038849578714320994,7.902565004595796e-05,0.002038290501426347
ev,count,1-0,bin_4,10704,0.03886397608370702,0.03958042423916101,0.0007164481554539914,0.018434762153796934
ev,count,1-0,bin_5,10704,0.04017189835575486,0.039534010181272394,-0.0006378881744824663,-0.01587896516200074
ev,count,1-0,bin_6,10704,0.03764947683109118,0.03800868436876251,0.0003592075376713244,0.009540837427379295
ev,count,1-0,bin_7,10704,0.037836322869955155,0.04033465220826791,0.0024983293383127533,0.06602991910444374
ev,count,1-0,bin_8,10704,0.038583707025411064,0.0398381414456565,0.0012544344202454344,0.032512024296143166
ev,count,1-0,bin_9,10704,0.03961136023916293,0.03853692534451637,-0.0010744348946465573,-0.02712441300069988
ev,count,1-0,bin_10,10704,0.03708893871449925,0.038520955125162765,0.0014320164106635114,0.038610336674413666
ev,count,1-0,bin_11,10704,0.037836322869955155,0.038388704426525894,0.0005523815565707385,0.014599239954402926
ev,count,1-0,bin_12,10704,0.038023168908819134,0.03878679587229347,0.0007636269634743384,0.02008320151604255
ev,count,1-0,bin_13,10704,0.03998505231689088,0.0407158700198475,0.0007308177029566182,0.018277272645905705
ev,count,1-0,bin_14,10704,0.03652840059790732,0.0398687616004916,0.00334036100258428,0.09144558611678295
ev,count,1-0,bin_15,10704,0.040825859491778776,0.04048130197366758,-0.0003445575181111951,-0.008439688040874674
ev,count,1-0,bin_16,10704,0.04241405082212257,0.04153619893108593,-0.0008778518910366462,-0.0206971952459389
ev,count,1-0,bin_17,10704,0.04204035874439462,0.042971226125248216,0.0009308673808535936,0.022142232099237477
ev,count,1-0,bin_18,10704,0.04568385650224215,0.04341463638701619,-0.002269220115225963,-0.04967225381059041
ev,count,1-0,bin_19,10704,0.04727204783258595,0.043432217705244636,-0.0038398301273413135,-0.08122834324715696
ev,count,1-0,bin_20,10704,0.04596412556053812,0.04741305365325971,0.0014489280927215895,0.031523020944089215
ev,count,1-0,bin_21,10704,0.046991778774289984,0.04930054273592982,0.0023087639616398356,0.04913123150177495
ev,count,1-0,bin_22,10704,0.055680119581464876,0.05293894485794675,-0.0027411747235181264,-0.04923076214855373
ev,count,1-0,bin_23,10704,0.06698430493273543,0.05824392777866361,-0.008740377154071818,-0.13048395684405126
ev,count,1-1,bin_0,14076,0.045183290707587385,0.042525128113390334,-0.0026581625941970513,-0.05883065515081398
ev,count,1-1,bin_1,14076,0.03964194373401535,0.0416860222228866,0.0020440784888712538,0.05156352833217162
ev,count,1-1,bin_2,14076,0.04084967320261438,0.04145612839887802,0.000606455196263643,0.014846023204533982
ev,count,1-1,bin_3,14076,0.04234157431088378,0.04248947742357125,0.00014790311268747525,0.003493094319108895
ev,count,1-1,bin_4,14076,0.03985507246376811,0.04205387701448405,0.0021988045507159368,0.05517000509069078
ev,count,1-1,bin_5,14076,0.04113384484228474,0.04164553467787323,0.00051168983558849,0.012439630614410337
ev,count,1-1,bin_6,14076,0.03800795680591077,0.040197008387691455,0.0021890515817806835,0.05759456086942972
ev,count,1-1,bin_7,14076,0.043478260869565216,0.04233558462095005,-0.0011426762486151654,-0.026281553718148803
ev,count,1-1,bin_8,14076,0.0392156862745098,0.04183493535887608,0.002619249084366275,0.06679085165134001
ev,count,1-1,bin_9,14076,0.038576300085251494,0.040100356170829674,0.0015240560855781793,0.03950757543388297
ev,count,1-1,bin_10,14076,0.03815004262574595,0.0389856382568216,0.0008355956310756515,0.021902875424619873
ev,count,1-1,bin_11,14076,0.03566354077863029,0.039897698690418176,0.004234157911787884,0.11872511308033118
ev,count,1-1,bin_12,14076,0.03680022733731174,0.039382746041288615,0.0025825187039768757,0.07017670516829826
ev,count,1-1,bin_13,14076,0.04077863029269679,0.04148459356104321,0.0007059632683464254,0.01731208878962419
ev,count,1-1,bin_14,14076,0.03545041204887752,0.039955498279191475,0.004505086230313954,0.12708135025631107
ev,count,1-1,bin_15,14076,0.043123046319977265,0.040825048094659706,-0.0022979982253175588,-0.05328932952153206
ev,count,1-1,bin_16,14076,0.03900255754475703,0.04143794447499839,0.002435386930241361,0.06244172391635227
ev,count,1-1,bin_17,14076,0.04056550156294402,0.042381392137601864,0.0018158905746578427,0.04476440582991908
ev,count,1-1,bin_18,14076,0.04390451832907076,0.04231113692176517,-0.00159338140730559,-0.036291968752804986
ev,count,1-1,bin_19,14076,0.04092071611253197,0.04125257465073526,0.00033185853820328487,0.008109793027342773
ev,count,1-1,bin_20,14076,0.048735436203466896,0.04391237956950593,-0.004823056633960966,-0.0989640600286218
ev,count,1-1,bin_21,14076,0.04759874964478545,0.04361214879093609,-0.003986600853849359,-0.08375431883400535
ev,count,1-1,bin_22,14076,0.04788292128445581,0.04442311088227145,-0.003459810402184356,-0.07225562495719139
ev,count,1-1,bin_23,14076,0.05314009661835749,0.04381403745981739,-0.009326059158540095,-0.17549947689252726
ev,count,1-2,bin_0,14035,0.05244032775204845,0.051013448089029405,-0.0014268796630190483,-0.027209587052272204
ev,count,1-2,bin_1,14035,0.048949055931599574,0.05151915992595226,0.0025701039943526877,0.05250569077254726
ev,count,1-2,bin_2,14035,0.04837905236907731,0.048432689303887916,5.363693481060666e-05,0.001108680972116148
ev,count,1-2,bin_3,14035,0.04738154613466334,0.04722516584948487,-0.00015638028517846875,-0.003300447071398209
ev,count,1-2,bin_4,14035,0.04353402208763805,0.04582402594674526,0.0022900038591072147,0.052602625470654266
ev,count,1-2,bin_5,14035,0.04068400427502672,0.04559439716762444,0.0049103928925977175,0.12069590936533969
ev,count,1-2,bin_6,14035,0.0424652654079088,0.044163991223496,0.0016987258155872,0.04000271278819858
ev,count,1-2,bin_7,14035,0.04488778054862843,0.04630194831468078,0.0014141677660523475,0.03150451523261063
ev,count,1-2,bin_8,14035,0.04175276095475597,0.04562974205513304,0.0038769811003770693,0.09285568215664192
ev,count,1-2,bin_9,14035,0.0437477734235839,0.04386869090131626,0.00012091747773235878,0.002763968729598787
ev,count,1-2,bin_10,14035,0.039757748485928036,0.04144426372663923,0.0016865152407111936,0.04241978746125735
ev,count,1-2,bin_11,14035,0.04047025293908087,0.04368774998192116,0.0032174970428402935,0.07950276583849211
ev,count,1-2,bin_12,14035,0.0420377627360171,0.04168724770460511,-0.0003505150314119937,-0.008338099094690393
ev,count,1-2,bin_13,14035,0.042251514071962946,0.04291740990610724,0.000665895834144295,0.015760283359553425
ev,count,1-2,bin_14,14035,0.037691485571784825,0.040864781011991605,0.0031732954402067803,0.08419130718960711
ev,count,1-2,bin_15,14035,0.038332739579622375,0.041337198342751576,0.0030044587631292002,0.07837839914594484
ev,count,1-2,bin_16,14035,0.04061275382971143,0.04089936052225848,0.00028660669254704924,0.00705706128052252
ev,count,1-2,bin_17,14035,0.040755254720342,0.040191937188348945,-0.0005633175319930545,-0.013821960771892518
ev,count,1-2,bin_18,14035,0.04111150694691842,0.03820740226299156,-0.0029041046839268572,-0.07063970405357616
ev,count,1-2,bin_19,14035,0.03954399714998219,0.03542029596440031,-0.004123701185581884,-0.10428134439575087
ev,count,1-2,bin_20,14035,0.038403990024937655,0.0358205687227929,-0.002583421302144756,-0.0672696066337693
ev,count,1-2,bin_21,14035,0.03583897399358746,0.032564509923882656,-0.003274464069704802,-0.09136601037436759
ev,count,1-2,bin_22,14035,0.03648022800142501,0.030141569897831375,-0.006338658103593634,-0.17375598922643878
ev,count,1-2,bin_23,14035,0.03249020306376915,0.025242446119531706,-0.007247756944237446,-0.2230751506850275
ev,count,2-0,bin_0,3667,0.02508862830651759,0.027398638593340647,0.002310010286823056,0.09207399697587115
ev,count,2-0,bin_1,3667,0.024815925824925006,0.02745324137763742,0.0026373155527124152,0.10627512232743326
ev,count,2-0,bin_2,3667,0.03190619034633215,0.028981563649599355,-0.002924626696732796,-0.09166329997366807
ev,count,2-0,bin_3,3667,0.03136078538314699,0.03193406906197463,0.0005732836788276408,0.01828027174139964
ev,count,2-0,bin_4,3667,0.030815380419961822,0.033852265280284614,0.0030368848603227923,0.09855094498056353
ev,count,2-0,bin_5,3667,0.03136078538314699,0.034926846248555125,0.003566060865408137,0.11371082776914467
ev,count,2-0,bin_6,3667,0.039814562312517045,0.03442232514928924,-0.005392237163227807,-0.13543379231202993
ev,count,2-0,bin_7,3667,0.031633487864739566,0.037221004514804375,0.005587516650064808,0.1766329616878246
ev,count,2-0,bin_8,3667,0.03926915734933188,0.037136073522157975,-0.0021330838271739067,-0.054319572182268856
ev,count,2-0,bin_9,3667,0.04063266975729479,0.036757981874069534,-0.0038746878832252585,-0.09535892931400686
ev,count,2-0,bin_10,3667,0.03490591764385056,0.03804215023306536,0.0031362325892148046,0.08984816331758351
ev,count,2-0,bin_11,3667,0.032178892827924736,0.03737397622258662,0.005195083394661883,0.1614438204086875
ev,count,2-0,bin_12,3667,0.04172347968366512,0.038729304277099606,-0.002994175406565512,-0.07176236088807669
ev,count,2-0,bin_13,3667,0.0436323970548132,0.0405689043577411,-0.0030634926970721024,-0.07021142325102124
ev,count,2-0,bin_14,3667,0.037087537496591216,0.040375326908830875,0.0032877894122396584,0.08864943951972667
ev,count,2-0,bin_15,3667,0.04226888464685029,0.04124152230271292,-0.0010273623441373683,-0.024305404619043416
ev,count,2-0,bin_16,3667,0.042541587128442866,0.04280295072912537,0.0002613636006825043,0.0061437200237355345
ev,count,2-0,bin_17,3667,0.0389964548677393,0.04447590537923676,0.005479450511497466,0.1405115036759525
ev,count,2-0,bin_18,3667,0.042541587128442866,0.0459049195786428,0.0033633324501999365,0.07905987240309723
ev,count,2-0,bin_19,3667,0.04717752931551677,0.04724053619097914,6.30068754623736e-05,0.0013355272388469596
ev,count,2-0,bin_20,3667,0.05154076902099809,0.05254719122333658,0.0010064222023384861,0.019526720719445653
ev,count,2-0,bin_21,3667,0.06135805835833106,0.05698148539434355,-0.00437657296398751,-0.07132841359529866
ev,count,2-0,bin_22,3667,0.06735751295336788,0.06480768509124872,-0.0025498278621191584,-0.03785513672223058
ev,count,2-0,bin_23,3667,0.08999181892555222,0.0788241324396959,-0.011167686485856324,-0.12409668588980345
ev,count,2-1,bin_0,8180,0.03496332518337408,0.03470767270112587,-0.00025565248224821563,-0.007312018548218196
ev,count,2-1,bin_1,8180,0.03215158924205379,0.03380691172535307,0.0016553224832992833,0.05148493503189406
ev,count,2-1,bin_2,8180,0.03496332518337408,0.034534689962700545,-0.0004286352206735386,-0.012259566801082328
ev,count,2-1,bin_3,8180,0.03202933985330073,0.03652353391858514,0.00449419406528441,0.14031491394666593
ev,count,2-1,bin_4,8180,0.03753056234718826,0.037235546872830406,-0.00029501547435785425,-0.00786067289982817
ev,count,2-1,bin_5,8180,0.03863080684596577,0.037994476427975356,-0.0006363304179904175,-0.016472097528992452
ev,count,2-1,bin_6,8180,0.03374083129584352,0.03737289952803039,0.003632068232186869,0.10764608021481373
ev,count,2-1,bin_7,8180,0.0382640586797066,0.03998320726767435,0.0017191485879677476,0.04492854776222421
ev,count,2-1,bin_8,8180,0.039853300733496334,0.039884017359307106,3.0716625810771336e-05,0.0007707423286261028
ev,count,2-1,bin_9,8180,0.03753056234718826,0.03876245102816953,0.0012318886809812718,0.03282361371474529
ev,count,2-1,bin_10,8180,0.03667481662591687,0.03861426613938284,0.001939449513465967,0.05288232340050536
ev,count,2-1,bin_11,8180,0.03594132029339853,0.03911542694029127,0.0031741066468927367,0.08831357949517886
ev,count,2-1,bin_12,8180,0.04070904645476773,0.03939875721157822,-0.0013102892431895094,-0.03218668471258314
ev,count,2-1,bin_13,8180,0.040097799511002445,0.0415862082437523,0.0014884087327498574,0.037119461688700714
ev,count,2-1,bin_14,8180,0.03863080684596577,0.04053304215461324,0.0019022353086474639,0.04924140767321599
ev,count,2-1,bin_15,8180,0.04315403422982885,0.04163961799600114,-0.0015144162338277117,-0.035093271367452356
ev,count,2-1,bin_16,8180,0.043765281173594135,0.04268133005577281,-0.0010839511178213218,-0.024767374703291652
ev,count,2-1,bin_17,8180,0.042298288508557456,0.0440525278428765,0.0017542393343190424,0.0414730570945947
ev,count,2-1,bin_18,8180,0.04352078239608802,0.045031203978357304,0.0015104215822692862,0.03470575433416506
ev,count,2-1,bin_19,8180,0.04486552567237164,0.04474725348174409,-0.00011827219062755107,-0.0026361485540418736
ev,count,2-1,bin_20,8180,0.05097799511002445,0.04866312866722293,-0.0023148664428015234,-0.045409130700519086
ev,count,2-1,bin_21,8180,0.050733496332518335,0.050274284804267676,-0.00045921152825065953,-0.009051446508651554
ev,count,2-1,bin_22,8180,0.06295843520782396,0.054024751036255154,-0.008933684171568805,-0.14189812917171424
ev,count,2-1,bin_23,8180,0.06601466992665037,0.05883279471786947,-0.007181875208780893,-0.10879210964412538
ev,count,2-2,bin_0,14193,0.0424857324032974,0.04597099296769997,0.0034852605644025703,0.08203367029944557
ev,count,2-2,bin_1,14193,0.046290424857324035,0.04537382808550095,-0.0009165967718230833,-0.019801001495410992
ev,count,2-2,bin_2,14193,0.045444937645318116,0.04349523091282312,-0.0019497067324949977,-0.0429026165182969
ev,count,2-2,bin_3,14193,0.046501796660325515,0.04340317780082079,-0.0030986188595047218,-0.06663439011053109
ev,count,2-2,bin_4,14193,0.039949270767279645,0.04282423816266636,0.0028749673953867155,0.07196545369087064
ev,count,2-2,bin_5,14193,0.04396533502430776,0.043302408328438256,-0.0006629266958695021,-0.015078395183454876
ev,count,2-2,bin_6,14193,0.039737898964278165,0.042364177559461084,0.0026262785951829196,0.06609002145643826
ev,count,2-2,bin_7,14193,0.04438807863031072,0.04459833848596797,0.00021025985565725075,0.004736854176735492
ev,count,2-2,bin_8,14193,0.04340167688297048,0.044184249917352314,0.0007825730343818324,0.018030940060034653
ev,count,2-2,bin_9,14193,0.03945606989360952,0.04266056790953245,0.0032044980159229297,0.08121685774998955
ev,count,2-2,bin_10,14193,0.039033326287606564,0.04086337542134532,0.0018300491337387564,0.046884273204249406
ev,count,2-2,bin_11,14193,0.03663777918692313,0.04272261377106113,0.006084834584137999,0.1660808793320589
ev,count,2-2,bin_12,14193,0.04220390333262876,0.04140144585992691,-0.0008024574727018494,-0.01901382121879357
ev,count,2-2,bin_13,14193,0.04262664693863172,0.04275713879540694,0.00013049185677522362,0.0030612742532409075
ev,count,2-2,bin_14,14193,0.03896286901993941,0.04116505370980132,0.0022021846898619135,0.05652008553925884
ev,count,2-2,bin_15,14193,0.04142887338829,0.041899156167679995,0.00047028277938999247,0.011351570557622726
ev,count,2-2,bin_16,14193,0.041922074261960124,0.04200377400704579,8.169974508566435e-05,0.0019488478689089648
ev,count,2-2,bin_17,14193,0.04164024519129148,0.04186586052269767,0.00022561533140618567,0.00541820372021657
ev,count,2-2,bin_18,14193,0.04135841612062284,0.040727863234987935,-0.0006305528856349052,-0.015246059805479063
ev,count,2-2,bin_19,14193,0.038187839075600645,0.03863483477781813,0.0004469957022174842,0.011705184504746778
ev,count,2-2,bin_20,14193,0.04502219403931516,0.04002366521241999,-0.0049985288268951655,-0.11102366140864332
ev,count,2-2,bin_21,14193,0.04199253152962728,0.03776702360631774,-0.004225507923309536,-0.10062522475760445
ev,count,2-2,bin_22,14193,0.038892411752272246,0.03667130870741303,-0.0022211030448592156,-0.05710890491972255
ev,count,2-2,bin_23,14193,0.03846966814626929,0.03331967599193181,-0.005149992154337479,-0.1338714993525858
ev,count,3-0,bin_0,259,0.023166023166023165,0.019331123732914967,-0.003834899433108198,-0.16553982552917054
ev,count,3-0,bin_1,259,0.02702702702702703,0.018139160228767305,-0.008887866798259723,-0.3288510715356098
ev,count,3-0,bin_2,259,0.019305019305019305,0.017382756428447874,-0.001922262876571431,-0.09957321700640012
ev,count,3-0,bin_3,259,0.015444015444015444,0.02078442121532289,0.0053404057713074445,0.345791273692157
ev,count,3-0,bin_4,259,0.015444015444015444,0.022981296566721324,0.00753728112270588,0.4880389526952057
ev,count,3-0,bin_5,259,0.02702702702702703,0.026905362298316592,-0.00012166472871043624,-0.004501594962286141
ev,count,3-0,bin_6,259,0.019305019305019305,0.02731970326910263,0.008014683964083325,0.41516062933951625
ev,count,3-0,bin_7,259,0.03088803088803089,0.02906560480709702,-0.0018224260809338692,-0.05900104437023401
ev,count,3-0,bin_8,259,0.03861003861003861,0.030481401791357395,-0.008128636818681215,-0.21053169360384347
ev,count,3-0,bin_9,259,0.023166023166023165,0.032012379548465655,0.00884635638244249,0.3818677171754342
ev,count,3-0,bin_10,259,0.03861003861003861,0.0332520656560954,-0.005357972953943212,-0.1387714995071292
ev,count,3-0,bin_11,259,0.03474903474903475,0.03354032170818579,-0.0012087130408489563,-0.034784075286653296
ev,count,3-0,bin_12,259,0.02702702702702703,0.03504841145430062,0.008021384427273591,0.2967912238091229
ev,count,3-0,bin_13,259,0.03088803088803089,0.03788576321496581,0.006997732326934923,0.22655158408451814
ev,count,3-0,bin_14,259,0.04247104247104247,0.04113965185582062,-0.0013313906152218474,-0.03134819721295077
ev,count,3-0,bin_15,259,0.015444015444015444,0.038532517746119654,0.02308850230210421,1.4949805240612475
ev,count,3-0,bin_16,259,0.05019305019305019,0.04270698939194781,-0.007486060801102382,-0.14914536519119362
ev,count,3-0,bin_17,259,0.03861003861003861,0.04433561521887952,0.005725576608840911,0.1482924341689796
ev,count,3-0,bin_18,259,0.04247104247104247,0.04480942805445102,0.002338385583408549,0.0550583514638922
ev,count,3-0,bin_19,259,0.06177606177606178,0.05193994127026971,-0.009836120505792065,-0.15922220068750906
ev,count,3-0,bin_20,259,0.07722007722007722,0.06063147300753642,-0.016588604212540797,-0.21482242455240333
ev,count,3-0,bin_21,259,0.06563706563706563,0.06982900809252124,0.004191942455455608,0.0638654762331178
ev,count,3-0,bin_22,259,0.07335907335907337,0.08945169974420522,0.016092626385131856,0.21936790703942896
ev,count,3-0,bin_23,259,0.16216216216216217,0.13249390574556894,-0.029668256416593236,-0.18295424790232495
ev,count,3-1,bin_0,3232,0.019492574257425743,0.024773232690289894,0.005280658432864151,0.27090615960344344
ev,count,3-1,bin_1,3232,0.027227722772277228,0.024875846460201842,-0.0023518763120753856,-0.08637800273440507
ev,count,3-1,bin_2,3232,0.021658415841584157,0.02650484985201954,0.004846434010435382,0.22376678173895936
ev,count,3-1,bin_3,3232,0.03155940594059406,0.029339112453280813,-0.002220293487313247,-0.07035282893133739
ev,count,3-1,bin_4,3232,0.0297029702970297,0.0312806657544426,0.0015776954574128962,0.053115747066234176
ev,count,3-1,bin_5,3232,0.03403465346534654,0.03303365253596705,-0.001001000929379485,-0.029411227306859047
ev,count,3-1,bin_6,3232,0.03743811881188119,0.03309599848083476,-0.004342120331046424,-0.11598126371852929
ev,count,3-1,bin_7,3232,0.03620049504950495,0.036169703846314974,-3.0791203189974026e-05,-0.0008505740915384279
ev,count,3-1,bin_8,3232,0.03589108910891089,0.03650988621720359,0.0006187971082926985,0.017240967706913808
ev,count,3-1,bin_9,3232,0.039294554455445545,0.03619216984264826,-0.003102384612797285,-0.07895202416189626
ev,count,3-1,bin_10,3232,0.03403465346534654,0.03808148681063097,0.004046833345284433,0.11890332156326623
ev,count,3-1,bin_11,3232,0.03155940594059406,0.03782338016206286,0.0062639742214688,0.1984820067037957
ev,count,3-1,bin_12,3232,0.034653465346534656,0.03904077264461094,0.004387307298076286,0.12660515345877282
ev,count,3-1,bin_13,3232,0.04238861386138614,0.040956250665091135,-0.001432363196295007,-0.03379122518558732
ev,count,3-1,bin_14,3232,0.043007425742574254,0.040794041309007045,-0.0022133844335672087,-0.051465168987692225
ev,count,3-1,bin_15,3232,0.04393564356435643,0.042192255989822014,-0.001743387574534419,-0.03968048338658622
ev,count,3-1,bin_16,3232,0.04672029702970297,0.04363077197044416,-0.003089525059258809,-0.06612811252665213
ev,count,3-1,bin_17,3232,0.0411509900990099,0.04541757461454764,0.004266584515537734,0.1036812116858493
ev,count,3-1,bin_18,3232,0.04641089108910891,0.047393859633708,0.0009829685445990888,0.021179695574295034
ev,count,3-1,bin_19,3232,0.04207920792079208,0.048719919128292405,0.006640711207500323,0.15781454869589
ev,count,3-1,bin_20,3232,0.05167079207920792,0.054098529504438254,0.0024277374252303363,0.04698471472062543
ev,count,3-1,bin_21,3232,0.0671410891089109,0.05879793756245608,-0.008343151546454812,-0.12426297602830393
ev,count,3-1,bin_22,3232,0.0708539603960396,0.06781145556252619,-0.0030425048335134125,-0.04294050489919367
ev,count,3-1,bin_23,3232,0.09189356435643564,0.0834666468588232,-0.008426917497612443,-0.09170302138815965
ev,count,3-2,bin_0,10225,0.03687041564792176,0.03507787426093976,-0.0017925413869820037,-0.04861733602623604
ev,count,3-2,bin_1,10225,0.03540342298288508,0.03446277382926478,-0.0009406491536203057,-0.02656944087228626
ev,count,3-2,bin_2,10225,0.034034229828850855,0.034568440364127234,0.000534210535276379,0.01569627219310625
ev,count,3-2,bin_3,10225,0.03687041564792176,0.036033980469982206,-0.0008364351779395554,-0.022685808208042318
ev,count,3-2,bin_4,10225,0.036968215158924206,0.03667846502590478,-0.00028975013301942715,-0.007837817751649849
ev,count,3-2,bin_5,10225,0.037163814180929094,0.038494496266323446,0.001330682085394351,0.035805853481992736
ev,count,3-2,bin_6,10225,0.03735941320293398,0.03835635262657604,0.0009969394236420542,0.02668509321136127
ev,count,3-2,bin_7,10225,0.03951100244498777,0.0411138028363597,0.0016028003913719294,0.04056592574697519
ev,count,3-2,bin_8,10225,0.03941320293398533,0.04129211335807292,0.001878910424087589,0.047672106913884855
ev,count,3-2,bin_9,10225,0.04048899755501222,0.04045394799920126,-3.504955581096203e-05,-0.0008656562999204995
ev,count,3-2,bin_10,10225,0.04048899755501222,0.04027102912154389,-0.00021796843346832961,-0.005383399111627224
ev,count,3-2,bin_11,10225,0.035501222493887534,0.04125024971210063,0.005749027218213097,0.16193885208327524
ev,count,3-2,bin_12,10225,0.04078239608801956,0.0414031949133024,0.0006207988252828409,0.015222225392127212
ev,count,3-2,bin_13,10225,0.04234718826405868,0.04301009381798419,0.000662905553925508,0.015654063022836767
ev,count,3-2,bin_14,10225,0.04312958435207824,0.04218109048547836,-0.0009484938665998768,-0.02199172287071143
ev,count,3-2,bin_15,10225,0.04293398533007335,0.04348120268905178,0.000547217358978426,0.012745552381672905
ev,count,3-2,bin_16,10225,0.04039119804400978,0.044244947416771666,0.0038537493727618874,0.09541062309077554
ev,count,3-2,bin_17,10225,0.0419559902200489,0.044977467091012066,0.003021476870963165,0.07201538695943674
ev,count,3-2,bin_18,10225,0.04723716381418093,0.04524775375056199,-0.0019894100636189405,-0.04211535797205728
ev,count,3-2,bin_19,10225,0.04234718826405868,0.04426815080368964,0.0019209625396309632,0.04536222163447252
ev,count,3-2,bin_20,10225,0.05251833740831296,0.04730229157774423,-0.005216045830568727,-0.09931856353364103
ev,count,3-2,bin_21,10225,0.04723716381418093,0.04704534118074619,-0.00019182263343473643,-0.004060841463499338
ev,count,3-2,bin_22,10225,0.05095354523227384,0.04885328411755873,-0.0021002611147151115,-0.04121913608054129
ev,count,3-2,bin_23,10225,0.05809290953545232,0.049931656546827546,-0.008161252988624773,-0.14048621516614193
ev,count,0-0,expected_bin_index,20140,12.470407149950347,12.096893842700974,-0.3735133072493735,-0.029951973721311954
ev,count,0-1,expected_bin_index,15763,11.380130685783163,11.125852266538972,-0.2542784192441907,-0.022344068470307874
ev,count,0-2,expected_bin_index,8219,10.489597274607616,10.1827129669,-0.306884307707616,-0.029256061951062423
ev,count,1-0,expected_bin_index,10704,12.40928624813154,12.214765248203506,-0.1945209999280344,-0.015675438219287054
ev,count,1-1,expected_bin_index,14076,11.826797385620916,11.582024335980849,-0.24477304964006663,-0.02069647780874838
ev,count,1-2,expected_bin_index,14035,10.865835411471322,10.53795640938971,-0.32787900208161247,-0.03017522258210011
ev,count,2-0,expected_bin_index,3667,13.403872375238615,13.20488881481482,-0.19898356042379461,-0.014845229412313941
ev,count,2-1,expected_bin_index,8180,12.671882640586798,12.408565618284472,-0.263317022302326,-0.020779629181456226
ev,count,2-2,expected_bin_index,14193,11.300007045726767,11.107861669062087,-0.1921453766646799,-0.017004005031779335
ev,count,3-0,expected_bin_index,259,15.142857142857142,14.934334699513524,-0.20852244334361814,-0.013770350032125726
ev,count,3-1,expected_bin_index,3232,13.686262376237623,13.50483057964388,-0.18143179659374375,-0.013256489727155126
ev,count,3-2,expected_bin_index,10225,12.32518337408313,12.203719895158166,-0.12146347892496401,-0.009854902376574147
ev,handedness,LvL,bin_0,9926,0.05682047148901874,0.05721770830077324,0.00039723681175449915,0.006991086158643898
ev,handedness,LvL,bin_1,9926,0.0464436832560951,0.052901907984845516,0.006458224728750413,0.1390549645500577
ev,handedness,LvL,bin_2,9926,0.0464436832560951,0.04831282082907719,0.0018691375729820853,0.04024524848030408
ev,handedness,LvL,bin_3,9926,0.04553697360467459,0.04835339440644824,0.0028164208017736475,0.06184909928850714
ev,handedness,LvL,bin_4,9926,0.045839210155148094,0.04677671328124219,0.0009375031260940928,0.020451991273868056
ev,handedness,LvL,bin_5,9926,0.04311908120088656,0.045782214439578285,0.002663133238691724,0.061762290951528166
ev,handedness,LvL,bin_6,9926,0.038787023977433006,0.043083755048738494,0.004296731071305487,0.11077753925656693
ev,handedness,LvL,bin_7,9926,0.04211162603264155,0.04417490842579166,0.0020632823931501093,0.0489955527138947
ev,handedness,LvL,bin_8,9926,0.04533548257102559,0.04385468537955335,-0.0014807971914722398,-0.03266309538345211
ev,handedness,LvL,bin_9,9926,0.04029820672980052,0.0412234396968674,0.000925232967066876,0.02295965607776453
ev,handedness,LvL,bin_10,9926,0.038182550876486,0.03921847484015534,0.0010359239636693399,0.027130821275413896
ev,handedness,LvL,bin_11,9926,0.03385049365303244,0.04037873894069569,0.006528245287663249,0.19285524620638514
ev,handedness,LvL,bin_12,9926,0.03979447914567802,0.039031014532319136,-0.0007634646133588829,-0.019185189246076637
ev,handedness,LvL,bin_13,9926,0.044025790852307074,0.04069656027382656,-0.003329230578480516,-0.07562000622882746
ev,handedness,LvL,bin_14,9926,0.03687285915776748,0.0388500405613003,0.0019771814035328197,0.053621591834608656
ev,handedness,LvL,bin_15,9926,0.03989522466250252,0.03936553400587997,-0.0005296906566225473,-0.013277044084937892
ev,handedness,LvL,bin_16,9926,0.03747733225871449,0.03862915495870163,0.0011518226999871414,0.030733849785140765
ev,handedness,LvL,bin_17,9926,0.036066895023171466,0.03901076755108818,0.0029438725279167105,0.08162256623491974
ev,handedness,LvL,bin_18,9926,0.03929075156155551,0.0370843916944364,-0.0022063598671191106,-0.05615468728467767
ev,handedness,LvL,bin_19,9926,0.03979447914567802,0.035474381577616405,-0.0043200975680616135,-0.10856022395083437
ev,handedness,LvL,bin_20,9926,0.039391497078380015,0.03659299356726102,-0.002798503511118995,-0.0710433397733175
ev,handedness,LvL,bin_21,9926,0.039492242595204514,0.03496684324005326,-0.004525399355151255,-0.11458957652865141
ev,handedness,LvL,bin_22,9926,0.04019746121297602,0.03492506395005041,-0.00527239726292561,-0.13116244418997394
ev,handedness,LvL,bin_23,9926,0.04493250050372758,0.034094492450792865,-0.010838008052934715,-0.24120643034401343
ev,handedness,LvR,bin_0,43526,0.035220328079768416,0.03631476996801989,0.001094441888251474,0.031074153703870615
ev,handedness,LvR,bin_1,43526,0.03623121812250149,0.03753027473923612,0.0012990566167346285,0.03585462162333002
ev,handedness,LvR,bin_2,43526,0.03790837660249047,0.037687587839693636,-0.00022078876279683218,-0.005824273751209041
ev,handedness,LvR,bin_3,43526,0.0389652161926205,0.03946618043421587,0.0005009642415953683,0.012856703761603775
ev,handedness,LvR,bin_4,43526,0.03823002343426917,0.0399805849354078,0.0017505615011386283,0.04579022830442304
ev,handedness,LvR,bin_5,43526,0.03889629187152507,0.040711801965233614,0.0018155100937085472,0.04667565997563983
ev,handedness,LvR,bin_6,43526,0.03825299820796765,0.039950077134987654,0.0016970789270200001,0.04436459902550902
ev,handedness,LvR,bin_7,43526,0.041055920599182096,0.04278179994499374,0.0017258793458116428,0.04203728282361364
ev,handedness,LvR,bin_8,43526,0.04107889537288058,0.043179846835351546,0.002100951462470968,0.05114430277153879
ev,handedness,LvR,bin_9,43526,0.041308643109865366,0.04158542957208784,0.00027678646222247666,0.006700449140542558
ev,handedness,LvR,bin_10,43526,0.03866654413454027,0.04135178909487362,0.002685244960333351,0.06944621042392718
ev,handedness,LvR,bin_11,43526,0.03848274594495244,0.04147489510290928,0.0029921491579568416,0.07775300552192806
ev,handedness,LvR,bin_12,43526,0.04128566833616689,0.04188935049495347,0.0006036821587865823,0.014622075483219133
ev,handedness,LvR,bin_13,43526,0.043353397969030004,0.04423258048925035,0.0008791825202203452,0.020279437400694617
ev,handedness,LvR,bin_14,43526,0.03947066121398704,0.04271022074079051,0.003239559526803472,0.08207512687057504
ev,handedness,LvR,bin_15,43526,0.04169921426273951,0.043694878409969315,0.001995664147229806,0.04785855519136338
ev,handedness,LvR,bin_16,43526,0.04395074208519046,0.043586128390603746,-0.0003646136945867143,-0.008295962190580933
ev,handedness,LvR,bin_17,43526,0.042181684510407574,0.044253580759891865,0.002071896249484291,0.04911838570536669
ev,handedness,LvR,bin_18,43526,0.04328447364793457,0.04324038013147478,-4.409351645979359e-05,-0.0010186912937521103
ev,handedness,LvR,bin_19,43526,0.04406561595368286,0.04200380019959255,-0.0020618157540903057,-0.046789672842823066
ev,handedness,LvR,bin_20,43526,0.04767265542434407,0.04368143911672941,-0.003991216307614655,-0.08372129205071589
ev,handedness,LvR,bin_21,43526,0.046477967192023156,0.04290891957468111,-0.0035690476173420443,-0.07679009717866032
ev,handedness,LvR,bin_22,43526,0.05042962826816156,0.043483357550173796,-0.006946270717987764,-0.1377418584378749
ev,handedness,LvR,bin_23,43526,0.051831089463768784,0.04230032662530149,-0.009530762838467294,-0.18388119827443591
ev,handedness,RvL,bin_0,23277,0.04072689779610775,0.03742405764734721,-0.00330284014876054,-0.08109726808301591
ev,handedness,RvL,bin_1,23277,0.03613008549211668,0.03793305811152574,0.0018029726194090587,0.04990225167893539
ev,handedness,RvL,bin_2,23277,0.03857885466340164,0.0382411774244854,-0.00033767723891624246,-0.008752909900059438
ev,handedness,RvL,bin_3,23277,0.04016840658160416,0.03999209979789173,-0.00017630678371242936,-0.004389190379116811
ev,handedness,RvL,bin_4,23277,0.040039523993641794,0.04020665354828511,0.00016712955464331242,0.004174114424283673
ev,handedness,RvL,bin_5,23277,0.04008248485629592,0.040740529442000455,0.0006580445857045369,0.016417260258782963
ev,handedness,RvL,bin_6,23277,0.03823516776216866,0.0398703824166621,0.0016352146544934346,0.0427672938344311
ev,handedness,RvL,bin_7,23277,0.04274605834085148,0.042278099341876,-0.00046795899897548315,-0.0109474187127159
ev,handedness,RvL,bin_8,23277,0.03900846328994286,0.04160718834577391,0.0025987250558310512,0.06661951885966892
ev,handedness,RvL,bin_9,23277,0.040125445718950034,0.040623762074113716,0.0004983163551636818,0.012418961241054629
ev,handedness,RvL,bin_10,23277,0.03836405035013103,0.0394087513859326,0.0010447010358015651,0.027231249731638332
ev,handedness,RvL,bin_11,23277,0.03746187223439447,0.04070980862847025,0.003247936394075779,0.0866997883542453
ev,handedness,RvL,bin_12,23277,0.04154315418653606,0.04017022486163169,-0.0013729293249043761,-0.03304826876504567
ev,handedness,RvL,bin_13,23277,0.03935215019117584,0.04155771727288972,0.0022055670817138773,0.05604692681337764
ev,handedness,RvL,bin_14,23277,0.038922541564634615,0.040864256299255754,0.0019417147346211389,0.049886637834190124
ev,handedness,RvL,bin_15,23277,0.042789019203505606,0.04128872073683486,-0.0015002984666707478,-0.035062698201501
ev,handedness,RvL,bin_16,23277,0.04171499763715256,0.04236795658764181,0.0006529589504892519,0.01565285838366459
ev,handedness,RvL,bin_17,23277,0.04162907591184431,0.042988492515921344,0.0013594166040770336,0.032655459538804034
ev,handedness,RvL,bin_18,23277,0.045409631825407054,0.04321110182022799,-0.0021985300051790627,-0.048415499461261155
ev,handedness,RvL,bin_19,23277,0.04171499763715256,0.041764287500842545,4.9289863689988556e-05,0.0011815861556249883
ev,handedness,RvL,bin_20,23277,0.04678437943033896,0.04528852192907199,-0.0014958575012669686,-0.031973438987136116
ev,handedness,RvL,bin_21,23277,0.04626884907848949,0.04543374028066821,-0.0008351087978212823,-0.018049050591351895
ev,handedness,RvL,bin_22,23277,0.05017828758001461,0.047034498010169574,-0.0031437895698450333,-0.06265238854219421
ev,handedness,RvL,bin_23,23277,0.052025604674141857,0.04899491415491355,-0.0030306905192283087,-0.0582538259422604
ev,handedness,RvR,bin_0,45964,0.045383343486206595,0.04609863708320925,0.0007152935970026544,0.015761148078921386
ev,handedness,RvR,bin_1,45964,0.043708119397789576,0.044462587684568955,0.0007544682867793792,0.01726151335665873
ev,handedness,RvR,bin_2,45964,0.04233748150726656,0.04301284324954452,0.0006753617422779606,0.015951863885952818
ev,handedness,RvR,bin_3,45964,0.04283787311809242,0.042836793346191566,-1.0797719008567852e-06,-2.5206010995927512e-05
ev,handedness,RvR,bin_4,45964,0.03970498651118266,0.04206103557445541,0.002356049063272747,0.05933887076398277
ev,handedness,RvR,bin_5,45964,0.04118440518666783,0.041597189887868466,0.0004127847012006386,0.010022839939770815
ev,handedness,RvR,bin_6,45964,0.039596205726220524,0.03994577067165994,0.00034956494543941785,0.008828243490207364
ev,handedness,RvR,bin_7,45964,0.041010355930728395,0.04195842204340052,0.000948066112672126,0.023117724563852308
ev,handedness,RvR,bin_8,45964,0.03829083630667479,0.04074885334368124,0.0024580170370064464,0.06419334948236607
ev,handedness,RvR,bin_9,45964,0.03863893481855365,0.039451404196377715,0.0008124693778240669,0.021027219866162957
ev,handedness,RvR,bin_10,45964,0.037050735358106344,0.03824960388168291,0.0011988685235765628,0.03235748257056555
ev,handedness,RvR,bin_11,45964,0.035092681228787746,0.03974381942111546,0.004651138192327715,0.13253869551900255
ev,handedness,RvR,bin_12,45964,0.03772517622487164,0.038485671088853486,0.0007604948639818448,0.020158815414106985
ev,handedness,RvR,bin_13,45964,0.03953093725524323,0.03992588335437479,0.0003949460991315573,0.009990810402026913
ev,handedness,RvR,bin_14,45964,0.038051518579758074,0.0386933720049236,0.0006418534251655256,0.01686801076861533
ev,handedness,RvR,bin_15,45964,0.039313375685318945,0.039365387094203376,5.20114088844309e-05,0.001322995239603753
ev,handedness,RvR,bin_16,45964,0.04022713427900096,0.04041793694991514,0.00019080267091418218,0.004743133567279323
ev,handedness,RvR,bin_17,45964,0.041010355930728395,0.04112660497747314,0.00011624904674474579,0.0028346266231169736
ev,handedness,RvR,bin_18,45964,0.04179357758245583,0.04138413490184129,-0.00040944268061453987,-0.009796784680773926
ev,handedness,RvR,bin_19,45964,0.041293185971629974,0.04069358594097025,-0.0005996000306597235,-0.014520556274627781
ev,handedness,RvR,bin_20,45964,0.047341397615525194,0.04410712258996132,-0.003234275025563872,-0.06831811455653393
ev,handedness,RvR,bin_21,45964,0.045818466626055175,0.04420967966766592,-0.0016087869583892578,-0.03511219551538644
ev,handedness,RvR,bin_22,45964,0.04940823252980594,0.045459751630097425,-0.003948480899708513,-0.07991544521100928
ev,handedness,RvR,bin_23,45964,0.05365068314332956,0.04596390955776489,-0.007686773585564674,-0.14327447732639687
ev,handedness,LvL,expected_bin_index,9926,11.05752569010679,10.609813041247572,-0.447712648859218,-0.04048940616613608
ev,handedness,LvR,expected_bin_index,43526,12.10846390663052,11.784815245661873,-0.3236486609686473,-0.026729126292511743
ev,handedness,RvL,expected_bin_index,23277,11.981698672509344,11.889714099700642,-0.09198457280870187,-0.007677089478117998
ev,handedness,RvR,expected_bin_index,45964,11.753546253589766,11.514158409852413,-0.23938784373735267,-0.020367286482940318
ev,two_strike,0,bin_0,76021,0.03933123742123887,0.039207024151360306,-0.00012421326987856196,-0.003158132772387344
ev,two_strike,0,bin_1,76021,0.03639783743965483,0.038273408071768385,0.001875570632113556,0.05152972714994747
ev,two_strike,0,bin_2,76021,0.037765880480393574,0.03830634860000806,0.0005404681196144873,0.014311015994849508
ev,two_strike,0,bin_3,76021,0.038647215900869496,0.040003306557477,0.0013560906566075018,0.03508896113204864
ev,two_strike,0,bin_4,76021,0.03872614146091212,0.04016686720454492,0.001440725743632798,0.0372029251890995
ev,two_strike,0,bin_5,76021,0.03916023204114653,0.040107374608695213,0.0009471425675486866,0.024186336959226975
ev,two_strike,0,bin_6,76021,0.037410715460201784,0.0386996502455223,0.0012889347853205155,0.034453625638133235
ev,two_strike,0,bin_7,76021,0.039949487641572724,0.04100399476251694,0.0010545071209442161,0.026396011143003047
ev,two_strike,0,bin_8,76021,0.0390813064811039,0.04054665745981867,0.0014653509787147662,0.037494933272593484
ev,two_strike,0,bin_9,76021,0.03850251904079136,0.03912320990814977,0.0006206908673584074,0.01612078593353382
ev,two_strike,0,bin_10,76021,0.036818773759882135,0.038752283239727243,0.001933509479845108,0.0525142279983226
ev,two_strike,0,bin_11,76021,0.035700661659278356,0.039134834205338934,0.003434172546060578,0.09619352657482358
ev,two_strike,0,bin_12,76021,0.03862090738085529,0.03911498648957688,0.0004940791087215957,0.012793047658080526
ev,two_strike,0,bin_13,76021,0.040659817681956305,0.041171914893400836,0.0005120972114445316,0.012594675545527251
ev,two_strike,0,bin_14,76021,0.03795004012049302,0.04014168350264698,0.0021916433821539544,0.05775075270527756
ev,two_strike,0,bin_15,76021,0.04098867418213389,0.04087933931979267,-0.00010933486234121492,-0.0026674408119517004
ev,two_strike,0,bin_16,76021,0.04192262664263822,0.041741875942212375,-0.00018075070042584268,-0.0043115309058904885
ev,two_strike,0,bin_17,76021,0.04113337104221202,0.042959010375349556,0.0018256393331375353,0.044383411494866826
ev,two_strike,0,bin_18,76021,0.04358006340353324,0.043165466205213714,-0.0004145971983195232,-0.009513460191200866
ev,two_strike,0,bin_19,76021,0.044172005103852885,0.04276608830222346,-0.0014059168016294227,-0.031828231440342566
ev,two_strike,0,bin_20,76021,0.049157469646545035,0.0462959114741967,-0.002861558172348337,-0.05821207220232618
ev,two_strike,0,bin_21,76021,0.049157469646545035,0.047224043684083436,-0.001933425962461599,-0.039331275111665294
ev,two_strike,0,bin_22,76021,0.054853264229620766,0.049552920465999836,-0.005300343763620929,-0.09662768183554596
ev,two_strike,0,bin_23,76021,0.06031228213256863,0.051661800492087816,-0.008650481640480816,-0.1434281929751346
ev,two_strike,1,bin_0,46672,0.045873328762427154,0.0462380016275471,0.00036467286511994434,0.007949561868695956
ev,two_strike,1,bin_1,46672,0.045444806307850534,0.04661704010818425,0.0011722338003337177,0.025794670405080277
ev,two_strike,1,bin_2,46672,0.04465203976688378,0.04446002517506264,-0.00019201459182114494,-0.004300242336600996
ev,two_strike,1,bin_3,46672,0.04529482344874872,0.0440631614460919,-0.0012316620026568137,-0.02719211399621514
ev,two_strike,1,bin_4,46672,0.04139526911210147,0.043284172479412956,0.0018889033673114841,0.04563089956478343
ev,two_strike,1,bin_5,46672,0.04220946177579705,0.04366095233900035,0.0014514905632033032,0.034387800794834805
ev,two_strike,1,bin_6,46672,0.04105245114844018,0.04260928593891886,0.0015568347904786825,0.037923065418173835
ev,two_strike,1,bin_7,46672,0.04388069934864587,0.04491173099037141,0.0010310316417255355,0.023496244522760834
ev,two_strike,1,bin_8,46672,0.04145954748028797,0.04443394308993886,0.00297439560965089,0.0717421146737087
ev,two_strike,1,bin_9,46672,0.042445149125814194,0.042937722442573656,0.000492573316759462,0.011604937829276936
ev,two_strike,1,bin_10,46672,0.03983116215289681,0.04110806325136211,0.0012769010984653023,0.032057841886806125
ev,two_strike,1,bin_11,46672,0.038181350702776826,0.04296695121630864,0.004785600513531815,0.1253386908908849
ev,two_strike,1,bin_12,46672,0.041930922180322246,0.041590997643111124,-0.0003399245372111212,-0.00810677465545092
ev,two_strike,1,bin_13,46672,0.04212375728488173,0.04289045896904836,0.0007667016841666346,0.018201170398486864
ev,two_strike,1,bin_14,46672,0.039724031539252656,0.04119641527537868,0.001472383736126022,0.037065314850309436
ev,two_strike,1,bin_15,46672,0.04066678093932122,0.04189633010743056,0.0012295491681093423,0.030234730650157655
ev,two_strike,1,bin_16,46672,0.04109530339389784,0.041808207167102374,0.000712903773204536,0.01734757294212831
ev,two_strike,1,bin_17,46672,0.041159581762084334,0.04153671834505448,0.0003771365829701445,0.009162789484842573
ev,two_strike,1,bin_18,46672,0.04154525197120329,0.04021048476329867,-0.0013347672079046177,-0.03212803255663967
ev,two_strike,1,bin_19,46672,0.03908124785738773,0.03796371752981282,-0.0011175303275749102,-0.02859505232926327
ev,two_strike,1,bin_20,46672,0.042723688721288997,0.039136090046097895,-0.003587598675191102,-0.0839721190413837
ev,two_strike,1,bin_21,46672,0.039874014398354474,0.03673145318945711,-0.0031425612088973667,-0.07881226047375492
ev,two_strike,1,bin_22,46672,0.03991686664381214,0.03549439220217275,-0.004422474441639387,-0.11079212406881024
ev,two_strike,1,bin_23,46672,0.038438464175522796,0.03225368463420171,-0.0061847795413210865,-0.16090079752092407
ev,two_strike,0,expected_bin_index,76021,12.244064140171794,11.973318848759739,-0.27074529141205517,-0.022112371212084845
ev,two_strike,1,expected_bin_index,46672,11.251328419609187,11.013645283633144,-0.2376831359760434,-0.02112489540006684
la,overall,all,bin_0,122691,0.04711021998353587,0.04953608701689337,0.0024258670333574955,0.051493434634890055
la,overall,all,bin_1,122691,0.03688127083486156,0.04105586881212055,0.004174597977258984,0.11319018793986343
la,overall,all,bin_2,122691,0.04233399352845767,0.04401693379657541,0.0016829402681177441,0.03975387455441551
la,overall,all,bin_3,122691,0.03110252585764237,0.033759963213829604,0.0026574373561872346,0.08544120719810482
la,overall,all,bin_4,122691,0.04594469031958334,0.04770353279727505,0.0017588424776917091,0.03828173539657149
la,overall,all,bin_5,122691,0.03217024883650797,0.03257644478929764,0.0004061959527896647,0.012626447338159806
la,overall,all,bin_6,122691,0.047126521097717027,0.047688301459971695,0.0005617803622546685,0.011920683919990927
la,overall,all,bin_7,122691,0.03847878002461468,0.040218455091011504,0.0017396750663968216,0.045211284382819836
la,overall,all,bin_8,122691,0.04118476497868629,0.04267161382930174,0.001486848850615452,0.03610191417590747
la,overall,all,bin_9,122691,0.028665509287559805,0.029354135618390145,0.00068862633083034,0.024022818639722845
la,overall,all,bin_10,122691,0.04438793391528311,0.0446053040029562,0.00021737008767309246,0.004897053512063787
la,overall,all,bin_11,122691,0.04452649338582292,0.04504552563379326,0.0005190322479703344,0.011656706120396905
la,overall,all,bin_12,122691,0.03019781402058831,0.030123747563728865,-7.406645685944374e-05,-0.0024527092195794904
la,overall,all,bin_13,122691,0.04545565689414872,0.04564666220520212,0.00019100531105339935,0.004202014096907409
la,overall,all,bin_14,122691,0.04433903057273965,0.04487282937478108,0.0005337988020414283,0.012039027356850161
la,overall,all,bin_15,122691,0.04389890048984848,0.043316484409664895,-0.0005824160801835843,-0.013267213385407378
la,overall,all,bin_16,122691,0.028225379204668638,0.028279290752694003,5.391154802536491e-05,0.0019100380418076946
la,overall,all,bin_17,122691,0.05486955033376531,0.052966527583453576,-0.0019030227503117336,-0.03468267442936675
la,overall,all,bin_18,122691,0.036506345208695015,0.03595295736379251,-0.0005533878449025045,-0.015158675614854473
la,overall,all,bin_19,122691,0.043002339209885,0.041427281853121334,-0.001575057356763665,-0.03662724832424011
la,overall,all,bin_20,122691,0.04205687458737805,0.04209804534947766,4.117076209961268e-05,0.0009789306148766626
la,overall,all,bin_21,122691,0.04292083363897922,0.042917797176046706,-3.036462932516637e-06,-7.074566533486493e-05
la,overall,all,bin_22,122691,0.04529264575233717,0.04284591007124197,-0.0024467356810951996,-0.054020595186116814
la,overall,all,bin_23,122691,0.06332167803669381,0.051320300193098,-0.012001377843595805,-0.18953031908979442
la,overall,all,expected_bin_index,122691,11.919122021990203,11.585080168019251,-0.33404185397095176,-0.028025709725486552
la,count,0-0,bin_0,20139,0.044391479219425,0.04503607846779932,0.0006445992483743238,0.01452078776623099
la,count,0-0,bin_1,20139,0.034261879934455536,0.03780706307952551,0.0035451831450699772,0.10347310631675981
la,count,0-0,bin_2,20139,0.03883013059238294,0.041014460024220975,0.0021843294318380363,0.05625346602018697
la,count,0-0,bin_3,20139,0.03009086846417399,0.03157446159576041,0.0014835931315864206,0.049303765803661595
la,count,0-0,bin_4,20139,0.04349769104722181,0.04534561276998003,0.0018479217227582237,0.04248321412628752
la,count,0-0,bin_5,20139,0.03118327623020011,0.03178233740873954,0.0005990611785394347,0.019210976233448526
la,count,0-0,bin_6,20139,0.04603009086846417,0.04650364680605918,0.0004735559375950091,0.010287964430664388
la,count,0-0,bin_7,20139,0.03853220120164854,0.03978691427706772,0.0012547130754191824,0.0325627147240553
la,count,0-0,bin_8,20139,0.0392273697800288,0.04257701162813323,0.0033496418481044343,0.08539042680882938
la,count,0-0,bin_9,20139,0.028452256815134813,0.029127232081166132,0.0006749752660313198,0.023723083564755235
la,count,0-0,bin_10,20139,0.044739063508615125,0.04484793001621794,0.00010886650760281308,0.0024333658120011684
la,count,0-0,bin_11,20139,0.044689408610159395,0.04560796080292667,0.0009185521927672774,0.02055413623348911
la,count,0-0,bin_12,20139,0.03158051541784597,0.030331982998343963,-0.0012485324195020062,-0.039534896849608335
la,count,0-0,bin_13,20139,0.04434182432096927,0.04665048703025848,0.0023086627092892137,0.05206512687835999
la,count,0-0,bin_14,20139,0.043795620437956206,0.045895132687505946,0.00209951224954974,0.047938863031385726
la,count,0-0,bin_15,20139,0.046824569243755894,0.04433904139545369,-0.0024855278483022006,-0.053081702372171816
la,count,0-0,bin_16,20139,0.030587417448731318,0.02894737926190032,-0.0016400381868309985,-0.05361806663082708
la,count,0-0,bin_17,20139,0.05710313322409256,0.054971356895651226,-0.0021317763284413316,-0.037332037807373895
la,count,0-0,bin_18,20139,0.03912805998311734,0.0372373654892464,-0.0018906944938709355,-0.04832068072597306
la,count,0-0,bin_19,20139,0.04404389493023487,0.0430175274624562,-0.0010263674677786702,-0.02330328571994886
la,count,0-0,bin_20,20139,0.04275286757038582,0.0435974752896868,0.0008446077193009771,0.01975558055633261
la,count,0-0,bin_21,20139,0.04389493023486767,0.04471196101760254,0.0008170307827348663,0.018613329110291257
la,count,0-0,bin_22,20139,0.04607974576691991,0.045150570613881155,-0.0009291751530387526,-0.02016450259380112
la,count,0-0,bin_23,20139,0.06594170514921296,0.054139011102439655,-0.01180269404677331,-0.17898678871081905
la,count,0-1,bin_0,15763,0.05202055446298293,0.05657527185189018,0.0045547173889072465,0.08755611000164015
la,count,0-1,bin_1,15763,0.03952293345175411,0.044001051231640234,0.004478117779886125,0.1133042866201364
la,count,0-1,bin_2,15763,0.044217471293535496,0.04635846719985135,0.0021409959063158554,0.04841968216823074
la,count,0-1,bin_3,15763,0.030451056271014403,0.03538766701827967,0.0049366107472652646,0.1621162400190466
la,count,0-1,bin_4,15763,0.04770665482458923,0.04936619586576592,0.0016595410411766875,0.034786363606473567
la,count,0-1,bin_5,15763,0.031783289982871284,0.0335125500008701,0.001729260017998814,0.05440783565611837
la,count,0-1,bin_6,15763,0.047262576920636935,0.04872148637169294,0.0014589094510560063,0.03086817406308165
la,count,0-1,bin_7,15763,0.038063820338768,0.04093055078457445,0.002866730445806452,0.07531378669541185
la,count,0-1,bin_8,15763,0.041616443570386345,0.04305081816077928,0.001434374590392938,0.03446653455543275
la,count,0-1,bin_9,15763,0.02835754615238216,0.029539851086358152,0.0011823049339759924,0.04169278003190955
la,count,0-1,bin_10,15763,0.04256803907885555,0.04483601094116569,0.0022679718623101405,0.05327874883099068
la,count,0-1,bin_11,15763,0.044027152191841654,0.04497592310237634,0.0009487709105346839,0.021549677035674675
la,count,0-1,bin_12,15763,0.03133921207891899,0.02994698312954517,-0.001392228949373818,-0.04442450390481679
la,count,0-1,bin_13,15763,0.04815073272854152,0.045428550848413234,-0.002722181880128287,-0.05653458890179471
la,count,0-1,bin_14,15763,0.044090591892406265,0.04439292240530234,0.00030233051289607626,0.0068570300356559
la,count,0-1,bin_15,15763,0.042948677282243226,0.042499902327997906,-0.00044877495424532066,-0.010449098380751832
la,count,0-1,bin_16,15763,0.0275962697456068,0.027528482890188537,-6.778685541826424e-05,-0.002456377475765745
la,count,0-1,bin_17,15763,0.0542409439827444,0.05154674990329996,-0.002694194079444441,-0.04967085529155874
la,count,0-1,bin_18,15763,0.03654126752521728,0.034844610770682585,-0.0016966567545346964,-0.046431250732170866
la,count,0-1,bin_19,15763,0.04529594620313392,0.03986937238771287,-0.005426573815421054,-0.11980263732840626
la,count,0-1,bin_20,15763,0.04022077015796485,0.03991435568531744,-0.00030641447264741217,-0.007618314404323594
la,count,0-1,bin_21,15763,0.04066484806191715,0.040669486983325016,4.638921407867924e-06,0.00011407693939504226
la,count,0-1,bin_22,15763,0.04459810949692317,0.039455564983219726,-0.005142544513703447,-0.11530857634353832
la,count,0-1,bin_23,15763,0.05671509230476432,0.04664717423836724,-0.010067918066397077,-0.17751744125348673
la,count,0-2,bin_0,8219,0.05389950115585838,0.05876257921746506,0.004863078061606685,0.09022491780664862
la,count,0-2,bin_1,8219,0.04319260250638764,0.04638639842710537,0.0031937959207177305,0.073943123020786
la,count,0-2,bin_2,8219,0.046964350894269376,0.048304632678531655,0.0013402817842622788,0.028538279753501736
la,count,0-2,bin_3,8219,0.034189074096605425,0.037115728653792195,0.0029266545571867697,0.0856020420125198
la,count,0-2,bin_4,8219,0.05049276067648133,0.050522509551998454,2.9748875517127127e-05,0.0005891711033138984
la,count,0-2,bin_5,8219,0.03528409782211948,0.03387642399564324,-0.0014076738264762398,-0.03989541786140764
la,count,0-2,bin_6,8219,0.04854605183112301,0.049280717059091046,0.0007346652279680357,0.015133367189647333
la,count,0-2,bin_7,8219,0.04027253923835016,0.04119769171629914,0.0009251524779489775,0.02297229068357295
la,count,0-2,bin_8,8219,0.040394208541185056,0.04280805999490908,0.002413851453724025,0.059757364753487245
la,count,0-2,bin_9,8219,0.025915561503832583,0.029640544799333198,0.0037249832955006147,0.14373538828976315
la,count,0-2,bin_10,8219,0.041489232266699115,0.04473582016851538,0.0032465879018162627,0.07825133714084417
la,count,0-2,bin_11,8219,0.049032729042462586,0.04457673629095663,-0.004455992751505954,-0.09087792661197874
la,count,0-2,bin_12,8219,0.03175568803990753,0.029960042831855174,-0.0017956452080523586,-0.056545624386905496
la,count,0-2,bin_13,8219,0.04599099647159022,0.044785942889119475,-0.0012050535824707428,-0.02620194548763766
la,count,0-2,bin_14,8219,0.04234091738654337,0.04393702876126179,0.0015961113747184202,0.037696664910375564
la,count,0-2,bin_15,8219,0.043557610414892325,0.042039154507575595,-0.0015184559073167306,-0.03486086341406762
la,count,0-2,bin_16,8219,0.027253923835016427,0.027259037806234468,5.113971218041052e-06,0.00018764164929053307
la,count,0-2,bin_17,8219,0.05122277649349069,0.05013445734426403,-0.001088319149226663,-0.02124678168050818
la,count,0-2,bin_18,8219,0.03528409782211948,0.03392289775552022,-0.0013612000665992538,-0.03857828740475609
la,count,0-2,bin_19,8219,0.0395425234213408,0.03899002925996434,-0.0005524941613764614,-0.013972152345701956
la,count,0-2,bin_20,8219,0.04015086993551527,0.03911344884420942,-0.0010374210913058485,-0.025838072574068997
la,count,0-2,bin_21,8219,0.03759581457598248,0.0393238209643598,0.0017280063883773206,0.045962733029363094
la,count,0-2,bin_22,8219,0.04100255505535953,0.038098197158970344,-0.0029043578963891883,-0.07083358323567579
la,count,0-2,bin_23,8219,0.05462951697286775,0.04522809876057131,-0.009401418212296439,-0.17209411199747088
la,count,1-0,bin_0,10704,0.042974588938714496,0.04411461913104219,0.0011400301923276956,0.026528006910164468
la,count,1-0,bin_1,10704,0.03353886397608371,0.0376272707488194,0.004088406772735691,0.12190057408179061
la,count,1-0,bin_2,10704,0.037836322869955155,0.04137572776054418,0.003539404890589022,0.09354516036756765
la,count,1-0,bin_3,10704,0.028494020926756354,0.03197960778319549,0.0034855868564391337,0.12232695643057208
la,count,1-0,bin_4,10704,0.04362855007473842,0.04573037659160613,0.0021018265168677094,0.04817548401831255
la,count,1-0,bin_5,10704,0.03353886397608371,0.03161557290215884,-0.0019232910739248668,-0.057345146672121934
la,count,1-0,bin_6,10704,0.04615097159940209,0.046552328940273044,0.0004013573408709545,0.008696617361705865
la,count,1-0,bin_7,10704,0.038957399103139015,0.03933131066997106,0.0003739115668320442,0.009597960219113192
la,count,1-0,bin_8,10704,0.0383034379671151,0.042195729628806224,0.0038922916616911246,0.10161729255302877
la,count,1-0,bin_9,10704,0.02858744394618834,0.028984047516022588,0.0003966035698342481,0.013873348403613699
la,count,1-0,bin_10,10704,0.045497010463378174,0.04405285205233592,-0.0014441584110422567,-0.031741830866111535
la,count,1-0,bin_11,10704,0.04204035874439462,0.04495370587177582,0.0029133471273811995,0.06929881700330746
la,count,1-0,bin_12,10704,0.03139013452914798,0.02986191923546983,-0.0015282152936781541,-0.048684572927175485
la,count,1-0,bin_13,10704,0.042600896860986545,0.04583225412082211,0.003231357259835567,0.07585185988877173
la,count,1-0,bin_14,10704,0.04418908819133034,0.045173554426109895,0.0009844662347795533,0.02227849170630093
la,count,1-0,bin_15,10704,0.043161434977578475,0.04379444673600629,0.0006330117584278164,0.01466614255889902
la,count,1-0,bin_16,10704,0.0304559043348281,0.02864395122368694,-0.0018119531111411603,-0.059494313195260676
la,count,1-0,bin_17,10704,0.05371823617339312,0.05439993398493254,0.0006816978115394209,0.012690249347335586
la,count,1-0,bin_18,10704,0.037275784753363225,0.03699937808544519,-0.00027640666791803326,-0.00741518038444769
la,count,1-0,bin_19,10704,0.04241405082212257,0.042934413036146514,0.0005203622140239408,0.01226862805927811
la,count,1-0,bin_20,10704,0.04493647234678625,0.04395974885306219,-0.0009767234937240604,-0.021735651303164953
la,count,1-0,bin_21,10704,0.04661808669656203,0.0457298286067846,-0.0008882580897774314,-0.019053937060075403
la,count,1-0,bin_22,10704,0.050261584454409564,0.04672002721743748,-0.0035415572369720816,-0.07046250681142967
la,count,1-0,bin_23,10704,0.0734304932735426,0.057437394861579,-0.015993098411963606,-0.21779914173238987
la,count,1-1,bin_0,14076,0.05008525149190111,0.05162158791965301,0.0015363364277519026,0.030674427740476285
la,count,1-1,bin_1,14076,0.03729752770673487,0.041739504773625015,0.004441977066890146,0.11909575084484894
la,count,1-1,bin_2,14076,0.042128445581131005,0.04459731089159216,0.0024688653104611574,0.058603285177152194
la,count,1-1,bin_3,14076,0.03154305200341006,0.034057503665433045,0.002514451662022986,0.07971491350143142
la,count,1-1,bin_4,14076,0.04511224779766979,0.04849137452595242,0.003379126728282625,0.07490486272016729
la,count,1-1,bin_5,14076,0.032182438192668375,0.033126493197593004,0.0009440550049246293,0.0293344773715653
la,count,1-1,bin_6,14076,0.05008525149190111,0.04848324817371146,-0.001602003318189646,-0.03198553008062051
la,count,1-1,bin_7,14076,0.037013356067064504,0.04084151367599618,0.0038281576089316746,0.1034263848432289
la,count,1-1,bin_8,14076,0.04255470304063654,0.043200999614515394,0.0006462965738788518,0.0151874300065421
la,count,1-1,bin_9,14076,0.029980107985223076,0.029682383245323272,-0.00029772473989980383,-0.009930742746041797
la,count,1-1,bin_10,14076,0.04447286160841148,0.04502093728456454,0.0005480756761530592,0.012323823031198819
la,count,1-1,bin_11,14076,0.04440181869849389,0.045369974395346464,0.000968155696852574,0.02180441534223493
la,count,1-1,bin_12,14076,0.030548451264563795,0.030182349490482194,-0.0003661017740816015,-0.011984299004587496
la,count,1-1,bin_13,14076,0.04489911906791702,0.04578035719724873,0.0008812381293317115,0.019627069475432232
la,count,1-1,bin_14,14076,0.04610684853651605,0.044844415163825715,-0.0012624333726903372,-0.027380604243434803
la,count,1-1,bin_15,14076,0.04319408922989486,0.04305774746415023,-0.0001363417657446256,-0.0031564912740482723
la,count,1-1,bin_16,14076,0.025717533390167663,0.028003403878993735,0.0022858704888260722,0.0888837375710381
la,count,1-1,bin_17,14076,0.05356635407786303,0.052445121123118485,-0.001121232954744547,-0.020931664550376983
la,count,1-1,bin_18,14076,0.037226484796817276,0.03552582205181142,-0.0017006627450058542,-0.04568421526469925
la,count,1-1,bin_19,14076,0.043478260869565216,0.04074953327644509,-0.0027287275931201296,-0.06276073464176299
la,count,1-1,bin_20,14076,0.039926115373685706,0.041041904302554916,0.0011157889288692102,0.027946343350112104
la,count,1-1,bin_21,14076,0.04468599033816425,0.041881553560100614,-0.0028044367780636348,-0.06275874735774838
la,count,1-1,bin_22,14076,0.04553850525717534,0.04098004101027077,-0.004558464246904564,-0.10010131472609773
la,count,1-1,bin_23,14076,0.05825518613242398,0.049274920114327145,-0.008980266018096837,-0.15415393228137936
la,count,1-2,bin_0,14034,0.05472424112868747,0.057221181124984345,0.002496939996296875,0.04562767696358118
la,count,1-2,bin_1,14034,0.04125694741342454,0.045868707437112306,0.0046117600236877665,0.1117814165327014
la,count,1-2,bin_2,14034,0.04538976770699729,0.048104737501243576,0.0027149697942462844,0.05981457785314342
la,count,1-2,bin_3,14034,0.03470143936155052,0.03699814116073975,0.002296701799189234,0.06618462638567085
la,count,1-2,bin_4,14034,0.05372666381644577,0.05074121162505509,-0.0029854521913906806,-0.05556742182225041
la,count,1-2,bin_5,14034,0.0347726948838535,0.03408934406609494,-0.0006833508177585546,-0.019651937246769578
la,count,1-2,bin_6,14034,0.04845375516602537,0.04952551723889955,0.0010717620728741828,0.02211927783928865
la,count,1-2,bin_7,14034,0.03876300413282029,0.04136402621791553,0.002601022085095238,0.06710063224674001
la,count,1-2,bin_8,14034,0.04424967935014964,0.04316697321005191,-0.0010827061400977278,-0.024468112673319664
la,count,1-2,bin_9,14034,0.030141085934159897,0.029828665650766584,-0.00031242028339331304,-0.010365263019247648
la,count,1-2,bin_10,14034,0.047099900242268775,0.04498951034269578,-0.0021103898995729967,-0.04480667450923969
la,count,1-2,bin_11,14034,0.04367963517172581,0.04482124072486039,0.0011416055531345837,0.02613587656230138
la,count,1-2,bin_12,14034,0.027718398175858628,0.030175527413547575,0.0024571292376889473,0.08864614838490151
la,count,1-2,bin_13,14034,0.04282456890409007,0.044934472181482464,0.002109903277392397,0.049268523452454076
la,count,1-2,bin_14,14034,0.04538976770699729,0.04396487349007285,-0.0014248942169244397,-0.03139241042436042
la,count,1-2,bin_15,14034,0.04068690323500071,0.04209859390736673,0.0014116906723660172,0.034696439397521345
la,count,1-2,bin_16,14034,0.02679207638591991,0.027332344397660135,0.0005402680117402268,0.020165216161601978
la,count,1-2,bin_17,14034,0.05315661963802195,0.05013238190176724,-0.003024237736254709,-0.056892965671043676
la,count,1-2,bin_18,14034,0.03584152771839818,0.03397624127253511,-0.0018652864458630694,-0.052042604336465834
la,count,1-2,bin_19,14034,0.03997434801197093,0.03899115320601116,-0.0009831948059597709,-0.024595643327699507
la,count,1-2,bin_20,14034,0.039618070400456035,0.03922031246460013,-0.00039775793585590524,-0.010039810920506789
la,count,1-2,bin_21,14034,0.03769417129827562,0.03943079280997921,0.00173662151170359,0.046071354055289566
la,count,1-2,bin_22,14034,0.03983183696736497,0.03822849879357594,-0.0016033381737890276,-0.04025267966181613
la,count,1-2,bin_23,14034,0.05351289724953684,0.04479555153380968,-0.00871734571572716,-0.16290177067179087
la,count,2-0,bin_0,3667,0.029724570493591493,0.03507273880385957,0.0053481683102680755,0.17992415774085352
la,count,2-0,bin_1,3667,0.026724843196073083,0.032642403704042894,0.005917560507969811,0.22142545288495202
la,count,2-0,bin_2,3667,0.037632942459776386,0.03717138213059784,-0.0004615603291785453,-0.012264795123896562
la,count,2-0,bin_3,3667,0.032178892827924736,0.029051088424860965,-0.0031278044030637712,-0.09720049784775295
la,count,2-0,bin_4,3667,0.04090537223888737,0.04230281047022439,0.0013974382313370198,0.03416270662875235
la,count,2-0,bin_5,3667,0.0264521407144805,0.029667911179792183,0.0032157704653116813,0.12156938449791686
la,count,2-0,bin_6,3667,0.041178074720479955,0.04447814892414416,0.0033000742036642036,0.08014153711812341
la,count,2-0,bin_7,3667,0.03490591764385056,0.03779830094021782,0.0028923832963672624,0.0828622620920215
la,count,2-0,bin_8,3667,0.03954185983092446,0.04128540671361447,0.00174354688269001,0.044093699440167354
la,count,2-0,bin_9,3667,0.03408781019907281,0.02851640244005291,-0.0055714077590198995,-0.16344281801860777
la,count,2-0,bin_10,3667,0.03954185983092446,0.04339222978303508,0.003850369952110619,0.09737452837510097
la,count,2-0,bin_11,3667,0.0436323970548132,0.04523712154511486,0.0016047244903016622,0.03677827941210122
la,count,2-0,bin_12,3667,0.031088082901554404,0.030101505593490185,-0.0009865773080642189,-0.031734903409399044
la,count,2-0,bin_13,3667,0.0389964548677393,0.04635450568115925,0.007358050813419954,0.18868512120846834
la,count,2-0,bin_14,3667,0.043359694573220614,0.046232487030902825,0.0028727924576822106,0.06625490529761426
la,count,2-0,bin_15,3667,0.0482683392418871,0.04522557730980729,-0.003042761932079814,-0.063038463304727
la,count,2-0,bin_16,3667,0.03408781019907281,0.029959857288721612,-0.004127952910351198,-0.12109762657806275
la,count,2-0,bin_17,3667,0.05672211617125716,0.057212294332130945,0.0004901781608737873,0.008641746711173934
la,count,2-0,bin_18,3667,0.03926915734933188,0.03910858523578276,-0.0001605721135491192,-0.004089013474893195
la,count,2-0,bin_19,3667,0.04717752931551677,0.04536784487340385,-0.0018096844421129216,-0.03835903381056696
la,count,2-0,bin_20,3667,0.04172347968366512,0.047478335814432164,0.005754856130767046,0.1379284799445932
la,count,2-0,bin_21,3667,0.05235887646577584,0.049221153560056186,-0.0031377229057196546,-0.05992723903788528
la,count,2-0,bin_22,3667,0.056176711208071994,0.05236230117147921,-0.0038144100365927816,-0.06790020196206666
la,count,2-0,bin_23,3667,0.08426506681210799,0.06475960690061787,-0.019505459911490122,-0.23147741584282938
la,count,2-1,bin_0,8180,0.0402200488997555,0.04490687190116355,0.004686823001408047,0.1165295202173794
la,count,2-1,bin_1,8180,0.03386308068459658,0.03806905300322078,0.004205972318624206,0.12420524753193503
la,count,2-1,bin_2,8180,0.04339853300733496,0.0415634901918332,-0.0018350428155017653,-0.04228352177691392
la,count,2-1,bin_3,8180,0.031051344743276282,0.031904668031370806,0.0008533232880945235,0.02748104132524883
la,count,2-1,bin_4,8180,0.04168704156479218,0.04610846716358268,0.004421425598790503,0.10606235014107422
la,count,2-1,bin_5,8180,0.03019559902200489,0.03170165404948719,0.0015060550274822969,0.04987664018139752
la,count,2-1,bin_6,8180,0.0480440097799511,0.04687473640302828,-0.0011692733769228247,-0.024337547641803323
la,count,2-1,bin_7,8180,0.03924205378973105,0.03968906117458322,0.00044700738485217023,0.011391029308693934
la,count,2-1,bin_8,8180,0.04290953545232274,0.04261124070540341,-0.0002982947469193295,-0.0069517123356128635
la,count,2-1,bin_9,8180,0.02823960880195599,0.02931866543591921,0.0010790566339632206,0.038210750068481146
la,count,2-1,bin_10,8180,0.042787286063569685,0.044619174001553755,0.0018318879379840697,0.042813838093456257
la,count,2-1,bin_11,8180,0.04572127139364303,0.04547384942282413,-0.0002474219708189021,-0.005411528666573849
la,count,2-1,bin_12,8180,0.028117359413202935,0.03037795057760506,0.002260591164402123,0.08039841619482334
la,count,2-1,bin_13,8180,0.04926650366748166,0.04629215185272196,-0.0029743518147597042,-0.060372699366586555
la,count,2-1,bin_14,8180,0.04474327628361858,0.04564825797398335,0.0009049816903647714,0.020226093516895714
la,count,2-1,bin_15,8180,0.04559902200488997,0.044239382348502075,-0.0013596396563878982,-0.029817298630705116
la,count,2-1,bin_16,8180,0.02885085574572127,0.029018923257143305,0.0001680675114220341,0.005825390862001013
la,count,2-1,bin_17,8180,0.055378973105134476,0.05468473974383715,-0.0006942333612973278,-0.012536046126737619
la,count,2-1,bin_18,8180,0.03264058679706602,0.03715732316379266,0.0045167363667266425,0.13837791565477128
la,count,2-1,bin_19,8180,0.04254278728606357,0.0428015120029979,0.0002587247169343332,0.006081517771617372
la,count,2-1,bin_20,8180,0.043765281173594135,0.043700021638434255,-6.525953515987976e-05,-0.0014911256916419452
la,count,2-1,bin_21,8180,0.04706601466992665,0.04467765092770879,-0.002388363742217861,-0.05074497509439507
la,count,2-1,bin_22,8180,0.04425427872860636,0.0447911599777321,0.0005368812491257438,0.01213173651339388
la,count,2-1,bin_23,8180,0.07041564792176039,0.05376999486622507,-0.016645653055535316,-0.23639139235117862
la,count,2-2,bin_0,14193,0.05079968998802226,0.05145040906513372,0.0006507190771114571,0.012809508823083094
la,count,2-2,bin_1,14193,0.04220390333262876,0.044147738059937464,0.0019438347273087048,0.04605817409798405
la,count,2-2,bin_2,14193,0.04636088212499119,0.04677721538441449,0.0004163332594233002,0.008980270442241488
la,count,2-2,bin_3,14193,0.03149439864722046,0.03549959658526193,0.004005197938041473,0.1271717546635853
la,count,2-2,bin_4,14193,0.04769957021066723,0.04980505689017158,0.0021054866795043523,0.044140579678294344
la,count,2-2,bin_5,14193,0.0324808003945607,0.033419301446271345,0.000938501051710644,0.02889402478726501
la,count,2-2,bin_6,14193,0.045233565842316636,0.048639205477714255,0.0034056396353976184,0.07529009866853333
la,count,2-2,bin_7,14193,0.041499330655957165,0.04075634367973503,-0.0007429869762221319,-0.017903589394772018
la,count,2-2,bin_8,14193,0.0407243007116184,0.04288750518973686,0.0021632044781184565,0.05311827189954196
la,count,2-2,bin_9,14193,0.028605650672866908,0.029565367230210464,0.0009597165573435561,0.033549894330978054
la,count,2-2,bin_10,14193,0.044951736771647995,0.04466509934588943,-0.0002866374257585666,-0.0063765595357230965
la,count,2-2,bin_11,14193,0.04481082223631368,0.04460699826171489,-0.00020382397459878937,-0.004548543508617323
la,count,2-2,bin_12,14193,0.028253364334531107,0.03007066163823939,0.0018172973037082832,0.06432144795893183
la,count,2-2,bin_13,14193,0.04551539491298527,0.04486689087303932,-0.0006485040399459505,-0.014248015230577206
la,count,2-2,bin_14,14193,0.04206298879729444,0.044077976542446856,0.002014987745152415,0.047904055388522986
la,count,2-2,bin_15,14193,0.04199253152962728,0.04257277035666387,0.0005802388270365888,0.013817667235117962
la,count,2-2,bin_16,14193,0.02642147537518495,0.027816148655312442,0.0013946732801274932,0.052785594306265365
la,count,2-2,bin_17,14193,0.05382935249771014,0.05131396219600096,-0.0025153903017091778,-0.04672897192690885
la,count,2-2,bin_18,14193,0.03614457831325301,0.034965814057257544,-0.0011787642559954667,-0.03261247774920791
la,count,2-2,bin_19,14193,0.040583386176284084,0.04032168431408241,-0.00026170186220167424,-0.00644849744831313
la,count,2-2,bin_20,14193,0.04297893327696752,0.04089482092827542,-0.002084112348692102,-0.04849148617210984
la,count,2-2,bin_21,14193,0.040160642570281124,0.04143752448809725,0.0012768819178161223,0.031794359753621444
la,count,2-2,bin_22,14193,0.04311984781230184,0.04082064504265668,-0.0022992027696451603,-0.053321217172506145
la,count,2-2,bin_23,14193,0.06207285281476784,0.048621264113322286,-0.013451588701445555,-0.21670646814939473
la,count,3-0,bin_0,259,0.03088803088803089,0.028052870819860222,-0.002835160068170667,-0.09178830720702534
la,count,3-0,bin_1,259,0.03088803088803089,0.025011380811888927,-0.005876650076141961,-0.190256546215096
la,count,3-0,bin_2,259,0.03861003861003861,0.028460831284742357,-0.010149207325296252,-0.2628644697251729
la,count,3-0,bin_3,259,0.03088803088803089,0.022559127932177087,-0.008328902955853801,-0.2696482331957668
la,count,3-0,bin_4,259,0.04633204633204633,0.03617129023105956,-0.010160756100986768,-0.21930298584629773
la,count,3-0,bin_5,259,0.019305019305019305,0.026311890262135925,0.0070068709571166204,0.36295591557864093
la,count,3-0,bin_6,259,0.02702702702702703,0.040957707244701484,0.013930680217674456,0.5154351680539548
la,count,3-0,bin_7,259,0.04633204633204633,0.03488955893203199,-0.011442487400014342,-0.24696701971697624
la,count,3-0,bin_8,259,0.03861003861003861,0.03854657232250774,-6.346628753087225e-05,-0.0016437768470495913
la,count,3-0,bin_9,259,0.007722007722007722,0.027427851874201513,0.019705844152193792,2.551906817709096
la,count,3-0,bin_10,259,0.03088803088803089,0.04235563405814606,0.011467603170115172,0.3712636526324787
la,count,3-0,bin_11,259,0.06563706563706563,0.04742709899314007,-0.01820996664392556,-0.27743419769274824
la,count,3-0,bin_12,259,0.023166023166023165,0.030181785025561954,0.00701576185953879,0.30284705360342445
la,count,3-0,bin_13,259,0.04633204633204633,0.0462965768263909,-3.54695056554305e-05,-0.0007655501637297083
la,count,3-0,bin_14,259,0.05019305019305019,0.045696633851738166,-0.004496416341312023,-0.08958244864613955
la,count,3-0,bin_15,259,0.03088803088803089,0.04726678167530929,0.0163787507872784,0.5302620567381382
la,count,3-0,bin_16,259,0.04633204633204633,0.03108694015563426,-0.01524510617641207,-0.32904020830756053
la,count,3-0,bin_17,259,0.05019305019305019,0.062070143398285836,0.011877093205235646,0.23662824155046405
la,count,3-0,bin_18,259,0.04247104247104247,0.042057064822137814,-0.0004139776489046551,-0.009747291915118698
la,count,3-0,bin_19,259,0.05019305019305019,0.048448082212445016,-0.0017449679806051735,-0.03476513130590307
la,count,3-0,bin_20,259,0.03474903474903475,0.05093615030794329,0.01618711555890854,0.4658292144174791
la,count,3-0,bin_21,259,0.04633204633204633,0.055993478484973165,0.009661432152926835,0.20852591063400422
la,count,3-0,bin_22,259,0.07722007722007722,0.06341403268855676,-0.013806044531520456,-0.17878827668318992
la,count,3-0,bin_23,259,0.0888030888030888,0.07838051862699837,-0.01042257017609044,-0.1173672032872793
la,count,3-1,bin_0,3232,0.03125,0.035168795803805816,0.003918795803805816,0.12540146572178612
la,count,3-1,bin_1,3232,0.026608910891089108,0.033909534474990115,0.0073006235839010065,0.27436762119962854
la,count,3-1,bin_2,3232,0.03712871287128713,0.037934138281037456,0.0008054254097503294,0.021692791035942207
la,count,3-1,bin_3,3232,0.028155940594059407,0.029184858975364332,0.0010289183813049253,0.03654356272942328
la,count,3-1,bin_4,3232,0.038675742574257425,0.04259864824510232,0.003922905670844898,0.10143064902536568
la,count,3-1,bin_5,3232,0.027227722772277228,0.029472812813836943,0.0022450900415597157,0.08245603425364774
la,count,3-1,bin_6,3232,0.04919554455445545,0.044182200451224604,-0.0050133441032308435,-0.10190646629963576
la,count,3-1,bin_7,3232,0.03712871287128713,0.03743128878856471,0.00030257591727757965,0.008149378038676146
la,count,3-1,bin_8,3232,0.04084158415841584,0.04101034352732871,0.00016875936891286997,0.004132047578230271
la,count,3-1,bin_9,3232,0.029393564356435642,0.028163865248157297,-0.0012296991082783454,-0.04183565808374329
la,count,3-1,bin_10,3232,0.04733910891089109,0.04279809573979424,-0.0045410131710968485,-0.09592519326133996
la,count,3-1,bin_11,3232,0.038985148514851485,0.04475300177266332,0.005767853257811838,0.14795001372418937
la,count,3-1,bin_12,3232,0.0327970297029703,0.0298870219486738,-0.0029100077542964994,-0.08872778360270081
la,count,3-1,bin_13,3232,0.04826732673267327,0.04607151319172736,-0.002195813540945911,-0.04549275233549477
la,count,3-1,bin_14,3232,0.05012376237623763,0.04595115019184851,-0.004172612184389114,-0.0832461887650964
la,count,3-1,bin_15,3232,0.04641089108910891,0.04513054150398863,-0.0012803495851202787,-0.027587265727391605
la,count,3-1,bin_16,3232,0.028465346534653466,0.030035040985116085,0.0015696944504626185,0.055144048520599814
la,count,3-1,bin_17,3232,0.056002475247524754,0.05766908258040008,0.001666607332875325,0.029759529833442266
la,count,3-1,bin_18,3232,0.03527227722772277,0.03926388099822442,0.003991603770501652,0.11316546830053807
la,count,3-1,bin_19,3232,0.04579207920792079,0.04569401064156526,-9.806856635553168e-05,-0.0021416054490613406
la,count,3-1,bin_20,3232,0.04455445544554455,0.048203155424017034,0.003648699978472482,0.08189304396127127
la,count,3-1,bin_21,3232,0.04826732673267327,0.04910377110369911,0.0008364443710258407,0.017329411584330236
la,count,3-1,bin_22,3232,0.04950495049504951,0.05278124697866196,0.0032762964836124536,0.06618118896897156
la,count,3-1,bin_23,3232,0.08261138613861387,0.06360200079320512,-0.019009385345408747,-0.23010611773918002
la,count,3-2,bin_0,10225,0.041271393643031784,0.043706363394255626,0.002434969751223842,0.05899897086792367
la,count,3-2,bin_1,10225,0.031882640586797066,0.038452303675700704,0.006569663088903638,0.20605768430687024
la,count,3-2,bin_2,10225,0.04039119804400978,0.042132751020070046,0.0017415529760602677,0.04311714087219428
la,count,3-2,bin_3,10225,0.02885085574572127,0.03235559518752998,0.0035047394418087074,0.12147783319489502
la,count,3-2,bin_4,10225,0.04234718826405868,0.046531858921602075,0.004184670657543396,0.09881814658979499
la,count,3-2,bin_5,10225,0.03227383863080684,0.03153732600756511,-0.0007365126232417307,-0.022820732038323324
la,count,3-2,bin_6,10225,0.0469437652811736,0.04648294687045403,-0.00046081841071956425,-0.009816392186682383
la,count,3-2,bin_7,10225,0.03540342298288508,0.03924297994372724,0.0038395569608421568,0.10845157437737861
la,count,3-2,bin_8,10225,0.0419559902200489,0.04212855665291139,0.0001725664328624879,0.004113034442934589
la,count,3-2,bin_9,10225,0.026797066014669926,0.02902940212698778,0.0022323361123178544,0.08330524360748197
la,count,3-2,bin_10,10225,0.04547677261613692,0.04411486112948209,-0.001361911486654828,-0.02994740849687229
la,count,3-2,bin_11,10225,0.04547677261613692,0.04460866623303214,-0.0008681063831047775,-0.01908900595106742
la,count,3-2,bin_12,10225,0.029535452322738385,0.03019171035287473,0.0006562580301363446,0.02221933231173551
la,count,3-2,bin_13,10225,0.0487041564792176,0.04545818321675963,-0.0032459732624579712,-0.06664674017797742
la,count,3-2,bin_14,10225,0.04488997555012225,0.04495548758504753,6.551203492527469e-05,0.0014593911919628185
la,count,3-2,bin_15,10225,0.04528117359413203,0.04405135538511957,-0.0012298182090124607,-0.02715959219687346
la,count,3-2,bin_16,10225,0.027775061124694377,0.029061108883113435,0.0012860477584190587,0.046302247640263645
la,count,3-2,bin_17,10225,0.05985330073349633,0.054269821785844656,-0.005583478947651675,-0.0932860657512065
la,count,3-2,bin_18,10225,0.034229828850855744,0.0370431472103953,0.002813318359539553,0.0821890863608341
la,count,3-2,bin_19,10225,0.04547677261613692,0.04285040945885547,-0.0026263631572814514,-0.057751748996135145
la,count,3-2,bin_20,10225,0.045183374083129585,0.044670410899980244,-0.0005129631831493411,-0.011352918934419943
la,count,3-2,bin_21,10225,0.044987775061124696,0.0451074272925834,0.00011965223145870424,0.0026596610144896757
la,count,3-2,bin_22,10225,0.04801955990220049,0.04638075209850352,-0.0016388078036969692,-0.03412792218493179
la,count,3-2,bin_23,10225,0.06699266503667482,0.05563657465574957,-0.011356090380925256,-0.16951244400724194
la,count,0-0,expected_bin_index,20139,12.166343909826704,11.878056675529471,-0.2882872342972327,-0.023695469767576135
la,count,0-1,expected_bin_index,15763,11.706718264289792,11.243771490962546,-0.4629467733272463,-0.03954539289968398
la,count,0-2,expected_bin_index,8219,11.371334712252098,11.070587249568616,-0.30074746268348207,-0.026447859490006945
la,count,1-0,expected_bin_index,10704,12.31390134529148,11.942167224968957,-0.3717341203225235,-0.0301881678193455
la,count,1-1,expected_bin_index,14076,11.801150895140665,11.451106311454117,-0.35004458368654845,-0.029661902198936
la,count,1-2,expected_bin_index,14034,11.326849080803763,11.088899405992729,-0.23794967481103413,-0.021007578816804453
la,count,2-0,expected_bin_index,3667,12.916280338151077,12.49363569333989,-0.4226446448111876,-0.03272185441522306
la,count,2-1,expected_bin_index,8180,12.166748166259168,11.84943614558467,-0.31731202067449793,-0.02608026535426021
la,count,2-2,expected_bin_index,14193,11.658493623617277,11.351284490056798,-0.3072091335604785,-0.026350671319847654
la,count,3-0,expected_bin_index,259,13.146718146718147,13.351668299471388,0.20495015275324135,0.015589453616179005
la,count,3-1,expected_bin_index,3232,12.75,12.477019814930328,-0.27298018506967203,-0.02141021059369977
la,count,3-2,expected_bin_index,10225,12.274327628361858,11.899919369463383,-0.37440825889847495,-0.0305033619954337
la,handedness,LvL,bin_0,9926,0.05984283699375378,0.06319064640471032,0.0033478094109565468,0.05594336062820654
la,handedness,LvL,bin_1,9926,0.045738464638323595,0.04826470931225008,0.002526244673926488,0.05523238906033991
la,handedness,LvL,bin_2,9926,0.043421317751360065,0.04945947161530665,0.006038153863946585,0.13905966416133134
la,handedness,LvL,bin_3,9926,0.03576465847269796,0.03668943377204278,0.0009247752993448155,0.02585723836984969
la,handedness,LvL,bin_4,9926,0.05178319564779367,0.05101162731943538,-0.0007715683283582922,-0.014899975150358772
la,handedness,LvL,bin_5,9926,0.03536167640539996,0.0344671262824142,-0.0008945501229857614,-0.025297163876799623
la,handedness,LvL,bin_6,9926,0.05097723151319766,0.0497492498373841,-0.0012279816758135609,-0.0240888263125008
la,handedness,LvL,bin_7,9926,0.040600443280274026,0.04102184638263026,0.00042140310235623535,0.01037927343421338
la,handedness,LvL,bin_8,9926,0.038787023977433006,0.04323796256762664,0.004450938590193632,0.11475328947081034
la,handedness,LvL,bin_9,9926,0.029518436429578885,0.029557124565793017,3.868813621413225e-05,0.0013106431401415587
la,handedness,LvL,bin_10,9926,0.04009671569615152,0.04419453589622395,0.004097820200072426,0.10219840026612788
la,handedness,LvL,bin_11,9926,0.04412653636913157,0.04436733943698063,0.00024080306784905747,0.005457103313857864
la,handedness,LvL,bin_12,9926,0.027100544025790853,0.029653025224837332,0.0025524811990464795,0.09418560736704593
la,handedness,LvL,bin_13,9926,0.04211162603264155,0.04430496225221542,0.00219333621957387,0.05208386439112496
la,handedness,LvL,bin_14,9926,0.04150715293169454,0.042670457123946834,0.0011633041922522944,0.028026595660913287
la,handedness,LvL,bin_15,9926,0.04231311706629055,0.04100228157022482,-0.0013108354960657265,-0.03097941222368667
la,handedness,LvL,bin_16,9926,0.027503526093088856,0.02657320894843041,-0.0009303171446584449,-0.03382537720835064
la,handedness,LvL,bin_17,9926,0.05158170461414467,0.04907973798437318,-0.002501966629771493,-0.04850492337326531
la,handedness,LvL,bin_18,9926,0.032843038484787423,0.033288840512358954,0.0004458020275715305,0.01357371449593562
la,handedness,LvL,bin_19,9926,0.04221237154946605,0.0385036766717233,-0.003708694877742745,-0.08785800801067897
la,handedness,LvL,bin_20,9926,0.04432802740278058,0.038030501679549494,-0.006297525723231084,-0.1420664552927085
la,handedness,LvL,bin_21,9926,0.037779568809187994,0.038784448212247566,0.001004879403059572,0.02659848787938483
la,handedness,LvL,bin_22,9926,0.04191013499899254,0.03768409238453749,-0.004226042614455056,-0.10083581488240596
la,handedness,LvL,bin_23,9926,0.05279065081603869,0.04521369426831002,-0.007576956547728671,-0.14352837918464653
la,handedness,LvR,bin_0,43524,0.04310265600588181,0.04499514406374427,0.0018924880578624556,0.04390652997356371
la,handedness,LvR,bin_1,43524,0.0354976564653984,0.03768183384105908,0.0021841773756606786,0.061530185176864316
la,handedness,LvR,bin_2,43524,0.04112673467512177,0.04119131822835334,6.458355323157167e-05,0.0015703545088552656
la,handedness,LvR,bin_3,43524,0.030305119014796433,0.031530726180340536,0.0012256071655441028,0.04044224888031959
la,handedness,LvR,bin_4,43524,0.04466501240694789,0.045928979851398564,0.0012639674444506754,0.028298826672979012
la,handedness,LvR,bin_5,43524,0.030695708115062954,0.032242553884114934,0.00154684576905198,0.050392900637888004
la,handedness,LvR,bin_6,43524,0.0440216891829795,0.047309464036598727,0.003287774853619224,0.07468534067271562
la,handedness,LvR,bin_7,43524,0.037082988695891925,0.040235585034551,0.0031525963386590736,0.0850146239428733
la,handedness,LvR,bin_8,43524,0.04151732377538829,0.04306233143726184,0.00154500766187355,0.03721356584138594
la,handedness,LvR,bin_9,43524,0.028949545078577336,0.029687737322679562,0.0007381922441022266,0.025499269231988343
la,handedness,LvR,bin_10,43524,0.04583677970774745,0.045189383403041655,-0.0006473963047057968,-0.014123948253641654
la,handedness,LvR,bin_11,43524,0.04487179487179487,0.04641485497203772,0.0015430601002428476,0.034388196519697746
la,handedness,LvR,bin_12,43524,0.030305119014796433,0.03094830290687348,0.0006431838920770462,0.021223605548719757
la,handedness,LvR,bin_13,43524,0.046457127102288394,0.04710212790592289,0.000645000803634499,0.013883785844405505
la,handedness,LvR,bin_14,43524,0.04526238397206139,0.0460828987700529,0.0008205147979915076,0.01812796247095552
la,handedness,LvR,bin_15,43524,0.04650307876114328,0.04469483178537066,-0.001808246975772615,-0.03888445720035934
la,handedness,LvR,bin_16,43524,0.029041448396287105,0.029454665009943704,0.00041321661365659873,0.014228512573409655
la,handedness,LvR,bin_17,43524,0.0585653892105505,0.0549639048710679,-0.0036014843394826038,-0.061495097839011706
la,handedness,LvR,bin_18,43524,0.037611432772723094,0.037369153329597324,-0.0002422794431257702,-0.006441643544658536
la,handedness,LvR,bin_19,43524,0.042918849370462274,0.043406351452449324,0.00048750208198704986,0.011358694120130812
la,handedness,LvR,bin_20,43524,0.04186196121679993,0.04333044876355795,0.0014684875467580183,0.035079282099394066
la,handedness,LvR,bin_21,43524,0.04473393989523022,0.043888808267575206,-0.0008451316276550103,-0.018892403164898135
la,handedness,LvR,bin_22,43524,0.04693961952026468,0.04317249399558999,-0.0037671255246746888,-0.08025470941553654
la,handedness,LvR,bin_23,43524,0.06212664277180406,0.050116100575542645,-0.012010542196261416,-0.19332353496674626
la,handedness,RvL,bin_0,23277,0.04339047128066332,0.04730408711613661,0.00391361583547329,0.0901952829725859
la,handedness,RvL,bin_1,23277,0.03445461184860592,0.039366586735870755,0.0049119748872648375,0.14256364021304693
la,handedness,RvL,bin_2,23277,0.041027623834686604,0.0421836834377026,0.0011560596030159992,0.02817759097319729
la,handedness,RvL,bin_3,23277,0.03183399922670447,0.0333133512920267,0.00147935206532223,0.04647082054589143
la,handedness,RvL,bin_4,23277,0.045409631825407054,0.047239418572191036,0.0018297867467839818,0.04029512403490137
la,handedness,RvL,bin_5,23277,0.030502212484426687,0.0320222608007616,0.0015200483163349127,0.049834034731447555
la,handedness,RvL,bin_6,23277,0.04691326201830133,0.04707998389220409,0.00016672187390275733,0.0035538324714601485
la,handedness,RvL,bin_7,23277,0.038278128624822785,0.04004553928366808,0.0017674106588452948,0.04617285960262843
la,handedness,RvL,bin_8,23277,0.04081281952141599,0.042581549298889736,0.0017687297774737487,0.04333760318974363
la,handedness,RvL,bin_9,23277,0.029084504016840658,0.02942935385204621,0.0003448498352055518,0.01185682365447508
la,handedness,RvL,bin_10,23277,0.04373415818189629,0.04463099229343636,0.000896834111540068,0.020506490780273244
la,handedness,RvL,bin_11,23277,0.04553851441336942,0.04493781320491861,-0.0006007012084508073,-0.013191058518027777
la,handedness,RvL,bin_12,23277,0.030888860248313787,0.030196334875697877,-0.0006925253726159097,-0.02241990695185053
la,handedness,RvL,bin_13,23277,0.0447222580229411,0.04581957654886997,0.0010973185259288698,0.024536295223867726
la,handedness,RvL,bin_14,23277,0.04493706233621171,0.04516891478035847,0.0002318524441467587,0.005159492679162622
la,handedness,RvL,bin_15,23277,0.04373415818189629,0.04402569935774368,0.00029154117584739153,0.006666212131826849
la,handedness,RvL,bin_16,23277,0.02788159986252524,0.028422235765564272,0.0005406359030390336,0.01939041897540768
la,handedness,RvL,bin_17,23277,0.055075825922584525,0.05370158045832269,-0.0013742454642618335,-0.02495188117911287
la,handedness,RvL,bin_18,23277,0.03832108948747691,0.03665724770840185,-0.0016638417790750606,-0.04341843620126703
la,handedness,RvL,bin_19,23277,0.04386304076985866,0.04187177433297067,-0.0019912664368879895,-0.045397364203175056
la,handedness,RvL,bin_20,23277,0.043433432143317435,0.04311591481184879,-0.00031751733146864747,-0.007310436127196546
la,handedness,RvL,bin_21,23277,0.044550414572324615,0.044056379850280845,-0.0004940347220437694,-0.01108934062199886
la,handedness,RvL,bin_22,23277,0.04571035786398591,0.044064942851045424,-0.0016454150129404863,-0.03599654629343581
la,handedness,RvL,bin_23,23277,0.0659019633114233,0.052764778842163663,-0.013137184469259634,-0.19934435651300944
la,handedness,RvR,bin_0,45964,0.050039161082586374,0.05201757483995719,0.001978413757370817,0.039537308671214015
la,handedness,RvR,bin_1,45964,0.03750761465494735,0.04354951527816048,0.00604190062321313,0.1610846405135547
la,handedness,RvR,bin_2,45964,0.04390392481072143,0.04644561777112186,0.002541692960400431,0.05789215819219297
la,handedness,RvR,bin_3,45964,0.03048037594639283,0.03546440959770743,0.004984033651314598,0.16351614757246552
la,handedness,RvR,bin_4,45964,0.04616656513793403,0.04890453103517092,0.002737965897236891,0.05930625094278815
la,handedness,RvR,bin_5,45964,0.03372204333826473,0.03276496415135599,-0.0009570791869087381,-0.02838141144972467
la,handedness,RvR,bin_6,45964,0.049342964058828646,0.047910026167255995,-0.0014329378915726512,-0.029040369157074666
la,handedness,RvR,bin_7,45964,0.039443912627273515,0.04011630853336448,0.0006723959060909654,0.017046886612005038
la,handedness,RvR,bin_8,45964,0.041576016012531546,0.04222494385560346,0.0006489278430719114,0.015608225734671553
la,handedness,RvR,bin_9,45964,0.02800017404925594,0.028956315504948628,0.0009561414556926891,0.034147696868266325
la,handedness,RvR,bin_10,45964,0.044273779479592726,0.04412792749265681,-0.00014585198693591733,-0.0032943197678243262
la,handedness,RvR,bin_11,45964,0.04377338786876686,0.04394989009899919,0.00017650223023232825,0.004032181168190227
la,handedness,RvR,bin_12,45964,0.030415107475415544,0.02940785748279832,-0.0010072499926172228,-0.033116765851686714
la,handedness,RvR,bin_13,45964,0.04560090505613088,0.044470635257974254,-0.0011302697981566273,-0.024786126432476727
la,handedness,RvR,bin_14,45964,0.04377338786876686,0.044052659385579646,0.0002792715168127846,0.006379938369176358
la,handedness,RvR,bin_15,45964,0.041858846053433124,0.04215190321258968,0.00029305715915655534,0.007001080698270223
la,handedness,RvR,bin_16,45964,0.027782612479331652,0.027462352447759776,-0.00032026003157187635,-0.011527354809060081
la,handedness,RvR,bin_17,45964,0.05197545905491254,0.05154229554807846,-0.00043316350683408195,-0.0083340005977906
la,handedness,RvR,bin_18,45964,0.03533199895570446,0.03483059517382143,-0.000501403781883035,-0.014191209008911219
la,handedness,RvR,bin_19,45964,0.04281611696109999,0.039959529445496945,-0.002856587515603047,-0.06671757549145246
la,handedness,RvR,bin_20,45964,0.04105386824471326,0.041293989235946724,0.00024012099123346675,0.005848924876022822
la,handedness,RvR,bin_21,45964,0.04148899138456183,0.042314336775708096,0.0008253453911462663,0.01989311775492763
la,handedness,RvR,bin_22,45964,0.044252023322600295,0.043034025501131015,-0.00121799782146928,-0.027524115961658793
la,handedness,RvR,bin_23,45964,0.06542076407623357,0.05304779616928858,-0.01237296790694499,-0.18912906447449937
la,handedness,LvL,expected_bin_index,9926,11.29095305258916,10.939752189492753,-0.3512008630964072,-0.031104625221683332
la,handedness,LvR,expected_bin_index,43524,12.098956897343994,11.792292690999469,-0.30666420634452507,-0.02534633431183188
la,handedness,RvL,expected_bin_index,23277,12.090475576749581,11.726042662605517,-0.3644329141440643,-0.030142148820422078
la,handedness,RvR,expected_bin_index,45964,11.797711252284396,11.45684119138925,-0.3408700608951456,-0.028892897410855243
la,two_strike,0,bin_0,76020,0.04506708760852407,0.047546529020331255,0.0024794414118071845,0.0550166772112032
la,two_strike,0,bin_1,76020,0.03506971849513286,0.03936399237324831,0.00429427387811545,0.12244962498662285
la,two_strike,0,bin_2,76020,0.040778742436201,0.042536800384466174,0.001758057948265175,0.04311211781519955
la,two_strike,0,bin_3,76020,0.03033412259931597,0.03266345467884124,0.0023293320795252717,0.07678916942129711
la,two_strike,0,bin_4,76020,0.04417258616153644,0.046603210241528394,0.002430624079991957,0.055025623156935245
la,two_strike,0,bin_5,76020,0.031281241778479345,0.032139004213965615,0.0008577624354862701,0.027420984165545104
la,two_strike,0,bin_6,76020,0.04710602473033412,0.04716155875941082,5.553402907669536e-05,0.0011789156354120025
la,two_strike,0,bin_7,76020,0.038082083662194156,0.03993188168431614,0.0018497980221219845,0.04857397086069543
la,two_strike,0,bin_8,76020,0.04068666140489345,0.04259815012192685,0.0019114887170334008,0.046980721716417435
la,two_strike,0,bin_9,76020,0.02895290712970271,0.029239808311766643,0.0002869011820639325,0.009909235738528008
la,two_strike,0,bin_10,76020,0.04394896079978953,0.04457506773542642,0.0006261069356368887,0.014246228448702866
la,two_strike,0,bin_11,76020,0.044014732965009205,0.04527824729106015,0.0012635143260509435,0.028706622554211813
la,two_strike,0,bin_12,76020,0.030939226519337018,0.03013265758478082,-0.0008065689345561969,-0.026069460206191362
la,two_strike,0,bin_13,76020,0.045435411733754275,0.046042132068737716,0.0006067203349834419,0.013353468403428272
la,two_strike,0,bin_14,76020,0.04471191791633781,0.04527890362074077,0.0005669857044029586,0.01268086297402557
la,two_strike,0,bin_15,76020,0.04469876348329387,0.04371942741946158,-0.000979336063832291,-0.021909690280320998
la,two_strike,0,bin_16,76020,0.028992370428834516,0.028545723132568958,-0.00044664729626555863,-0.015405683966473578
la,two_strike,0,bin_17,76020,0.055103920021047095,0.05392916719299516,-0.0011747528280519337,-0.021318861300670327
la,two_strike,0,bin_18,76020,0.03713496448303078,0.036575025599957116,-0.0005599388830736657,-0.015078481718476821
la,two_strike,0,bin_19,76020,0.04405419626414102,0.04215552014040955,-0.0018986761237314714,-0.04309864405078126
la,two_strike,0,bin_20,76020,0.04212049460668245,0.04283063451600496,0.0007101399093225116,0.016859723893409537
la,two_strike,0,bin_21,76020,0.04469876348329387,0.04393195203102862,-0.0007668114522652522,-0.01715509317280885
la,two_strike,0,bin_22,76020,0.0468034727703236,0.04411430035167721,-0.002689172418646392,-0.057456685572090695
la,two_strike,0,bin_23,76020,0.06581162851881084,0.05310685161322473,-0.012704776905586107,-0.1930475995128235
la,two_strike,1,bin_0,46671,0.05043817359816589,0.05277677607216649,0.0023386024740006048,0.04636572475109695
la,two_strike,1,bin_1,46671,0.03983201559855156,0.04381167963432421,0.0039796640357726495,0.0999111889260599
la,two_strike,1,bin_2,46671,0.04486726232564119,0.04642784725436599,0.0015605849287247953,0.034782263232337594
la,two_strike,1,bin_3,46671,0.03235413854427803,0.03554600977014541,0.0031918712258673793,0.09865418674334865
la,two_strike,1,bin_4,46671,0.048831179961860684,0.04949579181653457,0.0006646118546738897,0.013610399240669199
la,two_strike,1,bin_5,46671,0.033618306871504786,0.033288969323521045,-0.0003293375479837407,-0.009796375208380602
la,two_strike,1,bin_6,46671,0.04715990658010328,0.048546285649224925,0.001386379069121646,0.02939740914810374
la,two_strike,1,bin_7,46671,0.03912493839857727,0.040685239826221416,0.0015603014276441424,0.03987997148388815
la,two_strike,1,bin_8,46671,0.04199610036210923,0.042791275097211985,0.0007951747351027522,0.018934489827541093
la,two_strike,1,bin_9,46671,0.028197381671701913,0.02954035750884714,0.0013429758371452279,0.0476276787959004
la,two_strike,1,bin_10,46671,0.04510295472563262,0.04465455430951948,-0.0004484004161131386,-0.009941708228226266
la,two_strike,1,bin_11,46671,0.04536007370744145,0.04466645725331226,-0.0006936164541291936,-0.015291343188787717
la,two_strike,1,bin_12,46671,0.028990165198945813,0.03010923448707806,0.0011190692881322475,0.03860168717399861
la,two_strike,1,bin_13,46671,0.04548863319834587,0.04500250161241482,-0.0004861315859310475,-0.010686880474323089
la,two_strike,1,bin_14,46671,0.04373165348931885,0.04421139584694033,0.0004797423576214793,0.010970139917957894
la,two_strike,1,bin_15,46671,0.04259604465299651,0.042660151191933456,6.410653893694496e-05,0.001504988067769697
la,two_strike,1,bin_16,46671,0.02697606650810996,0.027845312703839383,0.0008692461957294229,0.032222866720323984
la,two_strike,1,bin_17,46671,0.05448779756165499,0.051398533258983324,-0.003089264302671667,-0.056696442890282875
la,two_strike,1,bin_18,46671,0.03548241948961882,0.03493970229505103,-0.0005427171945677906,-0.015295382963570867
la,two_strike,1,bin_19,46671,0.041289023162134945,0.040241091829345335,-0.0010479313327896103,-0.025380385694148366
la,two_strike,1,bin_20,46671,0.04195324719847443,0.040904768401492715,-0.0010484787969817153,-0.024991600579128512
la,two_strike,1,bin_21,46671,0.04002485483490819,0.04126589230844745,0.0012410374735392568,0.03100667019676159
la,two_strike,1,bin_22,46671,0.042831737052987935,0.040779894148748615,-0.0020518429042393205,-0.04790473245810572
la,two_strike,1,bin_23,46671,0.059265925306935786,0.048410278146044504,-0.010855647160891282,-0.1831684413036721
la,two_strike,0,expected_bin_index,76020,12.08856879768482,11.733607520473617,-0.35496127721120274,-0.029363383139216964
la,two_strike,1,expected_bin_index,46671,11.64311885324934,11.343151575668951,-0.29996727758038944,-0.025763481534561084
spray,overall,all,bin_0,121468,0.048613626634175254,0.049791053254648346,0.0011774266204730918,0.024220094282070368
spray,overall,all,bin_1,121468,0.03943425428919551,0.04271144283472894,0.0032771885455334313,0.08310512280769411
spray,overall,all,bin_2,121468,0.038940297032963415,0.04107308003749876,0.0021327830045353435,0.05477058900526408
spray,overall,all,bin_3,121468,0.03931076497513748,0.040863882226242015,0.0015531172511045327,0.03950870078684092
spray,overall,all,bin_4,121468,0.039146112556393456,0.04075711770706494,0.001611005150671481,0.041153643247479166
spray,overall,all,bin_5,121468,0.04090789343695459,0.042338776914430325,0.0014308834774757334,0.034978175536732214
spray,overall,all,bin_6,121468,0.04141831593506109,0.04269542229678408,0.001277106361722992,0.0308343382122378
spray,overall,all,bin_7,121468,0.04029044686666447,0.042711201531293694,0.002420754664629224,0.06008259656787547
spray,overall,all,bin_8,121468,0.0420028320216024,0.04272247193624063,0.0007196399146382343,0.017133128410677587
spray,overall,all,bin_9,121468,0.03737609905489512,0.04086650867028384,0.003490409615388719,0.09338613990353235
spray,overall,all,bin_10,121468,0.03963183719168835,0.040927097205331435,0.0012952600136430861,0.03268231062260041
spray,overall,all,bin_11,121468,0.04171469028880034,0.042354425612166215,0.0006397353233658712,0.015335972026565154
spray,overall,all,bin_12,121468,0.042052227747225605,0.042736224658808476,0.0006839969115828709,0.016265414419762758
spray,overall,all,bin_13,121468,0.04169822504692594,0.041689331841336434,-8.893205589506625e-06,-0.00021327539912066945
spray,overall,all,bin_14,121468,0.04056212335759212,0.040637126938977745,7.500358138562424e-05,0.0018491039220111642
spray,overall,all,bin_15,121468,0.03982942009418118,0.04037132935980636,0.0005419092656251817,0.013605753343728726
spray,overall,all,bin_16,121468,0.04018342279448085,0.03937787977930135,-0.0008055430151795023,-0.020046650065114482
spray,overall,all,bin_17,121468,0.041920505812230384,0.0396114443559856,-0.002309061456244786,-0.055081908281056885
spray,overall,all,bin_18,121468,0.04216748444034643,0.03993899389579028,-0.00222849054455615,-0.05284855319526482
spray,overall,all,bin_19,121468,0.04373168241841473,0.04003872603161999,-0.0036929563867947393,-0.08444578810074989
spray,overall,all,bin_20,121468,0.043311818750617445,0.040039393318004504,-0.003272425432612941,-0.07555502232439246
spray,overall,all,bin_21,121468,0.042249810649718444,0.04003013396727072,-0.002219676682447727,-0.05253696166476238
spray,overall,all,bin_22,121468,0.04397042842559357,0.04089912168703847,-0.003071306738555102,-0.0698493703274314
spray,overall,all,bin_23,121468,0.04953568017914183,0.044817813916954156,-0.0047178662621876755,-0.09524177815114053
spray,overall,all,expected_bin_index,121468,11.672168801659696,11.346445676307255,-0.3257231253524413,-0.0279059642545716
spray,count,0-0,bin_0,19931,0.05017309718528925,0.050262503958339144,8.940677304989514e-05,0.00178196639365746
spray,count,0-0,bin_1,19931,0.03858311173548743,0.042553722995055034,0.003970611259567602,0.10291060209940427
spray,count,0-0,bin_2,19931,0.03788068837489338,0.041311277939198865,0.003430589564305482,0.09056302067042724
spray,count,0-0,bin_3,19931,0.037128091917114046,0.040273105613215295,0.003145013696101248,0.0847071188878297
spray,count,0-0,bin_4,19931,0.03808138076363454,0.04100388530930452,0.002922504545669981,0.07674366021047217
spray,count,0-0,bin_5,19931,0.04038934323415785,0.04279673689690089,0.0024073936627430417,0.059604674648610634
spray,count,0-0,bin_6,19931,0.042446440218754704,0.043024812293340035,0.0005783720745853316,0.013625926499480193
spray,count,0-0,bin_7,19931,0.040439516331343135,0.04337416081404612,0.002934644482702982,0.07256873347984259
spray,count,0-0,bin_8,19931,0.042897998093422304,0.04337524713109882,0.0004772490376765137,0.011125205344948066
spray,count,0-0,bin_9,19931,0.03863328483267272,0.04147330878639441,0.002840023953721689,0.07351236028782725
spray,count,0-0,bin_10,19931,0.03903466961015503,0.041428310791493055,0.002393641181338023,0.06132090280880224
spray,count,0-0,bin_11,19931,0.04124228588630776,0.04321722051180355,0.0019749346254957917,0.04788615817610295
spray,count,0-0,bin_12,19931,0.04169384376097537,0.04399201944169832,0.0022981756807229498,0.05512026413055248
spray,count,0-0,bin_13,19931,0.04380111384275751,0.04218297780326441,-0.0016181360394931024,-0.036942805730970245
spray,count,0-0,bin_14,19931,0.04254678641312528,0.04070592322454264,-0.0018408631885826407,-0.043266797419387514
spray,count,0-0,bin_15,19931,0.037178265014299335,0.04055202423411306,0.0033737592198137267,0.09074547234832306
spray,count,0-0,bin_16,19931,0.04264713260749586,0.03899978080741522,-0.0036473518000806407,-0.0855239632087144
spray,count,0-0,bin_17,19931,0.040288997039787264,0.03909512609327137,-0.001193870946515893,-0.029632679744717644
spray,count,0-0,bin_18,19931,0.040941247303196024,0.03958327651682232,-0.0013579707863737023,-0.03316876929315473
spray,count,0-0,bin_19,19931,0.04365059455120165,0.03880974116477508,-0.00484085338642657,-0.11090005614352641
spray,count,0-0,bin_20,19931,0.04455371030053685,0.039235323298439595,-0.005318387002097254,-0.11937023799414456
spray,count,0-0,bin_21,19931,0.041794189955345944,0.03917216932340481,-0.002622020631941134,-0.06273648645284363
spray,count,0-0,bin_22,19931,0.04575786463298379,0.04037798163057163,-0.005379883002412163,-0.11757285978188248
spray,count,0-0,bin_23,19931,0.04821634639506297,0.04319936351794575,-0.005016982877117215,-0.10405149398941022
spray,count,0-1,bin_0,15624,0.051267281105990783,0.05200325664409794,0.0007359755381071559,0.01435565768712385
spray,count,0-1,bin_1,15624,0.04262672811059908,0.044593526423085346,0.001966798312486265,0.046140025276704806
spray,count,0-1,bin_2,15624,0.0406426011264721,0.04235363530368026,0.001711034177208165,0.04209952438535491
spray,count,0-1,bin_3,15624,0.03827444956477215,0.042062576139891054,0.0037881265751189067,0.0989727250997622
spray,count,0-1,bin_4,15624,0.03789042498719918,0.04181467416484514,0.003924249177645958,0.10356836005327778
spray,count,0-1,bin_5,15624,0.04256272401433692,0.043469052328622186,0.0009063283142852693,0.021293945236681277
spray,count,0-1,bin_6,15624,0.04141065028161802,0.04366775153587738,0.002257101254259361,0.054505332297601634
spray,count,0-1,bin_7,15624,0.039874551971326166,0.04342668253417325,0.003552130562847082,0.08908264512668188
spray,count,0-1,bin_8,15624,0.04198668714797747,0.043292272109566335,0.0013055849615888626,0.031095212560768887
spray,count,0-1,bin_9,15624,0.040386584741423454,0.041015824242848775,0.0006292395014253216,0.015580408827684982
spray,count,0-1,bin_10,15624,0.039746543778801845,0.0408882793834618,0.001141735604659952,0.028725405937531544
spray,count,0-1,bin_11,15624,0.04377880184331797,0.04256436947377197,-0.0012144323695459994,-0.02774019202015599
spray,count,0-1,bin_12,15624,0.04077060931899642,0.042960461696148006,0.002189852377151587,0.05371154401980595
spray,count,0-1,bin_13,15624,0.0427547363031234,0.041687177033823325,-0.001067559269300078,-0.02496938027476709
spray,count,0-1,bin_14,15624,0.040386584741423454,0.04066268161099496,0.00027609686957150853,0.0068363510145566546
spray,count,0-1,bin_15,15624,0.03853046594982079,0.04012385923945118,0.0015933932896303876,0.04135411421459331
spray,count,0-1,bin_16,15624,0.0409626216077829,0.03889745819835062,-0.0020651634094322746,-0.05041580173276541
spray,count,0-1,bin_17,15624,0.0412826420890937,0.03881703734556034,-0.002465604743533356,-0.059724974438705676
spray,count,0-1,bin_18,15624,0.04153865847414234,0.03911813632601473,-0.0024205221481276157,-0.058271553223953575
spray,count,0-1,bin_19,15624,0.042114695340501794,0.038691238620863044,-0.0034234567196387497,-0.08128888721525201
spray,count,0-1,bin_20,15624,0.04185867895545315,0.03829920717728651,-0.003559471778166644,-0.08503545422335725
spray,count,0-1,bin_21,15624,0.04185867895545315,0.03807200172068016,-0.003786677234772988,-0.09046337173714551
spray,count,0-1,bin_22,15624,0.04019457245263697,0.03882523652499481,-0.0013693359276421568,-0.03406768237815455
spray,count,0-1,bin_23,15624,0.047299027137736815,0.04269360411909587,-0.004605423018640947,-0.09736823984201104
spray,count,0-2,bin_0,8127,0.05167958656330749,0.052058955155324396,0.0003793685920169057,0.007340782255527126
spray,count,0-2,bin_1,8127,0.04355850867478774,0.04615199720924885,0.0025934885344611053,0.05954034271063673
spray,count,0-2,bin_2,8127,0.041835855789344165,0.04389819195809625,0.0020623361687520866,0.049295900127788846
spray,count,0-2,bin_3,8127,0.040728436077273285,0.044048025834982595,0.0033195897577093098,0.08150545607523735
spray,count,0-2,bin_4,8127,0.043681555309462286,0.04323108271218653,-0.000450472597275757,-0.0103126501353805
spray,count,0-2,bin_5,8127,0.045035068290882246,0.044245772098354494,-0.0007892961925277525,-0.01752625725866952
spray,count,0-2,bin_6,8127,0.045773348098929495,0.04411399303153923,-0.0016593550673902682,-0.03625155546419546
spray,count,0-2,bin_7,8127,0.040482342807924204,0.043688942615058644,0.00320659980713444,0.0792098377890018
spray,count,0-2,bin_8,8127,0.042328042328042326,0.043344613008361385,0.0010165706803190594,0.02401648232253778
spray,count,0-2,bin_9,8127,0.03568352405561708,0.040737916832589004,0.005054392776971922,0.14164500033948554
spray,count,0-2,bin_10,8127,0.03531438415159346,0.04049690924578133,0.005182525094187873,0.14675394230127123
spray,count,0-2,bin_11,8127,0.04097452934662237,0.04141775026210872,0.00044322091548634757,0.010816986126599239
spray,count,0-2,bin_12,8127,0.04528116156023133,0.04200252058176119,-0.0032786409784701376,-0.07240629139137719
spray,count,0-2,bin_13,8127,0.041835855789344165,0.04138104527242729,-0.0004548105169168773,-0.010871309032304299
spray,count,0-2,bin_14,8127,0.042081949058693245,0.04050268029674136,-0.0015792687619518853,-0.03752841294848822
spray,count,0-2,bin_15,8127,0.04109757598129691,0.03977131466364134,-0.0013262613176555707,-0.032271035115529416
spray,count,0-2,bin_16,8127,0.036544850498338874,0.038669893867893976,0.002125043369555102,0.05814891402146233
spray,count,0-2,bin_17,8127,0.03851359665313154,0.03827566385449947,-0.00023793279863206646,-0.0061778909088907475
spray,count,0-2,bin_18,8127,0.03962101636520241,0.03820534802575073,-0.001415668339451684,-0.035730237871813154
spray,count,0-2,bin_19,8127,0.04245108896271687,0.038250489428108866,-0.004200599534608003,-0.09895151425437461
spray,count,0-2,bin_20,8127,0.039990156269226036,0.038122071422225776,-0.0018680848470002606,-0.04671361708175729
spray,count,0-2,bin_21,8127,0.038390550018456995,0.03733819865379739,-0.001052351364659608,-0.027411729296758443
spray,count,0-2,bin_22,8127,0.03949796973052787,0.03750658041212351,-0.0019913893184043616,-0.05041751087436837
spray,count,0-2,bin_23,8127,0.047619047619047616,0.0425400435875548,-0.005079004031492813,-0.10665908466134909
spray,count,1-0,bin_0,10597,0.04708879871661791,0.050060910531596954,0.002972111814979042,0.06311717215096775
spray,count,1-0,bin_1,10597,0.03519864112484666,0.040882531017952736,0.00568388989310608,0.16148037854489308
spray,count,1-0,bin_2,10597,0.03416061149381901,0.03951592926117909,0.0053553177673600835,0.15676879110694697
spray,count,1-0,bin_3,10597,0.03642540341606115,0.03865106752094396,0.002225664104882806,0.061101975438971744
spray,count,1-0,bin_4,10597,0.03604793809568746,0.03926031897769776,0.003212380882010299,0.08911413666665742
spray,count,1-0,bin_5,10597,0.039822591299424365,0.041114627191605815,0.0012920358921814507,0.03244479703660387
spray,count,1-0,bin_6,10597,0.041615551571199394,0.04168709621288512,7.154464168572516e-05,0.0017191804261760307
spray,count,1-0,bin_7,10597,0.039350759648957255,0.041827851387400035,0.00247709173844278,0.06294901954982766
spray,count,1-0,bin_8,10597,0.042653581202227044,0.04197550399755452,-0.0006780772046725211,-0.015897310039634308
spray,count,1-0,bin_9,10597,0.035953571765594036,0.040410608619750245,0.004457036854156209,0.12396645549473319
spray,count,1-0,bin_10,10597,0.04340851184297443,0.04052943711735398,-0.002879074725620448,-0.06632511927695627
spray,count,1-0,bin_11,10597,0.040860620930452014,0.04268289314892696,0.0018222722184749462,0.04459727182258431
spray,count,1-0,bin_12,10597,0.040388789279984905,0.04296108437982085,0.0025722950998359473,0.06368834386205965
spray,count,1-0,bin_13,10597,0.03661413607624799,0.04150027206353984,0.004886135987291845,0.13344944086941157
spray,count,1-0,bin_14,10597,0.04180428423138624,0.0405563793481425,-0.001247904883243743,-0.02985112426125044
spray,count,1-0,bin_15,10597,0.03991695762951779,0.040833908903028,0.0009169512735102137,0.0229714719749119
spray,count,1-0,bin_16,10597,0.042181749551759934,0.0398466830038305,-0.0023350665479294347,-0.05535727115974993
spray,count,1-0,bin_17,10597,0.04444654147400207,0.04053511196332029,-0.003911429510681783,-0.08800301172971306
spray,count,1-0,bin_18,10597,0.042936680192507314,0.04103650896363438,-0.0019001712288729336,-0.044255196730475774
spray,count,1-0,bin_19,10597,0.04303104652260074,0.04111293073957436,-0.0019181157830263779,-0.04457515998405817
spray,count,1-0,bin_20,10597,0.045390204774936306,0.0412279542408952,-0.004162250534041109,-0.09169931166160838
spray,count,1-0,bin_21,10597,0.04859865999811267,0.041822360764295685,-0.006776299233816986,-0.1394338698655507
spray,count,1-0,bin_22,10597,0.049259224308766635,0.04320198938600061,-0.006057234922766025,-0.1229665104914781
spray,count,1-0,bin_23,10597,0.05284514485231669,0.04676604143375616,-0.006079103418560536,-0.11503617665443928
spray,count,1-1,bin_0,13962,0.04834550923936399,0.04883557258699114,0.0004900633476271482,0.010136688088252212
spray,count,1-1,bin_1,13962,0.03853316143818937,0.04207148944114533,0.003538328002955962,0.09182553081277164
spray,count,1-1,bin_2,13962,0.0365277180919639,0.040328133458974305,0.0038004153670104027,0.10404195951803773
spray,count,1-1,bin_3,13962,0.041684572410829394,0.040158263411876546,-0.001526308998952848,-0.03661568083054925
spray,count,1-1,bin_4,13962,0.037243947858473,0.04006807546633236,0.0028241276078593627,0.07582782627102388
spray,count,1-1,bin_5,13962,0.03924939120469847,0.041899725785811096,0.0026503345811126275,0.067525495294698
spray,count,1-1,bin_6,13962,0.04082509669101848,0.04239396736264577,0.0015688706716272954,0.03842907424080754
spray,count,1-1,bin_7,13962,0.04369001575705486,0.04238046857901948,-0.0013095471780353793,-0.029973602786442566
spray,count,1-1,bin_8,13962,0.04225755622403667,0.04258097284315723,0.00032341661912056036,0.007653462434171633
spray,count,1-1,bin_9,13962,0.035095258558945706,0.04071127088555398,0.005616012326608272,0.16002196755939735
spray,count,1-1,bin_10,13962,0.04075347371436757,0.04079677463746642,4.330092309885042e-05,0.0010625087667946388
spray,count,1-1,bin_11,13962,0.04032373585446211,0.04249347207734154,0.0021697362228794287,0.05380791677414313
spray,count,1-1,bin_12,13962,0.041827818364131214,0.04290256505645588,0.0010747466923246643,0.025694543353145485
spray,count,1-1,bin_13,13962,0.040252112877811205,0.041757964866171636,0.0015058519883604307,0.03741050793859134
spray,count,1-1,bin_14,13962,0.039177768228047555,0.04087129208769229,0.0016935238596447327,0.04322665471363759
spray,count,1-1,bin_15,13962,0.04046698180776393,0.04061424034309988,0.00014725853533594652,0.003638979947540682
spray,count,1-1,bin_16,13962,0.040968342644320296,0.039751215048882314,-0.001217127595437982,-0.029708978125008927
spray,count,1-1,bin_17,13962,0.043331900873800316,0.04009494008202666,-0.0032369607917736576,-0.0747015645863534
spray,count,1-1,bin_18,13962,0.04304540896719668,0.040589763700174496,-0.0024556452670221815,-0.057047785720738264
spray,count,1-1,bin_19,13962,0.04705629565964761,0.040576983358109955,-0.006479312301537657,-0.1376927828829053
spray,count,1-1,bin_20,13962,0.043331900873800316,0.04034441687657032,-0.002987483997229999,-0.06894421746995909
spray,count,1-1,bin_21,13962,0.04146970348087667,0.04047322431896415,-0.0009964791619125196,-0.024029088184149564
spray,count,1-1,bin_22,13962,0.044477868500214866,0.041573003187347024,-0.0029048653128678423,-0.06531035345935719
spray,count,1-1,bin_23,13962,0.05006446067898582,0.045732204315406956,-0.004332256363578861,-0.08653356702187133
spray,count,1-2,bin_0,13881,0.04718680210359484,0.049704371124666774,0.002517569021071933,0.05335324516259466
spray,count,1-2,bin_1,13881,0.04142352856422448,0.044386432724652494,0.0029629041604280135,0.07152708287113262
spray,count,1-2,bin_2,13881,0.041855774079677256,0.04253900842069045,0.0006832343410131947,0.01632353853288151
spray,count,1-2,bin_3,13881,0.04250414235285642,0.04302418856344116,0.0005200462105847403,0.012235188896825053
spray,count,1-2,bin_4,13881,0.046034147395720766,0.042339708062443374,-0.0036944393332773925,-0.08025432298157041
spray,count,1-2,bin_5,13881,0.042071896837403644,0.04355352358661273,0.0014816267492090834,0.035216542646868645
spray,count,1-2,bin_6,13881,0.0441610834954254,0.043558388514996646,-0.0006026949804287529,-0.01364764930396659
spray,count,1-2,bin_7,13881,0.04077516029104531,0.04310078286106603,0.0023256225700207175,0.05703527719868831
spray,count,1-2,bin_8,13881,0.04005475109862402,0.04285584636490728,0.0028010952662832628,0.0699316607756798
spray,count,1-2,bin_9,13881,0.040270873856350406,0.0406198684225202,0.00034899456616979685,0.008666178127017799
spray,count,1-2,bin_10,13881,0.040342914775592535,0.04060183178796438,0.000258917012371844,0.006417905444167083
spray,count,1-2,bin_11,13881,0.041135364887255964,0.04150840360367265,0.000373038716416689,0.009068564663012363
spray,count,1-2,bin_12,13881,0.042648224191340685,0.04211749093909265,-0.0005307332522480335,-0.012444439652795528
spray,count,1-2,bin_13,13881,0.04149556948346661,0.04151397351378739,1.840403032078025e-05,0.0004435179598658866
spray,count,1-2,bin_14,13881,0.037677400763633746,0.04058444147800554,0.0029070407143717905,0.0771560844286708
spray,count,1-2,bin_15,13881,0.037677400763633746,0.039958431587032626,0.00228103082339888,0.06054108768565938
spray,count,1-2,bin_16,13881,0.03890209639074994,0.03911820700009437,0.0002161106093444276,0.005555243274648148
spray,count,1-2,bin_17,13881,0.041063323968013835,0.03903539817486342,-0.0020279257931504133,-0.04938532971003664
spray,count,1-2,bin_18,13881,0.0385418917945393,0.039135731361516726,0.0005938395669774291,0.015407639306941482
spray,count,1-2,bin_19,13881,0.043656797060730494,0.03935448337888347,-0.004302313681847025,-0.09854854161339696
spray,count,1-2,bin_20,13881,0.041855774079677256,0.03923460335939121,-0.002621170720286045,-0.06262387395574973
spray,count,1-2,bin_21,13881,0.038830055471507814,0.03861090333057142,-0.00021915214093639473,-0.005643879162037283
spray,count,1-2,bin_22,13881,0.04257618327209855,0.03900379520891063,-0.003572388063187916,-0.0839057846110177
spray,count,1-2,bin_23,13881,0.04725884302283697,0.04454018673168112,-0.0027186562911558493,-0.057526932892582844
spray,count,2-0,bin_0,3626,0.04522890237175951,0.04793657342288166,0.00270767105112215,0.059865946532737295
spray,count,2-0,bin_1,3626,0.03392167677881964,0.038475863295706035,0.0045541865168863965,0.1342559374815453
spray,count,2-0,bin_2,3626,0.032818532818532815,0.03770237020478544,0.004883837386252622,0.14881339800463875
spray,count,2-0,bin_3,3626,0.03116381687810259,0.036900803915009495,0.0057369870369069036,0.18409128314888878
spray,count,2-0,bin_4,3626,0.03116381687810259,0.037709403878737925,0.006545587000635334,0.21003803950711258
spray,count,2-0,bin_5,3626,0.03474903474903475,0.039998635827891885,0.005249601078857136,0.15107185326933312
spray,count,2-0,bin_6,3626,0.04302261445118588,0.041002146250153394,-0.0020204682010324868,-0.04696293395476793
spray,count,2-0,bin_7,3626,0.03474903474903475,0.04150470573551348,0.00675567098647873,0.1944131983886657
spray,count,2-0,bin_8,3626,0.042195256480970764,0.042044699274173536,-0.00015055720679722773,-0.0035681073976911617
spray,count,2-0,bin_9,3626,0.03612796469939327,0.04120116525239304,0.005073200552999771,0.14042309316929136
spray,count,2-0,bin_10,3626,0.04109211252068395,0.04134940779041057,0.00025729526972662065,0.00626142716797803
spray,count,2-0,bin_11,3626,0.04467733039161611,0.04360948795224378,-0.0010678424393723296,-0.02390121410595103
spray,count,2-0,bin_12,3626,0.038885824600110315,0.04341418660379781,0.004528362003687496,0.11645277039270113
spray,count,2-0,bin_13,3626,0.04302261445118588,0.041956693358538015,-0.001065921092647866,-0.02477583257654591
spray,count,2-0,bin_14,3626,0.04302261445118588,0.040794064887546395,-0.0022285495636394856,-0.051799491780492146
spray,count,2-0,bin_15,3626,0.04247104247104247,0.041551249930559,-0.0009197925404834661,-0.02165693345320161
spray,count,2-0,bin_16,3626,0.038885824600110315,0.04062366667286759,0.0017378420727572758,0.04469088904835377
spray,count,2-0,bin_17,3626,0.049641478212906785,0.041585375977467164,-0.008056102235439622,-0.16228570392057814
spray,count,2-0,bin_18,3626,0.04522890237175951,0.04179307329405823,-0.0034358290777012843,-0.07596534290088328
spray,count,2-0,bin_19,3626,0.04715940430226145,0.042346178413271096,-0.004813225888990351,-0.10206290686245036
spray,count,2-0,bin_20,3626,0.04936569222283508,0.04239572626701742,-0.006969965955817663,-0.1411904835519265
spray,count,2-0,bin_21,3626,0.04633204633204633,0.043444915930557534,-0.0028871304014887952,-0.06231389783213317
spray,count,2-0,bin_22,3626,0.04743519029233315,0.044047608041855146,-0.0033875822504780065,-0.07141496069903053
spray,count,2-0,bin_23,3626,0.05763927192498621,0.046611998272685716,-0.011027273652300495,-0.19131528355617988
spray,count,2-1,bin_0,8094,0.04595997034840623,0.048929264988015295,0.0029692946396090644,0.06460610433601012
spray,count,2-1,bin_1,8094,0.037682233753397576,0.04137219606589614,0.0036899623124985667,0.09792313100774885
spray,count,2-1,bin_2,8094,0.037064492216456635,0.0399025334051188,0.0028380411886621618,0.07657035127010513
spray,count,2-1,bin_3,8094,0.037929330368173954,0.03959711844343562,0.0016677880752616683,0.0439709338148793
spray,count,2-1,bin_4,8094,0.03669384729429207,0.039442929085288486,0.0027490817909964146,0.07491942093038713
spray,count,2-1,bin_5,8094,0.04361255250803064,0.04130268216680661,-0.002309870341224027,-0.052963429297074434
spray,count,2-1,bin_6,8094,0.036446750679515694,0.041909422570200666,0.0054626718906849725,0.14988090265492937
spray,count,2-1,bin_7,8094,0.042994810971089696,0.04206470257708433,-0.0009301083940053689,-0.02163303833643522
spray,count,2-1,bin_8,8094,0.03916481344205584,0.042187597694721204,0.0030227842526653614,0.07718112221158813
spray,count,2-1,bin_9,8094,0.03904126513466766,0.04081156145998633,0.0017702963253186724,0.045344235623827
spray,count,2-1,bin_10,8094,0.04163577958981962,0.04095902166979058,-0.0006767579200290391,-0.016254239183130688
spray,count,2-1,bin_11,8094,0.04163577958981962,0.04253840536647298,0.0009026257766533569,0.02167908912828567
spray,count,2-1,bin_12,8094,0.0396590066716086,0.04260832143953868,0.002949314767930082,0.07436683405490992
spray,count,2-1,bin_13,8094,0.04583642204101804,0.04154078397052252,-0.004295638070495517,-0.09371669688029842
spray,count,2-1,bin_14,8094,0.038052878675562146,0.04070643341999202,0.0026535547444298743,0.06973335097862143
spray,count,2-1,bin_15,8094,0.043859649122807015,0.0407011604091759,-0.0031584887136311135,-0.0720135426707894
spray,count,2-1,bin_16,8094,0.039288361749444035,0.039930450281512514,0.0006420885320684785,0.01634297037283731
spray,count,2-1,bin_17,8094,0.04311835927847788,0.04042981665452867,-0.002688542623949214,-0.062352618906145955
spray,count,2-1,bin_18,8094,0.04534222881146528,0.04083119596345444,-0.00451103284801084,-0.09948855550899112
spray,count,2-1,bin_19,8094,0.04287126266370151,0.041152533436322566,-0.0017187292273789442,-0.04009047367840108
spray,count,2-1,bin_20,8094,0.044848035581912526,0.04098712111441252,-0.003860914467500004,-0.08608882011004142
spray,count,2-1,bin_21,8094,0.040770941438102296,0.041553445950475554,0.0007825045123732582,0.019192701585300464
spray,count,2-1,bin_22,8094,0.04410674573758339,0.04268110006948249,-0.0014256456681009042,-0.03232262195408605
spray,count,2-1,bin_23,8094,0.05238448233259204,0.045860201837247185,-0.006524280495344856,-0.12454605266349356
spray,count,2-2,bin_0,14040,0.04821937321937322,0.04889389270098396,0.0006745194816107428,0.013988557639312893
spray,count,2-2,bin_1,14040,0.039316239316239315,0.042970947592911195,0.0036547082766718794,0.09295671051534998
spray,count,2-2,bin_2,14040,0.042735042735042736,0.04127446537988927,-0.0014605773551534668,-0.03417751011059112
spray,count,2-2,bin_3,14040,0.041025641025641026,0.04176048944641985,0.0007348484207788247,0.017911930256483855
spray,count,2-2,bin_4,14040,0.03917378917378917,0.04107796836937128,0.001904179195582112,0.04860850164722337
spray,count,2-2,bin_5,14040,0.0420940170940171,0.042262640862700054,0.00016862376868295725,0.004005884453991066
spray,count,2-2,bin_6,14040,0.038176638176638175,0.04252561697398247,0.004348978797344298,0.11391728043789916
spray,count,2-2,bin_7,14040,0.039957264957264954,0.042430290870452726,0.002473025913187772,0.0618917715172127
spray,count,2-2,bin_8,14040,0.042236467236467234,0.04233980233311896,0.00010333509665172436,0.002446584750405076
spray,count,2-2,bin_9,14040,0.034401709401709404,0.040449589601708934,0.006047880199999529,0.17580173500619747
spray,count,2-2,bin_10,14040,0.03853276353276353,0.04059217574335721,0.002059412210593678,0.05344574387566588
spray,count,2-2,bin_11,14040,0.04180911680911681,0.04137758146649332,-0.00043153534262348886,-0.010321560835491966
spray,count,2-2,bin_12,14040,0.04537037037037037,0.041872905745881026,-0.003497464624489348,-0.07708697539690806
spray,count,2-2,bin_13,14040,0.03967236467236467,0.04150086857492369,0.0018285039025590158,0.04609011632303157
spray,count,2-2,bin_14,14040,0.041025641025641026,0.040537950532328705,-0.0004876904933123205,-0.011887455774487812
spray,count,2-2,bin_15,14040,0.039316239316239315,0.04007452623082695,0.0007582869145876317,0.01928686282755498
spray,count,2-2,bin_16,14040,0.040740740740740744,0.03934483490191119,-0.0013959058388295573,-0.034263143316725496
spray,count,2-2,bin_17,14040,0.04123931623931624,0.03952255298269207,-0.0017167632566241695,-0.04162928518653426
spray,count,2-2,bin_18,14040,0.04316239316239316,0.0398718208444896,-0.003290572317903563,-0.07623702201875582
spray,count,2-2,bin_19,14040,0.04287749287749288,0.04054441364659522,-0.002333079230897657,-0.0544126784083108
spray,count,2-2,bin_20,14040,0.04245014245014245,0.04061713664913971,-0.001833005801002735,-0.04318020376858792
spray,count,2-2,bin_21,14040,0.04344729344729345,0.040407256856224226,-0.0030400365910692242,-0.06997067826001951
spray,count,2-2,bin_22,14040,0.04323361823361823,0.04119906021023319,-0.0020345580233850427,-0.04705962874518287
spray,count,2-2,bin_23,14040,0.04978632478632478,0.04655121119353862,-0.003235113592786165,-0.06497996400961054
spray,count,3-0,bin_0,255,0.050980392156862744,0.033916212919646964,-0.01706417923721578,-0.334720438883848
spray,count,3-0,bin_1,255,0.027450980392156862,0.028889915483059844,0.0014389350909029819,0.0524183497400372
spray,count,3-0,bin_2,255,0.027450980392156862,0.030133460759751353,0.0026824803675944905,0.09771892767665644
spray,count,3-0,bin_3,255,0.03529411764705882,0.027725149506438233,-0.00756896814062059,-0.2144540973175834
spray,count,3-0,bin_4,255,0.027450980392156862,0.030346220248269246,0.002895239856112383,0.10546945190123681
spray,count,3-0,bin_5,255,0.01568627450980392,0.031519024650675846,0.015832750140871925,1.0093378214805853
spray,count,3-0,bin_6,255,0.06274509803921569,0.03420897180524965,-0.028536126233966036,-0.4547945118538337
spray,count,3-0,bin_7,255,0.027450980392156862,0.03670661228928058,0.009255631897123716,0.3371694476809354
spray,count,3-0,bin_8,255,0.03137254901960784,0.04044091984008749,0.009068370820479649,0.2890543199027888
spray,count,3-0,bin_9,255,0.027450980392156862,0.039062174367627094,0.011611193975470231,0.42297920910641557
spray,count,3-0,bin_10,255,0.027450980392156862,0.04007672464621125,0.01262574425405439,0.45993782639769565
spray,count,3-0,bin_11,255,0.023529411764705882,0.04259302775722509,0.019063615992519205,0.8102036796820662
spray,count,3-0,bin_12,255,0.043137254901960784,0.04308864507532003,-4.860982664075392e-05,-0.001126864163035659
spray,count,3-0,bin_13,255,0.0392156862745098,0.04255765846145212,0.0033419721869423144,0.08522029076702901
spray,count,3-0,bin_14,255,0.023529411764705882,0.04046687440325816,0.01693746263855228,0.719842162138472
spray,count,3-0,bin_15,255,0.023529411764705882,0.045556828754899255,0.022027416990193373,0.9361652220832184
spray,count,3-0,bin_16,255,0.043137254901960784,0.04271712028786686,-0.0004201346140939241,-0.009739484235813695
spray,count,3-0,bin_17,255,0.07058823529411765,0.04388402486767839,-0.026704210426439258,-0.3783096477078895
spray,count,3-0,bin_18,255,0.06274509803921569,0.047572912983870244,-0.015172185055345441,-0.24180669931956797
spray,count,3-0,bin_19,255,0.0784313725490196,0.049828168589567,-0.02860320395945261,-0.36469085048302075
spray,count,3-0,bin_20,255,0.06274509803921569,0.0542563991737552,-0.008488698865460484,-0.13528863816827646
spray,count,3-0,bin_21,255,0.047058823529411764,0.05726087449310238,0.010202050963690618,0.21679358297842563
spray,count,3-0,bin_22,255,0.0784313725490196,0.05690735566176419,-0.021524016887255415,-0.2744312153125065
spray,count,3-0,bin_23,255,0.043137254901960784,0.06028472101019111,0.017147466108230328,0.3975094415998849
spray,count,3-1,bin_0,3201,0.0471727585129647,0.04666272553285833,-0.0005100329801063716,-0.010812023637884076
spray,count,3-1,bin_1,3201,0.03748828491096532,0.03803006260928102,0.0005417776983156972,0.014451920102571222
spray,count,3-1,bin_2,3201,0.0359262730396751,0.03734852700508032,0.0014222539654052194,0.03958812994140963
spray,count,3-1,bin_3,3201,0.03342705404561075,0.037091750753815975,0.0036646967082052256,0.10963265572864417
spray,count,3-1,bin_4,3201,0.03686348016244923,0.03739673706581563,0.0005332569033663984,0.014465723285388485
spray,count,3-1,bin_5,3201,0.031865042174320526,0.03981430960843274,0.007949267434112214,0.24946671624110978
spray,count,3-1,bin_6,3201,0.03686348016244923,0.040808103838506346,0.003944623676057114,0.1070062744666002
spray,count,3-1,bin_7,3201,0.03342705404561075,0.04139884817923144,0.007971794133620688,0.23848329926840955
spray,count,3-1,bin_8,3201,0.04217432052483599,0.04198432157862954,-0.00018999894620645025,-0.004505086124495165
spray,count,3-1,bin_9,3201,0.03655107778819119,0.04135794787987297,0.004806870091681785,0.13151103558524269
spray,count,3-1,bin_10,3201,0.04217432052483599,0.04184130677151512,-0.000333013753320871,-0.00789612610651932
spray,count,3-1,bin_11,3201,0.04248672289909403,0.043537806878326084,0.0010510839792320509,0.024739116305307316
spray,count,3-1,bin_12,3201,0.04561074664167448,0.042910508230342814,-0.002700238411331664,-0.05920180242926477
spray,count,3-1,bin_13,3201,0.0471727585129647,0.0419074569528987,-0.0052653015600660005,-0.11161741916404813
spray,count,3-1,bin_14,3201,0.03686348016244923,0.04090826018941517,0.004044780026965941,0.10972322768066084
spray,count,3-1,bin_15,3201,0.046860356138706656,0.041524281335127,-0.005336074803579657,-0.11387183630838989
spray,count,3-1,bin_16,3201,0.035301468291159016,0.04085629680676933,0.005554828515610316,0.15735403609264265
spray,count,3-1,bin_17,3201,0.04311152764761012,0.042109884021904694,-0.0010016436257054284,-0.023233777144080262
spray,count,3-1,bin_18,3201,0.04935957513277101,0.04204796527279832,-0.007311609859972694,-0.148129513682105
spray,count,3-1,bin_19,3201,0.0499843798812871,0.043067070211320814,-0.006917309669966287,-0.13838942658476303
spray,count,3-1,bin_20,3201,0.04561074664167448,0.043043929654863665,-0.002566816986810813,-0.05627658338891379
spray,count,3-1,bin_21,3201,0.048109965635738834,0.044033346471407185,-0.004076619164331649,-0.08473544120146499
spray,count,3-1,bin_22,3201,0.04092471102780381,0.04463962499494173,0.0037149139671379186,0.09077434815884335
spray,count,3-1,bin_23,3201,0.05467041549515776,0.0456789275329229,-0.00899148796223486,-0.1644671598120788
spray,count,3-2,bin_0,10130,0.04718657453109575,0.04876937934368093,0.0015828048125851799,0.033543541321104334
spray,count,3-2,bin_1,10130,0.040276406712734455,0.041912444158202264,0.0016360374454678084,0.04062024343771788
spray,count,3-2,bin_2,10130,0.04007897334649556,0.040324803812816654,0.0002458304663210953,0.006133651782839151
spray,count,3-2,bin_3,10130,0.043040473840078974,0.04066078126284159,-0.0023796925772373856,-0.05528964634728146
spray,count,3-2,bin_4,10130,0.04175715695952616,0.04002278537103424,-0.0017343715884919134,-0.04153471440052738
spray,count,3-2,bin_5,10130,0.03978282329713722,0.04122679111772612,0.0014439678205888998,0.03629626308328922
spray,count,3-2,bin_6,10130,0.041559723593287266,0.041976859763385665,0.00041713617009839915,0.01003702946103749
spray,count,3-2,bin_7,10130,0.03889437314906219,0.04226856316805372,0.0033741900189915297,0.0867526520111274
spray,count,3-2,bin_8,10130,0.0437314906219151,0.04234486783162607,-0.0013866227902890327,-0.0317076498095438
spray,count,3-2,bin_9,10130,0.03603158933859822,0.040966417093146204,0.004934827754547982,0.13695837028375635
spray,count,3-2,bin_10,10130,0.03652517275419546,0.041407312291627425,0.004882139537431968,0.1336650635518536
spray,count,3-2,bin_11,10130,0.04274432379072063,0.04208625023668588,-0.0006580735540347507,-0.015395577603630544
spray,count,3-2,bin_12,10130,0.04067127344521224,0.04188367329413868,0.001212399848926439,0.029809734149574822
spray,count,3-2,bin_13,10130,0.04076999012833169,0.0415056093540099,0.0007356192256782051,0.01804315437317244
spray,count,3-2,bin_14,10130,0.04234945705824284,0.04034864995459661,-0.0020008071036462308,-0.047245165407776964
spray,count,3-2,bin_15,10130,0.04274432379072063,0.03985657005881318,-0.002887753731907451,-0.06755876513677248
spray,count,3-2,bin_16,10130,0.03751233958538993,0.03938875873866677,0.0018764191532768398,0.05002138427024839
spray,count,3-2,bin_17,10130,0.041559723593287266,0.039946637512443435,-0.0016130860808438313,-0.038813686458308815
spray,count,3-2,bin_18,10130,0.04274432379072063,0.040209394809205386,-0.002534928981515243,-0.05930445862066839
spray,count,3-2,bin_19,10130,0.04146100691016782,0.04142161296036595,-3.939394980186778e-05,-0.0009501445511736205
spray,count,3-2,bin_20,10130,0.04215202369200395,0.041573913310756175,-0.0005781103812477761,-0.013714890309227101
spray,count,3-2,bin_21,10130,0.0420533070088845,0.04169631179828288,-0.00035699521060162526,-0.008489111463367286
spray,count,3-2,bin_22,10130,0.04531095755182626,0.04255271293484239,-0.0027582446169838667,-0.06087367749465484
spray,count,3-2,bin_23,10130,0.049062191510365255,0.045648899940049635,-0.00341329157031562,-0.06957071148349543
spray,count,0-0,expected_bin_index,19931,11.693693241683809,11.277864018445811,-0.4158292232379974,-0.035560127552834705
spray,count,0-1,expected_bin_index,15624,11.490975422427036,11.150364728436445,-0.3406106939905911,-0.029641582326058954
spray,count,0-2,expected_bin_index,8127,11.293220130429432,11.044275309763558,-0.24894482066587464,-0.022043741093392497
spray,count,1-0,expected_bin_index,10597,12.022742285552514,11.526377797305864,-0.49636448824665,-0.041285463537143366
spray,count,1-1,expected_bin_index,13962,11.746884400515686,11.428026410060124,-0.3188579904555624,-0.027144047696729238
spray,count,1-2,expected_bin_index,13881,11.400115265470788,11.212106078479332,-0.1880091869914562,-0.016491867197247326
spray,count,2-0,expected_bin_index,3626,12.329012686155544,11.68828292949121,-0.6407297566643333,-0.05196926736751756
spray,count,2-1,expected_bin_index,8094,11.83222139856684,11.493405613474993,-0.33881578509184784,-0.028635010593436528
spray,count,2-2,expected_bin_index,14040,11.642948717948718,11.380457105067403,-0.2624916128813144,-0.022545114578805838
spray,count,3-0,expected_bin_index,255,13.156862745098039,12.93675860020885,-0.22010414488918784,-0.01672922710782203
spray,count,3-1,expected_bin_index,3201,12.12277413308341,11.731001812576043,-0.39177232050736777,-0.032317051873317466
spray,count,3-2,expected_bin_index,10130,11.61411648568608,11.461173744300899,-0.15294274138518205,-0.013168693595735644
spray,handedness,LvL,bin_0,9818,0.041556325117131795,0.045586311318955235,0.004029986201823439,0.09697648168995718
spray,handedness,LvL,bin_1,9818,0.03412100224078224,0.04048875340495824,0.006367751164176004,0.18662262964143284
spray,handedness,LvL,bin_2,9818,0.03819515176206967,0.03820848790333372,1.3336141264051748e-05,0.0003491579598145602
spray,handedness,LvL,bin_3,9818,0.04063964147484213,0.03995234160056159,-0.0006872998742805392,-0.01691205555309858
spray,handedness,LvL,bin_4,9818,0.04053778773680994,0.041362610354697675,0.0008248226178877369,0.02034700618698945
spray,handedness,LvL,bin_5,9818,0.04430637604400081,0.04504340863431511,0.000737032590314296,0.016634910279783355
spray,handedness,LvL,bin_6,9818,0.044000814829904256,0.045861238349566985,0.0018604235196627295,0.042281569713075645
spray,handedness,LvL,bin_7,9818,0.04308413118761459,0.04423458993927792,0.0011504587516633288,0.02670260998541504
spray,handedness,LvL,bin_8,9818,0.04481564473416175,0.04375493829718401,-0.0010607064369777403,-0.023668217723289666
spray,handedness,LvL,bin_9,9818,0.038704420452230597,0.039179223060607817,0.00047480260837722,0.01226740002380933
spray,handedness,LvL,bin_10,9818,0.038500712976166224,0.04106692779747294,0.0025662148213067143,0.06665369607298763
spray,handedness,LvL,bin_11,9818,0.044102668567936446,0.04306470019579737,-0.0010379683721390767,-0.023535273620465254
spray,handedness,LvL,bin_12,9818,0.04186188633122836,0.042863034149191,0.001001147817962643,0.023915497023740212
spray,handedness,LvL,bin_13,9818,0.03646363821552251,0.03798446442508251,0.0015208262095600042,0.041708021579497545
spray,handedness,LvL,bin_14,9818,0.031982073742106334,0.035440048536146414,0.0034579747940400793,0.10812228193594108
spray,handedness,LvL,bin_15,9818,0.03340802607455694,0.036324073318924906,0.0029160472443679683,0.08728582879635582
spray,handedness,LvL,bin_16,9818,0.03656549195355469,0.037645395439350804,0.0010799034857961118,0.02953340507951595
spray,handedness,LvL,bin_17,9818,0.04471379099612956,0.04085398209367861,-0.0038598089024509466,-0.08632255991859543
spray,handedness,LvL,bin_18,9818,0.0479731106131595,0.04271452728071402,-0.005258583332445485,-0.1096152253884284
spray,handedness,LvL,bin_19,9818,0.04664901201874109,0.04196575185783036,-0.004683260160910731,-0.10039355515244881
spray,handedness,LvL,bin_20,9818,0.042880423711550215,0.040207034923711304,-0.002673388787838911,-0.062345204558200536
spray,handedness,LvL,bin_21,9818,0.039213689142391525,0.03909684358994071,-0.00011684555245081857,-0.002979713334966589
spray,handedness,LvL,bin_22,9818,0.045223059686290486,0.042177333594597875,-0.0030457260916926104,-0.06734896118972533
spray,handedness,LvL,bin_23,9818,0.06050112039111835,0.054923979762254986,-0.005577140628863365,-0.09218243551208842
spray,handedness,LvR,bin_0,43139,0.0443913859848397,0.0446091092877961,0.00021772330295639908,0.004904629538504491
spray,handedness,LvR,bin_1,43139,0.035234938222953704,0.03825200838659244,0.003017070163638738,0.08562723012448127
spray,handedness,LvR,bin_2,43139,0.03613899255893739,0.03664233979249546,0.0005033472335580699,0.013928092564760472
spray,handedness,LvR,bin_3,43139,0.03623171608057674,0.03774802128805304,0.0015163052074763025,0.04185021775132452
spray,handedness,LvR,bin_4,43139,0.035907183754839006,0.039413980720855904,0.003506796966016898,0.09766282396191282
spray,handedness,LvR,bin_5,43139,0.039940656946150815,0.04236577784210507,0.002425120895954251,0.06071810233927478
spray,handedness,LvR,bin_6,43139,0.041447414172790284,0.043442229405471405,0.0019948152326811214,0.04812882232809334
spray,handedness,LvR,bin_7,43139,0.04047381719557709,0.0426005127979408,0.0021266956023637054,0.052544972273979314
spray,handedness,LvR,bin_8,43139,0.04249055379123299,0.04265953766016678,0.00016898386893379053,0.003976974971050077
spray,handedness,LvR,bin_9,43139,0.03657942928672431,0.03831750317687721,0.0017380738901529025,0.04751506308447786
spray,handedness,LvR,bin_10,43139,0.03732121745983912,0.04006305326941447,0.0027418358095753492,0.07346587266414348
spray,handedness,LvR,bin_11,43139,0.0407288068800853,0.041702729384225735,0.0009739225041404329,0.02391237501770867
spray,handedness,LvR,bin_12,43139,0.03954658197918357,0.04175361995220519,0.0022070379730216166,0.05580856454758471
spray,handedness,LvR,bin_13,43139,0.03551310878787176,0.03750858975160283,0.001995480963731068,0.05618998256814266
spray,handedness,LvR,bin_14,43139,0.03393680892000278,0.03506582527234191,0.0011290163523391267,0.03326819427838633
spray,handedness,LvR,bin_15,43139,0.03349637219221586,0.03582128815363918,0.0023249159614233197,0.06940799284418034
spray,handedness,LvR,bin_16,43139,0.037784835068035885,0.03762709814237959,-0.00015773692565629327,-0.004174609347169837
spray,handedness,LvR,bin_17,43139,0.04406685365910197,0.04131316325368271,-0.0027536904054192637,-0.06248892709067944
spray,handedness,LvR,bin_18,43139,0.04691810194951204,0.04391926858004737,-0.0029988333694646735,-0.06391634027931647
spray,handedness,LvR,bin_19,43139,0.0503720531305779,0.04403048475891704,-0.006341568371660861,-0.1258945779958941
spray,handedness,LvR,bin_20,43139,0.04568951528779063,0.04320432782231676,-0.0024851874654738745,-0.054392948794052494
spray,handedness,LvR,bin_21,43139,0.04594450497229885,0.043913768270208785,-0.002030736702090065,-0.04419977325502689
spray,handedness,LvR,bin_22,43139,0.05148473539025012,0.04774531702592252,-0.003739418364327597,-0.07263159334476732
spray,handedness,LvR,bin_23,43139,0.06836041632861216,0.06028044611787887,-0.00807997021073329,-0.11819662086158815
spray,handedness,RvL,bin_0,23052,0.052490022557695644,0.0543205151325336,0.001830492574837958,0.03487315275633439
spray,handedness,RvL,bin_1,23052,0.04398750650702759,0.04599525544069193,0.002007748933664344,0.04564361777004976
spray,handedness,RvL,bin_2,23052,0.040300190872809304,0.04405212823958476,0.003751937366775454,0.09309974185027746
spray,handedness,RvL,bin_3,23052,0.04090751344785702,0.04216062877357105,0.0012531153257140312,0.030632889171113304
spray,handedness,RvL,bin_4,23052,0.04099427381572098,0.04052790618856092,-0.00046636762716006225,-0.01137640903840609
spray,handedness,RvL,bin_5,23052,0.04077737289606108,0.041097406317642846,0.00032003342158176684,0.007848308972662648
spray,handedness,RvL,bin_6,23052,0.042425819885476314,0.04145690586679752,-0.0009689140186787959,-0.022837838403459716
spray,handedness,RvL,bin_7,23052,0.039345826826305746,0.041982495519999004,0.0026366686936932573,0.06701266452813337
spray,handedness,RvL,bin_8,23052,0.04056047197640118,0.042148692154968484,0.0015882201785673011,0.03915684658431382
spray,handedness,RvL,bin_9,23052,0.03782752038868645,0.04197579203199274,0.004148271643306292,0.10966279578153286
spray,handedness,RvL,bin_10,23052,0.04025681068887732,0.040802685414839,0.0005458747259616814,0.013559810541884354
spray,handedness,RvL,bin_11,23052,0.04056047197640118,0.041996856249956936,0.0014363842735557533,0.03541340136257457
spray,handedness,RvL,bin_12,23052,0.04151483602290474,0.04251774541671165,0.001002909393806907,0.024157855116025934
spray,handedness,RvL,bin_13,23052,0.046113135519694606,0.04402548188982853,-0.0020876536298660778,-0.0452724284813479
spray,handedness,RvL,bin_14,23052,0.04329342356411591,0.04420456035522214,0.000911136791106229,0.02104561654166412
spray,handedness,RvL,bin_15,23052,0.045288912024986985,0.043524537797354046,-0.0017643742276329394,-0.03895819415267674
spray,handedness,RvL,bin_16,23052,0.042816241540864136,0.0409217989744185,-0.0018944425664456366,-0.04424588656707681
spray,handedness,RvL,bin_17,23052,0.040950893631789,0.03908444529414411,-0.001866448337644891,-0.04557771936376062
spray,handedness,RvL,bin_18,23052,0.03661287523859101,0.03769363393060728,0.0010807586920162718,0.02951854190563874
spray,handedness,RvL,bin_19,23052,0.04069061252819712,0.03823659751394765,-0.0024540150142494666,-0.06030911951863401
spray,handedness,RvL,bin_20,23052,0.041558216206836716,0.038958680616469094,-0.002599535590367623,-0.06255166433105892
spray,handedness,RvL,bin_21,23052,0.04303314246052403,0.03891283834536303,-0.004120304115161004,-0.09574722828900349
spray,handedness,RvL,bin_22,23052,0.04151483602290474,0.038122732018798046,-0.003392104004106694,-0.08170823563497127
spray,handedness,RvL,bin_23,23052,0.03617907339927121,0.035279680476535326,-0.0008993929227358866,-0.024859479202527165
spray,handedness,RvR,bin_0,45459,0.05217888646912602,0.05331979084020153,0.0011409043710755087,0.021865249496088344
spray,handedness,RvR,bin_1,45459,0.04225785872984447,0.0457581323634689,0.003500273633624429,0.08283130614832532
spray,handedness,RvR,bin_2,45459,0.041069975142436044,0.04438571889554543,0.0033157437531093834,0.08073400925152621
spray,handedness,RvR,bin_3,45459,0.04113596867506984,0.043360022252780996,0.0022240535777111534,0.05406590994073333
spray,handedness,RvR,bin_4,45459,0.04098198376559097,0.042017168380378646,0.0010351846147876737,0.025259504779191012
spray,handedness,RvR,bin_5,45459,0.04115796651928111,0.04235851355079178,0.0012005470315106723,0.029169250403764647
spray,handedness,RvR,bin_6,45459,0.04032204843925295,0.04193103651786605,0.001608988078613094,0.039903431023280214
spray,handedness,RvR,bin_7,45459,0.039992080776083946,0.04285675037422661,0.0028646695981426606,0.07163092148623058
spray,handedness,RvR,bin_8,45459,0.04166391693614026,0.042850168069496826,0.0011862511333565681,0.0284719061622261
spray,handedness,RvR,bin_9,45459,0.037616313601267076,0.043087325627140655,0.005471012025873578,0.14544253548782865
spray,handedness,RvR,bin_10,45459,0.04175190831298533,0.041779933281626734,2.802496864140469e-05,0.000671226053461336
spray,handedness,RvR,bin_11,45459,0.04271981345828109,0.04300078247555261,0.00028096901727152346,0.006577018823968169
spray,handedness,RvR,bin_12,45459,0.04474361512571768,0.04375208405629631,-0.0009915310694213683,-0.02216028067100589
spray,handedness,RvR,bin_13,45459,0.04645944697419653,0.04527221950679232,-0.0011872274674042116,-0.025554059394284116
spray,handedness,RvR,bin_14,45459,0.04731736289843595,0.04523751021280109,-0.0020798526856348615,-0.04395538039808237
spray,handedness,RvR,bin_15,45459,0.044457643150971206,0.043964290632598796,-0.00049335251837241,-0.011097136136908155
spray,handedness,RvR,bin_16,45459,0.0419058932224642,0.04063057066557165,-0.0012753225568925483,-0.03043301213321698
spray,handedness,RvR,bin_17,45459,0.03977210233397127,0.037995454020455656,-0.001776648313515615,-0.04467071663943935
spray,handedness,RvR,bin_18,45459,0.03922215622868959,0.036701016411464865,-0.002521139817224724,-0.06427846043253994
spray,handedness,RvR,bin_19,45459,0.038342242460238894,0.03674834672918882,-0.0015938957310500726,-0.04157022721618202
spray,handedness,RvR,bin_20,45459,0.0420378802877318,0.037547798129580624,-0.004490082158151179,-0.1068103845250625
spray,handedness,RvR,bin_21,45459,0.039002177786576914,0.037112842416783406,-0.0018893353697935072,-0.048441791638715766
spray,handedness,RvR,bin_22,45459,0.03781429419916848,0.03553415170089143,-0.0022801424982770505,-0.0602984280565308
spray,handedness,RvR,bin_23,45459,0.03607646450647836,0.03279837277842669,-0.0032780917280516714,-0.09086510479603715
spray,handedness,LvL,expected_bin_index,9818,11.846506416785497,11.527831605383533,-0.31867481140196396,-0.026900319823439992
spray,handedness,LvR,expected_bin_index,43139,12.23456732886715,11.870119213909822,-0.36444811495732843,-0.029788394240752785
spray,handedness,RvL,expected_bin_index,23052,11.335589102897796,11.080680108414098,-0.2549089944836975,-0.022487494224586294
spray,handedness,RvR,expected_bin_index,45459,11.27149739325546,10.945091226820136,-0.3264061664353246,-0.02895854517347772
spray,two_strike,0,bin_0,75290,0.04881126311595165,0.04986699543542969,0.001055732319478038,0.021628867029524212
spray,two_strike,0,bin_1,75290,0.038531013414796124,0.04209035756078265,0.0035593441459865274,0.09237608436791646
spray,two_strike,0,bin_2,75290,0.03722937973170408,0.04056098482542661,0.003331605093722531,0.08948860060876537
spray,two_strike,0,bin_3,75290,0.03774737680966928,0.03998201610873708,0.002234639299067795,0.05919985673005428
spray,two_strike,0,bin_4,75290,0.03703015008633285,0.04023726371510822,0.0032071136287753696,0.08660817256474088
spray,two_strike,0,bin_5,75290,0.0401779784831983,0.04207278299585669,0.0018948045126583948,0.047160274961339024
spray,two_strike,0,bin_6,75290,0.041028024970115554,0.04251154059614783,0.0014835156260322793,0.03615859225767896
spray,two_strike,0,bin_7,75290,0.04043033603400186,0.042645774941726694,0.002215438907724833,0.05479645051333859
spray,two_strike,0,bin_8,75290,0.04205073714968787,0.04275289164496857,0.0007021544952807018,0.016697792782591297
spray,two_strike,0,bin_9,75290,0.037760658786027364,0.04099016586969078,0.003229507083663416,0.08552570817060097
spray,two_strike,0,bin_10,75290,0.04058971975029885,0.04103134564878575,0.000441625898486904,0.010880240149567734
spray,two_strike,0,bin_11,75290,0.04174525169345199,0.042829754346774794,0.0010845026533228067,0.025979066105209708
spray,two_strike,0,bin_12,75290,0.041160844733696376,0.04320519528783152,0.002044350554135141,0.04966736147816546
spray,two_strike,0,bin_13,75290,0.04222340284234294,0.04181480304531154,-0.00040859979703140176,-0.009677093022489537
spray,two_strike,0,bin_14,75290,0.04060300172665693,0.04071866078605363,0.00011565905939669996,0.0028485347013338367
spray,two_strike,0,bin_15,75290,0.03979280116881392,0.04063682784658465,0.0008440266777707331,0.02121053690566038
spray,two_strike,0,bin_16,75290,0.0410678708991898,0.039506875204595095,-0.0015609956945947037,-0.038010144193413725
spray,two_strike,0,bin_17,75290,0.0426218621330854,0.0398333133077967,-0.0027885488252887003,-0.06542531662698232
spray,two_strike,0,bin_18,75290,0.0428476557311728,0.04025036825641492,-0.0025972874747578825,-0.06061679292452603
spray,two_strike,0,bin_19,75290,0.04434851905963608,0.040077542241434325,-0.004270976818201752,-0.096304835172929
spray,two_strike,0,bin_20,75290,0.0442555452251295,0.04008052973142982,-0.0041750154936996756,-0.09433881048038673
spray,two_strike,0,bin_21,75290,0.04310001328197636,0.04028786423651711,-0.0028121490454592474,-0.06524705751390654
spray,two_strike,0,bin_22,75290,0.04466728649223004,0.04133634035589515,-0.003330946136334889,-0.07457238614470824
spray,two_strike,0,bin_23,75290,0.05017930668083411,0.04467980599091617,-0.00549950068991794,-0.10959698436842817
spray,two_strike,1,bin_0,46178,0.048291394170384166,0.04966723483914686,0.0013758406687626942,0.028490390314853675
spray,two_strike,1,bin_1,46178,0.04090692537572004,0.04372407894446552,0.002817153568745477,0.06886739941637302
spray,two_strike,1,bin_2,46178,0.041729828056650355,0.041908015472487556,0.00017818741583720127,0.00427002516270383
spray,two_strike,1,bin_3,46178,0.04185976005890251,0.04230170326628157,0.00044194320737905857,0.010557710000181152
spray,two_strike,1,bin_4,46178,0.04259604140499805,0.041604703290122266,-0.0009913381148757838,-0.02327301040606708
spray,two_strike,1,bin_5,46178,0.04209796872969813,0.042772461399020585,0.0006744926693224573,0.016021976586405574
spray,two_strike,1,bin_6,46178,0.04205465806228074,0.04299522855173023,0.0009405704894494896,0.022365429485993064
spray,two_strike,1,bin_7,46178,0.040062367361081035,0.04281787501062367,0.0027555076495426323,0.0687804498597728
spray,two_strike,1,bin_8,46178,0.04192472606002858,0.04267287472826006,0.0007481486682314811,0.01784504607520317
spray,two_strike,1,bin_9,46178,0.03674910130365109,0.040664894253389455,0.003915792949738366,0.10655479483383515
spray,two_strike,1,bin_10,46178,0.03807007665988133,0.04075712740785914,0.002687050747977808,0.07058170047788351
spray,two_strike,1,bin_11,46178,0.04166486205552428,0.04157943534778318,-8.542670774109445e-05,-0.002050329786937765
spray,two_strike,1,bin_12,46178,0.043505565420763136,0.041971600840991656,-0.0015339645797714796,-0.03525904249113359
spray,two_strike,1,bin_13,46178,0.040841959374593964,0.041484759816838065,0.0006428004422441014,0.01573872684090568
spray,two_strike,1,bin_14,46178,0.040495474035254886,0.04050419170258068,8.717667325797152e-06,0.00021527510255115552
spray,two_strike,1,bin_15,46178,0.039889124691411496,0.03993845264211531,4.932795070381607e-05,0.0012366265513576648
spray,two_strike,1,bin_16,46178,0.03874139200485079,0.039167561758374374,0.0004261697535235809,0.011000372765909401
spray,two_strike,1,bin_17,46178,0.040776993373467886,0.03924970254426015,-0.0015272908292077378,-0.037454719018138564
spray,two_strike,1,bin_18,46178,0.041058512711680886,0.03943131977366656,-0.0016271929380143255,-0.03963107357153245
spray,two_strike,1,bin_19,46178,0.042725973407250206,0.039975438915744,-0.0027505344915062097,-0.06437616915802015
spray,two_strike,1,bin_20,46178,0.04177313872406774,0.03997232327238122,-0.0018008154516865188,-0.04310941209330226
spray,two_strike,1,bin_21,46178,0.04086361470830265,0.039609922785072256,-0.0012536919232303961,-0.030679907594559214
spray,two_strike,1,bin_22,46178,0.04283425007579367,0.0401862672200148,-0.0026479828557788646,-0.061819288328693836
spray,two_strike,1,bin_23,46178,0.0484862921737624,0.04504282619014484,-0.003443465983617562,-0.07101937123335944
spray,two_strike,0,expected_bin_index,75290,11.776490901846195,11.38205187550744,-0.3944390263387554,-0.033493765640910854
spray,two_strike,1,expected_bin_index,46178,11.502078912036035,11.288392258277415,-0.21368665375861973,-0.018578089699507555
