head,grouping,cell,class,n_rows,observed,predicted,gap,relative_gap
swing,overall,all,positive,705307,0.4757701256332349,0.4855098600335612,0.009739734400326328,0.020471513185833286
swing,count,0-0,positive,180379,0.31457653052738954,0.31723636580347203,0.0026598352760824895,0.008455288357409432
swing,count,0-1,positive,91609,0.4893623988909387,0.4974317360579296,0.00806933716699093,0.016489491602294716
swing,count,0-2,positive,47794,0.49985353810101685,0.5163169606589137,0.0164634225578969,0.032936492998414585
swing,count,1-0,positive,68451,0.42593972330572233,0.4382989360847052,0.012359212778982887,0.029016342225756536
swing,count,1-1,positive,70954,0.544676832877639,0.5527402114892779,0.00806337861163886,0.014803968380733917
swing,count,1-2,positive,69530,0.5708758809147131,0.584417299478411,0.013541418563697949,0.023720425080843432
swing,count,2-0,positive,23065,0.4078907435508346,0.4358900129548038,0.027999269403969185,0.06864404217714172
swing,count,2-1,positive,36464,0.5824648968845985,0.5906303316980003,0.008165434813401817,0.014018758653226795
swing,count,2-2,positive,59349,0.6421506680820233,0.6532009462841105,0.01105027820208726,0.017208232820332105
swing,count,3-0,positive,7100,0.08295774647887325,0.09584987907225577,0.012892132593382524,0.15540601258576556
swing,count,3-1,positive,14857,0.5396109577976711,0.5575628774773477,0.017951919679676576,0.03326826377459834
swing,count,3-2,positive,35755,0.7059432247238149,0.7212240829964237,0.015280858272608833,0.02164601590813077
swing,handedness,LvL,positive,58198,0.4670607237362109,0.4719617879054346,0.004901064169223701,0.010493419635070302
swing,handedness,LvR,positive,256020,0.47013905163659087,0.47890211413024536,0.008763062493654494,0.018639299294856675
swing,handedness,RvL,positive,133645,0.4813199146993902,0.4910524898322926,0.009732575132902432,0.020220595150277423
swing,handedness,RvR,positive,257444,0.4804578859868554,0.49226644029345534,0.011808554306599939,0.024577709412231405
swing,two_strike,0,positive,492879,0.4232864455576318,0.4312781131914164,0.007991667633784616,0.01888004616650671
swing,two_strike,1,positive,212428,0.5975436383150997,0.6113392664762595,0.013795628161159756,0.02308723125236416
contact,overall,all,positive,335564,0.7673796950805212,0.7553735438306088,-0.012006151249912334,-0.015645646251628443
contact,count,0-0,positive,56743,0.7518989126412069,0.7398937668289353,-0.012005145812271634,-0.015966435927006428
contact,count,0-1,positive,44830,0.741133169752398,0.728447803353817,-0.012685366398580977,-0.01711617684419519
contact,count,0-2,positive,23890,0.7409376308078695,0.7229824943737846,-0.017955136434084862,-0.024232993017924826
contact,count,1-0,positive,29156,0.7628618466181918,0.7532590519590949,-0.009602794659096858,-0.012587855457271289
contact,count,1-1,positive,38647,0.7614562579242891,0.7509525686218496,-0.0105036893024395,-0.013794212330820286
contact,count,1-2,positive,39693,0.7569596654321921,0.7422407969153736,-0.014718868516818473,-0.019444719697732666
contact,count,2-0,positive,9408,0.7955994897959183,0.785505774142497,-0.01009371565342132,-0.012686930777206116
contact,count,2-1,positive,21239,0.7880785347709403,0.7797900234590741,-0.008288511311866142,-0.010517367173660233
contact,count,2-2,positive,38111,0.7856261971609246,0.7734505595210859,-0.012175637639838754,-0.015498003610163147
contact,count,3-0,positive,589,0.831918505942275,0.8387008946383425,0.0067823886960675095,0.008152708044864823
contact,count,3-1,positive,8017,0.8262442310091056,0.8110988903299174,-0.015145340679188157,-0.018330343633008978
contact,count,3-2,positive,25241,0.8288102690067747,0.8198016207536939,-0.009008648253080787,-0.010869373353537866
contact,handedness,LvL,positive,27182,0.7502391288352587,0.7487563757082977,-0.0014827531269610006,-0.0019763740252564076
contact,handedness,LvR,positive,120365,0.7774020687076808,0.7631941632804456,-0.014207905427235157,-0.01827613534763775
contact,handedness,RvL,positive,64326,0.7685383826135622,0.7591263930385496,-0.009411989575012658,-0.012246609652735082
contact,handedness,RvR,positive,123691,0.7607910033874736,0.7472657043408406,-0.013525299046633021,-0.01777794293887639
contact,two_strike,0,positive,208629,0.7616247022226057,0.7504841854970818,-0.011140516725523852,-0.014627304882592597
contact,two_strike,1,positive,126935,0.7768385394099342,0.7634096405711878,-0.013428898838746428,-0.017286602244202073
split,overall,all,foul,257505,0.49363313333721676,0.5021907316112085,0.008557598273991773,0.017335947885300886
split,overall,all,foul_tip,257505,0.02833731383856624,0.029188681055338013,0.0008513672167717729,0.030044033870743506
split,overall,all,in_play,257505,0.478029552824217,0.4686205874327658,-0.009408965391451196,-0.019682811106264596
split,count,0-0,foul,42665,0.4980428923004805,0.5094071453496801,0.011364253049199635,0.022817819960661793
split,count,0-0,foul_tip,42665,0.02859486698699168,0.029280322898427268,0.0006854559114355882,0.023971292181474892
split,count,0-0,in_play,42665,0.47336224071252786,0.4613125316639337,-0.012049709048594148,-0.025455577171631476
split,count,0-1,foul,33225,0.49577125658389765,0.5034415311652795,0.0076702745813818085,0.015471398310248336
split,count,0-1,foul_tip,33225,0.028081264108352145,0.03024642074893406,0.0021651566405819153,0.07710324692747496
split,count,0-1,in_play,33225,0.4761474793077502,0.466312047871288,-0.009835431436462205,-0.02065627114263317
split,count,0-2,foul,17701,0.5038133438788769,0.5115740324900545,0.007760688611177624,0.015403896513394834
split,count,0-2,foul_tip,17701,0.030506751031015196,0.032226569513725545,0.0017198184827103488,0.05637501289343683
split,count,0-2,in_play,17701,0.4656799050901079,0.45619939818294747,-0.009480506907160458,-0.020358419600102783
split,count,1-0,foul,22242,0.4890747234960885,0.5016234072869753,0.012548683790886805,0.025658009273478978
split,count,1-0,foul_tip,22242,0.028369750921679704,0.028200314277557762,-0.0001694366441219418,-0.005972440314675483
split,count,1-0,in_play,22242,0.4825555255822318,0.4701762783824567,-0.012379247199775123,-0.0256535187009595
split,count,1-1,foul,29428,0.49198042680440396,0.49867779777806964,0.006697370973665684,0.013613084197612499
split,count,1-1,foul_tip,29428,0.028068506184586107,0.02908251503909006,0.001014008854503954,0.03612621376554765
split,count,1-1,in_play,29428,0.4799510670110099,0.47223968746600625,-0.0077113795450036715,-0.016067011983175308
split,count,1-2,foul,30046,0.502462890234973,0.506005897533796,0.0035430072988229533,0.007051281532783629
split,count,1-2,foul_tip,30046,0.02865606070691606,0.031228904050115823,0.002572843343199762,0.08978356688708485
split,count,1-2,in_play,30046,0.4688810490581109,0.46276519869490224,-0.006115850363208664,-0.01304350085270922
split,count,2-0,foul,7485,0.4826987307949232,0.49178434336233234,0.00908561256740914,0.018822532540010355
split,count,2-0,foul_tip,7485,0.02618570474281897,0.026241931515673028,5.622677285405803e-05,0.002147231606186859
split,count,2-0,in_play,7485,0.49111556446225785,0.4819737255389123,-0.009141838923345524,-0.018614435348542232
split,count,2-1,foul,16738,0.48404827338989126,0.4947129963104949,0.010664722920603664,0.022032354016917322
split,count,2-1,foul_tip,16738,0.025570558011709883,0.02780742730237398,0.002236869290664096,0.08747831352134494
split,count,2-1,in_play,16738,0.49038116859839886,0.4774795763326653,-0.012901592265733564,-0.02630931424754488
split,count,2-2,foul,29941,0.49453926054573993,0.5016078289543108,0.007068568408570841,0.014293240137841532
split,count,2-2,foul_tip,29941,0.029257539828329047,0.029261354690884134,3.8148625550876725e-06,0.00013038904082406393
split,count,2-2,in_play,29941,0.476203199625931,0.4691308166973945,-0.007072382928536514,-0.014851607326645515
split,count,3-0,foul,490,0.44693877551020406,0.49892812127969705,0.05198934576949299,0.11632319373082907
split,count,3-0,foul_tip,490,0.022448979591836733,0.020444356340781917,-0.0020046232510548163,-0.08929685391062364
split,count,3-0,in_play,490,0.5306122448979592,0.48062752164444145,-0.04998472325351777,-0.09420197843932195
split,count,3-1,foul,6624,0.4835446859903382,0.4921467677208681,0.008602081730529898,0.017789631402756804
split,count,3-1,foul_tip,6624,0.027777777777777776,0.02653762347092751,-0.0012401543068502677,-0.044645555046609636
split,count,3-1,in_play,6624,0.48867753623188404,0.4813156086228257,-0.00736192760905835,-0.01506500107581171
split,count,3-2,foul,20920,0.48169216061185466,0.4914098227578242,0.00971766214596953,0.02017400933746974
split,count,3-2,foul_tip,20920,0.028250478011472277,0.026121054477339707,-0.00212942353413257,-0.07537654878858437
split,count,3-2,in_play,20920,0.49005736137667305,0.4824691230869259,-0.00758823828974714,-0.015484387926405595
split,handedness,LvL,foul,20393,0.4831069484627078,0.48873272217773256,0.005625773715024762,0.011644986131800646
split,handedness,LvL,foul_tip,20393,0.02849016819496886,0.02873443539191527,0.00024426719694640997,0.008573736570272184
split,handedness,LvL,in_play,20393,0.48840288334232335,0.4825328425143256,-0.005870040827997747,-0.012018849659172494
split,handedness,LvR,foul,93572,0.5051083657504382,0.5125716948408062,0.007463329090368065,0.01477569883302134
split,handedness,LvR,foul_tip,93572,0.02835249861069551,0.029786235274111086,0.0014337366634155774,0.0505682650090925
split,handedness,LvR,in_play,93572,0.46653913563886634,0.45764207002241303,-0.008897065616453315,-0.019070352167283693
split,handedness,RvL,foul,49437,0.4986953091813824,0.5060402440394698,0.007344934858087404,0.014728301475592885
split,handedness,RvL,foul_tip,49437,0.029087525537552845,0.02840821076688716,-0.0006793147706656844,-0.023354161555910597
split,handedness,RvL,in_play,49437,0.4722171652810648,0.4655515452129361,-0.006665620068128653,-0.014115581893684994
split,handedness,RvR,foul,94103,0.48184436202884073,0.49276248117435745,0.010918119145516714,0.0226590160763637
split,handedness,RvR,foul_tip,94103,0.027894966154107734,0.02910295794454761,0.0012079917904398753,0.04330501007838613
split,handedness,RvR,in_play,94103,0.4902606718170515,0.478134560987966,-0.012126110829085546,-0.02473400687871328
split,two_strike,0,foul,158897,0.49223081618910364,0.5019532508374774,0.009722434648373801,0.01975177971108308
split,two_strike,0,foul_tip,158897,0.027873402266877286,0.028854657272553104,0.0009812550056758178,0.03520399111241147
split,two_strike,0,in_play,158897,0.4798957815440191,0.4691920918704305,-0.01070368967358859,-0.022304196213499702
split,two_strike,1,foul,98608,0.49589282816809993,0.502573408295692,0.0066805801275920396,0.013471822434438247
split,two_strike,1,foul_tip,98608,0.029084861268862568,0.029726927211970067,0.000642065943107499,0.022075606177804834
split,two_strike,1,in_play,98608,0.4750223105630375,0.4676996647831673,-0.007322645779870185,-0.015415372324703554
ev,overall,all,bin_0,122693,0.04133080126820601,0.041537639079113634,0.0002068378109076202,0.005004447157106812
ev,overall,all,bin_1,122693,0.039659964301141874,0.0411031995894121,0.0014432352882702282,0.03639023165304955
ev,overall,all,bin_2,122693,0.04105368684440025,0.04154751283577085,0.0004938259913706,0.0120287854594467
ev,overall,all,bin_3,122693,0.04117594320784397,0.04160859508594054,0.00043265187809656686,0.010507394473337702
ev,overall,all,bin_4,122693,0.039741468543437686,0.04143253226520187,0.0016910637217641827,0.04255161632781232
ev,overall,all,bin_5,122693,0.04032014866373795,0.04149630928872352,0.0011761606249855727,0.029170542866657545
ev,overall,all,bin_6,122693,0.03879601933280627,0.040318018324229515,0.0015219989914232457,0.039230802994683255
ev,overall,all,bin_7,122693,0.04144490720742015,0.04245722801683495,0.0010123208094148031,0.024425698538747383
ev,overall,all,bin_8,122693,0.0378750213948636,0.03991283234746333,0.0020378109525997293,0.05380355911498141
ev,overall,all,bin_9,122693,0.03953770793769816,0.04030094994013809,0.0007632420024399275,0.019304153989973618
ev,overall,all,bin_10,122693,0.04054021011793664,0.042164999344175745,0.0016247892262391053,0.0400784609036901
ev,overall,all,bin_11,122693,0.03401987073427172,0.038010093903587186,0.0039902231693154655,0.11729095623210886
ev,overall,all,bin_12,122693,0.042504462357265696,0.042699515971578,0.000195053614312303,0.004589014976187803
ev,overall,all,bin_13,122693,0.04121669532899187,0.04180814841506584,0.0005914530860739661,0.014349842493508628
ev,overall,all,bin_14,122693,0.038624860423985066,0.04054552380495867,0.001920663380973603,0.04972609246714376
ev,overall,all,bin_15,122693,0.040866227087119886,0.0411799715034014,0.00031374441628151395,0.007677352147352969
ev,overall,all,bin_16,122693,0.04160791569201177,0.04168310490083296,7.518920882119279e-05,0.001807089049539394
ev,overall,all,bin_17,122693,0.04114334151092564,0.04238370337616986,0.0012403618652442189,0.030147329305152328
ev,overall,all,bin_18,122693,0.0428060280537602,0.04185009470985218,-0.0009559333439080192,-0.02233174595660826
ev,overall,all,bin_19,122693,0.04223549835768952,0.040852469142603286,-0.0013830292150862344,-0.03274565871991034
ev,overall,all,bin_20,122693,0.04671008125972957,0.043442031237349285,-0.0032680500223802866,-0.06996455442259719
ev,overall,all,bin_21,122693,0.045626074837195274,0.04323009545909605,-0.002395979378099225,-0.052513379392127225
ev,overall,all,bin_22,122693,0.04742731859193271,0.04263433966802995,-0.004792978923902756,-0.10105945404887454
ev,overall,all,bin_23,122693,0.05373574694562852,0.045801091782132354,-0.007934655163496167,-0.1476606470460845
ev,overall,all,expected_bin_index,122693,11.876643329285288,11.609358120952546,-0.2672852083327424,-0.022505113685924512
ev,count,0-0,bin_0,20140,0.037140019860973185,0.03848192339784201,0.0013419035368688256,0.036130932129061696
ev,count,0-0,bin_1,20140,0.033565044687189675,0.036643014728452813,0.003077970041263138,0.09170165182106449
ev,count,0-0,bin_2,20140,0.03639523336643496,0.03757324604393383,0.0011780126774988756,0.032367224181210574
ev,count,0-0,bin_3,20140,0.038282025819265146,0.03924309989856995,0.000961074079304805,0.0251050998147844
ev,count,0-0,bin_4,20140,0.0374875868917577,0.03965576344870018,0.002168176556942479,0.05783718656532652
ev,count,0-0,bin_5,20140,0.03838133068520357,0.03958311805435916,0.0012017873691555839,0.03131176923000448
ev,count,0-0,bin_6,20140,0.035650446871896724,0.038172893935979585,0.002522447064082861,0.07075499146327134
ev,count,0-0,bin_7,20140,0.0387785501489573,0.04040626551734668,0.0016277153683893833,0.041974631906993826
ev,count,0-0,bin_8,20140,0.03574975173783516,0.037890124170467665,0.0021403724326325077,0.05987097332391486
ev,count,0-0,bin_9,20140,0.03798411122144985,0.03838745120245107,0.0004033399810012203,0.010618649957339316
ev,count,0-0,bin_10,20140,0.040615690168818275,0.041051144554671536,0.00043545438585326085,0.010721334145580285
ev,count,0-0,bin_11,20140,0.03187686196623635,0.036178401293144716,0.0043015393269083685,0.13494237078494475
ev,count,0-0,bin_12,20140,0.041459781529294935,0.04167137187970927,0.00021159035041433405,0.0051035085716702846
ev,count,0-0,bin_13,20140,0.04031777557100298,0.041199297881118875,0.0008815223101158939,0.02186435877553461
ev,count,0-0,bin_14,20140,0.03838133068520357,0.04079026447384408,0.002408933788640509,0.06276316494595065
ev,count,0-0,bin_15,20140,0.040119165839126114,0.0411466600248988,0.0010274941857726858,0.025611055571116204
ev,count,0-0,bin_16,20140,0.04205561072492552,0.042225767031944014,0.00017015630701849166,0.0040459834986451264
ev,count,0-0,bin_17,20140,0.04066534260178749,0.04353876292108055,0.002873420319293059,0.07066017732669377
ev,count,0-0,bin_18,20140,0.044687189672293945,0.04352447949677822,-0.0011627101755157243,-0.026018869927651872
ev,count,0-0,bin_19,20140,0.045531281032770606,0.04343988137550934,-0.002091399657261267,-0.04593324874290285
ev,count,0-0,bin_20,20140,0.053028798411122145,0.04747702181990027,-0.005551776591221878,-0.10469361474457736
ev,count,0-0,bin_21,20140,0.05074478649453823,0.04876919426346828,-0.001975592231069953,-0.0389319251797934
ev,count,0-0,bin_22,20140,0.05764647467725918,0.049011723199408316,-0.008634751477850866,-0.14978802305246894
ev,count,0-0,bin_23,20140,0.0634558093346574,0.05393912951839325,-0.009516679816264154,-0.14997334233142415
ev,count,0-1,bin_0,15763,0.04865825033305843,0.0467766936504767,-0.0018815566825817268,-0.038668810935509466
ev,count,0-1,bin_1,15763,0.04688193871724926,0.04595564427958954,-0.0009262944376597151,-0.019758023302882392
ev,count,0-1,bin_2,15763,0.044154031592970884,0.04650363840451462,0.002349606811543739,0.05321386806086775
ev,count,0-1,bin_3,15763,0.04269491847998477,0.045984791446035705,0.003289872966050933,0.07705537528062535
ev,count,0-1,bin_4,15763,0.04390027279071243,0.04483839512984576,0.0009381223391333321,0.021369396577686002
ev,count,0-1,bin_5,15763,0.041045486265304826,0.04382730003348618,0.002781813768181353,0.06777392647270891
ev,count,0-1,bin_6,15763,0.04060140836135254,0.04184258269098641,0.0012411743296338734,0.03056973587190429
ev,count,0-1,bin_7,15763,0.043456194886760134,0.04363217735388469,0.00017598246712455246,0.004049652013553753
ev,count,0-1,bin_8,15763,0.03895197614667259,0.04070792856685015,0.0017559524201775575,0.045079931594884104
ev,count,0-1,bin_9,15763,0.0371122248302988,0.040544080078966795,0.0034318552486679935,0.09247236629872407
ev,count,0-1,bin_10,15763,0.03781006153650955,0.04183395804372305,0.004023896507213499,0.10642396081074897
ev,count,0-1,bin_11,15763,0.034764955909408105,0.03760598065916838,0.0028410247497602722,0.08172093636947295
ev,count,0-1,bin_12,15763,0.042187400875467865,0.0420452080827006,-0.00014219279276726782,-0.003370503747955553
ev,count,0-1,bin_13,15763,0.04085516716361099,0.041182948805548195,0.000327781641937204,0.008023015561888426
ev,count,0-1,bin_14,15763,0.03933261435006027,0.03956470016433406,0.00023208581427379416,0.0059005946619319636
ev,count,0-1,bin_15,15763,0.038698217344414136,0.04009582306972029,0.0013976057253061516,0.036115506636066996
ev,count,0-1,bin_16,15763,0.04180676267208019,0.040441354103620784,-0.001365408568459403,-0.03265999281430284
ev,count,0-1,bin_17,15763,0.041553003869821734,0.04114893588774774,-0.0004040679820739926,-0.009724158170125717
ev,count,0-1,bin_18,15763,0.04015733045740024,0.04034401163200829,0.00018668117460805128,0.0046487446371985975
ev,count,0-1,bin_19,15763,0.042314280276597095,0.039012136033157174,-0.003302144243439921,-0.07803853029886577
ev,count,0-1,bin_20,15763,0.04428091099410011,0.041054614074175835,-0.003226296919924272,-0.07285976840797465
ev,count,0-1,bin_21,15763,0.04237771997716171,0.04002524842578438,-0.0023524715513773276,-0.055511989617306606
ev,count,0-1,bin_22,15763,0.041172365666434056,0.03804799447804327,-0.003124371188390783,-0.0758851510671863
ev,count,0-1,bin_23,15763,0.04523250650256931,0.03698385488138192,-0.008248651621187389,-0.18236114376546536
ev,count,0-2,bin_0,8219,0.051344445796325584,0.051986562211742623,0.0006421164154170392,0.012506054071830914
ev,count,0-2,bin_1,8219,0.05012775276797664,0.055235613354677,0.005107860586700361,0.10189685961672394
ev,count,0-2,bin_2,8219,0.05085776858498601,0.053101064274941365,0.002243295689955356,0.04410920400895472
ev,count,0-2,bin_3,8219,0.05012775276797664,0.049966008732885606,-0.00016174403509103263,-0.0032266364670223233
ev,count,0-2,bin_4,8219,0.04574765786592043,0.04811332841999357,0.002365670554073142,0.05171129330831689
ev,count,0-2,bin_5,8219,0.04805937461978343,0.047488228331814826,-0.0005711462879686019,-0.011884180609655542
ev,count,0-2,bin_6,8219,0.04550431926025064,0.045808033621481885,0.0003037143612312429,0.006674407312726164
ev,count,0-2,bin_7,8219,0.04672101228859959,0.047505545957522,0.0007845336689224144,0.01679188079394095
ev,count,0-2,bin_8,8219,0.03820416109015695,0.04427707419239127,0.0060729131022343175,0.1589594674753626
ev,count,0-2,bin_9,8219,0.04745102810560895,0.044519307695282506,-0.002931720410326445,-0.0617841283396745
ev,count,0-2,bin_10,8219,0.042827594597882955,0.04466426722312988,0.0018366726252469281,0.042885262235524156
ev,count,0-2,bin_11,8219,0.036622460153303324,0.041655548912184245,0.0050330887588809214,0.1374317492001405
ev,count,0-2,bin_12,8219,0.0463560043800949,0.04449628246251733,-0.0018597219175775712,-0.0401182531248558
ev,count,0-2,bin_13,8219,0.040759216449689745,0.04272470221023391,0.0019654857605441653,0.04822187303257461
ev,count,0-2,bin_14,8219,0.04027253923835016,0.04045105064472907,0.00017851140637890894,0.004432583833922214
ev,count,0-2,bin_15,8219,0.04051587784401996,0.040586541566060494,7.066372204053706e-05,0.0017440994938473695
ev,count,0-2,bin_16,8219,0.041367562963864214,0.039782828727339035,-0.0015847342365251788,-0.038308619676471894
ev,count,0-2,bin_17,8219,0.040029200632680374,0.03890562856147578,-0.001123572071204594,-0.02806881110404425
ev,count,0-2,bin_18,8219,0.03552743642778927,0.03626803409589553,0.0007405976681062604,0.02084579532248409
ev,count,0-2,bin_19,8219,0.03577077503345906,0.033246988765564096,-0.0025237862678949632,-0.07055441950962144
ev,count,0-2,bin_20,8219,0.03394573549093564,0.03316540601157735,-0.0007803294793582854,-0.022987555522744618
ev,count,0-2,bin_21,8219,0.03394573549093564,0.02947343617618825,-0.004472299314747387,-0.13174848769859776
ev,count,0-2,bin_22,8219,0.03309405037109137,0.025478770165049305,-0.007615280206042067,-0.23011025004948438
ev,count,0-2,bin_23,8219,0.02482053777831853,0.02109974826558348,-0.003720789512735051,-0.1499076912018107
ev,count,1-0,bin_0,10704,0.03484678624813154,0.03662922088269883,0.001782434634567287,0.05115061750243496
ev,count,1-0,bin_1,10704,0.03167040358744395,0.035529488445088575,0.0038590848576446277,0.12185145815996487
ev,count,1-0,bin_2,10704,0.03867713004484305,0.037154643914311405,-0.0015224861305316445,-0.03936398922997759
ev,count,1-0,bin_3,10704,0.038770553064275036,0.0387998528094613,2.9299745186263382e-05,0.0007557216204187066
ev,count,1-0,bin_4,10704,0.03886397608370702,0.039515104902881584,0.0006511288191745623,0.01675404538568393
ev,count,1-0,bin_5,10704,0.04017189835575486,0.03947045322648919,-0.0007014451292656695,-0.017461089915487737
ev,count,1-0,bin_6,10704,0.03764947683109118,0.03806465356204393,0.000415176730952746,0.011027423642973183
ev,count,1-0,bin_7,10704,0.037836322869955155,0.040345550741911075,0.00250922787195592,0.06631796331213868
ev,count,1-0,bin_8,10704,0.03643497757847534,0.03782319958227217,0.0013882220037968324,0.03810135468882383
ev,count,1-0,bin_9,10704,0.03867713004484305,0.03822510386342969,-0.00045202618141335776,-0.011687169675962757
ev,count,1-0,bin_10,10704,0.04017189835575486,0.04081321694816046,0.0006413185924055986,0.015964358635138436
ev,count,1-0,bin_11,10704,0.03484678624813154,0.035768156652224825,0.0009213704040932844,0.026440613419341865
ev,count,1-0,bin_12,10704,0.04101270553064275,0.041467763616033215,0.00045505808539046677,0.01109553928478259
ev,count,1-0,bin_13,10704,0.03998505231689088,0.04077844141055611,0.0007933890936652269,0.01984214219297334
ev,count,1-0,bin_14,10704,0.03652840059790732,0.03992373715381507,0.003395336555907749,0.09295059461492723
ev,count,1-0,bin_15,10704,0.040825859491778776,0.04061556828185602,-0.00021029120992275413,-0.0051509316041491076
ev,count,1-0,bin_16,10704,0.04241405082212257,0.04153857540903986,-0.0008754754130827144,-0.020641164805368668
ev,count,1-0,bin_17,10704,0.04204035874439462,0.042958764775166365,0.0009184060307717429,0.021845818118623857
ev,count,1-0,bin_18,10704,0.04568385650224215,0.043397979805442216,-0.0022858766967999364,-0.05003685922811149
ev,count,1-0,bin_19,10704,0.04727204783258595,0.043581080250358624,-0.0036909675822273252,-0.07807928260901441
ev,count,1-0,bin_20,10704,0.04596412556053812,0.04739221570408791,0.00142809014354979,0.031069668488936896
ev,count,1-0,bin_21,10704,0.046991778774289984,0.04937363324737657,0.0023818544730865865,0.05068662083482867
ev,count,1-0,bin_22,10704,0.05427877428998505,0.050935816164713175,-0.0033429581252718762,-0.061588681192616464
ev,count,1-0,bin_23,10704,0.06838565022421525,0.059897778196881545,-0.008487872027333705,-0.12411773521937156
ev,count,1-1,bin_0,14076,0.044828076157999434,0.041775536108797424,-0.00305254004920201,-0.06809437992482961
ev,count,1-1,bin_1,14076,0.0392156862745098,0.04115716761772267,0.0019414813432128697,0.04950777425192818
ev,count,1-1,bin_2,14076,0.041631145211707875,0.04228249812817698,0.0006513529164691029,0.015645808280237358
ev,count,1-1,bin_3,14076,0.04234157431088378,0.04252087953837058,0.00017930522748680483,0.004234732184738699
ev,count,1-1,bin_4,14076,0.03985507246376811,0.04212718966192256,0.0022721171981544483,0.057009486062784345
ev,count,1-1,bin_5,14076,0.04113384484228474,0.04175698848160179,0.0006231436393170503,0.015149170754795856
ev,count,1-1,bin_6,14076,0.03800795680591077,0.040301683289773016,0.002293726483862245,0.06034858689129899
ev,count,1-1,bin_7,14076,0.043478260869565216,0.04238627121281477,-0.0010919896567504472,-0.025115762105260286
ev,count,1-1,bin_8,14076,0.037368570616652455,0.03976504124712304,0.0023964706304705832,0.06413064751806831
ev,count,1-1,bin_9,14076,0.03751065643648764,0.03983929315843348,0.0023286367219458384,0.06207933806460155
ev,count,1-1,bin_10,14076,0.04106280193236715,0.04160910374863869,0.0005463018162715355,0.013304055996259747
ev,count,1-1,bin_11,14076,0.03346121057118499,0.03724877323942677,0.0037875626682417757,0.1131926371935695
ev,count,1-1,bin_12,14076,0.03900255754475703,0.04213033313537949,0.00312777559062246,0.08019411514317258
ev,count,1-1,bin_13,14076,0.04077863029269679,0.041508493761793774,0.0007298634690969877,0.017898185001758188
ev,count,1-1,bin_14,14076,0.03545041204887752,0.040056887003770386,0.0046064749548928655,0.12994136566146688
ev,count,1-1,bin_15,14076,0.043123046319977265,0.04080713917653375,-0.002315907143443513,-0.0537046275965583
ev,count,1-1,bin_16,14076,0.03900255754475703,0.04148842802160596,0.0024858704768489295,0.06373608894740534
ev,count,1-1,bin_17,14076,0.04056550156294402,0.04242592501126449,0.001860423448320471,0.045862207458071715
ev,count,1-1,bin_18,14076,0.04390451832907076,0.042146092845724896,-0.0017584254833458643,-0.04005112799931454
ev,count,1-1,bin_19,14076,0.04092071611253197,0.04123252400327089,0.0003118078907389174,0.007619805329932294
ev,count,1-1,bin_20,14076,0.048735436203466896,0.04377854478767652,-0.004956891415790379,-0.10171020928376877
ev,count,1-1,bin_21,14076,0.04759874964478545,0.043658563993826886,-0.003940185650958564,-0.08277918391476528
ev,count,1-1,bin_22,14076,0.045822676896845695,0.04281174483831943,-0.003010932058526268,-0.06570834055165233
ev,count,1-1,bin_23,14076,0.0552003410059676,0.04518489787505618,-0.01001544313091142,-0.18143806629434897
ev,count,1-2,bin_0,14035,0.051442821517634484,0.05047904880628478,-0.000963772711349703,-0.018734833800267428
ev,count,1-2,bin_1,14035,0.049234057712860706,0.051128011773810544,0.0018939540609498387,0.03846837227992907
ev,count,1-2,bin_2,14035,0.04909155682223014,0.04960347744796324,0.0005119206257331033,0.01042787515553571
ev,count,1-2,bin_3,14035,0.04738154613466334,0.04727339867250625,-0.00010814746215708632,-0.0022824806486837694
ev,count,1-2,bin_4,14035,0.04353402208763805,0.04588907477241852,0.0023550526847804718,0.05409683212912262
ev,count,1-2,bin_5,14035,0.04068400427502672,0.04564051428433351,0.004956510009306789,0.12182945355625355
ev,count,1-2,bin_6,14035,0.0424652654079088,0.04429913153822956,0.0018338661303207576,0.04318508580377824
ev,count,1-2,bin_7,14035,0.04488778054862843,0.046121258183779684,0.0012334776351512547,0.027479140649758507
ev,count,1-2,bin_8,14035,0.03925899536872105,0.043305439858204425,0.004046444489483374,0.10307050528112369
ev,count,1-2,bin_9,14035,0.04339152119700748,0.04354685461820952,0.00015533342120203908,0.0035798104541389466
ev,count,1-2,bin_10,14035,0.042607766298539365,0.04414155274865041,0.001533786450111048,0.03599781409248923
ev,count,1-2,bin_11,14035,0.03747773423583897,0.04113610086731243,0.00365836663147346,0.09761440241963881
ev,count,1-2,bin_12,14035,0.045030281439258996,0.044292629326209934,-0.0007376521130490615,-0.016381245896587942
ev,count,1-2,bin_13,14035,0.042251514071962946,0.04281361135791201,0.0005620972859490606,0.013303601025792691
ev,count,1-2,bin_14,14035,0.037691485571784825,0.040772933195624556,0.003081447623839731,0.08175447523741139
ev,count,1-2,bin_15,14035,0.038332739579622375,0.04109573035112372,0.002762990771501342,0.07207913657624783
ev,count,1-2,bin_16,14035,0.04061275382971143,0.040687003999871005,7.425017015957186e-05,0.0018282476108589319
ev,count,1-2,bin_17,14035,0.040755254720342,0.04012326442989756,-0.0006319902904444383,-0.015506964556621839
ev,count,1-2,bin_18,14035,0.04111150694691842,0.037979924279833266,-0.003131582667085152,-0.07617289901653398
ev,count,1-2,bin_19,14035,0.03954399714998219,0.035340680668102094,-0.004203316481880097,-0.10629467896069758
ev,count,1-2,bin_20,14035,0.038403990024937655,0.035827903556481015,-0.00257608646845664,-0.06707861518513718
ev,count,1-2,bin_21,14035,0.03583897399358746,0.032781324081435595,-0.0030576499121518635,-0.08531633502395906
ev,count,1-2,bin_22,14035,0.03519771998574991,0.029477365134177067,-0.00572035485157284,-0.1625206079794025
ev,count,1-2,bin_23,14035,0.03377271107944425,0.02624376627921895,-0.0075289448002252984,-0.22292983179570056
ev,count,2-0,bin_0,3667,0.02508862830651759,0.02766392724806931,0.0025752989415517187,0.10264805672467557
ev,count,2-0,bin_1,3667,0.024543223343332424,0.027358814401412142,0.0028155910580797174,0.11471969344420359
ev,count,2-0,bin_2,3667,0.032178892827924736,0.029684872344931938,-0.002494020482992798,-0.07750485687402195
ev,count,2-0,bin_3,3667,0.03136078538314699,0.0321262383819305,0.000765452998783514,0.024407966491644745
ev,count,2-0,bin_4,3667,0.030815380419961822,0.03409177996427733,0.003276399544315505,0.10632351441597307
ev,count,2-0,bin_5,3667,0.03136078538314699,0.03511433295933781,0.00375354757619082,0.11968920836427598
ev,count,2-0,bin_6,3667,0.039814562312517045,0.03472828821494733,-0.005086274097569718,-0.12774908983416544
ev,count,2-0,bin_7,3667,0.031633487864739566,0.03745548633027051,0.005821998465530942,0.1840454170094997
ev,count,2-0,bin_8,3667,0.03681483501499864,0.03537914680811278,-0.00143568820688586,-0.038997545590003325
ev,count,2-0,bin_9,3667,0.039814562312517045,0.036514001881324296,-0.003300560431192749,-0.08289832261084802
ev,count,2-0,bin_10,3667,0.03817834742296155,0.040227196802328516,0.002048849379366967,0.05366521910099048
ev,count,2-0,bin_11,3667,0.029997272975184074,0.03480326623276418,0.004805993257580108,0.16021433886860234
ev,count,2-0,bin_12,3667,0.043905099536405784,0.04126998381218704,-0.002635115724218741,-0.06001844323422436
ev,count,2-0,bin_13,3667,0.0436323970548132,0.04055194089105741,-0.003080456163755789,-0.07060020470307798
ev,count,2-0,bin_14,3667,0.037087537496591216,0.04032381228774477,0.0032362747911535567,0.0872604386702948
ev,count,2-0,bin_15,3667,0.04226888464685029,0.041360722190718506,-0.0009081624561317822,-0.021485365978291905
ev,count,2-0,bin_16,3667,0.042541587128442866,0.0426167970231438,7.520989470093109e-05,0.001767914640181502
ev,count,2-0,bin_17,3667,0.0389964548677393,0.04434700306088892,0.005350548193149625,0.13720601555440332
ev,count,2-0,bin_18,3667,0.042541587128442866,0.04568013612429827,0.003138548995855403,0.07377602030642157
ev,count,2-0,bin_19,3667,0.04717752931551677,0.0470830891890765,-9.444012644026917e-05,-0.002001803142522931
ev,count,2-0,bin_20,3667,0.05154076902099809,0.052155731602860585,0.0006149625818624924,0.011931575596242113
ev,count,2-0,bin_21,3667,0.06135805835833106,0.05674334817988994,-0.004614710178441117,-0.07520952099708256
ev,count,2-0,bin_22,3667,0.0654485955822198,0.0618390079629565,-0.003609587619263298,-0.05515149083266047
ev,count,2-0,bin_23,3667,0.0919007362967003,0.08088107569178633,-0.011019660604913967,-0.11990829506890065
ev,count,2-1,bin_0,8180,0.034229828850855744,0.03435567896332123,0.0001258501124654851,0.0036766211427416724
ev,count,2-1,bin_1,8180,0.03227383863080684,0.033549335591424166,0.0012754969606173228,0.039521080067612506
ev,count,2-1,bin_2,8180,0.03557457212713937,0.035283529711958396,-0.00029104241518097124,-0.008181192289279535
ev,count,2-1,bin_3,8180,0.03202933985330073,0.03661803742262995,0.004588697569329218,0.14326544319508783
ev,count,2-1,bin_4,8180,0.03753056234718826,0.03739689591324781,-0.00013366643394045058,-0.0035615356014100518
ev,count,2-1,bin_5,8180,0.03863080684596577,0.03813514218387857,-0.0004956646620872043,-0.012830813088206744
ev,count,2-1,bin_6,8180,0.03374083129584352,0.03751917963746188,0.0037783483416183594,0.11198148345810935
ev,count,2-1,bin_7,8180,0.0382640586797066,0.04008287552930301,0.001818816849596408,0.04753329658050676
ev,count,2-1,bin_8,8180,0.038141809290953545,0.037946934641787465,-0.00019487464916607966,-0.0051092135582645245
ev,count,2-1,bin_9,8180,0.03667481662591687,0.03845275846077414,0.0017779418348572648,0.04847854736377475
ev,count,2-1,bin_10,8180,0.03924205378973105,0.04111214289465187,0.0018700891049208204,0.04765523015031873
ev,count,2-1,bin_11,8180,0.03337408312958435,0.03652171669014124,0.0031476335605568895,0.09431370888408556
ev,count,2-1,bin_12,8180,0.04327628361858191,0.04208541800170365,-0.001190865616878256,-0.027517742220520156
ev,count,2-1,bin_13,8180,0.040097799511002445,0.04162340862087309,0.0015256091098706445,0.03804720280104229
ev,count,2-1,bin_14,8180,0.03863080684596577,0.040536458623015734,0.0019056517770499604,0.04932984663376163
ev,count,2-1,bin_15,8180,0.04315403422982885,0.041619367313946706,-0.001534666915882145,-0.03556253646435112
ev,count,2-1,bin_16,8180,0.043765281173594135,0.042657194617020514,-0.0011080865565736217,-0.0253188492535537
ev,count,2-1,bin_17,8180,0.042298288508557456,0.0440698570095298,0.0017715685009723411,0.04188274664148483
ev,count,2-1,bin_18,8180,0.04352078239608802,0.04478503314373366,0.0012642507476456413,0.029049357066689176
ev,count,2-1,bin_19,8180,0.04486552567237164,0.04465440259115882,-0.00021112308121282175,-0.004705686115315754
ev,count,2-1,bin_20,8180,0.05097799511002445,0.048417618796550974,-0.0025603763134734794,-0.05022512768396417
ev,count,2-1,bin_21,8180,0.050733496332518335,0.05021781383443003,-0.0005156824980883032,-0.01016453695027065
ev,count,2-1,bin_22,8180,0.06075794621026895,0.051815966561332735,-0.008941979648936213,-0.14717383003681736
ev,count,2-1,bin_23,8180,0.06821515892420538,0.060543233341497533,-0.007671925582707843,-0.11246657933073506
ev,count,2-2,bin_0,14193,0.041922074261960124,0.04548726592580198,0.0035651916638418588,0.08504330299984453
ev,count,2-2,bin_1,14193,0.046079053054322555,0.04511087224534146,-0.0009681808089810964,-0.02101130003343838
ev,count,2-2,bin_2,14193,0.04621996758965687,0.04453792382729171,-0.0016820437623651652,-0.03639214499885486
ev,count,2-2,bin_3,14193,0.046501796660325515,0.04343577322972307,-0.0030660234306024436,-0.06593344022809164
ev,count,2-2,bin_4,14193,0.039949270767279645,0.04285767098888689,0.002908400221607245,0.07280233570594644
ev,count,2-2,bin_5,14193,0.04396533502430776,0.0432977944638652,-0.0006675405604425616,-0.015183338420450764
ev,count,2-2,bin_6,14193,0.039737898964278165,0.04248733137870918,0.0027494324144310134,0.0691891742163464
ev,count,2-2,bin_7,14193,0.04438807863031072,0.044438038334580314,4.995970426959623e-05,0.0011255207661879036
ev,count,2-2,bin_8,14193,0.04093567251461988,0.041938184382934195,0.0010025118683143139,0.02448993278310681
ev,count,2-2,bin_9,14193,0.04001972803494681,0.04234986624624093,0.0023301382112941235,0.05822473879031249
ev,count,2-2,bin_10,14193,0.04093567251461988,0.043513388695537975,0.0025777161809180937,0.06296992384814201
ev,count,2-2,bin_11,14193,0.03424223208623969,0.04024219074807154,0.005999958661831846,0.17522101499460782
ev,count,2-2,bin_12,14193,0.0445994504333122,0.04399038714922571,-0.0006090632840864904,-0.01365629572044164
ev,count,2-2,bin_13,14193,0.04262664693863172,0.04273042527257704,0.0001037783339453216,0.002434588254026363
ev,count,2-2,bin_14,14193,0.03896286901993941,0.041067157247967494,0.0021042882280280853,0.05400752770416386
ev,count,2-2,bin_15,14193,0.04142887338829,0.04168619721262865,0.0002573238243386497,0.006211219453806896
ev,count,2-2,bin_16,14193,0.041922074261960124,0.04183054513698564,-9.152912497448207e-05,-0.0021833157491812165
ev,count,2-2,bin_17,14193,0.04164024519129148,0.04184895659401468,0.00020871140272319538,0.005012252011591053
ev,count,2-2,bin_18,14193,0.04135841612062284,0.04052701005231782,-0.0008314060683050212,-0.020102463930925324
ev,count,2-2,bin_19,14193,0.038187839075600645,0.03855359631374661,0.00036575723814596256,0.009577845905914479
ev,count,2-2,bin_20,14193,0.04502219403931516,0.039978866803934136,-0.0050433272353810205,-0.11201869084782914
ev,count,2-2,bin_21,14193,0.04199253152962728,0.03791476936117454,-0.0040777621684527365,-0.09710684304840553
ev,count,2-2,bin_22,14193,0.03783555273726485,0.0356860853468552,-0.002149467390409651,-0.05681078337445843
ev,count,2-2,bin_23,14193,0.039526527161276685,0.03448970279446993,-0.005036824366806754,-0.12742896299124468
ev,count,3-0,bin_0,259,0.023166023166023165,0.01925879972087917,-0.003907223445143996,-0.16866181204871583
ev,count,3-0,bin_1,259,0.02702702702702703,0.017671453490993548,-0.00935557353603348,-0.34615622083323877
ev,count,3-0,bin_2,259,0.019305019305019305,0.01835380057565163,-0.0009512187293676741,-0.04927313018124552
ev,count,3-0,bin_3,259,0.015444015444015444,0.021322924920634645,0.005878909476619201,0.3806593886110932
ev,count,3-0,bin_4,259,0.015444015444015444,0.023695344815541305,0.00825132937152586,0.5342735768062995
ev,count,3-0,bin_5,259,0.02702702702702703,0.02708623860513209,5.9211578105060336e-05,0.0021908283898872324
ev,count,3-0,bin_6,259,0.019305019305019305,0.027112010618290616,0.007806991313271311,0.4044021500274539
ev,count,3-0,bin_7,259,0.03088803088803089,0.029949818507671127,-0.0009382123803597618,-0.030374625814147287
ev,count,3-0,bin_8,259,0.03861003861003861,0.02856631503300202,-0.01004372357703659,-0.26013244064524765
ev,count,3-0,bin_9,259,0.023166023166023165,0.03175698926233647,0.008590966096313307,0.3708433698241911
ev,count,3-0,bin_10,259,0.03861003861003861,0.03541687620681455,-0.0031931624032240577,-0.0827029062435031
ev,count,3-0,bin_11,259,0.03474903474903475,0.03126774522256552,-0.003481289526469228,-0.10018377637283667
ev,count,3-0,bin_12,259,0.02702702702702703,0.03637066632365398,0.009343639296626953,0.34571465397519724
ev,count,3-0,bin_13,259,0.03088803088803089,0.03768414885352247,0.00679611796549158,0.2200243191327899
ev,count,3-0,bin_14,259,0.04247104247104247,0.040814892536309696,-0.001656149934732773,-0.03899480300870802
ev,count,3-0,bin_15,259,0.015444015444015444,0.039287816391517065,0.02384380094750162,1.5438861113507298
ev,count,3-0,bin_16,259,0.05019305019305019,0.04346575264182503,-0.006727297551225163,-0.13402846659748593
ev,count,3-0,bin_17,259,0.03861003861003861,0.04523861160480263,0.00662857299476402,0.17168004056438813
ev,count,3-0,bin_18,259,0.04247104247104247,0.04512949177858682,0.0026584493075443513,0.06259439733218064
ev,count,3-0,bin_19,259,0.06177606177606178,0.050897676970550795,-0.010878384805510982,-0.17609385403920902
ev,count,3-0,bin_20,259,0.07722007722007722,0.06099925286219272,-0.0162208243578845,-0.2100596754346043
ev,count,3-0,bin_21,259,0.06563706563706563,0.07078903516067703,0.005151969523611397,0.07849177097737364
ev,count,3-0,bin_22,259,0.07335907335907337,0.08497367396907572,0.011614600610002357,0.15832534515740054
ev,count,3-0,bin_23,259,0.16216216216216217,0.13289066569625246,-0.029271496465909708,-0.1805075615397765
ev,count,3-1,bin_0,3232,0.019492574257425743,0.024609309659840303,0.005116735402414561,0.262496647946093
ev,count,3-1,bin_1,3232,0.026918316831683168,0.02460652099358809,-0.002311795838095078,-0.0858818867669344
ev,count,3-1,bin_2,3232,0.021967821782178217,0.026995147986340135,0.005027326204161919,0.22884955340635665
ev,count,3-1,bin_3,3232,0.03155940594059406,0.029336950162693335,-0.0022224557779007247,-0.07042134386446218
ev,count,3-1,bin_4,3232,0.0297029702970297,0.03148169140295427,0.0017787211059245717,0.059883610566127246
ev,count,3-1,bin_5,3232,0.03403465346534654,0.03311994619377068,-0.0009147072715758597,-0.026875762743028896
ev,count,3-1,bin_6,3232,0.03743811881188119,0.03327754789391085,-0.004160570917970334,-0.11113194385851338
ev,count,3-1,bin_7,3232,0.03620049504950495,0.03634311100638052,0.00014261595687557055,0.0039396134412123425
ev,count,3-1,bin_8,3232,0.03403465346534654,0.03476478747973371,0.0007301340143871723,0.021452664859084918
ev,count,3-1,bin_9,3232,0.040222772277227724,0.035989524157581526,-0.004233248119646198,-0.10524506094381932
ev,count,3-1,bin_10,3232,0.034962871287128716,0.04029095184563234,0.005328080558503624,0.15239253420428064
ev,count,3-1,bin_11,3232,0.0297029702970297,0.035173827027230604,0.005470856730200903,0.18418550991676375
ev,count,3-1,bin_12,3232,0.03650990099009901,0.041423622993371996,0.004913722003272988,0.13458601283540933
ev,count,3-1,bin_13,3232,0.04238861386138614,0.04091167010389681,-0.0014769437574893296,-0.03484293594310593
ev,count,3-1,bin_14,3232,0.043007425742574254,0.040676196243652214,-0.0023312294989220397,-0.05420527870874844
ev,count,3-1,bin_15,3232,0.04393564356435643,0.04214367785958656,-0.001791965704769874,-0.04078614899870586
ev,count,3-1,bin_16,3232,0.04672029702970297,0.043408681627859026,-0.003311615401843944,-0.07088172833615647
ev,count,3-1,bin_17,3232,0.0411509900990099,0.04526679999301873,0.00411580989400883,0.10001727501831985
ev,count,3-1,bin_18,3232,0.04641089108910891,0.04706152642713259,0.0006506353380236821,0.01401902274995027
ev,count,3-1,bin_19,3232,0.04207920792079208,0.04847349872144861,0.006394290800656531,0.15195844020383756
ev,count,3-1,bin_20,3232,0.05167079207920792,0.05379013081291404,0.002119338733706122,0.04101618435531848
ev,count,3-1,bin_21,3232,0.0671410891089109,0.05858779355024144,-0.008553295558669453,-0.12739286288303997
ev,count,3-1,bin_22,3232,0.0686881188118812,0.06487191807796609,-0.003816200733915101,-0.05555838185591714
ev,count,3-1,bin_23,3232,0.09405940594059406,0.0873951681170837,-0.0066642378235103605,-0.0708513705446891
ev,count,3-2,bin_0,10225,0.03638141809290953,0.03477249902263762,-0.0016089190702719136,-0.04422364917615677
ev,count,3-2,bin_1,10225,0.03471882640586797,0.034265478050984066,-0.00045334835488390623,-0.01305770965827589
ev,count,3-2,bin_2,10225,0.035207823960880194,0.03527925222892369,7.14282680434955e-05,0.0020287612242909487
ev,count,3-2,bin_3,10225,0.03687041564792176,0.03596212265682851,-0.0009082929910932541,-0.024634736960022607
ev,count,3-2,bin_4,10225,0.036968215158924206,0.03672296886876553,-0.00024524629015867244,-0.006633977028763031
ev,count,3-2,bin_5,10225,0.037163814180929094,0.03841810845250769,0.001254294271578596,0.03375041822866091
ev,count,3-2,bin_6,10225,0.03735941320293398,0.03848934573272794,0.0011299325297939589,0.030244921772626256
ev,count,3-2,bin_7,10225,0.03951100244498777,0.041099892645678086,0.0015888902006903141,0.04021386708430313
ev,count,3-2,bin_8,10225,0.03755501222493888,0.03919933632316186,0.001644324098222981,0.04378441120919265
ev,count,3-2,bin_9,10225,0.040097799511002445,0.04022942686550522,0.00013162735450277657,0.0032826578043680253
ev,count,3-2,bin_10,10225,0.04273838630806846,0.04275652774930977,1.8141441241306677e-05,0.0004244765141701619
ev,count,3-2,bin_11,10225,0.03315403422982885,0.038724633249870334,0.005570599020041485,0.1680217551030212
ev,count,3-2,bin_12,10225,0.04312958435207824,0.04395107017397228,0.0008214858218940427,0.019046921834164596
ev,count,3-2,bin_13,10225,0.04234718826405868,0.043050760511440696,0.0007035722473820172,0.01661437928286634
ev,count,3-2,bin_14,10225,0.04312958435207824,0.041977466303846425,-0.001152118048231815,-0.026712941140975756
ev,count,3-2,bin_15,10225,0.04293398533007335,0.043237951681383134,0.0003039663513097826,0.007079854082329219
ev,count,3-2,bin_16,10225,0.04039119804400978,0.043933195075275155,0.0035419970312653773,0.0876922993818123
ev,count,3-2,bin_17,10225,0.0419559902200489,0.044956069553720585,0.0030000793336716833,0.07150538738180177
ev,count,3-2,bin_18,10225,0.04723716381418093,0.045029881060214716,-0.0022072827539662138,-0.046727673207669844
ev,count,3-2,bin_19,10225,0.04234718826405868,0.044144097865332535,0.0017969096012738564,0.0424327960116055
ev,count,3-2,bin_20,10225,0.05251833740831296,0.04727414282420089,-0.005244194584112065,-0.09985454305874462
ev,count,3-2,bin_21,10225,0.04723716381418093,0.047028377598383915,-0.00020878621579701467,-0.004419956638767029
ev,count,3-2,bin_22,10225,0.049095354523227386,0.047368546473777313,-0.0017268080494500723,-0.03517253447336054
ev,count,3-2,bin_23,10225,0.059951100244498776,0.05212884881860571,-0.007822251425893066,-0.13047719548084274
ev,count,0-0,expected_bin_index,20140,12.481429990069513,12.09605254927842,-0.3853774407910926,-0.03087606476963833
ev,count,0-1,expected_bin_index,15763,11.390344477574066,11.113041019450757,-0.2773034581233098,-0.024345484780489302
ev,count,0-2,expected_bin_index,8219,10.499330818834409,10.183366449861527,-0.3159643689728817,-0.03009376258590533
ev,count,1-0,expected_bin_index,10704,12.41965620328849,12.22359780261358,-0.1960584006749091,-0.015786137511841637
ev,count,1-1,expected_bin_index,14076,11.83695652173913,11.590286913540462,-0.246669608198669,-0.020838938433680027
ev,count,1-2,expected_bin_index,14035,10.877164232276451,10.545454659994702,-0.33170957228174913,-0.030495960638108943
ev,count,2-0,expected_bin_index,3667,13.41396236705754,13.177767331858416,-0.236195035199124,-0.017608148042757277
ev,count,2-1,expected_bin_index,8180,12.682273838630806,12.402008909239434,-0.2802649293913717,-0.022098949522574688
ev,count,2-2,expected_bin_index,14193,11.309166490523497,11.113339572697175,-0.1958269178263219,-0.017315769291257214
ev,count,3-0,expected_bin_index,259,15.142857142857142,14.896762338415027,-0.24609480444211584,-0.01625154368957369
ev,count,3-1,expected_bin_index,3232,13.693378712871286,13.510199766575667,-0.18317894629561948,-0.01337719127883594
ev,count,3-2,expected_bin_index,10225,12.335158924205379,12.213460752404487,-0.12169817180089204,-0.009865958967264115
ev,handedness,LvL,bin_0,9926,0.056417489421720736,0.056399085025652385,-1.840439606835137e-05,-0.000326217920311528
ev,handedness,LvL,bin_1,9926,0.045839210155148094,0.052118900608672095,0.006279690453524001,0.13699386250918513
ev,handedness,LvL,bin_2,9926,0.047451138424340115,0.04903434369556941,0.0015832052712292932,0.03336495864590651
ev,handedness,LvL,bin_3,9926,0.04553697360467459,0.04842111707973997,0.0028841434750653816,0.06333630118030747
ev,handedness,LvL,bin_4,9926,0.045839210155148094,0.04714155702364471,0.0013023468684966177,0.028411197838895445
ev,handedness,LvL,bin_5,9926,0.04311908120088656,0.04585090091379475,0.0027318197129081873,0.0633552394166511
ev,handedness,LvL,bin_6,9926,0.038787023977433006,0.04340904298233859,0.004622019004905581,0.11916405361738389
ev,handedness,LvL,bin_7,9926,0.04211162603264155,0.04431119030164526,0.0021995642690037093,0.052231758215623966
ev,handedness,LvL,bin_8,9926,0.04251460809993955,0.0416400163758083,-0.000874591724131249,-0.020571557947219852
ev,handedness,LvL,bin_9,9926,0.04029820672980052,0.040866838226891855,0.0005686314970913334,0.014110590600321438
ev,handedness,LvL,bin_10,9926,0.04100342534757203,0.04193520883526962,0.0009317834876975892,0.022724528007091575
ev,handedness,LvL,bin_11,9926,0.03143260124924441,0.037863893042990183,0.006431291793745776,0.20460577674589928
ev,handedness,LvL,bin_12,9926,0.04221237154946605,0.041723219758104224,-0.0004891517913618235,-0.011587877520423532
ev,handedness,LvL,bin_13,9926,0.044025790852307074,0.04074305995861869,-0.0032827308936883848,-0.07456381430377781
ev,handedness,LvL,bin_14,9926,0.03687285915776748,0.038953011610588735,0.0020801524528212545,0.05641418919864418
ev,handedness,LvL,bin_15,9926,0.03989522466250252,0.039289225337967776,-0.0006059993245347423,-0.015189770947807706
ev,handedness,LvL,bin_16,9926,0.03747733225871449,0.038516413824088935,0.001039081565374446,0.02772560112340524
ev,handedness,LvL,bin_17,9926,0.036066895023171466,0.0388245068999801,0.0027576118768086327,0.07645825555643154
ev,handedness,LvL,bin_18,9926,0.03929075156155551,0.036936386859176204,-0.002354364702379305,-0.059921600091838424
ev,handedness,LvL,bin_19,9926,0.03979447914567802,0.03536476033337616,-0.004429718812301857,-0.11131490868584362
ev,handedness,LvL,bin_20,9926,0.039391497078380015,0.03641876203246047,-0.002972735045919543,-0.07546641449053039
ev,handedness,LvL,bin_21,9926,0.039492242595204514,0.03509980877704697,-0.004392433818157543,-0.11122269918120349
ev,handedness,LvL,bin_22,9926,0.038585532943784,0.03376945792433447,-0.004816075019449528,-0.12481556303669979
ev,handedness,LvL,bin_23,9926,0.0465444287729196,0.035369292460193984,-0.011175136312725618,-0.2400961104764383
ev,handedness,LvR,bin_0,43526,0.034898681247989706,0.03618640801028567,0.0012877267622959654,0.0368990092532549
ev,handedness,LvR,bin_1,43526,0.035886596517024305,0.03697372203155752,0.001087125514533216,0.030293357967716237
ev,handedness,LvR,bin_2,43526,0.03857464503974636,0.038267669888300125,-0.00030697515144623155,-0.007957951424567407
ev,handedness,LvR,bin_3,43526,0.0389652161926205,0.03938789850930584,0.0004226823166853383,0.010847683087291294
ev,handedness,LvR,bin_4,43526,0.03823002343426917,0.03997767942971103,0.0017476559954418616,0.04571422767884764
ev,handedness,LvR,bin_5,43526,0.03889629187152507,0.04073426047162676,0.0018379686001016929,0.04725305451153354
ev,handedness,LvR,bin_6,43526,0.03825299820796765,0.040119325935928166,0.0018663277279605123,0.048789057469795345
ev,handedness,LvR,bin_7,43526,0.041055920599182096,0.04267132434278491,0.0016154037436028126,0.039346426045918315
ev,handedness,LvR,bin_8,43526,0.03926388825070073,0.040935441722164505,0.001671553471463777,0.042572285780533854
ev,handedness,LvR,bin_9,43526,0.04034370261452925,0.04116969307841588,0.0008259904638866292,0.020473838799048644
ev,handedness,LvR,bin_10,43526,0.041446491752056246,0.043932059326012,0.002485567573955752,0.059970517862526634
ev,handedness,LvR,bin_11,43526,0.035702798327436475,0.038814711784579015,0.00311191345714254,0.08716161205636178
ev,handedness,LvR,bin_12,43526,0.04406561595368286,0.04459934663311195,0.0005337306794290925,0.012112180163102544
ev,handedness,LvR,bin_13,43526,0.043353397969030004,0.04412264551175752,0.0007692475427275164,0.017743650527163687
ev,handedness,LvR,bin_14,43526,0.03947066121398704,0.04263261551715053,0.003161954303163489,0.08010897729889059
ev,handedness,LvR,bin_15,43526,0.04169921426273951,0.04366036034504676,0.0019611460823072482,0.047030768252619995
ev,handedness,LvR,bin_16,43526,0.04395074208519046,0.04338418593074739,-0.0005665561544430722,-0.012890707359272955
ev,handedness,LvR,bin_17,43526,0.042181684510407574,0.04426962603406766,0.0020879415236600835,0.04949877056581089
ev,handedness,LvR,bin_18,43526,0.04328447364793457,0.04311680317016491,-0.00016767047776965888,-0.003873686420064847
ev,handedness,LvR,bin_19,43526,0.04406561595368286,0.04203234441071525,-0.0020332715429676046,-0.04614190676705316
ev,handedness,LvR,bin_20,43526,0.04767265542434407,0.043771812934259094,-0.003900842490084974,-0.08182557601129571
ev,handedness,LvR,bin_21,43526,0.046477967192023156,0.04300708697411834,-0.003470880217904815,-0.07467796953263717
ev,handedness,LvR,bin_22,43526,0.04879841933556955,0.042189651118252985,-0.0066087682173165616,-0.13542996489026396
ev,handedness,LvR,bin_23,43526,0.0534622983963608,0.04404332683257992,-0.009418971563780874,-0.17617969758707622
ev,handedness,RvL,bin_0,23277,0.04029728916956653,0.037150327648737186,-0.0031469615208293417,-0.07809362827328846
ev,handedness,RvL,bin_1,23277,0.03587232031619195,0.03773757517967063,0.0018652548634786811,0.051997050846938044
ev,handedness,RvL,bin_2,23277,0.039266228465867595,0.039216553282599674,-4.96751832679207e-05,-0.0012650866968571008
ev,handedness,RvL,bin_3,23277,0.04016840658160416,0.04017384258282868,5.436001224524978e-06,0.0001353302679179336
ev,handedness,RvL,bin_4,23277,0.040039523993641794,0.040458703536407674,0.00041917954276587954,0.010469144009615213
ev,handedness,RvL,bin_5,23277,0.04008248485629592,0.04075722635634067,0.0006747415000447551,0.01683382411204905
ev,handedness,RvL,bin_6,23277,0.03823516776216866,0.03988844550696993,0.0016532777448012709,0.04323971468060583
ev,handedness,RvL,bin_7,23277,0.04274605834085148,0.04225076759751126,-0.0004952907433402251,-0.01158681671631198
ev,handedness,RvL,bin_8,23277,0.03681745929458263,0.039496711180979104,0.0026792518863964707,0.0727712323916577
ev,handedness,RvL,bin_9,23277,0.03999656313098767,0.04031855068417399,0.00032198755318631894,0.008050380532242692
ev,handedness,RvL,bin_10,23277,0.040683936933453624,0.04201884126723462,0.0013349043337809938,0.03281158202473093
ev,handedness,RvL,bin_11,23277,0.034884220475147144,0.038050803213215474,0.00316658273806833,0.09077407191381343
ev,handedness,RvL,bin_12,23277,0.04412080594578339,0.04279345027676032,-0.0013273556690230684,-0.030084574399074943
ev,handedness,RvL,bin_13,23277,0.03935215019117584,0.04157899364410365,0.0022268434529278056,0.056587592853494025
ev,handedness,RvL,bin_14,23277,0.038922541564634615,0.04078575701488917,0.0018632154502545573,0.04786983006134143
ev,handedness,RvL,bin_15,23277,0.042789019203505606,0.041074209594810306,-0.0017148096086953002,-0.04007592696947842
ev,handedness,RvL,bin_16,23277,0.04171499763715256,0.04237008260494008,0.000655084967787524,0.015703823681967245
ev,handedness,RvL,bin_17,23277,0.04162907591184431,0.04296932116136276,0.0013402452495184514,0.0321949315511259
ev,handedness,RvL,bin_18,23277,0.045409631825407054,0.04291300340092867,-0.0024966284244783837,-0.05498015121720278
ev,handedness,RvL,bin_19,23277,0.04171499763715256,0.04172491784667165,9.920209519093115e-06,0.00023780918329138046
ev,handedness,RvL,bin_20,23277,0.04678437943033896,0.04514732945019925,-0.001637049980139707,-0.03499137960304129
ev,handedness,RvL,bin_21,23277,0.04626884907848949,0.04548452666956445,-0.0007843224089250436,-0.016951413846377196
ev,handedness,RvL,bin_22,23277,0.0480302444473085,0.04542106240956055,-0.002609182037747952,-0.05432373013654659
ev,handedness,RvL,bin_23,23277,0.05417364780684796,0.05021899790141489,-0.003954649905433073,-0.07299951296492121
ev,handedness,RvR,bin_0,45964,0.044687146462448875,0.0456174932954859,0.0009303468330370268,0.02081911481680326
ev,handedness,RvR,bin_1,45964,0.043816900182751715,0.04433919800668552,0.000522297823933808,0.011920008529937217
ev,handedness,RvR,bin_2,45964,0.04292489774606213,0.04421703477764745,0.0012921370315853165,0.030102273958331215
ev,handedness,RvR,bin_3,45964,0.04283787311809242,0.042966912027440046,0.00012903890934762297,0.0030122622799665525
ev,handedness,RvR,bin_4,45964,0.03970498651118266,0.0420705088574352,0.0023655223462525354,0.05957746253323372
ev,handedness,RvR,bin_5,45964,0.04118440518666783,0.041651841743678954,0.00046743655701112635,0.011349843585028744
ev,handedness,RvR,bin_6,45964,0.039596205726220524,0.04005620343875752,0.00045999771253699834,0.011617216955522302
ev,handedness,RvR,bin_7,45964,0.041010355930728395,0.04195867682151411,0.0009483208907857116,0.023123937094999707
ev,handedness,RvR,bin_8,45964,0.036093464450439476,0.03878220681625756,0.002688742365818085,0.07449388432939268
ev,handedness,RvR,bin_9,45964,0.03837786093464451,0.03934716842656398,0.000969307491919473,0.02525694419421012
ev,handedness,RvR,bin_10,45964,0.03950918109825081,0.0406153076154088,0.001106126517157989,0.027996695613793945
ev,handedness,RvR,bin_11,45964,0.03254721086067357,0.037259110552573735,0.004711899691900168,0.144771228234291
ev,handedness,RvR,bin_12,45964,0.04027064659298581,0.04106371791264677,0.0007930713196609568,0.01969353329924161
ev,handedness,RvR,bin_13,45964,0.03953093725524323,0.03996247142854985,0.00043153417330661636,0.01091636584582571
ev,handedness,RvR,bin_14,45964,0.038051518579758074,0.038791381731790565,0.0007398631520324911,0.019443722081201497
ev,handedness,RvR,bin_15,45964,0.039313375685318945,0.039293015661066376,-2.036002425256922e-05,-0.0005178905117571067
ev,handedness,RvR,bin_16,45964,0.04022713427900096,0.040408205908169244,0.00018107162916828484,0.004501231132012463
ev,handedness,RvR,bin_17,45964,0.041010355930728395,0.04106985970349265,5.950377276425778e-05,0.0014509450458017744
ev,handedness,RvR,bin_18,45964,0.04179357758245583,0.04117342135853487,-0.0006201562239209618,-0.01483855318912186
ev,handedness,RvR,bin_19,45964,0.041293185971629974,0.040478432031732806,-0.0008147539398971684,-0.019730953684633006
ev,handedness,RvR,bin_20,45964,0.047341397615525194,0.04378283415892968,-0.003558563456595512,-0.07516811154363792
ev,handedness,RvR,bin_21,45964,0.045818466626055175,0.04405533907664642,-0.0017631275494087578,-0.03848071922175885
ev,handedness,RvR,bin_22,45964,0.04773300844138891,0.04355858004638923,-0.00417442839499968,-0.08745370407828865
ev,handedness,RvR,bin_23,45964,0.05532590723174658,0.047481078652840875,-0.007844828578905706,-0.1417930400317821
ev,handedness,LvL,expected_bin_index,9926,11.068607696957486,10.620657482130683,-0.4479502148268022,-0.040470330785138744
ev,handedness,LvR,expected_bin_index,43526,12.118457933189358,11.800713316697902,-0.31774461649145636,-0.026219888557044463
ev,handedness,RvL,expected_bin_index,23277,11.992052240408988,11.882178413626677,-0.1098738267823105,-0.009162220492341956
ev,handedness,RvR,expected_bin_index,45964,11.76370637890523,11.503503067831794,-0.2602033110734361,-0.02211916063631397
ev,two_strike,0,bin_0,76021,0.03893660962102577,0.03892972966585276,-6.879955173011432e-06,-0.00017669630817821014
ev,two_strike,0,bin_1,76021,0.03622683205956249,0.037895957603382935,0.0016691255438204475,0.04607428938517583
ev,two_strike,0,bin_2,76021,0.038331513660699014,0.039095900240457636,0.0007643865797586219,0.01994146608779348
ev,two_strike,0,bin_3,76021,0.038647215900869496,0.0400775305128788,0.0014303146120093063,0.03700951229392766
ev,two_strike,0,bin_4,76021,0.03872614146091212,0.040254847864026944,0.001528706403114824,0.039474792619290766
ev,two_strike,0,bin_5,76021,0.03916023204114653,0.04016108119031606,0.001000849149169536,0.025557794144782427
ev,two_strike,0,bin_6,76021,0.037410715460201784,0.03883042617705,0.0014197107168482173,0.037949306752995196
ev,two_strike,0,bin_7,76021,0.039949487641572724,0.04104772702083046,0.0010982393792577372,0.027490699983718288
ev,two_strike,0,bin_8,76021,0.03705555044001,0.038532486459778754,0.0014769360197687542,0.03985734936416062
ev,two_strike,0,bin_9,76021,0.03780534326041488,0.038872714317867124,0.0010673710574522419,0.028233338607716384
ev,two_strike,0,bin_10,76021,0.03954170558135252,0.04119857588571945,0.0016568703043669322,0.04190184211852248
ev,two_strike,0,bin_11,76021,0.03317504373791452,0.03652600637802116,0.0033509626401066403,0.10100853721790123
ev,two_strike,0,bin_12,76021,0.04114652530221912,0.0418017976297366,0.0006552723275174768,0.015925338110679702
ev,two_strike,0,bin_13,76021,0.040659817681956305,0.04118410489854512,0.0005242872165888146,0.012894480262794652
ev,two_strike,0,bin_14,76021,0.03795004012049302,0.04022376571966881,0.0022737255991757896,0.059913654688021734
ev,two_strike,0,bin_15,76021,0.04098867418213389,0.04088836808350817,-0.0001003060986257201,-0.0024471662142573386
ev,two_strike,0,bin_16,76021,0.04192262664263822,0.04174228400541671,-0.00018034263722150473,-0.004301797183625984
ev,two_strike,0,bin_17,76021,0.04113337104221202,0.04293090447095386,0.0017975334287418376,0.043700124332070114
ev,two_strike,0,bin_18,76021,0.04358006340353324,0.04298743864486164,-0.0005926247586715977,-0.013598529060963939
ev,two_strike,0,bin_19,76021,0.044172005103852885,0.0426787854608386,-0.0014932196430142847,-0.033804660655625055
ev,two_strike,0,bin_20,76021,0.049157469646545035,0.04608994716267926,-0.003067522483865777,-0.062401960595654324
ev,two_strike,0,bin_21,76021,0.049157469646545035,0.04712793260100769,-0.0020295370455373427,-0.0412864425311197
ev,two_strike,0,bin_22,76021,0.05280119966851265,0.04757861917394662,-0.0052225804945660315,-0.09891026202725567
ev,two_strike,0,bin_23,76021,0.06236434669367675,0.05334306878848406,-0.009021277905192686,-0.14465441207143073
ev,two_strike,1,bin_0,46672,0.04523054508056222,0.04578549392796316,0.0005549488474009406,0.01226933804163747
ev,two_strike,1,bin_1,46672,0.04525197120329105,0.046327268474823546,0.0010752972715324938,0.023762440462577913
ev,two_strike,1,bin_2,46672,0.04548765855330819,0.045540785914025605,5.312736071741431e-05,0.0011679510972224026
ev,two_strike,1,bin_3,46672,0.04529482344874872,0.04410244707232909,-0.0011923763764196266,-0.02632478251667777
ev,two_strike,1,bin_4,46672,0.04139526911210147,0.04335078616179337,0.0019555170496919003,0.04724010959794015
ev,two_strike,1,bin_5,46672,0.04220946177579705,0.04367117591687386,0.0014617141410768128,0.03463001136666853
ev,two_strike,1,bin_6,46672,0.04105245114844018,0.042741060889809175,0.0016886097413689946,0.04113298217597793
ev,two_strike,1,bin_7,46672,0.04388069934864587,0.04475307296063974,0.000872373611993868,0.019880576767079005
ev,two_strike,1,bin_8,46672,0.039209804593760715,0.042161188422361974,0.002951383828601259,0.07527157707567102
ev,two_strike,1,bin_9,46672,0.042359444634898866,0.0426273105040878,0.0002678658691889352,0.006323639780873032
ev,two_strike,1,bin_10,46672,0.04216660953033939,0.04373914396483279,0.0015725344344934,0.037293357279815025
ev,two_strike,1,bin_11,46672,0.0353959547480288,0.040427428017853866,0.005031473269825067,0.14214825693055416
ev,two_strike,1,bin_12,46672,0.04471631813507028,0.04416175127465318,-0.0005545668604170981,-0.012401890038038717
ev,two_strike,1,bin_13,46672,0.04212375728488173,0.042824612508514194,0.0007008552236324669,0.01663800355919354
ev,two_strike,1,bin_14,46672,0.039724031539252656,0.04106961472460686,0.0013455831853542016,0.033873278547384734
ev,two_strike,1,bin_15,46672,0.04066678093932122,0.04165494544031654,0.0009881645009953213,0.024299058793705818
ev,two_strike,1,bin_16,46672,0.04109530339389784,0.04158671188768672,0.0004914084937888835,0.011957777488068182
ev,two_strike,1,bin_17,46672,0.041159581762084334,0.04149240292993711,0.0003328211678527773,0.008086116369612088
ev,two_strike,1,bin_18,46672,0.04154525197120329,0.03999754878760001,-0.0015477031836032829,-0.037253431142409706
ev,two_strike,1,bin_19,46672,0.03908124785738773,0.03787770069838478,-0.001203547159002949,-0.03079602686676844
ev,two_strike,1,bin_20,46672,0.042723688721288997,0.03912901237037317,-0.003594676350915829,-0.08413778066697271
ev,two_strike,1,bin_21,46672,0.039874014398354474,0.036881160822370286,-0.0029928535759841876,-0.07505774427637507
ev,two_strike,1,bin_22,46672,0.038674151525539935,0.03458092279454498,-0.004093228730994956,-0.10583887608476267
ev,two_strike,1,bin_23,46672,0.03968117929379499,0.03351645358364381,-0.006164725710151184,-0.15535641379275167
ev,two_strike,0,expected_bin_index,76021,12.25435077149735,11.97129959065214,-0.2830511808452094,-0.023098015237458688
ev,two_strike,1,expected_bin_index,46672,11.261420123414467,11.019815087269977,-0.24160503614448992,-0.021454224555760126
la,overall,all,bin_0,122691,0.04711021998353587,0.04951432130187153,0.002404101318335655,0.05103141779375776
la,overall,all,bin_1,122691,0.03688127083486156,0.0414905253020923,0.00460925446723074,0.12497547841746005
la,overall,all,bin_2,122691,0.04233399352845767,0.04447190571755359,0.002137912189095925,0.05050107516218101
la,overall,all,bin_3,122691,0.03110252585764237,0.03422423474131814,0.003121708883675769,0.10036833979220748
la,overall,all,bin_4,122691,0.035732042285090186,0.037607384467077,0.0018753421819868166,0.05248348714647457
la,overall,all,bin_5,122691,0.042382896871001136,0.0430219595443637,0.0006390626733625629,0.015078315087985808
la,overall,all,bin_6,122691,0.047126521097717027,0.047958680630010325,0.0008321595322932987,0.0176579877510545
la,overall,all,bin_7,122691,0.03847878002461468,0.04040441934961753,0.0019256393250028508,0.05004418860917703
la,overall,all,bin_8,122691,0.026896838398904565,0.028645066283770507,0.0017482278848659424,0.06499752346123859
la,overall,all,bin_9,122691,0.04295343586734153,0.043626295455715884,0.0006728595883743541,0.0156648606749977
la,overall,all,bin_10,122691,0.04438793391528311,0.044564174441069984,0.0001762405257868735,0.003970460218383639
la,overall,all,bin_11,122691,0.04452649338582292,0.044979235022968314,0.00045274163714539156,0.010167915834341065
la,overall,all,bin_12,122691,0.03019781402058831,0.030117927716073172,-7.988630451513656e-05,-0.0026454333568870767
la,overall,all,bin_13,122691,0.04545565689414872,0.04560517354194962,0.0001495166478009055,0.0032892858230842564
la,overall,all,bin_14,122691,0.04433903057273965,0.04487110321210194,0.0005320726393622938,0.012000096359558673
la,overall,all,bin_15,122691,0.04389890048984848,0.04323050252127639,-0.0006683979685720917,-0.015225847597860845
la,overall,all,bin_16,122691,0.028225379204668638,0.02820967263516722,-1.5706569501418993e-05,-0.0005564697426215992
la,overall,all,bin_17,122691,0.05486955033376531,0.05260687945003598,-0.002262670883729327,-0.0412372776880028
la,overall,all,bin_18,122691,0.036506345208695015,0.035841747615623594,-0.0006645975930714212,-0.018204988455352924
la,overall,all,bin_19,122691,0.043002339209885,0.0412794263204469,-0.0017229128894380996,-0.04006556203905418
la,overall,all,bin_20,122691,0.04205687458737805,0.04197574132820802,-8.113325917002978e-05,-0.0019291319187655278
la,overall,all,bin_21,122691,0.04292083363897922,0.04270491842059446,-0.00021591521838475874,-0.005030545776461154
la,overall,all,bin_22,122691,0.04529264575233717,0.04267647045259848,-0.0026161752997386906,-0.05776159145226555
la,overall,all,bin_23,122691,0.06332167803669381,0.05037223458160066,-0.012949443455093149,-0.20450253146464584
la,overall,all,expected_bin_index,122691,11.943622596604477,11.571269414954047,-0.3723531816504302,-0.031175899827602445
la,count,0-0,bin_0,20139,0.044391479219425,0.04518530675977171,0.0007938275403467157,0.017882430464253363
la,count,0-0,bin_1,20139,0.034261879934455536,0.03816332884526035,0.0039014489108048153,0.11387141973144663
la,count,0-0,bin_2,20139,0.03883013059238294,0.041376996165561085,0.002546865573178146,0.0655899306627042
la,count,0-0,bin_3,20139,0.03009086846417399,0.031970697468779265,0.001879829004605274,0.06247174310849111
la,count,0-0,bin_4,20139,0.0340632603406326,0.03536374714242976,0.00130048680179716,0.03817857682418805
la,count,0-0,bin_5,20139,0.040617706936789316,0.041925010839293245,0.0013073039025039285,0.032185566372281926
la,count,0-0,bin_6,20139,0.04603009086846417,0.04670443835832458,0.0006743474898604079,0.01465014465835896
la,count,0-0,bin_7,20139,0.03853220120164854,0.040023376826764955,0.0014911756251164143,0.03869946638430344
la,count,0-0,bin_8,20139,0.025820547196980983,0.028658597058115846,0.0028380498611348635,0.10991439644883656
la,count,0-0,bin_9,20139,0.04185907939818263,0.04336010498989694,0.0015010255917143056,0.035859020630527164
la,count,0-0,bin_10,20139,0.044739063508615125,0.04483923846377654,0.00010017495516141672,0.0022390936981085143
la,count,0-0,bin_11,20139,0.044689408610159395,0.045562524740557664,0.0008731161303982687,0.019537428611211924
la,count,0-0,bin_12,20139,0.03158051541784597,0.030409842825333815,-0.001170672592512155,-0.03706945808270801
la,count,0-0,bin_13,20139,0.04434182432096927,0.046546926683021884,0.0022051023620526175,0.04972962650546211
la,count,0-0,bin_14,20139,0.043795620437956206,0.04582707739645635,0.0020314569585001413,0.046384933885753224
la,count,0-0,bin_15,20139,0.046824569243755894,0.044150743648592956,-0.0026738255951629375,-0.057103047360537014
la,count,0-0,bin_16,20139,0.030587417448731318,0.028988552333553852,-0.0015988651151774662,-0.05227198791324512
la,count,0-0,bin_17,20139,0.05710313322409256,0.054636286381498526,-0.002466846842594031,-0.04319985092434886
la,count,0-0,bin_18,20139,0.03912805998311734,0.03720339389194824,-0.0019246660911690985,-0.049188896459459994
la,count,0-0,bin_19,20139,0.04404389493023487,0.04294458005427428,-0.0010993148759605859,-0.024959529072119773
la,count,0-0,bin_20,20139,0.04275286757038582,0.04359959635450787,0.00084672878412205,0.019805192779830387
la,count,0-0,bin_21,20139,0.04389493023486767,0.0445514718692357,0.0006565416343680269,0.014957117618255309
la,count,0-0,bin_22,20139,0.04607974576691991,0.04506422913830969,-0.0010155166286102205,-0.022038242870238395
la,count,0-0,bin_23,20139,0.06594170514921296,0.052943931703260116,-0.012997773445952848,-0.1971100598102744
la,count,0-1,bin_0,15763,0.05202055446298293,0.05653880990856025,0.004518255445577317,0.08685519583979909
la,count,0-1,bin_1,15763,0.03952293345175411,0.044210920619216026,0.004687987167461917,0.11861435268170496
la,count,0-1,bin_2,15763,0.044217471293535496,0.046638734657723,0.0024212633641875064,0.054758069454358196
la,count,0-1,bin_3,15763,0.030451056271014403,0.035742325277748295,0.0052912690067338924,0.17376306948572154
la,count,0-1,bin_4,15763,0.03768318213538032,0.03873825776364735,0.0010550756282670312,0.02799858102419733
la,count,0-1,bin_5,15763,0.04180676267208019,0.04425670712674636,0.0024499444546661753,0.058601630408046924
la,count,0-1,bin_6,15763,0.047262576920636935,0.04898582871546019,0.0017232517948232579,0.03646123227087116
la,count,0-1,bin_7,15763,0.038063820338768,0.041056407354090295,0.002992587015322297,0.07862024853754228
la,count,0-1,bin_8,15763,0.02626403603374992,0.028792125964207507,0.0025280899304575867,0.09625671877730178
la,count,0-1,bin_9,15763,0.04370995368901859,0.04402857239571918,0.00031861870670059356,0.007289385593209661
la,count,0-1,bin_10,15763,0.04256803907885555,0.044839917182613286,0.0022718781037577365,0.05337051348663666
la,count,0-1,bin_11,15763,0.044027152191841654,0.04497930891214936,0.000952156720307705,0.021626579801455843
la,count,0-1,bin_12,15763,0.03133921207891899,0.02993102457463564,-0.001408187504283346,-0.044933723947405635
la,count,0-1,bin_13,15763,0.04815073272854152,0.045457511277814354,-0.0026932214507271665,-0.0559331353462613
la,count,0-1,bin_14,15763,0.044090591892406265,0.044503034868831,0.0004124429764247317,0.009354444082565534
la,count,0-1,bin_15,15763,0.042948677282243226,0.0425446051522892,-0.0004040721299540251,-0.009408255516196895
la,count,0-1,bin_16,15763,0.0275962697456068,0.02747223409380052,-0.0001240356518062806,-0.004494652826258393
la,count,0-1,bin_17,15763,0.0542409439827444,0.05122407953434884,-0.003016864448395558,-0.0556196892398353
la,count,0-1,bin_18,15763,0.03654126752521728,0.03474417295606353,-0.001797094569153751,-0.049179864051337806
la,count,0-1,bin_19,15763,0.04529594620313392,0.03979269478967697,-0.00550325141345695,-0.1214954510228598
la,count,0-1,bin_20,15763,0.04022077015796485,0.03988067658573163,-0.00034009357223322573,-0.008455670314057315
la,count,0-1,bin_21,15763,0.04066484806191715,0.040447129898042715,-0.00021771816387443355,-0.00535396476934898
la,count,0-1,bin_22,15763,0.04459810949692317,0.03931325690370525,-0.005284852593217926,-0.11849947571393196
la,count,0-1,bin_23,15763,0.05671509230476432,0.04588166324553939,-0.010833429059224929,-0.1910149242288172
la,count,0-2,bin_0,8219,0.05389950115585838,0.058654344191260324,0.004754843035401947,0.0882168282346921
la,count,0-2,bin_1,8219,0.04319260250638764,0.046875335643403813,0.0036827331370161767,0.08526305254404495
la,count,0-2,bin_2,8219,0.046964350894269376,0.048796629491953916,0.0018322785976845404,0.03901424299059388
la,count,0-2,bin_3,8219,0.034189074096605425,0.03763707461762933,0.0034480005210239043,0.10085094762382729
la,count,0-2,bin_4,8219,0.039785862027010586,0.039935778485231936,0.0001499164582213497,0.003768083700676676
la,count,0-2,bin_5,8219,0.04599099647159022,0.04486523274750581,-0.0011257637240844054,-0.024477915471560127
la,count,0-2,bin_6,8219,0.04854605183112301,0.04975041393096572,0.001204362099842711,0.024808651876208624
la,count,0-2,bin_7,8219,0.04027253923835016,0.04138181146511268,0.00110927222676252,0.02754413423492795
la,count,0-2,bin_8,8219,0.02530721498965811,0.028869300717789346,0.0035620857281312354,0.14075376249764723
la,count,0-2,bin_9,8219,0.04100255505535953,0.04402836714861313,0.003025812093253595,0.07379569612596824
la,count,0-2,bin_10,8219,0.041489232266699115,0.04481822034272803,0.0033289880760289173,0.0802373988178348
la,count,0-2,bin_11,8219,0.049032729042462586,0.04462328012091253,-0.004409448921550055,-0.08992868656630248
la,count,0-2,bin_12,8219,0.03175568803990753,0.030134859628788948,-0.0016208284111185849,-0.05104056977388371
la,count,0-2,bin_13,8219,0.04599099647159022,0.04489365526504644,-0.0010973412065437768,-0.02385991369466482
la,count,0-2,bin_14,8219,0.04234091738654337,0.04402679517196498,0.001685877785421605,0.0398167514895982
la,count,0-2,bin_15,8219,0.043557610414892325,0.04215162568188434,-0.0014059847330079867,-0.03227873888433699
la,count,0-2,bin_16,8219,0.027253923835016427,0.027216137993862244,-3.7785841154183014e-05,-0.0013864367341349562
la,count,0-2,bin_17,8219,0.05122277649349069,0.04972181538689163,-0.001500961106599058,-0.02930261124735786
la,count,0-2,bin_18,8219,0.03528409782211948,0.033795754897868326,-0.0014883429242511514,-0.042181691360069704
la,count,0-2,bin_19,8219,0.0395425234213408,0.03879843805430263,-0.0007440853670381692,-0.01881734655903604
la,count,0-2,bin_20,8219,0.04015086993551527,0.03898821424681276,-0.0011626556887025102,-0.028957173046805854
la,count,0-2,bin_21,8219,0.03759581457598248,0.03903714639424793,0.0014413318182654455,0.038337560564154355
la,count,0-2,bin_22,8219,0.04100255505535953,0.037614308840239176,-0.0033882462151203566,-0.08263500190526472
la,count,0-2,bin_23,8219,0.05462951697286775,0.043385459403938904,-0.011244057568928843,-0.20582385113368856
la,count,1-0,bin_0,10704,0.042974588938714496,0.044406419661831946,0.0014318307231174499,0.03331807839184605
la,count,1-0,bin_1,10704,0.03353886397608371,0.038075765873387415,0.0045369018973037065,0.13527297467615285
la,count,1-0,bin_2,10704,0.037836322869955155,0.04174115582812699,0.0039048329581718375,0.10320328885005271
la,count,1-0,bin_3,10704,0.028494020926756354,0.032261198068060944,0.0037671771413045896,0.13220939055909614
la,count,1-0,bin_4,10704,0.033258594917787744,0.035894376923967804,0.0026357820061800596,0.07925115335435774
la,count,1-0,bin_5,10704,0.04390881913303438,0.04158096452564377,-0.0023278546073906073,-0.05301565046278524
la,count,1-0,bin_6,10704,0.04615097159940209,0.046621874850150014,0.0004709032507479241,0.010203539263169595
la,count,1-0,bin_7,10704,0.038957399103139015,0.03954637182364823,0.0005889727205092149,0.015118378897675385
la,count,1-0,bin_8,10704,0.024570254110612855,0.02825690163701767,0.0036866475264048133,0.1500451525575556
la,count,1-0,bin_9,10704,0.04232062780269058,0.04294613640803807,0.0006255086053474912,0.014780229827018865
la,count,1-0,bin_10,10704,0.045497010463378174,0.04399032878335768,-0.001506681680020494,-0.03311605893827386
la,count,1-0,bin_11,10704,0.04204035874439462,0.04485001358124082,0.002809654836846198,0.06683232305244823
la,count,1-0,bin_12,10704,0.03139013452914798,0.029706740036406276,-0.0016833944927417063,-0.053628138840200075
la,count,1-0,bin_13,10704,0.042600896860986545,0.04576786201292017,0.003166965151933626,0.07434033988223143
la,count,1-0,bin_14,10704,0.04418908819133034,0.04514966341778735,0.0009605752264570111,0.021737837682866485
la,count,1-0,bin_15,10704,0.043161434977578475,0.04351700507400302,0.0003555700964245484,0.00823814353274538
la,count,1-0,bin_16,10704,0.0304559043348281,0.028614934079409984,-0.001840970255418118,-0.06044707243556913
la,count,1-0,bin_17,10704,0.05371823617339312,0.05410748830022637,0.00038925212683324495,0.007246182201083572
la,count,1-0,bin_18,10704,0.037275784753363225,0.03691444492445686,-0.0003613398289063624,-0.009693688041638355
la,count,1-0,bin_19,10704,0.04241405082212257,0.04277485852531803,0.0003608077031954579,0.00850679659692551
la,count,1-0,bin_20,10704,0.04493647234678625,0.04392540664037611,-0.0010110657064101372,-0.022499890481110413
la,count,1-0,bin_21,10704,0.04661808669656203,0.04559202156585624,-0.001026065130705793,-0.02201002236287537
la,count,1-0,bin_22,10704,0.050261584454409564,0.04674819561989671,-0.003513388834512854,-0.0699020707892669
la,count,1-0,bin_23,10704,0.0734304932735426,0.0570098718632292,-0.016420621410313405,-0.22362128699235964
la,count,1-1,bin_0,14076,0.05008525149190111,0.05179395889079953,0.001708707398898425,0.034115979215452806
la,count,1-1,bin_1,14076,0.03729752770673487,0.042196104751452766,0.004898577044717897,0.13133784853609357
la,count,1-1,bin_2,14076,0.042128445581131005,0.0450347239812177,0.002906278400086698,0.06898612944286739
la,count,1-1,bin_3,14076,0.03154305200341006,0.034476271680265846,0.0029332196768557875,0.09299099137707673
la,count,1-1,bin_4,14076,0.03566354077863029,0.03814917721224833,0.0024856364336180367,0.0696968494812898
la,count,1-1,bin_5,14076,0.041631145211707875,0.04366467444613254,0.0020335292344246664,0.048846343863074404
la,count,1-1,bin_6,14076,0.05008525149190111,0.04868186904222186,-0.0014033824496792469,-0.02801987427189373
la,count,1-1,bin_7,14076,0.037013356067064504,0.040896426824818734,0.0038830707577542298,0.10490998845709892
la,count,1-1,bin_8,14076,0.02827507814720091,0.02885362938076285,0.0005785512335619407,0.020461525536728333
la,count,1-1,bin_9,14076,0.04425973287865871,0.044110804752428213,-0.00014892812623049784,-0.0033648672629542336
la,count,1-1,bin_10,14076,0.04447286160841148,0.04489427434527463,0.00042141273686314984,0.009475727929849355
la,count,1-1,bin_11,14076,0.04440181869849389,0.04522824436679301,0.0008264256682991231,0.01861242833116553
la,count,1-1,bin_12,14076,0.030548451264563795,0.030066866424310185,-0.0004815848402536099,-0.015764623747464682
la,count,1-1,bin_13,14076,0.04489911906791702,0.04567484367859758,0.0007757246106805601,0.01727705636066387
la,count,1-1,bin_14,14076,0.04610684853651605,0.04481438357221072,-0.0012924649643053301,-0.02803195198391653
la,count,1-1,bin_15,14076,0.04319408922989486,0.04297005556875294,-0.00022403366114191747,-0.005186674036568471
la,count,1-1,bin_16,14076,0.025717533390167663,0.027867027100919536,0.002149493710751873,0.08358086594625237
la,count,1-1,bin_17,14076,0.05356635407786303,0.052006259842264244,-0.0015600942355987885,-0.029124517851841572
la,count,1-1,bin_18,14076,0.037226484796817276,0.03536103231948481,-0.0018654524773324688,-0.05011089517353403
la,count,1-1,bin_19,14076,0.043478260869565216,0.04059415372816084,-0.002884107141404378,-0.0663344642523007
la,count,1-1,bin_20,14076,0.039926115373685706,0.0409936794988715,0.0010675641251857923,0.026738492217286854
la,count,1-1,bin_21,14076,0.04468599033816425,0.04166006267649773,-0.003025927661666518,-0.06771535415837505
la,count,1-1,bin_22,14076,0.04553850525717534,0.041006953943174475,-0.004531551314000862,-0.09951032183444014
la,count,1-1,bin_23,14076,0.05825518613242398,0.049004522192947875,-0.009250663939476107,-0.1587955434293484
la,count,1-2,bin_0,14034,0.05472424112868747,0.0572067213489751,0.0024824802202876306,0.04536344715041225
la,count,1-2,bin_1,14034,0.04125694741342454,0.04650477259525042,0.005247825181825878,0.12719858135016301
la,count,1-2,bin_2,14034,0.04538976770699729,0.04872376794027752,0.003334000233280225,0.07345268331845319
la,count,1-2,bin_3,14034,0.03470143936155052,0.03752689400415199,0.00282545464260147,0.08142182844819103
la,count,1-2,bin_4,14034,0.04075815875730369,0.04020526260024743,-0.000552896157056261,-0.013565287881341901
la,count,1-2,bin_5,14034,0.04774119994299558,0.04505130451330316,-0.002689895429692425,-0.056343272328811186
la,count,1-2,bin_6,14034,0.04845375516602537,0.049894228419069084,0.0014404732530437156,0.02972882593119927
la,count,1-2,bin_7,14034,0.03876300413282029,0.04151342281038866,0.002750418677568367,0.07095473478123983
la,count,1-2,bin_8,14034,0.029499786233433092,0.029054896300124474,-0.0004448899333086183,-0.015081123971142871
la,count,1-2,bin_9,14034,0.04489097905087644,0.04426691826389543,-0.0006240607869810108,-0.013901696959510327
la,count,1-2,bin_10,14034,0.047099900242268775,0.04495463959950105,-0.002145260642767724,-0.04554703155915619
la,count,1-2,bin_11,14034,0.04367963517172581,0.044749471761906294,0.0010698365901804854,0.024492800500151603
la,count,1-2,bin_12,14034,0.027718398175858628,0.03026699280419333,0.0025485946283347015,0.09194595633431671
la,count,1-2,bin_13,14034,0.04282456890409007,0.04494777657439074,0.002123207670300671,0.04957919541597274
la,count,1-2,bin_14,14034,0.04538976770699729,0.043955700149718065,-0.001434067557279227,-0.031594511929131354
la,count,1-2,bin_15,14034,0.04068690323500071,0.04210816150409529,0.0014212582690945816,0.034931591153193275
la,count,1-2,bin_16,14034,0.02679207638591991,0.027225280695641688,0.000433204309721779,0.01616912043254108
la,count,1-2,bin_17,14034,0.05315661963802195,0.049665467477836005,-0.003491152160185945,-0.06567671503491897
la,count,1-2,bin_18,14034,0.03584152771839818,0.03380224609832179,-0.00203928162007639,-0.05689717347147526
la,count,1-2,bin_19,14034,0.03997434801197093,0.03872555522011574,-0.001248792791855191,-0.03123985390534002
la,count,1-2,bin_20,14034,0.039618070400456035,0.03902811979903272,-0.0005899506014233127,-0.014890947374774768
la,count,1-2,bin_21,14034,0.03769417129827562,0.0391396627237368,0.0014454914254611803,0.03834787649323668
la,count,1-2,bin_22,14034,0.03983183696736497,0.037883758519528604,-0.0019480784478363641,-0.04890757233798844
la,count,1-2,bin_23,14034,0.05351289724953684,0.04359897827944343,-0.009913918970093409,-0.18526223545444861
la,count,2-0,bin_0,3667,0.029724570493591493,0.03566078309668208,0.005936212603090588,0.1997072625278274
la,count,2-0,bin_1,3667,0.026724843196073083,0.033420824029806465,0.006695980833733382,0.25055267058469705
la,count,2-0,bin_2,3667,0.037632942459776386,0.03783644638585553,0.00020350392607914464,0.0054076007024074155
la,count,2-0,bin_3,3667,0.032178892827924736,0.029585987186146467,-0.002592905641778269,-0.08057783888475349
la,count,2-0,bin_4,3667,0.0327242977911099,0.03353949511783207,0.0008151973267221738,0.024911071642418427
la,count,2-0,bin_5,3667,0.03463321516225798,0.03911009337708612,0.004476878214828138,0.12926545207696677
la,count,2-0,bin_6,3667,0.041178074720479955,0.0446842080768211,0.0035061333563411456,0.08514563587882769
la,count,2-0,bin_7,3667,0.03490591764385056,0.03816394069989397,0.0032580230560434117,0.09333726989461869
la,count,2-0,bin_8,3667,0.025634033269702754,0.02774128125673061,0.002107247987027855,0.08220508902586324
la,count,2-0,bin_9,3667,0.047995636760294516,0.042266642723312764,-0.005728994036981752,-0.11936489280461413
la,count,2-0,bin_10,3667,0.03954185983092446,0.043321876868174874,0.0037800170372504147,0.09559532741791221
la,count,2-0,bin_11,3667,0.0436323970548132,0.04500830801297055,0.001375910958157353,0.03153415927226884
la,count,2-0,bin_12,3667,0.031088082901554404,0.029905912215039968,-0.0011821706865144353,-0.03802649041621434
la,count,2-0,bin_13,3667,0.0389964548677393,0.046241911836814226,0.007245456969074929,0.18579783710208225
la,count,2-0,bin_14,3667,0.043359694573220614,0.04601763314664017,0.0026579385734195535,0.06129975313666354
la,count,2-0,bin_15,3667,0.0482683392418871,0.04470736380107879,-0.0035609754408083144,-0.07377455899120955
la,count,2-0,bin_16,3667,0.03408781019907281,0.02986966081638611,-0.004218149382686699,-0.12374363029049701
la,count,2-0,bin_17,3667,0.05672211617125716,0.056806696081991945,8.457991073478749e-05,0.0014911275608868544
la,count,2-0,bin_18,3667,0.03926915734933188,0.03888773763094393,-0.0003814197183879542,-0.009712959078671026
la,count,2-0,bin_19,3667,0.04717752931551677,0.04505680951483869,-0.0021207198006780795,-0.04495190467680068
la,count,2-0,bin_20,3667,0.04172347968366512,0.04705575932339559,0.005332279639730472,0.127800453848965
la,count,2-0,bin_21,3667,0.05235887646577584,0.04890118381901224,-0.0034576926467635993,-0.06603832779001104
la,count,2-0,bin_22,3667,0.056176711208071994,0.0521349823495092,-0.004041728858562792,-0.07194669769101823
la,count,2-0,bin_23,3667,0.08426506681210799,0.06407446337910891,-0.020190603432999082,-0.23960822908999235
la,count,2-1,bin_0,8180,0.0402200488997555,0.04477335626399591,0.004553307364240408,0.11320989130543022
la,count,2-1,bin_1,8180,0.03386308068459658,0.038598002192516204,0.004734921507919626,0.13982547990896224
la,count,2-1,bin_2,8180,0.04339853300733496,0.042113897302256294,-0.0012846357050786683,-0.029600901598714105
la,count,2-1,bin_3,8180,0.031051344743276282,0.03248631492172297,0.0014349701784466887,0.0462128191326532
la,count,2-1,bin_4,8180,0.03154034229828851,0.036524316050199915,0.004983973751911404,0.1580190127544003
la,count,2-1,bin_5,8180,0.040342298288508556,0.04194506406554927,0.0016027657770407155,0.039729163806645616
la,count,2-1,bin_6,8180,0.0480440097799511,0.047229745092840246,-0.0008142646871108564,-0.01694830824571706
la,count,2-1,bin_7,8180,0.03924205378973105,0.03994558629860598,0.0007035325088749281,0.017928024680987264
la,count,2-1,bin_8,8180,0.0284841075794621,0.028552563583530297,6.845600406819516e-05,0.0024033052072010147
la,count,2-1,bin_9,8180,0.04266503667481662,0.04366153185083444,0.0009964951760178184,0.02335624796511678
la,count,2-1,bin_10,8180,0.042787286063569685,0.04457233111625367,0.0017850450526839881,0.041719052945585776
la,count,2-1,bin_11,8180,0.04572127139364303,0.045404636160271336,-0.00031663523337169264,-0.006925337457166968
la,count,2-1,bin_12,8180,0.028117359413202935,0.030291782196902498,0.0021744227836995624,0.07733381900288008
la,count,2-1,bin_13,8180,0.04926650366748166,0.046214662669394106,-0.003051840998087557,-0.06194555673537523
la,count,2-1,bin_14,8180,0.04474327628361858,0.04563607160229909,0.0008927953186805143,0.019953731439362316
la,count,2-1,bin_15,8180,0.04559902200488997,0.04409740325149791,-0.0015016187533920602,-0.03293094209851757
la,count,2-1,bin_16,8180,0.02885085574572127,0.028851221009221228,3.6526349995666396e-07,1.266040436290471e-05
la,count,2-1,bin_17,8180,0.055378973105134476,0.054252518802622544,-0.0011264543025119311,-0.02034083045153995
la,count,2-1,bin_18,8180,0.03264058679706602,0.036951496557386485,0.004310909760320468,0.13207206681431247
la,count,2-1,bin_19,8180,0.04254278728606357,0.04255190670712942,9.11942106585073e-06,0.00021435880551338787
la,count,2-1,bin_20,8180,0.043765281173594135,0.043419591821123024,-0.00034568935247111104,-0.007898712020149967
la,count,2-1,bin_21,8180,0.04706601466992665,0.0442822607097585,-0.0027837539601681532,-0.05914573349136491
la,count,2-1,bin_22,8180,0.04425427872860636,0.04457528770302157,0.0003210089744152128,0.007253738703636577
la,count,2-1,bin_23,8180,0.07041564792176039,0.053068451981457626,-0.017347195940302762,-0.2463542756799941
la,count,2-2,bin_0,14193,0.05079968998802226,0.05099932193448019,0.00019963194645792465,0.003929786707458148
la,count,2-2,bin_1,14193,0.04220390333262876,0.0445312305941191,0.0023273272614903404,0.05514483442793389
la,count,2-2,bin_2,14193,0.04636088212499119,0.04724975706047337,0.0008888749354821826,0.019172951305924953
la,count,2-2,bin_3,14193,0.03149439864722046,0.03611072377826667,0.004616325131046213,0.14657606842268212
la,count,2-2,bin_4,14193,0.03706052279292609,0.03950527654732892,0.002444753754402826,0.06596652098144355
la,count,2-2,bin_5,14193,0.04311984781230184,0.044187261120219104,0.0010674133079172643,0.024754570390963616
la,count,2-2,bin_6,14193,0.045233565842316636,0.04897295339122864,0.003739387548912003,0.08266842286870414
la,count,2-2,bin_7,14193,0.041499330655957165,0.04093602601295684,-0.0005633046430003272,-0.01357382478455627
la,count,2-2,bin_8,14193,0.02691467624885507,0.02886231974551505,0.0019476434966599794,0.07236362342433268
la,count,2-2,bin_9,14193,0.04241527513563024,0.043933107951412954,0.001517832815782716,0.035785051751501804
la,count,2-2,bin_10,14193,0.044951736771647995,0.04464484205010336,-0.0003068947215446316,-0.0068272049888447595
la,count,2-2,bin_11,14193,0.04481082223631368,0.04456808742444584,-0.00024273481186783824,-0.005416879221446899
la,count,2-2,bin_12,14193,0.028253364334531107,0.030154675622405508,0.0019013112878744007,0.06729504017157449
la,count,2-2,bin_13,14193,0.04551539491298527,0.04492717628297175,-0.000588218630013522,-0.01292350931235591
la,count,2-2,bin_14,14193,0.04206298879729444,0.04414549675259467,0.002082507955300232,0.049509272042841196
la,count,2-2,bin_15,14193,0.04199253152962728,0.04264645158797159,0.0006539200583443108,0.015572294275303362
la,count,2-2,bin_16,14193,0.02642147537518495,0.027740831615301456,0.0013193562401165072,0.04993499497592957
la,count,2-2,bin_17,14193,0.05382935249771014,0.05099539800119945,-0.0028339544965106933,-0.052647010692377316
la,count,2-2,bin_18,14193,0.03614457831325301,0.0348810699002215,-0.0012635084130315083,-0.03495706609387173
la,count,2-2,bin_19,14193,0.040583386176284084,0.04014765873378939,-0.00043572744249469053,-0.010736596512720733
la,count,2-2,bin_20,14193,0.04297893327696752,0.04071220171741955,-0.0022667315595479715,-0.052740526269941565
la,count,2-2,bin_21,14193,0.040160642570281124,0.041195043160280595,0.0010344005899994707,0.02575657469098682
la,count,2-2,bin_22,14193,0.04311984781230184,0.040519879978439366,-0.0025999678338624738,-0.06029631285295766
la,count,2-2,bin_23,14193,0.06207285281476784,0.047433209320139495,-0.014639643494628346,-0.23584615223525554
la,count,3-0,bin_0,259,0.03088803088803089,0.027929533110073235,-0.002958497777957654,-0.09578136556137905
la,count,3-0,bin_1,259,0.03088803088803089,0.02546458295299258,-0.005423447935038309,-0.17558412689686523
la,count,3-0,bin_2,259,0.03861003861003861,0.028046351001673454,-0.010563687608365156,-0.27359950905665753
la,count,3-0,bin_3,259,0.03088803088803089,0.022144532290513854,-0.008743498597517035,-0.283070767094614
la,count,3-0,bin_4,259,0.02702702702702703,0.026831851413646086,-0.00019517561338094208,-0.007221497695094857
la,count,3-0,bin_5,259,0.03861003861003861,0.0345310147323117,-0.004079023877726906,-0.10564671843312687
la,count,3-0,bin_6,259,0.02702702702702703,0.04130035896900624,0.01427333194197921,0.5281132818532307
la,count,3-0,bin_7,259,0.04633204633204633,0.03492229800081621,-0.011409748331230117,-0.24626040148238337
la,count,3-0,bin_8,259,0.019305019305019305,0.027079330496112438,0.007774311191093133,0.40270931969862434
la,count,3-0,bin_9,259,0.02702702702702703,0.041090813766118554,0.014063786739091526,0.5203601093463864
la,count,3-0,bin_10,259,0.03088803088803089,0.04383172051132473,0.012943689623293841,0.4190519515541381
la,count,3-0,bin_11,259,0.06563706563706563,0.047670038325287774,-0.017967027311777857,-0.27373294551473326
la,count,3-0,bin_12,259,0.023166023166023165,0.03067604178728169,0.007510018621258524,0.3241824704843263
la,count,3-0,bin_13,259,0.04633204633204633,0.04704286380937057,0.0007108174773242382,0.01534181055224814
la,count,3-0,bin_14,259,0.05019305019305019,0.046317733277685395,-0.0038753169153647946,-0.07720823700611398
la,count,3-0,bin_15,259,0.03088803088803089,0.04741730558790238,0.01652927469987149,0.5351352684083395
la,count,3-0,bin_16,259,0.04633204633204633,0.03132624145144144,-0.015005804880604892,-0.3238752886730556
la,count,3-0,bin_17,259,0.05019305019305019,0.061824159031467776,0.011631108838417586,0.23172747608847347
la,count,3-0,bin_18,259,0.04247104247104247,0.0421906090035862,-0.0002804334674562717,-0.006602933461015851
la,count,3-0,bin_19,259,0.05019305019305019,0.04953603356048235,-0.0006570166325678417,-0.013089792910390079
la,count,3-0,bin_20,259,0.03474903474903475,0.05220814997736638,0.01745911522833163,0.5024345382375436
la,count,3-0,bin_21,259,0.04633204633204633,0.05533109834097671,0.008999052008930378,0.19422953919274732
la,count,3-0,bin_22,259,0.07722007722007722,0.06219598529943531,-0.015024091920641906,-0.1945619903723127
la,count,3-0,bin_23,259,0.0888030888030888,0.07309135326073536,-0.015711735542353444,-0.17692780458563226
la,count,3-1,bin_0,3232,0.03125,0.034832857500247214,0.0035828575002472135,0.11465144000791083
la,count,3-1,bin_1,3232,0.026608910891089108,0.034111935427342296,0.007503024536253188,0.28197413140895705
la,count,3-1,bin_2,3232,0.03712871287128713,0.03822789216500685,0.001099179293719721,0.02960456231085115
la,count,3-1,bin_3,3232,0.028155940594059407,0.02948251872146669,0.0013265781274072845,0.047115390195388386
la,count,3-1,bin_4,3232,0.03001237623762376,0.033775337976717626,0.0037629617390938647,0.12538033340980795
la,count,3-1,bin_5,3232,0.03589108910891089,0.03897886339343518,0.0030877742845242945,0.08603178006536656
la,count,3-1,bin_6,3232,0.04919554455445545,0.044439090398320856,-0.004756454156134592,-0.09668465303538994
la,count,3-1,bin_7,3232,0.03712871287128713,0.03779636592500339,0.0006676530537162648,0.017982122246758065
la,count,3-1,bin_8,3232,0.027846534653465347,0.02753919565146017,-0.0003073390020051775,-0.01103688504978593
la,count,3-1,bin_9,3232,0.04238861386138614,0.04178055789196439,-0.0006080559694217544,-0.014344794840665037
la,count,3-1,bin_10,3232,0.04733910891089109,0.042686386458550114,-0.004652722452340975,-0.09828496056186949
la,count,3-1,bin_11,3232,0.038985148514851485,0.04466229684717831,0.005677148332326826,0.1456233603974627
la,count,3-1,bin_12,3232,0.0327970297029703,0.029730636998285244,-0.0030663927046850545,-0.09349604925983108
la,count,3-1,bin_13,3232,0.04826732673267327,0.04597586085245633,-0.0022914658802169405,-0.04747447259526379
la,count,3-1,bin_14,3232,0.05012376237623763,0.04586660902791124,-0.004257153348326388,-0.08493283717154868
la,count,3-1,bin_15,3232,0.04641089108910891,0.04480118812437981,-0.0016097029647290997,-0.034683733213363
la,count,3-1,bin_16,3232,0.028465346534653466,0.030074670415379024,0.0016093238807255578,0.05653624763592394
la,count,3-1,bin_17,3232,0.056002475247524754,0.05745321413508797,0.0014507388875632174,0.02590490654477524
la,count,3-1,bin_18,3232,0.03527227722772277,0.039239173830573786,0.003966896602851017,0.11246499842468849
la,count,3-1,bin_19,3232,0.04579207920792079,0.04578489222513772,-7.1869827830695066e-06,-0.00015694816456000437
la,count,3-1,bin_20,3232,0.04455445544554455,0.04785740069817143,0.0033029452526268793,0.07413277122562552
la,count,3-1,bin_21,3232,0.04826732673267327,0.04928445438900726,0.0010171276563339937,0.02107279862353505
la,count,3-1,bin_22,3232,0.04950495049504951,0.05289871374844497,0.0033937632533954654,0.06855401771858839
la,count,3-1,bin_23,3232,0.08261138613861387,0.06271988715304831,-0.019891498985565553,-0.240783987720404
la,count,3-2,bin_0,10225,0.041271393643031784,0.04340294485185412,0.002131551208822337,0.051647182725612306
la,count,3-2,bin_1,10225,0.031882640586797066,0.038968372625733716,0.00708573203893665,0.22224420275499154
la,count,3-2,bin_2,10225,0.04039119804400978,0.04279898652488088,0.002407788480871101,0.059611712389605345
la,count,3-2,bin_3,10225,0.02885085574572127,0.03299420204541867,0.004143346299697398,0.14361259632002
la,count,3-2,bin_4,10225,0.03315403422982885,0.037068355335332544,0.0039143211055036944,0.11806470001113652
la,count,3-2,bin_5,10225,0.04146699266503667,0.04177571252771724,0.00030871986268056484,0.007444954235633905
la,count,3-2,bin_6,10225,0.0469437652811736,0.046783376603537014,-0.00016038867763658315,-0.0034166129767376307
la,count,3-2,bin_7,10225,0.03540342298288508,0.03945886686798225,0.004055443885097168,0.11454948542850427
la,count,3-2,bin_8,10225,0.02728606356968215,0.02825397756081763,0.00096791399113548,0.03547283354609421
la,count,3-2,bin_9,10225,0.04146699266503667,0.043054187573822136,0.0015871949087854637,0.03827610363757398
la,count,3-2,bin_10,10225,0.04547677261613692,0.04394262957361625,-0.0015341430425206692,-0.033734650773707194
la,count,3-2,bin_11,10225,0.04547677261613692,0.04447621667908842,-0.0010005559370484945,-0.022001471949077114
la,count,3-2,bin_12,10225,0.029535452322738385,0.030107870490819217,0.0005724181680808321,0.019380714465650692
la,count,3-2,bin_13,10225,0.0487041564792176,0.04525752257133469,-0.0034466339078829122,-0.07076673033755579
la,count,3-2,bin_14,10225,0.04488997555012225,0.044909922044321045,1.9946494198792852e-05,0.0004443418369992525
la,count,3-2,bin_15,10225,0.04528117359413203,0.043926670097647474,-0.0013545034964845548,-0.029913171169664306
la,count,3-2,bin_16,10225,0.027775061124694377,0.028883385818975656,0.0011083246942812791,0.03990359154586647
la,count,3-2,bin_17,10225,0.05985330073349633,0.05400246283328924,-0.005850837900207094,-0.09775296981963649
la,count,3-2,bin_18,10225,0.034229828850855744,0.036953172595006065,0.002723343744150321,0.07956054223982009
la,count,3-2,bin_19,10225,0.04547677261613692,0.0427341329106615,-0.0027426397054754192,-0.060308582770937987
la,count,3-2,bin_20,10225,0.045183374083129585,0.044423854515826526,-0.0007595195673030589,-0.016809713367259258
la,count,3-2,bin_21,10225,0.044987775061124696,0.04501845272661393,3.067766548923295e-05,0.0006819111513639281
la,count,3-2,bin_22,10225,0.04801955990220049,0.04619807558160029,-0.0018214843206002043,-0.03793213274569672
la,count,3-2,bin_23,10225,0.06699266503667482,0.05460664937307705,-0.012386015663597774,-0.18488614621939742
la,count,0-0,expected_bin_index,20139,12.189185163116342,11.866196124977199,-0.32298903813914315,-0.026498000794711558
la,count,0-1,expected_bin_index,15763,11.732094144515639,11.242353570217912,-0.489740574297727,-0.04174366215145523
la,count,0-2,expected_bin_index,8219,11.397128604453096,11.040905307127888,-0.35622329732520797,-0.03125553020310959
la,count,1-0,expected_bin_index,10704,12.338004484304932,11.938993691662144,-0.3990107926427875,-0.032339977923526095
la,count,1-1,expected_bin_index,14076,11.82487922705314,11.447546185513072,-0.3773330415400675,-0.03191009686397466
la,count,1-2,expected_bin_index,14034,11.354567478979622,11.062587065811245,-0.29198041316837653,-0.02571479835836207
la,count,2-0,expected_bin_index,3667,12.938369239160076,12.456735652664037,-0.4816335864960397,-0.037225215758899304
la,count,2-1,expected_bin_index,8180,12.191320293398533,11.827387114886838,-0.3639331785116955,-0.029851826525200992
la,count,2-2,expected_bin_index,14193,11.68294229549778,11.336528230092876,-0.34641406540490394,-0.029651269059028092
la,count,3-0,expected_bin_index,259,13.185328185328185,13.317123808958543,0.13179562363035835,0.009995627092317076
la,count,3-1,expected_bin_index,3232,12.771658415841584,12.475880059411372,-0.2957783564302119,-0.02315896235240188
la,count,3-2,expected_bin_index,10225,12.298190709046455,11.880535519981835,-0.41765518906461985,-0.03396070193946463
la,handedness,LvL,bin_0,9926,0.05984283699375378,0.06324679770295219,0.003403960709198413,0.05688167339983745
la,handedness,LvL,bin_1,9926,0.045738464638323595,0.04844831761482498,0.0027098529765013854,0.059246697455402536
la,handedness,LvL,bin_2,9926,0.043421317751360065,0.050006365144571636,0.006585047393211571,0.1516547109629189
la,handedness,LvL,bin_3,9926,0.03576465847269796,0.037092038332154395,0.0013273798594564332,0.037114288690041006
la,handedness,LvL,bin_4,9926,0.04039895224662503,0.040146803698968704,-0.0002521485476563237,-0.006241462553707404
la,handedness,LvL,bin_5,9926,0.04674591980656861,0.045556383234268916,-0.0011895365722996917,-0.025446853484152456
la,handedness,LvL,bin_6,9926,0.05097723151319766,0.04989024827739636,-0.0010869832358013018,-0.0213229162026951
la,handedness,LvL,bin_7,9926,0.040600443280274026,0.041206784660780656,0.0006063413805066295,0.014934353704488349
la,handedness,LvL,bin_8,9926,0.024783397138827323,0.029157118693823807,0.004373721554996483,0.17647788680851664
la,handedness,LvL,bin_9,9926,0.043522063268184565,0.043729373461826544,0.00020731019364197967,0.0047633356066904865
la,handedness,LvL,bin_10,9926,0.04009671569615152,0.04417221262489908,0.004075496928747556,0.10164166460992019
la,handedness,LvL,bin_11,9926,0.04412653636913157,0.04428580219586995,0.00015926582673837786,0.0036092981648519146
la,handedness,LvL,bin_12,9926,0.027100544025790853,0.029691683713103847,0.002591139687312994,0.09561209121289509
la,handedness,LvL,bin_13,9926,0.04211162603264155,0.04447792205774216,0.002366296025100613,0.056191039103226516
la,handedness,LvL,bin_14,9926,0.04150715293169454,0.042861402896659045,0.001354249964964506,0.03262690570931477
la,handedness,LvL,bin_15,9926,0.04231311706629055,0.04103227051063078,-0.0012808465556597634,-0.03027067359875908
la,handedness,LvL,bin_16,9926,0.027503526093088856,0.02671151666271827,-0.0007920094303705862,-0.02879665057091003
la,handedness,LvL,bin_17,9926,0.05158170461414467,0.04880975861854222,-0.0027719459956024525,-0.05373893740693348
la,handedness,LvL,bin_18,9926,0.032843038484787423,0.03309579758227191,0.000252759097484484,0.007695971784144136
la,handedness,LvL,bin_19,9926,0.04221237154946605,0.038569266888373165,-0.003643104661092883,-0.08630419299763235
la,handedness,LvL,bin_20,9926,0.04432802740278058,0.03809307052408268,-0.006234956878697899,-0.1406549590408076
la,handedness,LvL,bin_21,9926,0.037779568809187994,0.038660056925203024,0.0008804881160150296,0.02330593343884049
la,handedness,LvL,bin_22,9926,0.04191013499899254,0.03732191881349828,-0.004588216185494265,-0.1094774852336925
la,handedness,LvL,bin_23,9926,0.05279065081603869,0.04373708936161528,-0.00905356145442341,-0.17149933396299
la,handedness,LvR,bin_0,43524,0.04310265600588181,0.04487945623700136,0.001776800231119549,0.04122252305930024
la,handedness,LvR,bin_1,43524,0.0354976564653984,0.03790161107056838,0.0024039546051699764,0.06772150177049711
la,handedness,LvR,bin_2,43524,0.04112673467512177,0.04151949552367872,0.0003927608485569528,0.009550012945582578
la,handedness,LvR,bin_3,43524,0.030305119014796433,0.03196386122444918,0.0016587422096527443,0.05473472019175591
la,handedness,LvR,bin_4,43524,0.034969212388567227,0.036131634228824115,0.0011624218402568887,0.03324129315068385
la,handedness,LvR,bin_5,43524,0.04039150813344362,0.04217606178787124,0.0017845536544276244,0.044181406857399276
la,handedness,LvR,bin_6,43524,0.0440216891829795,0.047436768478757496,0.003415079295777994,0.07757719794856023
la,handedness,LvR,bin_7,43524,0.037082988695891925,0.040411971547388105,0.0033289828514961803,0.08977115838198249
la,handedness,LvR,bin_8,43524,0.026996599577244738,0.029104668708518355,0.0021080691312736176,0.07808646882515144
la,handedness,LvR,bin_9,43524,0.04347026927672089,0.0439361947950841,0.00046592551836321244,0.010718257009112293
la,handedness,LvR,bin_10,43524,0.04583677970774745,0.04509218544919443,-0.0007445942585530205,-0.016244471433213864
la,handedness,LvR,bin_11,43524,0.04487179487179487,0.046319885915143626,0.0014480910433487537,0.03227174325177223
la,handedness,LvR,bin_12,43524,0.030305119014796433,0.031029627483104335,0.0007245084683079016,0.02390713159562783
la,handedness,LvR,bin_13,43524,0.046457127102288394,0.04705237550665298,0.0005952484043645831,0.012812854377628148
la,handedness,LvR,bin_14,43524,0.04526238397206139,0.046098327814638546,0.0008359438425771526,0.018468842540268014
la,handedness,LvR,bin_15,43524,0.04650307876114328,0.04467332014927232,-0.0018297586118709575,-0.039347042402703335
la,handedness,LvR,bin_16,43524,0.029041448396287105,0.02942286360526873,0.0003814152089816267,0.013133477496611012
la,handedness,LvR,bin_17,43524,0.0585653892105505,0.05457517492877005,-0.003990214281780452,-0.06813263491573653
la,handedness,LvR,bin_18,43524,0.037611432772723094,0.03739594876236744,-0.00021548401035565573,-0.005729215679120074
la,handedness,LvR,bin_19,43524,0.042918849370462274,0.04330947555445941,0.00039062618399713506,0.009101506441269436
la,handedness,LvR,bin_20,43524,0.04186196121679993,0.043309711787957055,0.0014477505711571262,0.03458391649782808
la,handedness,LvR,bin_21,43524,0.04473393989523022,0.0438472270000908,-0.0008867128951394188,-0.019821927091960997
la,handedness,LvR,bin_22,43524,0.04693961952026468,0.04317245147799234,-0.0037671680422723397,-0.08025561520893848
la,handedness,LvR,bin_23,43524,0.06212664277180406,0.04923970084595021,-0.012886941925853851,-0.20743019984499372
la,handedness,RvL,bin_0,23277,0.04339047128066332,0.04731950559783567,0.003929034317172349,0.09055062554536708
la,handedness,RvL,bin_1,23277,0.03445461184860592,0.03995292375649415,0.005498311907888236,0.15958130458842204
la,handedness,RvL,bin_2,23277,0.041027623834686604,0.042803578227150446,0.0017759543924638424,0.04328679622343545
la,handedness,RvL,bin_3,23277,0.03183399922670447,0.03380571082550665,0.0019717115988021824,0.06193728864415439
la,handedness,RvL,bin_4,23277,0.035184946513725994,0.03726230916358112,0.0020773626498551273,0.05904123370046129
la,handedness,RvL,bin_5,23277,0.04072689779610775,0.04250087913761579,0.001773981341508045,0.04355797857202823
la,handedness,RvL,bin_6,23277,0.04691326201830133,0.047395407657917346,0.0004821456396160162,0.010277384664232609
la,handedness,RvL,bin_7,23277,0.038278128624822785,0.04028386721251865,0.002005738587695864,0.05239907643748219
la,handedness,RvL,bin_8,23277,0.026764617433518066,0.028401570018754797,0.0016369525852367312,0.06116106793989629
la,handedness,RvL,bin_9,23277,0.043132706104738586,0.04368126751758923,0.0005485614128506455,0.012717992038769398
la,handedness,RvL,bin_10,23277,0.04373415818189629,0.04460297139289477,0.0008688132109984786,0.019865781053449497
la,handedness,RvL,bin_11,23277,0.04553851441336942,0.04476685404632517,-0.0007716603670442496,-0.016945224871404714
la,handedness,RvL,bin_12,23277,0.030888860248313787,0.03011290699612233,-0.000775953252191458,-0.025120812032351277
la,handedness,RvL,bin_13,23277,0.0447222580229411,0.04571148677487237,0.000989228751931269,0.02211938295744875
la,handedness,RvL,bin_14,23277,0.04493706233621171,0.04523950903072193,0.00030244669451021805,0.006730450963780445
la,handedness,RvL,bin_15,23277,0.04373415818189629,0.043792137643997836,5.79794621015442e-05,0.0013257248912943462
la,handedness,RvL,bin_16,23277,0.02788159986252524,0.028375914517969916,0.0004943146554446769,0.01772906353587942
la,handedness,RvL,bin_17,23277,0.055075825922584525,0.05346653539502302,-0.0016092905275615077,-0.029219544157604693
la,handedness,RvL,bin_18,23277,0.03832108948747691,0.036425364073830374,-0.0018957254136465346,-0.04946950723480985
la,handedness,RvL,bin_19,23277,0.04386304076985866,0.04166879365436253,-0.00219424711549613,-0.050024965825076796
la,handedness,RvL,bin_20,23277,0.043433432143317435,0.04292611197808785,-0.0005073201652295856,-0.011680407008950608
la,handedness,RvL,bin_21,23277,0.044550414572324615,0.04378647600020876,-0.0007639385721158534,-0.017147732057030587
la,handedness,RvL,bin_22,23277,0.04571035786398591,0.04392584349504519,-0.0017845143689407192,-0.03903960617089579
la,handedness,RvL,bin_23,23277,0.0659019633114233,0.05179207603848341,-0.014109887272939887,-0.2141042021200924
la,handedness,RvR,bin_0,45964,0.050039161082586374,0.05204908832539266,0.0020099272428062837,0.04016708512536871
la,handedness,RvR,bin_1,45964,0.03750761465494735,0.04416504465840487,0.006657430003457525,0.1774954249877736
la,handedness,RvR,bin_2,45964,0.04390392481072143,0.04691728288228562,0.003013358071564186,0.06863527770137574
la,handedness,RvR,bin_3,45964,0.03048037594639283,0.03595725753511129,0.005476881588718459,0.17968549988854765
la,handedness,RvR,bin_4,45964,0.03572360978156818,0.03863115515529899,0.0029075453737308077,0.08139002165539759
la,handedness,RvR,bin_5,45964,0.04416499869463058,0.043539524443751254,-0.0006254742508793251,-0.014162215993801627
la,handedness,RvR,bin_6,45964,0.049342964058828646,0.048321013520415484,-0.001021950538413162,-0.02071117043545969
la,handedness,RvR,bin_7,45964,0.039443912627273515,0.040285045756389776,0.0008411331291162602,0.02132478938041908
la,handedness,RvR,bin_8,45964,0.027325733182490645,0.028222594227462445,0.0008968610449717994,0.03282111550245524
la,handedness,RvR,bin_9,45964,0.04225045687929684,0.04328274842283052,0.001032291543533681,0.024432671733770398
la,handedness,RvR,bin_10,45964,0.044273779479592726,0.04412919021911538,-0.00014458926047734855,-0.0032657989034795324
la,handedness,RvR,bin_11,45964,0.04377338786876686,0.04396705411626008,0.00019366624749322242,0.004424291948200037
la,handedness,RvR,bin_12,45964,0.030415107475415544,0.02934921621601889,-0.0010658912593966528,-0.03504479674313859
la,handedness,RvR,bin_13,45964,0.04560090505613088,0.04442438916282143,-0.0011765158933094502,-0.025800275057287964
la,handedness,RvR,bin_14,45964,0.04377338786876686,0.043956456521001636,0.00018306865223477464,0.004182190621928023
la,handedness,RvR,bin_15,45964,0.041858846053433124,0.04205456647883417,0.00019572042540104417,0.004675724341545527
la,handedness,RvR,bin_16,45964,0.027782612479331652,0.027300225243596238,-0.0004823872357354146,-0.017362918483431945
la,handedness,RvR,bin_17,45964,0.05197545905491254,0.05112772005410704,-0.0008477390008055016,-0.016310370629143606
la,handedness,RvR,bin_18,45964,0.03533199895570446,0.03466748969687175,-0.0006645092588327128,-0.01880757609174065
la,handedness,RvR,bin_19,45964,0.04281611696109999,0.03974522294889632,-0.003070894012203673,-0.07172285181754555
la,handedness,RvR,bin_20,45964,0.04105386824471326,0.041069768882258544,1.5900637545286644e-05,0.00038731155491868326
la,handedness,RvR,bin_21,45964,0.04148899138456183,0.04194902338988728,0.0004600320053254475,0.011088049865117394
la,handedness,RvR,bin_22,45964,0.044252023322600295,0.04273043758146965,-0.0015215857411306419,-0.03438454621697582
la,handedness,RvR,bin_23,45964,0.06542076407623357,0.0521584846941271,-0.013262279382106466,-0.20272278334524166
la,handedness,LvL,expected_bin_index,9926,11.316340922828934,10.92808789239239,-0.3882530304365428,-0.03430906094860606
la,handedness,LvR,expected_bin_index,43524,12.123173421560518,11.791803908224848,-0.33136951333566955,-0.027333562080894085
la,handedness,RvL,expected_bin_index,23277,12.11474846414916,11.7054727489356,-0.40927571521356043,-0.03378326148699816
la,handedness,RvR,expected_bin_index,45964,11.822404490470804,11.433375095546255,-0.3890293949245489,-0.032906114423518304
la,two_strike,0,bin_0,76020,0.04506708760852407,0.047650801436492356,0.0025837138279682856,0.057330392645110646
la,two_strike,0,bin_1,76020,0.03506971849513286,0.03975420036389985,0.004684481868766993,0.13357626093910985
la,two_strike,0,bin_2,76020,0.040778742436201,0.04292578647918888,0.002147044042987878,0.05265106069288338
la,two_strike,0,bin_3,76020,0.03033412259931597,0.033058784785729475,0.0027246621864135054,0.08982169098488928
la,two_strike,0,bin_4,76020,0.03446461457511181,0.03659421817427172,0.00212960359915991,0.06179101740768564
la,two_strike,0,bin_5,76020,0.04098921336490397,0.042398098201669315,0.0014088848367653437,0.034372087705680815
la,two_strike,0,bin_6,76020,0.04710602473033412,0.04737636251239016,0.0002703377820560404,0.005738921583887236
la,two_strike,0,bin_7,76020,0.038082083662194156,0.04012194421657662,0.002039860554382461,0.053564835697462766
la,two_strike,0,bin_8,76020,0.02653249144961852,0.028557206069970722,0.0020247146203522005,0.07631076124897089
la,two_strike,0,bin_9,76020,0.04310707708497764,0.0434842287049532,0.0003771516199755631,0.008749181004132533
la,two_strike,0,bin_10,76020,0.04394896079978953,0.04453316404374763,0.0005842032439581021,0.013292765820321737
la,two_strike,0,bin_11,76020,0.044014732965009205,0.04520455561462502,0.0011898226496158126,0.027032372332275578
la,two_strike,0,bin_12,76020,0.030939226519337018,0.030083070168800845,-0.0008561563505361733,-0.027672196329829885
la,two_strike,0,bin_13,76020,0.045435411733754275,0.04597680500777177,0.0005413932740174973,0.011915667831734264
la,two_strike,0,bin_14,76020,0.04471191791633781,0.045261628656455104,0.0005497107401172957,0.012294501460346224
la,two_strike,0,bin_15,76020,0.04469876348329387,0.043569746720251434,-0.0011290167630424383,-0.025258344416270204
la,two_strike,0,bin_16,76020,0.028992370428834516,0.028495733684716026,-0.0004966367441184907,-0.017129911655121444
la,two_strike,0,bin_17,76020,0.055103920021047095,0.05357496723301954,-0.001528952788027553,-0.027746715432288033
la,two_strike,0,bin_18,76020,0.03713496448303078,0.036469331893991916,-0.0006656325890388656,-0.017924686297816
la,two_strike,0,bin_19,76020,0.04405419626414102,0.0420347679680919,-0.0020194282960491194,-0.04583963543316036
la,two_strike,0,bin_20,76020,0.04212049460668245,0.042749522780127974,0.0006290281734455255,0.014934016784924689
la,two_strike,0,bin_21,76020,0.04469876348329387,0.043730358936574835,-0.0009684045467190372,-0.021665130559617777
la,two_strike,0,bin_22,76020,0.0468034727703236,0.0440375188834901,-0.002765953886833504,-0.059097193501147546
la,two_strike,0,bin_23,76020,0.06581162851881084,0.05235719746535163,-0.013454431053459205,-0.20443850663281407
la,two_strike,1,bin_0,46671,0.05043817359816589,0.052549713304745366,0.002111539706579478,0.04186392083507681
la,two_strike,1,bin_1,46671,0.03983201559855156,0.044318736006842364,0.0044867204082908035,0.1126410587279936
la,two_strike,1,bin_2,46671,0.04486726232564119,0.04699030010594222,0.0021230377803010264,0.04731819304891557
la,two_strike,1,bin_3,46671,0.03235413854427803,0.036122576444385365,0.0037684379001073354,0.11647467896417844
la,two_strike,1,bin_4,46671,0.03779649032589831,0.039257679116410794,0.001461188790512484,0.03865937757483455
la,two_strike,1,bin_5,46671,0.044652996507467166,0.04403813531243439,-0.0006148611950327759,-0.01376976335574601
la,two_strike,1,bin_6,46671,0.04715990658010328,0.04890718876785792,0.001747282187754641,0.03705016219204763
la,two_strike,1,bin_7,46671,0.03912493839857727,0.04086452861690923,0.0017395902183319559,0.04446243980272219
la,two_strike,1,bin_8,46671,0.027490304471727626,0.02878817728317184,0.0012978728114442124,0.04721202025168576
la,two_strike,1,bin_9,46671,0.04270317756208352,0.043857700705077995,0.001154523142994475,0.027036000806169164
la,two_strike,1,bin_10,46671,0.04510295472563262,0.04461468568797803,-0.0004882690376545873,-0.010825655228682776
la,two_strike,1,bin_11,46671,0.04536007370744145,0.04461222185895335,-0.0007478518484881,-0.016487006906371334
la,two_strike,1,bin_12,46671,0.028990165198945813,0.03017470538836737,0.0011845401894215561,0.040860070347740904
la,two_strike,1,bin_13,46671,0.04548863319834587,0.044999842093474136,-0.0004887911048717317,-0.010745346045910781
la,two_strike,1,bin_14,46671,0.04373165348931885,0.04423499633031824,0.0005033428409993851,0.011509805846292161
la,two_strike,1,bin_15,46671,0.04259604465299651,0.0426779250319129,8.188037891639077e-05,0.0019222531008082865
la,two_strike,1,bin_16,46671,0.02697606650810996,0.02774372245225491,0.0007676559441449488,0.028456926583946707
la,two_strike,1,bin_17,46671,0.05448779756165499,0.05103001087506629,-0.0034577866865887,-0.06345983580408227
la,two_strike,1,bin_18,46671,0.03548241948961882,0.03481950774843497,-0.0006629117411838456,-0.018682822386951244
la,two_strike,1,bin_19,46671,0.041289023162134945,0.04004908902203948,-0.001239934140095468,-0.030030600027190237
la,two_strike,1,bin_20,46671,0.04195324719847443,0.04071536837766153,-0.0012378788208129016,-0.02950615038108219
la,two_strike,1,bin_21,46671,0.04002485483490819,0.04103463091818765,0.0010097760832794636,0.025228725686689425
la,two_strike,1,bin_22,46671,0.042831737052987935,0.04045952841757929,-0.002372208635408643,-0.05538436679497588
la,two_strike,1,bin_23,46671,0.059265925306935786,0.04713903027008497,-0.01212689503685082,-0.2046183363213538
la,two_strike,0,expected_bin_index,76020,12.112430939226519,11.724746742011648,-0.38768419721487035,-0.03200713375870255
la,two_strike,1,expected_bin_index,46671,11.668659338775685,11.32127806265993,-0.34738127611575464,-0.02977045314549418
spray,overall,all,bin_0,121468,0.04858069615042645,0.04948458328011664,0.0009038871296901882,0.018605890843790506
spray,overall,all,bin_1,121468,0.03943425428919551,0.04271045909375412,0.003276204804558612,0.08308017645096565
spray,overall,all,bin_2,121468,0.03882504033984259,0.0412078808749952,0.002382840535152607,0.06137380706614014
spray,overall,all,bin_3,121468,0.03916257779826786,0.0410414229802361,0.001878845181968243,0.0479755237677777
spray,overall,all,bin_4,121468,0.03921197352389107,0.04096108778896344,0.0017491142650723768,0.044606636898973644
spray,overall,all,bin_5,121468,0.040726775776336155,0.04231933907661317,0.0015925633002770168,0.039103593886809916
spray,overall,all,bin_6,121468,0.04141008331412389,0.04263374082648721,0.0012236575123633214,0.029549747656411118
spray,overall,all,bin_7,121468,0.04020812065729246,0.042673828827435076,0.0024657081701426192,0.0613236363658648
spray,overall,all,bin_8,121468,0.04206869298910001,0.04279128207693356,0.0007225890878335486,0.017176409260462915
spray,overall,all,bin_9,121468,0.03745019264332993,0.04105043717301686,0.0036002445296869287,0.09613420587645898
spray,overall,all,bin_10,121468,0.039590674087002335,0.04114657365734322,0.001555899570340885,0.039299648369758085
spray,overall,all,bin_11,121468,0.041657061942239934,0.04244590969222631,0.0007888477499863739,0.018936711165087917
spray,overall,all,bin_12,121468,0.04207692561003721,0.04271550282130362,0.0006385772112664084,0.015176422754472335
spray,overall,all,bin_13,121468,0.04174762077254915,0.04167638153326254,-7.123923928661208e-05,-0.0017064263296521782
spray,overall,all,bin_14,121468,0.04048802976915731,0.040633914734624056,0.00014588496546674712,0.0036031628680998047
spray,overall,all,bin_15,121468,0.039845885336055584,0.040431952677214424,0.0005860673411588399,0.014708352850388837
spray,overall,all,bin_16,121468,0.04017519017354365,0.0395106028760136,-0.0006645872975300504,-0.016542231527946753
spray,overall,all,bin_17,121468,0.04209339085191161,0.039722287151578904,-0.002371103700332708,-0.05632959598513854
spray,overall,all,bin_18,121468,0.04206046036816281,0.03996565905649278,-0.0020948013116700234,-0.049804526468180545
spray,overall,all,bin_19,121468,0.043838706490598345,0.04007024543395995,-0.003768461056638396,-0.08596195823995356
spray,overall,all,bin_20,121468,0.04321302729937103,0.039882215687485886,-0.0033308116118851427,-0.07707887690464174
spray,overall,all,bin_21,121468,0.042463858794085686,0.03995157554679343,-0.0025122832472922532,-0.05916285798412086
spray,overall,all,bin_22,121468,0.04407745249777719,0.0406440755920676,-0.0034333769057095925,-0.07789417743420486
spray,overall,all,bin_23,121468,0.04959330852570224,0.04432904168057746,-0.005264266845124779,-0.10614873259356188
spray,overall,all,expected_bin_index,121468,11.679635788849739,11.336628883432208,-0.3430069054175302,-0.029367945338243377
spray,count,0-0,bin_0,19931,0.05017309718528925,0.05000819646802738,-0.0001649007172618705,-0.003286636195746341
spray,count,0-0,bin_1,19931,0.03858311173548743,0.04254951866818455,0.00396640693269712,0.10280163403847373
spray,count,0-0,bin_2,19931,0.03773016908333751,0.04146165738560199,0.0037314883022644754,0.0988993262665336
spray,count,0-0,bin_3,19931,0.03702774572274346,0.040519891349515995,0.0034921456267725318,0.09431159144607498
spray,count,0-0,bin_4,19931,0.03803120766644925,0.04123922217459316,0.003208014508143911,0.08435215984408483
spray,count,0-0,bin_5,19931,0.04053986252571371,0.04272616883001344,0.0021863063042997302,0.05392979078093803
spray,count,0-0,bin_6,19931,0.04229592092719884,0.04295517439973328,0.0006592534725344407,0.015586691531534918
spray,count,0-0,bin_7,19931,0.040439516331343135,0.0433631006838729,0.0029235843525297622,0.07229523539735817
spray,count,0-0,bin_8,19931,0.04269730570468115,0.043419884906820264,0.000722579202139112,0.016923297388759858
spray,count,0-0,bin_9,19931,0.0387336310270433,0.041596701356534586,0.0028630703294912838,0.07391691028120566
spray,count,0-0,bin_10,19931,0.038934323415784455,0.04158700992245951,0.0026526865066750574,0.06813233861409868
spray,count,0-0,bin_11,19931,0.041141939691937184,0.043389939798996024,0.002248000107058841,0.0546401099192558
spray,count,0-0,bin_12,19931,0.04209522853845768,0.04381949981379773,0.0017242712753400488,0.040961204754234225
spray,count,0-0,bin_13,19931,0.043500075259645776,0.042198087572052886,-0.0013019876875928899,-0.029930699655610023
spray,count,0-0,bin_14,19931,0.04254678641312528,0.04063708550723473,-0.0019097009058905504,-0.04488472730578368
spray,count,0-0,bin_15,19931,0.03752947669459636,0.04052588816589451,0.0029964114712981507,0.07984154683749123
spray,count,0-0,bin_16,19931,0.04234609402438413,0.039185490074475644,-0.003160603949908483,-0.07463743758960424
spray,count,0-0,bin_17,19931,0.040590035622899,0.039191561578036306,-0.0013984740448626937,-0.03445362940439845
spray,count,0-0,bin_18,19931,0.04064020872008429,0.039599245539283144,-0.0010409631808011438,-0.02561411994635506
spray,count,0-0,bin_19,19931,0.04360042145401636,0.038930924607044864,-0.004669496846971495,-0.10709751629112642
spray,count,0-0,bin_20,19931,0.04465405649490743,0.03909761865534708,-0.005556437839560349,-0.12443299166323293
spray,count,0-0,bin_21,19931,0.04194470924690181,0.039040610388708326,-0.0029040988581934823,-0.06923635686920371
spray,count,0-0,bin_22,19931,0.045908383924539664,0.040107765223104205,-0.005800618701435459,-0.12635205610744277
spray,count,0-0,bin_23,19931,0.048316692589433545,0.042849756919753984,-0.005466935669679561,-0.11314796971171685
spray,count,0-1,bin_0,15624,0.051267281105990783,0.05136015843118538,9.287732519459857e-05,0.0018116296240204845
spray,count,0-1,bin_1,15624,0.04262672811059908,0.04421027309697944,0.0015835449863803586,0.0371491094102203
spray,count,0-1,bin_2,15624,0.04045058883768561,0.042248719367600704,0.001798130529915093,0.044452518037014895
spray,count,0-1,bin_3,15624,0.03795442908346134,0.04202377229829115,0.00406934321482981,0.10721655714755642
spray,count,0-1,bin_4,15624,0.038146441372247826,0.04180967565168001,0.003663234279432187,0.09603082614404108
spray,count,0-1,bin_5,15624,0.04237071172555044,0.043344356449383,0.0009736447238325591,0.02297919209238656
spray,count,0-1,bin_6,15624,0.04141065028161802,0.04355902088865508,0.002148370607037056,0.05187966362341108
spray,count,0-1,bin_7,15624,0.039746543778801845,0.04330950734722856,0.0035629635684267177,0.08964209789548959
spray,count,0-1,bin_8,15624,0.04217869943676395,0.04338467726706355,0.0012059778302995969,0.02859210564582838
spray,count,0-1,bin_9,15624,0.04025857654889913,0.04122722003054971,0.0009686434816505787,0.024060549693654436
spray,count,0-1,bin_10,15624,0.039938556067588324,0.041141932548594336,0.0012033764810060119,0.03013069573595822
spray,count,0-1,bin_11,15624,0.04358678955453149,0.0427400440635455,-0.0008467454909859909,-0.019426654260154365
spray,count,0-1,bin_12,15624,0.04089861751152074,0.042984246581961406,0.0020856290704406658,0.05099509952514078
spray,count,0-1,bin_13,15624,0.04281874039938556,0.04175522130720059,-0.0010635190921849669,-0.024837701489234563
spray,count,0-1,bin_14,15624,0.04019457245263697,0.04066411850384019,0.00046954605120322346,0.011681827235667458
spray,count,0-1,bin_15,15624,0.03865847414234511,0.0402655327463493,0.0016070586040041884,0.04157066825986993
spray,count,0-1,bin_16,15624,0.040706605222734255,0.03919051001645005,-0.001516095206284207,-0.03724445204871769
spray,count,0-1,bin_17,15624,0.04160266257040451,0.03901306264279916,-0.0025895999276053447,-0.06224601425985524
spray,count,0-1,bin_18,15624,0.041666666666666664,0.039295964069657914,-0.0023707025970087503,-0.05689686232821001
spray,count,0-1,bin_19,15624,0.04230670762928827,0.03892147784555083,-0.0033852297837374465,-0.08001638447974867
spray,count,0-1,bin_20,15624,0.04134664618535586,0.03831185510661257,-0.0030347910787432916,-0.0733987241707201
spray,count,0-1,bin_21,15624,0.04217869943676395,0.038149837128198076,-0.004028862308565875,-0.0955188842322204
spray,count,0-1,bin_22,15624,0.040386584741423454,0.03870355214553997,-0.0016830325958834824,-0.041673060662572946
spray,count,0-1,bin_23,15624,0.047299027137736815,0.042385264715744025,-0.00491376242199279,-0.10388717737647545
spray,count,0-2,bin_0,8127,0.051556539928632954,0.052048720174126456,0.0004921802454935023,0.009546417315335783
spray,count,0-2,bin_1,8127,0.043681555309462286,0.04658104130811896,0.0028994859986566715,0.06637781045375428
spray,count,0-2,bin_2,8127,0.04171280915466962,0.04427115922796024,0.0025583500732906175,0.061332480960568876
spray,count,0-2,bin_3,8127,0.04085148271194783,0.04447914072788468,0.003627658015936855,0.08880113462505669
spray,count,0-2,bin_4,8127,0.04355850867478774,0.04349826315764403,-6.0245517143710237e-05,-0.0013830941181551782
spray,count,0-2,bin_5,8127,0.044419835117509535,0.044305032035965315,-0.00011480308154421942,-0.002584500398088286
spray,count,0-2,bin_6,8127,0.046019441368278576,0.04406636533835792,-0.0019530760299206543,-0.04244023768760737
spray,count,0-2,bin_7,8127,0.04060538944259875,0.04365479042586983,0.0030494009832710833,0.07509842966983059
spray,count,0-2,bin_8,8127,0.042328042328042326,0.04335176152190993,0.0010237191938676019,0.024185365955122096
spray,count,0-2,bin_9,8127,0.03580657069029162,0.04088874871784434,0.005082178027552724,0.14193422965608588
spray,count,0-2,bin_10,8127,0.034945244247569826,0.0407732269839843,0.0058279827364144735,0.1667747031649311
spray,count,0-2,bin_11,8127,0.04146671588532053,0.04136896492879689,-9.775095652364563e-05,-0.0023573353818031693
spray,count,0-2,bin_12,8127,0.04478897502153316,0.04193059763353316,-0.0028583773879999955,-0.0638187720666922
spray,count,0-2,bin_13,8127,0.04245108896271687,0.041263431546205986,-0.001187657416510883,-0.027977077750678106
spray,count,0-2,bin_14,8127,0.041835855789344165,0.040449461964971005,-0.0013863938243731597,-0.03313889003141373
spray,count,0-2,bin_15,8127,0.04085148271194783,0.03975526033102534,-0.0010962223809224889,-0.026834335210111648
spray,count,0-2,bin_16,8127,0.036544850498338874,0.038657056119400686,0.002112205621061812,0.05779762653996413
spray,count,0-2,bin_17,8127,0.03851359665313154,0.03840652983031738,-0.00010706682281415997,-0.002779974661375968
spray,count,0-2,bin_18,8127,0.039990156269226036,0.0382100982221218,-0.0017800580471042382,-0.04451240538097275
spray,count,0-2,bin_19,8127,0.042328042328042326,0.038242015776373935,-0.004086026551668391,-0.09653237728316574
spray,count,0-2,bin_20,8127,0.039990156269226036,0.03775791940014565,-0.0022322368690803895,-0.055819658569281005
spray,count,0-2,bin_21,8127,0.03851359665313154,0.03716319512818336,-0.0013504015249481763,-0.0350629814480953
spray,count,0-2,bin_22,8127,0.03949796973052787,0.037161821378148545,-0.0023361483523793233,-0.05914603632332324
spray,count,0-2,bin_23,8127,0.04774209425372216,0.04171539773909928,-0.006026696514622877,-0.12623443962458794
spray,count,1-0,bin_0,10597,0.04699443238652449,0.0498769638651162,0.0028825314785917086,0.061337723049470556
spray,count,1-0,bin_1,10597,0.03529300745494008,0.040760892005781486,0.0054678845508414065,0.15492826894456252
spray,count,1-0,bin_2,10597,0.03416061149381901,0.03960466103396227,0.005444049540143263,0.1593662789417076
spray,count,1-0,bin_3,10597,0.03633103708596773,0.038697986787580636,0.002366949701612907,0.0651495220467324
spray,count,1-0,bin_4,10597,0.03576483910540719,0.03935006234925343,0.0035852232438462403,0.10024435544865068
spray,count,1-0,bin_5,10597,0.039822591299424365,0.040957700967924435,0.00113510966850007,0.028504163879372612
spray,count,1-0,bin_6,10597,0.04123808625082571,0.04156970228118845,0.00033161603036273996,0.008041499024608594
spray,count,1-0,bin_7,10597,0.03991695762951779,0.04182657815529925,0.0019096205257814608,0.04783983146975447
spray,count,1-0,bin_8,10597,0.04255921487213362,0.04205178693262733,-0.00050742793950629,-0.01192286890232407
spray,count,1-0,bin_9,10597,0.035670472775313766,0.040497950493596946,0.00482747771828318,0.13533540047790174
spray,count,1-0,bin_10,10597,0.04340851184297443,0.04067832944755231,-0.0027301823954221233,-0.06289509313975704
spray,count,1-0,bin_11,10597,0.04095498726054544,0.04280313174940079,0.001848144488855355,0.04512623766912488
spray,count,1-0,bin_12,10597,0.04020005661979806,0.04297607589517875,0.002776019275380695,0.06905510859438785
spray,count,1-0,bin_13,10597,0.03689723506652826,0.041617204409748816,0.004719969343220554,0.1279220335808394
spray,count,1-0,bin_14,10597,0.041615551571199394,0.040488987282696245,-0.0011265642885031485,-0.027070752302194707
spray,count,1-0,bin_15,10597,0.03963385863923752,0.04090012736402254,0.0012662687247850246,0.03194916589654025
spray,count,1-0,bin_16,10597,0.04255921487213362,0.0399561043810734,-0.002603110491060219,-0.06116443874449034
spray,count,1-0,bin_17,10597,0.04444654147400207,0.04062707539045071,-0.003819466083551361,-0.0859339322449974
spray,count,1-0,bin_18,10597,0.04312541285269416,0.04099632071508982,-0.0021290921376043367,-0.049369779829744324
spray,count,1-0,bin_19,10597,0.04312541285269416,0.041170519993033575,-0.0019548928596605855,-0.04533041495366132
spray,count,1-0,bin_20,10597,0.045390204774936306,0.04117805516060875,-0.004212149614327559,-0.09279864753228512
spray,count,1-0,bin_21,10597,0.04878739265829952,0.041805405734724264,-0.0069819869235752535,-0.14311047471784713
spray,count,1-0,bin_22,10597,0.049259224308766635,0.04303958541396352,-0.006219638894803113,-0.12626343557131914
spray,count,1-0,bin_23,10597,0.05284514485231669,0.04656879244818028,-0.006276352404136411,-0.11876876147613133
spray,count,1-1,bin_0,13962,0.04834550923936399,0.04828399756985967,-6.151166950432024e-05,-0.0012723347105471395
spray,count,1-1,bin_1,13962,0.03838991548488755,0.04177592503586605,0.0033860095509785013,0.08820049505739148
spray,count,1-1,bin_2,13962,0.03645609511531299,0.04029869628037513,0.0038426011650621386,0.10540353136856107
spray,count,1-1,bin_3,13962,0.0417561953874803,0.04016362198511426,-0.0015925734023660432,-0.0381398110528897
spray,count,1-1,bin_4,13962,0.03702907892852027,0.04014022200789214,0.003111143079371874,0.08401891619765978
spray,count,1-1,bin_5,13962,0.03910614525139665,0.041864104979483424,0.0027579597280867757,0.07052497018964755
spray,count,1-1,bin_6,13962,0.04103996562097121,0.04230355585919586,0.0012635902382246503,0.03078926161621739
spray,count,1-1,bin_7,13962,0.04304540896719668,0.04229863663464994,-0.0007467723325467399,-0.017348478048282167
spray,count,1-1,bin_8,13962,0.04261567110729122,0.04265617793883841,4.0506831547194866e-05,0.0009505149278351844
spray,count,1-1,bin_9,13962,0.035524996418851165,0.04093037076658243,0.005405374347731265,0.15215692871577405
spray,count,1-1,bin_10,13962,0.04046698180776393,0.04103773442279811,0.0005707526150341771,0.014104155771871116
spray,count,1-1,bin_11,13962,0.04018048990116029,0.042690721919260564,0.0025102320181002724,0.06247390273924421
spray,count,1-1,bin_12,13962,0.041684572410829394,0.042948682619641944,0.0012641102088125494,0.030325612947492808
spray,count,1-1,bin_13,13962,0.04068185073771666,0.04185578333804724,0.0011739326003305794,0.028856420714464
spray,count,1-1,bin_14,13962,0.03896289929809483,0.04091102676572834,0.0019481274676335092,0.04999955092481444
spray,count,1-1,bin_15,13962,0.040252112877811205,0.040783214857201794,0.0005311019793905886,0.01319438760898825
spray,count,1-1,bin_16,13962,0.041541326457527575,0.04002273684734589,-0.0015185896101816837,-0.03655611747820115
spray,count,1-1,bin_17,13962,0.0431886549204985,0.04023073618041114,-0.0029579187400873563,-0.06848832744460973
spray,count,1-1,bin_18,13962,0.042973785990545764,0.0406822687429866,-0.0022915172475591605,-0.05332360635070167
spray,count,1-1,bin_19,13962,0.04705629565964761,0.04069437015961914,-0.006361925500028474,-0.1351981793476371
spray,count,1-1,bin_20,13962,0.04340352385045122,0.0403249306004758,-0.00307859324997542,-0.0709295692345822
spray,count,1-1,bin_21,13962,0.041684572410829394,0.04045600355535521,-0.0012285688554741839,-0.029472986873076555
spray,count,1-1,bin_22,13962,0.04454949147686578,0.041315321215188924,-0.0032341702616768553,-0.07259724307641842
spray,count,1-1,bin_23,13962,0.05006446067898582,0.04533116007330605,-0.004733300605679766,-0.09454412454435035
spray,count,1-2,bin_0,13881,0.04718680210359484,0.04955486681231879,0.0023680647087239506,0.05018489499511017
spray,count,1-2,bin_1,13881,0.04135148764498235,0.04459277622204453,0.0032412885770621777,0.07838384449163778
spray,count,1-2,bin_2,13881,0.04163965132195087,0.04269000519405256,0.0010503538721016933,0.02522484792152873
spray,count,1-2,bin_3,13881,0.04243210143361429,0.04331239750288033,0.00088029606926604,0.020745992763127167
spray,count,1-2,bin_4,13881,0.04632231107268929,0.04254956337005897,-0.003772747702630322,-0.08144558454154198
spray,count,1-2,bin_5,13881,0.041711692241193,0.043649018674929166,0.0019373264337361681,0.04644564460568523
spray,count,1-2,bin_6,13881,0.04408904257618327,0.04355694626219271,-0.0005320963139905585,-0.012068674729579973
spray,count,1-2,bin_7,13881,0.04070311937180318,0.04308057446791504,0.002377455096111862,0.0584096534320863
spray,count,1-2,bin_8,13881,0.040414955694834664,0.04291164554265672,0.002496689847822059,0.06177638463033512
spray,count,1-2,bin_9,13881,0.04005475109862402,0.040747151455960244,0.0006924003573362258,0.017286347770115378
spray,count,1-2,bin_10,13881,0.040486996614076794,0.04088177151233146,0.0003947748982546656,0.00975065900831497
spray,count,1-2,bin_11,13881,0.04120740580649809,0.041542148521202325,0.0003347427147042323,0.008123362976939594
spray,count,1-2,bin_12,13881,0.042720265110582814,0.0421031454376544,-0.0006171196729284137,-0.01444559558165145
spray,count,1-2,bin_13,13881,0.04135148764498235,0.041423158958732165,7.167131374981317e-05,0.0017332221361692623
spray,count,1-2,bin_14,13881,0.037821482602118005,0.04055784384850721,0.0027363612463892073,0.07234939135453064
spray,count,1-2,bin_15,13881,0.03738923708666522,0.03996739177343427,0.0025781546867690505,0.06895446089988669
spray,count,1-2,bin_16,13881,0.03890209639074994,0.03912221715677161,0.00022012076602166697,0.005658326579901406
spray,count,1-2,bin_17,13881,0.040991283048771705,0.03914119559167532,-0.0018500874570963888,-0.04513368012645865
spray,count,1-2,bin_18,13881,0.038685973633023556,0.0391331915051616,0.0004472178721380421,0.011560207231188384
spray,count,1-2,bin_19,13881,0.04372883797997262,0.03934546181787622,-0.0043833761620964,-0.10023994152563448
spray,count,1-2,bin_20,13881,0.04214393775664577,0.03895313098680825,-0.0031908067698375245,-0.07571211755917039
spray,count,1-2,bin_21,13881,0.038613932713781426,0.0385190451279407,-9.488758584072499e-05,-0.002457340632565492
spray,count,1-2,bin_22,13881,0.04279230602982494,0.038756581453739114,-0.004035724576085829,-0.0943095839068138
spray,count,1-2,bin_23,13881,0.04725884302283697,0.043908770939137,-0.003350072083699973,-0.07088772956377946
spray,count,2-0,bin_0,3626,0.04522890237175951,0.048079604515158206,0.0028507021433986923,0.06302832909733938
spray,count,2-0,bin_1,3626,0.03392167677881964,0.038605296931487974,0.004683620152668336,0.1380715989721576
spray,count,2-0,bin_2,3626,0.03254274682846112,0.038049282280405106,0.005506535451943989,0.16920930126058392
spray,count,2-0,bin_3,3626,0.03143960286817429,0.03701672469374774,0.005577121825573447,0.17739161175025722
spray,count,2-0,bin_4,3626,0.03116381687810259,0.03796850650926649,0.006804689631163898,0.2183522531203566
spray,count,2-0,bin_5,3626,0.03419746276889134,0.03978796921419627,0.005590506445304934,0.1634772287957717
spray,count,2-0,bin_6,3626,0.04302261445118588,0.040804697220609636,-0.0022179172305762454,-0.05155235819275299
spray,count,2-0,bin_7,3626,0.035024820739106455,0.04163927866986625,0.006614457930759793,0.1888505862750788
spray,count,2-0,bin_8,3626,0.04164368450082736,0.04210338531555086,0.0004597008147235043,0.011038908305876997
spray,count,2-0,bin_9,3626,0.03667953667953668,0.041293948766471966,0.004614412086935284,0.12580344531749876
spray,count,2-0,bin_10,3626,0.04054054054054054,0.04141956927091442,0.0008790287303738764,0.021682708682555618
spray,count,2-0,bin_11,3626,0.0444015444015444,0.04364236345891833,-0.0007591809426260726,-0.01709807514262198
spray,count,2-0,bin_12,3626,0.039713182570325425,0.0434089719476263,0.003695789377300876,0.09306202973675679
spray,count,2-0,bin_13,3626,0.04247104247104247,0.041939241791839936,-0.0005318006792025334,-0.012521488719405106
spray,count,2-0,bin_14,3626,0.04247104247104247,0.04069159765652947,-0.0017794448145129968,-0.04189783699626056
spray,count,2-0,bin_15,3626,0.04329840044125759,0.0416087646141154,-0.00168963582714219,-0.03902305419883809
spray,count,2-0,bin_16,3626,0.03861003861003861,0.04051967240692438,0.0019096337968857735,0.04945951533934154
spray,count,2-0,bin_17,3626,0.050468836183121896,0.041637140555900246,-0.00883169562722165,-0.17499305106177981
spray,count,2-0,bin_18,3626,0.04467733039161611,0.04158913318828662,-0.003088197203329486,-0.0691222411066217
spray,count,2-0,bin_19,3626,0.04771097628240485,0.04209956575560735,-0.005611410526797499,-0.11761256976975568
spray,count,2-0,bin_20,3626,0.049089906232763374,0.0422768579647562,-0.006813048268007174,-0.1387871517965956
spray,count,2-0,bin_21,3626,0.04633204633204633,0.04336705287234671,-0.0029649934596996178,-0.06399444217185009
spray,count,2-0,bin_22,3626,0.04771097628240485,0.04395515437470519,-0.003755821907699665,-0.07872029038912709
spray,count,2-0,bin_23,3626,0.05763927192498621,0.046496220621433694,-0.011143051303552517,-0.1933239427113944
spray,count,2-1,bin_0,8094,0.04595997034840623,0.048524772001137036,0.0025648016527308054,0.05580511983119123
spray,count,2-1,bin_1,8094,0.037682233753397576,0.04134698598543347,0.003664752232035891,0.0972541133314705
spray,count,2-1,bin_2,8094,0.037064492216456635,0.04013380116002554,0.0030693089435689033,0.08280995529748901
spray,count,2-1,bin_3,8094,0.0374351371386212,0.03978385634814951,0.0023487192095283105,0.06274103393373645
spray,count,2-1,bin_4,8094,0.037064492216456635,0.039826590572541225,0.00276209835608459,0.07452141364716224
spray,count,2-1,bin_5,8094,0.043241907585866074,0.04141513584686327,-0.0018267717390028013,-0.04224540130139621
spray,count,2-1,bin_6,8094,0.03681739560168026,0.0419859798574383,0.005168584255758044,0.14038429854397855
spray,count,2-1,bin_7,8094,0.04262416604892513,0.04211024436229241,-0.0005139216866327234,-0.01205704965682685
spray,count,2-1,bin_8,8094,0.03879416851989128,0.04234591331286321,0.0035517447929719337,0.09155357437679883
spray,count,2-1,bin_9,8094,0.0396590066716086,0.041098943828194165,0.0014399371565855662,0.036307948116522035
spray,count,2-1,bin_10,8094,0.04175932789720781,0.04120741243445592,-0.0005519154627518855,-0.013216579158324736
spray,count,2-1,bin_11,8094,0.04126513466765505,0.0427044792052777,0.00143934453762265,0.0348804032560411
spray,count,2-1,bin_12,8094,0.03978255497899679,0.04262755204800506,0.0028449970690082663,0.07151368408867362
spray,count,2-1,bin_13,8094,0.04583642204101804,0.041488885074504794,-0.0043475369665132435,-0.09484896012657194
spray,count,2-1,bin_14,8094,0.03817642698295033,0.040671497226031354,0.0024950702430810226,0.06535630597895728
spray,count,2-1,bin_15,8094,0.04311835927847788,0.040750107810661,-0.0023682514678168842,-0.054924433755042586
spray,count,2-1,bin_16,8094,0.04002965159377316,0.04006944568844792,3.9794094674756864e-05,0.0009941154391897595
spray,count,2-1,bin_17,8094,0.043241907585866074,0.040477494542188276,-0.0027644130436777978,-0.06392902621579456
spray,count,2-1,bin_18,8094,0.04497158388930072,0.04078677344774333,-0.004184810441557392,-0.09305454866474046
spray,count,2-1,bin_19,8094,0.042994810971089696,0.04105304047127783,-0.0019417704998118679,-0.04516290352148637
spray,count,2-1,bin_20,8094,0.044848035581912526,0.040798846787979966,-0.004049188793932561,-0.09028687079363677
spray,count,2-1,bin_21,8094,0.04101803805287867,0.04132161092005825,0.00030357286717957316,0.00740096020166104
spray,count,2-1,bin_22,8094,0.044230294044971585,0.04222114147644047,-0.002009152568531118,-0.04542480695444377
spray,count,2-1,bin_23,8094,0.05238448233259204,0.04524948947604515,-0.007134992856546889,-0.13620432118134557
spray,count,2-2,bin_0,14040,0.04814814814814815,0.04862068398932068,0.00047253584117253056,0.009814205932044866
spray,count,2-2,bin_1,14040,0.039316239316239315,0.043078162358732956,0.003761923042493641,0.0956836947764687
spray,count,2-2,bin_2,14040,0.04266381766381767,0.04139930238737586,-0.0012645152764418077,-0.02963905589523035
spray,count,2-2,bin_3,14040,0.040740740740740744,0.04201994248972413,0.001279201748983383,0.03139858838413758
spray,count,2-2,bin_4,14040,0.039316239316239315,0.04133129408589678,0.002015054769657465,0.05125248001085291
spray,count,2-2,bin_5,14040,0.04173789173789174,0.04238506062995857,0.0006471688920668267,0.015505548199007247
spray,count,2-2,bin_6,14040,0.03831908831908832,0.042547153606381505,0.004228065287293185,0.11033835805501176
spray,count,2-2,bin_7,14040,0.039886039886039885,0.042382782719206986,0.002496742833167101,0.06259690960297518
spray,count,2-2,bin_8,14040,0.04245014245014245,0.04240908815247369,-4.10542976687564e-05,-0.0009671180189082884
spray,count,2-2,bin_9,14040,0.034401709401709404,0.040663498950169616,0.0062617895484602115,0.18201972103598626
spray,count,2-2,bin_10,14040,0.03853276353276353,0.04088366308709805,0.0023508995543345193,0.061010406179032625
spray,count,2-2,bin_11,14040,0.041666666666666664,0.041388373559052616,-0.0002782931076140485,-0.0066790345827371644
spray,count,2-2,bin_12,14040,0.04522792022792023,0.041877107440078255,-0.003350812787841974,-0.07408726226976585
spray,count,2-2,bin_13,14040,0.0400997150997151,0.04141442183417557,0.0013147067344604704,0.03278593703698935
spray,count,2-2,bin_14,14040,0.04095441595441596,0.04060131112054973,-0.000353104833866226,-0.00862189889996837
spray,count,2-2,bin_15,14040,0.039316239316239315,0.04008712927735124,0.000770889961111923,0.019607418576107608
spray,count,2-2,bin_16,14040,0.0405982905982906,0.039385424855061406,-0.001212865743229194,-0.029874798306908566
spray,count,2-2,bin_17,14040,0.04145299145299145,0.039586428485884936,-0.001866562967106515,-0.04502842621679635
spray,count,2-2,bin_18,14040,0.04294871794871795,0.039882191675672876,-0.0030665262730450726,-0.07139971620821363
spray,count,2-2,bin_19,14040,0.04309116809116809,0.04048953916027426,-0.002601628930893836,-0.060374992049172654
spray,count,2-2,bin_20,14040,0.04195156695156695,0.040343515924954276,-0.0016080510266126766,-0.038331131432329336
spray,count,2-2,bin_21,14040,0.04408831908831909,0.040292905604206244,-0.0037954134841128445,-0.08608659986582284
spray,count,2-2,bin_22,14040,0.04316239316239316,0.040932824395214375,-0.002229568767178787,-0.05165535559602338
spray,count,2-2,bin_23,14040,0.04992877492877493,0.04599819455424904,-0.0039305803745258855,-0.07872374958394213
spray,count,3-0,bin_0,255,0.050980392156862744,0.03409881496019593,-0.016881577196666817,-0.33113862962692603
spray,count,3-0,bin_1,255,0.027450980392156862,0.029416242657074085,0.0019652622649172224,0.07159169679341311
spray,count,3-0,bin_2,255,0.027450980392156862,0.031114979047675198,0.0036639986555183357,0.13347423673673936
spray,count,3-0,bin_3,255,0.03529411764705882,0.028064348376310413,-0.00722976927074841,-0.20484346267120496
spray,count,3-0,bin_4,255,0.023529411764705882,0.03142787306112986,0.007898461296423978,0.33568460509801906
spray,count,3-0,bin_5,255,0.0196078431372549,0.03180087471024736,0.012193031572992459,0.6218446102226154
spray,count,3-0,bin_6,255,0.06274509803921569,0.032930837832756486,-0.0298142602064592,-0.4751647720404435
spray,count,3-0,bin_7,255,0.027450980392156862,0.03804870024688688,0.010597719854730014,0.386059794708022
spray,count,3-0,bin_8,255,0.03137254901960784,0.040325653463529024,0.008953104443921181,0.28538020414998766
spray,count,3-0,bin_9,255,0.027450980392156862,0.039602059006289235,0.012151078614132373,0.44264643522910785
spray,count,3-0,bin_10,255,0.027450980392156862,0.039858047773732856,0.012407067381575994,0.4519717403288398
spray,count,3-0,bin_11,255,0.023529411764705882,0.042703314366586066,0.019173902601880184,0.8148908605799079
spray,count,3-0,bin_12,255,0.043137254901960784,0.04184992581277209,-0.0012873290891886949,-0.029842628885737927
spray,count,3-0,bin_13,255,0.0392156862745098,0.04280956675499385,0.003593880480484049,0.09164395225234326
spray,count,3-0,bin_14,255,0.023529411764705882,0.04114034716770345,0.017610935402997567,0.7484647546273966
spray,count,3-0,bin_15,255,0.023529411764705882,0.04414952178942222,0.020620110024716337,0.8763546760504444
spray,count,3-0,bin_16,255,0.043137254901960784,0.04216026649262537,-0.0009769884093354109,-0.02264836767095725
spray,count,3-0,bin_17,255,0.07058823529411765,0.04397521112981599,-0.026613024164301655,-0.37701784232760677
spray,count,3-0,bin_18,255,0.06274509803921569,0.04752388830324087,-0.015221209735974815,-0.24258803016709862
spray,count,3-0,bin_19,255,0.0784313725490196,0.04855418289856364,-0.029877189650455965,-0.38093416804331354
spray,count,3-0,bin_20,255,0.058823529411764705,0.053549731061474294,-0.005273798350290411,-0.08965457195493699
spray,count,3-0,bin_21,255,0.050980392156862744,0.05676406905073307,0.0057836768938703265,0.11344904676437949
spray,count,3-0,bin_22,255,0.0784313725490196,0.056598306906194995,-0.02183306564282461,-0.2783715869460138
spray,count,3-0,bin_23,255,0.043137254901960784,0.06153323501565348,0.018395980113692693,0.426452266271967
spray,count,3-1,bin_0,3201,0.046860356138706656,0.04665396573714422,-0.00020639040156243682,-0.004404371169342402
spray,count,3-1,bin_1,3201,0.037800687285223365,0.03836814940691705,0.0005674621216936876,0.015011952492078463
spray,count,3-1,bin_2,3201,0.0359262730396751,0.03787818744245326,0.001951914402778164,0.054331113072112205
spray,count,3-1,bin_3,3201,0.033114651671352704,0.03718377428298574,0.004069122611633037,0.12287982528148444
spray,count,3-1,bin_4,3201,0.03686348016244923,0.03788895284233422,0.001025472679884988,0.02781811905349023
spray,count,3-1,bin_5,3201,0.031865042174320526,0.03948711964758334,0.007622077473262816,0.23919872541092424
spray,count,3-1,bin_6,3201,0.03655107778819119,0.040542991513929566,0.003991913725738379,0.10921466526571412
spray,count,3-1,bin_7,3201,0.033739456419868794,0.041353266501740454,0.007613810081871661,0.22566487103769614
spray,count,3-1,bin_8,3201,0.041861918150577944,0.04193122251040306,6.930435982511335e-05,0.0016555466850760286
spray,count,3-1,bin_9,3201,0.037175882536707276,0.04146396594568075,0.004288083408973471,0.11534584026995028
spray,count,3-1,bin_10,3201,0.041861918150577944,0.04176956480014016,-9.235335043778631e-05,-0.0022061423488907014
spray,count,3-1,bin_11,3201,0.04279912527335208,0.04338262663676727,0.0005835013634151939,0.01363348806052581
spray,count,3-1,bin_12,3201,0.04498594189315839,0.04288430010532726,-0.002101641787831128,-0.04671774557532945
spray,count,3-1,bin_13,3201,0.047485160887222745,0.041640551860187634,-0.005844609027035111,-0.12308285194433809
spray,count,3-1,bin_14,3201,0.0359262730396751,0.04089084751345392,0.004964574473778821,0.1381878512223131
spray,count,3-1,bin_15,3201,0.04779756326148079,0.041832913751134945,-0.005964649510345844,-0.12478982406939246
spray,count,3-1,bin_16,3201,0.03498906591690097,0.04101786558294549,0.0060287996660445195,0.17230524759829022
spray,count,3-1,bin_17,3201,0.04373633239612621,0.042418646550719065,-0.001317685845407146,-0.030127945651059102
spray,count,3-1,bin_18,3201,0.04842236800999688,0.04203448970680476,-0.006387878303192117,-0.1319199899904385
spray,count,3-1,bin_19,3201,0.05092158700406123,0.04286942515596961,-0.00805216184809162,-0.15812865077141888
spray,count,3-1,bin_20,3201,0.044673539518900345,0.04292074757476505,-0.0017527919441352943,-0.03923557351872082
spray,count,3-1,bin_21,3201,0.04904717275851297,0.04406664052118968,-0.004980532237323289,-0.10154575599790985
spray,count,3-1,bin_22,3201,0.040612308653545766,0.04440200438215563,0.0037896957286098626,0.09331396944061669
spray,count,3-1,bin_23,3201,0.054982817869415807,0.04511778008878279,-0.009865037780633017,-0.179420374635263
spray,count,3-2,bin_0,10130,0.04718657453109575,0.0484013200011348,0.0012147454700390456,0.025743455254174753
spray,count,3-2,bin_1,10130,0.040276406712734455,0.042112822851593436,0.0018364161388589803,0.04559533207510164
spray,count,3-2,bin_2,10130,0.03998025666337611,0.04057469283979416,0.0005944361764180506,0.014868243128678647
spray,count,3-2,bin_3,10130,0.04274432379072063,0.040978769123147296,-0.0017655546675733325,-0.041305008735607066
spray,count,3-2,bin_4,10130,0.04215202369200395,0.040384856313259304,-0.0017671673787446468,-0.04192366638567511
spray,count,3-2,bin_5,10130,0.03968410661401777,0.04127191887220468,0.0015878122581869103,0.040011288993615425
spray,count,3-2,bin_6,10130,0.04136229022704837,0.04192516624196104,0.0005628760149126721,0.013608434441683458
spray,count,3-2,bin_7,10130,0.03859822309970385,0.04215403275070381,0.0035558096509999623,0.09212366180212178
spray,count,3-2,bin_8,10130,0.044027640671273446,0.04245011721530135,-0.0015775234559720977,-0.03583029732959047
spray,count,3-2,bin_9,10130,0.03593287265547877,0.04130789328253665,0.005375020627057879,0.14958505206619868
spray,count,3-2,bin_10,10130,0.036623889437314906,0.04164302128399074,0.005019131846675837,0.13704529813160707
spray,count,3-2,bin_11,10130,0.04264560710760119,0.04205453794097104,-0.0005910691666301468,-0.013860024671211543
spray,count,3-2,bin_12,10130,0.04067127344521224,0.04195620560627164,0.0012849321610593975,0.03159311357167888
spray,count,3-2,bin_13,10130,0.04017769002961501,0.04142282883444045,0.0012451388048254422,0.03099080121101162
spray,count,3-2,bin_14,10130,0.04274432379072063,0.04050355609550039,-0.00224076769522024,-0.05242257910526798
spray,count,3-2,bin_15,10130,0.043237907206317865,0.03997558465591555,-0.003262322550402312,-0.07545051925930461
spray,count,3-2,bin_16,10130,0.037018756169792694,0.03951183132737816,0.002493075157585463,0.06734627025690863
spray,count,3-2,bin_17,10130,0.041954590325765054,0.04000531845148708,-0.0019492718742779719,-0.046461468438672604
spray,count,3-2,bin_18,10130,0.04234945705824284,0.04023726723026082,-0.0021121898279820236,-0.049875251649086016
spray,count,3-2,bin_19,10130,0.041559723593287266,0.04134149245301501,-0.00021823114027225837,-0.005251024824128212
spray,count,3-2,bin_20,10130,0.04225074037512339,0.04132647076726975,-0.0009242696078536408,-0.02187582039148921
spray,count,3-2,bin_21,10130,0.0420533070088845,0.0415744479792456,-0.0004788590296389006,-0.01138695298178888
spray,count,3-2,bin_22,10130,0.0456071076011846,0.04220667601438254,-0.0034004315868020607,-0.07455924669762959
spray,count,3-2,bin_23,10130,0.0491609081934847,0.04467917197374394,-0.004481736219740753,-0.09116463434934505
spray,count,0-0,expected_bin_index,19931,11.70081782148412,11.268417286382403,-0.43240053510171705,-0.03695472758389394
spray,count,0-1,expected_bin_index,15624,11.498591909882233,11.165680460164264,-0.3329114497179688,-0.028952366718211366
spray,count,0-2,expected_bin_index,8127,11.299741602067183,11.012281265428289,-0.2874603366388939,-0.025439549572204883
spray,count,1-0,expected_bin_index,10597,12.030574690950269,11.525614417087416,-0.5049602738628529,-0.04197307999282013
spray,count,1-1,expected_bin_index,13962,11.754906173900586,11.433656016360224,-0.3212501575403621,-0.027329027793827374
spray,count,1-2,expected_bin_index,13881,11.406382825444853,11.19194351552437,-0.21443930992048266,-0.01879993975321615
spray,count,2-0,expected_bin_index,3626,12.338665195808053,11.672851031800477,-0.6658141640075765,-0.05396160390459259
spray,count,2-1,expected_bin_index,8094,11.839387200395354,11.472788058740912,-0.36659914165444185,-0.030964367956662485
spray,count,2-2,expected_bin_index,14040,11.650854700854701,11.362959202312044,-0.2878954985426567,-0.02471024709642434
spray,count,3-0,expected_bin_index,255,13.16470588235294,12.89232244590496,-0.27238343644798135,-0.02069043082938196
spray,count,3-1,expected_bin_index,3201,12.131208997188379,11.713742607110706,-0.4174663900776725,-0.03441259565921481
spray,count,3-2,expected_bin_index,10130,11.621816386969398,11.437583199263322,-0.18423318770607544,-0.015852357460460414
spray,handedness,LvL,bin_0,9818,0.041556325117131795,0.04531492123403057,0.0037585961168987714,0.09044582518556897
spray,handedness,LvL,bin_1,9818,0.03401914850275005,0.04053307489425926,0.00651392639150921,0.19147823147256715
spray,handedness,LvL,bin_2,9818,0.03819515176206967,0.038265679065500234,7.052730343056618e-05,0.0018464988402167968
spray,handedness,LvL,bin_3,9818,0.04063964147484213,0.04034452274194289,-0.0002951187328992383,-0.007261843908783763
spray,handedness,LvL,bin_4,9818,0.04063964147484213,0.04173869019372817,0.0010990487188860393,0.02704376020557176
spray,handedness,LvL,bin_5,9818,0.04379710735383988,0.04501081794898236,0.0012137105951424768,0.02771211772816009
spray,handedness,LvL,bin_6,9818,0.04379710735383988,0.04586813816280224,0.002071030808962357,0.04728693135440098
spray,handedness,LvL,bin_7,9818,0.042880423711550215,0.04429605128953108,0.0014156275779808672,0.03301337662854193
spray,handedness,LvL,bin_8,9818,0.045324913424322676,0.043855129386799495,-0.0014697840375231808,-0.03242772961888222
spray,handedness,LvL,bin_9,9818,0.03839885923813404,0.039203021208086254,0.0008041619699522135,0.020942340108728995
spray,handedness,LvL,bin_10,9818,0.03900998166632715,0.04109164800640138,0.0020816663400742286,0.0533624024199707
spray,handedness,LvL,bin_11,9818,0.04389896109187207,0.04316676830479514,-0.000732192787076931,-0.01667904590144155
spray,handedness,LvL,bin_12,9818,0.04186188633122836,0.042884558141333275,0.0010226718101049165,0.024429663823868783
spray,handedness,LvL,bin_13,9818,0.03656549195355469,0.03798867679098987,0.0014231848374351777,0.03892152850679269
spray,handedness,LvL,bin_14,9818,0.031982073742106334,0.03534854002763855,0.0033664662855322144,0.10526103818902956
spray,handedness,LvL,bin_15,9818,0.03330617233652475,0.036464936351903024,0.0031587640153782764,0.09484019909169394
spray,handedness,LvL,bin_16,9818,0.036361784477490326,0.03767385980890421,0.0013120753314138853,0.03608390925440203
spray,handedness,LvL,bin_17,9818,0.04501935221022611,0.040882673344550126,-0.004136678865675987,-0.09188668122897475
spray,handedness,LvL,bin_18,9818,0.04787125687512732,0.04266153579127963,-0.005209721083847686,-0.10882774808769485
spray,handedness,LvL,bin_19,9818,0.046954573232837644,0.04198166883202336,-0.004972904400814285,-0.1059088403626782
spray,handedness,LvL,bin_20,9818,0.04257486249745366,0.04003100305549753,-0.002543859441956127,-0.05975026794527572
spray,handedness,LvL,bin_21,9818,0.03951925035648808,0.0391472134581171,-0.000372036898370981,-0.009414067701562607
spray,handedness,LvL,bin_22,9818,0.045223059686290486,0.042227882368873815,-0.002995177317416671,-0.06623119572611909
spray,handedness,LvL,bin_23,9818,0.06060297412915054,0.054018989792287225,-0.006583984336863316,-0.10864127431819165
spray,handedness,LvR,bin_0,43139,0.04436820510442987,0.04418174745292231,-0.00018645765150755722,-0.004202506075436004
spray,handedness,LvR,bin_1,43139,0.035258119103363544,0.038051095212366,0.0027929761090024555,0.07921511924145755
spray,handedness,LvR,bin_2,43139,0.035953545515658686,0.03668138039578932,0.0007278348801306317,0.02024375815213109
spray,handedness,LvR,bin_3,43139,0.036185354319757064,0.037906832723211915,0.0017214784034548514,0.04757389932520105
spray,handedness,LvR,bin_4,43139,0.035907183754839006,0.03962778888847217,0.003720605133633162,0.10361729171065268
spray,handedness,LvR,bin_5,43139,0.0396856672616426,0.042371176906184624,0.0026855096445420265,0.06766950967050145
spray,handedness,LvR,bin_6,43139,0.041470595053200124,0.04337868056910595,0.0019080855159058288,0.04601056515967666
spray,handedness,LvR,bin_7,43139,0.0403579127935279,0.04254620319466492,0.002188290401137022,0.05422209053110281
spray,handedness,LvR,bin_8,43139,0.04262963907369202,0.04280837206861482,0.00017873299492279782,0.004192693131035658
spray,handedness,LvR,bin_9,43139,0.03667215280836366,0.03848469750492187,0.0018125446965582132,0.049425642013163566
spray,handedness,LvR,bin_10,43139,0.03729803657942929,0.040299381959676306,0.003001345380247017,0.0804692593899789
spray,handedness,LvR,bin_11,43139,0.04079834952131482,0.041866509970241494,0.0010681604489266722,0.026181462276277108
spray,handedness,LvR,bin_12,43139,0.03945385845754422,0.041769943031032465,0.002316084573488246,0.05870362656622176
spray,handedness,LvR,bin_13,43139,0.03548992790746192,0.03752870947360721,0.002038781566145287,0.05744676550094156
spray,handedness,LvR,bin_14,43139,0.034029532441642134,0.034914849995580054,0.0008853175539379199,0.026016153923247905
spray,handedness,LvR,bin_15,43139,0.033403648670576505,0.03578329848961766,0.002379649819041152,0.07123921828148248
spray,handedness,LvR,bin_16,43139,0.03769211154639653,0.037732361288088885,4.0249741692352514e-05,0.0010678558467813008
spray,handedness,LvR,bin_17,43139,0.044298662463200356,0.041373600935345985,-0.002925061527854371,-0.06603047056520654
spray,handedness,LvR,bin_18,43139,0.04677901666705302,0.0439411346826928,-0.0028378819843602188,-0.0606657041245369
spray,handedness,LvR,bin_19,43139,0.05048795753262709,0.04413097112216237,-0.00635698641046472,-0.125910944334728
spray,handedness,LvR,bin_20,43139,0.04564315352697095,0.043081244648110424,-0.0025619088788605276,-0.05612909452776247
spray,handedness,LvR,bin_21,43139,0.04615313289598739,0.043984801909302984,-0.002168330986684404,-0.04698123075568986
spray,handedness,LvR,bin_22,43139,0.05155427803147963,0.0476721655267069,-0.0038821125047727306,-0.07530146193497789
spray,handedness,LvR,bin_23,43139,0.06842995896984168,0.05988305208668404,-0.008546906883157637,-0.12490007318175382
spray,handedness,RvL,bin_0,23052,0.052403262189831684,0.053799471902981726,0.0013962097131500414,0.026643564824118175
spray,handedness,RvL,bin_1,23052,0.04407426687489155,0.04609526303299158,0.00202099615810003,0.04585433409106486
spray,handedness,RvL,bin_2,23052,0.040213430504945344,0.044319243100868926,0.004105812595923582,0.10210053070251392
spray,handedness,RvL,bin_3,23052,0.0407339927121291,0.04251456019303247,0.0017805674809033695,0.04371207834907824
spray,handedness,RvL,bin_4,23052,0.04099427381572098,0.040971507455508135,-2.2766360212846115e-05,-0.0005553546408746334
spray,handedness,RvL,bin_5,23052,0.04069061252819712,0.04127741627976124,0.0005868037515641203,0.014421108828418018
spray,handedness,RvL,bin_6,23052,0.04238243970154434,0.041364138437236235,-0.0010183012643081024,-0.024026490015179505
spray,handedness,RvL,bin_7,23052,0.039519347562033666,0.04209248609118299,0.002573138529149324,0.06511085551476423
spray,handedness,RvL,bin_8,23052,0.04043033142460524,0.04209371974795417,0.0016633883233489327,0.041142089731587554
spray,handedness,RvL,bin_9,23052,0.03769737983689051,0.042270497294707166,0.004573117457816654,0.12131128151621347
spray,handedness,RvL,bin_10,23052,0.04017005032101336,0.04104656019801026,0.0008765098769968963,0.021819984540531807
spray,handedness,RvL,bin_11,23052,0.04069061252819712,0.04212157540854349,0.001430962880346373,0.03516690438991961
spray,handedness,RvL,bin_12,23052,0.041558216206836716,0.042349550903822884,0.0007913346969861679,0.01904159439971309
spray,handedness,RvL,bin_13,23052,0.0463300364393545,0.04378631731917441,-0.002543719120180095,-0.05490431943669621
spray,handedness,RvL,bin_14,23052,0.04264272080513622,0.044160671400566315,0.0015179505954300981,0.03559694519415526
spray,handedness,RvL,bin_15,23052,0.045635953496442824,0.04349793511298923,-0.0021380183834535937,-0.046849429444270195
spray,handedness,RvL,bin_16,23052,0.04294638209266007,0.040884774336156574,-0.0020616077565034988,-0.04800422424537238
spray,handedness,RvL,bin_17,23052,0.04099427381572098,0.03914915536533963,-0.00184511845038135,-0.045009175151524736
spray,handedness,RvL,bin_18,23052,0.036395974318931115,0.037648296006385716,0.0012523216874546009,0.034408247364962403
spray,handedness,RvL,bin_19,23052,0.04103765399965296,0.038309443998674864,-0.0027282100009780944,-0.06648065215914063
spray,handedness,RvL,bin_20,23052,0.04142807565504078,0.03882213220644767,-0.0026059434485931135,-0.0629028359968256
spray,handedness,RvL,bin_21,23052,0.04311990282838799,0.03874287852279351,-0.0043770243055944805,-0.10150821357400801
spray,handedness,RvL,bin_22,23052,0.04168835675863266,0.03787258373742879,-0.0038157730212038665,-0.09153090497897141
spray,handedness,RvL,bin_23,23052,0.036222453583203196,0.034809822086360506,-0.0014126314968426895,-0.03899877995834452
spray,handedness,RvR,bin_0,45459,0.05215688862491476,0.05322927551231538,0.0010723868874006198,0.020560791022498852
spray,handedness,RvR,bin_1,45459,0.04221386304142194,0.045885877737862894,0.0036720146964409547,0.08698599066467398
spray,handedness,RvR,bin_2,45459,0.04098198376559097,0.044561058892708796,0.0035790751271178242,0.087332891145276
spray,handedness,RvR,bin_3,45459,0.040871994544534634,0.04341953285084362,0.002547538306308987,0.06232967915312177
spray,handedness,RvR,bin_4,45459,0.04113596867506984,0.042053115477762686,0.0009171468026928434,0.02229549545647806
spray,handedness,RvR,bin_5,45459,0.041069975142436044,0.042217208202951786,0.0011472330605157427,0.02793361954900115
spray,handedness,RvR,bin_6,45459,0.04034404628346422,0.04187207879415572,0.0015280325106915016,0.037875043567898024
spray,handedness,RvR,bin_7,45459,0.03983809586660507,0.042739377449166664,0.002901281582561595,0.0728268136177071
spray,handedness,RvR,bin_8,45459,0.04166391693614026,0.042899029910546935,0.0012351129744066769,0.0296446677421083
spray,handedness,RvR,bin_9,45459,0.03785828988759102,0.043265544138863736,0.005407254251272718,0.1428288036075575
spray,handedness,RvR,bin_10,45459,0.04159792340350646,0.04201310774192808,0.00041518433842162306,0.009980890978481524
spray,handedness,RvR,bin_11,45459,0.04247783717195715,0.04300452049879835,0.0005266833268412,0.012399014684036307
spray,handedness,RvR,bin_12,45459,0.044875602190985284,0.043761866407441063,-0.0011137357835442202,-0.024818291658890542
spray,handedness,RvR,bin_13,45459,0.0464814448184078,0.04533889215611529,-0.0011425526622925036,-0.02458083363708231
spray,handedness,RvR,bin_14,45459,0.047361358586858485,0.045414216720754456,-0.0019471418661040282,-0.04111245800799955
spray,handedness,RvR,bin_15,45459,0.04443564530675994,0.04414539626750817,-0.00029024903925176787,-0.0065318965719535224
spray,handedness,RvR,bin_16,45459,0.04194988891088673,0.04089794766571747,-0.0010519412451692606,-0.025076138995358897
spray,handedness,RvR,bin_17,45459,0.03992608724345014,0.03819526581313917,-0.0017308214303109679,-0.04335063989008611
spray,handedness,RvR,bin_18,45459,0.03920015838447832,0.0367859518964208,-0.00241420648805752,-0.06158665136958855
spray,handedness,RvR,bin_19,45459,0.038276248927605096,0.03669683190310009,-0.0015794170245050088,-0.04126363133159379
spray,handedness,RvR,bin_20,45459,0.04194988891088673,0.03735187713391834,-0.0045980117769683915,-0.10960724560524704
spray,handedness,RvR,bin_21,45459,0.03926615191711212,0.03691083023192886,-0.002355321685183265,-0.05998351175728069
spray,handedness,RvR,bin_22,45459,0.03794628126443608,0.03503800954591711,-0.0029082717185189705,-0.07664181104472689
spray,handedness,RvR,bin_23,45459,0.0361204601949009,0.03230318727586313,-0.003817272919037773,-0.10568173546074185
spray,handedness,LvL,expected_bin_index,9818,11.85414544713791,11.512636575722265,-0.3415088714156447,-0.028809235801818114
spray,handedness,LvR,expected_bin_index,43139,12.24184612531584,11.868522944968701,-0.37332318034713907,-0.030495660256267706
spray,handedness,RvL,expected_bin_index,23052,11.342833593614436,11.063611739700738,-0.2792218539136986,-0.024616587346471288
spray,handedness,RvR,expected_bin_index,45459,11.279218636573615,10.932312241046134,-0.3469063955274816,-0.030756243557742074
spray,two_strike,0,bin_0,75290,0.04878469916323549,0.04950169387662009,0.0007169947133846,0.014697122779941882
spray,two_strike,0,bin_1,75290,0.038531013414796124,0.04195746182424745,0.0034264484094513256,0.08892702542143753
spray,two_strike,0,bin_2,75290,0.03712312392083942,0.040653464696424065,0.003530340775584645,0.09509815992621393
spray,two_strike,0,bin_3,75290,0.03760127506973038,0.04007761025842887,0.0024763351886984905,0.06585774509258542
spray,two_strike,0,bin_4,75290,0.03701686810997477,0.040402849970893114,0.0033859818609183467,0.09147132196216086
spray,two_strike,0,bin_5,75290,0.04009828662504981,0.041988519935649025,0.001890233310599218,0.04714000197251247
spray,two_strike,0,bin_6,75290,0.04100146101739939,0.04242037372661383,0.0014189127092144385,0.03460639387002108
spray,two_strike,0,bin_7,75290,0.040350644175853365,0.04261716141437662,0.0022665172385232524,0.056170534196318525
spray,two_strike,0,bin_8,75290,0.042010891220613626,0.04282576502328399,0.0008148738026703614,0.019396727348419702
spray,two_strike,0,bin_9,75290,0.03792004250232434,0.041161322195901566,0.003241279693577223,0.08547668936232194
spray,two_strike,0,bin_10,75290,0.04052330986850843,0.04121792651878031,0.0006946166502718801,0.017141162765968488
spray,two_strike,0,bin_11,75290,0.041625713906229246,0.04297864766615843,0.0013529337599291827,0.03250235570678627
spray,two_strike,0,bin_12,75290,0.04126710054456103,0.04317162991977783,0.001904529375216804,0.046151276684928605
spray,two_strike,0,bin_13,75290,0.04226324877141719,0.041850606929943544,-0.000412641841473646,-0.00976360912776581
spray,two_strike,0,bin_14,75290,0.04044361801035994,0.04069146919584181,0.0002478511854818663,0.006128313876824208
spray,two_strike,0,bin_15,75290,0.03983264709788817,0.04071635136485804,0.0008837042669698689,0.02218542656224122
spray,two_strike,0,bin_16,75290,0.041147562757338295,0.03969752028684687,-0.0014500424704914222,-0.035240057328372876
spray,two_strike,0,bin_17,75290,0.04282109177845663,0.03995870155310882,-0.0028623902253478092,-0.06684533500819993
spray,two_strike,0,bin_18,75290,0.0427015539912339,0.04028765953739864,-0.002413894453835254,-0.05652942874937986
spray,two_strike,0,bin_19,75290,0.04446805684685881,0.04015198441100311,-0.004316072435855703,-0.0970600638278303
spray,two_strike,0,bin_20,75290,0.044122725461548676,0.04000246832880683,-0.0041202571327418475,-0.0933817457929361
spray,two_strike,0,bin_21,75290,0.043352370832779916,0.04023466959194316,-0.003117701240836754,-0.07191535735986496
spray,two_strike,0,bin_22,75290,0.0447735423030947,0.041103863221984276,-0.003669679081110426,-0.08196088342236843
spray,two_strike,0,bin_23,75290,0.050219152609908356,0.044330278714157,-0.005888873895751358,-0.11726350584795549
spray,two_strike,1,bin_0,46178,0.04824808350296678,0.04945668564897745,0.001208602146010665,0.025049744119605245
spray,two_strike,1,bin_1,46178,0.04090692537572004,0.04393816848829605,0.003031243112576007,0.07410097641743507
spray,two_strike,1,bin_2,46178,0.0415998960543982,0.04211181768656391,0.0005119216321657141,0.01230583921402829
spray,two_strike,1,bin_3,46178,0.04170817272294166,0.042612852228468306,0.0009046795055266468,0.021690701041645638
spray,two_strike,1,bin_4,46178,0.042790939408376284,0.041871255516507194,-0.00091968389186909,-0.021492491274661355
spray,two_strike,1,bin_5,46178,0.04175148339035904,0.04285871655340278,0.0011072331630437374,0.02651961255344072
spray,two_strike,1,bin_6,46178,0.04207631339598943,0.042981620963120824,0.0009053075671313915,0.021515848088004837
spray,two_strike,1,bin_7,46178,0.03997574602624626,0.04276622108195393,0.0027904750557076682,0.06980420212484763
spray,two_strike,1,bin_8,46178,0.0421629347308242,0.04273506004413169,0.0005721253133074908,0.013569390199236421
spray,two_strike,1,bin_9,46178,0.03668413530252501,0.04086964689684661,0.004185511594321602,0.1140959589153382
spray,two_strike,1,bin_10,46178,0.03807007665988133,0.04103023780612405,0.002960161146242715,0.07775558669578844
spray,two_strike,1,bin_11,46178,0.04170817272294166,0.04157731767747146,-0.00013085504547019622,-0.0031373957890564494
spray,two_strike,1,bin_12,46178,0.043397288752219675,0.04197181948196187,-0.0014254692702578078,-0.032846966048884756
spray,two_strike,1,bin_13,46178,0.04090692537572004,0.04139231920669765,0.0004853938309776068,0.011865810654782386
spray,two_strike,1,bin_14,46178,0.040560440036380964,0.04054007621010838,-2.0363826272580543e-05,-0.0005020612758223301
spray,two_strike,1,bin_15,46178,0.0398674693577028,0.03996826050361038,0.00010079114590758054,0.0025281550981641793
spray,two_strike,1,bin_16,46178,0.03858980466888995,0.03920584710786346,0.0006160424389735145,0.015963865177844528
spray,two_strike,1,bin_17,46178,0.04090692537572004,0.03933683000117855,-0.0015700953745414956,-0.038382140924074735
spray,two_strike,1,bin_18,46178,0.0410152020442635,0.03944065978828276,-0.0015745422559807418,-0.03838923563710596
spray,two_strike,1,bin_19,46178,0.04281259474208497,0.03993697574749499,-0.002875618994589983,-0.06716759430054439
spray,two_strike,1,bin_20,46178,0.041729828056650355,0.03968615216448676,-0.0020436758921635947,-0.04897398305569822
spray,two_strike,1,bin_21,46178,0.0410152020442635,0.039490010501548455,-0.0015251915427150486,-0.03718600583922678
spray,two_strike,1,bin_22,46178,0.04294252674433713,0.03989442401217183,-0.0030481027321652976,-0.0709809823327933
spray,two_strike,1,bin_23,46178,0.04857291350859717,0.0443270247838257,-0.004245888724771468,-0.08741268369705611
spray,two_strike,0,expected_bin_index,75290,11.784167884181166,11.37982194741155,-0.40434593676961583,-0.0343126422453979
spray,two_strike,1,expected_bin_index,46178,11.509203516826194,11.266205612892028,-0.24299790393416565,-0.02111335537501863
